/*--------------------------------*- C++ -*----------------------------------*\
| =========                 |                                                 |
| \\      /  F ield         | OpenFOAM: The Open Source CFD Toolbox           |
|  \\    /   O peration     | Version:  2406                                  |
|   \\  /    A nd           | Website:  www.openfoam.com                      |
|    \\/     M anipulation  |                                                 |
\*---------------------------------------------------------------------------*/
FoamFile
{
    version     2.0;
    format      ascii;
    arch        "LSB;label=32;scalar=64";
    class       volScalarField;
    location    "0.7";
    object      ddt0((porosityF*rho),h);
}
// * * * * * * * * * * * * * * * * * * * * * * * * * * * * * * * * * * * * * //

dimensions      [1 -1 -3 0 0 0 0];

internalField   nonuniform List<scalar> 
27660
(
1455.999225
1540.116053
1759.36672
1774.476849
1594.025284
1638.890972
1993.668484
1460.445415
1691.003625
1618.583048
1798.623412
1646.77909
1381.427092
1345.579941
1557.175477
1638.575824
1794.126182
1776.064942
1420.764563
1499.467933
1525.700076
1483.966875
1573.437506
1653.997917
1694.081137
1436.818276
1366.268165
1495.156963
1485.105794
1676.115945
1646.971047
1577.416527
1463.842675
1482.479405
1407.107177
1354.517496
1560.467334
1509.019804
1472.551946
1383.371492
1433.28927
1354.422364
1316.431629
1502.79751
1424.128311
1416.979047
1299.059008
1349.142299
1377.101102
1223.897276
1309.548063
1319.12412
1347.601146
1213.749657
1262.335796
1353.527129
1085.812099
1124.671666
1220.87407
1241.395115
1087.286719
1149.392988
1251.352516
908.9010653
1014.115861
1082.235447
1095.779859
947.9163157
996.9055794
1108.706192
765.7466678
884.9606967
909.3270913
935.4023808
828.7374019
841.7529586
972.3504843
628.2031872
740.5753616
765.5811582
796.5710324
723.8183896
738.3247802
836.5845105
479.4948929
606.3166834
685.2508652
683.997072
616.1799598
677.9989297
665.0164075
328.418068
449.9922983
627.9415454
653.8508238
636.2816545
679.4149304
493.1679161
214.6564095
374.4195487
546.7687478
618.2065648
657.2861405
740.7523876
583.6921659
4805.300403
3937.235195
4027.854617
4108.327113
4144.110045
4412.843699
4879.889609
4351.090467
4026.324324
3930.186296
4131.654262
4198.413731
4141.583046
3984.896149
4267.2945
3824.324101
3946.782553
4027.900808
4105.725646
4403.035103
4267.885311
4123.469467
3878.645858
3935.15607
3961.408057
4079.560421
4175.295423
4306.358772
3930.708635
3900.389071
3883.450063
3913.323196
4065.950881
4220.746677
4256.773357
3820.260173
3758.384383
3724.517119
3835.265825
3995.914845
4205.662702
4207.510776
3754.40152
3653.740255
3612.391759
3782.66653
3949.980184
4159.933668
4191.530842
3631.467307
3510.779216
3505.227785
3681.068641
3876.678848
4065.787116
4138.334824
3487.922325
3348.185178
3386.987795
3545.143125
3740.756435
3930.114165
4021.6808
3335.135139
3227.80924
3244.771349
3394.918452
3563.400696
3771.548422
3878.604769
3223.940269
3091.952568
3100.934701
3239.447095
3396.272512
3609.908175
3795.221924
3146.023763
2916.149494
2981.959253
3125.447236
3274.639393
3493.072659
3714.431224
3123.845807
2761.566447
2851.134091
3045.591835
3159.375856
3391.062501
3548.026039
3242.521126
2648.591483
2755.499855
3013.59366
3149.794244
3335.070286
3392.712628
3530.046411
2775.321014
2763.260769
2931.968994
3085.933986
3287.060995
3322.841287
9151.739781
8359.808268
7713.260287
7659.088639
7525.948787
7389.884213
7741.338369
8964.95018
8272.441858
7498.17721
7607.980293
7652.693781
7245.622794
6654.344721
8864.04197
7900.560388
7543.949352
7508.385252
7422.090621
7390.892197
7040.719596
8569.036619
7661.225325
7506.238867
7499.236063
7304.774998
7091.392795
7127.554489
8328.027351
7541.43976
7453.725996
7491.856518
7287.037763
7092.162527
7081.308954
8162.724686
7369.491143
7343.220103
7393.002636
7183.360977
7060.51355
7044.731554
8052.411042
7226.263037
7255.155121
7305.127077
7080.63846
6999.50692
7040.781363
7914.332286
7049.041612
7145.581411
7208.728312
6972.249985
6885.293113
7002.126799
7764.479249
6898.403302
7031.328669
7078.156796
6850.533399
6763.557894
6904.761534
7658.766507
6800.369006
6869.433728
6932.050585
6702.510382
6625.321106
6754.029195
7622.36809
6706.834857
6666.189088
6768.047474
6580.987903
6489.36757
6636.462494
7641.036866
6667.137748
6497.334357
6635.666206
6510.279328
6394.305175
6501.133615
7691.507295
6758.461355
6378.681563
6521.016854
6467.210634
6362.675028
6307.747775
7717.019177
6953.249257
6362.805669
6432.789229
6456.881005
6395.844378
6184.945152
7712.233223
7166.463387
6484.007075
6376.299981
6381.559496
6425.619264
6182.347288
11467.69755
10404.43253
10656.57947
10429.69474
10108.62369
10221.44245
10956.50979
11442.67891
10839.05112
10507.67334
10196.29897
10130.61102
10250.03051
10096.06895
11678.38495
11039.8217
10409.67517
9901.636465
9954.986984
10577.20838
10477.73031
11727.42167
11120.66367
10171.28136
9846.400043
10013.56844
10351.0776
10440.64185
11709.07546
11039.08174
9913.826714
9845.46105
10130.52931
10325.06711
10302.91011
11655.80384
10800.40566
9672.238669
9767.288693
10104.6325
10279.63135
10231.8022
11601.28451
10574.81195
9497.961578
9700.69429
10050.73602
10233.48042
10218.49099
11468.16488
10417.26446
9373.641703
9605.496177
9987.343406
10167.13723
10185.11319
11292.0201
10276.87978
9270.512151
9460.310351
9831.536557
10005.18316
10057.74844
11123.44489
10242.97344
9181.797058
9279.937482
9628.610924
9848.502141
9900.496223
10966.46999
10192.47007
9104.970381
9090.324947
9410.981974
9718.732952
9828.194323
10757.56878
10109.93686
9121.948702
8946.485372
9197.341841
9609.921257
9781.105142
10488.91586
9892.145898
9186.907523
8918.942929
9015.139168
9470.229021
9676.840781
10188.41483
9473.331212
9258.942803
9037.581512
8990.443357
9329.285106
9558.162644
10121.83542
9118.665322
9299.165854
9147.046478
8951.058125
9163.343568
9403.066301
17014.82724
14147.68132
13722.92174
14358.0558
14500.46965
14199.02047
14140.58202
15834.7336
13720.48563
13946.35442
14628.5998
14579.5195
13943.89538
13345.76706
15173.37415
13509.38137
14373.08143
14642.1485
14260.3547
13979.0749
13766.39689
14772.97271
13706.25816
14596.30818
14566.0746
13969.06203
13726.01461
13936.0807
14583.34808
13994.30911
14641.88566
14400.74303
13796.1337
13765.93374
13990.30277
14474.01726
14071.46041
14561.84725
14209.39799
13633.10555
13801.07478
14005.09079
14391.94321
14095.52737
14462.14952
14047.72138
13491.34413
13754.58401
13971.42912
14260.55074
13964.26894
14359.08045
13918.75041
13344.19443
13636.19411
13889.89172
14086.6741
13783.84927
14230.21
13798.82055
13263.35971
13521.67553
13793.51751
13931.28016
13494.87237
14065.63749
13715.56158
13139.83264
13346.85146
13649.3836
13823.69613
13126.15187
13837.2225
13642.53919
13048.18087
13123.16704
13496.40678
13795.49479
12654.50494
13545.80075
13637.48756
13110.34857
12945.40673
13270.32466
13963.49675
12301.46802
13148.16982
13605.70998
13277.66078
12866.35034
12962.37
14557.07221
12321.23151
12711.77231
13432.12678
13395.79089
12956.88397
12727.65573
15580.15858
12833.84859
12376.28152
13052.1488
13327.62687
13127.19413
12681.65216
22987.13636
18736.24962
16312.54753
15583.56952
16074.68749
16918.65225
17545.45771
22300.87189
18323.48876
15768.7728
15592.21595
16453.60662
17112.96191
16723.27323
21424.95817
17510.84826
15578.99761
15897.00355
16740.412
17248.90274
16710.89262
20580.69391
16719.85367
15509.55561
16318.22927
17070.08012
16928.04127
16512.09161
19898.97667
16076.75466
15652.48909
16594.26014
17261.82236
16725.64884
16329.88051
19458.19081
15678.55763
15707.43832
16682.84698
17127.54145
16550.27798
16284.41132
19111.0827
15387.91543
15721.61814
16681.76184
16971.25954
16418.19023
16277.0626
18939.15376
15213.61632
15626.26758
16643.32541
16930.13842
16352.12148
16243.56444
18809.01234
15079.70397
15471.42455
16419.91105
16733.16128
16190.08926
16101.03897
18906.23323
15107.17141
15192.58863
16171.4953
16625.18306
16103.70353
15933.71018
19126.5546
15239.15535
14840.89982
15822.34629
16508.51933
16090.61881
15836.35736
19600.82267
15700.97879
14465.11246
15371.80372
16197.69031
16146.91073
15848.1997
20229.90341
16346.35829
14361.89978
14823.73867
15749.65934
16181.418
15908.27326
20983.34865
16984.1043
14515.67445
14375.20625
15282.21479
16120.71802
16056.64534
21609.92749
17414.14901
14989.66055
14280.5474
14892.06906
15798.53062
16129.68482
26765.95594
22154.39118
21857.49442
21329.71928
20161.0374
19361.17463
20065.72585
26547.84845
22104.87114
21528.82589
20717.7987
19629.37567
19509.50686
20033.56353
26610.80914
22600.31906
21119.05922
19649.9014
18990.5978
19890.84519
20609.68863
26573.56602
22976.8549
20069.91438
19103.66727
18882.29694
20062.45263
20781.5002
26408.27846
22882.71883
18918.19613
18751.60917
19149.15381
20313.38126
20693.02604
26190.88904
22552.61911
18533.31339
18605.58261
19379.64759
20490.91136
20525.35841
25943.63184
22146.3228
18302.67709
18551.09542
19465.19571
20502.16885
20399.17222
25789.75928
21990.02651
18169.77222
18319.48014
19300.47269
20420.05808
20315.43326
25648.25198
21827.78515
18035.43146
18277.53137
19211.36939
20275.26069
20225.84863
25627.98619
21968.1612
17995.36949
18079.41685
18868.9383
20048.08911
20176.01516
25612.81007
22048.28592
18097.66966
17967.30904
18390.03779
19672.41442
20190.93467
25587.71025
21953.99354
19032.44054
18146.22689
17994.78961
19261.50031
20106.04223
25430.77306
21398.59545
19901.54825
18574.43145
17994.71135
18841.48994
19793.07779
25222.7175
20754.43747
20258.05653
19512.32639
18487.79433
18501.54047
19303.64381
25420.86084
20796.44452
20495.84635
20034.21892
18994.62294
18241.61608
18748.41703
31456.71131
27695.84216
22179.7135
22713.15527
23898.64572
23600.35821
22404.03285
29691.532
25768.18199
22931.4093
23652.17565
24330.38328
22826.34441
21552.00628
28691.27393
24039.72021
23547.19369
24680.43358
24129.23421
22387.35808
21482.76639
28528.59653
23729.80738
24351.67815
24871.35615
23269.61988
21946.295
21636.09457
28649.5145
24440.93527
24835.52764
24382.05857
22518.18298
21526.41751
22089.68133
28701.47083
24843.36082
24948.02772
23890.80734
21972.64181
21372.05839
22422.46662
28685.18071
25067.96774
25015.03626
23434.89444
21578.97752
21255.51607
22465.00691
28583.54526
24903.43922
24792.48165
23465.45713
21472.29736
21094.61338
22394.96405
28398.06243
24735.57745
24730.38531
23155.40575
21316.05804
21022.11331
22279.04736
28118.1989
24240.01023
24389.69742
23351.50801
21453.73847
20922.61663
22057.08586
27819.28833
23591.43032
23993.26217
23589.19374
21767.25604
20877.68913
21563.19061
27519.30026
22688.26595
23281.29574
23885.66542
22371.56897
21128.61768
20946.68919
27515.68368
22839.83276
22313.26808
23550.22923
23118.18031
21360.95443
20651.54324
28344.9326
24465.25204
21618.3498
22405.88022
23183.9365
21792.1644
20745.4738
30156.46186
26339.49006
20800.21198
21404.26835
22703.32205
22496.98205
21183.33048
38308.91381
31795.82433
27143.04384
25078.67304
24483.18295
26902.16943
28665.7355
36680.54995
32943.25617
26019.01335
23865.78476
25049.63713
27682.67198
28641.10904
34155.14798
33080.49788
25984.99073
23908.14308
26307.61882
28101.90138
28111.1086
32431.08902
29348.72364
26115.54818
24894.78547
27585.29623
28536.44254
26981.08051
31332.05132
27475.95987
25752.55485
26288.22253
28309.01282
28357.4253
26201.44926
30834.47711
27198.67237
24654.4994
26928.04163
28564.55505
27875.96155
25759.56009
30442.88544
27094.21538
23984.9426
27129.70878
28606.10051
27416.35572
25701.44299
30265.15517
26929.97671
23953.53261
26974.29327
28572.81846
27522.91617
25635.01961
30168.55641
26753.53696
23689.72075
26840.18052
28334.35462
27183.57558
25503.6259
30231.75346
26587.81437
24068.8419
26368.46354
28032.99198
27413.14413
25387.78976
30468.5431
26654.23326
24908.63972
25458.45049
27536.96412
27691.59795
25672.88469
31396.19776
28328.35774
25040.13856
23869.77412
26644.38476
27693.24679
26294.43941
32976.14517
31852.63102
24740.95567
22723.22861
25217.40746
27070.27289
27285.78547
35301.79131
31599.18768
24696.76534
22615.40935
23874.69786
26592.44449
27754.60457
37046.08467
30345.36825
25841.51393
23773.63833
23271.09365
25734.75468
27536.32116
35274.85874
31982.38474
34020.30185
33607.57929
31898.35507
28180.50526
27714.79452
39206.14945
28720.09628
32271.93278
33218.52359
29663.76648
28251.67319
28638.08964
40281.47749
30956.70792
31123.41734
31662.5983
27975.23968
27620.13263
30233.83348
39734.62774
34852.81953
32227.06765
29833.05136
27461.37883
27870.34171
31384.14363
38393.50417
34549.11696
33409.47476
27969.00122
27208.60113
29184.45938
31655.20295
37296.04471
33660.92957
33618.49878
27350.03508
27099.8367
30343.70846
32044.34871
36056.74962
32745.02912
32655.26873
27070.12652
27215.16932
30809.03625
31637.52573
36017.2041
32627.66411
33043.66564
26805.45022
26811.40166
30567.70838
31616.57807
35816.77655
32412.26854
32354.21728
26768.32065
26915.83059
30552.49347
31424.69419
36680.67519
33054.59155
33015.62164
26769.85026
26542.06739
29849.30431
31626.65578
37496.24913
33765.55568
32540.38557
27142.27502
26409.997
28450.89339
31057.01185
38679.85898
33794.5293
31162.18745
28786.59546
26468.08718
26979.40917
30631.1764
39087.24985
29631.61166
29887.39591
30453.47234
26878.8121
26610.13406
29335.29932
37750.80501
27438.43804
30936.33027
31943.20058
28521.957
27137.69462
27636.39153
33997.04891
30565.3055
32640.23423
32293.2772
30668.72588
27001.41573
26681.49393
12418.14197
43392.39932
34112.92026
29763.35219
34372.36959
36477.92282
34978.15659
22692.80505
45078.08277
34474.89438
33037.40668
37098.91538
36407.46411
32479.77296
31467.54192
32958.93206
33223.34119
34159.37827
37038.72752
35611.17242
31417.6228
37186.49943
33778.98827
29102.53547
36128.41266
36240.85206
33484.87468
30633.14304
41271.26441
35229.91853
31054.41001
37325.22961
36022.26893
31137.87514
30245.03882
42762.49748
35404.4264
32917.307
37058.26989
35231.21775
30267.51785
30793.46233
43470.97493
35118.03863
35858.26289
36622.36179
34127.51368
29851.89388
32179.7073
43466.24533
34988.42655
34050.84421
37053.96654
34747.49807
29788.14337
31990.63568
43255.57011
34778.8553
35507.91421
36315.44019
33849.0358
29594.1029
31946.32603
42136.92432
34794.58699
32325.789
36463.77101
34658.48868
29750.67456
30408.74559
40275.6008
34446.10495
30154.92571
36483.75037
35222.89302
30405.16993
29617.76981
36090.55169
32732.97488
28008.15321
35058.01443
35232.07086
32575.01795
29847.56399
30188.33249
31701.61665
31982.79433
32825.65063
35903.25107
34621.2006
30512.07807
21079.52602
43832.64021
33083.2083
31703.20283
35913.74705
35254.54339
31443.01447
11070.00259
41807.20398
32657.52779
28355.97198
33010.40605
35266.14247
34071.42562
-8617.907723
10497.04645
36375.3745
33683.0349
31250.64487
34012.11045
36097.72341
-1215.309753
17957.66329
40232.97143
34110.10375
30168.80311
33569.17664
37163.52468
5459.252378
31886.876
40244.62602
33587.83258
34135.31025
34748.93318
36456.5965
11313.30189
34801.31887
40599.07981
31209.7926
34232.90455
36944.1867
36872.54993
16772.80048
37981.99114
32757.30816
32224.2413
34236.52774
38097.54039
36158.93711
19407.50611
39457.01582
30083.17118
33588.9131
35540.56659
37668.59025
33504.97626
24510.52209
40593.635
26040.00145
33441.62134
36533.27174
37289.87761
31925.38951
22283.70787
40148.71455
28520.56084
33200.02613
35385.57879
37356.75184
31762.34648
24292.29622
40247.66093
25720.06936
33132.8206
36208.69768
37027.10658
31634.62206
18789.88707
38865.91498
29355.25274
32973.06149
34981.20134
37156.58519
32903.71292
15694.86154
37242.14043
31890.70446
31324.67498
33412.39701
37340.73602
35501.76628
10144.17631
33833.04144
39468.46979
30110.22581
33175.76956
35996.98422
36070.85937
4149.085537
30471.93187
39000.28241
32419.55549
32907.17115
33704.38912
35515.18202
-2795.464596
16658.21773
38809.43109
32779.84864
28986.50955
32409.80756
35992.62042
-10144.6105
8774.0878
34938.7138
32490.12695
30027.26764
32806.92938
35246.29644
-68083.0925
-2029.981196
18325.49699
37275.75169
41365.14264
34825.24376
33749.95117
-44539.04988
8241.9486
24298.11628
41737.0964
35645.78326
33860.51029
32808.28298
-26348.97913
14927.16896
29153.28562
42478.68912
34118.02977
32402.55492
33618.23312
-15764.72833
16450.90383
32487.96306
41207.80424
34542.34849
31049.42195
34839.79562
-5941.381965
18065.43172
44449.3
33379.91697
33911.56976
33512.45176
36229.00305
-471.9329822
20847.01267
47839.47329
33673.50356
31000.27038
34353.13685
40685.03711
-157.446567
23929.74494
48533.38645
33907.87969
29795.88452
36996.13168
39011.13697
-382.0345898
22418.29997
46351.5129
33170.27398
30453.15708
34887.00788
38755.09612
-362.7171416
23576.28144
48122.1029
33584.80819
29487.11012
36697.30569
38817.32906
-1134.696638
20275.55723
47273.5122
33064.10393
30390.33631
33835.54786
40344.55665
-7141.931353
17281.36252
43676.24687
32536.24492
33105.19999
32722.47742
35561.23828
-17115.28035
15364.89
31566.47412
40116.29688
33480.6723
30095.88742
34000.94448
-27908.05418
13720.50085
27914.01418
41038.52255
32881.99365
31564.70474
32655.05126
-46354.67938
6862.003185
22853.79855
40454.86397
34721.22044
32703.76616
31560.07082
-70090.18361
-3729.904484
16935.62714
35734.84823
40191.55736
33600.36701
33036.22307
-173335.2127
-92463.86303
-17411.08417
22986.39651
34577.66533
36023.24354
34902.76548
-164692.5303
-74766.18483
2333.165778
22891.42589
31057.26181
37723.76571
33824.93943
-141146.3676
-46109.51426
13329.90032
28140.04271
31318.6657
37020.53135
33662.69179
-150146.0275
-38096.08767
18922.66026
34021.29787
34461.8463
35200.51853
34201.31408
-139045.3244
-20463.02341
20241.82248
33461.85529
37788.25476
33472.55645
34861.89151
-111630.6852
-9992.901273
23933.4259
32067.44412
38056.5872
34436.76966
30897.12692
-78548.21463
3053.920111
22604.24442
39726.12614
35479.08089
29620.27548
33345.36003
-103884.1369
-5153.280772
25518.04081
37529.94023
37819.87838
34422.45905
34640.57133
-79097.51051
2726.982286
22214.38553
39391.05554
35316.82807
29353.72206
33143.01154
-112126.7613
-10478.24187
23357.21916
31469.77796
37504.71771
33861.0273
31020.84076
-141467.0544
-21781.64695
19339.70162
32690.49459
37056.49398
32697.37131
34179.98971
-154255.4335
-40134.97496
17945.47572
32873.45714
33490.86293
34308.84046
33361.73737
-143225.7634
-47970.87237
11970.93529
26697.05635
30079.63229
36144.28034
32719.36892
-166202.5741
-76978.99925
859.6393973
21586.47013
29988.77244
36521.7342
32593.10055
-175956.5519
-94054.87674
-19093.41428
22179.81081
33061.20907
34695.26884
34193.88606
-191750.521
-131698.4045
-44756.42355
6134.215854
21286.64304
29843.09956
31527.2622
-222573.7167
-122155.4515
-28575.06216
15360.11959
22868.9596
32358.99042
35396.74756
-251736.4467
-122006.037
-14495.61577
21921.21874
26506.58246
32575.95745
34539.2416
-283995.2248
-112085.8303
-3674.348728
22348.46339
29025.7714
33650.12403
33632.95555
-315600.4725
-85689.07427
9254.244948
22931.18589
31394.06311
34924.29577
35932.92871
-341560.7008
-64669.36358
14614.38555
24792.39201
32278.21527
43027.56321
36270.06413
-327862.3293
-42910.4921
10270.18045
27847.54641
37262.87519
44243.5608
33725.9331
-329774.6112
-45188.37589
10428.12003
25620.16916
33576.10858
34392.02844
34967.2567
-328713.1776
-42605.97326
9888.398483
27426.43308
36911.83341
44157.6729
33425.15545
-344206.3149
-65243.60037
14009.84523
24123.92626
31738.40998
42882.82443
34233.32106
-319351.0412
-88247.28625
8268.36421
22001.57315
30598.42901
34236.96225
35271.50945
-288296.3968
-115345.7715
-4996.142562
21125.98542
27963.18573
32819.0587
32854.16342
-256463.3649
-123603.7159
-15971.1962
20476.84072
25258.43623
31824.30271
33748.03333
-223715.404
-124525.244
-30074.81428
14021.09013
21868.37212
31440.35819
34122.32124
-193858.6025
-132188.4146
-46450.27355
4270.679742
20079.67142
28596.48061
31150.4272
-225436.246
-204031.0593
-152728.9427
-80716.32379
-34494.08406
-1002.534313
12708.54456
-259424.8735
-226882.5845
-157891.37
-69448.08643
-24004.58525
3217.990791
20081.82077
-303239.391
-273545.1368
-181178.6316
-76764.56226
-25478.04432
4424.49935
19962.78562
-329624.4189
-299614.9053
-182000.1917
-71468.30134
-20567.1839
7402.426364
20592.85717
-288406.8265
-289539.7794
-127235.4547
-45830.14329
-6900.660945
13844.797
28218.71445
-279247.1994
-243808.8888
-87437.95313
-21692.38148
6448.704225
23497.18982
30093.19424
-279318.082
-195777.568
-31184.58466
7565.103595
25340.1194
27192.0598
30114.73183
-278715.7785
-113562.7581
-22984.26109
8020.891388
15259.88732
27513.45759
31031.29791
-282401.7246
-196744.9914
-32007.74547
6556.402255
24570.11138
26568.30448
29645.76982
-282026.3391
-248471.7076
-88695.22343
-22577.01768
5863.662271
22966.85519
28845.6352
-291265.9644
-294867.9045
-129664.1336
-47493.77641
-8212.457691
12744.42141
27493.96084
-334854.7317
-306161.9179
-186692.4189
-73756.86042
-22036.404
6330.558851
19672.96894
-311619.556
-277631.6165
-182683.9506
-77630.21255
-26694.97002
3385.804254
19195.84664
-261788.6633
-231961.9834
-159052.7622
-71253.17153
-25520.51915
2174.474793
18944.87991
-230432.6097
-203637.7301
-153918.2863
-82268.66608
-35544.81517
-2203.141133
12036.312
-242197.1149
-246416.0347
-192950.4394
-102997.3975
-54807.10532
-9941.913292
3109.276269
-272761.9609
-281246.3173
-195670.9961
-92356.31573
-39003.01424
-3226.454142
15322.28595
-311094.8872
-261422.5922
-189076.3728
-90510.25891
-36760.26045
-1221.537335
16701.52054
-323983.1529
-234282.8022
-167416.484
-78515.7854
-26953.13313
2795.976572
17991.89415
-282064.5904
-254983.0309
-116251.8612
-48394.94971
-10822.60813
11044.56823
19781.74642
-264798.171
-201072.6418
-85016.56365
-27645.49714
1302.812689
16436.95502
24353.66906
-257134.1131
-158157.5168
-69876.41795
-25875.88459
6311.059493
23976.18727
27806.06966
-212304.784
-183122.8628
-174823.8213
-129344.0528
-29098.88144
18124.07968
28003.08731
-264219.6891
-153382.7412
-63947.93279
-21814.81308
6063.032157
23574.49885
27525.84098
-272007.6966
-201002.7107
-84627.1824
-27353.23375
862.262799
16113.30556
24050.27954
-290217.0506
-259644.093
-117595.2018
-49403.3975
-12151.04866
10172.25913
18904.76164
-333041.9168
-237899.4363
-171438.6613
-80995.1184
-28553.04423
1646.24747
17089.10955
-319989.514
-262482.8722
-191182.8567
-91629.08009
-37995.30325
-2361.557579
15875.19164
-276825.2999
-290174.6774
-197365.7035
-94569.60467
-40705.89342
-4439.996278
14288.25858
-247859.5042
-248679.1913
-196303.5739
-105294.8958
-55896.97832
-11199.47618
2304.742987
-241382.1738
-190430.7843
-167206.1459
-92558.3062
-39716.53135
41.35896077
-4415.68763
-299095.6916
-302591.0859
-198311.7893
-148134.5385
-76290.74529
8071.490464
-25001.58356
-524764.1484
-596611.2526
-416150.9489
-329142.688
-197150.6135
-77644.73607
-92088.22904
-413092.2332
-368334.9004
-246080.1939
-198130.2591
-85525.61609
-72961.63832
-47554.49593
-304695.5632
-284612.3027
-168995.2373
-118140.1156
-50535.51672
-43148.05532
-31604.06533
-268014.4172
-239633.5093
-151094.1093
-122575.4796
-77460.94417
-64060.65947
-39470.33349
-254723.1245
-194286.4411
-235560.9485
-229995.3175
-208460.2919
-129041.8019
-78474.38213
-237083.3385
-250202.1444
-293601.5789
-210468.7814
-110154.776
-89517.05592
-51019.17125
-262513.3799
-186110.263
-234900.6349
-229922.9389
-209070.1886
-128099.1371
-77583.68989
-276820.8986
-238964.9383
-150974.1403
-119516.6657
-78539.54133
-63689.07303
-37928.37756
-311580.0746
-286793.0152
-170448.6763
-119055.7326
-51441.10259
-43946.66471
-32051.97295
-413840.1153
-368240.2664
-250107.8841
-200021.0206
-87217.28043
-74438.31918
-48684.07599
-536509.3353
-608349.609
-425879.4427
-337736.7148
-203872.2788
-80679.84888
-92101.95427
-306587.2826
-314888.1368
-211354.1455
-158797.9456
-86394.79614
934.5812991
-25218.83092
-244532.879
-187695.2051
-166164.6879
-91862.89785
-37918.909
1855.733712
-6194.206678
-215878.734
-203862.9608
-150996.1127
-163060.5576
-145336.2732
-93829.70163
-199162.7966
-266344.5875
-265900.0667
-217073.4173
-239892.0251
-215288.8556
-291805.3054
-161572.5966
-415626.1254
-419812.8444
-397563.5275
-353045.7435
-226693.1768
-179809.368
-76869.88423
-448132.7887
-478852.9722
-417542.7228
-356234.1601
-199954.7192
-137753.9067
-48081.1446
-337920.7632
-371135.1586
-374006.2225
-314699.6368
-188113.1451
-123870.0768
-38798.00173
-294650.8304
-328636.8579
-370385.3092
-338737.4859
-246793.6604
-112946.9434
-35258.16715
-275638.3979
-292982.5829
-347796.0727
-346321.6456
-202203.8061
-78283.3533
-55177.74316
-272856.8395
-286977.5753
-303905.0298
-178956.1898
-81850.99075
-48685.20354
-43103.94478
-285659.9403
-291818.6136
-338061.207
-341214.9685
-202690.5584
-72508.39699
-53492.09283
-303487.8435
-328440.088
-369980.2665
-338390.6111
-254770.7287
-108093.2608
-35708.25576
-342817.8819
-374400.5607
-376727.2023
-317533.2546
-190143.9655
-124655.1624
-41691.70756
-452290.6549
-481177.4515
-424591.5391
-362669.3583
-203325.0165
-138442.9244
-48835.09365
-425368.6538
-437657.9411
-417173.7984
-368423.5894
-231722.4962
-180200.9099
-76289.2328
-275604.9783
-278065.5438
-226653.0986
-249954.3404
-220149.5943
-286090.1926
-159269.1882
-222389.1307
-210950.1067
-151266.9498
-172269.8771
-143475.4928
-93327.68858
-197956.4511
1622.35606
1654.5788
1935.521607
2015.359167
1600.806417
1771.446595
2240.897433
1692.465192
1875.702669
1780.501517
1869.663336
1909.964331
1602.870646
1366.742819
1733.012142
1839.621409
1946.378702
1957.929513
1617.125957
1582.452296
1616.425321
1705.646114
1860.75897
1869.220654
1832.328133
1686.941755
1730.192857
1655.589888
1728.891397
1885.479665
1859.109998
1819.12966
1660.475309
1623.433868
1507.25654
1641.798791
1811.374978
1774.658898
1747.991104
1569.9597
1592.272544
1624.028232
1637.167589
1778.115268
1723.305491
1734.986772
1550.736818
1598.804085
1655.162181
1577.258441
1645.753667
1672.416394
1702.415262
1495.749073
1528.506163
1537.732334
1489.530314
1542.340081
1591.903412
1598.284694
1414.604583
1447.199158
1464.21155
1362.248761
1480.153342
1494.566096
1477.443059
1334.173428
1356.198163
1402.194499
1275.867406
1381.396102
1405.257484
1382.659095
1232.110163
1231.165279
1293.178929
1167.581339
1265.108591
1325.327792
1315.826068
1139.828121
1121.362213
1163.309334
1044.658326
1136.421519
1237.75022
1254.387813
1103.849497
1086.728908
1053.159039
930.767954
976.7717955
1147.115859
1201.516935
1104.138477
1094.744632
954.5668793
842.2468508
845.6436897
1096.495697
1211.948215
1167.080528
1269.241866
1313.446575
5002.120613
4125.001651
4217.793105
4278.850388
4262.301589
4600.749513
4810.971675
4593.993133
4197.196509
4133.550922
4256.030265
4360.016018
4310.567789
4221.740897
4483.794866
4050.802501
4131.755446
4253.22582
4287.719797
4504.641205
4489.652568
4311.805646
4084.966876
4158.046691
4200.410244
4263.066067
4442.287072
4452.113003
4190.644102
4109.962179
4081.813488
4148.305663
4265.53997
4407.265073
4401.338644
4123.998897
4027.226197
3995.759136
4102.707156
4250.739951
4423.518677
4474.12125
4075.254311
3963.19963
3922.074018
4074.010377
4230.50503
4392.999326
4427.227947
3992.51603
3887.365948
3849.088928
4011.986474
4166.257199
4323.967789
4338.791171
3893.233907
3775.868795
3768.026985
3924.51969
4069.407228
4222.285528
4275.635853
3795.119834
3683.640461
3689.008734
3826.654499
3958.493358
4116.241616
4201.740931
3736.04004
3580.574985
3606.433188
3723.997755
3833.226281
4018.658622
4116.118447
3699.899063
3444.283892
3504.759847
3634.224685
3725.899906
3914.645877
4006.313533
3716.511828
3326.22982
3414.484045
3576.014911
3661.326686
3813.733697
3899.622215
3843.174197
3295.760375
3357.18549
3551.313569
3651.288189
3770.172729
3802.556897
4046.363075
3399.661565
3316.989699
3522.21114
3685.3393
3897.362599
4131.15791
9382.310409
8533.782945
7897.526257
7906.968153
7644.085756
7571.145738
7729.141955
9149.154208
8500.390459
7748.060409
7731.726952
7771.333051
7488.520389
7064.431176
9084.112569
8107.859902
7731.54617
7790.556796
7607.952428
7452.592904
7246.149235
8801.058987
7914.466099
7718.213207
7740.011593
7539.714472
7416.329263
7314.970966
8612.156319
7772.362305
7666.919932
7723.469188
7517.758459
7321.133345
7252.928984
8467.022739
7640.527894
7628.487517
7665.192573
7442.427259
7290.729083
7308.188044
8380.161432
7548.609063
7579.289503
7614.057865
7369.80986
7255.891304
7299.45492
8275.533754
7433.17192
7514.06987
7558.959196
7278.67621
7167.766942
7221.283532
8180.187727
7331.49361
7438.232986
7465.011704
7197.915433
7084.865159
7152.860988
8139.725002
7276.208482
7323.596884
7364.13562
7123.771546
6996.379439
7057.179633
8154.914731
7232.400716
7182.917148
7263.520558
7058.780493
6901.501312
6937.766742
8212.523325
7241.310612
7042.500884
7176.193099
7010.609986
6822.382858
6802.236791
8288.363371
7354.792372
6950.817461
7083.299546
6991.65848
6800.668978
6683.085554
8357.794393
7566.698927
6958.353193
7011.903769
7009.278794
6857.817007
6597.277236
8347.738503
7717.926844
7024.316873
7002.571502
7047.615235
7019.623971
6998.177224
11636.23953
10636.83396
10915.0928
10652.52557
10253.96585
10481.79329
11030.7862
11720.38708
11065.5342
10741.10415
10356.10071
10319.46748
10484.13556
10469.3691
11898.84663
11278.72422
10609.76779
10193.43087
10151.6755
10622.18276
10711.91443
11968.89104
11357.97291
10400.64117
10098.6002
10249.72816
10666.69337
10670.87549
11999.66543
11265.0849
10167.51822
10095.19447
10358.19664
10577.06794
10516.09987
11964.68248
11089.04677
9979.707508
10048.30741
10367.3989
10531.92937
10510.54057
11930.14813
10922.3362
9835.81412
10015.48602
10351.25387
10503.3979
10496.26911
11847.70339
10817.52461
9755.575225
9965.226397
10315.45653
10467.57404
10435.23771
11728.72248
10716.44103
9695.683455
9865.737637
10196.52472
10353.67948
10342.50061
11612.32984
10725.812
9663.90669
9734.171455
10047.66144
10249.20259
10257.96925
11508.82473
10733.86332
9660.771383
9600.383768
9877.215813
10152.46149
10192.55847
11350.53595
10704.45645
9725.53711
9503.654663
9699.078333
10060.90682
10142.38301
11104.73914
10524.93205
9829.088877
9501.550852
9550.501466
9929.500512
10094.31601
10822.66172
10132.43561
9920.29193
9640.276565
9559.072257
9827.538952
10019.39639
10742.67453
9724.086654
9915.004388
9801.855852
9619.096765
9784.009559
10232.66753
17268.75065
14374.22878
13946.66619
14573.62611
14656.93234
14439.65159
14230.30075
16079.95253
13961.44021
14176.60292
14799.21796
14772.54224
14148.33826
13711.23699
15413.04191
13760.33644
14579.06665
14927.78819
14491.90159
14065.41336
14013.79043
15041.43078
13954.33696
14832.9961
14822.28615
14220.10681
14038.70765
14169.11509
14880.44993
14238.76662
14902.26892
14656.73027
14024.93782
14016.70845
14197.78478
14792.46464
14366.36563
14868.20253
14496.89211
13903.09082
14056.75245
14270.36846
14740.52025
14443.12052
14807.45642
14374.18701
13812.09225
14041.80534
14254.02472
14654.48646
14362.01447
14752.76441
14296.61043
13695.90798
13956.53975
14169.6741
14533.15073
14228.15229
14667.60953
14219.98718
13643.76884
13883.41236
14112.04103
14436.48304
13987.48345
14551.96602
14181.81717
13576.10961
13756.74233
14019.94589
14387.95076
13680.53651
14387.23779
14167.8182
13542.82638
13565.62351
13859.48677
14413.8726
13266.26251
14143.60338
14218.1502
13646.13518
13409.97832
13630.85164
14620.74608
12959.89002
13782.23676
14208.48542
13844.97882
13350.4689
13381.03503
15247.20758
13011.05803
13359.56162
14043.78654
13984.24207
13480.63651
13208.40233
16270.06181
13481.14495
12987.94708
13700.23042
13979.64032
13740.8979
13477.57536
23217.62838
18968.95832
16542.57891
15815.83389
16266.71964
17145.43382
17650.82692
22557.89806
18597.10031
16023.33826
15775.69713
16651.25944
17310.78012
17061.24247
21700.19205
17778.73685
15794.83191
16169.99354
16978.02436
17355.54765
16951.89508
20866.11172
16988.64156
15749.0853
16568.6793
17313.31014
17220.75881
16747.77977
20202.30272
16339.12376
15914.36458
16850.36218
17496.14714
16984.73789
16557.11802
19785.46848
15984.57025
16018.74602
16976.99603
17405.83603
16820.19181
16565.00477
19471.326
15747.967
16075.66217
17019.24225
17298.48045
16717.64797
16575.19047
19346.85375
15629.30692
16032.78649
17032.57148
17291.64286
16683.67431
16541.26806
19266.49643
15543.56221
15928.39149
16859.49657
17129.39866
16558.2743
16425.76123
19415.4783
15618.71156
15699.37857
16658.31111
17080.633
16520.0712
16300.50023
19690.1928
15804.62927
15404.78247
16368.60804
17025.64053
16548.25571
16209.1834
20220.78737
16317.24433
15072.3388
15968.66447
16757.00769
16634.80157
16230.84786
20893.35911
17000.74394
15004.20766
15443.26862
16336.20929
16688.41488
16344.30638
21676.81397
17663.95524
15175.83232
15004.70325
15882.6766
16654.36506
16553.2365
22297.23203
18050.8335
15616.14034
14932.81337
15532.7944
16416.35542
16895.98439
27015.50737
22407.39652
22108.93764
21562.3338
20356.12194
19565.62412
20173.54481
26817.8702
22385.21169
21780.68748
20913.17842
19833.44937
19690.38877
20313.96144
26892.11346
22871.29659
21350.62503
19924.82973
19219.96571
20011.50084
20849.15433
26867.05916
23253.91295
20335.53668
19354.27185
19119.6842
20333.654
21029.055
26711.84694
23164.08152
19198.03953
19014.39987
19389.32215
20573.72314
20939.48678
26523.10571
22874.5516
18855.86358
18906.82325
19656.57644
20763.86182
20807.88384
26321.29782
22519.54796
18664.55923
18891.01676
19783.5193
20800.48788
20695.12544
26218.69832
22417.7791
18585.06334
18709.81577
19654.59596
20747.31574
20612.87063
26122.03081
22306.0515
18505.96638
18717.32947
19603.03314
20636.75325
20545.82404
26147.1066
22495.77272
18518.26037
18568.21455
19317.83202
20453.79754
20532.53179
26183.96889
22626.38226
18673.87541
18513.58646
18899.70281
20121.14233
20562.40769
26213.99921
22579.353
19657.83624
18744.60516
18547.32596
19744.59857
20495.77348
26102.40635
22065.77404
20555.68823
19196.2468
18574.20234
19349.51852
20230.15908
25914.64087
21447.28664
20932.4062
20145.51401
19074.1381
19036.64233
19790.05177
26099.18509
21452.27001
21138.12142
20679.58622
19614.19826
18838.18674
19431.37297
31719.78757
27974.06266
22419.0712
22923.63216
24089.87257
23811.16834
22555.62495
29968.33544
26071.89862
23173.63697
23856.08061
24551.98921
23025.48544
21821.17487
28985.43872
24328.59296
23786.72593
24937.91631
24373.87385
22553.22972
21738.64714
28834.94355
24015.41143
24597.17536
25125.05301
23528.14053
22221.31383
21894.66109
28959.5244
24741.5011
25122.8554
24659.73952
22779.88079
21794.07708
22337.96379
29045.45235
25174.78011
25278.24156
24209.62494
22265.88541
21651.19548
22689.06295
29087.77289
25445.20238
25390.50907
23793.54769
21912.38616
21560.59617
22747.53717
29033.75922
25332.99211
25216.74495
23874.57945
21844.52595
21430.00987
22688.7989
28882.82329
25217.08909
25208.05469
23605.59827
21724.17469
21388.40789
22596.37839
28638.78358
24768.99997
24913.18568
23846.98123
21912.61816
21330.54923
22406.21452
28392.99172
24169.07245
24562.2409
24134.65062
22280.53095
21330.51333
21938.83605
28150.55475
23312.32543
23884.07766
24478.47412
22925.96858
21622.73488
21353.85974
28194.33937
23506.17043
22956.6845
24166.66896
23695.70552
21883.01987
21102.31264
29035.01116
25157.02016
22276.3222
23031.37277
23769.83529
22342.09883
21233.68277
30827.7638
27005.73409
21432.59522
22028.71422
23303.00759
23076.21821
21809.50136
38603.10141
32075.70928
27428.14862
25308.05367
24690.0133
27114.66279
28853.05765
36954.70181
33246.1575
26288.42032
24106.63469
25288.83941
27897.92277
28901.93836
34471.79844
33393.24375
26250.24859
24162.44788
26550.33793
28308.36778
28379.09469
32770.86803
29692.31349
26391.06515
25146.52494
27840.68041
28800.678
27251.78744
31657.50934
27820.06415
26059.78141
26568.76971
28575.71829
28626.67055
26460.12818
31194.52834
27558.97009
25005.32468
27250.07037
28862.76793
28162.52732
26025.56158
30866.75785
27489.39534
24376.8318
27497.50849
28946.50488
27733.02253
25987.26986
30732.17609
27376.52619
24397.66367
27379.11035
28949.38623
27877.72492
25950.99052
30663.18829
27248.41394
24177.09963
27296.39281
28754.46265
27567.19497
25843.67205
30757.83887
27129.01685
24604.04994
26867.4754
28500.07702
27836.7104
25754.05301
31047.09876
27239.14034
25481.34499
26008.20646
28057.10886
28156.86313
26067.71713
32034.75147
28966.96893
25652.96657
24462.78104
27203.12095
28201.45192
26727.51581
33663.03856
32517.68441
25387.13885
23345.19145
25802.58168
27614.71818
27753.88873
35993.61584
32282.47294
25354.56457
23249.05256
24472.92482
27162.39394
28253.51817
37723.14435
31017.25768
26475.26753
24396.30407
23869.39602
26314.86338
28104.89644
35566.85343
32299.30962
34311.76627
33854.31786
32122.9258
28392.73036
27918.19084
39468.73787
29080.80532
32570.8651
33497.34919
29950.99243
28481.37717
28854.0033
40644.98904
31275.21792
31423.3707
31921.58135
28233.14481
27859.3578
30473.09974
40098.8473
35176.08516
32514.9982
30114.04592
27706.6429
28113.30082
31648.47206
38728.79826
34933.22935
33726.38559
28271.00803
27479.1293
29435.39871
31917.39301
37673.93798
34055.61182
33984.24041
27691.81947
27402.14074
30616.07018
32302.8043
36510.42636
33166.32988
33076.96749
27450.5544
27552.11578
31122.20248
31922.2957
36511.64779
33103.61544
33513.21234
27236.64925
27197.01068
30913.43075
31935.151
36328.30525
32931.08581
32866.39126
27233.62835
27339.29719
30934.14402
31773.29561
37218.28517
33615.15377
33561.47624
27287.22056
27019.66782
30268.44048
31993.47682
38082.68364
34358.19162
33120.71468
27708.31429
26941.33511
28921.9079
31463.00918
39325.1624
34417.747
31782.94106
29399.51019
27040.53452
27500.63679
31084.15621
39787.88457
30304.92079
30547.62451
31090.1754
27478.76692
27170.82557
29807.75938
38445.43318
28124.77805
31607.69294
32598.65997
29141.61981
27722.923
28130.76202
34681.27176
31248.28811
33295.22749
32931.86126
31279.13692
27587.7479
27196.50755
12697.91183
43725.24099
34410.69687
29995.54742
34573.43533
36685.12841
35198.0427
22930.64776
45454.63732
34772.0199
33317.2405
37369.4446
36634.01941
32688.02196
31817.66485
33321.21333
33541.56791
34384.36921
37296.34482
35886.99147
31657.94699
37535.18611
34126.2649
29426.25805
36392.27574
36504.8167
33747.88499
30894.80098
41604.00051
35647.90875
31383.62244
37638.27957
36315.24812
31415.61482
30520.37578
43150.67461
35822.59164
33281.5092
37422.66271
35562.42717
30562.07771
31056.86191
43963.93792
35559.13608
36265.29675
37034.8097
34505.16565
30182.79749
32462.83765
43983.79564
35482.24254
34488.44494
37517.67386
35173.02945
30162.64964
32329.42867
43794.81924
35316.71096
36002.39675
36805.72615
34310.50195
29995.52875
32307.04135
42681.84622
35365.99308
32862.58767
36998.77189
35163.54981
30195.2516
30785.94695
40876.40222
35047.98701
30745.69836
37059.16745
35772.16208
30904.51267
30047.24811
36740.08984
33369.60401
28655.16609
35668.6623
35824.76446
33130.2261
30321.01504
30911.0568
32391.18783
32659.15169
33483.42624
36525.97059
35207.14865
31000.88344
21776.76725
44543.97131
33774.89958
32387.6034
36557.52527
35858.93674
31951.76502
11767.90514
42567.35578
33347.17264
29027.60671
33643.35671
35858.57203
34544.16157
-8350.060104
10773.94469
36663.85995
33921.14611
31453.99051
34174.35532
36305.85237
-989.2792552
18269.22923
40494.35842
34388.03211
30422.38935
33803.05805
37333.33522
5787.957686
32234.49129
40572.54284
33837.53207
34363.5679
35040.35919
36684.64322
11658.38318
35180.27534
41040.59932
31487.27113
34493.66846
37177.50655
37148.7326
17098.11927
38438.09018
33104.02343
32520.86107
34527.64344
38385.53777
36463.003
19800.96713
39893.56579
30503.12112
33946.16167
35862.19934
37982.68177
33785.17533
25008.07701
41046.76888
26526.40747
33869.83806
36910.03699
37651.51634
32247.76552
22775.2208
40652.28362
29090.10578
33650.9942
35795.08051
37767.08928
32151.49806
24835.18056
40797.64815
26287.53652
33634.49371
36675.94155
37463.38223
32050.3908
19311.4356
39437.60531
29955.63162
33505.63962
35479.73406
37629.25854
33334.24903
16297.16534
37846.80481
32485.1971
31897.93807
33969.934
37869.2755
35956.81935
10794.65756
34485.56667
40182.79674
30735.79229
33788.70112
36562.92802
36568.8292
4881.805664
31200.84257
39686.21531
33087.88844
33549.58965
34306.74276
36025.54154
-2082.571793
17386.11618
39504.2539
33474.82445
29645.22316
33018.09282
36511.57545
-9424.487315
9568.598309
35641.928
33129.71421
30650.35613
33385.28836
35654.15631
-67927.68915
-1838.92859
18575.34538
37438.24164
41576.30268
34985.96954
33967.74772
-44398.33895
8477.743703
24523.31902
42035.20062
36070.30051
34114.41278
32964.17269
-26126.96066
15255.48349
29466.8636
42656.71268
34344.17958
32735.92664
33834.67374
-15506.8447
16785.47575
32688.70721
41506.21162
34793.36103
31290.01803
35120.31752
-5642.785902
18512.25825
44807.2404
33693.51564
34211.16957
33799.91851
36555.3364
-95.76105648
21290.86825
48242.68746
34037.71882
31344.42749
34666.388
40987.92275
379.9321334
24398.76456
48991.46013
34343.09909
30187.59214
37350.05791
39349.71393
199.6821088
22925.95082
46850.81131
33636.42373
30906.59714
35314.21991
39159.72444
223.2504087
24151.98304
48658.94837
34094.20582
29975.98105
37133.96568
39234.07578
-568.5956984
20845.04404
47823.85329
33603.39091
30927.22263
34312.64719
40743.94986
-6557.605519
17876.66337
44259.36155
33120.52909
33678.32374
33247.82511
36016.95544
-16513.38298
16010.29814
32138.60653
40753.46252
34096.89402
30664.9665
34522.65524
-27229.66561
14437.92341
28606.26984
41713.71834
33521.02952
32165.33493
33182.80201
-45664.56209
7585.731494
23537.0249
41146.72971
35398.74586
33332.63545
32081.98437
-69410.18255
-2971.083377
17653.97687
36392.10237
40805.16375
34191.92864
33396.39117
-172998.7903
-92437.64681
-17258.78138
23238.00153
34736.78391
36155.88026
35142.01669
-164144.2333
-74786.41827
2462.713176
23115.3343
31315.80184
37960.15791
33977.74513
-141440.8677
-46179.50135
13540.14498
28245.76715
31530.49361
37416.07439
33884.01568
-150552.2626
-38115.30128
19125.27615
34288.0064
34690.14055
35470.23674
34480.18754
-138954.687
-20200.07772
20570.4795
33794.38004
38115.03448
33781.93194
35199.9158
-111456.1239
-9615.604271
24317.50019
32448.31943
38417.17798
34757.43393
31224.02448
-78233.05601
3493.650321
23072.60514
40158.12139
35909.28916
30006.8851
33680.9021
-103883.735
-4861.916421
26267.59493
37789.92144
38262.19892
34849.31434
35066.79503
-78741.65039
3266.141619
22766.25795
39891.7608
35828.91837
29820.6769
33565.45896
-111837.6154
-9958.462227
23906.83866
32027.02722
38043.30144
34335.83771
31368.63519
-140967.5794
-21200.5191
19940.20952
33301.26435
37646.45573
33227.53295
34647.79886
-153803.1986
-39609.56292
18528.73429
33553.59834
34056.99633
34903.81303
33900.54253
-142996.4307
-47377.27522
12646.08346
27362.81749
30723.40664
36791.72028
33248.21247
-165507.5372
-76240.53185
1552.597424
22277.96242
30668.25241
37162.30912
33102.19359
-175364.0491
-93483.7206
-18317.35694
22880.8173
33736.76176
35262.02983
34471.52738
-191390.1835
-131583.6416
-44722.39957
6161.723819
21419.94395
29938.43304
31761.86499
-221551.5505
-122033.6453
-28538.02266
15524.48494
23129.82852
32687.86738
35522.73852
-251407.5043
-122034.4444
-14377.40262
22004.46185
26690.02926
33039.36228
34791.44312
-283601.7944
-112197.3124
-3488.211689
22561.48958
29238.8114
33915.50695
33895.90063
-315233.4639
-85810.0205
9564.043593
23207.94977
31705.88372
35250.86653
36269.26088
-341229.0764
-64447.74401
14979.15645
25151.04207
32635.75263
43378.95395
36456.95236
-327519.966
-42410.31597
10746.34552
28297.48818
37635.22835
44603.23331
34042.10809
-329077.8674
-44981.40914
10927.87059
26085.80078
33983.82752
34820.59865
35348.45974
-328241.0337
-42158.63823
10457.10789
27946.74673
37356.70718
44575.9691
33861.47444
-343609.114
-64822.28089
14553.70211
24653.38749
32229.39326
43330.14488
34739.32769
-318751.3607
-87664.97961
8876.98732
22582.78975
31143.914
34758.63239
35732.34197
-287407.952
-114769.0078
-4378.365152
21754.47454
28546.83163
33385.11798
33370.52078
-255667.9083
-123065.7776
-15313.31382
21148.29991
25879.7217
32407.68351
34219.02466
-222846.1561
-123764.4211
-29375.53684
14726.54736
22518.80828
32009.51054
34591.22743
-193549.3539
-131919.0644
-45712.48982
4986.58396
20674.61174
29113.04326
31289.01015
-224392.9533
-203088.312
-152515.9463
-80463.93107
-34440.95626
-877.1052773
12897.3032
-257760.2283
-226539.4892
-157346.1835
-69463.01465
-23887.96563
3438.896926
20231.41637
-302719.982
-273515.1108
-181163.6689
-76371.12229
-25391.25161
4636.243384
20228.46959
-328957.384
-299492.4293
-181979.5022
-71363.71593
-20452.84472
7604.589251
20846.85072
-287498.4389
-289797.5855
-126973.1172
-45624.74841
-6665.638802
14099.44706
28534.09647
-278536.2264
-243843.2236
-87171.58887
-21408.99555
6758.90723
23798.8571
30363.09767
-279130.8248
-195443.4039
-30771.85516
7946.936528
25664.59315
27517.58723
30435.50755
-278215.0019
-113286.8087
-22631.87791
8491.700482
15647.70446
27942.23779
31402.13427
-281698.1556
-196332.6665
-31463.04885
7080.749195
25048.35325
27045.06089
30114.93638
-281083.0327
-248163.3658
-88215.22928
-22130.26537
6335.206227
23433.40848
29306.208
-290477.9949
-294163.3664
-128965.447
-46936.63404
-7654.071849
13271.26346
27945.61583
-333792.7098
-305343.9401
-185931.4903
-73102.19272
-21506.8319
6849.091673
20166.65144
-310583.7976
-276967.5434
-182093.7835
-76980.50783
-26095.38389
3949.599025
19664.08249
-260760.6418
-231068.1035
-157965.8081
-70314.43077
-24795.97594
2827.623128
19452.10387
-229355.8583
-203729.7153
-153384.2755
-81208.63655
-34781.72163
-1480.548956
12419.79468
-241206.5219
-245302.5234
-192565.594
-102525.1593
-54683.57479
-9806.202538
3290.242489
-271464.5947
-281070.3328
-194891.1453
-92512.65389
-38971.55285
-3076.932358
15494.14495
-310725.0541
-261286.4197
-188929.6178
-90124.2394
-36666.72404
-1082.473218
16941.23377
-323690.1707
-234259.8992
-167341.8276
-78394.07315
-26855.73222
2985.610974
18237.47701
-281591.0155
-255144.072
-115964.2189
-48140.00863
-10595.35914
11311.67012
20069.09247
-264386.3135
-200649.6467
-84555.05364
-27238.09215
1640.78097
16787.21813
24658.73727
-256817.1708
-157376.7496
-68935.03451
-24983.84172
6757.332213
24351.0971
28134.52229
-211788.6351
-182921.688
-174582.2841
-127691.2424
-28439.63524
18540.50586
28421.98831
-263134.3811
-153357.1282
-63739.1313
-21298.11109
6572.191951
24040.53672
27997.27203
-270834.2375
-200619.3893
-84181.21962
-26867.69422
1370.482192
16549.78685
24466.56382
-289106.6419
-258946.8322
-117006.7891
-48882.11772
-11573.67379
10621.46425
19352.65224
-331902.8759
-237231.3216
-170595.594
-80419.04865
-28014.69688
2131.970146
17552.96734
-319022.5963
-261991.4525
-190250.5611
-91118.56031
-37436.63036
-1815.035204
16332.63944
-275789.7259
-288436.7937
-195789.8146
-93823.3966
-40040.67808
-3753.833488
14761.60465
-246394.5759
-247334.3742
-195032.71
-104243.0324
-55051.96745
-10413.17528
2835.254951
-240252.7624
-189558.0783
-167560.6486
-91562.83422
-39068.98721
612.282822
-5407.806649
-297915.01
-302263.1275
-199369.3279
-149575.7624
-78885.54253
5522.848429
-24337.8108
-523649.7891
-596644.5072
-416691.4694
-329646.1112
-198083.1689
-79116.76367
-92255.29841
-411189.1362
-367468.1133
-246048.9506
-198047.778
-85533.86521
-72680.71474
-47470.6188
-303907.0677
-284140.7934
-168601.3767
-117756.5481
-50271.52061
-42790.32631
-31294.66162
-267831.2441
-238946.9319
-150628.4041
-122369.4508
-77424.87824
-63993.08499
-39060.8348
-254595.6418
-193406.1041
-235071.8774
-229800.2676
-208382.6363
-129336.9671
-78690.07586
-236794.3683
-250187.2471
-293005.2805
-208773.6893
-109388.0871
-89151.17334
-50772.22062
-261588.3017
-186118.3538
-234912.7874
-229663.6959
-208881.7605
-128138.5952
-77446.74831
-275779.4401
-238445.2507
-150529.847
-120042.3821
-76705.04906
-63097.99192
-37707.02921
-310433.7258
-286073.3054
-169787.1364
-118396.4562
-50872.1039
-43379.84191
-31591.31563
-412792.3832
-367752.7924
-249558.382
-199691.9229
-86848.98938
-74077.2563
-48407.28966
-534520.6541
-606926.4228
-425064.0364
-337635.7321
-203079.7756
-80586.67054
-92222.25372
-304530.9803
-313287.5346
-209157.3765
-157078.0159
-84634.97912
2089.068052
-24936.52444
-243231.2492
-187749.4712
-166629.8566
-90789.97484
-36139.33316
2620.29074
-4318.441886
-215000.5518
-202697.4211
-150134.9893
-160658.2631
-145354.3765
-91351.28331
-199557.7153
-266603.414
-266995.9225
-219197.5987
-240710.9925
-215358.5943
-292408.177
-163408.4084
-414660.3124
-420750.343
-399937.8047
-354878.9787
-227606.2158
-179942.805
-76586.80007
-446660.345
-477164.643
-417505.1132
-356552.7233
-200636.7311
-137597.5327
-47780.47645
-336787.2413
-369901.3663
-373114.7118
-314360.748
-188476.5947
-123742.636
-38451.99203
-294570.7831
-328090.5029
-369275.9499
-338163.7418
-247505.1098
-112409.6629
-35099.55005
-275876.2458
-292508.6786
-346705.2148
-345450.3941
-202051.9557
-78068.1231
-54795.60184
-272890.3208
-286922.722
-303008.0986
-178106.1065
-81415.60337
-48367.93938
-42696.5679
-284965.9824
-291259.0395
-337248.7398
-340458.2801
-202293.857
-72476.44197
-53066.49943
-302701.3366
-327703.1451
-368809.2434
-337318.1152
-253730.4826
-107660.511
-35283.75432
-341788.0589
-372841.994
-375250.3682
-316371.4887
-189509.5791
-124068.7904
-41110.67388
-451179.0187
-480305.6695
-423351.3181
-361709.7266
-202855.2849
-137771.3252
-48301.47448
-423747.9522
-436303.6045
-414695.889
-366199.3067
-230752.5693
-179650.4706
-75647.56943
-273019.843
-275964.3083
-227161.891
-248764.6007
-217549.2034
-285237.3202
-159943.169
-219946.2975
-206135.0986
-150204.7654
-167333.073
-142968.634
-88168.37734
-193161.4153
826.8428606
878.9034633
1069.54428
1227.861222
1139.894075
1157.02172
1358.347329
898.4562636
1086.396905
1155.448117
1334.996153
1105.187026
1036.244209
1063.056193
1007.755979
1133.313283
1193.309586
1363.29601
1029.805157
960.6082842
1193.657883
1149.92896
1208.406568
1309.154527
1310.745566
1112.422399
1129.297385
1322.026882
1204.946065
1350.521573
1458.227052
1329.953007
1182.221707
1230.365064
1280.107196
1224.653764
1450.820071
1390.963734
1324.096
1235.383863
1276.7206
1250.808707
1279.825814
1463.340501
1344.788914
1373.651847
1263.649151
1294.174063
1295.010953
1292.179752
1373.500069
1366.011656
1399.140236
1220.136719
1248.677923
1317.482992
1193.011101
1261.350727
1347.481981
1327.670837
1138.38919
1165.933095
1257.942546
1050.308046
1175.859567
1232.982427
1196.235553
1051.104975
1054.330968
1132.383793
941.7627226
1073.140859
1071.830353
1061.305873
950.2445792
925.4276598
1008.384407
808.7678182
935.9128132
939.7975851
916.0706557
802.3367432
789.9144334
863.5470029
626.6196303
767.0331586
835.8913297
801.1524019
721.9812616
728.8437131
686.5981607
415.3958669
605.0304126
697.2224081
714.3155822
713.6449957
729.1982336
754.7475123
191.8524417
408.2526808
582.5700207
685.2606993
650.944045
727.3829245
546.7015992
4043.014944
3438.527184
3313.580958
3572.170075
3736.688436
3786.980123
4204.486997
3809.602136
3309.382688
3306.434834
3584.817088
3736.770301
3852.763466
3838.467683
3753.202528
3349.393725
3423.483048
3529.889917
3659.182124
3861.257183
3930.200886
3735.123023
3486.005502
3610.642095
3568.329896
3764.190407
3905.810786
4075.74119
3683.481493
3580.747608
3638.495587
3639.619487
3843.538366
3953.92611
4110.084648
3683.915257
3635.372405
3584.074525
3679.664833
3870.470046
4036.414765
4111.684618
3718.010728
3636.635365
3574.332517
3733.033153
3894.675004
4099.447203
4120.392392
3689.180293
3582.787021
3565.973638
3721.035848
3883.222801
4073.429236
4106.805886
3598.267853
3489.623305
3500.451375
3641.19467
3802.474466
3955.889453
4027.132743
3507.979338
3397.740263
3399.353905
3525.016061
3671.639176
3813.465746
3903.318577
3431.287834
3286.854335
3294.597907
3408.302483
3521.943769
3680.943838
3841.544923
3351.502021
3131.132545
3146.783355
3276.482255
3362.010846
3555.77266
3755.629075
3304.873535
2893.263999
2985.95614
3159.736012
3254.409011
3411.940306
3507.479856
3409.77258
2778.456951
2888.75539
3085.064873
3184.560217
3314.401618
3604.129677
3509.862239
2865.460548
2807.066573
3019.299998
3194.831135
3415.749464
3183.63514
8374.666816
7747.914643
7009.810584
7051.871764
7067.494516
6844.159026
7077.325683
8408.011773
7603.740955
6920.080925
7053.684947
7094.847211
6839.128725
6609.65754
8342.902276
7371.341603
6965.383767
7030.571767
6995.306115
6815.480963
6697.872341
8194.553516
7261.552646
7135.771133
7106.740715
7016.644055
6812.753473
6880.742471
8045.530064
7243.194823
7219.981781
7186.089599
7057.195713
6839.617717
6928.515952
8010.262084
7259.120777
7215.977789
7210.624788
7046.586996
6897.574801
6941.786646
8011.034188
7217.471945
7209.862756
7252.331874
7030.290897
6929.233429
6964.297532
7969.144158
7119.803444
7196.996055
7264.066377
6986.205172
6881.845394
6969.771635
7883.67579
7037.598794
7145.83983
7185.227749
6903.696093
6789.630579
6912.46206
7832.130789
6979.327449
7027.144722
7061.031173
6797.25616
6679.503418
6778.669845
7824.7368
6916.405054
6874.422093
6919.679936
6694.726955
6569.454453
6675.718251
7856.657249
6893.613384
6686.432914
6783.273656
6628.824537
6495.111664
6541.72881
7848.125701
6939.546116
6516.876812
6644.206076
6593.076215
6411.0664
6264.414081
7835.580705
7112.276615
6469.765559
6508.858984
6485.502783
6370.724928
6369.973755
7708.666284
7229.824536
6514.173382
6439.026615
6463.700457
6545.741166
6055.563493
10761.67713
9731.112112
9908.336846
9834.948699
9600.22968
9629.50057
10294.2045
10854.54274
10138.20215
9898.534676
9644.685257
9570.53221
9823.909733
10043.1517
11126.20342
10538.03415
9856.487695
9425.783596
9520.535113
9985.405948
10131.65644
11322.44567
10728.50869
9802.582979
9432.980239
9707.768346
10068.11207
10189.34162
11432.75285
10744.45785
9669.324886
9527.024935
9882.064879
10075.40273
10134.76436
11506.97659
10682.11425
9535.999076
9587.297316
9960.564474
10116.6203
10112.42169
11548.68966
10562.35219
9454.383002
9645.81455
10000.42788
10165.55439
10136.53652
11517.57188
10487.68217
9426.20552
9650.244671
10006.48334
10167.79622
10151.20675
11419.92875
10416.9386
9382.47399
9561.101282
9897.227648
10036.23991
10064.25007
11303.91
10422.10516
9335.835474
9413.307906
9734.836345
9906.649315
9927.794834
11166.18277
10407.03701
9303.446044
9244.790386
9520.703123
9791.481891
9872.115859
10973.22933
10330.90549
9304.051997
9102.498342
9315.915575
9708.887652
9828.679458
10670.07704
10064.69178
9331.734866
9050.80658
9136.055788
9517.733901
9648.608632
10325.96116
9619.780823
9385.547887
9114.142749
9014.176463
9315.772255
9737.367397
10119.82033
9183.60418
9319.617374
9188.586325
9024.439913
9292.031065
9320.631517
16281.24372
13498.88043
12979.68635
13741.84298
13975.52392
13625.81256
13509.29768
15249.71092
13038.85164
13340.91602
14060.74949
14006.42582
13489.31209
13210.1015
14613.25302
12981.71125
13808.17938
14144.05023
13820.31127
13390.98362
13410.97718
14366.46627
13277.72876
14205.81443
14145.78883
13651.54855
13418.05067
13665.42151
14291.13064
13676.57683
14384.90723
14081.84658
13527.47553
13502.05225
13795.49502
14304.53304
13932.14921
14414.6283
14026.41309
13467.96467
13620.10403
13857.21878
14329.41835
14065.99982
14410.83877
13980.94431
13424.23166
13666.74486
13870.70165
14305.02155
14018.20925
14407.15289
13954.78642
13356.09418
13621.11466
13843.67251
14207.31977
13914.12159
14344.93526
13901.18821
13327.34475
13543.82254
13790.25216
14103.73487
13667.61529
14226.69041
13859.11446
13245.30711
13401.45559
13671.08718
14021.42802
13337.37026
14041.60465
13803.82777
13159.56405
13197.78318
13539.72495
14005.58527
12868.49458
13733.04025
13795.95297
13237.45205
13049.38539
13316.95742
14137.79377
12471.87789
13297.17618
13735.4975
13406.12465
12921.62805
12942.75265
14681.21819
12465.71974
12828.06934
13511.29945
13433.16613
12950.53231
12884.95643
15569.62255
12900.12636
12403.19876
13106.51968
13405.3676
13246.75283
12619.2337
22297.46057
18050.71711
15604.62566
14955.72576
15518.89272
16331.70622
16926.96357
21663.85527
17653.49441
15157.72326
15005.28198
15878.11973
16646.20634
16539.72648
20868.76749
16984.62267
15018.0538
15375.83871
16290.11221
16686.88485
16351.6346
20167.31472
16301.54142
15102.33387
15889.62415
16732.07963
16605.40116
16227.91514
19598.81806
15772.16056
15370.92491
16270.61893
16981.40581
16460.47126
16118.00807
19286.26943
15527.83645
15542.03888
16491.43786
16951.02671
16366.77731
16124.12566
19050.50386
15340.22557
15652.16757
16601.80267
16894.77079
16324.10835
16171.35249
18979.86322
15259.14288
15655.37192
16660.23786
16936.67977
16334.85199
16196.29575
18926.39876
15206.19201
15575.08585
16511.3865
16797.28845
16215.86047
16097.25665
19079.25045
15283.8891
15348.55175
16308.19938
16731.04699
16162.60744
15956.6101
19326.23818
15452.40288
15041.11355
15981.69462
16622.32138
16167.63549
15880.80181
19812.07991
15923.85399
14652.3547
15527.08013
16325.81495
16251.45579
15898.26728
20407.19343
16522.44759
14511.56569
14956.67597
15877.40627
16241.09278
15903.04935
21105.5238
17127.00115
14633.37163
14459.16834
15325.21867
16121.33062
16196.20034
21625.06353
17470.23876
15019.16541
14327.91606
14953.86895
15896.74337
16066.21383
26089.29405
21442.81234
21125.05726
20688.91735
19597.7016
18772.62644
19455.11336
25881.73626
21416.47031
20902.22157
20132.44228
19073.08393
19018.64834
19768.04779
26053.3307
22031.17397
20552.23313
19129.6362
18534.29504
19331.96931
20222.11482
26145.64209
22537.98138
19683.46786
18675.19541
18516.59969
19702.68952
20469.63124
26092.63813
22571.51571
18638.95533
18425.79433
18841.12018
20026.62987
20462.13314
26007.74377
22387.38161
18368.47209
18410.57431
19178.49844
20293.63446
20355.61827
25879.15918
22088.60059
18232.38401
18458.42175
19360.94841
20392.34158
20290.76138
25819.93476
22029.1598
18193.72149
18321.97305
19284.73727
20387.25284
20267.37165
25758.70183
21950.49767
18135.17663
18356.93531
19261.96003
20293.9571
20224.08171
25794.82784
22143.68001
18154.3869
18212.60296
18963.37623
20101.53691
20202.561
25811.20852
22258.44372
18299.68377
18126.90497
18500.5085
19746.07575
20238.74839
25792.57892
22167.66408
19235.60619
18306.45523
18121.95425
19360.32316
20158.98056
25607.82444
21574.10959
20053.84309
18711.1361
18120.39534
18905.0944
19800.17409
25336.68394
20887.32308
20376.27625
19602.495
18536.08527
18514.49012
19418.33782
25450.22277
20842.22201
20526.59258
20074.22993
19046.78938
18317.27981
18698.51581
30814.71558
26988.95025
21420.80467
22026.45457
23288.75381
23032.61359
21832.93295
28997.99198
25124.46912
22245.18753
23004.19025
23756.92595
22326.22418
21219.88736
28139.01089
23468.80376
22944.36064
24116.59301
23655.91306
21855.37186
21086.92391
28083.3332
23264.16461
23873.79407
24427.21121
22895.05552
21575.32836
21306.15575
28319.02492
24098.35194
24516.30497
24056.68197
22216.14259
21236.44651
21831.90007
28504.87802
24638.53742
24762.83447
23697.3353
21774.81373
21169.72188
22230.49148
28621.51722
24979.88411
24934.68459
23345.43521
21480.76817
21138.24496
22340.19567
28608.30191
24924.19349
24806.79424
23474.32412
21465.83775
21059.42201
22334.3491
28503.36568
24847.96467
24828.40858
23242.0193
21378.83681
21045.8123
22272.05836
28276.43281
24404.21757
24544.3875
23496.26808
21562.49872
20982.0948
22081.05984
28014.56303
23795.68279
24190.30312
23755.42682
21891.58912
20959.22059
21613.0946
27716.12751
22892.7307
23462.22851
24053.02104
22514.90185
21234.1958
21002.12238
27688.41194
23010.242
22470.34771
23690.98513
23243.81434
21431.05154
20672.3026
28451.6057
24597.86107
21730.17435
22491.50623
23238.75738
21820.86541
20842.14432
30202.29604
26366.7517
20836.09303
21443.27939
22754.31401
22562.55643
21169.6103
37706.03322
31009.04104
26456.10805
24387.97914
23854.64561
26298.81676
28117.60948
35959.59171
32241.94934
25331.78215
23230.25821
24453.96663
27157.57856
28247.84491
33606.09419
32487.10215
25375.46066
23316.67645
25770.96102
27593.71599
27735.78323
31974.19515
28939.99916
25641.11665
24418.75237
27166.73434
28159.69034
26682.19385
30993.43635
27164.51604
25435.61983
25933.06619
27987.96954
28074.68341
25970.6946
30630.97344
26992.57508
24463.09799
26709.69973
28357.97682
27688.47818
25592.98896
30384.53677
27000.32226
23901.31028
27023.26572
28506.30803
27320.43131
25598.32764
30291.22954
26954.524
23971.15616
26955.638
28559.77071
27507.79432
25602.58193
30273.72743
26870.6246
23788.05567
26916.08699
28398.09125
27223.8294
25518.64514
30390.62794
26762.17084
24242.14591
26497.92517
28138.51117
27490.9746
25433.14015
30665.47127
26861.84192
25108.46125
25620.8976
27664.36952
27781.31484
25736.13209
31594.45032
28564.57417
25235.10229
24024.97733
26779.74616
27793.31179
26363.9697
33149.69537
32027.72286
24903.43533
22867.9276
25342.41841
27148.57572
27324.36941
35405.25835
31713.59693
24810.44787
22711.76825
23941.23754
26636.85103
27826.83718
37133.28076
30378.17078
25865.52477
23811.3348
23308.87481
25780.93772
27547.19502
34682.85492
31213.2224
33281.67804
32916.62492
31272.36831
27597.07569
27199.0832
38419.78628
28066.50964
31587.32538
32582.43288
29132.35122
27738.97088
28141.78528
39749.32015
30268.22696
30532.81784
31090.48897
27463.52407
27165.26484
29801.53426
39280.35282
34347.42281
31749.34425
29404.11748
27016.3169
27470.25789
31044.78739
38059.64524
34261.54887
33060.46617
27657.05487
26878.99366
28845.43226
31382.80732
37099.53539
33458.47058
33419.04169
27141.83287
26878.01661
30109.91675
31844.49551
36026.45393
32657.13341
32588.86601
26954.04141
27078.22054
30671.7155
31519.68764
36056.48689
32666.92167
33065.69277
26796.74796
26779.15134
30510.91642
31549.63041
35924.21577
32534.3587
32461.19312
26838.76384
26961.293
30570.54581
31425.55774
36845.03522
33238.01333
33185.73386
26910.50837
26639.76904
29899.95833
31674.78759
37699.23034
33968.58916
32731.56795
27314.36288
26540.54789
28533.1835
31122.54481
38874.74475
33976.30542
31339.39054
28980.51297
26602.63485
27068.38004
30694.59783
39273.6248
29818.24943
30052.95818
30598.31934
26996.70843
26686.65638
29385.38126
37838.42373
27554.75361
31042.17686
32048.01658
28606.5205
27189.01552
27662.59907
34137.37206
30538.28727
32680.41809
32331.58537
30687.27177
27013.20228
26696.29892
11786.4565
42552.06869
33341.70008
29013.33821
33658.70178
35899.49675
34528.15445
21758.15319
44455.20968
33755.41711
32358.09523
36521.04047
35886.78377
31975.14355
30879.37931
32331.05483
32643.54747
33507.76288
36505.00896
35215.07868
31001.11339
36676.25547
33278.10902
28643.73138
35660.63412
35791.5938
33123.98015
30297.74527
40874.12022
34919.60496
30674.94001
37016.65384
35707.62962
30843.38101
29978.95369
42529.28058
35167.06561
32681.64475
36854.39105
35030.61986
30050.77176
30615.28174
43440.95046
35006.37669
35713.48712
36519.49199
34038.34868
29728.3127
32058.45556
43486.85764
35015.14704
34012.14357
37058.89367
34738.12366
29748.47197
31969.10463
43362.84028
34894.11485
35582.81385
36399.12117
33906.15291
29627.56336
31956.98773
42262.66417
34964.08061
32430.55713
36606.77281
34780.25047
29830.9611
30416.40747
40488.34472
34649.11294
30345.18218
36649.92626
35360.00689
30504.58663
29685.42831
36239.83178
32906.6045
28241.73164
35200.06532
35369.8526
32687.14173
29924.39364
30392.48263
31875.47935
32150.67459
32980.94616
36015.16636
34703.72799
30579.65411
21136.43528
43914.59871
33179.41901
31794.03135
35992.26059
35322.4559
31460.05915
11220.61345
41820.87947
32712.35685
28411.97934
33054.18837
35269.12243
34089.9311
-9379.186207
9578.469842
35645.67488
33063.19339
30642.13889
33439.67835
35612.81835
-2073.824684
17298.63188
39481.73185
33432.21893
29594.20753
33065.1346
36526.60037
4866.237219
31173.85638
39667.02845
33099.35956
33521.76439
34324.78288
36014.05149
10754.41206
34378.88062
40308.61518
30770.20485
33750.54616
36512.15712
36533.85789
16328.23611
37697.20694
32411.93471
31866.56054
33890.55908
37791.4953
35892.85315
19139.49028
39191.40268
29863.32021
33344.93378
35307.88508
37463.27578
33255.48892
24425.59901
40446.07067
25978.96987
33315.79621
36388.35112
37170.28308
31779.38448
22241.08623
40158.45289
28555.72967
33150.36953
35331.33481
37336.73364
31665.21333
24372.6445
40350.88281
25819.15633
33191.24842
36262.28345
37063.4131
31669.22954
18847.32847
38998.1574
29622.98925
33081.75069
35045.18402
37220.70497
33086.22412
15902.12981
37429.38774
32074.90377
31487.37574
33550.73758
37428.93313
35590.87348
10289.09228
33970.83839
39966.90674
30287.89412
33326.13557
36049.40107
36153.32588
4351.552462
30715.82562
39182.00229
32513.41998
33017.44551
33823.85582
35612.89913
-2717.536684
16730.54528
38900.16947
32874.25584
29079.50591
32510.74419
35952.20403
-9947.290638
8829.00541
35024.51779
32465.39608
30005.72438
32749.66738
35300.75576
-69371.70156
-2945.769211
17643.85932
36325.15744
40801.66034
34261.48288
33309.08844
-45735.20113
7496.712763
23498.19237
41072.82346
35386.2755
33382.90979
32101.0282
-27235.1043
14378.00071
28583.64356
41782.0793
33479.75368
32146.83717
33156.61058
-16511.37983
15959.84008
31867.5136
40821.91293
34033.84699
30625.58891
34465.4542
-6493.655247
17745.04345
44128.16079
33089.83806
33579.83114
33147.63441
35928.56366
-756.9350336
20548.9337
47633.89566
33427.61185
30768.58121
34116.85943
40532.49183
-209.1036003
23743.13001
48409.37833
33756.38712
29639.26553
36853.97063
38944.13228
-377.1094507
22383.17564
46350.09197
33111.57813
30375.14777
34839.39233
38753.08953
-281.6900512
23665.88822
48256.30432
33635.40672
29505.89996
36750.42857
38835.54926
-1073.691198
20352.91082
47354.20578
33161.47731
30511.16728
33881.51086
40343.56675
-6897.815117
17464.69642
43803.71856
32706.28799
33249.66693
32813.12525
35630.86824
-16952.34373
15511.62192
31452.23491
40362.12745
33627.95249
30180.95582
34068.33597
-27737.47366
13846.72155
28122.4963
41246.12473
33004.76424
31620.43874
32753.12156
-46329.86739
6933.046905
22915.10737
40551.37085
34913.72302
32811.42038
31476.47355
-69970.41339
-3637.859608
17021.41137
35862.17254
40156.71915
33537.90177
33064.40169
-175675.3623
-93391.74693
-18291.9554
22850.46899
33809.10383
35408.29872
34396.4711
-166046.3378
-76209.87218
1478.483033
22176.33879
30514.95412
37177.34945
33108.07431
-143384.3915
-47306.72144
12631.49534
27427.97684
30664.12338
36792.05871
33209.40889
-152809.786
-39323.13732
18343.73141
33620.64637
33913.77065
34837.67467
33836.52027
-140573.243
-21108.40391
19846.87376
33277.91553
37527.16395
33124.36281
34545.15863
-112048.8145
-10268.8497
23689.1978
31864.08991
37865.40426
34161.23316
30913.46463
-79052.047
2831.215812
22446.08689
39552.50445
35450.23069
29442.06007
33210.73477
-104329.7644
-5328.347981
25641.27118
37353.92179
37772.8016
34360.65454
34626.69586
-79122.28729
2766.176787
22277.77545
39425.58776
35273.16271
29341.84999
33105.10521
-112451.8219
-10537.17451
23400.40063
31562.91186
37590.4124
33962.21582
30622.98535
-140584.2381
-21466.69904
19549.19113
32870.31847
37205.27243
32805.64834
34221.39054
-152390.7744
-39807.22719
17932.42216
33150.99322
33517.46301
34379.52999
33421.2736
-143684.1586
-47984.82272
12147.6731
26857.84686
30181.57892
36278.7161
32852.95833
-166456.6232
-76985.08856
840.6801769
21632.6458
30074.42857
36638.29687
32519.01675
-176848.9753
-93859.85951
-18994.90708
22186.97829
33152.89558
34653.33909
34275.98116
-194660.1211
-132086.423
-45709.42478
4978.557021
20687.08294
29262.5021
31157.33906
-223551.9476
-123821.2193
-29529.47152
14642.6915
22406.77826
32057.49955
34564.63262
-255368.423
-123046.1513
-15306.58606
21219.61724
25838.63861
32428.64801
34146.43006
-286738.1132
-113857.5027
-4370.127124
21871.02475
28431.80318
33318.56496
33294.55354
-318002.1981
-86835.61891
8822.463195
22621.93595
31058.6358
34639.28307
35604.81769
-343037.5329
-64854.80061
14338.0889
24547.34755
32062.84809
42997.83649
35221.89649
-328555.4708
-42799.08067
10133.64796
27667.89014
37076.36506
44235.31806
33545.21425
-330034.0982
-45497.41647
10353.72729
25542.00595
33475.729
34319.0727
34700.22669
-329383.5845
-42968.62555
9966.105638
27537.0632
36961.83152
44122.21838
33443.12368
-342957.5577
-65457.1267
14060.00812
24227.58924
31815.26856
42740.30111
35394.59674
-317106.0029
-87665.39084
8519.398968
22228.43574
30810.15797
34330.71649
35280.76303
-285788.5063
-114473.7174
-4790.278333
21419.03817
28074.66915
32867.42693
32927.56311
-254993.7604
-123709.2125
-15844.53206
20639.23992
25366.29419
31969.45374
33898.98765
-223607.423
-124698.585
-30203.89237
14056.8428
21991.3004
31604.86856
33913.25151
-196375.5481
-132294.4164
-46489.49386
4413.508624
20017.99849
28489.34578
31211.34772
-229671.6051
-203760.2041
-153688.6649
-81214.69791
-34977.96197
-1587.771661
12329.03536
-261148.81
-230473.9528
-158471.9789
-70480.51778
-24842.87628
2754.974737
19412.46513
-309217.8175
-276017.9974
-182012.5371
-77220.98535
-26083.11559
3918.327966
19541.64052
-332870.2041
-303310.0737
-184342.4496
-72666.0176
-21298.5368
6871.652147
20164.80914
-290638.6221
-292208.053
-128518.2869
-46710.19629
-7557.333879
13356.18918
27860.33006
-281222.5947
-245842.8205
-88149.77369
-22212.87346
6145.386179
23185.48241
29500.06927
-280911.3396
-196470.3955
-31663.40692
6861.39664
24822.50242
26754.94173
29811.80115
-278394.5421
-114022.8143
-23183.94093
7444.898192
14625.89149
27231.93987
31011.52931
-281414.3405
-196402.7504
-31581.11013
6934.570507
24814.48721
26768.62003
29758.01593
-280676.6439
-245730.502
-88153.0803
-22377.20906
5924.867631
22980.98463
29491.83564
-289545.0069
-292576.9744
-128611.2303
-46864.84036
-7749.420406
13093.4281
27530.29128
-331762.4803
-302679.7801
-184641.2744
-72865.1466
-21663.71053
6488.261568
19815.06449
-307877.3083
-275985.4168
-183037.2465
-77664.20969
-26641.93976
3419.173147
19153.48856
-260657.8841
-231482.2624
-159219.7751
-71544.16121
-25693.49624
2153.444006
18858.89019
-231653.9202
-203231.0116
-155030.636
-82850.52331
-35795.59298
-2270.07893
11966.39988
-246651.4651
-247273.4191
-195191.619
-104141.2396
-55193.70263
-10557.659
2827.235964
-276074.7112
-289218.2126
-196207.5777
-94114.38051
-40085.68938
-3873.882432
14687.09879
-317110.447
-262067.6906
-190111.8584
-91422.97285
-37433.24313
-1867.866175
16216.14518
-329330.2406
-236538.5876
-169263.0959
-79907.79136
-27776.8492
2176.137238
17548.81203
-287237.895
-257475.0714
-116883.5439
-48872.72068
-11475.51821
10619.72667
19393.31058
-269404.9522
-200597.131
-84721.61507
-27498.85392
1091.855469
16272.54173
24196.17718
-261716.9073
-155204.9281
-66406.97225
-24049.96986
5794.396155
23666.04241
27639.56987
-213234.276
-183878.7803
-174746.5831
-128965.1893
-30505.77003
17918.5011
28067.46339
-260525.4403
-156497.9261
-67775.78499
-25283.56664
5669.744127
23644.69687
27527.53881
-268039.7788
-201188.4888
-85154.28665
-28008.58088
767.7253367
16104.41382
23985.11718
-285488.1439
-257502.0395
-117267.5722
-49209.20457
-11704.07529
10387.90153
19101.69969
-327479.3051
-236754.4225
-169860.1697
-80034.16166
-28129.85184
1834.472813
17232.15802
-315328.7278
-262675.1502
-191140.6821
-91604.82698
-37934.75958
-2374.301662
15893.46429
-275495.8498
-290173.3594
-196984.5855
-95105.38757
-41113.9837
-4511.624676
14158.72431
-249066.3836
-247804.904
-197149.6493
-105717.7399
-55534.0513
-11151.11722
2195.034327
-244230.1706
-189172.2755
-167542.6753
-90881.01728
-36933.04387
1545.395446
-4329.212091
-305573.706
-313707.2924
-212700.3391
-158678.2949
-85380.00191
1359.522105
-26183.22008
-534001.3684
-605826.7089
-424389.2829
-339517.5453
-203543.505
-81891.29325
-93349.36047
-410748.406
-365992.4584
-247647.4957
-199629.5695
-86540.45403
-73862.04194
-48327.87236
-308399.0743
-284803.5354
-169424.535
-118549.2388
-50942.54506
-43507.58492
-31825.90564
-273680.1724
-238632.9552
-150754.1606
-121308.7251
-77909.10154
-63836.18272
-38906.90443
-260217.6339
-189472.6846
-232580.4577
-232693.5857
-211931.4423
-131128.364
-79875.23349
-238176.7002
-250023.019
-292468.1971
-208901.8101
-111769.7277
-91607.15262
-52316.14679
-258791.6102
-191901.4726
-232607.7925
-232663.4764
-212452.9144
-132957.5872
-80836.80325
-271832.4711
-239467.0159
-151128.0657
-123547.4564
-79312.32181
-65143.21525
-39389.52065
-306536.1337
-285332.4737
-170051.2036
-119018.0368
-51329.07017
-43800.10797
-32068.60615
-409554.9056
-366719.6589
-248358.7482
-199458.0773
-86859.03964
-74090.59595
-48494.2347
-531761.6882
-603794.7595
-423612.0643
-336899.8821
-202955.6394
-82815.98318
-93823.05599
-304361.2576
-313709.62
-211337.7362
-160192.7571
-89282.94222
208.0976386
-24946.21659
-246253.2308
-191025.0262
-168823.0896
-91864.30023
-39442.47912
-718.6195469
-9330.710876
-220374.9691
-204630.6412
-150749.2043
-165220.3105
-145869.5583
-87284.37943
-196393.9771
-273360.7833
-272582.509
-227623.8876
-249740.8083
-219169.2401
-287634.4887
-159928.1888
-423427.5002
-432560.5688
-414946.7657
-367704.1744
-231136.2386
-182098.5746
-76128.86118
-450221.1282
-477042.4126
-423168.8073
-362828.2128
-202922.1454
-138628.8427
-48120.62709
-339666.1946
-370796.056
-375768.1764
-317657.1716
-190746.3314
-124660.9248
-40692.12378
-299687.1179
-327446.5524
-369819.2718
-339144.494
-253627.165
-108764.5677
-35961.31188
-282004.0493
-292262.1902
-342889.684
-343732.6212
-204038.3453
-75607.36814
-54779.00336
-273609.1096
-287075.3875
-303569.6178
-179605.7492
-83136.90348
-49755.02566
-43999.86018
-280167.7578
-293328.4762
-345395.99
-345546.7041
-203273.9586
-78292.29625
-55166.996
-298057.7557
-329215.3378
-370639.7356
-340241.9371
-249804.2606
-111639.903
-36188.38167
-338342.6762
-371998.936
-376304.1947
-317825.2184
-191130.0507
-124735.6193
-40124.78293
-448367.8267
-477868.88
-423072.723
-362169.0481
-203648.1207
-138157.4307
-48218.85008
-421258.8741
-432180.5506
-411596.3521
-365248.8045
-231653.0993
-180780.0333
-77572.93949
-272255.586
-279364.409
-228538.1891
-248731.532
-222067.8086
-293237.1284
-162167.5729
-217202.5706
-204110.0778
-150977.4976
-169192.0529
-149710.2387
-84998.08019
-204694.6624
1608.650525
1737.476807
1761.829395
1923.517256
1991.920771
1812.786673
1718.04601
1615.985119
1620.928054
1842.833135
1891.415937
1514.337277
1550.203723
1445.577086
1589.978645
1766.26884
1762.072941
1846.821967
1640.439616
1484.292814
1547.698882
1571.310645
1686.927363
1641.339829
1682.065029
1649.034048
1652.877241
1605.957546
1562.558301
1685.247795
1739.763405
1648.308063
1461.928718
1491.935511
1515.290885
1494.257854
1667.478616
1664.580921
1643.013004
1447.767157
1530.885128
1627.535722
1527.353313
1643.279496
1632.093077
1672.99204
1492.776757
1566.808805
1625.802826
1556.745477
1603.157494
1647.284729
1659.786976
1480.820597
1520.388405
1547.217401
1519.860945
1624.362656
1630.618919
1625.299147
1482.313758
1486.468883
1532.98997
1509.275958
1631.623954
1615.56036
1623.492208
1499.899223
1465.20053
1520.925669
1534.808639
1616.994273
1643.602759
1632.881995
1492.276186
1448.342716
1457.13882
1521.165442
1644.428885
1689.468983
1602.631915
1475.075337
1455.529266
1390.675239
1487.250467
1646.010384
1732.441564
1594.180592
1488.960364
1428.547935
1318.963764
1443.936103
1638.157247
1693.381449
1644.171605
1626.263976
1433.10456
1222.275114
1345.383367
1594.377228
1663.41274
1778.184237
1901.381472
1991.25594
1868.529181
4830.647027
4265.635948
4078.044211
4188.722876
4403.618103
4547.23829
4623.235765
4616.476183
4003.324233
4042.892508
4194.699842
4140.957894
4363.270639
4360.231433
4257.048662
3919.545274
4018.962066
4165.514898
4256.939039
4296.96718
4434.647514
4112.20254
3925.866259
3935.52601
4008.165273
4212.318039
4363.997231
4387.691596
4023.998381
3883.912957
3917.001028
3964.174417
4126.64064
4329.989568
4372.292999
3972.617542
3866.028225
3868.712714
3977.730817
4137.916754
4360.306424
4434.721291
3967.41446
3880.086525
3830.168981
3983.669197
4159.864823
4357.473782
4393.606178
3957.699107
3847.668823
3816.109976
3971.660892
4150.635698
4336.778073
4357.165795
3927.796663
3828.898393
3812.573237
3965.711975
4125.873655
4280.83217
4338.585096
3943.088196
3844.395027
3829.473377
3965.374502
4114.187704
4233.875752
4306.27336
4002.580556
3849.477727
3868.649439
3983.277282
4087.700282
4200.495241
4263.046156
4080.773476
3835.096753
3855.058824
4001.231722
4073.693035
4193.32623
4234.791635
4193.194884
3783.443572
3885.150528
4003.917571
4088.462976
4185.281765
4144.104801
4479.848496
3801.14382
3939.81913
4055.495985
4160.780177
4146.188343
4056.932973
4698.524017
4016.986561
3925.696332
4117.661694
4301.002056
4567.195261
4800.131529
9167.730002
8647.856724
7847.454775
7731.842346
7787.049545
7686.752434
7541.886936
9138.642378
8284.222794
7716.229228
7710.938741
7543.663863
7433.440106
7168.107903
8862.323003
7986.652289
7569.973885
7637.466121
7556.216159
7273.174864
7214.678543
8647.239803
7734.154927
7475.92788
7567.377883
7533.569388
7319.237237
7226.128329
8433.305953
7561.193356
7528.952181
7544.067009
7380.780573
7224.769031
7212.515661
8315.479175
7484.449644
7510.670783
7528.036988
7309.52273
7226.07818
7291.963233
8264.79983
7452.56521
7491.736495
7524.473868
7292.233369
7233.63159
7296.698783
8228.647535
7397.024082
7498.773276
7528.221058
7259.154962
7194.043874
7271.816758
8221.528405
7399.810603
7496.477557
7513.206437
7239.37144
7149.438987
7269.477278
8302.39823
7438.420373
7473.663889
7516.684526
7265.882905
7135.678182
7222.373567
8422.47799
7490.060632
7485.911878
7528.916176
7289.154371
7123.814545
7138.583152
8592.066266
7620.744169
7462.610193
7516.251456
7316.110261
7154.388637
7085.113336
8742.197721
7883.101577
7473.275763
7483.453782
7410.374349
7241.678145
6993.86234
8919.102025
8230.710018
7571.986367
7523.370986
7491.601862
7236.198371
6896.827817
8897.518196
8473.55061
7749.983543
7621.410415
7578.569542
7726.189428
7791.600759
11636.5796
10664.39594
10752.25229
10534.32122
10368.31702
10455.67762
10756.43272
11619.90476
10860.5591
10685.74747
10323.63724
10086.73723
10433.1501
10614.03212
11706.4701
11153.18476
10461.5103
10074.45863
10148.00732
10471.00341
10667.10265
11797.27243
11179.3521
10199.75826
9921.879259
10224.97363
10583.59816
10585.97118
11831.83313
11055.51505
10028.16678
9904.462043
10213.53485
10488.85266
10475.3213
11814.27147
10940.95109
9856.850064
9908.605216
10242.05285
10472.74273
10486.80751
11813.67947
10836.53079
9751.875636
9936.362338
10294.81897
10486.73445
10484.53978
11812.9222
10784.19386
9739.550097
9951.141244
10325.59543
10499.46289
10477.49083
11789.58916
10783.05305
9742.536108
9918.829972
10267.66931
10419.80697
10430.78234
11793.14872
10894.68049
9790.483388
9884.620376
10227.62409
10395.07735
10380.68967
11799.41279
11015.64151
9928.234023
9875.7569
10153.20397
10389.23041
10366.05081
11764.14624
11103.56674
10097.13516
9868.158778
10044.25539
10399.52421
10401.15989
11623.14938
11042.85351
10290.83024
9930.784186
10002.7244
10380.95705
10398.9181
11452.27674
10767.47452
10505.49828
10164.82776
10074.41588
10233.23309
10296.73863
11400.41079
10457.79564
10559.72531
10391.05895
10192.84669
10446.76223
10937.91927
17125.1547
14424.05715
13832.1849
14488.17733
14767.06896
14449.12369
14058.66348
16030.23281
13784.88328
14137.3591
14771.10284
14579.32752
14118.69145
13807.23355
15224.82466
13626.67164
14434.75609
14797.66203
14462.947
13919.64893
13977.64476
14872.8096
13783.60826
14633.86747
14643.0835
14177.01833
13961.93288
14109.91787
14713.46799
14040.64592
14753.91435
14476.54222
13889.59121
13936.98102
14177.21745
14645.82285
14227.92193
14749.6253
14365.37389
13784.43504
14003.04391
14263.03944
14637.63586
14363.70776
14738.63565
14302.32021
13755.43678
14028.05524
14262.32555
14629.9856
14346.76833
14760.90296
14292.45955
13712.4641
13998.78244
14227.48893
14600.35998
14315.28897
14748.44728
14290.86423
13729.67023
13970.68627
14212.06002
14618.44108
14168.3307
14714.61613
14350.28838
13762.27986
13925.62846
14171.4734
14674.98132
13967.19039
14689.32375
14458.56919
13820.01931
13829.32577
14082.26796
14810.00969
13671.5739
14561.96238
14594.77282
13991.76362
13765.11384
13929.38239
15113.359
13470.1829
14292.6306
14655.33503
14302.71462
13802.93084
13720.74395
15838.14838
13624.06506
13980.46221
14605.97437
14524.02396
13905.3906
13518.26455
16857.58984
14183.3083
13673.93633
14342.91013
14589.10544
14399.72048
14182.72806
23181.52432
18989.83465
16476.61146
15725.65539
16319.9062
17124.05599
17473.21941
22478.50117
18425.12723
15948.67726
15736.47555
16486.68976
17275.15927
17134.86854
21515.97957
17642.30654
15648.70578
16037.36883
16931.08238
17231.34444
16925.46487
20698.9273
16811.08023
15557.16827
16408.11462
17269.70506
17154.57869
16698.32027
20032.92565
16148.55105
15768.34901
16692.70128
17377.61461
16913.63736
16542.96731
19640.05309
15844.23279
15905.31069
16859.59908
17299.98942
16773.01036
16563.58886
19382.60547
15666.79852
16010.49732
16951.17637
17244.28895
16706.98022
16590.66938
19331.9566
15616.29047
16044.92147
17034.39619
17309.41143
16732.02886
16608.92473
19348.16018
15641.63394
16023.90253
16940.62344
17221.25971
16662.99451
16544.11387
19612.192
15815.42417
15883.5344
16842.17539
17268.45619
16698.20971
16470.0538
19993.3325
16109.08408
15724.07735
16672.84312
17305.85065
16810.47142
16444.40741
20634.18684
16747.95435
15508.36834
16367.03607
17117.29148
16982.39193
16530.88584
21407.45666
17541.84396
15523.68336
15921.56311
16812.4802
17131.98083
16683.83921
22283.11171
18316.87166
15791.29412
15578.42721
16433.29663
17105.99488
16884.67162
22934.02337
18777.63619
16294.36982
15565.48718
16155.45951
17044.1548
17523.39518
27015.51547
22393.46709
22010.28677
21478.77014
20401.82589
19534.93762
20014.92207
26706.74782
22238.1036
21709.92497
20869.73311
19687.47733
19664.48799
20390.95846
26734.89305
22720.10481
21201.28586
19792.02159
19173.58336
19918.56625
20827.28299
26707.92867
23083.95003
20142.65821
19201.09992
19072.25371
20277.8407
20988.02814
26542.85971
22983.03064
19052.00466
18864.36415
19279.89127
20511.58912
20925.84578
26385.04562
22734.87049
18741.95777
18797.03816
19570.32767
20727.45091
20809.11094
26245.69529
22437.25691
18603.52741
18834.65552
19747.50981
20801.37904
20716.51795
26207.43386
22406.42797
18597.84071
18725.76725
19696.57672
20812.85539
20688.43516
26210.83782
22404.51367
18601.31651
18817.58313
19727.64488
20767.03517
20677.88053
26357.5126
22697.84078
18700.40794
18765.12091
19532.82673
20655.10202
20716.5271
26509.9557
22939.0219
18978.51389
18823.80695
19205.30081
20405.20074
20813.13925
26655.12217
23024.46621
20055.64055
19145.54977
18935.65159
20112.63747
20815.93344
26652.40793
22625.13806
21062.83573
19670.06275
19062.03333
19804.97838
20594.31154
26549.68592
22103.3524
21536.38495
20709.13738
19633.78315
19510.31493
20164.71923
26781.28103
22169.92949
21809.31664
21305.89502
20239.92385
19438.6149
20021.61319
31770.65407
27922.9639
22346.96133
22873.25918
24117.84588
23804.79474
22460.40257
29826.20046
25961.75268
23090.66993
23795.87579
24433.84391
22993.09486
21871.9508
28855.03335
24170.66727
23634.66832
24802.25319
24313.41344
22471.42151
21711.57289
28683.64051
23849.28889
24429.52128
24972.91056
23449.90003
22152.6043
21856.67179
28789.65948
24564.44379
24963.61239
24507.85946
22661.85975
21726.14308
22321.59188
28912.84701
25037.72329
25165.31621
24092.37455
22167.51265
21608.56198
22696.83624
29028.78562
25367.28861
25334.28087
23732.59799
21866.32903
21560.82728
22783.95741
29035.7994
25345.56121
25244.36428
23883.81943
21873.46792
21500.17756
22782.8165
28987.33318
25338.25173
25322.42774
23710.1086
21845.95351
21535.1939
22751.5492
28866.13644
24999.79282
25123.77771
24053.92347
22127.13158
21544.48756
22616.432
28736.99141
24518.55656
24899.38615
24456.23935
22583.97349
21618.77116
22216.70603
28603.77383
23775.59074
24362.80642
24911.13094
23323.79811
21991.25886
21696.25537
28754.22389
24045.21139
23507.8336
24693.69936
24198.52593
22334.71356
21481.02384
29668.85463
25778.70829
22922.59835
23654.0991
24358.88238
22829.39136
21638.23999
31531.88065
27681.57397
22151.1214
22708.79004
23968.61063
23673.61543
22399.42128
38693.02064
31983.08071
27385.35485
25271.68391
24698.37146
27092.47532
28821.85238
36796.10064
33169.68294
26192.42797
24036.2611
25197.02757
27851.95447
28913.23413
34371.37723
33211.23422
26089.24352
24018.05514
26461.19162
28231.62604
28342.71299
32609.21247
29487.25868
26211.53069
25005.29707
27742.36277
28729.06446
27201.70052
31474.8933
27647.90748
25884.48625
26420.80066
28456.54355
28550.52437
26431.11166
31054.16247
27410.52118
24863.04053
27146.55066
28769.28248
28102.41589
26014.9372
30821.38536
27405.71318
24314.84935
27447.73391
28903.50662
27719.33405
26009.11045
30742.74418
27395.26835
24414.05741
27420.24021
28990.23364
27924.49554
26029.90201
30780.54968
27380.02296
24297.44168
27425.0748
28885.87959
27697.9244
25985.73389
30994.31473
27368.1422
24824.48079
27108.049
28728.70401
28041.80537
25946.0531
31401.90998
27581.53301
25815.38628
26371.16967
28381.6652
28439.14009
26321.44518
32495.2752
29381.51171
26131.93508
24937.7921
27637.90808
28576.00436
27036.98611
34234.3828
33069.30964
25955.82237
23906.78379
26359.27411
28075.22535
28115.6981
36629.19811
32955.66577
25999.31002
23869.71048
25093.45368
27676.23018
28680.98419
38464.07039
31747.18747
27134.75026
25084.78271
24531.89711
26926.03761
28681.59192
35726.05671
32163.86529
34273.72318
33837.41721
32109.26241
28361.18006
27924.93441
39305.57668
29035.74987
32451.4474
33404.20381
29884.78964
28431.80662
28839.66157
40544.56232
31053.2576
31250.9513
31761.2483
28132.96112
27814.25838
30443.2172
39940.78448
35018.98178
32368.01976
29938.16736
27587.26305
28052.00116
31620.24048
38531.33802
34780.93845
33547.32173
28125.31486
27360.93518
29361.69801
31886.92935
37521.63551
33893.07539
33841.98382
27573.56018
27313.27124
30579.54166
32298.32032
36476.70894
33073.02606
33006.17101
27400.6872
27523.02356
31128.19095
31956.45453
36512.60965
33117.22906
33521.65967
27262.62214
27248.62794
31006.6865
32002.50706
36437.36369
33056.03634
32973.52819
27371.38685
27505.34987
31104.85676
31929.04281
37452.52043
33851.07723
33799.04526
27520.57512
27258.5718
30519.73869
32228.63352
38443.06171
34707.87296
33486.43344
28044.02179
27272.25202
29250.54528
31753.73467
39797.03062
34932.75013
32269.23524
29843.89162
27490.69438
27893.6155
31429.5084
40381.53757
30943.98144
31116.81225
31634.7447
28000.94498
27617.13375
30229.04006
39111.24054
28780.38429
32235.8452
33224.98253
29721.84169
28238.51165
28620.9403
35519.82824
31890.64753
34031.94767
33623.81366
31911.54225
28151.98921
27719.85285
12910.44243
43476.75459
34369.83031
29969.13203
34473.78869
36608.87714
35255.51336
22705.99779
45460.03991
34636.98761
33223.15167
37374.22058
36603.54789
32655.57568
31738.24677
33093.95253
33365.56586
34192.824
37173.29872
35864.0402
31633.70652
37442.30085
33983.54625
29231.66914
36266.3735
36354.92324
33660.36618
30864.20138
41389.74071
35501.36034
31195.80838
37505.75895
36191.76548
31326.36358
30489.00104
43033.43959
35657.23839
33197.19923
37298.63027
35448.92367
30495.97452
31086.52005
43952.08332
35458.13446
36241.81439
36978.15212
34461.64141
30184.59078
32530.61341
44024.16173
35508.99657
34596.4743
37537.70565
35190.03506
30232.96773
32498.74109
43934.56801
35452.628
36209.19891
36938.34851
34425.03149
30170.39121
32507.28408
42954.54674
35622.60121
33136.87959
37227.06423
35383.38222
30436.38787
30996.22478
41300.88331
35434.93499
31140.06017
37402.51017
36088.63986
31191.0366
30341.92005
37267.14169
33878.06447
29126.11235
36150.47476
36257.41285
33488.35438
30689.08511
31607.62888
32935.05582
33224.81623
34099.75776
37048.18501
35635.42039
31421.1925
22562.10765
45172.3278
34427.33875
33058.88838
37202.54151
36405.64754
32430.1118
12711.13888
43232.90748
34136.5885
29777.87575
34306.31713
36369.32864
34993.47631
-8248.041312
10462.87451
36620.31131
33980.09127
31402.54122
34112.5296
36384.01186
-1209.132731
18347.92969
40352.1347
34301.51141
30490.17949
33776.31044
37255.96869
5741.511782
31933.0583
40370.76563
33719.50747
34201.84085
35019.22092
36654.50611
11567.05638
35074.60948
40582.85386
31347.54373
34308.6931
37126.37313
37114.48175
16878.92002
38319.60602
32910.65545
32403.14428
34415.21109
38300.97096
36405.26369
19748.91958
39745.71529
30253.60251
33855.04299
35808.19616
37922.3037
33665.76802
25046.87935
40946.48072
26442.87025
33834.25825
36884.2595
37625.76314
32228.91146
22922.02232
40717.49071
29029.72254
33730.66524
35905.94993
37846.30438
32155.66147
25061.28522
40960.35293
26365.75551
33784.83688
36871.25947
37615.68794
32214.0767
19626.3111
39704.01532
30224.16184
33776.45392
35740.55775
37855.1156
33660.35401
16757.19466
38238.57986
32843.10132
32308.57302
34333.74426
38162.531
36253.64352
11352.19978
34921.73497
40499.05
31224.67802
34250.17964
36980.22472
36940.30385
5584.352204
31826.15704
40269.05107
33561.69388
34127.14395
34827.0259
36467.98453
-1362.62027
18029.3562
40180.87793
34156.54858
30307.11382
33594.43233
37066.17712
-8403.510031
10267.68778
36428.14978
33737.81879
31192.04681
33862.57159
36099.68094
-68001.44434
-2037.12553
18577.19028
37236.13672
41502.04424
34922.99201
34135.21841
-44444.2792
8541.597303
24360.21382
41932.07996
36079.65292
34076.11707
32861.53406
-26181.57616
15129.9398
29263.69854
42383.04478
34143.70601
32810.34706
33813.77943
-15613.75836
16679.89573
32882.09374
41313.96532
34594.11022
31209.55299
35096.04857
-5896.474218
18407.81574
44631.74258
33589.39454
34101.22987
33707.95233
36500.69318
-143.9931163
21187.39254
48145.83393
33948.2221
31230.78177
34621.07335
41014.78659
388.6211251
24311.32959
48925.18434
34305.58575
30153.06542
37418.18685
39427.13615
220.4489873
23049.55295
46916.33572
33719.51282
30914.18696
35430.43974
39241.27944
377.3000276
24345.94382
48858.74891
34264.84363
30143.13562
37431.43558
39392.3582
-265.2839539
21129.13277
48045.14705
33870.38839
31193.49118
34578.60387
40926.71336
-5976.10766
18328.00522
44565.51301
33480.56947
34034.86048
33596.08186
36343.21783
-15742.97624
16550.02234
32761.74264
41204.40314
34563.54294
31083.48487
34938.78427
-26265.24306
14943.82488
29228.6935
42375.3059
34093.0718
32558.49387
33669.56784
-44543.50765
8298.399605
24254.76145
41817.43573
35817.22768
33908.2766
32688.5215
-68098.45378
-2159.92725
18426.04421
37254.13185
41281.62945
34670.31679
33800.96914
-173606.3136
-91820.0955
-17359.50497
23721.44014
34437.66495
35993.87649
35237.17862
-163203.6999
-74905.41915
2441.69794
23049.53618
31530.061
37942.40018
33855.50235
-141208.7801
-45710.58016
13412.9705
28018.50929
31298.49035
37451.49912
33854.27762
-152130.6154
-38368.31421
19198.027
34104.90005
34530.27545
35389.99548
34462.54567
-139781.9039
-20497.99669
20345.12057
33719.00707
38020.50785
33677.83437
35151.85988
-111141.751
-9552.567306
24248.84298
32350.64132
38328.25146
34656.21448
31513.22586
-78166.81527
3492.705225
23018.28576
40107.10129
35906.89377
29917.34637
33693.42181
-103200.8679
-4414.24302
26041.65714
38176.57131
38326.03731
34949.48797
35298.71642
-78177.44505
3530.664823
22933.67981
40077.75281
35827.49202
29933.79868
33680.4987
-111448.7529
-9675.325533
24168.88308
32252.41818
38259.61973
34651.26618
31233.84504
-139382.9087
-20505.57788
20363.85745
33590.29399
37943.16257
33567.5046
34979.47142
-150734.1001
-38293.93895
19105.34897
34036.01962
34508.70913
35267.92571
34326.83586
-141119.2656
-45918.78125
13384.1494
28054.9344
31293.41395
37228.95438
33741.24099
-163581.4452
-74856.03053
2327.629441
23007.37504
31330.42296
37809.9996
33687.40453
-174359.2991
-91943.34993
-17475.27477
23319.12185
34364.90964
35728.21145
34879.75233
-191848.5802
-129840.5903
-44768.92843
5822.548729
21261.08064
29758.2084
31942.66803
-220247.5458
-122312.6749
-28319.31458
15472.38955
23370.53881
32678.92029
35347.13387
-254339.6715
-121316.0187
-14386.77162
21787.91155
26440.85034
33124.20987
34772.21286
-286525.8636
-113053.0806
-3640.068487
22370.73969
28982.34638
33832.59372
33887.15949
-316935.321
-86482.92756
9319.651521
23103.97942
31565.89167
35157.70928
36218.47024
-342453.9454
-64228.19613
14882.79087
25050.43604
32571.6957
43521.80872
35483.68227
-327625.3592
-41931.76429
10679.31332
28207.2671
37645.85368
44734.10072
34006.41253
-328852.5079
-44470.03738
11013.75493
26194.81714
34120.54983
34885.073
35124.41778
-328505.8554
-42164.32684
10601.30855
28173.53229
37648.43052
44693.67463
34035.49859
-342210.1524
-64571.04567
14817.57589
24930.26654
32486.41134
43352.46707
36151.54736
-315960.108
-86603.96381
9349.544608
23014.42489
31529.88424
35048.27795
36067.16125
-284720.5119
-112768.6181
-3630.452358
22333.48555
29033.41568
33771.08403
33805.00627
-253241.7151
-121522.0859
-14485.04851
21830.13834
26449.12686
32880.23248
34643.02791
-220696.9518
-122102.5001
-28488.99435
15451.37939
23162.84971
32465.31509
35215.60306
-193441.0607
-130230.7723
-44953.46661
6033.612107
21107.72021
29432.77631
31469.32843
-228177.3929
-199633.7677
-152332.3054
-80110.59091
-33685.22975
-813.2394312
13069.60192
-257360.3568
-228994.9048
-155825.814
-69245.19452
-24196.98868
3515.209256
20178.00215
-308756.8121
-274861.505
-180591.3174
-75894.6054
-25227.37899
4631.04723
20340.47397
-332931.8413
-303591.8265
-184312.7958
-72261.01229
-20747.2598
7443.874332
20742.08549
-289271.4967
-292497.0328
-128014.0486
-46309.59616
-7230.379872
13756.50617
28436.49635
-279820.0129
-246006.7068
-87848.1696
-21804.30936
6607.631822
23678.00009
29872.37883
-280112.0115
-196091.1734
-31173.1941
7434.904364
25423.28858
27338.65378
30274.92563
-277638.0533
-113237.9549
-22501.18284
8549.000003
15645.19289
27950.40422
31602.04004
-279945.2973
-195745.6873
-30885.45876
7724.895864
25653.20064
27561.48151
30412.1116
-278760.2784
-244613.9632
-87479.93235
-21702.32903
6634.112185
23687.0633
30171.20215
-288012.2132
-291742.1779
-127611.3366
-45991.57911
-7026.03681
13818.94961
28295.66257
-331039.8645
-301830.8119
-183279.8526
-71753.89541
-20657.66335
7441.634637
20695.49714
-306213.7517
-274168.1797
-181746.751
-76291.35789
-25328.85487
4513.881896
20119.11409
-257171.1618
-227709.4612
-157047.3566
-69651.52538
-24114.68921
3349.209877
19980.24516
-229390.9416
-200517.717
-153485.2552
-80690.62834
-33821.25456
-903.9067901
12758.44
-244791.6233
-243051.5349
-193181.8514
-102717.6173
-53807.16045
-9616.868309
3408.005218
-271894.4259
-282737.0786
-194100.613
-91961.47387
-39294.14653
-2981.371515
15524.89015
-316893.8842
-260877.9163
-188687.2172
-89641.87957
-36394.41442
-1074.344324
17031.31942
-329645.2021
-235280.9917
-168802.3903
-79232.1152
-27123.49544
2807.506381
18159.78024
-286523.7573
-256907.0325
-116089.1684
-48293.53288
-11116.73929
11115.19311
19897.64511
-268615.129
-199817.0369
-83907.86199
-26733.79258
1659.481344
16813.15521
24722.12798
-261215.3472
-153749.4038
-64454.07467
-21941.23062
6792.877053
24232.47782
28161.58302
-211730.6276
-182919.8915
-173503.223
-126966.8665
-28385.92456
18761.29458
28746.97753
-258316.1842
-156349.7332
-67538.71679
-24621.01005
6656.919023
24339.43548
28183.33247
-265680.9343
-200405.5887
-84464.83334
-27305.40398
1527.865641
16755.98009
24623.11665
-283308.3271
-255957.8956
-116160.7001
-48328.1175
-10965.96121
11091.60695
19819.49385
-326509.2606
-234897.7365
-168059.0673
-78675.91944
-26986.5752
2826.338678
18120.25721
-314142.9515
-261393.5856
-189487.5884
-90077.51005
-36441.99623
-1153.900595
16852.18678
-270800.8696
-280007.9635
-194981.8925
-92319.67162
-39027.88749
-3079.17195
15305.39467
-245619.948
-243046.9875
-194372.2429
-103692.0734
-53854.28095
-9628.319248
3155.182943
-242651.818
-184331.7371
-165091.8412
-90344.77648
-35530.92293
3525.919539
-2915.374304
-299750.8941
-306446.1141
-197354.2448
-148179.9701
-80678.34756
5065.515891
-22423.58378
-531776.1617
-603239.9879
-419919.9702
-329816.1681
-196554.4621
-77906.07783
-90893.72293
-415906.5542
-368926.2627
-248122.3833
-198273.0058
-85234.97641
-72397.15175
-47402.46908
-309325.935
-285250.2458
-168811.1069
-117829.7838
-50125.25978
-42622.74881
-31050.35768
-273348.3131
-237907.6845
-149875.8181
-120051.4452
-76428.49765
-62701.37461
-37709.62851
-259550.3774
-187574.4862
-233262.1176
-231064.1719
-209335.3756
-128179.023
-77688.82001
-236837.8479
-249120.0813
-292387.748
-207289.9724
-109298.4796
-89180.43515
-50641.69812
-256519.403
-191901.4703
-233896.5199
-230964.4118
-209928.3995
-130565.147
-79421.62317
-270011.8657
-238968.4587
-150593.9083
-122832.6807
-78390.09119
-64673.34221
-38795.82509
-306607.4275
-285622.2305
-169229.3848
-117999.0881
-50319.83079
-42771.97089
-31229.50716
-416034.1147
-370534.4115
-247602.0923
-197299.9493
-85161.86255
-72535.75656
-47383.43663
-527388.937
-599119.9335
-417487.1693
-326199.9037
-194851.3399
-77082.56046
-90903.08918
-296910.8344
-300686.0694
-193698.6104
-144886.619
-77499.75258
5738.450015
-21950.89654
-244128.2007
-184919.5301
-167201.6174
-92231.48055
-36575.15272
3628.231885
-2137.954326
-217767.1455
-202256.1832
-147916.0715
-163991.8917
-136717.9638
-88090.80622
-194687.0395
-269574.7734
-269281.0056
-220996.8012
-245755.7504
-218904.8901
-288958.3439
-158982.2023
-421462.3144
-429322.6261
-405991.784
-358315.4782
-226185.8322
-181288.7088
-74747.29597
-452276.4184
-481355.1628
-420696.0245
-358467.4553
-198817.1624
-137339.3411
-47189.4988
-342454.4452
-373118.1351
-373830.202
-314638.9009
-186866.3267
-123147.9118
-40043.98136
-300865.2781
-327824.2569
-368978.2631
-337204.685
-250359.8509
-106958.7391
-34971.89552
-282448.5758
-291898.3141
-340549.6216
-341871.7929
-201028.6306
-73558.00967
-52554.88078
-272957.4145
-286854.429
-302963.5147
-178241.211
-81389.79302
-48246.14667
-42307.96925
-278941.3125
-293496.9652
-346301.3195
-345016.3818
-200663.042
-77278.79353
-53827.58913
-298029.9557
-329984.1008
-370580.7152
-338518.7426
-245996.1986
-110660.22
-35170.32178
-340454.2989
-373976.9691
-374132.1642
-314138.6036
-186708.3683
-122452.2336
-38567.42755
-450044.8247
-483378.6324
-419510.3032
-356568.1362
-198770.9282
-136508.5065
-47244.95926
-417364.5914
-424351.945
-398314.8125
-353070.2202
-225552.1503
-179012.6812
-76497.64281
-267233.6414
-269498.816
-217984.7386
-243334.2005
-217459.6173
-290366.7613
-162386.5649
-217142.5115
-202620.2325
-147461.4741
-164254.2145
-139304.1998
-88349.54428
-193615.3565
1367.759984
1541.501046
1745.719552
1721.757944
1692.165065
1791.414034
1746.14507
1655.446757
1655.922941
1682.341709
1672.412502
1586.845519
1513.933378
1452.704362
1377.860989
1632.088538
1623.391515
1740.475454
1778.251442
1768.868522
1810.715264
1793.349723
1791.659363
1811.099551
1774.335415
1831.768447
1761.896788
1678.969214
1641.060894
1568.917783
1852.106704
1749.638702
1961.676035
2010.440519
1995.092678
2059.976944
2065.17728
2049.790322
2051.10014
1909.052076
1862.692405
1773.27529
1554.444584
1478.454014
1521.829625
1755.7143
1788.886482
2000.627607
2028.320933
2032.010005
2141.168477
2218.687074
2225.288798
2235.105294
2101.592949
1919.747512
1907.455942
1843.846627
1694.851339
1503.59959
1690.448834
1804.484555
1987.330282
2041.540626
2088.355936
2230.339785
2343.821949
2387.351764
2434.20872
2386.118128
2089.226097
1863.65826
1763.874205
1747.197079
1614.019874
1817.968173
1837.894497
2032.258478
2131.167455
2186.593897
2362.860392
2480.255568
2469.268373
2467.565418
2445.232711
2259.304395
2021.04982
1759.846803
1657.897519
1665.667894
1765.882186
1779.073571
2030.566014
2208.421131
2277.433526
2447.528338
2565.763717
2546.604705
2571.64363
2496.194333
2282.297482
2113.128494
1885.853822
1621.047057
1565.207158
1600.802904
1703.286643
1996.573183
2218.476419
2323.800337
2459.237082
2492.74512
2406.989584
2474.230652
2513.227006
2308.491895
2059.435167
1866.391581
1577.807009
1440.535836
1557.993579
1655.383894
1934.76673
2172.249153
2319.240328
2509.554303
2552.55871
2460.892748
2373.718796
2327.628904
2195.742683
1949.899421
1736.424716
1484.714338
1376.986505
1581.79477
1619.218895
1809.041875
2014.21564
2136.054404
2411.404444
2482.689902
2447.34536
2318.647772
2138.965834
1985.446945
1796.858323
1597.356685
1368.077503
1331.086407
1541.31993
1600.946697
1742.841622
1928.226975
1899.625473
2112.964362
2264.2381
2277.774124
2176.573346
1989.97673
1818.723367
1663.146864
1494.917205
1261.863189
1287.952652
1395.404388
1446.809673
1513.708255
1761.133961
1831.328463
1892.385082
2016.112211
2035.389374
1935.395739
1787.938177
1655.987018
1518.421108
1348.106682
1102.782154
1194.796058
1323.243834
1368.005878
1324.32865
1542.439486
1676.085134
1703.572163
1779.472658
1804.06546
1722.80267
1599.048318
1500.880876
1381.357588
1251.778791
1065.586829
1200.513549
1220.046895
1322.060384
1242.72452
1390.44707
1532.463827
1579.773949
1559.89517
1513.216166
1463.395441
1382.394068
1274.012039
1147.876922
1156.092314
893.0846052
1143.387857
1207.759407
1336.890467
1355.469565
1293.193532
1410.202974
1530.890676
1503.274075
1418.047509
1372.153279
1319.736675
1281.473483
1221.51439
1107.777226
851.2319269
908.0313369
4136.837773
4394.244582
4610.505249
4435.355964
4408.487373
4457.642329
4384.75535
4352.702852
4386.030662
4395.178039
4415.563692
4436.887243
4301.312599
4171.13252
4199.936892
4454.004119
4560.238474
4634.365843
4537.443582
4545.72729
4568.447589
4529.374359
4544.704357
4573.574712
4473.998896
4450.057628
4541.459709
4678.873772
4439.259247
4311.924219
4664.553073
4650.935304
4735.02289
4689.831923
4734.622364
4768.383571
4719.853499
4716.412192
4768.746408
4675.291776
4486.633715
4259.58713
4387.150565
4375.493926
4282.678733
4468.470448
4552.118911
4711.790204
4688.559314
4769.117909
4864.838792
4891.0558
4898.551768
4896.140555
4846.48259
4805.920421
4601.190111
4439.085546
4416.347263
4254.184519
4422.126308
4536.216804
4726.598192
4738.278732
4830.741364
4937.933286
4999.604332
5084.603897
5102.039823
4941.055533
4776.683944
4715.010386
4527.854814
4403.465859
4272.656158
4497.913922
4574.405206
4759.464461
4793.965241
4903.800881
5022.374619
5066.838967
5149.717926
5222.064326
5124.476327
4863.438488
4705.116474
4557.454802
4379.647978
4282.204281
4384.170944
4526.91471
4757.45436
4830.82014
4985.333433
5127.02893
5177.430891
5253.026391
5260.497377
5158.178433
4942.412548
4749.895959
4568.358091
4310.901722
4200.637048
4252.939608
4446.473096
4726.263352
4808.88183
5017.964784
5242.900102
5313.282138
5315.118831
5202.234099
5075.154521
4901.385794
4722.930265
4545.185078
4237.084832
4101.003098
4257.196197
4415.817515
4711.015166
4770.777426
4918.962798
5203.234384
5321.471955
5260.724838
5075.558746
4939.661746
4810.6276
4647.850679
4479.564583
4173.717851
4058.302514
4262.778626
4355.822527
4617.883808
4725.774223
4766.594274
4978.163062
5105.595789
5078.574306
4954.901696
4818.530095
4687.965706
4536.919867
4372.167694
4081.941067
4019.830813
4194.903239
4273.09827
4476.307086
4698.041122
4710.977335
4770.761784
4843.562512
4850.798747
4798.56599
4689.477129
4545.881737
4404.598249
4242.38339
3981.815723
3953.820964
4133.734345
4168.395691
4224.832545
4438.913601
4628.957879
4682.442012
4681.170385
4663.504322
4624.014442
4533.286698
4391.90317
4236.689471
4053.117279
3882.471086
3831.155776
4167.549299
4094.320082
4101.968878
4229.777414
4403.049983
4506.932068
4510.809019
4484.262119
4448.58942
4358.675304
4215.274514
4045.040721
3945.416939
3942.763958
3832.786853
4086.731799
4200.697265
4044.617819
4111.046034
4217.646091
4290.359137
4255.998307
4187.701033
4169.225498
4115.056818
3989.606655
3874.785608
3973.055136
3729.945052
3852.431802
3830.269837
4093.997546
4140.656673
4072.898529
4094.803438
4145.552539
4138.911414
4098.270258
4071.700621
4012.547717
3968.060672
3941.829278
3924.322627
3618.252869
3750.434882
7170.277478
7283.456319
7423.37663
7384.107013
7424.810497
7481.542182
7409.341886
7375.071436
7453.122183
7429.729449
7351.441408
7293.222673
7119.677517
6902.690734
7035.71354
7328.189254
7437.807011
7496.943918
7531.272956
7583.995648
7602.723262
7552.806694
7520.963547
7576.614294
7534.231369
7446.332207
7455.634073
7565.569965
7213.465968
7081.66566
7449.223489
7510.937673
7654.286506
7698.730603
7729.000983
7766.614788
7763.631491
7719.001552
7701.587804
7684.486418
7484.768905
7131.622304
7305.068223
7375.788477
7079.853698
7412.436469
7536.494729
7668.707737
7651.322226
7677.377121
7803.000706
7942.230566
7959.450454
7814.55533
7752.986063
7807.098509
7526.950124
7312.74794
7416.585803
7169.935461
7445.938189
7601.741697
7700.780957
7675.439308
7698.601216
7874.612903
8156.645873
8362.979475
8204.090701
7846.387481
7690.923344
7675.089571
7468.368684
7356.278383
7247.101292
7510.684106
7616.276754
7728.503028
7776.713312
7878.248525
8121.457804
8500.307304
8828.167824
8718.141239
8257.365031
7788.216714
7622.112845
7554.372841
7411.645371
7293.979857
7424.073589
7533.554875
7712.466792
7871.415311
8145.647847
8550.585859
8958.921916
9243.531913
9134.042039
8601.215795
8009.028167
7677.250342
7539.098451
7394.686351
7234.666689
7344.146904
7471.169828
7675.875309
7857.548568
8270.992167
8884.292738
9263.820952
9309.301616
9195.05443
8689.133452
8060.981157
7686.829737
7504.816309
7302.026038
7114.730773
7354.05342
7466.731214
7630.470843
7728.168275
7993.313948
8662.186624
9155.4668
9204.408195
8890.581081
8392.465902
7869.204396
7575.29956
7449.086291
7225.877202
7048.016267
7308.537509
7392.15167
7528.270214
7680.726166
7707.869105
8098.587556
8526.934451
8661.881335
8377.671769
7996.935676
7639.595179
7446.288798
7366.410911
7133.671674
7015.456308
7195.953124
7299.068675
7361.122254
7600.574848
7641.165183
7727.034333
7894.341866
7996.380148
7849.957129
7635.333015
7426.133319
7323.404814
7222.264154
6980.854156
6931.064968
7058.046161
7159.998498
7177.25167
7299.567083
7497.875576
7593.907249
7619.473395
7625.34128
7556.785193
7452.619739
7327.541024
7208.77254
7008.959528
6811.899091
6735.06556
6980.447543
6956.083824
7069.739094
7204.825754
7319.341156
7445.85916
7481.647195
7459.698945
7420.45326
7347.572253
7208.839276
7019.708262
6858.223745
6782.201426
6596.884334
6852.036981
6969.723542
6974.991003
7148.810788
7232.297101
7306.850322
7302.604639
7235.938982
7217.014506
7160.774291
6989.265505
6801.501913
6790.700403
6478.270642
6535.119693
6702.884091
6838.12545
6908.832643
6949.220771
7057.890542
7153.17142
7162.019914
7109.032055
7069.847632
7006.946064
6905.830588
6784.094878
6676.409677
6334.259557
6506.079808
10550.65007
10690.30763
10746.82825
10568.61496
10521.0674
10563.06852
10531.18736
10526.65818
10526.4691
10458.09309
10423.92657
10461.02302
10453.78622
10308.66309
10421.08952
10719.10551
10736.23513
10689.64039
10626.23493
10671.7905
10756.17797
10787.97354
10805.72145
10787.60841
10666.78979
10546.41323
10552.77577
10738.45446
10551.25731
10485.67405
10770.80487
10692.03291
10784.36274
10870.40942
10999.6318
11144.636
11228.27978
11250.31483
11187.40872
11076.883
10779.83761
10346.60265
10424.30754
10563.09767
10394.21295
10596.52395
10617.09503
10844.33774
11024.23999
11250.4961
11457.94922
11606.92518
11649.65317
11532.28981
11422.19787
11328.73739
10849.7685
10468.3464
10493.66667
10345.26758
10535.34288
10667.94354
10968.02204
11223.57871
11496.21663
11705.40159
11841.86137
11894.74507
11871.47879
11641.31781
11462.03524
11193.86988
10719.3094
10414.92855
10327.28702
10585.99766
10751.85144
11116.12167
11417.17574
11693.16579
11772.33301
11630.0894
11531.07297
11796.08082
11824.19584
11582.06983
11280.94333
10933.73068
10527.47592
10345.83507
10536.09826
10758.02149
11193.22499
11546.78479
11816.95868
11672.60544
11017.52473
10640.51158
11168.80555
11686.302
11683.46371
11355.23828
10969.15083
10571.76979
10313.26314
10457.96808
10727.62727
11201.82665
11562.36611
11804.575
11572.77567
10670.40432
10096.99203
10565.5968
11375.73253
11604.61532
11350.34422
10940.74806
10509.95077
10233.48486
10391.13676
10635.0677
11097.33607
11448.03851
11684.211
11731.54411
11190.02404
10585.29565
10877.94173
11451.81668
11524.56725
11228.10511
10855.18928
10401.32139
10128.64028
10326.4037
10473.51523
10887.32822
11333.0647
11511.03274
11672.87726
11608.78212
11358.38807
11443.0052
11556.53797
11396.42125
11066.71186
10729.3481
10265.95397
10042.92389
10267.20568
10356.57548
10597.79453
11107.57006
11383.68188
11512.68946
11565.55403
11536.92581
11503.27792
11386.24596
11141.03309
10827.89097
10473.99885
10060.18342
9960.004793
10231.52569
10257.11441
10329.7003
10618.10886
10990.18987
11224.91309
11286.83211
11274.84521
11198.29338
11062.8156
10826.58745
10516.04832
10150.34087
9891.034248
9871.819071
10276.8365
10141.19871
10197.0774
10343.38497
10537.66531
10790.05434
10896.09158
10890.60694
10824.34385
10705.16048
10459.9797
10163.11774
9958.485975
9944.591347
9888.463063
10226.50276
10233.50355
10167.4799
10236.4842
10288.52492
10410.06511
10461.43202
10427.49803
10383.47469
10294.37383
10077.9208
9890.419538
9952.752657
9809.776365
9936.268048
10077.59144
10230.82499
10195.44582
10119.56704
10139.85667
10199.96947
10229.97617
10213.9565
10142.67616
10048.32524
9955.160859
9923.292188
9968.894621
9761.479135
9912.500823
13720.36841
13954.74835
14258.38796
14326.92749
14336.63923
14317.9717
14237.061
14203.79099
14224.93338
14234.04291
14265.46189
14232.47486
14011.47998
13624.94196
13589.23163
13993.06723
14249.1264
14425.8867
14414.31756
14340.64474
14250.84871
14192.90802
14176.58356
14171.39319
14146.70197
14204.81945
14318.00509
14439.11118
14052.6978
13735.72543
14289.91431
14439.52887
14525.15698
14418.93543
14239.08967
14120.98638
14085.59375
14066.18307
14020.81122
14012.80261
13995.06842
13938.90527
14178.07488
14275.70763
13907.45191
14339.20436
14405.264
14393.60682
14182.30771
13984.77412
13901.25128
13887.66172
13873.1971
13800.13905
13839.20158
13991.67108
13979.04139
14044.33651
14251.02156
14083.55976
14330.41686
14329.71344
14208.42446
13962.04441
13762.52691
13706.78323
13746.07778
13878.16993
13726.26177
13613.20037
13701.37519
13880.08918
13941.77082
14063.87129
14125.67675
14322.25798
14241.12655
14095.42535
13868.92138
13688.93376
13765.17653
14116.28825
14592.83006
14228.76749
13750.98954
13550.64971
13707.62964
13878.92767
13990.88999
14081.73298
14211.62568
14143.65997
14044.39605
13838.16687
13707.13689
14128.14961
15066.62434
15942.26563
15210.49908
14110.34156
13535.66233
13610.23218
13792.77152
13927.7311
13970.84945
14111.24664
14071.67433
14004.65291
13809.59353
13790.08332
14571.70972
15921.28021
16754.60963
15843.80233
14405.07576
13579.70027
13558.67307
13724.9616
13833.26307
13858.1157
14097.60585
14014.77426
13919.32436
13739.49293
13594.56445
14149.37572
15163.97916
15823.44667
14889.42666
13888.46959
13397.781
13482.58051
13670.79762
13762.20475
13797.20108
14109.24087
13965.66847
13824.44049
13743.05735
13512.87474
13647.38253
14028.86546
14360.41385
13874.85563
13501.94262
13350.76656
13469.4704
13655.20213
13718.09488
13776.26329
14092.74612
14018.79359
13815.07831
13786.73416
13598.46262
13500.58704
13453.26174
13514.29136
13374.77416
13342.32052
13355.99375
13511.20181
13653.99718
13676.23992
13742.71186
13973.91196
14038.86392
13877.01677
13766.96164
13680.06791
13639.96724
13558.3376
13495.55247
13453.35874
13463.95767
13506.38704
13617.09413
13647.72015
13624.67727
13595.66092
13749.19865
13889.6774
13946.0557
13886.82193
13750.82899
13728.74107
13717.4756
13675.30134
13637.008
13627.32102
13636.3021
13653.87533
13657.48331
13629.7151
13370.20912
13452.15478
13717.43982
13894.24106
13982.86057
13910.05156
13857.88167
13814.31751
13746.84167
13729.35234
13732.75667
13688.34953
13623.09185
13633.0029
13281.0956
13151.82159
13189.33491
13441.55074
13657.98596
13836.21185
13929.08826
13923.14796
13871.54166
13818.97173
13789.14226
13771.81707
13737.82689
13638.31933
13442.15448
13008.0744
12978.20626
17119.80891
16975.70606
16800.37595
16697.33588
16843.19057
17056.13609
17094.30552
17115.63188
17076.41949
16963.98593
16753.20937
16587.99116
16553.7121
16640.70765
16959.32207
17001.30865
16832.39282
16827.47009
17063.69347
17396.65126
17664.45311
17690.67981
17700.87163
17672.24088
17565.22187
17262.46884
16953.88672
16789.09919
16604.08838
16733.81513
16820.69839
16834.77835
17186.57639
17642.29898
18129.94198
18409.20724
18422.80464
18425.86893
18372.09468
18306.60402
17902.80613
17238.60827
16875.11889
16652.41187
16465.63779
16700.41662
17055.23597
17622.61378
18200.58057
18689.55261
19046.90419
19250.40589
19358.72125
19185.40646
18997.6943
18671.90218
18004.78341
17320.00359
16887.28157
16440.74882
16825.5335
17379.11556
18094.63567
18663.18424
19216.65336
19718.3314
20121.61251
20305.545
20102.44227
19647.80398
19164.13382
18561.12014
17836.64439
17119.39459
16593.21127
17042.22625
17635.76138
18360.97751
18994.21929
19688.16166
20220.85098
20539.9323
20586.3308
20627.03964
20207.58166
19579.85255
18855.23094
18148.76231
17387.09177
16779.88619
17058.00669
17627.65905
18352.31367
19163.06558
20050.55242
20531.48107
20203.43681
19632.97876
20290.34547
20500.93553
19903.45587
18979.68558
18123.93256
17403.15983
16793.65293
17021.82741
17589.18769
18331.0981
19239.25313
20168.30465
20539.23249
19642.64094
18574.72709
19522.57277
20371.37572
19988.51625
19030.91369
18074.94039
17337.09221
16739.87023
16943.95795
17511.59232
18241.90943
19061.73412
19923.14581
20507.25428
20259.90516
19539.54295
20008.69906
20280.57611
19751.01684
18827.18575
17991.30798
17234.92232
16618.32643
16814.79444
17367.81776
18104.07558
18840.7892
19480.04998
20054.10721
20387.41214
20319.74288
20258.40286
19929.13933
19336.06657
18585.90397
17909.04903
17097.7684
16467.6561
16551.72275
17046.37199
17706.46122
18439.1387
18985.81673
19451.37024
19771.58693
19884.19533
19702.13013
19317.07971
18784.00096
18188.87054
17517.32501
16705.63915
16189.96578
16313.07071
16665.42498
17118.29606
17772.70293
18333.18184
18715.53207
18858.00437
18916.10355
18767.5968
18566.17181
18180.48649
17618.70062
16879.48797
16261.55441
15925.21306
16263.2148
16279.8211
16612.13277
17118.71503
17624.54325
17969.09311
18003.83571
17988.00673
17938.59765
17873.47714
17496.97956
16881.6096
16329.25254
16004.74077
15876.28384
16434.65456
16264.61139
16277.20265
16601.75336
16931.73246
17227.00917
17270.95991
17238.79664
17191.19951
17101.19462
16713.85926
16261.96947
16006.45497
15838.91782
16089.50649
16545.75962
16409.51105
16179.30058
16172.52967
16382.57227
16610.32983
16681.76873
16688.14622
16600.71012
16459.964
16188.56136
15965.52096
15945.00569
15975.14378
16300.72713
20333.56356
20842.91273
21083.21816
20772.17494
20388.16107
20136.18106
20096.37356
20125.85725
20082.29929
20048.88679
20290.04527
20652.7682
20844.16656
20526.5964
20186.41672
20862.79674
21116.06191
20837.98162
20344.62553
19858.87864
19665.4684
19869.43885
20005.81247
19856.88065
19581.53502
19730.84795
20231.70867
20767.76323
20878.34711
20616.42253
21107.18908
20847.25578
20380.96767
19799.19352
19414.83261
19470.56149
19845.34532
20013.26691
19807.79355
19389.1021
19218.87653
19450.73197
20092.29949
20650.90627
20784.40562
20778.02353
20336.8726
19779.96607
19401.1183
19257.87687
19348.46126
19566.37941
19599.98639
19508.25932
19298.92882
19210.23354
19202.19217
19498.10554
20152.2533
20512.1213
20371.62666
19837.60761
19376.98241
19233.51179
19188.05382
19338.66144
19409.81465
19358.38854
19390.11159
19270.63725
19107.31895
19096.68309
19125.35303
19583.03856
20123.99285
20118.85432
19632.73581
19419.99951
19301.82535
19309.83927
19436.19741
19097.26679
18745.84311
19147.94128
19400.36302
19198.71394
19139.8039
19197.11585
19385.34824
19855.26518
20054.88803
19803.26401
19775.29103
19493.64677
19341.86675
19087.14275
18533.20939
18680.19117
18613.4048
19030.95238
19197.40834
19287.83983
19532.02149
19567.9489
19795.53431
20026.94689
19893.17798
19926.91575
19516.13519
19234.76282
18682.8818
18627.45072
19224.54495
18580.87779
18542.88289
19055.005
19279.49581
19655.69228
19629.10874
19748.64611
19942.8873
19703.70122
19697.70559
19431.6523
19222.76031
19041.00929
18536.96066
18533.61886
18356.33733
18845.62621
19054.64061
19171.17232
19427.15174
19417.52514
19624.7299
19889.01033
19392.19459
19210.09926
19178.23134
19115.04838
19259.86248
18931.06433
18479.82229
18826.9419
19145.11465
18966.52884
18913.17308
18988.06121
19116.99246
19550.19957
20074.88618
19515.61944
19026.92268
19009.13918
18956.91653
19064.52597
19062.76302
18957.06017
19000.01217
18942.53248
18771.00318
18772.67015
18823.53887
19185.92573
19715.75645
20365.03517
19944.26527
19306.64505
18987.0925
18897.62323
19023.97821
19209.24309
19203.90804
19120.42623
18890.98062
18764.22133
18836.93952
19069.10077
19557.23539
19984.2926
20526.78333
20291.17222
19821.96686
19291.05592
18924.46837
19038.7274
19433.32057
19585.1228
19376.44038
18953.36373
18807.8093
19072.42618
19553.65901
20014.67815
20160.01356
20257.25095
20521.40937
20289.64764
19871.96394
19393.26925
19231.27104
19446.7685
19543.61986
19377.61466
19119.24994
19197.34458
19564.53865
20017.75535
20125.63323
19923.63331
19727.99965
20246.72926
20469.27098
20239.36874
19912.99619
19688.63221
19684.1876
19697.07307
19607.89799
19549.23475
19726.29528
20026.07008
20222.08251
19838.66529
19502.57243
21812.27942
21589.69136
22126.85443
22971.74031
23557.92214
23873.96397
23615.16134
23479.74169
23598.88749
23800.54127
23466.73122
22847.73185
21892.64866
21280.86956
21637.38409
21610.96132
22169.21797
23092.76242
23891.0439
24556.56071
24489.30108
23817.78682
23534.74731
23805.18394
24418.44834
24440.80978
23775.3382
22979.79117
21908.99158
21352.30985
22149.41132
23101.84319
24001.34048
24780.70925
24886.56826
24506.23121
23676.95203
23412.36285
23666.19479
24457.81846
24732.86977
24498.03192
23751.96027
22887.19041
21839.42387
22976.26712
23882.69271
24763.67203
24949.7346
24826.95592
24584.54785
24120.20913
24055.31294
24094.15791
24563.76117
24787.88948
24770.98773
24512.81497
23688.2195
22717.65892
23543.22333
24531.57975
24853.8055
24806.72496
24601.84823
23313.70305
22964.8002
23118.69008
22911.18394
23213.23876
24533.40368
24677.10802
24626.90223
24305.34473
23308.08216
23845.93461
24450.50084
24461.29101
24548.26767
23306.39699
22856.54348
23195.38479
25328.39176
23212.64637
22784.60859
23146.18016
24402.56823
24262.43009
24233.22889
23612.05337
23560.40063
23745.49476
23608.11923
24061.31996
22930.77278
23173.84508
25608.15817
26543.87555
25661.59841
23110.26533
22739.14954
23879.30846
23398.04084
23531.90929
23320.4415
23374.49137
23423.26615
23316.7843
23976.46616
23066.73788
25215.61311
26503.26455
26519.38663
26460.08598
25150.50456
22853.30194
23757.73685
23077.249
23179.25788
23110.32676
23447.46073
23650.25459
23530.91206
23999.92554
22878.45816
23145.00937
25593.33304
26427.94655
25459.94816
22977.98708
22660.43905
23760.02698
23287.89467
23388.74404
23151.65088
23611.3862
24222.32529
24271.90324
24439.02101
23219.045
22737.76451
23049.82674
25041.68312
22953.93976
22606.79314
23011.25554
24196.44242
24061.9397
23966.99137
23298.98705
23220.04052
24211.9678
24535.97576
24597.02741
24400.64424
23164.54492
22732.76172
22826.80419
22643.02448
23010.48344
24235.68183
24391.72262
24343.67653
23909.62233
22882.69991
22531.89849
23475.4183
24320.45118
24567.13815
24489.86257
24282.70423
23785.7916
23687.42733
23721.48062
24180.36429
24383.77224
24430.34561
24095.28557
23120.61554
22165.86579
21539.93963
22539.39535
23471.4311
24292.13648
24431.64934
24101.00529
23277.48539
22995.44405
23239.57005
24036.33902
24334.17441
24098.42767
23204.13594
22241.01881
21180.18013
20960.36315
21538.03739
22526.408
23399.61976
24097.40356
24066.76521
23403.91216
23090.42511
23345.19792
23966.70971
23920.79885
23129.60363
22246.40199
21157.44289
20618.65927
21179.51922
20964.27729
21493.03991
22420.52923
23074.04746
23429.37433
23197.64938
23045.19717
23127.22862
23302.10336
22902.3715
22202.72121
21234.44995
20573.12539
20893.88321
29052.56683
28336.43349
26959.21397
25838.63522
25078.08887
25358.48761
26172.84122
26577.81687
26151.76324
25279.94723
24971.84878
25706.21866
26742.58021
28038.80678
28845.29749
28356.39909
27090.02951
25894.16757
25124.29852
25259.89379
26325.89959
27575.24171
28113.2169
27551.29197
26245.24102
25141.53049
24994.84788
25752.26372
26823.06971
28077.09157
26985.56298
25903.80618
25038.24869
25404.15961
26271.20152
27428.33137
28632.23879
29030.69396
28610.18674
27367.88769
26142.26977
25197.43699
24833.97715
25686.89755
26697.87336
25853.0719
25118.63261
25386.38827
26273.30455
27166.33618
27980.41289
28689.66023
28971.69516
28664.405
27948.81097
27095.06645
26109.2038
25187.29721
24925.59755
25603.9951
25066.33405
25227.39071
26230.40402
27144.31096
27892.75816
29503.33139
29928.31291
30139.10354
29906.43165
29480.11555
27834.1591
27013.07736
26040.44753
25026.5081
24837.79751
25318.03056
26257.52193
27350.59769
27917.40143
29464.91801
30145.95805
30545.04406
29406.24623
30540.8452
30091.66808
29405.71085
27799.11428
27177.718
26063.66122
25093.34491
26106.79725
27480.51487
28524.87982
28584.20466
29856.97499
30515.31104
29144.34275
28535.5712
29125.88598
30448.67981
29739.21316
28438.49925
28336.54336
27279.6889
25871.86257
26463.44918
27985.30804
28897.68101
28830.86055
30021.29464
29409.45214
28553.28921
28537.27199
28453.43929
29231.34173
29887.00719
28669.59627
28687.32533
27754.5211
26197.57705
25999.87324
27401.18401
28467.58556
28527.77612
29763.8802
30431.58766
29093.63269
28472.18746
28991.97007
30324.52736
29629.53568
28336.01127
28240.70923
27148.13091
25705.05396
25105.23824
26072.92608
27196.07194
27785.24343
29277.35025
29979.71636
30344.39727
29241.43431
30298.08279
29890.85247
29168.22205
27589.6706
26984.99446
25816.09928
24795.63551
24746.61112
24930.57242
25947.32465
26903.74109
27643.31837
29207.13473
29612.15506
29791.10269
29573.91515
29135.03028
27512.7182
26728.46757
25747.25208
24639.43896
24410.20777
25423.81677
24739.34519
25002.43591
25909.97147
26822.28838
27637.34043
28316.09171
28560.04258
28261.43031
27546.67826
26716.71154
25765.1703
24770.62813
24393.48462
25047.27971
26418.76509
25408.55491
24585.9348
24973.70426
25848.29878
27019.72299
28217.80569
28591.84519
28172.50119
26938.85781
25733.91649
24771.47384
24298.98857
25071.12481
26028.97956
27707.32936
26502.46002
25390.11732
24680.47546
24829.17027
25906.36889
27155.56603
27666.3461
27094.47589
25791.40197
24648.86094
24411.01566
25081.26187
26110.64793
27319.80164
28386.53107
27714.01022
26389.9091
25343.95628
24630.40628
24933.02685
25756.14699
26137.64782
25682.65392
24796.66819
24440.18661
25093.47657
26084.44614
27316.57958
28002.78236
28332.04179
30636.15325
31812.62299
32853.09912
33003.94951
31487.61397
30132.28067
29809.37051
30090.48224
31404.69719
32872.83592
32694.7136
31595.84786
30367.39804
28102.96047
30639.54173
31664.58499
32981.39908
32711.19585
31650.25771
30060.00836
28808.50705
28594.22158
28771.80973
29980.14075
31510.01158
32538.30451
32771.85148
31392.11283
30386.40169
31837.77845
32989.96554
32683.53609
31573.94256
30263.26995
29336.40473
28613.82013
28742.78911
28594.91286
29283.22864
30140.00744
31397.12617
32489.07559
32756.30147
31593.44661
32859.68651
32709.60798
31564.5806
30595.58065
29960.61609
29857.47258
29787.44388
29988.06971
29787.13746
29835.27941
29870.37776
30430.74094
31367.68043
32493.667
32630.79121
33000.32286
31624.37305
30230.41365
29941.27991
29897.59424
30672.38956
30935.40778
31196.02946
30938.55039
30661.89559
29848.5533
29809.46467
30046.11298
31418.30343
32766.88498
31471.90129
30018.15512
29282.38947
29811.20147
30629.01374
31494.3004
31448.33542
31085.40754
31441.2279
31460.02065
30584.24628
29703.10398
29119.2099
29824.61106
31240.71438
30074.88611
28729.1991
28520.25847
29701.88241
30853.48039
31423.76861
31013.15841
31541.39078
31055.99291
31351.9107
30772.67361
29576.72989
28351.13842
28522.18114
29829.31743
29727.65492
28487.43996
28617.75108
29862.98828
31043.71615
30937.14049
31369.23979
31503.69935
31457.47472
30913.02128
30947.73493
29706.55505
28422.91484
28252.52955
29450.65505
29951.00427
28629.57011
28448.59891
29635.35463
30735.04761
31308.70782
30845.22583
31295.01845
30859.59653
31218.08695
30631.87356
29456.76005
28229.26789
28370.88533
29644.77541
31202.3191
29798.34108
29111.39498
29676.45294
30435.19994
31280.0453
31226.53983
30777.60201
31202.05908
31214.78271
30328.79579
29481.81055
28882.27839
29522.42655
30877.28637
32621.95955
31304.67627
29951.66128
29705.62258
29670.44055
30359.00661
30584.65729
30818.76555
30568.27548
30293.10992
29537.44594
29533.59336
29737.92051
31014.89643
32283.27719
32369.72389
32293.24543
31190.14618
30251.91017
29646.64116
29549.6392
29448.75911
29620.24461
29409.36487
29462.77046
29527.72253
30090.70111
30946.28967
31959.56429
31998.5463
31221.82626
32468.26102
32240.26243
31165.80945
29872.49827
28966.91097
28236.45393
28343.59265
28189.22377
28879.04007
29741.29105
30955.80286
31936.10552
32095.8884
30814.40181
29932.81295
31026.02349
32448.44755
32252.02719
31229.81872
29666.55204
28410.53002
28185.6225
28349.82697
29544.80632
31043.04626
31986.31501
32113.61637
30648.98989
29508.85019
27639.02641
29956.875
31222.99133
32331.4966
32546.57782
31075.13867
29722.03007
29386.09434
29638.91133
30928.27492
32334.58383
32033.42097
30854.59981
29536.93385
27158.43346
33076.36219
30916.75288
29676.96293
30623.17312
32475.34986
35129.48595
36034.58409
35796.24303
35973.47673
35013.58955
32325.02847
30441.71538
29463.66072
30657.71608
32827.79926
30917.06364
30310.27386
30837.13944
32668.93484
34331.89814
36223.00282
36372.72796
35881.46966
36307.37962
36097.09402
34188.11272
32485.02729
30594.16044
30033.24616
30656.11839
29692.07622
30840.45713
32833.59141
34328.44564
35135.43344
35594.68036
34796.91261
34205.62876
34755.40191
35494.72913
35029.17061
34248.4571
32715.41552
30620.61411
29480.02931
30629.24515
32659.33197
34317.84056
34902.47067
34808.90375
34484.78053
33545.4849
33204.07254
33533.47155
34410.10959
34668.34713
34752.15674
34182.82371
32464.56883
30420.83309
32462.06121
34298.27907
35100.18472
34795.92403
34129.97542
33598.96993
33544.09557
33530.31612
33518.44791
33574.63444
34027.48429
34640.15233
34938.69474
34126.66855
32252.09733
35052.35305
36130.50481
35506.14496
34442.56474
33573.60969
33556.28376
33565.42048
33820.78725
33529.9877
33484.14182
33496.46329
34296.14735
35336.80365
35943.51492
34840.06472
35944.02316
36277.50116
34677.26857
33478.24613
33481.81761
33541.74825
33596.38791
33437.79652
33505.10666
33450.737
33358.07666
33315.74038
34509.5403
36065.7072
35705.93222
35659.63109
35772.10943
34077.77947
33087.08416
33410.9228
33772.3043
33471.45683
33703.97217
33348.77343
33653.2007
33298.58039
32912.92295
33879.05311
35531.18532
35378.51511
35818.17486
36187.92198
34618.2726
33402.42487
33398.57677
33380.81435
33461.19052
33388.86164
33431.54284
33322.91845
33262.00635
33199.79388
34401.06308
35928.87455
35516.3446
34825.41427
35976.09713
35387.25749
34317.85004
33443.17384
33355.17465
33305.43821
33620.17314
33310.09455
33259.78642
33277.22322
34103.51259
35141.95971
35699.49011
34518.58154
32037.1165
33979.34865
34846.56659
34542.35821
33918.3149
33354.52845
33246.16881
33202.06108
33215.99787
33258.65197
33761.76245
34368.81864
34608.52406
33700.1518
31714.88602
30091.64765
32228.23515
33987.57151
34585.54348
34518.81582
34198.86987
33214.55209
32847.72057
33173.19353
34081.83727
34364.43467
34382.51049
33713.37322
31907.34351
29713.32534
29071.68083
30333.17853
32428.00922
33958.60533
34777.52179
35223.82973
34396.14172
33809.84686
34336.6562
35099.35166
34607.15455
33721.01643
32089.73258
29909.77625
28634.5783
30203.87338
29665.79364
30308.52555
32205.09652
33915.02482
35808.07267
35967.5144
35481.60349
35891.34132
35654.38512
33712.30578
31931.455
29935.01735
29276.07858
29728.89283
32406.38834
30249.60478
29100.79189
30102.21631
31997.25123
34681.65228
35593.13296
35330.79993
35495.16866
34503.79916
31753.71502
29743.59667
28664.09051
29794.148
31848.65871
37026.7008
37806.11339
36816.72567
35252.41027
33842.48673
31905.17999
32681.80906
32832.86296
32615.57235
31821.19326
33684.08933
35048.178
36602.16973
37582.63498
36768.49803
37799.30917
36917.57447
35467.88959
34548.8887
33937.93743
32689.59369
34120.59016
34779.33605
34034.52811
32601.99909
33800.21872
34352.56931
35180.12294
36645.41534
37548.26144
36823.70651
35465.63571
34366.44986
34378.9895
34432.85486
34522.35914
35525.7248
36246.36023
35486.69995
34461.95754
34358.53056
34332.83008
34271.04433
35226.58508
36626.96973
35276.08129
34550.25163
34365.77077
34883.0497
35269.78608
35599.69451
36317.99443
36735.45042
36278.6111
35536.96939
35144.70511
34757.51257
34239.52822
34330.42151
35048.34684
33859.04293
33919.06017
34409.49464
35260.17468
35831.12962
35118.8483
34854.64701
34876.31838
34823.71045
35006.58964
35754.8358
35151.26987
34282.49764
33752.21164
33636.19587
31882.56924
32647.16481
34464.60329
35565.51902
35111.62631
34786.46068
34749.42601
35240.44219
34702.44669
34674.3724
34927.24037
35450.56761
34341.88009
32474.3603
31653.16471
32612.24289
34022.31133
35455.4337
36249.29715
34809.36857
34734.08486
35256.73413
36941.25791
35241.10947
34629.48054
34667.56443
36065.99529
35276.19233
33789.69878
32333.89253
32738.51274
34672.06322
36152.44414
36702.88489
34797.1629
35116.78218
36521.84386
40458.10954
36848.21956
35079.79833
34656.62212
36453.60779
35958.11663
34418.54137
32417.71039
32444.08324
33909.7099
35346.28861
36197.10713
34742.99063
34569.87606
34985.61524
36437.49517
35095.05489
34519.35617
34589.78994
35985.40517
35100.60484
33640.82214
32125.95653
31543.99607
32403.71466
34279.72212
35419.14965
35174.15534
34644.98856
34503.72128
34976.05089
34520.91519
34507.63121
34817.82538
35207.2438
34017.74607
32108.33104
31241.83816
33392.73333
33565.02876
34128.90883
34996.03723
35665.27939
35076.12912
34592.24493
34600.19485
34563.08267
34821.08369
35472.78725
34811.31824
33879.4555
33292.23914
33056.84323
34725.51779
34106.07766
34045.01224
34563.45468
35001.92012
35321.15839
36017.25803
36468.5838
35961.20006
35196.71627
34809.54091
34338.20349
33766.739
33780.40522
34316.4803
36243.03089
34996.61153
34000.33262
34017.07433
34087.57615
34155.15689
35156.21783
35862.61077
35084.98418
34020.95428
33895.80087
33773.73253
33645.79982
34519.2853
35763.20891
37051.50347
36277.85703
34947.07113
34091.80965
33530.14949
32277.95131
33675.94783
34357.69295
33607.37829
32136.36734
33326.63302
33815.76523
34547.30891
35894.28535
36535.76068
36317.27735
37102.6857
36269.95635
34752.05437
33389.35684
31434.49696
32189.2545
32333.72847
32114.9295
31302.73397
33139.14887
34360.24175
35777.96514
36646.856
35623.8379
33085.12591
34337.30646
36431.40442
36768.67538
37407.7699
39280.77675
34550.73946
35400.99273
34485.36793
39170.92789
37208.92449
36544.56087
36246.12276
34144.36926
32817.56637
34316.65877
36326.46594
36937.67803
36172.73413
36632.78437
36580.94029
34307.5163
34756.68873
34250.02059
36493.13675
36496.17785
35970.57604
36616.05475
36068.39422
34089.25745
36435.99767
36935.98363
36268.09446
35786.92784
35262.14078
34623.90359
34527.35574
34626.15926
34516.83605
34590.07699
35221.83921
35838.9268
36246.38202
36720.99956
36285.63341
36801.08278
36181.78801
35792.80976
35291.97801
35330.76287
35896.96873
36750.1307
37164.14733
36800.71929
35904.64565
35197.16392
35169.48269
35688.80201
35950.77911
36566.09123
37419.55364
36612.33554
35235.46319
35328.28504
36177.00896
37120.35681
37285.64978
37851.59193
37396.96013
37092.02026
36141.64531
35202.37903
35103.01244
36431.84744
37153.48929
39229.60575
36521.33415
34581.19354
35863.45403
37097.50271
37234.89832
37536.79558
38817.93904
37943.78075
37235.54661
36986.28216
35796.22981
34438.14831
36334.30976
38981.41706
34513.48165
34228.66627
34394.68109
36650.45188
37229.01003
37508.79094
39441.47243
42809.43112
40962.09229
37886.25021
37228.38819
36544.34387
34252.90087
34003.37654
34242.51498
35620.61486
34730.08015
34379.35888
36934.52563
37519.46502
37546.7498
39045.21052
40029.26127
42849.31918
38727.15906
37657.50252
36852.98039
34232.18884
34505.25968
35331.88582
34375.63794
34119.36924
34360.71717
36569.37474
37061.61489
36885.93897
37544.55137
38994.30164
39357.43623
37349.92462
37040.3487
36432.63787
34118.35443
33839.44784
34053.11266
39010.65299
36364.95565
34462.17763
35672.82463
36949.77241
36978.38369
36828.80875
37435.98984
37328.76805
36955.91256
36777.01631
35493.97188
34126.76697
36034.91185
38663.34414
36955.94212
36313.64152
35022.7856
35025.47877
35884.05484
36813.81501
36882.68697
37330.80536
36985.07942
36758.81085
35746.74201
34829.6684
34719.84119
36006.83362
36589.18174
36198.54064
35748.6738
35516.40441
34971.6381
35045.25767
35554.5287
36369.29163
36729.11386
36391.37008
35480.86969
34831.30586
34718.71486
35198.43698
35410.90496
35768.76159
35829.22431
36501.07871
35967.01982
35477.8255
34964.27092
34318.28954
34158.71743
34189.31617
34093.09419
34163.86899
34725.78129
35217.8172
35570.61464
35948.4203
35319.81247
33498.24516
35656.06705
36432.37805
35726.71111
36232.00473
36172.63398
33872.04829
34358.94758
33818.35068
36020.12891
36004.5735
35448.32567
35988.11354
35275.56886
32946.96164
32351.44022
33569.79617
35878.03622
36253.77675
36901.91187
38842.77757
34114.15643
35083.60237
34034.36821
38665.71462
36617.08592
35811.10569
35318.71899
33099.93277
31540.24033
33377.54124
33381.94632
35010.73071
36106.47545
33531.04779
32542.33025
36190.38841
36872.55158
36115.59538
32310.66102
33375.99851
35901.05945
34848.01465
33183.2412
33087.07465
33340.69281
34475.6553
35861.65143
36346.64337
34305.70417
34186.40953
35771.24503
35388.17897
35719.60756
34113.16241
34179.32308
36152.16824
35527.09495
34192.60293
33096.07742
35006.3136
35856.2869
35963.90382
35121.04349
34841.01554
34891.82135
34493.98108
33951.60068
34484.33409
34837.30191
34814.3049
35237.63543
35975.21526
35640.05144
34877.62545
36135.26906
36369.67298
35139.41963
35180.39052
35169.49549
35179.41962
34850.76102
35418.20146
34919.51839
35139.20959
35034.64709
35099.83103
35055.01656
36130.50069
35917.16901
33598.83871
34313.01934
34827.16943
35166.64047
35206.57534
36189.59045
36878.92965
37175.17769
36977.9798
36342.10949
35175.90447
35064.55196
34690.57597
34101.84924
33329.41168
32325.48338
34177.96393
34826.02352
35128.41493
36200.32341
36866.82719
37369.63854
38049.66942
37653.75577
36864.85058
36221.30922
35016.71418
34664.06484
33935.72304
32058.04486
36136.51432
35701.16717
34384.14058
34749.95078
36826.70466
37357.62269
37860.63747
30534.64565
38862.67396
37576.81918
36781.4685
34664.5512
34200.44037
35449.0712
35855.63426
36635.74366
35178.67982
33873.92772
35201.08632
36870.3974
37121.22152
29877.40087
30021.4004
30443.99605
37907.1214
36966.09219
35155.99701
33638.82464
34868.77888
36290.06013
36035.77144
35601.80288
34348.57902
34653.18749
36643.68555
36835.79921
36488.86321
29847.13783
37758.43698
37146.44414
36611.06506
34538.68792
34072.4873
35285.05683
35689.94366
32316.89799
33961.18073
34762.85595
35023.149
35908.62436
36549.95344
36767.55283
37011.1846
37138.60651
36523.90607
35799.49872
34793.6821
34381.15535
33568.77359
31997.44569
33017.23039
33929.96364
34612.65718
34908.47194
34937.53633
35749.35323
36433.85853
36642.84121
36540.94603
35803.6311
34770.53811
34707.8996
34277.79881
33640.71827
32643.02677
35519.34482
35912.92804
34898.19325
34927.36342
34935.81313
34869.58664
34416.83445
34929.56534
34440.22327
34739.86759
34697.91519
34678.74741
34561.67702
35587.49769
35084.10289
34419.03406
35425.91692
35665.54036
34846.93763
34543.31455
34556.66264
34083.48276
33522.08866
34009.37111
34365.38731
34287.50734
34588.3024
35222.96405
34833.55127
33875.16746
32556.09332
33800.94688
35347.51038
35907.73946
33879.86489
33791.64773
35330.97489
34887.36295
35277.00738
33631.35155
33675.16054
35635.59754
34871.47113
33423.78991
31955.45863
32649.1206
32643.31551
34489.85468
35599.43217
33083.93908
32030.753
35754.04202
36300.43149
35651.86519
31772.16318
32802.5746
35125.14787
33874.21358
32131.47271
31799.64985
34208.41896
34215.31493
33473.15116
34750.65366
41047.00926
32890.29882
35618.41951
35193.24836
35570.01185
32815.12505
40876.8506
34576.80282
33323.25178
34028.55681
33880.31066
34156.48875
33176.99312
34628.98784
37814.96996
38613.28601
36190.08555
35360.93335
34940.688
35297.33259
36075.12745
38463.53048
37621.38552
34226.35343
32830.10173
33897.80783
33462.82551
34728.65417
37692.80812
37379.77211
36051.47751
35352.26701
34534.86618
33645.65711
34459.89557
35222.70371
36015.36057
37537.96178
37715.88907
34487.53479
33365.63789
34775.38387
37848.23046
37388.80258
35540.64484
35152.82818
34865.90059
34646.09763
34752.11444
34693.37557
34768.68668
34963.26187
35470.95167
37316.01431
37634.64148
34601.23339
41078.60807
38614.16846
36053.27032
35155.23053
35480.96305
35403.66907
35879.26288
35865.47758
35906.39971
35338.89619
35364.69712
35028.13466
35882.85314
38437.80434
40824.56701
32883.23349
36131.80677
35296.63264
34847.36532
35395.32757
36272.40845
36739.01934
35956.48457
37008.17593
36252.61296
35215.48195
34667.13986
35024.29617
35883.02722
32614.4916
35553.1341
35283.30564
34431.71744
34582.61908
35872.25983
36951.98793
35869.52835
31340.42838
36162.63575
36930.89338
35685.03843
34405.25035
34164.49151
35022.65788
35259.68479
34924.27647
34926.2646
33704.23158
34564.43291
35678.25643
35949.38909
31524.01564
31047.33909
31256.18994
35756.33932
35653.92576
34451.12745
33450.71197
34668.68246
34576.28018
35411.83191
35183.57324
34448.17096
34464.94448
35729.03979
36346.30537
35127.91004
31470.8972
35716.19731
36473.76388
35625.94041
34302.63246
34132.71595
34873.91724
35064.12053
32569.03944
35994.33382
35223.15994
34685.34616
35304.11023
35908.80474
36292.79902
35836.42579
36690.64172
35887.73058
35029.74849
34438.08288
34807.92095
35615.35505
32228.66962
40587.97766
38336.64192
35860.73274
34870.73296
35258.69238
35140.20475
35510.84643
35453.8542
35592.75367
35008.84838
35077.46537
34688.03513
35512.66484
38049.56364
40238.59221
34155.37726
37369.04196
37197.6947
35301.99346
34925.56309
34543.08693
34215.1582
34292.14996
34247.87171
34408.48333
34673.94251
35010.89106
36826.73499
37074.28992
33723.49526
32908.52253
33964.74682
37403.55606
37113.83006
35750.85558
34929.6464
34080.30652
33296.9048
34011.19464
34749.10412
35494.88908
36841.22482
36970.42054
33322.18543
32383.95075
33456.14006
32473.07758
33943.87929
37387.3996
38277.00747
35756.93425
34908.03885
34563.37015
34847.08869
35582.23203
38036.18797
37112.29503
33492.45439
32168.57685
32856.70598
33582.13243
33548.73384
32994.6176
34273.85558
40588.2197
32409.48776
35119.77426
34576.15273
35057.84463
32264.68477
40295.31269
33754.16707
32344.05749
33064.98963
32625.29513
18705.04375
24614.1163
25963.39995
26880.67312
29513.92535
35322.34232
35561.36612
32682.37252
35483.69465
34989.28662
29336.15572
26719.67177
25800.8016
24412.39402
18403.2879
24513.57044
27794.70333
28456.30804
32768.83002
33461.24314
32792.62559
34105.95692
31348.11706
34096.04636
32547.79723
33349.56201
32562.40336
28187.1969
27491.3339
24279.30336
25959.36464
28848.0078
32509.91118
33781.78343
33453.54413
32682.06786
33004.07584
32860.07871
33093.72687
32624.68454
33390.11166
33819.24863
32507.57251
28590.81174
25793.07657
26899.86054
32768.57067
33627.52719
34667.41538
34786.39596
34499.64831
34321.51448
34515.97069
34378.68546
34401.12891
34534.14464
34511.14091
33469.56142
32557.36227
26715.39837
29559.77295
33508.25069
33455.01999
34799.53173
34356.64439
34482.29892
35039.37533
35141.87786
35058.46666
34459.3777
34196.41259
34599.85855
33284.35575
33335.48239
29324.53787
34960.65517
32583.30287
32655.87379
34494.23083
34472.18014
34912.80089
35685.39301
35203.66657
35867.04513
34808.99151
34289.57443
34277.83102
32467.6198
32331.82853
34657.78463
35482.08127
33995.22337
32979.14807
34274.57761
35037.23422
35804.31964
35434.96277
32859.1426
35739.1816
35778.8787
34820.73459
34055.12753
32816.06556
33751.99455
35144.01868
32451.77424
30916.86635
32569.30097
34322.59495
34987.56872
35197.21915
32702.84176
31526.79293
32806.79689
35065.89135
34915.26766
34142.66198
32330.18245
30691.4788
32152.68282
35486.58202
33846.05685
32787.28888
34151.57236
34918.45519
35424.10356
34838.72496
32696.28123
35331.8146
35483.54335
34780.84405
33921.4232
32437.2628
33503.68593
35068.8931
35090.98058
32702.83896
32515.33059
34300.47665
34392.2351
34733.32835
35355.54838
35086.70831
35595.79535
34593.97956
34124.99076
34036.8897
32105.05386
32358.81323
34733.03476
29010.96689
32940.25395
33148.10263
34431.42401
34104.51718
34213.73941
34708.16572
34793.52585
34762.1291
34102.6407
33954.4666
34288.25804
32860.49546
32704.43388
28673.98795
26242.10665
32383.13217
33464.08761
34328.50255
34472.87152
34123.72744
33891.78578
34083.17444
33931.43244
34028.83513
34273.14576
34102.38641
33147.39763
32091.7692
25841.69005
25374.29904
27596.79832
32505.40561
33382.8847
33096.66508
32284.44586
32614.20422
32456.52239
32566.69154
32100.33066
32861.1924
33143.03908
32106.99203
26952.63581
24905.1654
23826.90512
27233.30924
27645.78655
32382.59371
32889.33138
32222.73378
33593.36985
30845.32609
33535.79048
31968.49243
32712.58504
32095.02645
27289.79788
26924.98554
23308.21092
18049.31506
23857.66337
25418.86101
26315.74249
28959.0199
34765.55211
35138.03397
32152.34816
34996.43435
34457.80318
28711.20433
25858.25081
24851.80349
23436.39237
17374.95328
12695.05823
22185.58947
24770.18798
25981.43645
27680.99391
31620.55321
32826.46207
32383.46231
32852.7593
31422.84752
27468.10701
25712.87731
24610.9627
21948.02624
12385.40411
22084.0165
26623.78033
26049.9038
29032.80423
31532.79918
32686.13682
33255.84062
33282.6931
33269.887
32634.30944
31410.76358
28756.75535
25480.60776
26376.73705
21880.49198
24865.5365
25852.31147
29636.51259
32820.74359
34061.84237
34159.12584
34328.54615
34994.90019
34322.01958
34137.94091
34030.51564
32929.72836
29611.20638
25533.35251
24728.70172
25937.71108
28958.24381
32810.20338
34273.27017
34907.317
35222.42989
34609.30169
35188.44886
34668.68303
35296.96249
34648.50378
34113.4702
32677.8263
28622.69203
25721.07369
27750.48352
31563.92034
34079.68707
34950.60836
35597.43549
35277.56527
34575.89266
34784.65655
34555.18933
35249.16604
35371.49391
34747.08575
33957.84733
31286.92646
27465.31334
31453.58431
32635.41886
34216.81361
35597.89806
35374.06556
33882.47331
33427.10657
34156.22343
33450.18962
33709.29454
35149.30057
35364.11452
34024.91808
32343.28171
31156.36039
32786.84054
33214.42767
34275.27384
34606.39964
34592.86804
33478.05866
32768.61484
31289.04227
33110.45335
33333.97756
34315.96253
34358.34153
34039.50555
32900.14776
32482.96898
32065.06654
33043.83105
34845.73135
35051.03373
34710.76152
34145.79843
31213.75539
29837.41079
31207.24868
33977.6245
34535.96967
34842.23719
34613.31079
32724.8702
31724.84324
32515.66279
33014.25203
34194.93574
34484.22151
34467.1012
33291.8313
32288.33378
31218.64401
32673.67568
33202.13698
34272.12043
34232.20236
33846.11299
32626.73361
32138.10455
31419.34684
32505.03795
34021.60004
34882.12999
35100.34229
33709.90604
33199.72695
34043.90995
33258.51108
33564.43265
34843.44347
34531.79159
33551.39407
32073.98087
31104.67901
27133.62204
31116.77055
33818.30192
34569.59625
35308.63608
34933.21856
34247.71255
34521.51095
34287.74884
34890.23205
35131.6613
34362.7881
33456.9628
30804.84314
26748.60151
25305.49757
28562.15276
32560.29684
34007.93037
34655.19821
34856.10347
34226.89626
34863.00445
34287.05652
34861.29053
34382.21595
33692.29909
32241.85831
28314.27974
24888.21523
24146.67337
25918.20371
29173.51252
32470.76104
33800.58569
33834.0242
33952.47711
34621.68984
33893.00005
33655.69958
33508.06569
32243.42461
28805.72461
25466.87929
23675.45687
21394.85092
26046.63653
25762.69302
28501.24632
31015.84692
32165.84603
32736.8896
32810.2141
32715.79142
32032.30099
30836.24494
28295.62018
25331.74729
25819.94795
20906.13235
12109.89822
21446.50238
24278.79373
25348.09658
27116.21814
31071.30042
32290.16064
31784.03912
32242.25498
30883.74706
26811.07844
24862.08844
23789.76172
20950.03261
11599.20633
14430.64977
29415.09714
-24782.47079
-3993.446745
-7853.825177
-8054.810495
-28868.68525
-17490.99687
-29840.23258
-8695.937035
-8202.844509
-4150.412525
-24447.01497
28602.49276
14768.93099
28032.72942
36364.1276
14543.22447
16952.05522
17670.08319
12058.73646
-6169.174698
1637.345664
-6878.679748
11792.99776
17514.65628
16666.65163
14250.41561
36197.18122
27783.70549
-25019.39767
14321.16081
22522.99214
26953.4854
29044.2464
28441.21468
16641.7065
20253.90926
16250.00745
28398.89827
28946.59742
26906.17522
22245.85795
14143.58092
-25250.15056
-4155.379084
16841.64895
26944.2385
30870.89301
33096.35405
32224.38661
30439.25441
31482.47517
30218.64524
31919.42816
32945.02208
30679.59813
26696.82917
16595.07041
-4361.454313
-8089.483463
17623.33173
29045.46426
33177.90112
34003.34057
34066.16599
33821.53358
34152.66159
33735.58994
33895.92878
33887.70269
33063.74802
28806.28209
17338.03763
-8344.0585
-8826.07937
11705.47189
28469.33778
31868.79568
33873.02421
35222.4156
34667.56768
34176.11969
34543.06781
35000.85849
33623.27268
31594.2929
28198.57677
11416.42162
-9113.662719
-29495.00348
-6812.527655
16290.7396
30161.1846
33752.8656
34684.87194
33438.99078
32448.94671
33359.2874
34452.09768
33497.07051
29884.20236
16044.61498
-6992.341182
-29742.24395
-17404.15671
1750.394134
20355.60792
31452.17912
34083.43197
34453.57546
32229.39204
29843.91498
32337.36608
34026.66995
33950.39087
31199.53906
19982.91223
1329.798202
-18055.04096
-28753.31813
-6228.949516
16557.56465
30461.7172
33715.86531
34517.77813
33153.41114
32176.60279
33277.07194
34410.09366
33556.22815
30174.99454
16183.57255
-6527.720739
-29205.18171
-8120.299084
11902.75184
28225.3737
32385.89762
34012.71762
35026.92454
34456.38012
34321.98058
34434.90446
34895.9009
33795.84641
32146.14527
27713.4046
11525.32923
-8402.839424
-8372.353618
17193.31895
28695.09332
32756.18144
33714.4966
33729.89659
33475.16915
33890.3627
33517.95829
33670.45979
33544.62504
32530.76393
28349.52234
16907.94607
-8693.483215
-4842.36666
16227.12535
26464.38336
30509.50738
32838.01709
31880.33383
29940.72492
31082.30943
29851.80507
31675.11772
32606.6617
30256.03805
26166.23512
15979.27784
-5150.292054
-26884.32385
13619.03829
21703.05396
26394.81441
28634.31682
27940.81887
15741.87745
19546.01678
15597.97476
27791.03688
28373.76586
26155.81772
21408.25521
13635.71417
-26741.10346
28556.88847
36115.54798
13600.05097
16176.0727
17071.04317
11349.35572
-7365.385668
390.41337
-7600.999077
11157.52624
16882.64232
15923.11048
13393.22522
35796.67566
29815.73364
15711.06761
28402.10221
-27307.51626
-4995.892936
-8540.426982
-8877.832911
-30658.77647
-19002.71018
-31090.53008
-9241.473304
-8831.815272
-5284.902122
-26728.50371
26710.76714
16455.86044
-160889.8724
-100709.4977
-68292.0691
-44007.81478
-23843.14235
-14599.64035
-28328.68847
-20167.3073
-29197.09394
-14851.80534
-23587.35042
-44129.53389
-69133.38829
-103768.8922
-163506.5086
-106642.5216
-59697.69844
-30574.13901
-14194.39196
-4443.718913
2197.64811
-7644.480917
-6098.931795
-8227.393934
2059.787947
-4686.059863
-14600.7549
-30110.2326
-59815.64512
-106127.1062
-70609.49382
-32819.26945
10912.44663
12714.88213
16854.1459
18097.07564
8951.356162
9426.771945
8629.811938
18064.93778
16724.11349
12264.52001
10490.18636
-31588.25872
-69916.13345
-44850.3113
-14880.63889
12604.51354
20749.99416
26119.76891
28834.79794
23194.49006
23125.27238
23042.36403
28693.62631
26017.32279
20545.17353
12294.55866
-14939.59297
-44679.17295
-23708.00125
-4709.972534
16802.69372
26212.50036
30879.49071
32753.35659
31393.64303
31393.83465
31288.77493
32572.95713
30742.95577
26076.42831
16539.32184
-4905.922818
-23882.60618
-15036.5178
1913.65885
18063.99543
28600.50424
32642.94443
34159.81967
34339.23438
33802.82516
34240.48468
33893.34323
32340.28505
28342.27705
17840.62313
1639.998573
-15285.2987
-28957.88185
-8286.494326
8471.162692
22885.49562
31264.16333
34343.54136
33489.44434
32443.87507
33467.0446
34102.26111
31036.77891
22648.26448
8268.176048
-8508.720799
-29027.73575
-20774.9319
-6076.273979
9516.584658
23198.31702
31363.30509
33991.9266
32349.28634
30587.98787
32385.20226
33612.64272
31145.41012
22861.65242
9135.232731
-6502.81269
-21032.39787
-27923.3994
-7649.823291
8862.551615
23155.55353
31285.54413
34249.07278
33349.18388
32295.46335
33419.16733
34109.17165
31089.84578
22851.78025
8578.248118
-7992.483903
-28136.54973
-14807.01681
1958.584766
17838.84755
28741.72496
32540.63704
33914.7996
34158.87027
33791.36605
34110.44219
33850.17749
32334.51803
28385.69076
17442.22922
1632.00731
-15103.93597
-24612.02425
-5088.32694
16393.16041
25767.45203
30520.42359
32307.74185
30972.85354
31003.39256
30989.74156
32323.80946
30316.87562
25459.76536
16099.30948
-5338.537189
-24870.35774
-45113.31137
-15451.79668
11864.22108
20244.76371
25827.46671
28475.27696
22641.49204
22528.48013
22560.95286
28311.81138
25532.55771
20083.55494
11915.49688
-15657.76299
-44979.52439
-69552.28588
-30971.66492
10793.76761
11958.57279
16267.02367
17545.22837
8064.904766
8543.785013
7942.395634
17397.22638
16089.14135
11906.79159
9853.249959
-31088.70802
-67625.74133
-102550.1461
-61047.4241
-32949.55569
-15564.22843
-5360.58071
1443.06056
-8849.896757
-7310.576642
-9032.158582
1319.601527
-5551.52469
-16042.86763
-33635.54442
-60583.97675
-100761.7238
-156805.4225
-103940.0603
-71184.05061
-45594.38064
-24610.93043
-15425.07667
-29811.93069
-21359.3127
-30137.71562
-15591.70873
-24577.38087
-45651.95048
-72276.72129
-102489.863
-156701.6732
-94523.10014
-60192.64363
-40103.24441
-25723.54101
-14308.0596
-8934.92178
-16771.58044
-12011.21063
-17348.90156
-9058.147876
-14054.39876
-25762.44039
-40824.04667
-62483.62884
-95867.89496
-63472.8686
-35928.49491
-17555.42266
-8199.826041
-2663.388939
1112.621171
-4970.794792
-3497.654465
-5293.760176
1008.752358
-2699.593447
-8202.503275
-18098.42675
-36366.54859
-63656.16195
-41529.37569
-18942.51524
6348.328879
7408.850771
9817.687916
10600.76864
5431.208238
5776.286673
5220.908411
10546.48225
9690.457177
7258.656225
6102.563076
-18728.31834
-41721.85811
-26137.7326
-8586.80873
7337.059332
12159.96356
15461.4497
17175.10085
13906.61032
13876.41212
13768.84469
17056.8629
15377.93763
11993.9389
7125.688315
-8727.072659
-26459.56401
-14147.18354
-2758.693164
9789.954991
15501.94241
18356.90384
19546.25547
18819.51113
18805.01257
18718.55212
19386.43386
18220.44867
15343.70878
9566.894162
-2974.559033
-14464.84421
-9164.094896
945.3931662
10562.97282
17028.89512
19478.10607
20450.24336
20484.55869
20307.30685
20372.32949
20254.0514
19258.82514
16799.35019
10341.68558
655.4322721
-9534.897817
-17141.10588
-5349.140681
5131.749838
13709.08784
18719.9147
20467.18811
20284.20662
19544.54088
20171.85918
20281.61775
18500.63122
13468.30176
4912.040637
-5596.746405
-17501.04172
-12387.22251
-3472.392221
5822.236894
13898.69071
18754.99352
20391.63091
19564.90705
18424.99165
19424.57754
20115.64171
18518.05361
13584.202
5482.643394
-3871.940779
-12956.09809
-16716.15607
-5032.494178
5340.897791
13801.90954
18675.20616
20341.52593
20127.16053
19449.32953
20071.88917
20201.58947
18458.64943
13522.71721
5056.216096
-5417.267048
-17215.36342
-9119.5599
920.5845642
10412.73806
17014.25653
19333.59408
20214.64525
20292.88004
20204.66791
20176.22335
20076.31758
19129.84106
16694.12518
10122.31015
608.6675358
-9501.349851
-14822.00464
-3046.748293
9478.629742
15192.39972
18074.28369
19249.15477
18477.60515
18444.8879
18410.34349
19131.11368
17864.41225
14941.76148
9244.015396
-3321.507134
-15335.23382
-26503.29903
-8770.160118
6981.146362
11820.93156
15133.68922
16818.07446
13446.58803
13383.73292
13364.44015
16699.14781
14982.51789
11643.94328
6739.98782
-9227.2472
-27162.80263
-41456.82293
-18268.85677
5975.212698
6897.563498
9389.665029
10162.16816
4794.436397
5122.169665
4691.796327
10090.10025
9257.007067
6746.871082
5761.303288
-18470.64614
-42105.18061
-62061.92248
-36628.86244
-19355.53305
-9247.499636
-3329.933095
515.9128407
-5820.928293
-4372.276608
-5983.90608
460.6453207
-3421.265152
-9480.405337
-19935.34505
-37301.44549
-62302.80888
-94953.64796
-64028.3062
-42495.4597
-27104.17091
-15036.437
-9687.737949
-18000.65631
-13129.74351
-18296.15297
-9761.670533
-15126.58198
-27491.67723
-43100.76071
-65838.9528
-95850.51792
-93471.34353
-60250.13515
-38893.68547
-26280.05266
-15472.93579
-10573.52896
-17542.53865
-12656.12231
-18064.62483
-10356.05087
-15001.74608
-26045.78703
-40390.84569
-61833.19254
-92048.45428
-63193.76494
-35648.14585
-17657.76348
-9170.979033
-3492.708778
304.0896062
-5505.768133
-3747.802243
-6074.655086
242.9003533
-3122.876675
-8562.009958
-18402.44403
-37047.36014
-62330.46179
-40271.31036
-18896.03264
5063.511173
5872.905363
8601.858337
9616.224142
4765.861797
5016.805975
4246.316395
9494.491851
8758.072663
6574.559522
5049.198766
-19184.22748
-41073.06334
-26666.19597
-9490.528903
5783.075003
10035.17098
13615.64349
15286.99067
12229.43293
12095.38362
11821.33944
15023.714
13576.09145
10501.80288
5960.802478
-9467.74118
-26278.22122
-15332.13688
-3544.85801
8595.252066
13632.27747
16687.94538
17715.09685
16933.52135
16828.38918
16668.30201
17537.62278
16616.98762
13870.74904
8391.749506
-3715.405053
-14852.13587
-10745.45732
174.0760089
9654.734971
15192.15806
17683.65253
18110.06912
18153.31862
18059.14644
17984.47406
18027.2958
17637.3996
15378.21932
9325.435369
-228.7223198
-10160.54593
-17872.9491
-5803.974317
4532.172599
12102.27891
16895.80492
18173.73623
17976.50395
17261.48855
17816.6513
18119.5911
16891.0181
12276.46445
4101.981952
-6405.357004
-17556.46782
-12933.44527
-3640.561051
5124.894544
12176.91093
16864.16803
18184.83551
17348.25642
16189.56585
17152.64277
18123.034
16909.83713
12389.87322
4684.442428
-4284.115805
-12904.86615
-17349.64583
-5771.881772
4413.189493
11911.88436
16703.95742
18029.96309
17855.6837
17267.54903
17774.24209
18080.99782
16887.60931
12353.06152
4280.242915
-6086.275946
-17095.22477
-10344.01744
246.1179753
9377.156499
14980.94552
17561.96887
18054.82548
18171.8025
18223.32439
18086.09832
18112.73447
17713.34874
15443.86216
9319.147493
2.330239014
-9919.471221
-15538.80677
-3302.493764
8688.431899
13549.44285
16602.50538
17701.74681
16930.02121
16886.2479
16861.26798
17725.09427
16734.19804
13965.2461
8495.302419
-3676.546742
-15273.27762
-26536.48469
-8883.158386
6495.705815
10462.44582
13818.64062
15487.32643
12325.38614
12242.92542
12233.70724
15545.09456
13967.50271
10763.71141
6137.255324
-9434.543717
-26453.46306
-40705.63145
-18404.25176
5056.425295
5923.049685
8329.64264
9197.230319
4064.615714
4384.880986
3975.338043
9323.73389
8487.875518
6128.883405
4551.769734
-18980.86779
-40684.99697
-61205.62618
-36438.91914
-19312.59179
-9701.29147
-3910.39002
-250.3756625
-6571.33585
-4684.305466
-6619.01293
-129.6751314
-3760.335899
-9612.706527
-20103.07145
-37053.28884
-59947.91609
-92099.9913
-62804.22905
-41350.59197
-26642.45469
-15257.30528
-10222.63356
-17936.78297
-13031.73451
-18119.02011
-10126.08555
-15072.68776
-26674.68594
-41834.17808
-63547.32718
-91043.36659
-89491.60081
-56539.4764
-37416.49607
-25176.12095
-14377.88956
-9268.042663
-15614.01857
-11163.35866
-16451.06639
-9302.397743
-13643.48203
-24612.21907
-38735.30829
-59570.10643
-88657.32985
-59539.97604
-33996.05095
-16977.49943
-8683.593872
-2783.597847
1299.293523
-4390.617587
-2785.746512
-5314.593309
839.6862826
-2404.799404
-7786.043872
-16810.82066
-36053.48086
-60992.7135
-38812.64391
-18137.95383
4470.853727
5986.186914
9001.214616
10134.80442
5357.198927
5378.189204
4492.274913
9532.674784
9016.443708
6781.357088
5135.716251
-18249.74491
-40266.57649
-25571.93516
-8982.911452
5986.892043
10402.05611
14127.5026
15770.94287
12654.6604
12280.99178
12016.21874
15328.16911
13955.48751
10747.82935
6394.750821
-8807.768519
-25480.64397
-14262.90851
-2757.624709
9011.780142
14156.00171
16903.34984
17975.88583
17097.20553
16784.51945
16665.05052
17636.95959
16801.36591
14334.4016
9059.312524
-2853.402874
-14094.21178
-9435.430244
1184.81096
10076.14563
15827.97836
17969.56191
18483.26281
18438.99468
18174.63228
18116.87835
18278.88989
17954.88363
15960.2549
9892.104263
571.2452386
-9657.532822
-15962.63545
-4762.158667
5077.710531
12552.01795
17081.88845
18466.77667
18209.42905
17355.13006
17894.85315
18311.43124
17140.69425
12730.29933
4839.58561
-5540.525953
-16540.60871
-11452.86699
-2745.151258
5471.542137
12361.66058
16840.80892
18305.24673
17487.5072
16193.56579
17161.97363
18181.86305
17033.85564
12743.82056
5476.445697
-3349.461973
-12076.67417
-15777.71791
-5037.564298
4692.350112
12092.21054
16692.08828
18156.20064
17970.54518
17329.68441
17817.34493
18166.55044
17044.6576
12774.29794
5151.175602
-5059.295461
-15983.66663
-9313.093071
845.7919887
9604.418834
15178.16275
17648.53338
18298.80472
18335.72931
18279.18336
18200.89657
18302.99663
17924.27162
15829.6965
10104.97648
873.3321897
-9396.64566
-14124.05605
-2634.812594
8969.078151
13919.56029
16820.36321
17997.82068
17159.77828
17010.52953
17023.10775
17939.98343
16987.16262
14450.1901
9256.482527
-2875.5305
-14480.60533
-25028.92957
-8009.599875
6669.433492
10732.66609
14286.52926
15923.61784
12765.0874
12595.54796
12657.92837
15967.54643
14475.11223
11126.12441
6531.579377
-8663.693636
-25527.67387
-39040.7178
-16796.611
5139.728413
6326.833886
9058.393834
9905.225708
4867.913085
5188.108197
4814.294836
9962.80868
9238.14288
6535.212718
4952.92921
-17517.5485
-39219.58962
-58306.55953
-34812.51134
-18254.88318
-8940.208027
-3099.342001
563.6361032
-5585.981947
-3687.553462
-5558.080007
742.658886
-2950.100455
-8826.848849
-18467.08292
-35404.14285
-58116.39478
-88095.94796
-61111.70027
-40413.55477
-25813.45916
-14457.33885
-9705.231845
-16846.55693
-12199.98508
-16939.97943
-9572.113003
-14297.25798
-25784.24464
-40328.59664
-61412.65596
-88504.23753
-82084.49395
-55543.05887
-36961.66612
-24334.5494
-13401.85441
-8483.116544
-14320.08752
-10318.63522
-15315.44128
-8879.542371
-13083.41114
-23514.52818
-37337.07565
-57618.25519
-85596.1932
-58600.85186
-34898.2953
-18161.34228
-8970.075664
-2880.852582
788.5225912
-4448.879545
-3073.612986
-5513.649054
-19.58895525
-3116.443722
-8283.826315
-17339.22804
-35394.83347
-60112.96686
-38215.98695
-19208.77858
3366.083445
5486.407505
8744.480519
9785.256074
5188.224626
5087.949141
4290.067571
9009.318351
8320.863821
5909.264004
4321.71485
-18272.17807
-39278.08966
-24656.35191
-9225.873282
5440.096459
10502.2044
13887.35479
15194.68078
12299.60423
11888.93224
11684.90343
14654.69634
13483.70173
10614.33641
6047.004477
-8461.043683
-24515.99231
-13325.43563
-2934.627338
8716.047956
13875.39742
16883.99457
17705.00538
16657.39619
16281.59042
16275.51513
17308.26715
16590.2134
13823.24541
8869.793221
-2688.095729
-13643.99382
-8651.978503
641.7603805
9750.863436
15290.76955
17706.37799
18043.0092
17756.24682
17415.1645
17480.93842
17795.66547
17543.20664
15252.15277
9665.983864
553.7341378
-9363.236616
-14675.97402
-4747.448152
4911.649343
12196.79257
16642.08802
17791.14253
17352.63243
16470.68605
17058.63885
17572.04814
16599.64099
12307.74213
4978.831037
-4789.359905
-15482.23561
-10587.97915
-3032.241645
5164.112013
11965.40724
16334.44456
17531.97999
16615.74692
15318.47867
16312.46648
17353.73649
16441.08941
12375.28926
5658.277266
-2675.305284
-11216.57853
-14649.16906
-5201.824258
4433.416377
11761.26759
16298.63364
17521.92938
17149.56338
16488.3778
17024.61735
17438.14206
16519.10759
12444.20865
5376.136824
-4295.766504
-14820.13707
-8878.895262
-32.69947875
8993.098818
14577.26129
17321.77175
17820.79134
17593.02763
17439.81511
17490.14806
17727.32448
17448.06661
15174.43707
9876.111478
885.8979263
-9039.4869
-13524.25409
-3239.296352
8270.214683
13498.99701
16626.07859
17566.78877
16595.7593
16401.33492
16494.60921
17449.95707
16663.78518
13916.85625
8836.989304
-2731.155802
-14013.2997
-23925.74728
-8485.190329
5922.471564
10596.3016
13829.98644
15164.34582
12329.74703
12215.6839
12316.45959
15203.56913
13898.07372
10814.364
6140.470076
-8433.209549
-24613.48519
-37654.27626
-17434.65451
4491.202035
6086.146881
8722.364847
9599.011476
5008.042333
5376.199183
5096.022098
9818.582369
8843.841719
6095.163487
4564.813307
-17040.16679
-37771.66656
-55726.71819
-34439.98366
-18217.79534
-8555.093995
-2877.020409
527.4676662
-4990.490908
-3040.114022
-4836.102122
775.5144729
-2794.863591
-8576.63839
-17785.287
-33798.81326
-56713.88839
-83958.19246
-59220.7707
-39378.40804
-24858.90844
-13993.61472
-9404.802206
-15777.40396
-11353.09653
-15765.63975
-9235.060964
-13872.71855
-24854.18936
-38718.8108
-59533.12647
-85181.1555
-81334.23305
-56619.49101
-37319.62842
-23913.24805
-13165.13847
-8572.728983
-14271.72299
-10622.91366
-15112.47841
-9078.780225
-13243.29606
-23535.01235
-37464.28255
-56511.70093
-82989.29586
-58625.93882
-36383.93783
-18201.36213
-8592.229812
-2541.030894
857.9430707
-4455.68899
-3088.899818
-5239.368701
116.8373707
-3110.930932
-8626.571426
-17711.11625
-35825.94665
-58672.73147
-38457.62979
-19176.50506
2581.8268
5496.73685
8720.127812
9374.795039
4899.477076
4941.48765
4293.340276
8791.863591
8145.104664
5331.07017
3126.518575
-18084.72001
-38120.40398
-24219.11402
-8835.765547
5443.660322
10836.38582
14245.48038
15204.5581
12107.83898
11772.84783
11773.21282
14826.90325
13741.31471
10498.27004
5589.555745
-8342.003054
-23491.92565
-13133.48059
-2591.442957
8717.088334
14239.14975
16845.25306
17405.06307
16255.1822
15972.48028
16142.89098
17219.01405
16485.80524
13813.85984
8423.153087
-2653.527891
-13038.64399
-8756.100163
715.9583626
9297.013959
15259.45641
17404.67014
17658.09295
17166.61945
16889.48867
17143.75663
17611.56288
17203.08092
14949.48692
9114.954204
515.7418165
-8839.799929
-14619.5031
-4691.348567
4644.829478
12000.25544
16235.59851
17188.95804
16605.85128
15838.69112
16547.25344
17152.35451
16154.15876
11905.03615
4698.663509
-4536.674184
-14410.93399
-10879.26162
-3040.492533
5016.996247
11844.84831
16014.84356
16970.75858
15967.5604
14828.54107
15869.79085
16921.01161
16045.06816
12049.75363
5545.396144
-2342.985753
-10346.85952
-14508.79671
-4968.607262
4471.696275
11858.97358
16161.06026
17166.01825
16622.49152
16018.38492
16671.51662
17187.86771
16267.96869
12281.74141
5375.826621
-3813.52777
-13618.3918
-9114.542478
66.39612896
8636.547631
14810.25381
17229.19218
17644.9985
17157.95296
16984.29299
17229.8743
17672.58364
17281.42192
15147.96642
9397.525364
1017.762614
-8409.940276
-13698.59179
-3287.2574
8022.080238
13725.84089
16490.94757
17212.06325
16141.13819
16000.18328
16240.82
17278.36396
16533.73401
13905.7784
8481.531399
-2659.844762
-13313.08696
-23920.98669
-8834.821325
5337.774721
10463.77651
13792.26319
14883.55734
11926.2815
11890.52839
12143.08781
15130.73296
13894.2867
10429.71815
5349.49264
-8475.310244
-23611.59282
-37699.2827
-17799.14114
3359.871836
5616.647157
8358.791837
9140.463315
4711.424512
5264.38128
5043.139603
9513.322821
8421.618377
5310.286767
3203.997275
-16930.02775
-36498.11084
-55746.83171
-35203.07167
-18031.31724
-8468.185941
-2848.297886
504.0787423
-4710.399798
-2709.163734
-4326.129002
914.2041496
-2721.633511
-8620.498433
-17628.37175
-33782.96439
-55250.60978
-81294.26958
-57609.05482
-38238.14544
-23836.67419
-13342.32029
-8867.609726
-14670.46397
-10495.09664
-14527.56671
-8583.372658
-13154.51066
-23844.69074
-37343.87336
-57313.21457
-81457.10002
-81814.21049
-56114.04459
-36544.51221
-23004.83627
-12630.48895
-8497.60853
-13785.26899
-10292.10943
-14267.91664
-8674.278428
-12719.02204
-23074.52767
-37199.23997
-55681.85664
-80807.04184
-58137.50584
-35133.85557
-16696.57119
-7878.494927
-2232.726244
857.7320602
-4100.999935
-2557.508411
-4399.923038
660.616869
-2564.480165
-8139.063913
-17019.78382
-35027.63886
-57453.98865
-37608.67115
-17529.79044
2692.383322
6504.169036
9106.864064
9547.967435
5179.940501
5444.992478
5066.601843
9453.329946
8907.868275
6243.942
2669.020862
-17455.70302
-37298.49582
-23296.21752
-8067.288375
6467.828669
11079.24917
13992.18564
14784.42212
12024.46021
11949.7347
12126.3613
14947.96307
13835.43006
10668.06738
6149.183709
-8065.201074
-22879.43268
-12617.35578
-2291.035194
9098.803062
14013.12168
16474.16555
16810.89712
15759.16386
15702.85677
16055.48013
17165.85258
16504.32997
13659.0967
8685.740687
-2525.537905
-12584.97023
-8690.061396
774.1381003
9463.235162
14838.67494
16815.45251
16906.63921
16382.76453
16294.60579
16760.58431
17376.25083
16995.3858
14664.76642
9067.327589
644.366183
-8521.693329
-14159.35675
-4383.891117
4956.741314
11924.65862
15742.73901
16406.48487
15836.77123
15303.73046
16156.27661
16809.46592
15960.78585
11913.17441
4994.578364
-4122.500232
-13507.93918
-10549.49909
-2533.203997
5513.384023
12020.35369
15744.39071
16369.87805
15427.39446
14562.95398
15660.76833
16713.54656
16014.65102
12242.3756
5954.796156
-1769.089491
-9558.27665
-13743.61869
-4234.200987
5168.914272
12204.07683
16073.94981
16795.94487
16243.41596
15787.52915
16566.14683
17188.03153
16424.42066
12615.81092
5900.239756
-3150.215095
-12578.41115
-8735.857133
553.5581891
9618.580906
14905.43488
17169.50774
17405.40247
16847.50445
16776.88136
17218.28426
17841.27923
17525.78091
15272.3548
10085.55973
1349.050987
-7899.896527
-13208.05819
-2725.84782
8911.543375
13796.18159
16515.20827
16996.0108
15957.44892
15982.35638
16405.07448
17530.3939
16920.21718
14047.0567
9125.156239
-2296.558558
-12682.17011
-23411.61614
-8361.192931
6211.314335
10640.43577
13609.6974
14579.45025
11932.2276
12096.28513
12498.14673
15287.79055
14058.05698
10677.73396
5981.22758
-8185.735454
-22856.34638
-37218.99721
-16997.38312
2824.375684
6126.490863
8660.102266
9091.696825
5031.766503
5702.163128
5670.25753
9827.871393
9067.190033
5965.32873
2400.301623
-16655.10132
-35647.40587
-55182.94098
-34385.70259
-17356.57757
-8231.435471
-2710.470722
597.1430222
-4159.4113
-2070.266243
-3529.651567
1298.248116
-2357.962397
-8312.543087
-17272.52604
-33126.87579
-54156.28168
-79425.89604
-56462.03816
-37374.4678
-23201.59912
-12881.43395
-8532.670755
-13702.88607
-9683.523605
-13404.73218
-8049.729213
-12508.0223
-23091.65583
-36493.6375
-55688.055
-78977.51479
-78458.68497
-53277.44786
-34927.49623
-22093.80057
-12487.26207
-8454.110081
-13140.52901
-9795.754322
-13275.55236
-8131.521448
-12216.88833
-22080.77559
-35917.60845
-53869.67355
-77200.60951
-55691.51144
-33711.07086
-15873.89287
-7512.049286
-2321.929288
727.4084996
-3836.289332
-2124.316736
-3750.743545
1104.629646
-2163.548529
-7609.45207
-16553.72958
-34530.29597
-55362.03507
-35833.14513
-16590.40835
3055.764424
6310.777578
8594.026344
9026.9188
4980.48269
5481.261085
5213.116635
9545.595831
8815.666991
6181.746901
2806.652599
-17097.00719
-36194.00818
-22305.4717
-7638.421043
6291.0334
10559.86356
13099.43432
13862.13609
11328.80577
11456.85511
11824.30684
14616.14725
13547.55379
10537.05861
5897.066529
-7885.216286
-22280.19116
-12456.48814
-2272.341386
8559.948547
13104.06212
15246.82796
15586.27017
14716.49258
14858.34286
15380.78503
16511.06264
15899.67526
13233.26531
8252.402856
-2588.236031
-12471.44152
-8646.269363
665.6706804
8931.675612
13895.33195
15589.60263
15854.01777
15422.47805
15509.99646
16136.94525
16814.70899
16290.59748
14126.97018
8827.126411
493.8496513
-8359.993585
-13539.66664
-4164.059798
4699.834135
11235.18809
14705.242
15434.65542
14973.58538
14651.90021
15623.50709
16297.61236
15338.65314
11501.36135
4799.70138
-3947.895969
-12820.57377
-10030.96094
-2098.272114
5549.762651
11527.20551
14903.92093
15573.00655
14757.24512
14152.7606
15298.90331
16334.52935
15550.74214
11963.92297
5979.047109
-1439.575187
-9018.3787
-12768.95724
-3557.668158
5417.433821
11911.9844
15407.81387
16175.14015
15702.64314
15399.32346
16302.34344
16995.38162
16164.87221
12542.24955
6095.155275
-2686.818943
-11751.20232
-8180.069901
1003.926529
9583.911194
14603.3878
16530.33501
16859.9699
16336.56691
16388.57309
17009.11397
17757.87034
17344.81195
15237.81676
10063.47654
1483.827917
-7548.16101
-12546.3537
-2292.740962
8836.192339
13553.479
15919.52399
16306.67112
15350.62458
15533.94308
16150.62817
17346.18768
16797.68884
14081.43847
8950.651365
-2100.397161
-12180.03723
-22398.83017
-7836.898887
6154.586697
10525.83108
13229.48732
14076.53131
11526.69775
11834.89431
12432.19228
15240.01976
14076.50428
10785.02579
5840.594751
-7884.938825
-22096.62881
-35770.34148
-16469.04555
2933.331862
5872.450542
8246.629705
8863.775505
4862.888541
5737.398535
5780.983416
10007.81528
8918.709499
5821.129084
2506.090263
-16447.95415
-34579.77858
-52966.86659
-33768.19035
-16990.34119
-8086.26077
-2751.752614
485.892167
-3890.39737
-1721.948383
-3073.215706
1432.087047
-2160.438886
-7981.225639
-17008.15358
-32926.78253
-52253.59379
-76056.61787
-54375.67075
-36277.31196
-22601.62208
-12703.03506
-8346.209216
-12952.26659
-9143.386372
-12542.47006
-7693.678191
-12084.48365
-22257.48935
-35394.16782
-54328.09222
-75747.21907
-75045.24149
-51585.02196
-34314.20984
-21774.31089
-12532.40276
-8426.00306
-12559.93908
-9350.620432
-12469.63809
-7807.637656
-11888.34941
-21509.62946
-35247.21936
-53066.51182
-74796.38775
-53999.68162
-32983.78795
-17091.51464
-8017.844586
-2976.986422
-122.4022921
-3930.747514
-2110.794431
-3556.798271
551.2077466
-2410.759453
-7770.432437
-17380.3028
-34048.49444
-54196.63513
-35031.45195
-17597.30173
1392.175357
4529.088477
6971.620269
7617.341068
4418.59409
5075.963712
5000.702796
8488.148037
7695.138006
5008.341133
1443.544192
-17760.80939
-35794.92492
-21938.40673
-8119.342081
4517.082473
9201.370615
11786.65337
12505.50491
10398.56867
10657.44717
11110.97612
13582.93589
12715.53756
9721.051643
4806.060947
-8176.785951
-22105.01438
-12631.33467
-3119.172037
6906.088819
11766.49174
13945.8483
14351.88132
13626.59375
13859.46033
14450.76515
15545.43055
15000.09681
12371.46807
7206.326782
-3049.828407
-12559.04454
-8628.053517
-285.4243959
7519.122972
12480.62119
14346.57584
14675.8134
14342.25549
14503.32314
15173.7059
15816.6072
15323.82865
13040.45282
7800.468959
-167.0811579
-8445.563448
-12960.44454
-4256.450142
4239.328064
10314.94425
13617.05922
14353.50819
14037.17652
13838.51844
14793.72984
15374.63048
14469.95056
10819.1113
4509.111719
-4027.795234
-12427.42956
-9569.289557
-2094.214788
5131.173495
10718.40512
13903.84711
14566.79364
13938.23298
13523.52184
14604.82379
15519.38412
14778.67892
11370.77265
5671.655481
-1515.181319
-8819.18969
-12008.10187
-3429.026891
5065.140697
11179.64354
14476.65803
15224.30687
14881.83066
14699.91232
15615.64573
16266.86625
15505.16244
12035.73628
5820.704882
-2724.357097
-11360.42531
-7824.496186
564.7477595
8437.004878
13627.46351
15577.75523
15863.26922
15432.52338
15575.14335
16272.05855
17030.65562
16707.28679
14508.1615
9128.669278
962.4307439
-7573.681668
-12152.90565
-2519.095795
7697.259833
12752.63256
15041.25925
15358.06563
14489.39935
14768.96176
15494.48333
16702.17318
16227.77105
13494.89006
8074.391175
-2460.511187
-12099.45531
-21836.73644
-7996.321371
4985.101646
9720.119881
12403.95351
13063.69141
10852.41859
11255.9029
11949.60083
14476.56311
13477.32484
10126.86501
4960.772064
-8121.728442
-21816.19369
-35097.22056
-17257.31245
1562.996308
4780.110835
7220.0668
7861.197902
4546.985894
5451.868629
5641.26372
9126.870517
8057.289975
4934.25132
1302.628387
-17061.54357
-34280.87939
-51790.15726
-33229.30557
-17701.15224
-8415.825693
-3196.013849
-145.5408257
-3950.685855
-1777.96559
-3051.572028
876.0719335
-2531.755397
-8217.91494
-17533.33086
-32487.75623
-51346.9283
-73803.99172
-53391.56074
-36007.58286
-22456.51937
-12729.5123
-8414.340074
-12531.09477
-8935.857411
-12093.67706
-7736.101577
-12034.90575
-21942.91581
-34945.04988
-52084.5956
-73489.20748
-71881.21269
-50546.87388
-34296.21052
-21772.37929
-12573.29455
-8484.314194
-12111.78201
-9180.319943
-11969.85023
-7819.614878
-11858.01188
-21241.83334
-34683.77058
-51967.58554
-71922.63945
-52602.00339
-33813.46294
-17881.49124
-8940.148906
-3869.827007
-837.7387842
-4324.179271
-2597.08991
-3928.436186
-44.65012578
-3109.744802
-8294.230267
-17666.7163
-34202.38391
-52468.9049
-34753.43283
-18271.73036
-782.9243967
3377.890936
5905.487562
6641.098724
3673.898299
4258.001983
4168.433078
7577.57667
6829.876204
4186.403632
-83.75920012
-17878.60981
-34961.18974
-21856.75997
-9001.714692
3360.799091
8112.482175
10810.31136
11604.3585
9512.12489
9698.641148
10159.88656
12609.47379
11812.69272
8938.950273
4114.901696
-8354.241189
-21562.61199
-12635.60723
-3930.597183
5851.647998
10791.53149
13019.00274
13467.21454
12761.1207
12924.29706
13472.86992
14499.25306
14020.94302
11577.53385
6518.299815
-3346.227738
-12264.47044
-8700.618945
-991.9683586
6536.45354
11558.28011
13456.5428
14000.15405
13697.72261
13798.35783
14394.03172
14945.33203
14319.42805
12209.69232
7108.997699
-473.226926
-8207.059796
-12541.11947
-4709.968088
3426.524124
9423.622583
12746.56964
13698.32606
13436.99331
13219.47612
14066.69529
14560.00901
13499.64904
10013.21957
4030.045139
-3998.320639
-11770.99058
-9389.411499
-2617.366625
4284.916663
9738.606191
12957.57143
13844.47363
13304.47281
12918.17552
13875.18215
14666.08997
13766.66491
10485.23073
5120.504262
-1666.519375
-8484.202088
-11578.92479
-3845.157543
4256.140665
10204.18578
13485.80591
14424.19328
14141.0713
13959.71545
14801.7126
15373.23074
14483.91494
11159.26171
5262.237703
-2853.893211
-10845.70421
-7846.137857
-100.3556904
7547.557498
12629.59397
14519.71058
14970.14562
14587.84008
14707.45917
15373.6666
16076.51836
15651.18535
13607.99306
8363.756878
537.5543215
-7486.265747
-12135.90521
-3210.109667
6793.343882
11827.50226
14058.85126
14348.22175
13508.76126
13751.50715
14470.48163
15643.58444
15237.69903
12629.72098
7255.82747
-2846.966496
-11880.95803
-21582.29915
-8517.698682
4161.790177
8945.107269
11597.27669
12248.38846
10038.69683
10376.24926
11079.66288
13586.44811
12616.50123
9369.878931
4221.672213
-8323.071213
-21300.25344
-34620.20625
-17579.02238
-73.87191809
4088.03618
6505.644251
7165.271066
4092.721011
4918.294922
5054.193621
8330.447096
7234.088337
4192.850188
-137.8708478
-17194.1483
-33633.6295
-50535.31915
-33451.84091
-17884.21753
-8597.401327
-3469.447491
-431.2439451
-3931.931855
-1899.290991
-3140.965997
444.137199
-2920.64011
-8389.036791
-17607.49014
-32621.07766
-49886.70104
-70969.74191
-51872.89185
-35264.46976
-21909.60907
-12410.16563
-8163.907936
-11854.27945
-8597.311938
-11510.37789
-7631.681952
-11824.46688
-21340.82776
-34182.51932
-52587.43422
-70726.84729
-69787.14542
-50390.31899
-34537.84998
-21685.32616
-12530.39036
-8403.481997
-11583.88294
-8838.914066
-11550.12089
-7933.794209
-11963.96576
-21072.73382
-34348.99444
-51150.13993
-69504.81426
-51814.26413
-33465.129
-18868.07149
-9391.412893
-4216.070927
-1117.130572
-4267.473225
-2666.285501
-4043.193792
-635.3400592
-3651.482329
-8715.580969
-18191.84941
-33226.6788
-51236.98769
-34778.02495
-19071.63838
-1661.732347
2873.035806
5560.801155
6422.723678
3511.940865
4000.070059
3840.163181
6931.251786
6126.24833
3525.124165
-721.9277037
-18078.53495
-34315.00801
-21730.73057
-9438.129637
2852.964536
7867.085463
10535.75129
11245.7955
9330.836383
9395.588507
9696.542608
11812.89301
11132.93645
8484.989774
3700.128501
-8380.852465
-20995.57481
-12609.53482
-4284.930496
5533.300647
10522.77728
12850.91513
13327.67594
12602.94659
12623.62725
12997.61708
13855.14564
13379.9088
11045.15161
6225.124227
-3365.648049
-11911.76305
-8622.349133
-1251.251089
6337.146545
11215.79089
13315.6786
13848.3212
13553.91893
13514.9824
13909.75869
14265.89033
13707.92405
11616.58836
6928.452514
-418.9253255
-7861.989015
-12007.95355
-4627.852715
3344.140461
9242.164539
12583.13286
13547.36653
13340.53793
13033.48842
13644.72415
13916.9328
12915.71783
9618.882172
4047.879382
-3575.613428
-10999.87792
-9022.291505
-2673.695892
4026.930595
9427.330186
12648.41551
13549.96497
13105.72211
12680.13931
13401.55777
13949.20462
13076.95425
9981.288669
4954.648059
-1451.076858
-7938.217068
-11189.28817
-3927.870539
3879.06914
9734.257394
13002.68083
13939.08062
13712.54723
13477.24883
14125.47991
14492.68475
13639.95385
10494.46358
4945.34412
-2706.882807
-10288.58213
-7984.799696
-679.1460668
6881.038979
11802.26725
13860.79458
14276.36431
13945.77335
13977.33871
14480.24848
15000.47306
14643.98863
12582.3899
7758.420476
200.5550815
-7428.74157
-12222.61895
-3742.597836
6058.067015
11134.44103
13396.3107
13720.30849
12911.36939
13050.64743
13615.70597
14633.12372
14222.58965
11732.46938
6596.620554
-3123.208177
-11709.06538
-21409.76811
-8911.516098
3510.572588
8486.130082
11052.06414
11617.47209
9631.816898
9869.650853
10405.64818
12565.97514
11718.08672
8732.533172
3686.368275
-8442.618402
-20858.79894
-34395.37803
-18159.32709
-772.8561622
3679.637986
6179.847732
6948.191169
4012.567804
4750.377232
4772.443519
7740.852567
6562.626776
3654.226365
-693.8113875
-17537.80963
-33322.49511
-49932.62132
-32678.30148
-18204.6989
-8612.474691
-3468.634686
-398.9091076
-3580.49571
-1698.578389
-3028.958129
135.0251478
-3202.398311
-8501.374653
-17833.65735
-31712.4103
-49310.55923
-68631.7318
-50962.10244
-34710.84465
-21332.5093
-12027.10675
-7810.74669
-11078.85997
-8050.723808
-10914.66714
-7540.856571
-11669.85862
-20858.81295
-33549.99645
-49081.77589
-68582.61598
-66998.26472
-49224.1974
-33715.99234
-20845.98278
-11891.91528
-7821.324144
-10612.91967
-8164.225271
-10776.45569
-7688.99517
-11687.00879
-20482.97301
-33405.53474
-49625.77075
-66751.98248
-50033.59872
-33458.81271
-18470.80461
-9034.783063
-3855.031261
-800.3127727
-3569.088598
-2201.133572
-3603.618225
-735.1931523
-3737.319589
-8729.086427
-17903.34294
-33262.92273
-49687.63648
-33771.50091
-18605.86158
-1599.847308
2989.342188
5628.609513
6452.949093
3824.312384
4149.433268
3802.79359
6492.729329
5691.608905
3205.436357
-1011.390033
-17739.63807
-33352.84973
-20856.2923
-9067.320974
2969.626497
8132.28276
10762.10884
11456.10214
9477.881983
9382.122801
9523.83017
11496.64656
10804.97894
8222.848429
3499.520815
-8348.755706
-20326.16653
-11975.53514
-3912.497346
5606.149188
10753.40358
12971.51664
13456.2598
12706.75299
12578.85916
12773.66902
13454.56782
12949.37382
10795.4845
6013.395448
-3355.379617
-11523.40337
-8021.079036
-949.8276423
6379.078593
11402.18683
13444.86934
14119.67379
13827.28076
13664.4015
13865.85106
14037.32578
13330.09832
11362.04498
6741.835619
-397.8951704
-7550.545621
-11035.87088
-3907.299677
3561.649235
9392.158742
12688.82802
13829.64666
13616.47764
13195.77704
13598.07628
13728.59714
12563.30054
9398.141526
3973.025608
-3199.628325
-10325.41183
-8300.320487
-2189.874952
4183.866321
9415.429014
12603.40285
13701.54691
13279.92417
12749.35684
13263.02556
13635.72753
12586.79684
9605.706883
4826.978408
-1308.263687
-7532.217261
-10447.35992
-3447.135711
3928.061834
9576.476705
12786.6808
13880.93054
13673.032
13353.62332
13799.99385
13979.02574
12956.4579
9942.264984
4680.611838
-2572.053642
-9818.972256
-7743.919354
-765.2843759
6465.971604
11510.4802
13467.69106
14037.16137
13735.76518
13673.05247
13989.77568
14298.74258
13762.95836
11887.31153
7103.835762
-196.1721224
-7378.087575
-11889.54287
-3793.031423
5657.114456
10815.55911
12968.34251
13342.10916
12560.95876
12565.59837
12936.37565
13754.33343
13301.16308
11044.1432
6045.959279
-3379.611208
-11475.19491
-20761.53566
-8851.719667
3228.20086
8266.995107
10809.71769
11411.4503
9421.612868
9508.135275
9852.162366
11860.85533
11028.52554
8216.507247
3400.598936
-8501.962258
-20309.38425
-33490.63298
-17849.76585
-987.6780354
3511.277358
5989.863534
6763.650418
4080.16842
4646.301711
4467.111064
7087.024818
6011.355591
3368.690393
-893.8396063
-17259.00736
-32768.58982
-48709.26823
-32779.02681
-17880.16319
-8526.806213
-3429.984494
-353.4031791
-3157.319486
-1526.758699
-2905.619274
-238.4798826
-3450.630349
-8541.373022
-17479.35933
-32160.00356
-48604.80458
-65859.31293
-49554.712
-33759.04363
-20622.52148
-11602.918
-7489.715233
-10363.52328
-7628.812148
-10383.97415
-7464.241067
-11437.29043
-20270.03241
-32905.57983
-50449.51532
-66801.67006
-64279.26241
-48228.88295
-32803.26259
-19854.51401
-11145.52544
-7130.884102
-9527.513991
-7336.888245
-9847.767948
-7280.906895
-11276.16859
-19850.32331
-32735.11043
-48727.16726
-64468.02433
-48676.09364
-32463.59315
-17970.92025
-8684.724866
-3450.199056
-402.4240862
-2847.648512
-1664.55853
-3061.340095
-611.4366617
-3679.481554
-8781.847435
-17980.18255
-32310.57238
-48884.71152
-32802.02598
-18005.93687
-1662.38906
3216.736193
5783.379189
6597.502312
4099.839389
4317.134973
3895.171177
6373.852935
5514.904698
2970.556231
-1620.000251
-17994.93379
-32855.0951
-19866.86
-8733.308392
3194.463065
8254.254261
10618.02184
11216.41046
9493.186449
9309.751801
9345.043966
11041.57422
10339.856
8028.634448
3082.18165
-8652.438339
-19909.795
-11231.3041
-3509.521901
5759.975843
10608.92941
12837.22868
13321.70598
12590.33677
12376.18369
12451.90364
13013.64621
12503.76672
10301.82749
5566.853302
-3589.50422
-11364.13752
-7320.648248
-522.8567224
6530.446792
11283.84607
13307.02179
13899.19726
13661.75565
13436.28389
13506.70925
13559.24927
12928.44617
10980.46844
6329.341532
-701.7527766
-7471.975673
-9939.749432
-3182.279863
3979.362247
9405.800258
12565.92649
13653.57523
13524.09471
13080.38812
13328.69536
13307.41338
12204.55819
9161.671101
3988.401167
-3036.728876
-9916.061016
-7453.806607
-1663.960288
4338.862245
9329.279285
12391.52136
13460.73834
13146.62905
12607.20997
12973.67482
13168.3515
12117.27455
9229.868356
4575.810934
-1369.439574
-7391.220632
-9546.130272
-2914.296532
4008.011491
9381.34537
12458.39727
13527.83574
13393.53541
13043.18813
13339.65383
13357.22085
12304.52319
9398.082013
4313.73722
-2628.611424
-9560.548221
-7322.531105
-674.6636965
6346.329176
10968.46186
13018.80625
13559.35683
13326.32224
13189.66307
13345.61776
13487.54593
12942.29443
10966.83249
6413.120948
-637.8639021
-7433.394833
-11407.11939
-3716.758774
5500.361678
10343.36503
12510.23029
12927.60882
12194.2955
12093.64703
12283.74319
12931.84279
12466.34123
10244.14505
5429.081039
-3670.190386
-11345.6656
-20031.18137
-8826.254564
3026.020609
8072.485366
10315.85572
10858.71628
9168.049966
9133.016298
9307.351901
10962.10518
10229.55461
7905.758296
2878.77725
-8741.021866
-19954.63039
-32705.30052
-17903.36844
-1485.646587
3126.567464
5566.033442
6341.663893
3998.813603
4399.038001
4091.649698
6374.33969
5382.11795
2840.608673
-1432.101472
-17914.67769
-32630.35903
-47830.67871
-31899.80328
-18220.91912
-8802.083978
-3625.992992
-651.6755693
-2980.534646
-1578.848701
-2959.557245
-691.1196034
-3744.471979
-8804.929399
-18015.18188
-31701.6163
-48460.20573
-63478.03022
-48663.77816
-33254.16511
-20231.41819
-11474.4837
-7454.217083
-9970.809367
-7507.517219
-10101.34565
-7524.230009
-11343.68496
-19950.51343
-32688.03514
-49253.73631
-65265.81142
-60601.13155
-45840.49008
-30969.34951
-18491.30113
-10236.99612
-6403.736016
-8425.785567
-6495.518076
-8741.229431
-6630.21038
-10478.94639
-18664.00055
-31121.98769
-46567.7489
-61327.75402
-46194.27046
-30924.90312
-17105.52498
-8022.19804
-3016.958814
-165.9961292
-2225.781007
-1192.499304
-2457.100269
-411.4671697
-3307.91875
-8302.373007
-17403.32219
-31501.96839
-46740.99532
-30975.43129
-17122.68759
-2622.285698
3257.325775
5663.36763
6413.236198
4152.771984
4297.930675
3967.514917
6158.395459
5377.906722
2905.540671
-2930.892966
-17462.00508
-31338.0179
-18517.12306
-8079.759815
3233.28159
8167.227318
10389.8372
10902.44234
9090.009278
8863.805235
8924.121428
10494.59385
10110.95467
7782.534549
2904.513182
-8401.308457
-18926.5055
-10322.742
-3089.2071
5644.668772
10387.31068
12204.99085
12672.43885
12120.77292
11906.96958
11991.64926
12402.59588
11912.34432
10037.31787
5311.899291
-3456.674159
-10797.63442
-6587.375091
-283.1458295
6363.43406
10717.59342
12668.29358
13332.83089
13132.80824
12921.66871
12969.55503
13032.84689
12370.01156
10349.99607
6055.800453
-642.4461461
-7045.898129
-8844.795327
-2570.398002
3934.293923
9015.946446
12107.22637
13128.86988
13007.68395
12585.97435
12815.43363
12843.20892
11881.24129
8701.888698
3718.838853
-2835.610152
-9138.585939
-6595.909332
-1216.347263
4311.884914
8885.208425
11900.25082
12942.91696
12641.13965
12109.05043
12456.41757
12672.66188
11610.23897
8678.350852
4175.926269
-1367.690604
-6884.582521
-8509.366463
-2336.829677
4044.987082
8977.730108
12015.17275
13003.89145
12875.67953
12516.76692
12768.74477
12789.0883
11873.96209
8844.009851
3956.86573
-2472.174191
-8806.155484
-6701.927614
-470.5153424
6145.183972
10669.07436
12443.80188
13073.25334
12863.84128
12698.10481
12796.84129
12909.56781
12357.63292
10569.86694
6040.679876
-640.1425712
-6916.311858
-10592.0505
-3328.3497
5398.743982
10160.98697
11939.66449
12396.54254
11739.41344
11600.1988
11887.98308
12351.8229
11889.6847
10028.68854
5293.527148
-3399.50584
-10604.71285
-18813.91133
-8305.196168
2967.697973
7895.061876
10078.8576
10578.90688
8705.430131
8583.574356
8753.161382
10486.49273
10017.24187
7684.473506
2948.216487
-8346.327728
-18996.07638
-31101.16639
-17282.25058
-2772.617999
2968.984938
5330.130534
6066.871102
3758.506307
4012.284257
3745.378676
5989.450228
5242.767702
2908.434417
-2595.307251
-17410.78085
-31446.16995
-45729.75888
-31012.46556
-17668.04088
-8520.866773
-3489.359861
-628.2661462
-2744.677217
-1571.422537
-2820.967729
-715.952253
-3491.812019
-8424.302162
-17460.88279
-31413.89614
-46642.53391
-60139.16242
-46010.5483
-31409.31241
-19122.16569
-10880.63064
-7045.745309
-9158.412947
-6999.651477
-9321.310917
-7047.765652
-10648.97926
-19025.66961
-31469.7307
-44906.50145
-61721.06838
-53570.37201
-40910.06644
-26898.9917
-15086.96838
-7704.795486
-4197.183638
-5692.906688
-4011.98879
-6005.15407
-4388.848151
-8001.121803
-15684.57172
-27454.78309
-41793.66902
-54578.97734
-41074.83561
-27791.49295
-14819.26184
-5844.945951
-1233.232007
1371.201058
-213.9074646
675.8075571
-460.4267905
1151.412718
-1589.953233
-6455.962699
-15582.53168
-28619.03253
-41700.70854
-26933.22739
-14883.68144
-940.0590777
4570.447583
6726.681916
7358.344346
5485.051683
5543.019445
5263.026848
7092.208065
6342.949728
3975.710192
-1646.779676
-15414.05227
-27500.38906
-15321.02779
-6090.101613
4334.941715
8963.100309
10889.39869
11334.50855
9871.340487
9587.317422
9617.975588
11036.59862
10475.36848
8496.696152
3850.990682
-6574.343532
-15985.42823
-7910.401065
-1398.167879
6605.333602
10871.47947
12722.92743
13110.60975
12463.52955
12180.47056
12266.08083
12744.54028
12270.58381
10384.97698
6126.505615
-1856.695138
-8352.702377
-4406.171482
1214.004364
7283.374842
11383.585
13140.79237
13631.70971
13443.5641
13270.0649
13351.85981
13345.44215
12706.58741
10882.10648
6791.13149
795.4095266
-4768.707865
-5998.823715
-518.0022231
5315.070446
9797.766628
12499.27001
13520.37356
13380.56252
12989.00516
13268.97861
13275.39862
12131.55721
9331.91954
4740.333215
-1156.029393
-6681.827402
-3950.011406
752.444423
5635.777385
9639.003004
12253.88448
13407.41942
13126.31562
12548.92703
12899.453
13115.30033
12067.83115
9338.190473
5157.397452
82.99559521
-4880.358407
-5761.785374
-292.5374953
5450.216611
9791.790258
12384.30946
13500.98861
13461.38363
13041.15381
13223.09353
13234.04604
12230.12105
9621.498318
5149.291184
-682.8833144
-6371.524757
-4716.901321
980.4585113
7130.792136
11156.2593
12913.99657
13458.36472
13387.15651
13243.67491
13312.54014
13374.86473
12865.0403
11037.91632
6991.877727
926.4285096
-4794.118995
-8359.174545
-1748.603498
6309.015132
10706.03473
12466.64433
12766.30933
12146.09337
12050.31804
12250.28207
12876.83271
12495.46858
10627.66403
6359.840253
-1680.845214
-8329.64722
-15909.66854
-6450.213281
3766.039814
8654.890514
10647.32488
11010.59483
9451.947875
9227.794675
9468.650916
10991.08245
10609.15246
8715.886573
4136.946806
-6407.868232
-15918.88429
-27436.47863
-14962.63717
-1529.549287
3872.499609
6071.639201
6732.029678
4869.947777
5033.082891
4906.769463
6895.628297
6285.78389
4133.544693
-1216.926139
-15242.71954
-27472.15294
-41928.42336
-27870.49251
-15102.50203
-6498.182621
-1897.955944
646.3465885
-1052.62148
-19.33811263
-1037.816425
791.6978752
-1819.071989
-6610.979878
-15351.38596
-28202.14808
-39482.54265
-56119.21999
-42199.00802
-27370.95197
-15754.60878
-8451.374396
-5025.342906
-6755.172179
-4855.757221
-6814.42112
-4901.009728
-8326.551211
-15844.62449
-27493.65195
-48494.47905
-53747.11881
60583.77942
52868.64561
18795.37745
-29156.68037
-26310.34367
-31659.04438
-18904.29156
115944.1638
39973.96559
28177.29385
15819.65318
7394.373852
9996.664664
4704.510255
25835.43523
-20605.05827
-37882.87035
-54127.83857
-64864.77791
-59203.12639
-38145.4848
5023.415073
-35118.36516
-46490.58468
-64002.37017
-67096.93608
-66139.30091
-46463.98197
2535.745712
-35447.79626
-36042.13628
-33993.89125
-39963.41292
-51182.09279
-26342.69653
2621.582693
-28624.74535
-10036.76611
-19487.83953
-17092.80567
-16864.51032
-4181.90401
365.4785013
-27726.99095
-20373.45611
-21114.50099
-18717.08436
-15536.24036
-29695.24324
3377.378319
-20182.45712
-15305.70392
-37349.0928
-50585.5604
-60322.78365
-79104.18654
1060.925627
-20107.92636
-23026.70186
2574.736227
-20710.04442
-77989.46191
-73048.10732
524.4933024
-18314.36155
-16643.28412
-3695.305533
-15383.81846
-30123.56923
-35376.34381
9786.45983
-24273.03216
-34669.47512
-17516.44278
-7926.600909
-10440.87511
-19019.04965
29323.24043
-8326.566445
-32108.96111
-34110.5813
-24564.58671
-22500.32685
-21980.27894
46139.49052
15794.68105
-9155.71367
-18766.06365
-18647.78708
-18472.34037
-22833.59199
54465.72761
30869.11489
8871.259691
-5122.843555
-7081.757377
-9136.358052
-18094.25496
59666.17354
47135.70039
20850.85888
3307.274693
-3465.15408
-7481.408847
-21804.25575
20313.79542
-43814.4022
-42416.05378
-29152.59977
-32343.16252
-37041.39491
-38218.96402
138918.6106
106792.4152
73009.2428
29900.99942
-31449.91026
-20530.9925
-21617.7343
45299.36823
44574.08161
21909.3487
43354.24269
20902.66476
72014.45131
21948.1751
18079.17821
-4352.276337
10806.57923
26380.22671
57613.63961
38690.71816
103062.6332
13298.31096
4304.792819
45883.68105
25935.72513
-9986.232467
-70341.56093
53944.53091
14990.6916
13058.23238
55023.77872
16329.45998
12108.58509
-48691.76665
30339.68284
17327.61852
15926.43068
48809.93284
-19788.5481
15703.82217
69586.66803
-1507.286977
18759.17094
7970.079386
31804.77331
-73782.09906
-166173.4192
-67612.46466
-84159.55179
17835.15569
-9233.335033
15485.29445
-1366.053692
-89257.09238
-90573.02941
-61492.02406
33211.19222
-14155.2776
9019.886085
37820.17061
-18298.34143
-54906.6615
-37179.23227
45005.53209
-15247.56883
-3450.065356
12540.64279
-991.2015429
-10581.17316
-34982.26366
52817.49977
-11706.10057
-50066.48458
-23695.70532
-17484.09032
-18032.82892
-37682.50872
55506.37818
8625.244536
-25647.50054
-20802.03411
-21017.00744
-22679.65224
-53223.57829
58039.7787
23454.04114
-6080.037075
-12617.18582
-28613.57909
-32179.24021
-62759.37541
58830.55822
47765.46223
13574.68489
-11109.10149
-29303.7123
-41706.5628
-74469.98141
-84099.43534
-53852.6781
-34679.46058
-25024.01159
-41235.11934
-48818.47889
-60353.02869
135198.6502
65410.01973
-592.8426338
13366.37813
-16701.25014
2422.477527
-22865.13375
128542.7
160185.7999
129320.3018
99744.23566
75778.53647
121964.244
36209.44378
54731.98559
55863.52289
92789.74233
79166.25008
67924.50831
73066.51215
58951.65777
39786.91001
-6078.546022
69768.48088
55957.32403
31625.19668
13050.59195
37842.59868
44892.36809
30308.60953
61022.88419
32934.13991
3947.377086
-81316.2607
14701.63858
58539.76871
69347.82318
57663.73677
1904.957095
1889.36704
-16568.3964
6097.328428
70905.77295
15803.61883
43273.45205
-35990.29516
-55286.33034
-18741.30334
-54620.72827
47784.54845
-18245.77462
54462.6541
-29852.71913
-99143.45276
-43609.40765
-65097.88974
8686.489459
-25364.35711
50842.68644
48156.94356
-20467.72256
-61947.57381
-24817.36885
-1850.62759
-26011.41078
12555.57076
47241.31773
-89.56221234
-3766.718335
-20373.37541
607.9913069
-47878.83878
-22541.08179
4832.315099
-8887.716521
-17546.64171
-24777.93504
8078.958246
-39349.25354
-25930.00895
-12956.51386
-23224.0805
-30682.86282
-29327.81657
4567.497302
-16758.48315
-13466.81129
-19157.96255
-42303.43188
-57917.59639
-44202.54737
9327.930375
922.6445564
-12908.30605
-22029.77111
-68543.04356
-89163.31859
-62919.97054
-35142.83685
-30825.68269
-34745.29999
-52283.18448
-68115.46761
-104682.5641
-78623.13195
17457.23731
-11991.76317
-23665.14914
-6033.835681
-27213.4989
-41534.58701
-34507.04886
192424.1806
149612.6403
81643.4924
69604.08764
57656.69889
48037.10373
-24136.35841
172836.4981
140039.5256
115763.4379
91332.28439
75796.62053
63659.8244
48269.06
106334.7329
95527.12103
114053.6617
85662.75421
60138.00234
46284.28656
77528.97555
84679.21472
148224.1839
120414.0015
38983.90905
21453.48973
-18421.2245
55771.04981
87570.23698
202545.6567
65794.59869
11338.24499
8981.758905
-49578.92086
7376.193638
61930.43457
146303.3457
6421.382116
-53078.05907
-9868.27279
-35240.07229
-57519.66501
-11229.81736
-1483.598693
57089.72807
-98941.14675
-51717.85207
-43919.87499
-31923.65451
-25803.21792
-30114.69856
91677.75396
42.48374383
-123854.5275
-52946.10511
-43266.06339
-26728.81655
-16990.15744
50799.68318
10458.66933
-10156.89174
-23165.04324
-42005.8819
-40158.43599
-32662.81983
6898.793456
329.3721076
-10779.34381
-38663.79577
-38464.76087
-25615.52284
-47795.15
-13919.36866
-9236.889673
-15142.71364
-31843.32415
-19865.66015
-5991.83735
-21229.16959
-12726.03881
-24532.8343
-11598.00352
-21213.33161
-23569.73491
897.5346807
-9933.744749
-16626.67196
-44103.29723
-31877.16823
-34706.78495
-24906.7588
-33602.64872
-39425.95152
-22084.06925
-35012.15173
-13990.16906
-21685.30843
56792.09388
-6380.630183
-1187.25331
20076.30442
3804.145655
36301.84073
38327.75997
62906.16994
49386.19955
43374.45456
39633.9747
27900.70141
67714.81382
74515.37301
67855.64415
59460.94721
60981.31891
71901.90714
26324.10979
57092.3196
72468.33368
95095.59948
70782.89169
123102.5413
80382.41571
24813.74732
15614.2955
21836.76285
68458.31073
100445.593
195896.244
39373.67656
26022.62729
9221.271537
25991.70071
36436.22792
106988.7591
101896.4587
15767.1936
7744.10686
13590.20875
29856.00681
-3528.98556
47194.58859
63961.29171
-7727.497698
-65718.48615
12103.61116
-12971.8483
-74864.19928
-75267.11845
81308.64041
12763.96953
-127285.9559
-25847.93715
3684.473926
33752.41496
-58785.91797
14491.81618
31671.72094
-13006.57405
-115124.0628
-281.1882176
-28240.19266
-23188.67692
-7634.012073
53340.46419
-1019.913214
-33776.41472
-27063.48418
-36890.62164
-30067.09405
-17178.28116
30239.64135
-3028.205158
-24510.59229
-63230.86903
-49980.68721
-63867.26158
-36339.89367
-2738.210532
-6968.077612
-2438.330796
-30011.3852
-42458.99456
-24430.79549
-16738.20385
-10605.21278
-5948.90028
2511.04238
-3503.425899
-16281.90926
604.1588169
-11508.48738
-27851.89028
-37148.87514
-6812.042653
-5340.795811
1115.918081
6728.36375
15660.46544
39181.70211
52097.71273
65472.78835
47330.8044
7573.740476
32296.82384
41804.2138
54531.12439
53549.09472
73361.359
55159.24464
16746.39748
31009.8362
45605.39695
52374.55636
45747.09812
47450.56578
45642.11801
12405.03531
23558.49522
41105.25287
29547.66099
10149.83562
10867.62577
23174.71003
11070.46763
31636.43098
29398.56146
13714.45325
6499.135123
1056.869017
4210.457289
-2824.151791
34776.24719
24068.96477
22020.00117
16136.45178
784.556736
-2548.299124
-27202.84554
25224.36182
21804.77084
5112.248943
-34254.25181
-370.1012601
5920.152235
36491.55219
56393.10348
17157.80662
-11656.51563
-83947.67051
11240.32855
29174.96867
8307.444331
28086.48111
31514.7246
1886.907077
-103073.582
-48634.57717
18216.00849
40490.87858
-39262.14495
26833.11853
8174.596179
-15562.83464
-87710.04094
-27974.3392
-32037.88023
-17414.78409
19353.36944
18012.38992
-5537.478618
-34721.64362
-55795.41787
-61864.72171
-13296.54135
17942.84958
8294.492732
-3592.293407
-20141.35664
-59959.88811
-63431.17351
-40237.47318
10521.71676
546.9215311
4986.548016
10932.67888
-37297.31657
-40436.49487
-29166.63641
-6681.025338
-3301.97733
5499.100296
19752.49445
2904.115995
-14512.10937
-1321.173341
-12353.28751
-30061.46136
-3296.541588
6285.511262
17218.62187
16133.92944
-4746.906441
-2093.14414
-4646.799983
-4010.299766
-8000.14834
-20570.80963
-29310.69737
839.0539128
8270.385873
8221.511986
6459.270338
-2901.894602
-17364.33814
-25298.06063
-3468.154009
3413.564421
6417.301715
4763.873398
-3994.164925
-9702.869897
-25155.50069
-10633.85954
-1476.299938
363.7640965
-2580.577756
-7147.587767
-9496.643228
-14364.97461
-6698.958477
694.3596134
4585.620915
4413.449303
-3917.639417
-9471.241224
-9132.511751
966.2493104
16504.67753
15761.42708
9040.093863
-6859.033086
-9911.783016
160.1764981
3582.883832
16247.36793
-14249.47961
-48503.86159
-35400.46327
9850.796375
223704.9092
2884.115235
8393.15975
-22867.14169
-78897.03733
-16570.72986
84812.5
78911.15533
-1223.445716
22451.1319
-4658.849201
-80941.95192
-66852.65221
-22985.81088
-78957.67859
-8087.762145
31953.99162
-978.17672
-27404.40941
-73601.50344
-40103.31266
-95513.22069
-3720.705681
49742.05765
3869.472242
-12858.25634
-25563.15803
-63534.98368
-106630.9925
-6493.862313
66328.29794
6262.592098
5462.970062
27959.48364
-26576.27451
-54844.56759
-30986.24291
1450.185288
3571.558874
13848.37336
30460.73772
-8027.440664
-42983.38068
-22892.35424
-5182.114448
1895.968438
29843.64054
50421.69534
22522.23967
-21072.59936
-12112.58453
-24627.56593
-7963.014017
8499.592217
35719.45714
39501.72307
24766.44
-17814.13522
-24284.50816
-32486.73693
-35336.87076
-37862.66024
-48282.02335
-66944.49364
-8041.383504
-7669.486798
-11090.49322
-12952.73356
-16041.04838
-36632.70063
-43167.36477
-5226.871924
355.8683748
-1507.828881
-294.4193317
-9388.492389
-26081.75421
-58668.80725
-7256.698228
460.063395
139.3674995
-4140.099002
-10859.39033
-34585.22515
-64722.5241
-2534.246611
692.7932153
1928.347151
-1507.706909
-13439.9039
-27809.12997
-39205.11174
3503.258798
13788.37362
-5592.349607
-19325.23956
-44927.91818
-13960.06174
81934.18686
4638.374788
6237.107243
-39529.31518
-76977.3624
-76969.69858
88234.45022
405258.4246
1578.697358
1380.327046
-35560.34968
-68890.77167
-52855.98959
135786.8448
195150.5388
-5245.700209
12106.39691
-40188.06574
-75117.90319
-71093.6759
-11875.80326
-181689.3597
-567.077327
9930.174285
-16510.31545
-47927.30705
-69151.9551
-50367.84028
-147048.0563
-57.17114276
30887.69908
-4863.301689
-10414.17321
16632.49019
-71044.90219
-96939.65181
-4049.979666
7597.75466
4669.191875
17028.25205
49056.35086
2319.226173
-30008.46491
-15230.84181
-3175.763178
9633.541284
33095.56951
63048.88949
58141.49462
-25142.78657
-8330.99535
-3394.832925
16408.8717
59211.15829
66837.79862
74774.31154
-8533.083527
-18551.95382
-20246.05086
7425.817054
50362.67178
72548.99059
70959.20178
50171.82931
-27562.0441
-27862.15072
-25701.19098
-25550.84424
-29411.73782
-47208.37286
-49078.92035
-19299.40848
-23769.34756
-25322.64721
-11562.62293
-13758.67351
-37966.39002
-41725.9093
-5706.51013
-6842.713721
-5365.666723
-3891.778726
-2453.155065
-28796.92872
-47053.35115
-3820.60127
6142.745938
8137.150038
-1141.704902
-3688.981601
-48402.90583
-73591.12178
-2497.08118
-282.1031895
138.2249528
-7627.016036
-26284.21688
-34931.05484
-31629.79544
3413.6207
3822.876863
-19298.26646
-42779.90032
-70994.9914
77849.2002
300053.2087
5639.390339
-5224.072597
-43952.60798
-56678.69548
-74355.63591
239725.6355
613910.811
1867.696058
-3486.002402
-50619.06824
-60601.00037
-52638.9025
169482.0669
46350.7351
-4694.732202
-9106.964172
-108177.8188
-115262.8358
-56965.17933
69116.9701
-102537.6896
-3693.212188
-12621.08633
-62542.11341
-79105.97718
-63257.91895
-54092.32862
-46785.50789
-517.8140899
-9254.571083
-18697.5914
-12970.66541
25559.2374
-31571.84112
-12040.19952
2768.77799
-9550.567503
1857.490548
29302.44328
87108.92014
64874.56958
5748.212478
-1191.438056
-546.3080603
14383.87038
44258.78898
93312.59823
115787.2166
-9583.522856
-4660.558177
2142.350934
21299.86014
41633.05769
81441.31491
118931.6288
21542.53497
-22339.46637
-13873.77182
46460.10766
83851.33314
66555.87979
94900.24591
50302.87238
-16896.73123
-13410.34025
-13349.38584
-11552.94207
-21910.06923
-45029.61656
-41810.7625
-16950.53476
-17212.86637
-12904.29077
3877.736108
-8276.47778
-32987.39762
-32562.74501
-12848.03622
-18091.44506
-18078.37216
-5921.533263
3316.653893
-25928.0086
-46355.84217
-3217.235659
-1302.260129
-2918.226411
-2133.033797
-4115.066305
-36004.68201
-41332.04195
-2150.532666
5822.276604
6350.956557
-524.0712077
-39663.75138
-79680.0137
67290.66496
1552.065565
-1523.109095
-21382.87992
-38859.86109
-138146.7793
-110756.3439
385039.952
3579.048232
-12239.91985
-29870.7296
-42683.14044
-119432.319
-63057.33501
389471.8213
1885.648533
-3423.376671
-24497.57301
-53264.93517
-105621.0106
-61530.58741
65868.50418
-6294.255852
-23156.34958
-63229.47403
-72822.06395
-137662.9848
-9266.196769
145148.935
-7080.231283
-60872.02888
-144762.4878
-128737.9185
-89713.24472
-80876.45542
2735.18936
1135.323211
-46728.70412
-50194.81773
-48109.91807
16007.7318
-11739.7862
-29252.01734
9779.143564
-11581.87694
-3916.678511
310.7547135
43692.64385
109192.2172
-7137.501724
341.4273464
-2656.199526
3791.207105
18702.55526
58660.59202
136395.7675
18921.15414
-2864.504891
639.3967895
5184.179168
14184.03695
44138.75612
113944.9759
20104.37175
-15561.53258
6338.115615
13583.22404
22171.49453
32350.21201
57676.46175
36327.67007
-17109.82221
-14249.14646
-11766.05928
5672.214973
-16675.51208
-47190.5922
-70082.05971
-8037.87777
-11835.5446
-1482.64055
10370.44047
6905.394537
-24495.10837
-45836.36658
-13115.01772
-16815.36082
-17976.6105
3374.781091
16864.87194
4477.422605
-13617.71829
-2616.010223
-4699.241098
-9930.902617
-3334.224486
10375.12323
12084.07156
-54944.09502
196.3256817
8163.877764
5154.431744
4276.541878
-32235.90698
-95672.49108
-66511.68582
2253.259375
2891.310705
-7365.456328
-29039.23101
-111140.9983
-308195.0013
-38618.56819
1198.718893
-13667.49936
-19105.19261
-37444.73535
-112725.504
-339234.1167
356909.9188
247.2500634
-2297.08666
-11574.4785
-45235.51251
-87992.72607
-353690.6981
266038.9155
-6148.399211
-12621.53752
-31884.7326
-48518.22165
-91837.5887
-211799.8174
688665.1366
-9407.796748
-39789.37403
-83066.25155
-78906.25803
-68161.33052
-134495.2118
-2977.38795
-926.7761388
-83469.60128
-95582.50663
-77717.42224
-24411.42787
-10025.48539
-45883.63451
5597.225855
-25918.6296
-19606.65325
-13182.54192
12208.37639
50256.49542
45041.58007
-3443.907493
-3793.307719
-470.9083583
4031.394345
17756.17638
47937.56581
27354.11638
-1930.533787
-854.4480638
-470.4690392
3446.911544
13578.39485
37285.94424
-12238.47055
-4070.362883
-3064.328478
-2529.762148
944.802815
10321.31498
24482.62176
12649.55192
-14983.25673
-3460.38344
1480.056442
-9337.437382
-32882.00077
-85758.17909
-112081.741
-8221.200517
-2019.893719
6520.603637
26780.89959
-9844.677775
-32239.78965
-54585.06493
-5690.335362
-9845.556497
-13517.53365
16579.97118
28323.79939
16088.63846
-9423.851152
-2602.315065
-6418.803951
-9159.762934
6131.673786
16824.72063
37941.76934
-52883.58994
-165.7329857
2761.660203
-559.1318466
2831.68044
-28485.08017
-110629.1488
-383687.8452
-318.8369689
-2915.02896
-11777.14896
-19613.10615
-99498.63716
-382888.872
-339343.954
1465.949591
-7170.041375
-5889.409886
-14883.57964
-99192.03161
-429899.6104
-101207.2526
-569.84105
-2177.166207
-14184.53665
-32308.01466
-86592.82416
-417400.6022
287159.6406
-6340.560923
-4824.77187
-27811.89848
-45759.13585
-94093.41337
-457608.173
187296.5147
-16925.80819
-25749.05453
-50968.39093
-55494.85268
-49562.65102
-222278.9943
389308.7224
-31286.41286
-82791.2776
-95207.60454
-65541.36273
-33672.27892
-21510.94108
222555.8863
-18115.59376
-35627.55557
-29715.87457
-23033.00382
-2096.32435
36454.55913
99070.86004
-5109.210984
-6313.866115
-5175.397995
-3577.944157
9435.614148
27265.52353
83681.60719
-2059.174473
-2485.454891
-689.5435312
-1051.854073
5767.927193
17892.31572
41126.48134
-3331.486925
-4954.393984
-4807.712187
-6956.355516
-1579.343081
11510.69562
20177.58673
2950.853294
-713.6738009
-17098.6606
-59506.65152
-83853.6558
-84831.67329
-72285.83799
-3560.865461
4910.876083
4853.407134
-21315.10109
-37827.03635
-52863.34871
-79635.70373
-4519.065018
-9599.543041
3716.637864
10988.42823
-2123.138005
-2684.10813
-15958.83539
-1711.993206
-8846.117963
-4940.480315
9573.591666
10056.33606
-7269.226293
91557.94655
-1191.895745
-6662.135962
-3487.694716
17846.51376
-13874.62276
-163472.1613
-199711.295
1053.941158
-6076.804647
-18818.00728
-14794.17197
-80163.57302
-492958.5151
-703121.5238
3323.609337
3128.071902
-4650.715251
-13044.97515
-48430.75166
-511206.3395
-676863.5238
-36.75724933
-1426.789026
-16339.3058
-23736.44433
-52629.3689
-426887.665
-557168.6159
-4162.976809
-989.4080145
-37974.3503
-59359.6808
-82245.86798
-567003.3877
-648496.4851
-18104.80018
-17710.50972
-43284.01731
-56060.64313
-46088.34354
-272895.522
-12354.94286
-50203.05715
-78078.97014
-84104.11594
-61623.64095
-38385.01645
-24909.33216
-124257.2721
-23940.34306
-34276.12756
-27680.45273
-24969.63969
-7864.44013
35108.20028
-82050.81647
-5155.900114
-6999.367496
-8187.868344
-9516.037978
-5501.098339
26571.19679
42274.57409
-1503.59731
-2857.45819
-4606.303263
-8477.152316
-9221.459935
7245.496867
57248.53917
-4166.026592
-5195.1034
-8304.341376
-11423.6008
-5935.352554
11805.73136
51313.95373
7634.255677
-49355.71794
-123800.1202
-185992.2336
-175060.7971
-141971.5975
-68575.7458
3484.330963
-7493.188542
-31066.22637
-87785.01039
-100255.4228
-81192.13164
-27146.64808
-1759.668063
4740.593026
4444.723681
-29944.16497
-41462.15989
-22191.21202
-37490.26409
2491.866119
-1741.656347
1569.0508
-10134.39993
-12022.55443
-4944.380987
-121767.754
3512.311608
-7439.189738
1455.284773
26735.12009
-7031.436011
-148230.5237
-271702.5613
9521.877915
-4507.627519
-12871.1585
31470.2702
10721.67282
-417204.201
-1288613.209
2493.581598
1262.765896
-7098.423495
5382.769866
35791.55446
-332158.291
-1637841.559
-6406.379698
-23058.47212
-25337.19593
-25322.03439
9755.313492
-154915.2278
-1780859.689
-10754.94859
-10133.41656
-51134.61083
-77115.97049
-97702.42059
-192104.2248
-1729701.856
-23810.06326
-16733.23426
-32321.32892
-43544.0613
-59451.36281
-42913.19349
-1304543.053
-51455.7302
-57086.53921
-60849.60884
-38417.27259
-35900.51712
9847.910702
-522584.3401
-24030.27195
-23694.54002
-25217.91075
-18687.5609
-16147.31669
32998.06793
-79666.38431
-7124.76168
-5592.45336
-12367.55783
-14749.92883
-19767.40839
7404.730836
45602.45369
-3430.285595
-3839.640427
-8093.038126
-12256.83562
-8789.195055
26325.36687
92192.25831
-5197.901208
-5373.640071
-6970.088053
-4224.42061
10851.34777
41235.08174
39553.21069
-41354.32559
-179791.0221
-140904.8272
-86049.0197
-85402.52478
-166284.9956
-189343.7389
8811.177011
-44230.21305
-112147.4055
-137657.4332
-162458.9967
-194293.3698
-77036.2698
2808.003791
-6972.874541
-27388.24433
-93301.70069
-117604.2374
-111973.2691
-47632.04258
439.6527234
8941.882481
2180.047319
-29734.962
-56660.93968
-52110.15465
-120934.1058
3434.246044
909.3873129
4161.549521
-2483.001331
16067.65239
-7055.513499
-450378.9909
4463.74669
6403.363353
-3497.312189
20023.56857
68480.47828
-59635.15293
-1038037.023
-12638.74576
-2179.856545
643.9701319
9365.999501
136523.0163
15487.34268
-989360.7665
-11244.42713
-35140.46707
-31312.68849
-8724.515854
74694.18751
125248.9632
-508658.3094
-14642.07032
-21753.97637
-64481.40247
-75639.2395
-70191.05815
42167.30191
-701654.7174
-33160.17456
-22332.54413
-46317.61795
-53019.09439
-79689.91763
-18862.89778
-521976.9949
-53903.60133
-42527.00095
-41409.30393
-34305.44941
-18672.02997
67671.3133
9120.201187
-23740.60582
-17883.37032
-21245.26395
-21561.4018
-12952.67988
36131.70796
59273.51526
-7152.325967
-5761.125668
-14966.44087
-19701.53234
-31472.38042
8699.220598
44536.0541
-1856.376388
-4990.960165
-9734.025176
-10580.80611
25719.41762
15868.11799
22639.31456
-3655.898334
-3166.450604
-1275.313254
813.9493726
34327.77169
55.72989228
-16039.08392
-165321.6596
-9817.944618
21893.60929
1515.980857
-17729.67227
-35730.96049
-128779.1094
-27447.61087
-67313.12663
9659.331103
-19400.3663
-40478.60783
-83601.9815
-254847.9117
5329.309548
-25967.61633
-21753.84895
-26171.54967
-76663.48961
-161966.3784
-224139.2771
1991.754982
-6546.933286
-15882.88112
-47284.48651
-97452.86482
-165667.9664
-64493.1099
997.6477953
8499.15829
2844.120682
-11546.6467
-27759.38622
-58623.37965
-83663.04176
-1534.813336
6556.730827
5451.842652
18624.50396
74844.4711
69457.78915
-132994.3891
-10243.07646
-10.51499392
2609.027387
31306.45184
236936.7886
181601.9981
-81107.13997
-1090.408131
-34865.70421
-26750.59718
9333.875564
114706.9843
371603.3545
5885.967492
-3247.47955
-29007.16057
-76360.08077
-72150.9341
-75376.32397
238005.1773
44911.57014
-27673.51632
-15746.93398
-68367.7897
-84379.69573
-55864.66041
111703.8787
39588.71906
-58186.74676
-36324.31364
-43344.32653
-41382.68226
10714.61723
123375.5901
123115.4636
-24943.1458
-16130.73022
-23880.04141
-43590.93579
-60048.0037
58981.26256
133363.526
-6771.548324
-7569.663215
-23100.81366
-35627.82035
-52943.88999
-23267.57802
93283.58857
-1673.510411
-6257.733543
-14804.72848
-22013.90176
-6669.122671
-40548.75535
28230.33902
-3386.384872
-4829.808978
-6934.695243
-45698.06482
-28420.33425
-56515.80132
-22810.09825
-58753.84222
52794.85614
63899.22309
16662.49455
394.4397164
-8047.523601
-14256.62552
-53044.80131
21932.33226
81132.48447
13063.67141
-6362.419951
-22167.82323
-44933.1861
-6678.578564
-8433.105362
33008.78027
7833.198371
-28205.52409
-48320.80979
-134324.4111
5190.301786
-11752.69899
-2808.751836
-6049.693557
-57216.67892
-96501.15886
-158482.3671
1420.443608
-5486.343102
-16958.18109
-48368.28954
-87668.98055
-92555.08474
16255.5404
340.1703471
7670.103141
-1267.866387
-23084.81185
15546.06774
104810.1723
60193.19908
-798.212546
-14489.11494
-11049.74948
-1229.876899
143617.3337
302060.019
120675.6932
9592.951201
-49458.99781
-32226.35468
-9861.764503
89695.21795
626236.9367
351138.3695
11029.15744
-43143.20856
-89586.59996
-61125.29316
8912.387304
420762.6661
418480.3581
-12295.00498
-13428.34294
-128179.5192
-138275.2087
-6848.672673
347193.1534
240901.9126
-39553.13244
-8798.127627
-57517.54548
-86208.2291
46055.06847
141881.4935
105588.3999
-19901.0769
-14677.8167
-43095.35465
-84995.58712
-62557.64717
87898.91664
221497.6899
-6829.946949
-11726.7203
-36759.22753
-49939.80659
-44540.60955
34972.21057
226844.6584
-2327.554303
-8902.399733
-25284.51669
-39026.17298
-2043.722706
-26771.0101
86763.43917
-2408.450531
-7737.213925
-22743.36782
-89963.90223
-9616.692179
-46974.11289
-7625.379424
-15552.14035
62857.0397
74721.60914
22193.90395
-11735.83194
-19495.83455
3855.251947
-25689.26513
59356.66322
81368.79962
37213.69024
-18952.98199
-14513.11269
16259.08784
-8058.366716
381.521146
46960.62352
33329.54172
-23197.42478
-18368.61238
-6734.655733
888.1692034
-13011.90534
18083.7245
13877.40141
-35842.20149
-33470.06121
-28345.79726
880.8640366
-10049.31569
3745.607405
-9260.417193
-44273.52589
-26574.49678
58398.70873
4383.808103
20528.28948
9741.069583
-10056.40134
-2443.618654
119548.5953
402203.9597
5707.510186
-27648.52728
-37391.27357
5400.859943
198894.7357
519992.4727
408635.4251
-4008.645615
-60245.56988
-48720.8472
-25567.47928
194620.3735
651256.6494
406804.7056
1626.356924
-55310.41566
-81285.5824
-63418.96879
101692.3254
724828.3503
325959.0328
1288.594411
-23409.20759
-156482.9965
-130309.2916
-19580.23996
559518.1606
16780.69117
-20005.00884
-12555.8703
-112202.511
-248109.6645
-145024.3497
266555.0984
-193246.625
-14392.99278
-21906.43911
-105729.3242
-175077.0551
-14968.4784
49449.83559
54729.28723
-7824.107407
-20252.62901
-66567.91459
-95205.26297
368.129228
146109.2687
475910.8974
-4238.736252
-12063.17974
-53475.85967
-104954.1133
-27716.26444
-1057.392587
415000.7601
-3335.213599
-14518.83752
-65752.03254
-150982.3394
-21946.12754
-18671.2906
49445.43021
-12410.64852
53036.46917
71123.66109
19107.78776
-23246.29675
-28118.88537
12807.73848
-29989.68457
12183.47264
62020.83778
32283.2878
-34510.09845
-11516.72328
23067.21262
-7045.510376
-7245.739768
19577.72589
28817.56325
-46662.06419
-7566.503324
25492.60502
-4829.039641
-17846.89739
743.7610524
4190.786921
-52470.36517
-12021.80575
32380.52336
968.2968313
510.3856008
3497.518475
-17660.17135
-46958.05897
-26758.18333
20458.37636
16833.68428
21203.93767
-13419.19743
-38570.52132
-44854.37874
41238.00202
314972.7787
355.0699387
-41192.5136
-57247.51667
-64302.23856
-59136.32898
375086.3747
632998.9576
-10365.20452
-63064.48948
-83344.01213
-127039.6036
-125720.6063
480368.0052
744633.4144
-4696.810172
-59683.47491
-113073.6576
-198614.9907
-318313.8908
495746.229
871495.8576
2849.429096
-33457.75325
-176524.2328
-222003.4907
-424173.8346
286766.361
573843.35
-735.6740406
-19328.33771
-170333.2914
-294647.0636
-372411.7202
122011.3892
499717.3202
-8203.813124
-33475.01291
-145093.5385
-341986.732
-342260.2672
21468.36296
669140.6262
-8862.105581
-26725.49776
-84048.39794
-141126.7964
-186576.4524
-198491.8411
718062.987
-3583.387564
-15225.39108
-71492.27123
-152735.6019
-52597.51181
-136130.4046
-20342.14642
-4142.502936
-20806.93939
-101415.3007
-149468.2895
-36231.36211
-103333.8306
-579324.2271
-4221.441241
-7944.231914
-6592.882945
-5617.281444
-6245.896843
-1810.041497
9392.843341
-3873.098235
-7956.694255
-555.1113038
6560.397197
4236.277678
6770.409525
12629.94215
15245.57546
27392.87717
30115.71969
42237.028
30426.22956
23296.9908
26824.69468
22857.23065
34814.25883
44315.07372
39149.06882
28067.76133
27217.80498
29390.57528
46936.98933
57492.13287
-17963.13818
-33950.45919
-28111.04998
-3974.787731
2796.986914
81866.66852
-19467.95208
-48650.99178
-44950.49048
-25582.67613
12193.03543
11220.84226
44748.05125
-39287.49339
-28496.29133
-13818.8788
8851.826858
59018.47636
60737.44097
14058.51914
-45844.52016
-26016.66178
-10995.56772
8800.437808
63285.28312
61578.08953
1951.012792
-67964.29715
-43923.35041
-59365.40011
-34742.64007
11803.26426
12247.35398
8785.712678
-55318.61537
-45348.35286
-42899.61728
-79636.13866
-65270.82499
-64482.16169
9447.734656
-37400.94885
-38661.52393
-35126.90385
-61302.3411
-73933.53181
-72010.03524
18113.92779
-24152.63369
-34974.6046
-44684.84671
-54078.85146
-62819.87668
-65814.47189
21831.90404
-18437.12094
-45726.36736
-81164.04551
-80665.31163
-64999.18414
-55024.82788
16734.45258
-11207.09173
-35002.68903
-62511.14092
-64010.45692
-43670.72391
-46081.53645
1032.527358
646.7241541
-18112.44139
-33726.51163
-42212.47539
-28369.70889
-28300.68588
-10702.6546
-3336.808598
-320.1257254
22.80604039
513.2706528
26811.20399
26038.21623
-8763.998082
2013.787519
11871.37924
15604.36316
11357.4376
19314.44016
19703.95534
15999.05369
35138.36194
81433.94343
77300.97239
37923.06922
32565.6886
18084.32967
19054.27185
22021.73391
49445.60988
49715.7216
69882.50408
50487.66966
15364.4487
24875.13881
-6965.741887
4769.200166
25467.51018
47513.45024
52992.29998
19982.0171
44621.0542
-18979.79504
5819.054081
38074.34687
53462.78636
82407.35115
39785.10761
58965.26087
24733.9341
1065.565375
14043.66343
47803.93778
125913.435
47452.92039
45163.78735
39057.27905
8117.15477
13354.83716
40975.5733
99767.75732
50146.2354
42236.49366
44873.54434
-651.5762348
-16054.52722
43471.14067
40340.77382
-33177.17108
27747.81632
-16454.07171
22052.15855
-46418.83268
-32826.22842
243.2655938
-29052.86047
38648.08987
-51746.85187
40280.16
-10831.29057
-57766.58628
-65954.51045
-18483.71012
29504.34058
-14563.98466
43.43437638
-25958.33868
-27529.52853
-54312.32121
-13145.47943
-8371.510736
-37245.29627
-81389.31018
-96722.83784
-41444.77902
-26244.71867
-13818.19824
143.1911294
-47010.84022
-95065.22022
-102890.9502
-49964.70995
-22368.2016
-11334.46242
6295.804174
-16525.74759
-35388.95599
-39704.39067
-33324.09436
-20938.61353
-18889.81956
-1814.074819
-2040.584486
3104.950371
16015.53699
18106.99353
32702.00772
9756.248995
2991.708221
8775.850447
1228.536472
6781.486314
5967.115929
12313.95592
2583.760601
29726.63168
28130.22062
8860.85528
14514.11451
4620.971764
1155.118325
-4617.044084
36313.44484
51632.75891
121600.968
113208.173
37501.72591
16066.31765
-4020.073569
24014.99043
27711.38726
88619.86632
84239.62051
110114.1228
122272.4781
22576.41703
31329.71281
41600.36137
127068.1534
139899.8337
130099.532
152285.3801
61156.22373
46968.53984
50592.30309
1224.876252
17302.20277
914.8681473
23216.42752
29155.95985
59062.99247
87172.48772
-10283.31382
-19040.72801
-25494.39387
9846.096248
44696.52296
68799.56836
115417.7292
11350.51431
-25386.27593
-16919.82567
-4116.676257
-37066.47108
52588.64243
150642.6244
45336.88364
-29656.67139
-39634.92998
-10665.30268
-24258.10476
6813.974843
50381.10833
77156.26473
-3052.310727
-20715.80036
-33371.40372
-33600.54436
-62073.06572
-38786.58514
-8487.023389
-19154.99178
-24464.87642
-30876.29567
-25637.57175
-86930.69747
-90305.00551
-99216.10695
-65573.73003
-32115.11206
-15141.35056
-17982.70302
-65488.4357
-114004.3799
-117694.5527
-66177.46847
-32469.31645
-19288.50849
-23929.77247
-12208.54507
-50867.92596
-53046.63449
-44831.14007
-36443.99591
-19870.16661
-14508.54184
4864.388783
3173.271424
2931.257385
4555.426003
957.0490698
-1160.791481
-1813.025496
19669.96754
-944.8879014
-2848.328618
559.9258085
114.0613913
-263.3044386
-7438.54257
71910.55553
40044.18312
-8114.898754
-8723.456049
-6509.887348
-2654.624564
-10374.55927
96686.80578
112918.3383
35774.28183
23321.01081
-2603.469149
5970.051642
-6733.128618
66437.41136
122292.424
163858.1835
147197.5096
32299.96847
26603.89285
-3244.328157
48368.74699
77243.92331
29697.00697
45152.86587
6979.351179
9562.454569
-480.2737103
23593.84565
-7535.24205
-9992.451643
-12502.95004
-21149.01685
-8773.158711
5499.544858
17186.38998
-4038.546887
-18145.36235
-29364.9253
-43223.73341
-15342.16063
24414.5237
33593.38237
-8016.112087
-22481.77277
-34205.11115
-32099.53413
-11794.8732
-21356.01079
96122.3992
31717.54736
-20772.67228
-38844.37886
-38290.75885
-14498.2559
-21671.12085
80653.50275
119242.7644
26100.24181
-10491.53324
-19825.39447
-24749.61809
-28828.27298
29447.73525
87106.89024
26217.68349
-13528.1661
-27499.70373
-22441.59807
-30315.97838
-82437.54066
21858.91464
-35135.96216
-33734.40907
-33939.71902
-21561.40084
-32019.30354
-89363.75889
-119907.0815
-89083.02103
-34727.52954
-34501.18084
-23279.58146
-41917.88262
-34839.44733
-61327.57845
-47963.3955
-43615.06647
-35328.79846
-28181.41398
-20760.71649
1657.922252
100.9418958
280.7286795
-351.4118964
-6076.485531
-6488.370716
-7185.594826
4392.462996
-5549.550665
-8131.880461
-7738.098817
-9356.206639
-5405.049457
-11662.3082
17719.74056
-5334.814792
-11648.5457
-9740.905001
-11964.25485
-7221.113178
-13717.51852
22605.05167
3866.446269
-14195.22006
-8193.466439
-12000.39783
-9617.561941
-15070.53229
25220.67079
24610.07891
-22598.30882
-6827.401998
-11920.51887
-11070.51041
-14735.54929
6628.262239
-11861.66279
-48062.61943
-24528.68667
-25797.04663
-20305.94568
-14124.32511
-544.0026292
-4722.114067
-18556.88691
-20879.05654
-12711.3976
-25159.18412
-2276.858867
-1308.764573
-2621.604959
-16252.20485
-31188.48826
-49759.61901
-20646.54915
-158.0468403
-4028.284025
-11991.95954
-24852.78614
-42298.74892
-47719.26943
-21713.23041
-57174.23887
2519.094871
-14629.59616
-28278.31013
-35529.99875
-41396.68006
38176.30478
-54370.76291
16364.10622
14254.90915
5368.113593
-10498.98378
-24392.69324
-17927.96986
-42848.62987
12987.53252
22462.79191
-4505.653918
-19642.97583
-29617.07909
-22622.14563
-34122.21723
-935.065649
-2218.400157
-25570.40933
-23771.00005
-35237.31689
-29246.6082
-22612.77728
-30225.04434
-41751.56983
-20207.4074
-14301.67813
-39065.79467
-37423.74019
-23559.51516
-24097.91041
-22522.90205
-17068.7635
-30573.47293
-42343.97039
-53728.41216
-43567.3795
-1438.015268
-3263.362376
-5889.153914
-8844.76659
-16600.95504
-18942.18822
-19586.32667
-2783.042366
-13635.4947
-17455.93039
-15506.20129
-20764.63002
-18581.23094
-21539.41125
-3934.239937
-20246.5032
-18751.22972
-15701.53056
-23792.96
-20019.93784
-21219.67074
-6713.960355
-31485.45793
-29110.90927
-14277.22653
-20799.66587
-20867.70349
-25653.26775
-8027.665252
-50712.53864
-57912.18618
-18442.2246
-16594.37736
-18860.78766
-33291.1768
-5522.327281
-36496.66153
-8965.66438
-594.7963747
1520.656396
-10759.68546
-28774.60736
57.32575307
-7146.656949
-1886.66243
3142.835456
7865.096897
-8868.273507
-2628.354627
-616.320273
5655.821154
-3953.018905
-6425.460855
-25516.90193
-24519.48206
27724.19919
-6783.461482
-6836.754674
-22879.33246
-33936.08027
-35109.55646
-16137.55744
-26131.47679
-6217.548226
-11951.41855
-32640.84523
-37931.74664
-44765.66924
53230.587
-53435.42282
555.0398697
3375.298035
-1069.550588
-10798.41168
-24158.64864
-11206.25772
-64006.80396
665.4258749
1858.05291
-9356.77082
-16853.95643
-26407.12647
-25474.68614
-51847.13332
-7934.313712
-14482.42147
-18653.4523
-20473.50251
-30679.55245
-33097.24325
-20282.12285
-26914.73801
-24810.36581
-9798.349986
-12252.17269
-30559.94071
-39345.55032
-55784.12124
-12908.77398
-6924.653958
5407.177534
-7132.743459
-28806.24817
-43653.78817
-50601.76311
-3733.255866
-9547.128141
-11259.36534
-11192.65881
-8357.945283
-14950.91774
-12507.85111
-8091.514425
-27073.53453
-17471.09606
-13366.40357
-8471.003816
-15955.11073
-10789.68484
-12209.01505
-39492.06134
-19986.99459
-13547.69036
-8702.509005
-18709.85729
-11685.80363
-18513.6143
-57902.24574
-32058.29991
-13799.31115
-5691.806271
-9544.493916
-10004.73858
-17490.71187
-22384.64243
-11176.17076
-2727.184323
-243.2362853
-3050.852999
-11029.20894
-7906.535371
-7395.723715
3336.557996
12380.09337
11810.75122
950.3506935
-2027.394574
-3507.597284
-1789.179027
-236.6909226
6634.520517
14976.00362
-77.45152712
38242.3743
-1257.950854
6034.331285
-2141.600546
3400.239699
1032.478866
-26977.44722
57355.87244
-7410.115709
-8212.940198
-28338.44642
-33333.79631
-27459.40353
-1323.715675
118550.2002
-5430.886692
-10781.71871
-38777.75009
-43517.62568
-55970.21774
24195.7593
770.5492741
-1492.359802
606.7363205
-2114.348943
-6946.47231
-23410.51486
-32446.60259
-54808.31281
-1743.419847
-393.7119472
-11185.41233
-12326.75937
-17637.35255
-37594.6844
-64080.64013
-10672.45284
-18819.83904
-15178.98205
-14608.48002
-17746.92872
-32548.86505
-53675.81788
-21108.78268
-18764.56773
-11464.06134
-7263.975054
-21930.10759
-31920.55741
-47575.41893
-10340.33824
-5806.570482
-2890.80017
-6313.304492
-18278.02015
-30412.86873
-45990.71326
-6595.6763
-10350.11279
-3823.264097
318.8563176
425.0678871
-3603.937922
-8647.00486
-11832.57577
-16565.03796
-9281.505145
-4643.350991
-2467.196336
-7177.783427
-5641.266363
-13389.42185
-22418.9758
-17288.46045
-5771.837468
-3142.589191
-7251.333992
-5795.246369
-14968.15663
-14027.82397
-20541.91909
-4429.49696
-1841.026887
-2941.232201
-5201.07405
-13306.59261
-3537.393885
-2084.401524
1061.448076
863.8950062
1547.40747
850.7554455
-12076.8214
-4268.654955
19001.75666
25594.28577
17993.56225
5514.841832
14722.91458
-11745.56311
-20576.13318
1630.251193
13721.88787
24153.20542
2853.352249
61619.1302
-6108.960905
2371.483845
-1762.864096
11244.02868
17907.85382
-22342.16584
57821.63925
-7145.468058
-15873.87362
-27100.95448
-27097.38062
-15915.44261
-7548.067759
253631.9481
-6578.884681
-22200.79897
-55376.46911
-60429.3211
-66439.08568
-87515.50694
233382.6342
-3995.49035
-7208.506907
-8162.699929
-3964.70261
-18414.07257
-35622.57084
-10278.87496
-2960.427101
-7392.798094
-496.0961673
-10677.16283
-8616.864964
-20062.49827
-97308.55918
-6360.218155
-12359.06945
-25852.62205
-18529.71834
-7861.270289
-4758.539051
-51921.78696
-23800.8276
-32642.48565
-33891.56844
-14599.32056
1212.793294
-6157.106488
-25963.79302
-21716.01192
-22128.22654
-12502.36788
-4353.117021
-3140.494622
-4424.521514
-17116.87377
-7619.657099
-6040.704903
-210.3051538
2258.97217
3414.464369
5261.831189
2343.533428
-9079.457662
-7371.320848
-6306.018932
-3083.482045
2442.39275
-2171.907567
5729.630371
-10570.70187
-12615.31985
-12193.82777
-4014.519617
205.0078969
-5891.551395
6598.288189
-17482.60053
-4229.899675
-10318.43914
-2079.860528
1821.08502
1251.807802
2220.991244
-31262.39832
937.5105857
12013.17308
5139.75884
2979.982063
10882.00957
500.1444173
-35021.05248
2071.594769
38324.20145
18220.67183
12140.27572
14999.0834
-521.1261355
-33394.58951
-10872.81178
4532.890643
7088.117312
13835.65779
8709.599833
40490.10864
-21889.84114
-18093.81714
-308.3772071
28397.96311
54786.40525
-1370.923132
102630.9922
-14207.45713
-18438.92346
-21024.56898
-11378.90456
-2099.675582
20559.99258
132311.9457
-13343.92642
-29091.97515
-77868.44734
-85195.07563
-75810.59187
-125948.5587
429969.9578
-12212.59518
-22020.94256
-23511.90294
-20997.28108
-12599.68714
-33901.93053
71604.23545
-8413.561654
-25047.10815
-21812.94812
6240.143578
5153.918653
-16635.76961
-131490.5308
-7378.575432
-35201.73534
-24942.85037
-2805.004381
-3505.814866
-5180.189269
-85361.65851
-13776.10342
-39603.19541
-44548.16332
-34615.48008
-6722.975716
3853.134293
-20726.92165
-20802.18368
-45207.81289
-48888.46087
-40934.28334
-6033.089459
11130.96815
4154.316686
-6994.445967
-5570.159369
-1518.695427
3727.213578
7181.537606
15436.71124
17545.85296
-9243.480071
-6203.237154
-4653.339093
3817.963115
12600.30515
13190.52931
14400.93846
-18186.29419
-9350.585538
-4682.618604
5137.962839
9089.702685
10001.54279
7698.647458
-41938.17696
-6928.31992
1561.211051
9010.511278
8947.225755
15175.05216
-464.8310461
-27116.89229
2937.967119
25550.73088
8013.460031
3948.89968
5082.540437
-4233.808757
-18327.43982
9693.662593
23201.36505
12459.82853
5936.758115
-6789.925689
-10039.83616
-18403.76056
-1058.176766
9990.284441
4260.36937
7240.343026
-19750.11882
-37570.86413
-27428.0646
-7317.894881
-1811.303569
9625.213286
31626.30353
26046.37315
40936.05448
-28399.10163
-10101.90884
-14710.90529
-9554.059034
2352.595281
80180.50763
142042.7171
-27494.05941
-20307.95359
-71705.19494
-73917.48509
-89684.31065
-124510.7409
323823.3571
-28707.42422
-20783.50074
-35392.35007
-44166.83208
-25655.76071
-19501.45767
161054.7467
-24514.19792
-31015.15659
-34208.09683
-18781.00202
-6729.993918
-17182.0637
-74151.50291
-18557.51541
-52566.16351
-45466.4015
-21894.94097
821.9070503
5248.935539
-95081.09094
-15264.36118
-64699.69704
-74546.56716
-53928.49677
-7403.080315
13195.10463
-13922.28709
-12699.10652
-80338.53233
-87789.62119
-97715.24286
-48022.47
-8537.136357
9318.412218
-7391.002533
-5382.280513
-1369.638506
7078.313411
13857.80288
22360.65995
23326.47845
-12965.35798
-6140.32429
4297.331139
15803.28724
18471.95773
22177.73259
15264.36301
-26701.46712
-7419.537545
19173.10161
13195.48631
12208.38227
25970.27122
2054.377989
-12380.041
6067.500443
36000.26357
8702.859088
4499.943196
9614.314683
-9502.695649
-1202.475171
31221.88702
26146.03363
4504.698654
3049.541141
-3001.424772
-14639.06144
243.0382117
29744.55391
18047.09662
-7236.529167
-11617.72119
-16198.21573
-39153.25138
-2878.377413
1035.672178
5484.51505
-11937.127
-15872.29679
-30764.45805
-79171.81981
-4674.811714
-1621.403877
-3652.18631
-5328.081258
-11655.03733
62140.90466
-19589.30547
-9525.946102
1860.6327
-13660.73007
-23534.77661
-32390.53756
89017.18177
284068.8149
-25053.11672
2296.464366
-51388.19135
-43173.94505
-63814.25597
-201544.0632
327262.1857
-39368.9833
15628.22054
-24270.82146
-48858.60202
-23409.21677
-71072.6806
-27550.62018
-39781.52354
6300.058282
-1074.870065
-14877.43387
-3799.076676
-9058.342363
11992.75452
-32766.61426
-10541.22046
7736.93035
-11053.70473
-5066.388832
10515.72593
22329.822
-26653.55006
-17333.05049
-20909.78637
-26904.69892
-11355.26505
-2850.334607
24844.7841
-17715.13065
-22264.03472
-28863.47674
-38922.25778
-49851.17751
-30171.19451
-10622.90889
-6043.666859
-3415.108436
7209.938606
16932.1641
20363.83343
24265.80101
19198.19019
-8234.939826
1221.331447
17149.60845
20928.36459
20181.83101
24211.93416
4966.072449
-9863.905106
17053.74715
15961.59753
8152.308462
7071.045407
9434.677641
-5787.953175
5373.253049
44964.2528
14799.66503
2279.317082
3414.533761
642.7394648
-17098.72408
17234.67381
41943.50456
7329.23272
-2729.426774
-4062.371485
-6654.191251
-12133.209
10273.78307
9811.603491
-3962.526995
-18306.09844
-22210.3353
-32257.0511
-31211.71618
-1020.700198
1636.610988
-4284.548366
-20635.42308
-43164.93299
-38795.59111
-73685.18974
-1173.078457
-556.5635585
-12961.15458
-24833.27534
-30931.42313
-47066.98937
-15007.40705
594.733269
6332.595837
-17208.30089
-46372.32102
-105743.8464
-58614.40295
202698.426
-828.0662885
12143.90334
-38082.69939
-55911.91995
-85735.80501
-187442.7616
-234587.713
-10147.36093
30681.07382
-12752.51566
-51290.87606
25128.2988
-128507.9488
-613500.0233
-20711.60401
10331.84486
34550.73176
9647.790736
9077.106913
-32485.29619
-164691.3718
-29783.53266
-4965.743471
26257.75795
29993.23106
7203.145151
17880.30035
19329.9175
-26665.65021
-11114.24123
-4507.040311
25819.0244
25748.53364
-334.6212675
14307.29016
-21485.3987
-14028.691
-4965.822644
-735.5322155
5294.423684
-19858.57664
-12556.02902
-2482.652016
8322.129627
16664.72311
21522.08183
25267.58148
17354.96235
9456.151473
-118.1076811
13343.80094
20814.24839
23031.49312
21405.91945
10765.36632
2629.623722
4636.320847
23425.33756
11081.98312
7170.180635
5449.329706
-1928.889616
-1862.35466
20300.51396
22577.88153
3784.29214
726.6884519
-96.00028338
-5440.836335
-7444.860865
26392.57071
11248.23386
-2009.074157
-8609.476309
-11375.58302
-15347.2498
-6343.382885
19099.91827
-540.560829
-19881.45695
-23350.99345
-35889.40548
-53950.51901
-4747.152491
52.51114225
-2887.360076
-9528.23142
-23095.62877
-53646.30485
-58903.83527
-36797.39551
-1146.259494
62.35955753
-15605.32939
-30510.97887
-62154.24418
-120864.7569
-81977.5714
2426.833966
2237.390759
-14517.34432
-49972.06103
-164720.5139
-246511.6369
-199055.9471
5275.872758
13424.96703
-30165.49211
-74890.16377
-210404.3713
-364399.9065
-788648.9188
-246.3601703
36260.09409
6692.342079
-90207.90815
-5882.46586
-30014.54447
-800360.338
-8252.303522
7546.920582
49045.22169
18018.59023
6858.295639
4013.486953
-233994.1632
-14234.3895
-4964.899617
18167.27544
52815.12526
21108.84848
8296.629907
14332.61331
-19486.642
-14371.35085
2890.329833
26351.35817
32658.05771
2993.707791
-30226.17766
-20306.28087
-11296.71879
1389.492123
9259.376878
15785.52812
8573.645864
-15606.97876
3700.349072
12324.216
6275.859518
5521.302439
7844.917246
4323.900065
-530.887089
9574.491037
16757.47119
18172.60132
18384.42629
15149.55843
1830.980504
2125.007242
18284.60466
9688.071675
9170.293521
7423.925314
4648.653666
-8228.207677
3835.000173
30941.228
5892.785904
871.0523538
-1335.847511
-2999.920041
-18258.28093
589.8001104
29855.40623
-606.1849495
-13800.51568
-15514.63769
-20350.45483
-39678.50506
-2372.21704
15906.6877
-14181.33257
-23401.42307
-27313.73983
-36915.26561
-55511.41977
-11296.61477
-757.0981147
-6490.757586
-9212.893073
-21394.06446
-47747.40063
-76463.52382
-14936.21236
-2523.923217
1382.923348
-6271.840636
-27189.13
-54732.98975
-99365.1992
-268070.4826
2655.508637
1129.245039
-9595.432208
-23573.06887
-108627.6624
-534651.3245
-392063.0618
8659.872025
7499.301934
-16880.58
-59320.75622
-238246.5523
-541489.4992
-835713.7459
3510.796858
29221.52985
17398.05057
-91472.33344
-180833.2696
9016.157022
-631475.0726
-1401.723628
15937.28247
42880.99497
36753.22009
-48015.51679
3638.78083
-70356.71578
-9401.159039
6726.989337
24917.51226
40741.80231
16162.3657
11533.90914
-43373.366
-10045.4646
-5441.091322
7526.495858
11991.09709
336.0354471
-8836.623629
-53140.92018
-5683.621405
-4.297084027
15274.28633
29245.59759
28449.12291
12463.75036
-11495.68079
6445.765747
2191.779752
-1824.471003
-3493.592559
-2291.203892
2065.207107
2478.359303
14635.89881
11072.96864
15108.3384
15790.00589
10705.41273
-2980.116298
10397.00496
11662.85785
7185.196277
8622.328855
6352.653538
1991.640777
-13823.23798
3619.502563
13428.093
914.4978959
-1837.941392
-2723.970202
-4119.449566
-20628.04904
-99.55048145
2846.870877
-9530.715422
-19113.7835
-21273.76168
-22662.76661
-39177.37867
-6242.279903
1546.068382
-15067.32777
-18200.2568
-24919.82331
-34764.44531
-51985.77597
-13027.94687
-4886.338948
-5467.984676
-9504.376229
-19890.10946
-43010.3139
-70652.95485
-13526.5293
-2377.347575
3103.991253
-2627.098836
-20440.26355
-64978.02356
-89330.79551
38615.79439
2986.175932
2466.970994
-9839.262251
-13429.05538
7475.604431
-159966.4825
-712679.5082
7220.603785
6579.148479
5055.397165
-18283.81599
-146868.5878
-687636.089
-1054727.827
10394.82715
16034.13928
47663.24544
-51590.93554
-245169.4801
-171210.3864
-88497.26461
4442.244413
18230.44883
17864.94679
24234.05062
-10686.5788
-30093.9324
94179.76854
-6557.508039
15762.04893
20131.02838
-4795.449094
-25802.24087
-9936.587813
-38589.01287
-8721.283673
1193.701759
11296.78038
13517.38047
12241.36569
866.3515735
-12869.2862
4424.72781
18209.13568
62726.27702
105856.2486
99238.29463
52563.87624
18109.7797
1055.208484
-3504.765518
-5371.040634
-7283.842955
-6846.909533
6393.138298
29136.02982
11121.62253
6062.037517
12743.08969
11335.62282
5579.789755
-7033.681642
21056.20038
5272.810447
4918.938519
7153.045009
3497.743589
32.8297127
-16395.62806
4243.166726
-347.7694401
-2761.588906
-5191.874683
-5262.578537
-5963.102118
-20034.24284
-2805.272879
-15258.51264
-26808.26047
-17773.65488
-19136.03315
-21555.40586
-37364.83213
-7450.928234
-26715.62845
-17109.26016
-16914.94295
-21842.73822
-34331.35865
-43470.38693
-12018.25891
-7279.761001
-6181.839959
-9546.207078
-19506.67314
-33522.95571
-52337.1555
-15612.75989
-2912.941316
6566.887467
-5321.3372
-27733.56672
-54291.4322
-7480.631948
74178.49527
2599.787444
1476.913978
-4019.399528
3123.584142
60442.66037
84041.73616
-283721.8071
5369.275367
157.7013927
48258.27366
119790.6141
46905.40236
-245024.4631
-1240779.402
8395.636431
16923.75358
79435.70415
27460.64897
-44350.92511
-187243.3159
-205095.0792
6948.958556
22316.98389
21078.40551
9425.891667
-3326.275888
13780.76363
61055.9494
-4367.997462
4783.317734
-6217.857891
-24510.25213
-49336.32688
-23153.65029
-4784.639793
-7431.615669
6156.426329
28827.40098
55891.8786
48967.16855
13779.08754
9228.448683
21699.91199
52279.48398
94723.73313
57511.46176
13766.82594
46829.27138
69063.09309
-2888.01665
-6071.218227
-6867.091818
-8698.197226
-8108.150488
11897.71151
44131.8231
5138.202658
2912.626144
10285.61715
7889.507683
1994.590447
-8055.869154
30986.00764
2864.46348
3002.845214
4285.538297
2126.033129
75.67577311
-9534.878384
5008.458776
-5095.26847
-7208.333221
-6960.758154
-6280.90107
-6077.096684
-12778.89168
-2506.716583
-29421.22701
-24467.07405
-17969.78669
-18225.06918
-20823.89589
-23817.7259
-5250.692434
-14785.27274
-15173.8129
-17185.52539
-20402.88927
-27815.58536
-15913.0887
23341.84246
-6275.95989
-8224.396029
-17405.38943
-28208.89288
-7486.261199
-33390.35541
98399.54478
-4325.453718
-1010.252966
-22073.92564
-76749.79289
-3533.659885
38669.50332
286726.8884
-651.7876206
-1633.271683
-21618.6025
69818.83993
220754.901
143275.4406
-41057.48335
3023.868784
-1269.235109
77568.47844
226078.0035
234627.5259
113416.7491
-392464.9535
6824.348845
22219.23294
63122.1832
99855.15958
48937.50662
348.0609737
-88862.27837
1446.578447
24262.68864
27056.66023
-3296.849528
-33880.59376
28624.75055
169054.2165
-5495.801321
4782.992629
10190.29584
12707.96559
-13490.24613
-31668.9207
30036.97836
-7038.091581
9246.51557
46530.20733
68176.81133
23255.60109
-3484.986963
21156.31575
9672.606285
51170.76968
50328.85274
-17732.67472
-53274.14391
-34680.523
-5527.42223
-4241.419932
-6945.846251
-6915.831071
-7922.107466
-11927.63431
-15582.86487
52044.99006
1659.361982
2495.891543
8823.107022
7816.986469
-309.5065831
-9059.373807
46463.88924
1952.235099
2349.994258
2945.810557
1293.494551
-506.3693029
-10179.68827
3455.893455
-6271.666228
-8507.64259
-7947.532656
-6188.225273
-4893.977705
-9229.557864
-918.1590473
-24338.66659
-23855.39245
-17895.79019
-16654.41763
-13813.83615
-12909.93804
-6779.837407
-11497.35448
-14593.99424
-18257.46258
-18287.81892
-10984.86219
-9855.655222
41631.90274
-6037.098592
-13105.71336
-26305.19258
-18302.45525
9410.529169
-21702.98522
134626.2197
-8689.970742
-38693.56075
-131330.8437
-36940.24151
-1457.19217
109446.3071
719782.971
-22046.73207
-157925.0893
-228325.5487
179118.9059
456500.2535
425067.608
69118.17279
-6788.753758
2326.604003
264060.0487
432767.8342
402030.9348
417333.6041
81744.0857
7050.231214
30172.57491
72707.12478
104729.3649
71907.40019
151281.8715
127877.2366
815.1102257
13117.35394
43053.44133
1390.740822
-28623.699
-40539.15243
214733.9323
-5159.196121
6365.316346
15662.58507
38072.57814
-39800.5823
-49534.91536
14950.74265
-4503.376505
9374.217843
47206.29283
27092.46349
-23793.14076
-20601.09619
-14338.19904
22129.07317
33688.61313
5983.773952
-40459.5096
-21073.4818
-14408.79543
-17862.08065
-4001.632294
-6525.585844
-6451.613725
-8489.88079
-21976.69797
-14836.73293
63732.81849
2295.180851
3664.168005
9675.922713
10674.75132
1109.37651
-8137.981591
71409.80169
2264.334141
3325.942157
3968.780588
2309.741244
-383.3388562
-10476.03824
6505.647822
-6234.373951
-7979.857168
-7527.615009
-5803.641474
-5448.405583
-10427.96923
-6161.339879
-24797.24772
-23534.7366
-18712.97389
-16531.96851
-12842.96713
-12830.6233
-19023.35334
-10814.87344
-14735.83887
-18306.34865
-16992.11291
-4906.728902
-10196.0498
-69693.40669
-6531.910796
-12160.43946
-23092.18267
-12954.73783
19617.74637
-34520.03719
-139874.9267
-8054.393474
-25517.38997
-71414.28503
19960.57576
-1271.219085
-158228.1011
370429.2475
-20164.44564
-113944.0659
-251784.7299
-192498.3083
63119.37866
399879.903
641009.5186
-28241.51991
-169788.6084
78106.17306
642787.4755
857562.7983
793437.0314
482154.581
1137.838908
12530.28507
119305.2015
298575.2275
281499.9504
410404.9427
580019.9625
-5913.329025
11849.89539
33679.77552
80575.47153
2834.007933
-24124.85337
75457.07429
-7786.860599
4978.335335
5716.907228
13098.06009
-3756.147916
-49104.93317
-44839.0854
-10893.80198
3525.975894
19772.57704
21727.69319
24450.60844
13896.88323
10884.9113
-34695.49689
-7905.118085
11045.86008
-2937.669143
21975.10684
20501.8312
15063.51153
-12664.72437
7526.999905
-4200.105722
-16165.97441
-34152.23633
-50422.78415
-12635.58563
-13619.32636
1648.362641
5839.898389
2281.959542
-3638.413311
-27627.65254
-34436.36668
-6842.203213
52931.6325
40838.9669
35388.67291
27296.26777
40012.71789
20106.47452
57103.53842
131238.5061
101742.75
77491.02393
42292.11024
53146.29919
45787.8178
110927.347
52345.3496
29360.04292
17313.96858
3629.566304
-8461.347924
-1300.068228
63382.88646
29461.92531
11350.24329
-919.3757735
-4155.524831
-6272.335438
-6493.472377
44569.35117
14074.29638
-2853.936522
-2608.470747
-451.4650345
-3589.080592
-11759.11913
31657.78966
3718.193063
-16824.57341
-16996.33182
-14743.9739
-13898.22725
-18423.64186
24124.92577
-11267.03412
-44664.86125
-30424.37854
-37768.43917
-40793.37591
-43122.5559
60116.96105
-9564.806823
-32364.61089
-69299.34845
-48834.96739
-31803.80327
-25856.64482
28001.78829
33591.94169
47668.80611
14656.25608
42257.75121
47535.67419
13628.44623
-8710.970479
79004.84049
104634.4499
91919.59024
102219.1446
83732.38706
55994.28533
20388.29285
77252.01997
60703.49632
69988.08169
33233.01845
15829.71215
9094.942602
50942.34194
67858.23555
44473.98305
29961.92026
11251.48389
-2283.066612
-4735.900495
72351.90762
60299.74011
30762.12418
11079.80651
1559.213943
-7843.032439
-22875.83542
-9845.65343
-3314.214451
-4170.738841
-13144.94526
-19956.95554
-22780.89021
-3073.805527
-3629.806089
18546.54266
7901.1385
11951.70498
7885.849029
26195.82797
19426.35256
16246.48812
38845.43381
34679.79846
37129.23766
21345.85439
28445.03424
57186.95529
51886.40045
87936.78209
74012.4129
37873.72601
24703.35174
5652.697152
22984.66978
108010.7581
67547.74031
12736.29681
-7345.712707
-14438.56846
-13668.00602
17986.75032
77557.45383
47139.83743
7737.853505
-10053.3653
-33284.30361
-5406.53429
11934.09037
57569.24661
28110.92699
-1523.918988
-3071.125899
6654.282864
-31718.42093
-40987.58995
44599.79093
22658.78352
-22001.30582
-20765.87101
-16626.56855
-16271.60859
-31858.05015
40154.14842
-3028.328358
-25886.24098
-26470.46464
-27068.27332
-18335.88919
-45062.48289
64839.13927
-23579.13016
-45104.56755
-39838.66145
-22641.50455
-21239.86008
-56035.96072
34436.78434
-9142.487126
-8389.673789
-13105.1486
9949.342801
9584.134267
-51590.74921
-17929.17833
-5084.797976
28243.7866
29829.48919
31559.10736
10641.28304
-34291.42853
-38898.42749
-26244.90862
45756.32303
74128.39642
12620.25249
3657.62988
-34922.87297
16679.54927
16308.55173
57566.19134
23932.70025
-12268.09841
-30657.06541
-44231.47638
47943.1061
70331.8556
34376.66689
-4429.116601
-33022.28904
-44426.27253
-64963.05324
2964.512909
-10334.79481
-15508.40196
-23324.92446
-24681.09082
-16131.57483
-14292.38301
5677.26413
5958.097681
6458.73182
1658.139323
4602.218608
24293.22732
31310.51483
27286.33346
40077.73935
31646.96832
20603.24638
27190.06211
52677.24011
17468.47631
40871.99154
45852.44029
39722.01409
40266.08099
34286.26655
18783.57771
4479.81033
67263.52966
41504.22235
30339.14214
10145.80451
-7241.18423
-22607.4038
-5226.335096
77050.22583
41711.31035
16571.88893
-3109.23235
-17202.72102
-36350.61572
-6285.806229
62247.33267
35088.09434
-7717.08373
-22557.07726
-4455.443124
-21699.04255
-46408.41973
69180.33907
26085.86675
-24243.74388
-25482.55848
-23855.34176
-16383.571
-32293.40236
86099.76632
1268.760964
-19221.67732
-25040.35796
-28744.25114
-21593.62211
-42314.53564
50102.33056
-11284.21481
-17744.64092
-23123.44858
-32666.79906
-32211.6101
-66533.3719
-1583.975231
-29097.30811
-19701.45219
-9202.053845
-21062.22011
-30848.44932
-55523.77149
-12706.34533
-15665.84607
-6491.594931
695.1828713
-17790.1655
-36679.72483
-35426.74739
-39357.0923
-7721.516138
19149.84588
5454.406782
-19876.11144
-43974.69389
-53177.76867
-26479.58589
30726.22794
938.7620775
-10128.45508
-48079.42211
-70020.40121
-73476.06533
8140.454782
21696.98969
-8752.101615
-21959.09613
-71613.13324
-91803.35407
-79589.42295
-12811.7131
-22334.21145
-43935.18009
-50953.26834
-43481.69907
-19628.50525
-34379.79371
20969.41728
10058.56826
-1434.872879
4066.265512
24552.41306
31203.26519
584.3962305
50421.76157
49045.39816
42350.0377
51639.93946
52253.3016
29270.63793
-33750.09166
40208.49554
41965.62641
38137.21685
32328.66345
41013.13254
32172.11978
6383.918966
40062.819
30034.08013
28919.78127
13606.55633
31725.87714
20226.14694
42191.94731
46784.07877
33386.97001
18831.10038
-14348.837
-7685.598064
-19048.4836
-8890.171371
55198.6411
42581.94918
-16335.21655
-33083.54064
-3987.527562
-12435.37772
-10995.13451
47778.98312
-21758.90989
-26684.3826
-21251.47602
-26973.15238
-27720.64859
-71269.46241
47405.92777
-25739.06795
-16122.50068
-20522.01812
-40717.42321
-45149.6867
-99691.8039
8570.666903
-7327.469359
-10361.37309
-23182.24885
-54957.16214
-91227.51654
-115341.8802
-4694.392052
-9028.858764
-12049.91369
-19029.76746
-43767.7451
-87421.60901
-38840.13069
-18330.51019
-22307.39681
-16329.13056
-15568.42393
-39171.85321
-81553.67996
-10138.78029
-15200.99025
-6929.320064
-13145.71261
-16818.83338
-47863.72002
-73203.69528
-3549.274781
-1130.896626
25281.56719
-7470.197887
-22974.89263
-52200.69439
-67008.0632
-28709.60416
19226.85642
1574.867968
-14058.51711
-38533.69949
-56373.12086
-50779.30034
-22574.0937
-20011.79351
-25589.86284
-23783.43602
-36254.87326
-38193.32186
-61219.17051
-24876.45246
6510.209842
-3339.875877
-3610.005459
-9386.450688
-7147.635469
-11185.73557
-12040.21588
65361.95644
38165.41503
36820.93277
13913.13882
-2641.531358
29655.57966
2993.016544
52784.47467
33704.7383
20298.47155
1359.180822
8470.180383
55413.68423
20943.24124
72206.71687
52239.98885
13539.01884
-54173.35982
-661.6381177
42702.45111
924.238917
60666.07695
44026.89867
-2298.253012
-27155.02224
-10933.66143
-22373.66853
-44828.87489
118661.3224
70068.57627
-29153.61155
-11720.24562
-5445.225564
-25243.60287
-15858.11719
84459.46464
5137.311587
-11714.03761
-22183.91954
-34793.32373
-41093.01483
-57683.21402
-23233.42913
-43171.8003
-572.6330117
-19235.34082
-63494.89965
-70373.66711
-84655.36421
-23556.13015
-19124.45694
-8091.522711
-24790.35172
-77081.47808
-79659.51825
-78034.51625
-10698.4387
-8806.443515
-6620.134583
-16260.50224
-39086.88258
-38085.08084
-20219.30996
-6637.759733
-8852.437541
-7618.119929
-9303.864917
-22772.13051
-16591.54874
71206.0823
-9722.205071
-7609.713535
-15131.86848
-14306.55024
-20204.09304
-3993.821945
79504.67408
6633.76804
1812.718471
-18946.69701
-21076.29582
-20589.84925
-10762.00267
15111.51412
16118.62367
-7003.636768
-27551.14125
-44398.79499
-13529.15386
-6407.737261
-1689.928005
3722.337899
13694.02159
20156.97337
21301.70751
1229.304124
-38369.55162
-34675.76644
35280.02706
55955.94236
47700.34703
34560.41707
-92.75945829
-27993.8271
-25132.37303
37470.51305
65169.63547
53208.88175
16323.08215
-2200.002181
-16258.77624
-12913.47907
15918.44182
36672.41942
24824.35408
-33379.47915
-5630.096751
-7633.457294
-20494.17491
15999.03204
22802.18728
2568.537565
-22259.47656
-7592.332401
-15579.0784
-33526.83698
14822.76908
-7263.190073
-11453.89467
-7147.204351
-14700.85616
-11253.39767
27977.4948
22144.5415
-13762.71366
-22265.50254
8746.170115
16996.05071
-3466.628249
3493.216575
42580.3495
6042.494384
-31645.16168
-49367.38214
-39737.82984
-16729.54785
-133.4055901
55414.9996
23535.29184
-275.407552
-30431.91405
-57276.99338
-37574.22838
-75915.31427
9362.29833
-9191.828685
-7154.597673
-36990.6244
-35158.58728
-44229.56805
-70372.18534
-41944.32919
-34528.75791
-11478.00987
-16461.06806
-12633.21982
-14497.10637
-34353.83816
-18785.38512
-12880.86441
-547.4977536
-876.6539377
-3750.371821
-4114.000509
32431.47162
-11699.57958
-14206.26305
-10801.76343
4582.085732
3009.399872
-702.0191652
13461.86326
-962.64654
-16778.10343
-19493.88005
-11575.69865
1282.672043
643.9482544
7439.537464
9401.149224
-18783.0601
-41461.54263
-19508.71212
-2126.327447
3902.201894
3423.947311
-10036.52201
-6392.477934
-6631.121174
-7440.49598
-13560.31617
-21029.39515
-37609.61192
-11915.69959
-6061.721063
-6252.021157
-8438.871381
-12667.77901
-27295.00123
-46052.26518
-9886.364729
-2239.506488
-2476.397342
-620.3473561
-9284.674025
-26154.51218
-56536.09572
-7619.112148
-56.09769203
183.2237893
-5097.85445
-13820.33739
-28157.92802
-63007.73391
-3203.531292
-1310.562102
649.557048
-5912.843873
-19023.169
-32600.50833
-2213.189262
-1995.894078
-4445.144608
-2384.458677
-7593.040624
-22338.24
-16739.05404
98646.761
-1704.048138
-10174.58625
-10515.19293
4362.329591
6734.719841
28749.16975
99315.39339
14654.02958
-25099.68919
-45002.26372
-46413.11593
-46273.39598
-23675.28995
44419.83776
21985.84935
25144.41656
-11378.52488
-39721.93927
-38213.79975
-3637.492015
-15809.20723
9867.807329
5472.373164
-9393.160882
-26541.57554
-20298.25667
-37718.5657
-47717.22572
-3294.389416
-9119.710263
-16615.19881
-17862.56611
5504.664907
-8305.094712
-113420.2296
-20770.37979
-16871.58051
-6147.821234
-6755.714782
9310.067151
-2652.48278
-36025.8744
-25638.10799
-16114.05011
1324.132364
5742.105735
3689.286158
4601.791461
-1563.085856
-41329.75043
-33261.36951
-12085.40345
731.6288709
-516.1818763
15318.19173
13462.29212
-17425.16474
-40116.45388
-26026.06386
-5501.365442
1673.324138
31865.71718
21845.65459
-32007.81905
-26543.69499
-14565.84783
-10056.19472
-8613.950415
-8593.274249
-23012.44049
-44296.8456
-32165.36187
-15328.06956
-9373.122635
-12199.95597
-14438.16176
-36632.12167
-28890.80203
-27614.01809
-12262.51269
-7388.797221
-12908.55923
-20913.6119
-50754.22593
-9659.804617
-2956.216258
-4399.008448
-4843.573627
-10467.35801
-23593.48154
-64363.63605
-3970.561074
-1419.827204
254.3110426
-5225.971695
-10810.98225
-33596.18482
33118.6279
-2583.582135
-1723.631485
-2900.441927
-7027.523047
-11851.84585
-22646.52008
252726.0796
-2164.265037
-9846.618829
-13746.67934
-2008.078376
3491.371089
17413.77255
55311.76889
5730.520571
-38313.66761
-72960.29599
-35974.81484
-36619.46912
-13977.75495
79241.70438
16202.61055
6762.788229
-20928.85513
-50534.10086
-31934.80735
8352.809904
83833.97548
5840.991598
19000.87387
-1355.727897
-14031.08101
-19639.86616
-37729.53475
2976.943678
-3069.402806
-6488.544652
-15348.85161
-27772.05857
6447.736487
-23128.86087
-107442.5973
-8186.418462
-7834.613593
-12922.44056
-25363.32791
2870.364635
-11978.03712
-58083.67172
-1457.127531
-1345.976118
739.4216919
-3978.813567
-3354.396864
-3540.384045
5487.845373
-28137.87677
-14686.48265
-5118.404201
-2791.519187
-7765.233533
27198.41899
40488.84474
-77263.81221
-33208.06595
-7377.197402
2636.17657
9012.481569
50034.98819
53048.1166
-13639.68969
-22085.82249
-21421.69104
-13166.73959
946.3741498
10090.3723
-9721.04918
-15946.05765
-16716.68412
-21479.44929
-17593.10106
-5852.641128
-7946.381322
-33470.7638
-42297.70777
-18427.31302
-16253.0636
-17468.31907
-16918.46841
-26271.32401
-58641.7909
-14703.72666
-12874.84625
-5929.119453
-9125.601318
-15749.81465
-27429.30364
-78676.45966
-4850.563401
-2364.352253
-5805.869155
-4428.13493
-17064.66194
-31263.74898
9870.129999
-3476.408454
-3354.264178
-2421.414733
-2875.678274
-13966.65182
-28969.18481
300159.8728
-2154.047101
-9635.340792
-22267.24733
-8158.400873
7338.455648
31511.3856
107837.016
3396.931919
-52834.58791
-103832.6005
-25576.78161
-2972.476898
36154.5047
196804.1228
17827.60213
674.5061008
-24227.9485
-47279.30185
-50203.62352
7672.216013
249169.8855
12622.33339
24829.30344
13230.33598
-14550.99522
-30886.49199
-27666.23724
92738.01833
-5267.207922
-3466.201036
-12131.91492
-49649.29029
-27632.83322
-37163.40243
-42513.65454
-11546.84735
-11180.46472
-21777.07872
-40914.86491
-26320.77408
-39467.21971
-58952.21033
-1268.402999
-11943.295
-18325.18772
-22311.42825
-34815.44758
-11744.26396
7200.697074
-9010.649858
-7294.008024
-8230.709951
-7550.036351
-15945.20511
19922.77156
56725.11136
-43055.1117
-19731.19977
219.1493174
12659.10497
44930.6117
69665.58589
79715.82817
-8417.148835
-61427.23119
-96527.94176
-87206.4149
-31761.66827
1756.925095
18549.74541
2991.619898
-20142.96862
-63838.06431
-57629.94458
-13325.54597
12175.93963
5406.330761
302.3685049
325.9887409
-27551.2932
-44214.78255
-15437.03564
3809.645576
-30155.82407
-17760.72762
-17886.33982
-5806.870884
-19950.53775
-19839.86369
-12613.86923
-129119.8543
-5639.717806
-3539.075183
-5269.113381
-10649.09661
-19310.49016
-19465.12758
-192041.8417
-4692.686304
-3008.809538
-2781.142268
-9509.227917
-23602.46097
-43341.89917
-43171.42706
-1638.313568
-12217.06502
-25574.88867
-11476.20275
-6533.057215
-13131.19875
348272.6676
7115.162298
-61130.2656
-155880.6841
-26297.966
41076.57979
81476.44417
289862.6906
23026.27479
1728.07042
-32806.43935
-58473.64454
-60030.89491
-36574.53069
118847.0078
19363.30958
45883.97478
40530.41094
-5329.547705
-42856.20915
8801.185564
83651.70475
-5040.756039
6313.760644
13219.53157
-21058.90207
-35802.41763
-1459.891062
93648.70022
-13997.22795
-13299.56774
-20555.90903
-28527.76127
-34611.26076
-6045.807816
86336.95502
-11822.5114
-15968.87278
-23822.52627
-31407.78474
-41804.39631
-4660.557655
30233.06462
-9291.485146
-10191.25276
-8557.695819
-7745.845156
-6361.56719
10752.26544
986.7564058
-31012.19196
-8953.893121
22764.14732
42522.62568
38816.27318
44866.51275
30031.89744
-13063.47698
-37527.71124
-33787.38183
-46396.09717
-66209.54326
-24791.2579
5918.082118
-1702.565495
-36159.54383
-42173.87391
-51481.20174
-64400.66696
-20762.25382
-1206.170718
10410.74988
735.2537974
-40773.20139
-40068.1504
-32573.94554
-19893.8128
-88217.15259
-8389.292697
3368.764516
-3205.844999
-34081.69414
-26220.44581
-25647.95474
-299420.757
-5080.229233
-8780.836124
975.716444
-18142.35559
-28443.5764
-86063.54725
-568709.4613
-1781.451469
-2603.267655
-2533.701444
-15967.23124
-41128.15503
-143648.4364
-514893.821
4950.436332
-2712.518282
-12259.12671
325.115085
-31934.34607
-119088.2854
58830.3022
13614.9284
-54305.72466
-162565.688
-110247.5611
21078.19334
140185.3807
185932.7392
29236.56161
13695.42685
-41357.70834
-110638.4649
-55015.43959
-110027.7413
-77259.17248
25580.82321
69393.31002
61676.58929
19791.12129
-24876.20678
11753.63564
18582.6047
2673.355741
30542.34218
39089.91565
21367.70092
1627.298175
19714.93519
114200.9111
-7841.777837
-4901.804925
-11166.98939
-16989.67779
-28484.97172
4289.334662
48888.54471
-8880.650604
-12873.8798
-22942.56291
-44403.26077
-47506.04806
-7669.177952
-19775.14667
-8438.924513
-11660.25142
-14390.16067
-33207.87589
-22839.39933
-2697.054683
-42998.02315
-21316.82034
-13012.60619
-4949.935067
-13673.94214
1689.28273
12725.20177
9735.159489
-19748.59297
-10029.58339
-2816.544206
-90.03158079
-3433.557447
-34664.2688
-8035.749052
-5359.449867
-8565.591094
4351.695027
9659.284601
8270.538262
-32883.79951
-1661.454045
18917.20464
2747.613531
12600.17451
36364.78429
8190.073601
-687.4377414
-47769.89431
-177.3305585
6365.309035
-11699.05662
-17074.58072
6247.723322
-832.6881854
-158334.7223
-4939.006652
-4989.046854
-1739.598069
-21666.7208
-21256.86886
-34057.49488
-420176.6775
-1610.901158
-283.9367236
871.5855903
-19356.90263
-27898.50362
-84098.52367
-676443.3193
15524.34421
17168.66471
8890.952805
6443.404832
-19950.76939
-177478.6524
-302098.1575
24010.27129
-36426.75732
-126950.1576
-142047.559
-113663.9455
-32850.72018
50589.95546
42283.37523
35764.57217
-58724.69794
-172501.2415
-76644.10563
-90109.11052
-174827.6959
41099.16062
93203.53225
85995.80803
-12373.10516
-27959.80994
-13071.51853
-2648.676871
6808.246454
24850.99222
49491.00675
48185.12849
20511.92166
9364.4829
82520.35623
-7710.313355
-8203.733037
-9640.457369
-15464.45206
-38093.90073
-23833.86753
38678.51817
-15939.48794
-34191.46871
-55492.44645
-69989.48005
-81607.11953
-17198.01997
17472.18425
-13005.25159
-30649.64947
-67129.88811
-76952.3803
-46910.57011
-22163.01693
-1695.806847
-15788.39749
-24141.75627
-36431.43448
-35559.5969
-21811.29746
6842.657685
16354.07255
-12743.12524
-1974.09849
20867.97318
29577.09804
24342.09972
10675.66613
-17881.51907
-161.5421393
21749.05641
79353.32519
92034.91687
76361.57789
11145.01468
3285.915357
3898.634744
-19573.2478
-19310.21925
-8430.545884
48162.97778
18750.30937
13089.34776
446.1160537
-4114.256012
-31811.95803
-36844.82676
-14867.58523
-6212.915401
38312.4654
-5165.494339
-3382.323575
-16916.80704
-44041.5576
-27386.02893
-15989.00859
-11657.89542
-3883.118077
4261.961867
-11387.56521
-37486.10717
-28321.8519
3409.826998
-226364.9023
13249.76819
30140.60301
7817.634987
-3038.318012
1272.778106
-4132.994042
-567248.1695
38821.58383
5811.256196
-48815.60733
-121478.5839
-147853.8375
-139792.3755
-160932.7145
60157.11142
73015.00168
-31420.49547
-206780.7873
-153010.5765
-102908.8675
-217731.0611
26697.0525
98006.8306
99901.78782
-18961.50469
-36775.16822
-26749.91637
-6973.005958
-3168.412066
14750.49798
61761.94733
71932.43227
24723.68238
6917.481813
22877.69402
-21447.19614
-20504.25369
-12682.18822
-3977.251795
-23094.9861
-21671.74429
28600.82444
-41988.3472
-55984.22103
-68869.4494
-72229.8576
-73582.65721
-30525.48867
30581.14012
-26052.01631
-50323.08529
-74494.93083
-85726.22193
-73069.02171
-11924.49512
37977.80558
-16124.18999
-24481.01826
-38268.86585
-33135.73976
-23199.16378
3297.111261
33980.33422
10407.15227
34572.94831
84670.54251
108910.318
112452.756
68660.35211
18680.08902
14686.92094
30157.98184
-8049.102633
-10959.76633
20401.10741
80515.35263
41180.73834
-24458.47393
-51119.26037
-143115.8233
-178456.5894
-121157.2294
19803.63437
51450.85964
-4081.797918
-11800.22429
-98858.92513
-153953.5039
-175767.4231
-33118.44469
127884.8569
690.172127
-10853.5956
-80684.33379
-111258.5937
-141356.592
-37854.02777
117085.0607
-2909.21932
806.7928716
-71634.14433
-108311.8014
-135448.23
-31789.24733
-2833.370032
7087.388884
22448.25839
-31270.43597
-96381.32378
-91911.02424
44984.78197
62354.39701
35372.08939
41619.79285
-5639.679517
-70350.87205
-171513.1505
-151542.6266
-266034.2128
46366.93576
75387.90081
51282.23199
-68219.24873
-207035.3254
-168481.8809
-328344.2197
3370.964519
72752.31365
99729.69879
45341.54793
-45964.92218
-33467.56114
-27793.1705
-12589.08018
-543.7369408
55144.75591
115020.3195
14582.93488
9982.329736
-4517.24421
-45267.25844
-33340.60723
-8794.712628
7647.638599
47683.25896
18362.4329
5932.687627
-65935.97633
-55224.81186
-69146.84778
-56749.2306
-4872.780341
-2250.602492
-5767.301458
-47277.26278
-46114.1595
-63908.50588
-79931.5787
-34592.2936
-4272.436721
-5046.152597
-19788.54472
-23777.16114
-26147.25507
-17475.11951
-5605.359056
26600.78201
25401.56599
44210.08372
66857.06324
43244.53883
14629.55671
10381.33021
69579.51816
96148.8943
-14138.55861
-36680.2409
-129945.5186
-194615.4428
-197091.6395
-34222.51985
58633.33061
-49805.40887
-130494.2541
-133121.6073
-102088.6559
-123263.4119
-150640.3551
-5295.259363
-7144.506436
-54433.80966
-53211.22275
-33531.24181
-44700.27598
-101290.6404
107726.6948
-3450.896345
-55191.89476
-62016.21134
-49988.36881
-50303.06831
-61010.49648
217472.3499
-1100.461015
-55776.54509
-81700.03629
-59907.92561
-57334.1208
-48618.39634
78264.62725
5499.500521
-21587.65155
-88654.98706
-75793.35064
-80032.77935
47609.37784
305237.9034
26059.68862
19346.13553
-28509.06104
-33926.69781
-69962.2955
-271324.4475
-255635.3467
10221.16865
35667.26584
49289.57921
40439.11322
-52904.60654
-243292.054
-339650.3454
-10635.96717
16158.31968
68014.00528
97617.34602
11411.56906
-60702.20787
-35079.87771
-24991.71063
-8858.903415
37134.1195
116165.6943
70777.65949
10496.61805
2868.629348
-50936.8721
-34724.8896
-21831.90926
50859.81557
94526.36721
74455.73248
35893.49706
-58635.28602
-26728.56963
-66309.47282
-19436.70225
22832.43684
35410.56349
-5334.888249
-48704.71818
-27431.79808
-33900.61883
-44960.28219
8433.997974
705.8676965
-33381.19321
-19569.42377
-12270.56006
-5044.829235
-4297.80025
-6464.140239
-30854.15707
-60691.55882
11804.45272
3369.563215
-31192.8765
-65299.75867
-115151.9932
-91042.90189
18216.28583
-45660.69145
-117133.6792
-191867.7928
-142514.7639
-81186.16599
-162058.8756
-65325.56528
-69082.5497
-89191.51625
-36913.7607
-17838.55818
-16050.25145
-69602.81283
-34509.32014
-14514.93231
-44833.41302
-14989.78964
-19210.47685
-16246.49883
-50012.73646
39880.11892
-10415.40292
-46743.74855
-40071.14642
-33038.95746
-27188.7861
-52545.5934
196332.2368
-10531.37352
-48232.17988
-33681.71274
-38564.38146
-29039.45315
-51702.10234
259176.1955
-1408.343847
-45509.70022
-30688.58659
-36693.89871
-34108.54912
-29435.18244
208295.0539
3368.912117
-28986.23873
-57396.78281
-44825.78228
-28528.70724
-157653.801
-319648.0059
-9073.856055
-20653.82351
-1020.581912
26244.90136
5340.618145
-144623.2924
-317193.3804
-20023.86122
-9827.653413
14288.70197
73358.99054
72529.07173
-85585.77357
-34459.90571
-33127.32406
-2249.793747
-593.0501154
100805.5971
107703.2302
13185.36241
6636.13284
-30585.74176
2247.303443
-28597.2525
61941.23434
129861.7991
66241.03185
-27762.40148
-37831.81363
3950.977576
-55588.38036
12978.65614
42961.51695
3961.481772
-70418.35107
-41862.32394
-9153.354126
-36305.37198
-66867.66629
-6467.104889
-55699.87121
-77950.6672
-16266.58462
-4912.289542
-9782.232012
-116955.8289
-71905.71455
-90435.46531
-96643.188
-11472.11303
-22962.16274
-87499.45167
-94147.48068
-80226.96673
-88591.52175
-89072.20625
-57241.86459
-134435.0101
-81385.00233
-29172.34202
-11507.77504
-17227.7475
-55626.11915
-53622.8251
-50008.82576
-15380.17636
-8386.918788
-4478.316469
-10837.45355
-42927.21668
-13493.2164
-29910.7554
-15343.46624
-23416.97047
-17598.25858
-19251.50467
-27909.32418
-7621.424502
-17532.11736
-35462.45981
-26093.41015
-20610.33598
-31261.84394
50552.15634
-5103.85965
-15558.55029
-23398.34416
-21712.80433
-10109.28881
-37407.99983
211128.5847
4907.457484
-4180.555468
-16729.47247
-22488.4853
-10227.71851
-40860.9217
135279.9734
6725.294334
5757.338018
-18723.27029
-26106.37166
-643.4126021
-25469.73826
-493373.9198
-7794.628888
-3078.989239
-5549.58675
28452.57503
96478.64332
43057.03502
-226615.1746
-23168.06016
7307.828695
21348.79392
119277.2847
143911.6758
48164.44918
-10819.7205
-16606.2785
20787.7391
19013.17463
82440.65322
132346.9362
-1179.413383
512.0822019
-11641.80579
9008.893029
-13358.09308
46692.17596
6717.522971
-49711.73259
-42572.46347
-19106.3956
-11085.67423
-79592.07115
-19758.81009
-68752.12895
-61295.14749
-9754.507309
-26363.55137
-15761.40044
-89707.92235
-111313.7796
-82614.18178
-50428.5722
-3488.305587
-10211.01132
-8005.974694
-35617.62302
-197513.6973
-77789.33213
-66464.21478
-22252.10298
-36159.27066
-83042.31196
-67176.76856
-50327.31962
-10791.0721
-7823.335244
-28781.84813
-95781.98221
-55795.28455
-17222.87929
-9471.691129
-4911.973401
-2776.395839
-31895.72282
-16124.15617
-22195.2424
-8413.577564
-8762.547735
-8741.417174
-8242.559647
-52359.33285
-4461.041716
-8476.636938
-16675.24108
-24659.42605
-17023.32406
-14604.79766
-111166.4229
-5069.253699
-8622.248166
-32593.21121
-21315.23254
-20397.34628
-23067.15717
-158061.0677
-3088.238607
-10329.36052
-20611.99638
-18446.31855
-12478.36378
-19530.59983
-32567.95819
3098.245522
2637.423522
-13751.33792
-14729.48055
-4501.604512
2606.837136
170896.9548
-5188.057111
9223.603036
-2008.019963
-1711.486582
2419.981959
26010.32729
-226476.6585
-10814.39761
-5212.270697
6062.960597
11678.49234
149845.7382
185569.5045
147594.0317
-17964.15051
8352.790419
6130.858039
119353.0798
233403.9001
172934.5583
212010.1302
-5665.216915
11116.38609
-27231.41071
85780.80418
233673.6005
193537.4838
113118.5869
-2925.681508
-16159.55465
-89215.77623
25978.13599
113677.4787
134666.4698
115242.9369
-12824.62303
-44902.69665
-148854.424
-119299.6817
-97709.56505
81004.96514
249478.8221
-19471.86672
-61624.16362
-217992.1866
-144919.3222
-70325.68702
-21260.59947
297840.5265
-8635.002898
-19600.58354
-123225.6275
-208540.1415
-48872.60704
-57849.65576
75657.31718
-42972.36145
-50116.94595
-37438.67781
-12644.68777
-158.6935077
1261.859659
-14721.37067
-93499.07265
-54637.54765
-11598.61526
-4589.733595
-3489.736297
-1941.591084
-5780.330306
-31956.75532
-11768.23419
-6547.72351
-7393.846319
-7920.091042
-6859.37546
-2442.781522
-29.29519718
-2992.016849
-14675.90998
-23203.24498
-17132.65717
-10724.62871
-8481.308084
2879.203012
-9642.332146
-31219.76343
-21111.73873
-19835.12049
-9586.978271
-37157.08205
1793.013455
-10502.78988
-18321.45144
-16564.6738
-11741.2536
-9082.010696
-140249.7687
3605.682506
2321.853629
-10709.69969
-13528.66909
-5896.238692
-10826.49791
-214481.547
3708.184298
5683.062724
4760.421974
-7960.94284
1947.122968
7238.419394
-199383.4879
661.7091635
244.1926978
6077.30247
-8854.148634
50561.4141
193071.2238
110660.6666
6031.289563
15403.07527
-11947.10477
-21471.18543
268291.083
528296.9582
671240.6525
10566.62116
8962.382712
-93507.88613
-185670.682
235280.8889
583002.0396
718914.5315
3490.523972
-37976.93279
-176940.2347
-282888.1637
-2748.599002
345848.9617
868139.7562
-11605.75242
-76538.15702
-201735.3887
-189740.1553
-264885.4735
-314375.2008
653585.3135
-20187.60017
-91856.50665
-252379.0473
-119490.9824
-99119.48764
-310419.5627
-312795.2752
-8349.219921
-34867.46659
-174895.2932
-160304.4767
-35218.74821
-94171.18401
-386134.6736
-2557.600945
-7098.038632
-6140.011975
-13869.93556
-15340.08588
-2835.261812
12115.13661
-6001.232875
-25894.70952
-12326.7711
-20217.22983
-34266.89277
-37021.86988
4614.342473
-42728.44375
-34200.90544
-27644.14718
780.8036552
5248.947407
7725.156874
24152.89653
5987.052137
49166.11183
54830.68011
48788.47168
45108.36949
59070.1157
67763.20518
43289.51373
93811.28336
28977.40851
35610.21401
48289.97914
33563.81366
15582.68978
73722.75933
23779.01127
13244.69406
13338.61087
13570.97586
-296.5002488
1405.100119
63892.55146
4450.553949
2257.937014
8989.172502
6923.930441
1720.393407
5674.247043
71284.6324
4826.84976
7582.65931
13717.85202
6774.951868
8790.442693
12532.95934
110127.2353
57834.6385
43713.0044
35184.01908
22901.55069
18004.36497
12933.71766
73012.85105
83975.29861
52954.20302
59935.36528
55520.27496
37800.74268
23963.83769
-42541.90546
3988.684696
-13233.32141
30367.16192
35216.33499
38241.75538
22401.37511
-59440.91147
-82676.51272
-69934.45396
-46757.92189
-23452.71753
-8034.317123
-10340.57437
-5508.886102
-16505.87795
-10661.62128
-15321.86561
-56415.73012
-52510.39003
-41418.13267
-19873.83225
-15012.07157
-15853.27829
-14875.25229
-21781.22635
-29431.54104
-30216.62003
-67406.74994
-41283.75545
-37839.32712
-29123.23148
-28271.0013
-27648.92458
-36228.69946
-8451.075483
-13804.34619
-12008.19681
-4999.811802
-1635.176247
46449.28817
46662.45108
944.5391269
-8185.569701
-7825.810982
14196.56619
31390.75841
77651.79018
68839.93727
13026.05793
29376.53988
21702.15278
45251.01953
80849.44257
90862.43152
67817.30275
16323.7512
21300.94753
28381.97405
40880.10784
100923.7129
95561.69603
37621.29636
24035.06669
7536.221839
26833.65102
60067.21895
63834.68415
14287.86177
12242.01385
36237.15883
22342.40619
11970.39139
5344.208528
7567.213607
-1394.05622
10021.62379
23029.38638
-3570.916793
-410.7226787
4726.716134
5131.817397
-996.2858506
12432.71249
21420.57722
-19387.27352
943.7264954
19410.17807
10496.91143
5973.666138
28180.55441
6537.095063
-35730.36495
56835.13698
64219.18249
41424.48219
-13783.65299
-14577.10845
-13642.50091
-8440.898744
30485.00575
26846.85475
-5799.193953
22808.91534
-23853.06838
-15737.00015
-26364.28566
-8033.395989
7702.369293
-36967.61625
-268.144979
-26414.87874
-20657.74053
-10992.48142
-21468.79155
-1531.697464
-46363.09186
-16554.32607
-39247.16617
-27291.51025
-14301.4248
-1185.104834
-10902.22216
-30341.63767
-31740.67243
-46954.88068
-29537.61923
-24545.92598
-21008.87501
-18278.12087
-29935.71589
-33485.15383
-42340.50672
-56635.15056
-31471.92911
-27846.90473
-29713.13332
-34131.96551
-40018.32569
-41858.57837
-9894.411172
-16218.14062
-2881.772632
38678.27624
43124.39695
35307.24669
19060.84974
-26273.41924
-43635.74483
26926.49946
96274.61595
103236.3872
77431.61253
27773.99552
5833.340216
17539.87531
85844.59288
146247.4692
127857.6036
88187.80083
19611.31669
48862.59168
50143.05519
77960.09511
130602.1107
113740.5494
58100.02356
8743.419847
97533.97711
96904.35236
107794.4304
85744.2887
26079.40656
7337.926863
2841.094897
94934.57989
16700.26608
1156.662611
-1629.786391
4449.476182
2949.597192
4561.746209
61522.65876
6972.26031
38006.09383
28293.4206
10079.33252
-2420.442359
14310.99016
21290.64264
47335.62539
61924.31909
31683.52848
11879.42345
10003.86676
29346.01795
25911.82958
49552.02322
53304.47985
27443.06313
6912.745597
22104.51338
-25355.34895
18616.89651
-9344.96185
-24064.02101
-14946.47252
-31667.66048
38384.09513
-25213.24589
8656.244848
-24821.089
-5179.373731
-52130.92131
-56574.19572
-16754.28155
-34537.81257
-17580.16472
-12305.45203
13396.39025
-15505.19139
-50051.73952
-31715.75823
-36427.63741
-30185.9443
-17275.82756
-4201.380479
-13673.3242
-39768.38119
-25325.07968
-39746.17089
-24499.43216
-18306.03053
-18583.8215
-19182.95017
-36757.21859
-49524.93944
-45705.71806
-21469.75415
-16440.5416
-26489.75307
-37293.83092
-48463.07992
-57877.81704
-44582.96631
-6816.679149
-809.4875314
3839.572461
5319.797619
801.7771283
-1820.85665
1454.00306
-7007.796915
25759.82552
12095.78749
13430.95377
4521.923083
3371.885253
2742.765031
45609.51655
71594.57382
17161.50901
18217.15121
4174.095872
1376.999989
2263.023588
105022.054
99559.23812
8562.820475
8886.258917
4299.619399
1281.520606
-3610.446703
113959.7912
54683.68769
-15152.85925
-20653.77455
-2578.773747
-1935.831418
-3648.951259
72212.34535
3206.351221
161.5778089
505.7028173
4189.498563
-247.2328585
807.2132078
87793.57334
35466.70941
23379.33838
4975.206897
6990.60526
3500.177124
48371.24246
137661.9175
123559.4128
17931.19018
11387.3416
18599.31813
13681.70699
9792.163593
88746.67156
83846.47089
-5679.422317
-14320.09709
-8748.899237
34266.67106
-53937.17621
61488.3807
41925.44125
-85757.08278
-93695.67417
-29657.73716
-6315.703266
-43304.98717
29137.28279
19352.08987
-40479.00299
-94460.0101
-37071.86967
-22078.08966
-39920.11782
4255.250928
-1358.178304
-17781.99865
-56142.10718
-33347.1438
-30765.46266
-36705.20685
-13345.61867
17253.19857
8959.630876
-3777.939173
-33011.74362
-39301.77666
-31564.62956
-511.6407141
12353.13291
7068.723934
-18610.2209
-46159.9308
-70979.80716
-41489.39426
-18595.23077
-14658.35432
-39832.14659
-52623.18436
-77521.44977
-101157.8807
-24028.95492
-5081.734627
-991.6230908
146.7315242
-115.2856549
-4317.075805
-4387.453167
-7767.128002
-8684.902861
-680.2807658
869.3260791
-1339.197433
-2826.701372
-1746.485376
-228.5082439
-11851.64517
-315.6535292
-8456.238961
-3753.306184
-3905.774256
-2433.181444
910.8589718
-26101.34011
-9969.974022
-20510.787
-7679.554095
-2737.903108
-2188.756988
-10062.26542
-32460.59378
-33530.95788
-32430.24391
-19529.35223
2444.159363
-1405.754559
-12592.5616
-8492.596768
2020.345478
2580.313929
5034.71979
17272.10405
-1075.148323
-5271.946807
15120.34141
35041.87081
7034.390275
-5412.333475
5498.05983
2893.364484
54599.86747
67070.59239
19079.87355
-6516.012074
-16507.62314
17598.25978
37910.18912
-615.6770077
35554.93281
-1027.301764
-24617.67432
-16629.87257
-10695.62462
19186.57276
-78266.27995
79931.80991
3987.993547
-60780.24323
-46223.02675
-24596.51705
-16436.18762
-74406.65353
48534.94778
15216.04033
-43154.41321
-38956.16214
-29977.8317
-26833.85957
-57518.9587
40334.76924
24378.75913
12300.31412
-18251.73912
-29345.65342
-34293.0227
-36779.51399
12783.50372
18397.96841
-9638.141166
-23081.46959
-35584.10519
-44082.52255
-17339.17249
-6008.648941
-7760.251577
-17022.26612
-37575.24645
-34886.78913
-41637.9224
-8664.841351
-21725.84999
-29832.33326
-24578.70537
-49659.59684
-45754.3012
-44885.63744
9992.315258
-5089.456294
-1730.133089
-1367.798724
-5089.695161
-12959.57612
-12474.43311
-16071.80892
-10518.77406
-4075.91384
-819.9014379
-2490.23115
-8967.637845
-7113.529859
-7238.311902
-28096.73457
-19240.88027
-12371.1879
-4223.143392
-7331.796593
-5279.376817
-1934.737146
-60168.34283
-48192.96634
-32347.9877
-7067.914073
-4377.969929
-5024.238162
-8236.115701
-3307.064187
-10126.23808
-6169.962676
-2844.670223
4425.432835
-4580.669298
-10146.4671
14533.08503
16190.37814
8022.106206
5725.444327
2317.282074
-6025.905236
1678.115418
46820.81454
28464.68332
-3705.621017
-7186.793848
-4464.63693
-4106.506989
59386.2877
37690.33516
2000.718845
-18610.06038
-18449.69166
9316.386871
14660.76903
60835.12838
6781.545489
-7622.941559
-20058.69778
-20754.68759
-20143.4723
49415.22639
-44691.5625
946.5751979
-18798.84802
-17079.98184
-38950.38801
-29079.33579
-22483.13181
-87906.39418
1243.84592
7569.054796
-15424.17249
-35874.33246
-29894.28296
-35544.77209
-70817.67417
-2274.129652
8225.418322
-30071.88531
-30410.54428
-28016.87037
-29504.76424
-17606.21746
-15766.54608
-18581.26991
-27617.15125
-31205.27193
-29837.62061
-26395.24015
10203.03337
-13489.28701
-18245.1468
-24055.98726
-22774.631
-22989.77192
-23308.8537
-22546.26946
-9472.072805
-7892.551921
6500.902795
15588.56701
27117.46538
-1159.168957
-31298.63616
-5034.717754
-2877.893003
-4338.826827
-7298.69442
-7074.409584
-12653.69599
-12771.83577
-9752.139998
-2153.890128
-1859.899034
317.900445
133.4667493
-8220.162498
-12131.6586
-33858.71996
-20312.60286
-14968.82238
-6236.238276
-3358.53412
-4149.139731
-12034.29248
-19547.6963
-33715.70576
-26787.92902
-15552.83658
-7791.028623
-8304.488382
-8754.978674
8367.773529
3532.824634
2284.98485
-667.1813776
-11732.51764
-9911.767861
-99.25281742
38144.5
30066.20255
13618.07474
3536.154937
-10215.58302
-9689.925721
27330.72384
46289.4674
16093.83714
-7342.590129
-3664.654075
-10349.43577
-5506.494399
92767.34028
28477.94993
-7839.485511
-24957.92348
-12664.56945
21679.26409
-7468.852486
109158.2837
653.8016629
-21815.30122
-20048.16232
-20380.51975
-26442.37378
34589.46313
62926.53518
-27192.99734
-55043.98026
-55538.19535
-37621.28622
-26221.87394
-19348.97051
-62927.19719
-43341.58294
-51005.19903
-64709.09903
-66468.06484
-44379.73269
-34500.13579
-52890.23598
-59480.38066
-70028.68988
-97358.03576
-90572.57642
-63101.74279
-41686.59469
-40897.6863
-67429.29071
-81545.93735
-101008.3217
-94692.70361
-83271.75858
-54480.06376
-50572.32545
-40578.16565
-45947.77045
-81088.22737
-75728.33035
-73603.78107
-67106.56152
-59928.72198
-12781.12555
-13365.14364
-23353.4594
-26512.75532
-34901.73369
-47914.08823
-64482.28381
-3202.776601
-3978.922577
299.9018403
3574.685657
1656.86078
-4083.44105
-8625.792601
-7041.904167
-4348.481844
-561.2076731
6198.561501
7513.3127
-2022.365157
-12729.54893
-36103.21922
-22593.44953
-15253.82661
-6446.843536
-1591.185228
-1395.346163
-19427.43954
-11924.13224
-21794.82156
-21942.7147
-26042.14286
-10214.072
-9719.443493
-11996.00798
9590.357887
5576.694681
5846.804767
-6664.41452
-23201.24174
-14203.39895
4374.973891
32042.80943
32389.72098
14906.429
2283.581518
-19418.02017
-13149.11183
48430.15017
27532.19595
8195.077973
-2642.561653
-5449.092961
-15179.77284
-6639.303211
122613.1424
20772.30235
-12622.42087
-37945.77426
9539.970805
36353.72907
-19248.61148
67875.72114
18750.75256
-20638.82431
-36075.59938
-20625.23427
-29457.50329
-2210.9131
144467.9982
9819.043484
-3850.642086
-37803.72943
-60995.89121
-37567.92697
-13384.47029
21586.61098
-908.0572578
-5567.371854
-14243.4061
-55729.17317
-73522.91687
-51657.12867
-25289.92978
-26584.23748
-24654.17858
-16378.23555
-30310.89087
-70203.17222
-66421.99831
-76327.70491
-65844.18716
-51442.96142
-32040.00897
-30681.695
-46327.5775
-64299.1087
-60964.13386
-107272.0899
-109538.5064
-64087.13136
-58014.4613
-61211.74189
-64711.39977
-52207.35682
-49021.45804
-63171.73051
-97269.78774
-109354.883
-112072.045
-111227.8182
-97625.57675
-3058.918121
-1683.123691
3383.704606
7619.486112
6759.159919
1071.315928
-1512.868351
-9720.477449
-7216.916984
-5266.077739
8705.313023
20551.05821
6737.345692
-9037.571846
-45778.61008
-26425.50947
-16520.33132
-8329.012254
3936.935986
5663.035282
-13393.20048
-11371.6475
-20290.20311
-19677.96105
-20147.71761
-7106.239737
-4366.230854
-7075.299748
5683.545377
2975.985684
-5682.555808
-11697.57243
-31604.4245
-10299.15483
15833.26156
27046.91717
32320.11262
10728.42969
626.7104359
-34475.70463
-10313.86714
83502.7723
19391.14733
-1881.430609
-10167.82379
-12973.22184
-25448.55996
2110.220579
92902.60258
12907.83029
-18968.73534
-36918.236
20018.35101
40703.71907
1822.782642
51034.12466
25857.46943
11878.27352
-19171.24758
-16856.78891
-20012.371
-8988.117841
183744.001
16691.25383
31263.06836
34541.49815
-18094.50039
-39922.22254
-7780.259789
81282.91258
10605.02403
11624.11466
18670.92822
14392.17829
-23076.72154
-65054.05876
-29268.31959
6645.038041
12739.75849
8483.060146
35285.70693
8872.683717
-30980.68942
-63583.248
-2673.787567
4454.297863
13098.13482
17713.78947
6202.059933
-9308.113925
-28780.44125
-32980.09052
-18642.14339
-701.1153027
3086.900688
-4088.961122
-17790.10377
-25578.33656
-69406.0831
-60864.36465
-48742.64823
-50834.47829
-58934.48505
-64537.90168
-68311.04156
-3470.761167
-823.0859058
3492.368227
10606.79404
13095.7061
13766.95794
15468.4515
-13011.56251
-8245.494009
-8122.272042
-1647.347563
22347.30972
20198.26826
9386.016817
-47597.58388
-21273.1229
-12033.35001
-11166.33612
11446.11565
15166.93522
-278.4792397
-15422.06356
-20355.36029
-10873.75548
-16926.47578
-6482.779576
7001.449817
4551.876503
-3055.015115
-6566.651378
-7762.221667
-14233.79434
-34551.02431
-3777.79018
35246.43676
9980.337498
25234.24612
6621.427454
-1089.543973
-34036.9035
2878.87639
34006.6095
12316.79889
-5696.214437
-14276.80331
-14727.72533
-36666.97569
-18304.46525
-29613.30476
6396.163254
-26019.78155
-29097.05377
22404.14047
34092.00255
17599.19363
86437.04354
13359.83549
18177.21897
-21913.24699
-22168.49174
-7968.897136
12100.24956
255159.1421
5063.442264
16735.62156
20657.0311
5156.410377
-16514.60525
3462.293146
168170.6917
1221.112041
-62.59350801
-12867.84646
34371.11275
19641.91374
-33897.55719
-25222.25945
8171.246515
25016.6232
14898.09351
13253.71089
36262.07345
6498.101379
-46829.83252
3712.226005
24215.60282
40489.57623
23042.32739
26144.94904
8550.450205
-12198.41619
-11201.49287
5275.967493
41821.53541
32199.95135
17166.22526
-3367.558618
-18251.935
-52825.10099
-37105.59504
3194.265218
6433.810549
-24984.6062
-48322.91421
-59426.88993
-2954.243835
-415.6712158
5427.825998
14182.63923
17396.85176
23007.14521
28050.33375
-10612.34195
-8657.325769
-10247.90162
-9023.237443
10669.40334
23046.60752
16924.48625
-40324.45262
-14494.83617
-10810.37639
-12304.91261
685.8630611
17368.20999
-7779.055138
-16931.20044
-24589.79404
-10470.96928
-13824.89178
-7924.166965
9783.631272
-54671.70668
-5335.043343
-11276.72007
-10144.3025
-9268.838161
-21065.34795
-4095.236677
-183998.0564
205.1022516
16541.64756
3610.858007
-688.1394065
-9776.452049
-37118.02461
-271394.8026
9671.145911
-2655.541203
-16648.74883
-20177.46806
-40297.54164
-98892.79168
-388182.277
3895.687955
-19390.69587
-33530.79101
2923.397073
16185.62727
-24444.46013
7388.943613
-2129.167425
-9378.131669
-32563.93351
-44280.4253
14081.98699
15693.94887
183569.2458
-12337.99727
-25963.36535
-45811.84594
-1879.465177
-21483.19247
-34319.0769
102424.73
-340.3007895
20096.47858
-27424.82093
-7628.075134
18269.11222
-11832.49951
33242.1721
5107.210253
38106.70633
39927.37913
-10839.04117
18565.16421
19747.90611
10329.29466
8897.354122
49885.8168
115412.5171
9220.753332
5526.709468
11095.91796
19575.01264
4732.036619
56038.90128
110663.9504
47200.31427
3789.105036
-7292.351932
-14639.90677
-26069.75509
-14429.48716
5952.308
17888.8359
-24702.69979
-60069.19992
-71591.78906
-2279.39718
3929.383189
11373.62236
15949.99673
20982.71676
26471.06301
25956.64994
-6870.790441
-11372.38346
-13597.51079
-11639.27752
4804.295028
16140.33843
6298.970758
-19868.27246
-11234.73758
-11201.75365
-13536.61306
-5466.248275
13874.33766
-37489.40835
-21074.81185
-18686.61628
-16988.43418
-21471.48623
-6097.644383
-3927.003142
-180830.1115
-6872.668548
-11646.54703
-6162.920859
-6554.858545
76.77662834
-8010.729203
-400389.8138
-4384.103585
6368.790333
15373.45389
909.2080875
7161.864039
-24586.55792
-633061.3009
2289.213903
34468.62941
-9349.988801
-17584.73101
-31203.90718
-146114.4935
-869825.8448
3395.209001
-9708.632239
-34715.21467
-41440.9967
-25681.48036
-157563.2408
-337814.0058
-2544.741576
-31041.15802
-45125.12554
-102900.0189
-25232.10681
15092.29
-112382.4546
5000.313094
14640.0475
-19111.60647
-19281.66495
-37037.90838
-101991.1703
-169698.4572
10180.00293
47003.99409
17616.89305
-28983.73144
-9678.318213
-17184.37675
-46242.03744
25235.12193
137380.389
136106.6116
-42043.18166
-12106.39973
7697.630794
125529.4535
41943.78275
133726.1333
81180.95217
-1965.70178
-18251.52893
-1983.72793
36463.94468
73225.80443
9525.181717
-26485.53401
3353.262039
-24060.98185
-20990.61369
-11259.68079
-14736.30486
-26464.96028
-36319.20814
-28152.37646
-34765.7781
-48522.31695
-47528.34404
-674.7804734
2622.098042
-1050.869575
6014.762211
15500.8927
16553.49641
3977.601992
-5937.318114
-12144.85836
-14560.39158
-16063.25528
-10233.48996
160.2415057
-761.070668
-9253.094244
-10020.17962
-12593.59838
-19443.85808
-15717.06812
662.9569247
-21642.577
-21369.35491
-15391.95501
-20938.2875
-35723.57554
-18227.11475
3033.618109
-134786.116
-16544.67972
-18634.22452
-17519.38472
-7440.170863
-9698.659682
51550.35621
-330665.239
-7652.777939
-607.770611
14371.90489
15289.11459
5572.655301
49720.18848
-510294.9984
-4430.675888
8093.684885
19369.37102
-7906.92939
-1648.076312
-94374.13524
-875238.8409
-810.1352796
-2028.914843
-24631.86739
-76876.29755
-105169.4907
-210258.6581
-598899.3424
1041.809944
9336.930998
-22138.86339
-118698.6333
-208992.2858
-104037.2363
-281495.2667
12537.69189
33754.75846
-3612.681207
-40158.32812
-30431.02117
-88112.23326
-279356.3641
48505.43342
156892.9845
31341.63526
-34811.89723
-23852.10622
-9959.168572
-79979.21376
130030.2187
55145.20596
53563.04979
-54972.78022
-54003.37179
-8711.942552
9483.182836
161643.4045
-51307.58485
-101336.9759
-77025.65689
-101743.6239
-32781.73983
-5581.736985
2090.150177
-129290.7975
-199907.255
-137692.1303
-123924.9948
-73949.51964
-27167.52529
-18169.53119
-63862.08836
-124274.7401
-129637.4918
-104862.821
-80748.94359
-31484.57307
-1607.134411
-7431.728662
-11291.34507
-9614.178288
-10241.09437
-7628.780586
-11020.03844
-8219.178666
-11585.83319
-15374.14268
-25314.08941
-22313.7764
-9556.676405
-2480.207937
-9315.743801
-10097.93071
-15432.52008
-28277.29894
-41840.8265
-7392.424671
960.3609387
-19543.38622
-16051.17433
-22459.41208
-36701.29633
-56907.55971
617.451598
-2964.783145
-24633.4567
-21224.50585
-28451.39513
-13700.41478
-13569.92661
25713.78706
-13532.93382
-11392.95569
-3858.47947
-3619.190457
21971.72795
7929.083907
17593.38781
37583.64709
-6715.624503
2895.461196
56109.4911
37243.99989
11656.5402
-15724.8232
-328509.9993
-17.76589465
2555.821926
9103.906908
-30900.46003
-161358.1421
-269062.4383
-753703.1507
11387.14674
7493.697478
7467.682172
-99366.47324
-341349.4643
-389380.6068
-420094.0408
54179.79709
46120.55581
-6741.354946
-19319.40521
-10478.5615
-53655.53983
-357237.527
166087.162
89489.34951
16299.41877
-59612.89154
-39592.71541
-9193.718532
-8669.830718
85607.30216
-72403.48548
-130868.5159
-169549.6449
-145537.7228
-41013.73861
-4959.283714
-37046.2841
-398893.9309
-555779.5792
-342065.2468
-270100.1628
-159136.8153
-56846.40781
-114879.6069
-498974.3073
-485185.0748
-329104.5582
-264989.5587
-200866.2523
-82056.94542
-41692.26841
-226542.0294
-277458.309
-260414.5362
-216486.8502
-178105.9426
-78393.35708
-5247.387312
-10628.21636
-14447.88993
-19117.93226
-20915.5106
-15848.85331
-6804.768265
-9383.871783
-11460.01151
-18125.61004
-40689.53584
-46367.60196
-24510.33381
-5636.565548
-10950.31112
-9333.710427
-20919.1619
-45163.11791
-74528.40992
-36806.47014
6464.346714
-21354.28009
-14989.94746
-23216.51482
-25720.56505
-68428.28236
-60300.33982
34647.5703
-24405.28604
-17882.47583
-26620.62617
-2146.087443
-13309.89994
-52819.16934
116717.1316
-10732.45733
-4219.223431
-24720.73517
13735.05451
17919.90787
-27880.78738
183373.6208
-5168.859178
-1860.645451
18454.84462
65615.64339
39549.59511
20558.33419
50664.22692
2428.955163
-3895.230955
59249.42165
23611.79163
-75574.07864
-206132.6176
-315942.3939
14448.30224
2768.444141
1073.986707
-29403.70473
-291908.2374
-675059.5518
-553074.1611
71640.63057
40970.83628
-11440.14589
-19351.85544
-3967.050051
-7380.603297
-173319.6912
65754.52548
-3606.075625
-90720.18964
-124953.3675
-136403.9276
-21926.60762
70583.06505
-55376.83001
-399337.8257
-395036.6175
-201187.2195
-234882.2953
-159034.3545
-10560.91446
-302919.1411
-533799.0417
-194201.0681
-93566.06463
-109179.0294
-189898.3108
-161968.4004
-401179.3812
-160630.6518
-29267.81779
-17074.39577
-73786.27365
-154756.0837
-175260.3471
-198954.5779
-115113.173
-27007.01951
-34572.51442
-70644.70639
-181974.1029
-150907.2721
-7524.295791
-11741.77764
-16270.57832
-24020.93253
-32431.7636
-19010.63632
848.4397939
-8044.034501
-10557.15322
-22343.39119
-58569.55015
-54578.70576
-44885.42709
-16698.79442
-10440.4286
-7856.641192
-25862.61407
-68427.90375
-90151.40097
-60508.72185
23663.01283
-19487.35605
-12850.02785
-13279.58495
-18902.26164
-58107.57902
-98180.1165
92439.43408
-20470.06631
-21430.94058
-20910.81286
10386.60076
-22752.13518
-39245.81763
228944.0911
-1750.434025
-3048.999349
-25782.52689
34055.04157
18172.25691
-7706.369437
204049.3629
1397.431327
-4956.974882
-2372.207212
104605.3715
141704.5934
91615.25382
161142.2121
-1188.490273
-5337.886693
60209.23855
103377.3999
110648.2618
-44640.10066
11733.94286
16529.58853
-5261.301277
-10645.18001
30213.95931
-57692.69003
-492379.6041
-1176679.418
77424.33112
9233.403028
-17728.3519
-14163.62798
-17123.88315
75913.54595
-159582.3643
-18660.68045
-121204.352
-78294.73148
-57663.79185
-62053.24644
-66825.89757
63862.73757
-213220.4109
-427193.1881
-107824.5732
-25892.90043
-33827.73623
-141374.8417
-95377.82518
-532892.4868
-70891.85969
-5192.059592
4912.080038
-15201.78816
-66031.93686
-174005.3744
-203609.2115
21987.63741
47467.77756
29706.56835
-4251.853352
-46952.0875
-210081.2981
-143988.386
37172.81881
32496.8661
14430.62446
-3807.289816
-40889.80297
-206787.4478
-8201.178055
-12274.0784
-17112.40347
-28122.17231
-29945.22034
-21127.22603
-16861.23979
-7630.59488
-12529.21279
-29639.38039
-56579.03753
-36682.02635
-54810.5056
-36069.94273
-9055.712152
-8315.425837
-22175.57756
-52702.21082
-82530.22428
-54529.90797
48532.91736
-11560.93009
-9926.366917
-1529.526898
-21020.4307
-27540.411
16747.70018
279066.6831
-13682.43108
-22138.44411
-13129.75614
14089.56743
-11077.95393
30200.9085
524096.6124
132.3540558
-2713.360539
-17448.19499
1731.827638
-50131.49011
22643.71333
453044.3656
3564.265048
1129.829064
-11379.76103
200746.58
212580.1571
264165.1572
237782.6104
538.2640576
-11864.02403
48203.41826
248753.9972
354528.4694
510393.961
118224.3973
13456.93226
912.6854758
-23304.43862
31295.60393
77652.23916
27157.74199
-700808.3229
61507.01902
-2913.924488
-18787.99367
-10606.52641
28351.89599
35577.84035
189122.4465
-79928.58315
-88356.49924
-13558.85634
23141.21133
53608.93232
-38271.8513
31271.57805
-342557.9889
-158321.643
-30969.63305
14151.13696
15665.79106
-77315.2339
-82826.30924
-203242.7678
-7269.627281
16333.40672
18138.87356
6066.322471
-18829.5562
-101654.9285
-51370.43215
42432.45104
45957.6976
30542.28924
9474.305577
2048.923128
-71039.0254
-16980.76377
52918.53186
48947.18098
21214.27851
2672.329674
-3344.464261
-13122.99931
-7839.26772
-12339.48763
-16122.52755
-30928.67238
-58448.06429
-24342.76606
-36436.4096
-7738.275263
-16034.90503
-39713.56583
-83953.67302
-14293.45234
-61825.16792
-37925.181
-8766.342979
-16270.99676
-32300.95624
-35051.29896
-71539.05802
48850.92466
255562.4162
-11294.11396
-10228.25711
-6750.68475
-2806.795768
-22483.27057
157756.651
975421.0898
-13773.20149
-18881.18249
-11072.21573
16152.53896
1759.163572
88137.08807
874540.6997
642.3636885
-667.194707
-18099.96632
-53518.79063
-95532.88741
30481.37394
774952.3407
4956.257988
6222.379559
-51788.22748
130236.1432
248814.566
454106.0948
539053.4536
4200.387927
-16414.35524
-2652.465908
317166.2259
378489.1619
532301.0665
456973.4119
9865.786055
2924.628199
-46772.49809
57808.69038
74819.20306
159077.7147
44825.53253
34276.77714
2776.628895
-19023.40579
-16632.84402
43313.49335
73443.8593
277136.1302
-68103.52823
-60216.53645
-5596.073591
-6795.304495
121899.347
24127.85258
17198.68431
-270586.5244
-62379.63503
-2293.43761
61683.95011
77325.03454
11793.60963
13649.14539
-101083.7739
1469.520994
17913.35599
20166.52524
10577.4056
-811.099319
-54773.62606
-14565.36886
42870.62529
46705.53117
26699.81956
8406.587253
14463.14984
5030.737892
10475.23947
54684.82477
46243.50089
17346.91336
-11815.59054
-1667.076049
16988.25808
-8047.975948
-13374.40239
-16701.92055
-40219.43862
-93746.11536
-9622.670897
16439.05442
-7935.773013
-18913.59892
-52398.84874
-116638.487
-13636.81877
-40270.50025
-34968.86466
-9622.779525
-24082.96383
-53321.17126
-2428.047606
-33537.40561
-162317.5214
264934.0217
-10966.26349
-11138.67087
-19358.12687
24442.81557
11307.9976
-85435.1227
514766.1385
-13464.37607
-16503.63483
-9784.02283
21337.58852
13522.31547
-23634.70233
368954.0365
1132.609322
1806.332422
-19474.70495
-51353.56143
-125817.0281
-143749.1449
424374.3026
6424.572219
9170.407355
-77587.62329
-151810.0361
-88900.40003
263853.5516
744304.2985
3397.624045
-30385.45083
-191184.6695
151123.2004
328520.0295
458862.2603
623599.8187
8502.321459
3774.24336
-72185.04754
27773.2369
64469.40989
116691.6102
323470.2654
33744.43831
5728.089359
-20935.76336
-14918.62104
13625.31273
28869.6536
43181.0099
-66381.49404
-39051.26791
-9798.97779
-13076.36144
29580.04597
15318.50285
-12357.56901
-257837.4246
-95275.62592
-44354.56033
-11923.84846
14322.98454
11969.19025
-23525.23223
-99914.97568
3408.501661
18363.61797
16880.3187
15062.8838
29790.69562
48606.06799
-11178.8544
45364.13802
48672.26852
23915.97474
4318.986075
19355.44245
48554.50996
13240.21217
55361.13217
46999.12144
14467.89855
-19647.4065
761.6534725
21618.95984
-25302.5778
-24787.2709
-10592.75279
44715.55673
17800.52131
3856.009119
1977.88799
6243.846749
471.0807258
4566.334895
9231.978625
-21297.07233
-44013.24037
-50905.41747
-49735.38972
-24909.00594
-31006.47679
-22197.91593
22821.85208
12205.12223
5568.226993
-1269.12712
-227.1595694
-2199.203417
365.2244659
-4642.930041
-20123.05648
-49099.50929
-45243.19237
-34720.52407
-378.0323904
-31777.3726
-37540.73706
25693.21661
17575.86278
10936.5241
3034.691308
934.4967291
1685.070309
2567.0557
-2879.562898
-9137.263602
-38502.33461
-31805.91231
-36479.68958
15070.67044
-6767.648227
-18812.45564
10642.23579
16296.83397
15431.08907
10242.57
7284.838331
8458.749116
9089.491388
5776.259364
3388.163076
-8352.501734
-18183.34118
-46679.08218
944.6252666
-2632.573866
-1679.754884
9547.854282
16553.53955
18575.86295
16866.25537
14837.3757
15227.54547
15541.14505
13539.93804
10180.23603
1680.307858
-5856.65136
-6139.116118
5628.009124
3108.223021
5504.868324
12124.81267
17739.69985
20264.51697
20021.85951
19704.08745
19771.4908
19498.71342
17588.33373
14643.70759
9777.290106
5997.592382
9275.666712
35185.18259
13375.16124
6714.355574
10084.1139
16633.58088
20403.3397
20488.77903
20097.60829
20669.20276
19132.70438
12664.33999
-1121.273237
-17463.53671
-30208.05074
-37394.61191
45048.19928
27005.23465
16997.57432
14313.87764
16940.90302
20468.29081
20763.34258
19409.13744
20189.59849
20033.74851
15731.41388
4995.414064
-16226.44998
-44967.64906
-74696.55892
13809.71051
11668.59673
12171.99139
15300.50261
18244.71248
20605.4767
21506.87189
20518.51331
20632.62827
20792.14021
19272.28536
14058.25893
-1772.213643
-29291.54633
-58206.70986
-47737.92359
-25388.19361
-7370.040026
9187.143857
18403.16224
19601.34942
19975.24424
19589.52655
19093.70603
18779.55721
17770.81749
11953.37462
-498.0694946
-16849.80295
-30564.61543
-57414.30492
-32460.63946
-12829.05653
6034.904328
23644.58951
17477.1461
14907.64462
14592.95579
13783.17844
9649.305698
14050.28637
11090.92114
-2963.209401
-16261.44773
-23268.7845
-63845.26237
-37431.4886
-13397.12196
5443.295302
13167.57189
13898.85655
6845.558378
5972.167957
5172.606935
3855.462034
10679.89339
6678.802114
-12699.74489
-17330.23287
-27333.07588
-41123.15514
-67844.60431
-49311.55667
3308.882868
4329.927022
-560.6268111
-4486.044557
-4016.848933
-3303.735974
2244.333949
-3785.973481
1936.671089
-34804.16068
-25142.62497
-29818.60578
-34931.36234
-46284.25739
-27692.91733
-28190.50052
-8738.182139
-7919.892208
-15590.43434
-12194.87407
-15559.37145
-7045.351422
-18060.6336
-48475.54723
-48377.01444
-39175.16318
-29991.92655
-38383.45278
-37084.15062
-405.235439
24058.45125
7124.780279
-5995.16695
-19013.18852
-19254.26878
-30827.85327
-7104.636726
2481.832412
2935.030865
-27548.64204
-39769.05829
-28402.5152
14006.45
-5533.484683
-12062.78723
21790.47184
20552.5716
10807.74317
9542.110398
7283.614639
-268.5930779
-2921.242401
-9013.916863
-50791.89904
-45767.32266
-44763.92931
-24310.52152
-9238.95578
-16658.93088
-19065.03495
-6757.595083
9910.488042
7789.780793
1904.156936
-1767.37506
-3256.016171
-7687.796166
-20380.31647
-61935.78591
-51381.34204
-40518.9549
-30453.61031
-8107.436898
-18838.34604
-25642.96622
-3781.247308
15236.14541
11052.6292
3083.750072
-2132.694014
-659.5812758
-4510.722083
-15081.00936
-36519.70131
-49151.54624
-30518.01372
-25035.10229
11216.28485
-7859.302449
-31506.32242
5950.910596
15401.00963
14895.62183
9450.012583
4317.938169
6001.904404
4679.589217
-813.4309517
-4776.527438
-20951.46665
-43971.50668
-2982.968028
8153.078001
-157.4366453
-3741.264992
8237.634834
15961.59009
18128.50804
16232.81996
12672.67767
13462.10053
13786.50453
11957.66027
10187.03507
3824.640861
-8206.786754
11860.92838
7655.997435
4245.642751
5261.836414
11736.85801
17381.58344
20051.59802
20030.60383
18849.12304
18872.53015
19081.10183
17775.52778
16263.0566
14459.20652
15782.77948
17698.33798
18890.76754
8255.076192
3734.483682
9059.208984
15915.07344
19879.84749
20747.19187
20378.3994
20324.8469
18053.39015
10165.57023
-7065.621554
-26350.45902
-37966.77132
-35322.66203
39673.17416
26823.40119
15027.31123
11929.59699
15515.04864
19412.72128
20204.95439
19827.56211
20575.38136
20387.26576
16423.65972
6201.493296
-15607.06664
-45170.65806
-91866.35363
14081.69007
14214.54467
14159.25039
15290.60364
17908.6604
20134.54678
20805.08347
20600.32406
20947.95348
21190.66123
20776.63489
17889.79746
3420.458086
-26860.18863
-57863.11126
-61500.8473
-33358.27663
-11144.33506
6447.117342
13817.12921
18826.69823
19440.46634
19154.65381
18552.65853
18766.2752
16874.46234
8883.581441
-7885.970405
-29195.81143
-41621.06722
-58842.08872
-43471.49819
-17501.96463
5450.951128
3729.617367
14173.31134
14255.37794
14063.32944
12586.06276
23131.61299
19852.41906
4436.876139
-11048.49001
-29816.46172
-30040.04495
-41313.03245
-61491.77919
-24795.39583
1322.379972
12504.9683
7216.993221
4888.546481
5465.748649
2046.799146
1036.125934
2451.85964
-2170.159348
-14700.57269
-51701.82722
-24690.38455
-43910.7418
-60117.34928
-52700.48597
-48347.39679
2310.956359
-452.0252391
-7182.052294
-4155.273176
-8718.847086
-8854.67766
-16303.21164
-64626.98473
-25479.73285
-26271.46559
-31821.9592
-33222.22994
-36494.85766
-22065.4724
15005.88873
3716.934125
-7242.169172
-15193.00993
-11864.66917
-19337.05113
-18008.58663
-23913.26112
372.7630406
-22264.39569
-32432.65086
-44514.52919
16012.2882
-17576.0449
-5887.376058
34696.46503
18231.63436
-3236.312628
-22849.48509
-15887.90025
-27920.24203
-17180.39065
-7478.214737
4135.277352
-11101.6712
-19160.94942
-67340.22676
28352.41845
23027.72544
20478.09619
11912.7552
36113.535
24874.48951
25713.86559
10281.26247
-12808.46529
-52761.1079
-39068.64953
-39742.83701
-48824.53987
-54625.25029
-63750.13783
2170.115023
-6604.261618
9067.662465
-3768.655462
28575.73898
24240.9325
6133.406342
-6748.289488
-4287.294189
-23714.3047
-51620.24879
-71654.80383
-45264.0399
-41487.19425
-34089.79413
-6241.899863
-7715.277319
-4119.974665
-25968.82803
39913.07485
44258.05146
21736.01393
-573.1949396
-4600.456989
-28557.61655
-37342.16567
-78294.15146
-37330.19337
-26541.80471
-30511.91947
3885.584739
14882.21275
-8505.907869
-27745.68682
19423.8372
27341.78362
12964.84403
-6013.075763
-10027.64421
-32233.03788
-48714.23962
-36761.33262
-40816.31448
-15014.87767
-5130.576631
33835.6486
-10836.82691
-8401.741158
-10329.31914
10317.09015
19232.85234
15256.84421
4500.434534
-643.6947948
-16893.99609
-34205.23419
-14786.96039
13110.73835
35384.61312
21932.3301
11458.17552
117.105491
-18424.63213
-14930.98941
2146.219749
15047.60327
18347.54995
13663.49244
13486.90872
4603.824022
-6382.714705
3587.678376
27927.67486
51207.92785
26210.43745
11873.7127
-1887.846576
-7686.180347
-1667.26402
10355.35781
18781.85902
20954.71426
18583.87568
18767.09986
13031.02422
-1332.394466
-16125.58774
-22900.10207
-42815.74265
-34460.98966
37239.92518
22028.18225
6401.349415
6405.637011
12023.39181
19029.48383
21087.37489
19610.99033
21293.72314
19355.38334
14299.3915
13486.10627
-1435.8797
-52269.44601
-87492.33026
847.8228038
22145.17414
12185.78238
23588.26784
29892.83247
27154.97617
24869.35707
19947.17531
20332.74885
21815.49688
21942.89596
17356.74676
-2715.480202
-29839.35876
-47589.75491
-115849.0802
-60661.58407
-5523.983801
30742.10499
39663.67563
30163.80396
27178.59506
19899.10863
12432.39854
14128.00954
-3351.010645
-27545.21966
-58377.46335
-132591.9057
-77055.68736
-38236.60487
-65876.2515
-6140.549515
43277.1134
56308.49043
39307.23104
30400.79627
11394.5257
4720.432911
18024.42696
8951.750211
1853.376455
-23915.96665
-115605.6215
-50727.96849
-29942.89828
-58922.29482
-76758.05616
-3810.556425
56938.53415
44119.73672
26330.24732
-10552.44046
-2220.822719
44437.92412
12717.15628
-11120.66832
14021.02185
31987.15919
-23931.55906
-41818.69849
-33075.64304
-11760.70746
-19612.50965
26399.02135
40544.28291
13371.9041
-12603.89319
-15149.91265
4922.726022
-32096.65094
40015.50522
6649.416744
-7372.307868
-28244.46747
-43230.77693
-38057.29304
-7467.9678
67692.96181
8350.974094
-2008.033219
-1765.968593
-1914.06293
-21239.65996
-14182.30777
-27152.1826
-38191.52042
-41477.76293
-40260.91225
-47136.5805
-9882.934567
410.7769106
-13299.93424
4606.63759
31337.39821
-5734.742585
-23281.53872
-18567.79596
-34811.72477
-42249.99378
-6997.889786
-41428.5784
-78464.78481
-92422.16822
-39088.23129
12743.05732
11274.98336
-97.28952251
-22694.73005
-75309.04679
-2895.672123
17413.07485
11687.11251
-21160.34274
-51049.13422
-41691.72557
-48581.76613
-59061.19767
-57935.74001
-35480.67044
-26184.90811
-13261.16051
9565.544606
86450.78712
-79602.31415
-60810.52958
-2860.039986
-12328.79216
-11379.87853
-29495.42215
-63640.94344
-71036.10011
-55693.13975
-56267.62876
-62978.7832
-20684.05716
-16144.08247
6053.152126
75275.30941
-29454.32815
-30704.24094
-13669.66653
-25070.16248
-10357.99505
8250.631581
-52557.9844
-56596.54509
-41023.2301
-45526.23638
-54728.04519
-5461.410164
9002.680847
12949.14273
7596.630739
44044.25097
27068.48252
12575.76792
-1413.38421
15638.67104
37855.91307
26235.06749
-61268.93394
-5187.811629
-11197.8535
-31450.4415
25643.00203
64416.91141
-2773.281735
37000.0176
63644.98108
41193.59365
18701.93777
13422.87336
24893.52718
51499.87167
82865.40227
72721.8784
23188.20857
-9388.779836
24982.98854
78688.0889
47404.95577
72391.77254
75618.13668
67307.92446
41695.67369
23695.8305
21458.70839
24918.08298
40241.91458
66167.15479
76522.46763
60732.25572
39059.86293
68940.47969
16251.18894
30555.85802
34822.09736
39435.02426
39516.47994
30374.09477
21855.10214
20664.21435
21349.60921
22862.26734
19690.13826
-5919.521968
-60949.18711
-66666.07688
-42020.00926
32820.50268
19012.34805
28462.14794
10473.17907
17897.88737
20687.45438
19801.92874
19733.34051
20384.86646
28379.37508
33053.19587
13756.28385
-39836.9198
-67391.00707
-165830.4618
-2679.129638
8320.288615
15846.75619
-3206.965725
2690.696677
14171.49023
18009.7711
20667.94383
19630.16118
19979.81733
22695.44982
20268.47935
-3227.397064
-31483.6548
-92501.28412
-27230.83462
-52186.84225
-60129.17965
-34302.08373
-2793.371786
23833.11112
19668.11085
15350.22281
12138.34747
4037.704362
7986.128936
-15505.34931
-71286.68923
-76578.03595
-145640.1993
-12915.61093
-42704.72822
-46531.74772
-23060.02953
9423.801494
25832.10581
15473.68785
13566.78881
-11462.20131
-51164.88552
-85820.06853
-111570.8489
-100476.817
-49248.51614
-94342.21921
-32724.54053
34744.35349
83227.28798
25138.05263
-12137.3645
-10425.52893
-7269.741554
24239.93594
-40922.21129
-118914.1676
-135328.3547
-39420.90763
21146.9809
-139332.0071
-49764.67522
-64762.73614
-53237.82534
-8587.082996
126617.4181
-1782.029657
-52782.14103
-37185.54658
29682.648
-63166.90679
-142416.8302
-68444.60868
-48765.44652
-45255.06039
-41110.65426
-1301.36209
-84741.55804
-70955.84599
-51723.15553
49395.09274
90708.64483
-10069.42081
-24491.61946
-24723.31504
-56608.85479
-92392.36837
42.39585003
-72503.74
-40866.37109
-42603.37886
-2756.962037
-27038.83967
-50169.91903
-81944.27387
-25890.74219
63339.7699
62330.54617
-12594.49142
-28110.05072
-60831.10917
-93431.14241
-107220.031
-55697.78211
-42074.0039
-29652.01132
-47329.96894
820.669883
1695.066987
-5805.249804
-57690.56371
-112141.5486
-134430.0574
-11255.61976
2561.614086
-34984.09401
-97166.04452
-169752.3184
-88545.95762
-41303.95161
-20291.75872
36595.06252
-9631.265447
-10212.96787
-15623.49809
-84350.98774
15245.41516
10158.72422
-12326.70729
-22204.32934
-45517.92394
-99453.36629
-142468.1135
-92339.39333
-57208.50615
-46389.42414
41130.59798
-14138.7817
-12318.21128
-12053.5432
339.5501257
-32358.52132
-52399.68302
-23596.29354
-32532.06531
-25878.63952
-101455.0796
-145806.9763
-77097.90269
-56526.72351
-39286.7322
20331.81161
-19356.30789
-19110.14325
-16804.166
69078.95634
-91976.11812
-46940.81995
-7067.577079
-19888.44801
-24063.61491
-48066.57305
-98101.24025
22916.10667
-21172.95763
-7082.404357
8429.848367
-26953.09311
24757.23791
54971.62274
-62017.11326
-75550.75222
-20191.3327
8657.703729
-7133.952176
-4931.747612
-6683.266105
-39844.56452
-67465.79949
248.3231903
59739.99529
12943.4396
-36176.60963
2102.826305
-35190.29428
-40375.53452
-17299.47593
7657.702501
15673.33435
10175.89402
10116.16604
21347.52039
567.6935569
-35205.85141
-36703.06505
9463.120059
34918.0049
-7601.333746
-15237.00717
-38997.56034
-20468.23665
-1990.947526
11890.01263
18488.86208
17809.33813
15064.25497
9083.648991
-17348.53587
-67138.46711
-97708.2718
-114644.6271
-67031.22291
40456.77169
11121.75532
-12687.20537
2522.246051
-3266.6586
7256.355589
16053.62416
19074.18343
20239.36653
15365.36747
2564.328686
-25028.736
-19434.6008
-64712.2419
-115646.8452
19908.92112
-2558.734089
21117.60962
24759.78815
10266.82287
9940.086408
15060.2266
22159.83392
19350.17982
19615.97901
22178.05078
23641.75893
-2538.213563
-32155.72917
-189011.4019
-98379.74021
-83983.89353
-67050.83017
-51441.70487
-29156.05832
-13888.84517
702.7111078
21335.32921
24382.76066
17674.6706
7243.211903
-10319.32499
-46229.81155
-111004.8973
-125295.8423
-119333.0894
-68791.47836
-76183.69404
-81215.63446
-75778.67392
-48267.57313
-15363.11609
21576.0126
20152.04145
9293.109015
5833.267255
-46379.22698
-143988.2977
-234592.8713
-77043.57085
-71688.45946
-87538.58574
-38396.7357
13235.99159
-65674.8319
-65009.30741
-20623.49272
30711.75555
9497.610108
-35832.20567
-30227.16575
-146373.0433
-408397.9123
-271497.6049
-42470.13702
-32043.4575
-46496.72108
-59962.96343
-15932.22662
-4100.266517
-50884.8035
-9538.799864
-19751.59425
-7235.283248
-79822.35023
-109077.7297
-260260.3575
-101216.5036
-27024.33494
-24673.5594
35757.50553
-43604.661
-43253.58776
-39258.41589
80160.93626
-13994.27467
-25752.14475
-38000.95993
-68978.67939
-154135.554
-399010.5472
-116876.5264
-24787.29682
125749.8499
-9827.80704
-7396.103094
-15144.66925
-28754.19583
-28840.55399
-36043.35856
-17104.06615
31065.16889
-67008.54367
-124905.3972
-266420.8315
-117968.9172
-6555.119255
22858.364
92633.23894
-2715.202768
-14006.95191
-642.5501422
3428.646486
-21135.63224
-77751.19522
-103887.36
-132.7354145
-44101.64208
-74784.85431
-209940.1986
-283985.6044
-73469.64441
1721.299219
20988.00783
1009.974142
-12290.08278
21074.00324
-12287.98988
-201242.3341
-154731.8529
-18643.685
-28639.73786
-39752.35514
-55763.13972
-149649.8983
-279454.4549
-240257.1032
-44253.83791
39457.82531
48154.07196
13987.62654
-8009.726191
-38796.73688
-171357.9693
-58676.69363
9188.28929
-23297.9483
-56037.60166
-55175.28639
-118765.8211
-174753.1673
-259197.1411
-76177.5189
-19747.44265
36382.20904
-6396.719006
-45722.72299
-100271.8602
-163082.5655
34983.69632
14980.11269
-31561.40793
-54303.6239
-36465.85794
-81427.07906
-138888.7745
-272858.2069
-169163.4709
-100178.3237
-9180.336292
-38079.53983
-221885.4481
-181404.4659
25916.81698
14079.14255
8409.490104
-13995.83611
-23987.62171
-21734.34256
-33430.97138
-61770.1796
-59191.34429
-27796.21461
-102054.621
-141770.9088
-106558.3339
-78004.8232
-62291.83169
-21045.45874
-15040.16591
-1529.215625
4535.818613
-853.2829634
-558.9714491
-4752.679439
-17773.11993
-23007.9285
-24842.00835
-60254.61964
-157737.7149
-89143.47959
-46146.72216
-18605.33164
-10106.08492
-11126.18785
3334.716804
14258.80328
11624.22363
12477.82763
3908.248279
-21142.50998
-42726.15849
-73528.37729
-134991.451
-159421.2292
-76650.77882
-49524.20209
-56752.25147
-41357.1014
-14644.85312
5321.691723
16010.85786
17606.06178
19970.60476
17751.42815
4736.906712
6251.099881
-12241.38097
-54182.29028
-69201.09311
-136156.3515
-23969.02705
-7840.4515
13599.53233
17707.20587
19248.578
20590.2292
15542.01498
18920.10169
19195.23763
22214.35955
25773.55031
-19064.97081
-119843.9927
-86309.1135
-273149.9177
-131508.1821
-93199.99369
-28433.93022
-4793.326131
7405.037972
12737.98653
11325.41917
25.09713102
-10632.89793
-53108.12367
-169619.4506
-293786.2404
-308940.5595
-104215.6601
-269709.8068
-255926.5377
-230605.7321
-90256.13863
-19178.90952
6738.987822
-17.79468566
-8351.974804
-44509.52642
-55641.05219
-132316.5301
-231396.5818
-560301.4837
-559850.5073
-62729.90988
-70743.83243
-278884.4591
-371336.5496
-197555.0676
-62025.40577
11195.78135
-4588.95473
-73903.47405
-131795.0643
-62066.60922
-154408.2307
-769645.4942
-385149.5298
-91957.63502
-44339.26859
13941.60864
-37522.99941
-92384.39232
-249771.6912
-170996.9245
-45282.06453
-24092.13624
-112545.9315
-106978.2949
-148639.1447
-666998.7188
-210395.2656
-41300.33965
95035.39439
-42720.91886
40519.01175
100146.525
-18383.58275
-143737.9395
-308242.8775
-85397.52806
-13061.37107
-75590.58381
-130398.6149
-296803.5128
-291418.7868
1786.987523
91269.66385
31076.4299
-28335.59398
-23509.3912
7942.890027
30003.61947
-52596.48161
-226327.3317
-285829.7438
-91475.72737
-137886.349
-380216.0918
-217178.5143
-51243.7984
56579.09566
135846.214
-6857.572008
-3659.816887
-12476.83157
-18744.19443
-6372.787293
8577.709257
32365.65559
139421.8675
92007.52547
-5605.771295
-175676.9389
-575102.4729
-237663.8978
-66691.66029
2203.04048
-58436.17471
-41275.11272
-15712.34608
-22805.85166
-11688.17668
-112801.6854
-530680.343
-221412.07
-77862.96939
-46610.2571
-74859.72677
-212631.2297
-620284.7536
-132989.905
20426.29905
-5262.339212
-46307.50014
-31304.4661
10449.26999
-27171.63731
-214253.8282
-541307.8637
-162915.2798
-25248.67864
-46769.42603
-106240.998
-145260.6478
-361406.2095
-244489.5353
-39716.97227
53565.38967
-11136.11475
-17195.28489
-16774.47737
-90485.80406
-296496.333
-123433.9613
-55034.48462
-23355.71365
-31668.53824
-62225.36003
-87460.74396
-199174.3976
-452038.2793
-175087.8382
-53896.87785
-16615.47904
-19864.13814
-140113.6094
-286424.1173
-112650.2935
1319.400785
-10489.85334
-14538.74261
-24112.5662
-24576.44404
-36005.96846
-63629.55364
-136198.3612
-554734.729
-421395.0884
-97268.26705
-44745.99608
-275341.2587
-65610.63293
-19816.8045
-11479.70722
-13119.04473
-1629.971189
-1096.420972
-337.0038673
-7275.590525
-14257.15315
-21202.63635
-85401.61282
-230917.7356
-524214.4284
-56073.4292
-77151.49456
-27210.65882
-25790.65763
-26288.84765
-2403.038187
8904.140066
10114.38952
8451.839435
-6777.045227
-45377.77117
-116386.0726
-216174.4542
-182356.3705
-248284.7488
-56818.65327
-52260.97453
-50441.12925
-62079.18016
-27314.41162
1184.451618
11329.90624
15647.67486
20756.9966
32701.01509
51322.35797
41360.15095
-9789.163455
-51718.89907
10709.36784
-212517.0307
-78750.47518
-64599.86236
-55023.09216
-25603.5866
1262.340267
14739.74467
23759.10234
20300.65124
22109.70318
30690.25646
47615.8386
60858.45793
-31153.29799
-4949.528643
-675682.0052
-228693.6426
-191643.976
-130701.2687
-108677.5919
-30133.90594
10286.01123
20615.49178
24143.21284
29378.81611
77201.83298
162392.4325
167445.5186
18791.81999
-13850.26928
-283339.9505
-839495.5317
-676519.3082
-311025.7055
-209974.3016
-126261.667
-16516.65677
3406.980074
9097.385681
-18781.62591
-14221.97766
-121127.4542
-212276.936
-31949.35075
-25592.13488
-81310.83355
-189516.239
-382976.3328
-764112.6586
-353166.7569
-190972.753
-66316.41512
4241.255821
-14691.24418
-196350.3264
-369787.7556
-264460.6643
-125334.442
-65273.41426
-56918.72353
3176.95621
19015.22346
-45910.66254
-217860.5407
-809299.2276
-370369.1903
-95333.14313
20389.46324
-179544.5807
-442198.8168
-312803.7915
-125123.4376
-77817.45948
-65025.57887
-43318.39084
-61052.85382
-51132.60663
97293.64823
-43094.24042
-606006.3274
-665167.2969
-49245.64167
-46570.51486
-245228.2011
-548355.663
-165143.224
-76179.44551
-160869.7726
-61279.9712
-20305.76387
-36488.62644
-54994.53377
-67494.94843
-38679.08359
-53191.99789
-233374.1986
-76744.94565
-66951.67658
16583.99288
-124816.5405
-106359.324
-177666.4049
-61223.49193
-19070.42137
10608.52899
-9855.309872
-23163.98489
-17853.01346
31301.50521
142717.4278
313478.9481
245342.9626
108011.2077
-146259.99
-188888.0376
-134003.5959
-110971.289
-93336.62114
-56233.66134
-52285.44773
-14462.04041
-31009.24638
-17000.23825
21934.16575
108956.9282
222100.0258
78758.51391
-17015.72474
-57880.30371
-444894.3265
-425151.1994
-124487.1931
-53888.47566
-83156.63816
-43897.747
-36289.19131
-45783.94446
-26842.16396
-35901.22075
-37995.76907
54862.56882
72835.5596
-19331.02213
-26943.95368
-358997.2296
-708885.1187
-152892.9508
-49071.26223
-96304.9077
-86600.38278
-66835.98641
-34641.90055
-42897.56899
-120729.065
-358722.4536
-65621.87039
59569.96548
-14444.13126
-42312.79427
-225434.217
-564348.4232
-301659.7193
-104479.5073
-62933.54705
-60007.28736
-31790.92064
-38292.29422
-102088.5599
-402117.9144
-184309.7754
-30685.9444
36655.43931
-5273.639269
-25436.31938
-108293.248
-282196.5436
-535649.8213
-320484.2084
-151256.456
-22230.56407
70820.74745
-100709.1376
-192125.3364
-173970.3466
-59827.65924
247.1020091
21624.01168
3760.588282
-724.4698943
-30742.66696
-91201.09146
-217958.9481
-382003.2099
-369040.0298
177607.1542
217926.7878
-67280.49399
-86178.77191
-45815.71911
11438.40401
21053.21724
19968.66008
10281.47835
12296.0168
12190.72931
-2832.633419
-33383.86921
-40533.17312
-69392.28165
153314.9871
47436.03291
4891.410678
-809.389654
16798.81406
5455.966283
10802.53707
15876.58294
16164.68305
22108.37246
37311.2942
65506.86733
71194.59304
51826.80205
72982.3442
52329.38936
-129839.021
-41030.90828
32262.7202
55207.49094
42170.93064
29017.28289
29581.2833
29207.08162
23679.71643
27782.53969
49931.83103
106481.5954
171898.3637
304956.4539
29841.64879
-10438.86535
-246874.9935
-86274.9734
-11606.56003
68254.03564
40352.95241
48305.87523
56547.91919
41960.67778
44167.22724
121828.7602
296691.5944
480511.9507
512745.017
184826.9035
-67776.5673
-315130.7065
-296364.7697
-189250.6984
-6188.167453
69858.25122
83817.70446
95546.79012
81428.89358
146209.7745
383029.1906
1009569.985
1203644.974
157197.1695
113214.2686
-86114.14968
-147836.465
-165640.6381
-152263.4357
-125861.4336
33231.94112
127356.1003
115377.3222
131572.965
357945.4901
1082844.948
799065.2916
75118.59794
-97382.76551
-33567.50621
-170388.4314
-166935.1616
-90168.44195
-101831.7291
92452.93479
261131.3726
136321.5864
77752.69444
191587.0599
699761.5932
569884.6588
-23844.21058
-209162.6311
-188446.1888
-66698.70826
-94810.09485
-157298.9669
-222914.0641
-92760.46341
36414.64875
465176.1958
41521.75851
36561.59888
173139.903
465843.1591
15553.14703
-170366.7692
-413452.5053
-124746.7902
-27899.11199
-37307.055
-68748.17066
-104855.0431
-103274.533
7539.087304
338970.4134
-6245.438929
68023.83947
176592.1249
-6651.311958
-134760.0162
-318899.9368
-165163.0783
-11978.68345
24671.0373
664.1474653
-18472.88843
-15323.75777
127583.6562
446455.3365
606768.2839
354602.1776
61356.33101
-54863.27094
169273.1449
-82938.8094
-306150.1805
-136534.7601
-52391.38012
-40472.37111
-603.9116846
-37046.26262
-12864.25266
92031.85544
420525.757
813857.4732
320192.9327
70661.24505
8832.056102
300696.209
137518.8844
-165753.2642
-433837.5548
-134638.9366
-31487.0003
-19692.74664
-75869.0219
-23175.91876
147937.7094
835290.1106
720086.726
147251.4917
-16817.25303
74708.98453
267770.7662
403194.1759
-57692.22901
-213483.1773
-294463.3481
-86391.85172
-61489.27432
-35144.50489
38331.30051
328721.6364
863553.3117
435296.3575
98216.67184
3497.382265
80797.5083
223185.5531
622331.371
234536.6375
-63378.94783
-132635.1041
-78099.99089
-26077.51216
87436.38252
278662.0681
699858.731
464684.6441
202351.1877
54647.22711
16096.84265
59210.19505
158163.6953
468440.6056
896842.9257
500072.3658
128663.4799
18504.77033
135528.7562
478506.243
519061.8747
361373.111
199198.3081
88986.56018
27920.62729
15371.30313
35063.16585
82352.03553
223958.2471
506073.6499
1015684.005
1125451.433
508577.3932
302251.7692
208280.33
201276.8057
138952.2035
89644.66069
48627.10608
22338.30103
14837.63744
22536.20038
41695.65909
84693.30646
141263.104
232193.0951
245277.3941
468332.8263
59035.34986
18547.9183
22831.31398
50533.47398
57481.36284
39770.23812
26403.31247
16904.68556
21540.83234
44219.08977
87726.9216
136020.055
180947.6637
136436.7529
-3298.438392
-16781.4034
51511.78966
76197.36004
99316.12439
94990.92716
58708.14742
40904.12761
31083.58021
25004.47334
31848.95693
69300.27878
100324.5219
201504.2232
114248.9595
62569.15348
253414.7962
428492.7105
398573.3085
326355.5505
192308.3623
102428.1154
79117.4661
63441.9351
47548.34545
56471.47027
151919.5102
384733.717
674346.2153
970674.6692
994087.5221
41547.06311
522185.5885
1037502.547
1039356.525
570067.1076
251066.939
151156.3577
116623.7165
96599.9057
162724.2266
501582.1379
1238733.686
1542866.689
602670.4627
319856.0103
-101310.7406
-56755.0746
163201.0098
681097.6785
1250436.346
512096.4119
187953.3555
148455.0214
164690.8418
430490.6412
1278060.028
1254590.606
361750.8718
68157.07474
-56942.35101
-300715.0058
-204274.0005
-116113.5269
63744.30913
919553.8219
799466.1301
201050.0154
157245.7098
268692.0006
868386.0183
907497.877
157693.2332
-63955.75407
-123616.8959
-129173.555
-203543.7263
-292763.9241
-270277.7716
-127121.8671
304931.2335
842676.4153
162779.5267
139306.1189
295831.2842
725373.0884
186698.601
-73650.72337
-147748.0736
-188593.4621
-12633.27999
-55584.12694
-101375.79
-90238.16601
48651.52106
188668.7935
487861.2172
119734.9209
128866.0482
386550.7098
101937.8001
-51670.90848
-131202.9487
-176647.7395
-9910.868239
24024.3329
16961.98716
-11496.79052
7758.946487
261749.2946
912454.1022
1527247.529
620865.5753
117678.0202
87612.81421
369895.6957
11649.15589
-319452.0685
-182312.9235
-43575.95806
-29837.32911
9731.175546
-18346.30088
89448.24682
276218.5983
742310.0403
1096643.069
451789.3548
167660.4811
117270.8242
479857.326
387395.52
-92576.90702
-379019.7125
-114176.0558
-31678.6485
2259.290001
-59009.08418
13521.45701
235258.3283
1095674.637
788290.2995
270663.1114
35028.29107
119302.5233
395939.1686
718191.5976
40120.44318
-138371.7745
-165702.9727
-63458.98276
492.4581572
-34470.78233
81565.48107
479158.5582
1069006.341
505229.4606
153562.6966
32582.46813
109921.232
316715.347
889300.5355
451677.8094
45533.97239
-35039.15744
37581.1759
35811.05487
165169.1263
388660.8284
907709.8429
567550.313
236252.9757
80571.24398
22695.4034
77980.13298
208968.9285
614048.4547
1204292.902
836925.5791
405374.9395
477399.0047
263864.4541
667520.3619
649662.1298
462489.3188
243940.0199
101033.6824
37165.84325
18180.84221
42895.03361
99625.61317
283794.1805
634084.6017
1267640.906
1483797.126
1144169.219
532430.8391
326456.3132
263978.0359
175518.2856
104209.0317
52897.38684
25813.57356
16060.88022
24393.27323
46344.56538
100318.7137
171824.6671
301597.8461
392315.3987
484235.2736
218702.2096
82113.8984
81528.39585
83565.33151
70484.8939
46542.2213
28513.34032
17629.92223
27241.41358
71800.66744
152492.4601
186515.745
169958.797
142960.0548
41890.87319
180475.6873
173550.5066
145116.9668
150418.4362
111358.0152
64543.44831
44218.94664
39029.97458
32675.1206
49151.47434
122805.832
137582.3848
529375.5152
373117.1998
945731.6
599735.2033
531762.4541
470815.3535
358358.7704
211841.3503
117339.2033
83498.80594
75483.75511
62542.02886
65658.21609
171923.7111
491887.7047
982579.3171
1675316.195
474086.0214
314030.4111
933758.3683
1375109.296
1250220.462
668449.983
300431.0867
171196.2948
178769.649
148995.2081
185443.2985
548043.5389
1397364.577
2394977.369
1889353.422
-381290.0432
21920.09373
129106.0538
443899.3221
1032305.834
1482241.76
599718.0603
310836.1307
235174.6224
329966.4399
518107.7626
1445411.159
2419182.291
1671600.05
431180.9794
-219161.882
-135508.8737
-58351.29506
11509.12467
292508.3604
1403915.681
865591.2123
292030.5729
389370.4995
570457.9698
1012580.158
1741622.19
1055436.997
466558.9108
-77928.19041
-65895.38297
-184412.6522
-163146.3577
-192660.7032
131202.6251
1019341.801
1273553.738
321081.7465
403578.3239
864612.1297
1271386.917
664320.0081
57971.89371
16397.84273
53444.38199
4930.982982
-41659.80956
-106493.1333
-57034.79591
496329.605
1223805.331
696995.8792
187887.5276
420694.4113
904111.662
465675.9123
194769.7157
86650.83473
166878.1223
53288.76831
15072.87679
15307.4945
-6891.077856
-72172.96235
-162070.6384
228383.0772
844750.1235
1312153.927
341663.0972
392960.1955
1156953.921
425324.3493
-40164.53616
30890.81932
-23200.50053
-57711.51764
4599.954246
13649.39495
46068.25249
566564.5087
1896331.896
1633241.733
544375.9565
78912.8156
430092.8108
835092.5882
1064109.126
10534.72261
-49837.00669
31697.99899
-27129.04835
-8846.28147
13815.16219
139842.4511
683088.2925
1699869.462
988194.9287
495497.0791
184916.3485
321375.2424
634903.1507
1232361.756
449547.9839
-33485.07182
22931.77269
15998.24763
-29711.96806
-12905.71461
215945.0907
821516.3668
1344263.421
624498.2018
216747.7919
41546.53627
181463.2086
439055.5824
1211262.903
1022604.681
509729.2164
222095.9743
-11594.80895
-81193.50266
41483.6166
515217.6844
1047142.472
594575.7561
232747.9864
87665.19228
23214.92866
105925.0725
259609.47
752506.1449
1675769.72
1730280.62
1373864.8
1176412.502
-86213.08832
279279.4778
561326.208
420547.5909
220039.6342
93797.57961
46259.65925
17347.41036
51242.24901
107509.1203
313868.649
756143.1757
1414841.293
1913017.283
1947674.208
12290.39393
196633.7132
220963.9434
173899.2682
107827.2217
59976.73597
34526.97879
21264.90654
25495.09922
35277.85259
88775.65936
219931.9092
478087.565
694188.4959
495664.9486
278611.0396
294702.8808
230106.9564
167705.909
102070.4147
63670.55991
37147.73197
22448.74602
17652.54023
30096.56817
94798.49843
174571.9386
383151.9638
386356.4439
240250.5613
494270.1861
376152.286
295185.7083
243232.9872
168758.3306
89991.84056
40154.17508
19650.84046
15079.55506
13688.65337
70337.30762
280201.1111
363151.5799
976221.1344
453467.0441
1183544.505
873585.5378
806683.0152
598562.813
310169.2968
60228.68786
37538.82824
28730.36144
9129.841234
-6283.918448
-22921.76062
271.7287284
-26867.30533
66468.73365
-812149.2906
1664063.109
2375341.802
2330383.637
1542794.545
688550.285
127639.4623
60418.76915
70633.6113
23152.99429
-40435.98886
-165121.4946
-296628.7062
-291053.0086
-872694.4811
-737633.3371
624544.8855
1131886.484
1626127.255
2225845.326
1664321.233
381087.0049
106513.9076
236563.2442
43563.39949
-99033.14367
-280458.8447
-316889.0479
-433866.6974
-923663.382
-308445.0572
31637.4734
222333.6586
603954.1222
1230164.118
2228835.527
731596.884
366864.7065
291307.2308
15878.34737
-188254.7006
-233816.9447
-423076.1767
-565514.532
-346831.3148
-47613.05845
1642.698019
5490.88834
224974.0397
938483.8185
2001468.624
886129.0602
543140.3503
553654.8135
12471.975
-185804.0094
-318896.0238
30213.1975
130894.357
73712.03139
3615.328708
-19839.9272
-152374.706
-488030.2207
-381421.7209
827902.5384
1044302.06
455909.6163
663769.444
-168453.5338
-95062.24685
140866.9005
189276.1615
133482.8227
25210.98766
-33531.35257
261.5492649
-54602.8159
-245293.2026
-697986.5426
-975095.9771
-934407.373
-47360.3696
688089.6001
863455.7569
34959.44998
-217885.9071
112382.2654
253475.5626
25172.03272
-75818.71166
-16857.42778
-81231.39389
-129738.9288
-120051.1685
415979.331
325555.1119
119801.9918
-24707.94768
73632.84726
55301.98287
-394000.8747
-204434.3436
193557.4026
187081.8246
-9430.542255
-26592.73343
-37762.80525
-76730.66738
38315.48045
411426.1392
49965.99763
-54950.29788
-109842.8423
-23834.77771
-25877.50166
-239920.0134
-301600.3966
-24942.25044
145735.6858
45501.84371
-31163.19675
-34627.14695
-95391.84457
-52722.44697
72823.64799
29634.81806
-64315.9354
-134897.3675
-42836.2263
-12783.00829
-203952.9464
-215529.1088
-175580.6913
-193543.4356
-286851.1611
-69778.81345
-122652.9505
-65241.68152
93645.47135
15823.32654
-11306.97856
-45197.31225
-66647.0845
-19613.56819
1771.102525
-100792.2912
44135.47455
14338.1021
-73422.83896
-412519.4881
-291977.3601
-258443.5732
198262.6656
143960.7153
58025.20531
25951.21638
-2311.530758
-22514.14086
1251.527753
15564.50862
-22638.37426
46310.92578
135544.3015
361997.2717
517591.8633
-482000.8875
-73216.1225
80538.17534
46712.17815
35461.08936
31067.0699
23355.03953
6821.941013
1859.222571
-14742.54666
-60401.15405
-74668.14737
-11963.30109
171290.4583
690053.3537
-52562.52445
22062.0763
21880.27906
27542.74161
30026.62823
34142.0205
29515.65913
18124.46283
3149.628456
-21900.54895
-21477.18767
175570.7512
393496.6076
856556.1827
594942.9892
475336.1085
335420.8771
304812.8732
229530.8973
139715.9199
48051.10859
25622.76715
13514.08929
7971.672061
-17233.99583
-58362.78315
-68245.44775
-178028.7683
-181162.7272
-391452.011
1274290.526
705791.8439
566668.8575
251848.9035
77617.21609
28531.41807
14452.39828
11995.45234
-11410.81404
-47780.72874
-142430.0236
-301197.8136
-568485.7766
-1061883.899
-1283441.868
1143412.286
551297.2672
219867.6253
-31635.57464
-49346.81754
30013.99813
13397.41691
32829.62843
-35129.96765
-181037.2214
-547885.3397
-1144060.632
-1720751.015
-2501909.883
-571487.062
-637578.9027
-239999.5106
-190770.9266
-28815.41352
13119.75675
56268.71998
22326.80333
14224.0961
-103165.4983
-473219.1491
-1135701.872
-1586661.351
-1816926.573
-1020639.304
-56502.3273
-114157.21
-310814.0388
-288048.426
-225843.5978
-74644.70596
36733.12812
-4712.047605
-32496.68154
-264387.2427
-874459.1327
-1260345.502
-1103275.547
-577558.3936
-62681.15121
324.4252217
37857.05448
-128172.3932
-441359.4181
-563264.9304
-243583.598
7500.319071
-424.8310521
-83612.28893
-561672.1506
-1369001.934
-615343.2511
-31956.89944
68850.43616
-21039.56174
-35214.53724
66889.72597
13617.47468
-401108.3487
-1387230.129
-1121419.494
-84450.70672
342030.5777
-37575.22272
-614172.068
-298800.9098
20500.14412
78692.04388
-4142.165072
-41466.79222
-20481.43426
-5570.834658
-33307.2674
-213008.9012
-1081288.471
-2286659.402
-3182801.282
-1083909.949
-338320.3637
8876.572224
-507175.6028
-337783.038
141111.9143
40027.84185
-10326.15402
-32115.096
-13045.09149
-60223.39719
-297287.2976
-585258.7178
-508752.8979
-532268.7524
-376198.5741
-160611.0136
-239361.6828
-549771.1892
-1126833.352
115467.8448
250445.6348
11359.68304
-47765.61788
-14983.66928
-48352.49728
-180497.507
-215397.1029
-230134.2237
-296422.1654
-274790.59
-243662.6984
-179170.1634
-522585.5337
-1183400.92
-321723.9936
154153.5811
104895.6179
-12259.82408
-920.6488379
-34080.80112
-215886.1473
-341287.2448
-369729.1409
-212710.1512
-162717.9917
-185611.2657
-146286.0894
-377166.1979
-1098106.132
-782156.1424
-370688.3143
-143892.388
-35210.79481
-3148.667731
-97516.47299
-546448.2207
-431243.9972
-231503.9146
-105584.8939
-85442.38599
-103586.2139
-79839.16285
-190212.7342
-584098.6852
-815202.8342
-850904.5808
-893736.7916
-1304823.955
-39276.53045
-555759.5478
-875988.873
-229922.4771
-61986.77383
-6002.385811
-17665.21826
-39570.9675
-22899.32823
-55379.46483
-225701.6344
-337108.4606
-458641.0512
-373371.8836
-531248.1789
-379007.2354
-612593.0402
-188452.1293
-40263.94727
2686.659361
21876.63821
14782.46301
813.4160996
-8564.781668
-39897.15541
-122642.3009
-189035.2643
-255796.4562
-377412.9575
-231436.9603
-202002.0849
-68959.10307
-26384.79316
-8573.651728
13337.73609
22848.24825
21771.68585
15209.03124
-1162.400421
-37201.09368
-92113.92461
-112610.2487
-182726.7277
-158108.7293
-125976.7136
268797.6744
27435.73929
62063.23192
34223.39054
21509.42414
23041.46075
13757.56347
2347.116207
-5750.041699
-47107.7248
-131412.7173
-253289.5002
-522776.2314
-753166.2277
-317622.9927
260743.5948
-93025.36377
-103504.3699
-87720.25153
-37662.91791
-27390.26229
-36697.92415
-19356.76115
-62042.43223
-198169.8348
-621035.4871
-1388646.34
-2656790.746
-3415972.401
-605775.2123
-1067464.791
-679131.3317
-633950.7164
-579451.1838
-346472.8256
-118294.2775
-102818.8055
-30483.25129
-193059.7579
-795708.8701
-2410391.62
-5160862.717
-3547085.936
-884294.9215
15142.94547
-1020994.492
-858245.5107
-863726.9069
-957411.5837
-797674.2031
-217695.806
-93005.58717
-87322.01896
-526687.7933
-2142829.589
-4538706.523
-2860626.011
-1022097.511
-9171.455573
117250.7165
3863.107287
-225544.4414
-583770.6288
-1014671.778
-1609071.958
-478441.2053
-131004.8329
-162403.6738
-1045456.149
-3169688.749
-1869702.232
-558435.1035
-54383.03647
-507.0890086
32430.94048
111562.7853
118530.144
-185546.2198
-882344.2291
-2110838.188
-988642.9009
-188492.5814
-294531.6229
-2196141.587
-1022405.339
-174904.3149
46829.69181
23525.29571
2250.449231
25122.40246
31081.88934
48899.02008
49918.95041
-145276.3895
-1419117.736
-1823749.391
-172800.5859
-177029.3666
-762694.5103
-93218.03302
87474.06452
74882.47836
44128.10987
27649.32205
32619.83624
2139.58606
1417.509296
-30456.44665
-254364.7424
-960044.6665
-1701815.89
-3875138.345
-839195.0413
-426067.3465
-1428850.049
-141505.6884
18022.00574
-23624.96087
-51734.34345
-51389.478
1485.50238
5544.884997
-71127.78215
-988628.9832
-3055169.016
-3687153.568
-1134599.671
-371366.3427
-453598.7155
-2179516.279
-477683.0202
48118.55885
-23793.21402
-45784.66694
-19977.9361
11682.71109
13958.3497
-64638.42918
-795677.9072
-1593003.33
-1332453.6
-646205.2013
-329422.5892
-528716.601
-2511336.163
-1276925.334
-103386.9138
-18089.70705
-71140.12846
-20744.10906
55924.56438
26818.34532
-74776.94559
-761550.6943
-1486088.092
-746250.6676
-355866.486
-284238.6024
-407617.922
-1563699.423
-2456157.443
-710836.4046
-177192.6765
-8752.398312
40221.45735
77633.7729
30189.80826
-218242.0737
-1294620.384
-823421.6011
-318356.2137
-166764.2689
-188854.4445
-228337.7516
-775105.8175
-2954010.14
-2349846.685
-1368247.866
-611830.4269
-234211.1989
65835.23344
-20684.05551
-821546.9911
-912770.9605
-306111.9327
-85435.42151
-48172.00635
-81153.33301
-85093.09496
-263136.2396
-848487.4318
-1598216.258
-2934603.688
-2467000.188
-1970883.089
28441.81852
-540589.6899
-598615.5763
-200079.3812
-59356.21657
1585.51969
8078.002957
-13390.07749
-31461.52303
-106003.2329
-282971.3342
-491687.1803
-732165.6859
-833251.8194
-573336.0454
8752.422611
-194552.08
-95077.02081
-57679.40974
-12307.57961
11816.65652
17721.47216
11540.31978
-13174.94661
-70680.1385
-152862.5235
-255198.8043
-335299.5975
-429764.1227
-630567.9604
-59182.00572
-152896.5956
-82140.79162
-39069.47155
-26198.67386
734.5189554
-6533.18507
-28149.97191
-55069.13444
-168529.5965
-523476.7064
-1440954.218
-1241994.539
-796778.4718
-833387.5307
-586871.9595
-575911.0174
-575648.8388
-460768.1992
-301884.2476
-120418.5681
-85158.10625
-84521.77338
-219307.8127
-820776.7285
-2742158.66
-4700402.882
-3374521.469
-986166.5001
95934.538
-2770228.132
-2887622.515
-2927031.856
-2093410.651
-1192090.19
-391652.0707
-97656.49463
-153775.4753
-740760.1347
-3766920.206
-4773462.442
-2147529.553
-721775.3059
-141747.5792
43990.74167
-376162.1807
-968782.0313
-1427738.26
-2222573.452
-3288070.521
-941079.4506
-239250.7538
-327639.3735
-1919748.824
-3835562.28
-1728158.38
-559752.8282
28906.56039
117826.9289
24572.05944
36684.97304
74294.82184
-141644.4338
-728502.1048
-1791715.488
-2282146.83
-373714.0793
-500503.1997
-2897868.326
-1300757.711
-439353.7434
-76140.09509
26507.19224
31078.54028
83880.25457
-2344.058386
42567.39315
127456.7442
-66127.39145
-440021.9337
-1718058.714
-716445.221
-969891.8058
-1265395.929
-169187.6385
28941.35719
20534.07565
30905.69415
37499.25366
60257.09754
2182.156344
21904.02659
86621.50284
145916.9396
-11122.68638
-439491.5783
-687979.2444
-502507.3178
-409927.4797
-24281.42764
16826.50915
24632.20069
16888.25545
31270.56732
39697.24465
16168.88161
33957.97252
32331.42887
22058.60321
-25289.80544
-87230.00775
-766376.4935
-1683038.829
-647518.793
-474344.2345
27136.33159
-60656.79211
-128524.2483
-127837.1531
-135857.1576
26415.66287
54738.47672
39598.75363
-111415.805
-1049907.178
-2579710.963
-3894825.553
-834234.9311
-852385.3794
-960035.242
-63425.10077
-90500.42139
-174423.7305
-123859.5402
-78544.75269
38919.9931
80050.68623
42917.99791
-211053.7398
-2114152.99
-4288181.442
-1839287.674
-542521.067
-1540535.913
-1465343.853
-260824.9919
-136756.2204
-199531.5787
-111534.0916
-50880.78006
53671.91015
112760.7988
36939.9546
-260725.2479
-2139425.132
-2497519.979
-798703.7635
-473328.0022
-1136067.698
-3146988.209
-889035.9358
-264504.5726
-106051.7283
-49214.98524
-35929.95226
140488.3995
86618.60899
-4862.318062
-483195.3351
-2004790.743
-801498.4105
-334876.0443
-346588.5766
-604606.7482
-2562856.796
-2629315.99
-958729.051
-290536.0367
-90875.88057
-233291.7318
113873.5941
92496.78475
-84216.03844
-986742.9465
-810199.4463
-253761.4086
-109012.812
-156213.8602
-223181.6868
-830822.3184
-3113473.989
-3749506.393
-1769129.792
-1102221.404
-1780432.865
156701.1127
458026.0985
-261342.1296
-785933.0465
-194399.1672
-37539.69558
-6285.635262
-36702.85403
-77947.7975
-260503.1174
-741808.6876
-1278571.383
-2323894.239
-1928289.066
-1850449.42
113277.3718
370406.6278
-76694.12202
-171325.4458
-49160.28647
-5802.545043
10096.06958
4654.62663
-40129.40057
-118799.8648
-267436.8062
-446814.2944
-659716.5581
-950020.6095
-2289878.099
-176710.711
-245110.3484
-260367.6096
-227606.3799
-157078.0355
-62431.05224
-95297.4199
-46622.71314
-75188.15612
-404814.2838
-889992.0988
-468673.3325
-486419.2738
-936110.47
-2058790.874
-1857327.828
-2333118.15
-2239167.645
-1697833.236
-996824.4593
-389936.9008
-357151.6148
-262220.2091
-710199.0608
-2606537.76
-3550815.707
-1388192.839
-428207.1049
-126971.3807
-638900.9011
-982454.7282
-1601238.772
-2711591.298
-3889614.877
-4052678.723
-1173018.471
-392966.1753
-696612.0646
-2785309.08
-3233313.439
-1329884.994
-332363.152
-53801.45545
254609.3652
-369814.2214
-77004.86446
-195422.7154
-538416.5902
-1104376.766
-2034506.581
-3028192.815
-560949.7192
-1220495.507
-3300889.998
-1135106.881
-361712.032
-39876.64744
132972.0179
114518.7738
2566.667589
-57019.25046
-74591.87666
-133777.342
-294997.0795
-712081.8904
-1389145.385
-1000239.019
-1260264.31
-1410872.681
-362566.7996
-144120.5147
-11071.4163
33510.13586
51385.77183
60361.31627
14806.05813
68233.76841
149877.7079
153447.7399
-26944.02834
-390786.4332
-743587.415
-681164.4272
-428005.4749
-85343.64978
-36666.57306
-47412.37159
25108.88206
47019.13028
44486.10733
56818.26002
166412.2544
310021.2193
252809.8881
195149.5241
12717.2346
130447.4161
-351310.4172
-171534.8592
-37799.68409
-36661.56664
-21578.92263
-75919.2824
-59017.18677
-22122.85992
22211.81594
58096.0523
95741.92525
148350.6954
270445.2056
380129.4331
79401.3605
-307946.046
-832139.8379
-379062.1994
155874.0147
-69975.44998
-111997.159
-162002.1479
-332544.3669
60853.19247
92795.82111
88417.73292
91503.59568
62074.80561
-117423.4724
-877528.7474
-1535807.148
-765182.6436
-198521.48
107216.366
-68573.80264
-184929.4053
-129584.2565
-194602.557
80646.24772
159306.2495
96075.49555
-50414.75176
-418657.7096
-1401009.578
-3223128.121
-1298368.86
-698649.2395
-392100.5265
-58695.64271
-86848.30767
-192747.9624
-129348.2319
-108247.6822
75836.02652
146862.1477
84899.8503
-101047.2795
-823813.8993
-3345958.252
-2505492.147
-960905.6011
-1672931.73
-1311690.105
-270913.8267
-125136.8125
4915.833149
53035.60318
2557.272839
114977.0982
175496.4433
20255.88301
-165075.8148
-1247188.182
-2704300.268
-1041668.325
-783446.3208
-1986488.956
-3196268.796
-871325.6865
-264722.9711
-45518.8828
5119.096902
-142459.2451
188319.987
174789.5285
149896.1459
20332.08917
-1246472.243
-945831.5028
-332044.9581
-435033.4765
-1199433.862
-3643262.008
-3251639.792
-1571219.554
-662621.0262
-791456.273
-1135936.008
178843.2295
752023.2031
1033274.466
460469.5361
-369724.6566
-197716.9152
-64128.52569
-137403.9513
-423198.0723
-1177463.48
-2572167.918
-3620112.357
-2370334.783
-2064914.715
-1971543.468
534486.9297
590013.8188
266601.4491
-33887.11853
-144274.2588
-62231.90401
1475.031658
5062.390031
-88166.76777
-419321.4543
-639215.194
-988926.0298
-1354633.152
-2368311.337
-1183754.347
-407813.5676
-733324.5957
-1044276.778
-1047401.802
-717522.1248
-265883.2921
-35497.30443
55300.25888
113853.7415
342854.2331
328540.0247
-15130.77857
-708616.8339
-2081209.246
-1187335.143
-1792813.508
-1836012.421
-3096898.856
-3842157.937
-3120648.827
-1290164.927
-295504.9645
81872.10965
547889.0521
1119587.29
441535.2323
22266.92698
122239.1194
-413788.7267
-757187.6096
-163770.5062
-314177.1015
-777036.9822
-1594907.757
-2646566.711
-3386104.641
-1173193.13
242352.2625
945439.7619
-293301.9157
-216686.2882
-15471.37548
435041.5222
56531.21508
-16538.18795
106382.748
-30404.82135
-154999.352
-384893.8715
-879951.8
-2018735.86
-1738177.63
246942.0377
-255006.2288
-218888.0838
-113141.1378
234273.1611
162810.532
143119.4925
79101.65147
-70892.50601
-174257.2878
-151704.565
-142561.6733
-279433.9741
-791986.502
-1109300.598
317037.1888
-32582.06439
-146612.4547
-116483.7821
41162.16026
90328.84536
98427.89638
83305.37399
46829.43697
80644.62459
73547.359
111788.3221
67003.74126
-40518.77633
-217831.0628
387392.0378
14009.8249
-105592.0228
-144960.7257
-96941.02698
40830.09001
92931.26995
94152.54488
93800.11869
177629.9435
322701.0226
350034.2677
167367.9338
86343.8358
314415.1557
-46634.76954
-48271.29499
-35883.78929
-66207.37545
-102336.7344
-41004.38717
10625.00541
17606.46837
-1614.544723
50467.14694
103972.6027
336292.5726
835408.4888
526675.0176
204521.9618
523895.5902
-1271462.115
-273253.4744
61507.07442
90752.89721
24754.43147
-144112.0986
-175474.863
79370.79634
82067.22743
-16407.94164
167211.4739
473632.6692
219921.8142
120111.105
601296.6721
-323323.8343
-193820.8286
37899.73464
77205.85301
468.289853
-26269.88304
-215686.8808
87361.35807
157470.4372
-194.7770965
-53329.34059
-29879.08532
-119262.3379
284604.22
143043.0918
-132307.8972
-145065.998
39639.05091
-13038.58234
-46678.90808
5066.640819
-91023.03157
99069.64296
151454.0159
-70292.45807
-85169.98273
-128194.7951
-462425.1482
576002.3709
-64573.20599
92407.64496
-120666.3692
-73454.04081
-74980.54668
30467.38144
222417.4556
60348.92037
203324.9496
137649.4866
-36778.71409
11855.56967
88308.25375
330979.6258
283558.6198
-152561.5166
-103932.5688
-617127.7873
-184285.9308
-58415.66418
294201.3223
206133.7049
112385.6892
229662.1505
321129.1199
231107.5848
627909.3428
820528.9974
334642.4852
75394.87063
-93175.83061
-53923.14965
-914485.0829
-999296.8228
-539703.5761
-264735.1713
-392007.5764
-190440.7172
219824.5455
1071120.865
1135587.717
921331.27
307690.0628
74659.76229
4489.359065
-47733.88706
-25018.98111
-698772.3967
-2420794.597
-2279766.215
-1814846.55
-1466255.488
-279233.9243
600856.4325
449310.3375
233115.2634
13122.7133
-82031.13271
-72309.9556
-3545.918541
2312.522841
32935.5275
-131658.096
-1185745.786
-2525468.147
-2575364.643
-1013083.86
-46894.13502
-987999.049
-581320.1646
-415453.8002
-228762.0679
36031.13029
79766.47417
91382.05647
78550.10656
155829.2894
506857.3361
412724.7513
-22296.88844
-607912.5059
-426582.7006
-71840.35903
-1272465.202
-606808.7323
-621368.1722
-697194.296
75440.05888
362113.9967
236855.2484
204201.5002
830543.9341
2368659.294
1621340.223
1156496.394
670925.8714
50704.28288
-196581.2798
137554.1067
-53629.13065
-139984.1779
-300443.6448
-511525.1635
53297.88877
92942.02377
534208.2941
2267264.671
673921.0275
12917.36961
-25567.1763
382095.3564
449317.4119
44705.02277
134698.8556
109087.0665
8394.817278
-99714.24835
-175818.6421
-345650.7186
-399512.1348
965648.571
1144329.56
-18390.97431
-127595.3068
214588.0804
333328.223
257663.1224
183913.9287
100817.8296
11563.35655
50760.39189
9556.903493
-84501.19849
-98724.72353
-191410.8598
704331.3868
432830.8587
-82734.79518
-115371.1315
200008.6541
252084.0803
209360.9029
266261.8462
50414.7777
84411.55793
115644.4704
216251.1146
166530.8749
28509.00853
173475.7529
620734.0707
310262.0077
-51531.84559
-120973.7128
-119026.8197
30809.27656
172055.2299
305198.8891
-4435.074519
-1841.833377
70090.2968
298449.3159
437684.34
377024.1158
211969.8972
-47291.64456
179986.1591
-4208.084076
-60356.40093
-87505.85824
-3487.717421
184549.7257
167538.5418
-20713.70648
43770.25932
219194.2065
554460.587
636798.6151
179265.4186
334508.2104
637806.2017
-249160.902
-58515.45709
340600.712
305600.8224
19513.91169
-41308.89493
-15163.50371
62024.36118
84354.44897
27893.0382
111342.984
393993.6653
225655.3035
417389.0582
1098886.81
87270.95177
-61544.98394
285171.8368
432500.8569
407189.5743
48198.39313
-21360.56293
91159.61261
112631.1363
-7293.627672
5868.644646
65763.66422
156081.2245
1372032.532
600645.9566
-14621.7623
-30297.53279
126402.3219
322034.2908
635208.633
319314.399
59297.29059
68567.14161
120803.7372
-49991.65114
-8533.057057
96263.14205
561756.7909
1522205.454
246439.1372
538918.3282
245406.3646
51207.11647
97839.2898
233996.2598
322844.4709
141900.4324
121919.7816
205887.4917
48073.2411
172158.7457
619601.9806
1395385.926
559592.0036
242060.0197
1111597.745
708769.7279
-11268.74421
62678.45751
652066.6575
776720.1158
629394.8786
137746.6595
614365.4425
385966.7935
907086.4802
1304455.416
632024.5434
165035.7738
169040.5967
791012.5669
1852521.511
258555.8953
-102544.1428
-179413.3445
-93582.81484
154990.096
426664.5797
1354881.195
1003915.985
959844.0998
393681.0464
124646.2298
37954.88681
60655.64263
290213.3485
969279.1759
1386494.759
-190457.5511
-607632.7635
-421224.1737
2757.059211
513053.9427
288721.9922
140648.6587
-11265.17751
-59414.4203
-42464.41267
-13801.55834
9458.875521
73601.07813
262530.5814
532315.416
142514.7401
-565488.4046
263828.207
47769.13529
-231808.6976
-23749.73485
183477.1548
337243.3
300051.6461
164807.63
140633.2282
126499.8984
143057.8686
485581.2117
660153.7594
421303.6299
479080.3685
925921.8456
-17465.2515
-305968.1636
199091.164
474573.8161
848769.0918
1109256.063
832445.53
407423.3788
350439.9468
1102351.42
4005857.287
4642790.405
2424048.553
881376.1008
808217.3746
-79306.00045
214204.8361
180907.2784
66470.45572
58173.8054
383335.5856
1442693.667
737029.7956
746797.5243
4349153.273
3913649.705
1407405.943
447912.271
769991.8797
906103.2782
60667.46531
402365.7757
488282.3278
608202.6617
485490.3894
288625.696
456064.829
844091.6387
1250495.765
3215930.643
944396.0563
167832.9688
402274.7034
650944.359
536546.6077
177130.7427
81234.84306
204664.3725
464401.5755
686326.7326
557509.1978
407147.9973
566857.2532
1134387.312
1881615.049
363733.0046
-31058.12545
271311.2149
589120.0423
500883.8281
420326.8583
-25964.93864
-80430.29406
-83155.29496
128865.3943
379875.0426
650805.4424
450070.1973
923104.9143
1631420.215
362641.1372
60061.3259
-1030.441512
181028.8939
405224.0148
670693.0211
-27942.96097
-89523.72215
-228670.6131
-149498.5273
236595.9475
641702.1965
130847.7096
3273.210121
1056048.754
262585.8475
51167.09442
19197.1328
94227.19543
455340.6649
687842.5702
32764.99514
108982.485
453961.5782
1007480.313
754092.3656
706498.7174
957469.3108
1045319.137
268389.2642
314620.8091
216176.6124
-59447.05845
-28330.74452
108727.7222
64514.67019
87916.63581
66999.43417
253184.0488
757304.0099
947400.3152
1384770.788
2153319.558
1556472.213
458617.5067
269765.1877
432378.7874
107570.8863
-578.6120232
47346.40566
129543.2133
83887.89553
41875.94489
245432.8023
734476.2748
1207831.041
1975578.399
3171388.106
886144.1613
542604.195
918627.6572
643274.7735
586260.7206
264685.6789
95369.12353
116143.7389
18947.35648
-77556.82133
251555.501
759521.1518
1579734.588
2982041.617
2224463.284
475231.6893
1448768.778
1907366.356
1140648.888
934007.6364
592005.3445
126146.8018
16162.42075
-73036.09044
-40144.6621
507145.889
1150657.588
2293926.062
2756305.892
879302.2386
437103.1462
1869592.386
2795743.54
1329115.235
861608.0286
555401.5629
295464.8797
192514.42
-151664.4725
123205.6261
1015098.057
1867415.184
1925013.324
894527.1584
286929.9381
276527.3367
1151764.701
3644642.504
2348804.253
1180589.764
812089.7883
746269.8079
763013.4365
611998.2788
504739.5749
756423.7593
835257.1573
359534.5645
129109.5033
40273.00955
87126.06406
403657.8166
1577253.797
3224255.533
1746432.64
592256.6969
384601.0227
642545.0434
426319.8662
221765.4253
83395.29405
35391.49944
-2186.112204
-16233.81858
-24707.25763
13736.75978
125051.3053
492451.4303
1266003.423
1589186.765
723094.1107
896885.2202
763065.554
125361.2495
347191.8684
538832.3244
697031.8357
549048.694
236322.7295
118363.771
77348.64182
115542.8239
405245.8133
1005610.94
1160429.384
1105142.657
1878896.307
986197.2052
320187.0004
1012993.23
1739581.644
2439028.826
2670732.687
1274934.041
498425.4888
209399.4428
506849.9562
1558930.41
2684438.691
2219710.439
1695315.56
2318917.81
1072666.011
600559.2539
895946.4686
1106673.367
1456344.565
2351756.471
3173505.721
1028615.76
327566.5535
1974188.311
5554017.513
4899166.876
3158544.928
2036568.441
2213167.507
1086530.33
222886.8903
226601.708
416655.4041
846370.5468
1236508.32
1916559.281
1231581.831
642168.464
3959367.708
4161374.243
2967537.377
2299252.683
1972112.565
1976844.871
1189583.325
-13083.75199
25306.03471
74475.78971
211697.8396
614519.1944
1128689.531
721604.2565
493083.7513
3049124.563
2735703.685
1941373.772
1499572.251
1752077.183
1846449.256
1558570.741
8606.067382
-27560.0476
-156069.043
-224616.1773
-2333.619228
473986.9019
334024.481
311228.1348
1908598.132
1963803.185
1526473.405
1280601.462
1185819.056
1626897.995
1236629.797
10367.88781
-12096.39854
-98561.93639
-352099.1461
-317681.3984
79448.32596
-109397.9607
-99050.81339
543320.4916
1110153.64
977476.7262
982395.6763
1106574.848
1276821.765
104656.9788
)
;

boundaryField
{
    wall
    {
        type            calculated;
        value           uniform 0;
    }
    inlet
    {
        type            calculated;
        value           uniform 0;
    }
    outlet
    {
        type            calculated;
        value           uniform 0;
    }
}


// ************************************************************************* //
