/*--------------------------------*- C++ -*----------------------------------*\
| =========                 |                                                 |
| \\      /  F ield         | OpenFOAM: The Open Source CFD Toolbox           |
|  \\    /   O peration     | Version:  2406                                  |
|   \\  /    A nd           | Website:  www.openfoam.com                      |
|    \\/     M anipulation  |                                                 |
\*---------------------------------------------------------------------------*/
FoamFile
{
    version     2.0;
    format      ascii;
    arch        "LSB;label=32;scalar=64";
    class       volScalarField;
    location    "0.7";
    object      ddt0((porosityF*thermo:psi),p);
}
// * * * * * * * * * * * * * * * * * * * * * * * * * * * * * * * * * * * * * //

dimensions      [1 -3 -1 0 0 0 0];

internalField   nonuniform List<scalar> 
27660
(
-0.202086708
-0.2015137002
-0.2007765461
-0.1997111083
-0.1983662797
-0.1964489957
-0.1941755835
-0.2013680105
-0.2010096746
-0.200272894
-0.1989629317
-0.1978380431
-0.1963102214
-0.1940595695
-0.2003381148
-0.2001231266
-0.1991923267
-0.1981483063
-0.197138434
-0.1952611521
-0.1934220644
-0.1992765869
-0.1990843234
-0.1983925971
-0.1972350322
-0.1960287057
-0.1945248925
-0.1931816551
-0.1980989156
-0.1977568608
-0.1972336893
-0.1962484478
-0.1950664013
-0.1937733119
-0.192993933
-0.1974024868
-0.1970427514
-0.1965515388
-0.1954092133
-0.1942469585
-0.1930479065
-0.1926758363
-0.1963551485
-0.1960630079
-0.1954310366
-0.1942188787
-0.1932434422
-0.1922671518
-0.1922544451
-0.1952928011
-0.1950811656
-0.1942149656
-0.1930587793
-0.1921938469
-0.1914223717
-0.1916100745
-0.194194121
-0.1938128315
-0.1929096362
-0.1919103837
-0.1910997846
-0.1904090362
-0.1905120987
-0.1926469623
-0.1921880701
-0.1914984378
-0.1906123721
-0.1898771723
-0.1892097253
-0.1890015509
-0.1908345337
-0.1905874089
-0.1901120314
-0.1893231631
-0.1886768451
-0.1879782976
-0.1873692347
-0.1894758192
-0.1893651827
-0.1890219736
-0.1883840798
-0.1877733529
-0.186939932
-0.1859850606
-0.1887839951
-0.1886677089
-0.1884146451
-0.1879381106
-0.1873505778
-0.1863899092
-0.1852119835
-0.1885611167
-0.1884570734
-0.1882450356
-0.1878168537
-0.1872699309
-0.186385612
-0.1851545341
-0.1885971755
-0.1884595425
-0.1883444561
-0.1879988089
-0.1874675555
-0.186567678
-0.1853428404
-0.2026702535
-0.2024083463
-0.2014317037
-0.2003148598
-0.1990294103
-0.1970566599
-0.1947097189
-0.2022655919
-0.2015168446
-0.2007625093
-0.1995861933
-0.1983656512
-0.1968610858
-0.1948515138
-0.2010000265
-0.2006563361
-0.1997894368
-0.198756266
-0.1974386465
-0.1956384893
-0.1940213858
-0.1997272159
-0.1993640969
-0.198828276
-0.1978829944
-0.196432668
-0.1948249733
-0.1934800944
-0.1988126647
-0.198236702
-0.1977802073
-0.1968147697
-0.1954639062
-0.1940648024
-0.1932197733
-0.1978971378
-0.1974541819
-0.1969221511
-0.195783306
-0.194496131
-0.1933018613
-0.1929625043
-0.1967705431
-0.1964147842
-0.1957515628
-0.1945299509
-0.1933907685
-0.1924639953
-0.1925294004
-0.1957906513
-0.195369072
-0.1945322957
-0.1933546579
-0.1923280977
-0.1916102792
-0.1918146967
-0.1945839438
-0.1940713374
-0.1931975639
-0.192163244
-0.1912364248
-0.190608737
-0.1906999609
-0.192873291
-0.1923453766
-0.1917018222
-0.1908323793
-0.1900406159
-0.189424929
-0.1892325024
-0.1910241047
-0.1906506843
-0.1902704549
-0.1895821052
-0.1889047403
-0.188232468
-0.1876343928
-0.1897036001
-0.1894577684
-0.1892023639
-0.188663734
-0.1880543417
-0.1872725502
-0.1863288674
-0.1890787163
-0.1888517666
-0.1886639612
-0.18820497
-0.1876695406
-0.1868153306
-0.1856991276
-0.1889144475
-0.1887727751
-0.1885548408
-0.1881364562
-0.1876872812
-0.1869301899
-0.185754483
-0.1888538267
-0.1886970662
-0.1885554532
-0.1883194818
-0.1879386651
-0.187180887
-0.1860452261
-0.2033889653
-0.2032827755
-0.2023808519
-0.2011125795
-0.199949881
-0.1983022847
-0.195846179
-0.2029158636
-0.2025108122
-0.2016562364
-0.2003584856
-0.1990654407
-0.1978648584
-0.196119504
-0.2017616393
-0.2014985554
-0.2005624651
-0.1997402184
-0.1983446288
-0.1964622174
-0.1949786278
-0.2005338133
-0.200208787
-0.1995591422
-0.198777913
-0.1973347309
-0.1955800734
-0.1942342681
-0.1995325619
-0.1990066007
-0.1984356632
-0.1974730729
-0.1961827292
-0.1948012688
-0.1939216403
-0.1985052555
-0.1981761117
-0.1975347424
-0.1963404402
-0.195064953
-0.1939748025
-0.1936216937
-0.197322551
-0.197151067
-0.196349014
-0.1950504887
-0.1938666651
-0.1930042471
-0.1930513912
-0.196272912
-0.1960201667
-0.1950497062
-0.1938011858
-0.1927408584
-0.1920471135
-0.1921776362
-0.1949950589
-0.194588305
-0.1936101051
-0.1925518092
-0.1916346384
-0.1910326733
-0.1910334569
-0.1932100838
-0.1927926286
-0.1920616982
-0.1912149086
-0.190475326
-0.1898895909
-0.1896571109
-0.1913302235
-0.1911092566
-0.1906378711
-0.1899937011
-0.1893852106
-0.1887404886
-0.1881583874
-0.1900214022
-0.189947396
-0.189571948
-0.1891069898
-0.1885684672
-0.1878365156
-0.1869631458
-0.189341003
-0.1892854561
-0.1890062802
-0.1886138134
-0.1881354203
-0.1874043466
-0.1864464525
-0.189148603
-0.189083753
-0.1888928672
-0.1885202723
-0.188138952
-0.1875645647
-0.1865787034
-0.1891303475
-0.1889851946
-0.1889097745
-0.1887191771
-0.1884452157
-0.1878658251
-0.1869023811
-0.2045570135
-0.2041650102
-0.2031116216
-0.2020582081
-0.2009180094
-0.1992579668
-0.1969653593
-0.2040618465
-0.2033742655
-0.2024776059
-0.2013620521
-0.2000474037
-0.1987398554
-0.1971482343
-0.2027538495
-0.2023548742
-0.2014543521
-0.2007907156
-0.1992937791
-0.1972225798
-0.1958960602
-0.2015402775
-0.2010459824
-0.2003654847
-0.1997110305
-0.1982742065
-0.196409453
-0.1950896506
-0.2005683731
-0.1999112684
-0.1992289508
-0.1983182172
-0.1970424002
-0.1955909689
-0.19466886
-0.199532554
-0.1991183181
-0.1983154407
-0.1971345147
-0.1958408137
-0.194652114
-0.194247365
-0.1982458959
-0.1980249598
-0.1970790562
-0.1957870975
-0.1945570183
-0.1935700446
-0.1935896101
-0.197046439
-0.1967522837
-0.1956863303
-0.1944596494
-0.1933403328
-0.1925338702
-0.1926539278
-0.1956971955
-0.1952338992
-0.1942022195
-0.1931751622
-0.1921861975
-0.1915123454
-0.1915271879
-0.1939182246
-0.1934129657
-0.1926642351
-0.1918451747
-0.1910354351
-0.1904190189
-0.1902357064
-0.1920073259
-0.1916943748
-0.1912452066
-0.1906073921
-0.1899440083
-0.1893017627
-0.1887927932
-0.190627165
-0.1904641431
-0.1901399035
-0.189662514
-0.1890994649
-0.1883999595
-0.1875976032
-0.189835776
-0.1897360949
-0.1894899466
-0.1890550878
-0.1885863354
-0.1879268372
-0.187032092
-0.1894896088
-0.189425297
-0.1892307137
-0.1888363045
-0.1885151235
-0.1880350093
-0.1870973355
-0.1893946204
-0.1892440162
-0.1891279757
-0.1889837386
-0.1888096691
-0.1882997299
-0.1873721582
-0.2052200928
-0.2049533788
-0.2040262844
-0.2029182391
-0.201801767
-0.2002564149
-0.1980740959
-0.2048449878
-0.2041678132
-0.203393613
-0.2022107736
-0.2008684812
-0.1996266931
-0.1981940136
-0.203522731
-0.2032081359
-0.2023824288
-0.2016571574
-0.2001746309
-0.1981723873
-0.1969629794
-0.2024686623
-0.2020041557
-0.2013539653
-0.2006220159
-0.1992021601
-0.1974214197
-0.196166973
-0.2015649149
-0.2009163776
-0.2002590368
-0.1992577847
-0.1979519967
-0.1965694535
-0.1956846832
-0.2004626745
-0.2000808834
-0.1992960187
-0.1980386379
-0.1967239457
-0.1955691704
-0.1951602289
-0.1990592408
-0.1988939194
-0.1979976523
-0.1966402453
-0.195412996
-0.1944487953
-0.1944446068
-0.1977633712
-0.1975243075
-0.1965203396
-0.1952496939
-0.1941541913
-0.1933801471
-0.1934885777
-0.1963918744
-0.1959615978
-0.1949681422
-0.1939166294
-0.1929611947
-0.1923328302
-0.1923608549
-0.1946247866
-0.1941316395
-0.193391479
-0.1925622684
-0.1917990192
-0.1912322105
-0.1910744615
-0.1926677603
-0.1923941899
-0.1919249237
-0.1912836335
-0.1906791479
-0.1900790362
-0.1895995277
-0.1911853584
-0.1910819806
-0.1907151501
-0.1902469071
-0.1897476052
-0.1890843411
-0.1883182068
-0.1902856319
-0.1902184055
-0.1899242831
-0.1895175072
-0.1891011361
-0.1884789608
-0.187627215
-0.1898382325
-0.1897634798
-0.1895313911
-0.1891822087
-0.1889015416
-0.1884569081
-0.1875645159
-0.189693945
-0.1894938454
-0.1893735808
-0.1892738854
-0.189141991
-0.1886668637
-0.1877805648
-0.2060108972
-0.2056244645
-0.2047608555
-0.2038253195
-0.2028934016
-0.2014205461
-0.1993329129
-0.2055421729
-0.2049542074
-0.2041818614
-0.2031450793
-0.2019786202
-0.2008213845
-0.1994734729
-0.2044467963
-0.2041622647
-0.2033151988
-0.2026844124
-0.2013479651
-0.1994490752
-0.1983288837
-0.2035397164
-0.2030860834
-0.2023867422
-0.2017159383
-0.200438059
-0.1987804955
-0.1976100071
-0.2026717578
-0.2020548415
-0.2013373042
-0.2003985364
-0.1992271257
-0.1979705439
-0.1971622561
-0.20152744
-0.2011972006
-0.2003508426
-0.1991810758
-0.1980141956
-0.1969719281
-0.1966200049
-0.2000741264
-0.199952083
-0.1990142406
-0.1977526154
-0.1966828944
-0.1958306311
-0.1958809905
-0.1986891166
-0.1984953867
-0.1974851656
-0.1963190074
-0.195380068
-0.1947218302
-0.1949095953
-0.1972430102
-0.1968685241
-0.1958858113
-0.1949461404
-0.1941306716
-0.1936157194
-0.193759105
-0.1954357084
-0.1949814831
-0.194260239
-0.1935457082
-0.1928997672
-0.1924394178
-0.1924314276
-0.1934360223
-0.19316728
-0.1927234466
-0.1921883839
-0.1916838332
-0.1911858499
-0.1908817569
-0.1918681628
-0.1917274565
-0.1913898214
-0.1910175744
-0.190612934
-0.190062027
-0.1894944574
-0.1908329359
-0.1906921357
-0.1904416123
-0.1901335755
-0.1898216628
-0.1893300039
-0.1886836745
-0.1902538977
-0.1900941735
-0.1899196005
-0.1896763854
-0.1895156556
-0.1892233594
-0.1885285688
-0.1900360075
-0.1897703753
-0.1897086671
-0.1897257251
-0.1897478882
-0.1894528848
-0.1887375761
-0.2067400274
-0.2063565294
-0.2056532367
-0.2049700992
-0.2042911066
-0.2031023425
-0.2012900798
-0.2064182529
-0.2057094975
-0.2051192539
-0.2042958264
-0.2033404071
-0.2024448565
-0.2013736852
-0.2053745535
-0.204991403
-0.2043013022
-0.2038853604
-0.2027573792
-0.2010962342
-0.2002344156
-0.2045470571
-0.2040119534
-0.2034484379
-0.2030056463
-0.201950448
-0.2004881361
-0.1995404118
-0.2037126922
-0.202984679
-0.2024067995
-0.2017366083
-0.2008086785
-0.1997470162
-0.1991318324
-0.2025727722
-0.2020830999
-0.2013992659
-0.2005461445
-0.1996378035
-0.1987854899
-0.1986073526
-0.2010507882
-0.2007580329
-0.2000203688
-0.1990934995
-0.1982867068
-0.1976264253
-0.1978541126
-0.1995439855
-0.1992155064
-0.1984262495
-0.1975860065
-0.1969146942
-0.1964609523
-0.1968484648
-0.1980205446
-0.1975603425
-0.1967853042
-0.1961363602
-0.1955758841
-0.1952776908
-0.1956506968
-0.1961953504
-0.1956802212
-0.1951342021
-0.1946634339
-0.1942547568
-0.1940203883
-0.1942647268
-0.1941588887
-0.193845859
-0.1935480391
-0.1932161822
-0.1929376384
-0.1926726133
-0.1926376142
-0.1925041201
-0.1923376637
-0.1921144212
-0.1919141014
-0.1917347741
-0.1914332368
-0.1911609214
-0.1913475929
-0.1911903906
-0.1910366776
-0.1908887468
-0.1908098288
-0.1905932281
-0.1902708222
-0.1906782937
-0.1905051644
-0.1904234857
-0.1903447417
-0.190433643
-0.1904615502
-0.1900929309
-0.1904435594
-0.1901539017
-0.1901909154
-0.1904099637
-0.1907343583
-0.1907943617
-0.1903459614
-0.2076876899
-0.2073651487
-0.2067839989
-0.2062896005
-0.2058728505
-0.2049628447
-0.2033131073
-0.2073455675
-0.2067360101
-0.2063056974
-0.2056180548
-0.204820963
-0.2041662786
-0.2033350596
-0.2063357828
-0.2061066005
-0.2055880465
-0.2052795451
-0.2042710423
-0.202814901
-0.2022199377
-0.2056151508
-0.2052128498
-0.2047900593
-0.2044383984
-0.2035335783
-0.2022679194
-0.2015627646
-0.2047907995
-0.2041651832
-0.2037279549
-0.203176974
-0.2024321451
-0.2016015519
-0.2011741653
-0.2036222642
-0.2032285459
-0.2027053222
-0.2020152971
-0.2012959823
-0.2006681658
-0.2006384034
-0.2019969704
-0.2018266365
-0.2012935816
-0.2005450711
-0.1999223188
-0.1994667539
-0.1998389699
-0.2003629089
-0.2001691102
-0.1995939107
-0.1989333961
-0.198453737
-0.1982070424
-0.1987678274
-0.1987667632
-0.1984444613
-0.1978397446
-0.1973543666
-0.1969947206
-0.196921211
-0.1975008498
-0.1969397659
-0.1965373004
-0.1961068517
-0.1957661493
-0.1955551972
-0.1955653577
-0.196046308
-0.1948977979
-0.1946610049
-0.1944395527
-0.1942177631
-0.1941329479
-0.1941216462
-0.1943481863
-0.1931912558
-0.1930610506
-0.1928981446
-0.1928170163
-0.1928334685
-0.1927866444
-0.192794544
-0.1919395364
-0.1917818736
-0.1916982978
-0.1917081022
-0.1918418559
-0.1918845898
-0.1918406935
-0.1911925864
-0.1910060612
-0.1910193776
-0.1911487395
-0.1914851387
-0.1917866547
-0.1916593745
-0.1909548876
-0.1906575512
-0.1908147776
-0.1912979168
-0.1919278976
-0.1922569905
-0.1919592999
-0.2086106864
-0.2081418984
-0.2075641303
-0.2072526544
-0.2071242041
-0.2064536818
-0.2048488424
-0.2082515714
-0.207576232
-0.2071352606
-0.2065841939
-0.2060124809
-0.2055710413
-0.2048626284
-0.2073251367
-0.2070006156
-0.2064711689
-0.2063162683
-0.2055339305
-0.2042467372
-0.2037993567
-0.206641482
-0.2061242962
-0.2057053154
-0.2055362387
-0.2048859258
-0.2037641405
-0.2031694345
-0.2058323418
-0.2050687138
-0.2046401148
-0.2042949685
-0.2037875916
-0.2031140727
-0.2027628132
-0.2046359159
-0.2041208943
-0.2036232744
-0.2031432274
-0.2026238299
-0.2021412802
-0.202177817
-0.2029242833
-0.2026664195
-0.2022100042
-0.2016526446
-0.2011971166
-0.2008574501
-0.2013105962
-0.2011699108
-0.2008991159
-0.2004173042
-0.1999584564
-0.1996388861
-0.1994928266
-0.2001549568
-0.1994623692
-0.1990599821
-0.1985351457
-0.1982494681
-0.1980480282
-0.1980846596
-0.1987874966
-0.1975609838
-0.1970581523
-0.1966773321
-0.1965263919
-0.1964752017
-0.1966131027
-0.1972389464
-0.1954488046
-0.1950894739
-0.1948932353
-0.1948466187
-0.1949356938
-0.1950719367
-0.1954700887
-0.1936551748
-0.1933909583
-0.1932386381
-0.1933261627
-0.1935424836
-0.1936773647
-0.1938722544
-0.1923025833
-0.1920200606
-0.1919464563
-0.1921252525
-0.1924939041
-0.1927628422
-0.1929164229
-0.1915038557
-0.1912155493
-0.1912474217
-0.1915499506
-0.1921542878
-0.192709451
-0.1927785763
-0.1913087075
-0.1909164463
-0.1911073096
-0.1917804188
-0.1926959969
-0.193294154
-0.1931683563
-0.2092074435
-0.2086158461
-0.2080901111
-0.2078653457
-0.2078162844
-0.2072806032
-0.2057868233
-0.2088959101
-0.2080626987
-0.2076497488
-0.2071420819
-0.2066161316
-0.2063380195
-0.2058296704
-0.2079363013
-0.2075195779
-0.2070037248
-0.2069005766
-0.2062284083
-0.2050884406
-0.2048252118
-0.2072527081
-0.2066793963
-0.2062778542
-0.20618096
-0.2056940034
-0.204697324
-0.2042212208
-0.2064826962
-0.2056568627
-0.2052091525
-0.2049560397
-0.2046092096
-0.2040711825
-0.2037901889
-0.2052760022
-0.2047008062
-0.2041703094
-0.2037847128
-0.2034118252
-0.2030611229
-0.2031392792
-0.2035006173
-0.2032038886
-0.2027334422
-0.2022612657
-0.201937733
-0.2017082166
-0.2021829042
-0.2016671145
-0.201377637
-0.200891732
-0.2005019937
-0.2003049595
-0.2002528096
-0.2009181921
-0.1998689648
-0.1994618748
-0.1989228463
-0.1987162229
-0.1986183693
-0.1987291165
-0.1994334395
-0.1978862794
-0.1973764419
-0.1969776119
-0.1968747415
-0.1969100181
-0.1971262424
-0.1977878849
-0.1956852927
-0.1953148991
-0.1950919611
-0.1950509123
-0.1952210274
-0.1954643995
-0.1959685544
-0.1938175586
-0.1935280525
-0.1933288772
-0.1933899591
-0.1936905749
-0.1939815745
-0.1943674249
-0.1924014719
-0.1920440968
-0.1919208925
-0.1920837316
-0.1925417445
-0.1930080827
-0.1934177089
-0.191569122
-0.1911348317
-0.1911436834
-0.1914666394
-0.1921775824
-0.1929514812
-0.1932847869
-0.1913655132
-0.1908042943
-0.1909936669
-0.1917391233
-0.1928022341
-0.1936365846
-0.1937214539
-0.2092494391
-0.2086998259
-0.2079507044
-0.2077458741
-0.2078121615
-0.2074091942
-0.2060682814
-0.2090703671
-0.2080471785
-0.2075114531
-0.20704025
-0.206539085
-0.2063318487
-0.2060393411
-0.2081979728
-0.2074773714
-0.2069224678
-0.2068739111
-0.2062012054
-0.2051198745
-0.2050634367
-0.2075891183
-0.206696249
-0.2062846229
-0.2062478385
-0.2057410892
-0.2048023403
-0.2045218926
-0.206857419
-0.2057427044
-0.2053055531
-0.2050656812
-0.2046895643
-0.2042152878
-0.2041175972
-0.2056522427
-0.2047939346
-0.2042977208
-0.2038927574
-0.2034947404
-0.2032079707
-0.203425903
-0.2038183311
-0.2032606381
-0.2028528336
-0.2023329452
-0.2019988028
-0.2018201812
-0.2023764757
-0.2019520756
-0.2014068173
-0.2009775289
-0.2005382852
-0.2003221936
-0.2002914452
-0.2010085425
-0.2000929898
-0.1994534346
-0.1989590809
-0.1986875245
-0.1985525125
-0.1986686881
-0.1994224037
-0.1980740627
-0.1973053879
-0.196930723
-0.1967681012
-0.1967387187
-0.1969522911
-0.1977086847
-0.1957926351
-0.1951370881
-0.1949103738
-0.1948273396
-0.1949399432
-0.1951962318
-0.1958598385
-0.1938291937
-0.1932276341
-0.1929671528
-0.193047389
-0.1933214854
-0.1936568493
-0.1942474556
-0.1922798562
-0.191603215
-0.191390981
-0.191623242
-0.1921116729
-0.1926514791
-0.1932580882
-0.1912579468
-0.1906080508
-0.1904998494
-0.1909174067
-0.1917461107
-0.1926413121
-0.1931066025
-0.1908504312
-0.190307191
-0.1903236102
-0.1911829513
-0.1924616753
-0.1934565401
-0.1935748042
-0.208346983
-0.2083073385
-0.2075871733
-0.2071005371
-0.2071639476
-0.2069401072
-0.2057897049
-0.2083875101
-0.2079160198
-0.2071141392
-0.2063672355
-0.205902501
-0.2057903089
-0.2056773161
-0.2077859066
-0.2074463141
-0.2065286157
-0.2062269183
-0.2056201255
-0.2046475613
-0.2047094546
-0.2074074915
-0.206705135
-0.2058785412
-0.2057230834
-0.2052478772
-0.204398618
-0.204181895
-0.2068451856
-0.2057681112
-0.2049461499
-0.2047034213
-0.2042992519
-0.2038212991
-0.2037505503
-0.2057485585
-0.2048366994
-0.2040114277
-0.2036275929
-0.2031740755
-0.2027912953
-0.2029861401
-0.2039525285
-0.2032612612
-0.2026034492
-0.202088965
-0.2016827787
-0.2013557378
-0.2018641259
-0.2020549201
-0.2013982097
-0.2006791798
-0.2002459684
-0.1999705818
-0.1997780183
-0.2004199294
-0.2001438606
-0.1993916259
-0.1986200608
-0.1983343885
-0.1981272779
-0.1980869007
-0.1987965065
-0.1980443865
-0.1972223198
-0.1964983037
-0.1963197111
-0.196224102
-0.196316377
-0.1970621086
-0.1956115428
-0.1949647112
-0.1943607379
-0.1942377816
-0.1943167788
-0.1945326703
-0.195231241
-0.1933867389
-0.1929643961
-0.1923129357
-0.1922795356
-0.1925905347
-0.1929850785
-0.1936245977
-0.1915442898
-0.1912377444
-0.1906845998
-0.1907308727
-0.1913031872
-0.191963578
-0.1926262587
-0.1902302265
-0.190079213
-0.1897773915
-0.1900115906
-0.19091606
-0.1919565316
-0.1924890344
-0.189600007
-0.1895619528
-0.1896829833
-0.1903406491
-0.1916496461
-0.1927854217
-0.1929901092
-0.2056313319
-0.2069807735
-0.2066975204
-0.206332224
-0.2060735548
-0.2056831633
-0.204606416
-0.2062087938
-0.2067577612
-0.2063791261
-0.20550657
-0.204729957
-0.2045091293
-0.2045237784
-0.2059618614
-0.2064491856
-0.2059301248
-0.2053584973
-0.2044863121
-0.2034375575
-0.2036168637
-0.2060302323
-0.2059536967
-0.2053997054
-0.2048506428
-0.2042010738
-0.2033227556
-0.2031666622
-0.2058661026
-0.2052672323
-0.2045070764
-0.2038933762
-0.2033634304
-0.2028612531
-0.2027750875
-0.204975277
-0.204497635
-0.203604213
-0.2029387424
-0.2023545444
-0.2018996699
-0.2019892858
-0.2033229729
-0.2030273318
-0.2021797425
-0.2014695879
-0.2009403409
-0.2004948463
-0.2008192731
-0.2013586195
-0.2011315327
-0.2003157184
-0.1996332693
-0.1992253482
-0.1989251493
-0.1993785612
-0.1994479466
-0.1991107927
-0.1981440687
-0.1976743843
-0.1973773158
-0.1972223001
-0.1977393364
-0.1972195632
-0.1968426548
-0.1960457274
-0.1956059528
-0.1954067345
-0.195415883
-0.196011282
-0.1945984746
-0.1944066849
-0.1938957227
-0.1934443323
-0.1934077488
-0.1935654257
-0.1941393677
-0.1919206154
-0.1920931829
-0.1917735815
-0.191428864
-0.1915823456
-0.1919031327
-0.1924484913
-0.1895861715
-0.1900908247
-0.1899720338
-0.1898547104
-0.190204927
-0.1907428846
-0.1913640029
-0.1879604805
-0.1887600921
-0.1889026777
-0.1890907453
-0.1897189211
-0.1906021607
-0.1911576739
-0.1868675222
-0.1880944408
-0.1886251134
-0.1894019666
-0.1904159823
-0.1913642569
-0.1916172215
-0.1958284856
-0.201942139
-0.2045162621
-0.2046890525
-0.2045644685
-0.2040062093
-0.2027472876
-0.1966921608
-0.2025630149
-0.2045628237
-0.2040844751
-0.2032847004
-0.2027912986
-0.2025883275
-0.1957469094
-0.2026310517
-0.2043233237
-0.2041360613
-0.2031502427
-0.2017856817
-0.2017652926
-0.1980750982
-0.2032032482
-0.2040820673
-0.2038612162
-0.2030338815
-0.2017972573
-0.2014427953
-0.2012875183
-0.2035530695
-0.2035054702
-0.2030640772
-0.2022879262
-0.201481348
-0.2011698014
-0.2017637487
-0.2031716831
-0.2028624273
-0.202220553
-0.2013448264
-0.2006299411
-0.2005038096
-0.2008766928
-0.2019325158
-0.2016338835
-0.2007924801
-0.1999471422
-0.1992982938
-0.1993934738
-0.1982990143
-0.1999491316
-0.1996908308
-0.1989907288
-0.1982813104
-0.1977336732
-0.1979309591
-0.1969984035
-0.1980195192
-0.1975997818
-0.1969877663
-0.196402742
-0.1960467253
-0.1962847275
-0.1940754183
-0.1955601092
-0.195347416
-0.1949107219
-0.1944443172
-0.1941855068
-0.1944713773
-0.1901933045
-0.1927534016
-0.1929837114
-0.1927043943
-0.1924297815
-0.1922492682
-0.1924710012
-0.184452066
-0.1894472151
-0.1905606566
-0.1905631907
-0.1905586399
-0.1904874225
-0.1907182526
-0.1799517745
-0.1864083783
-0.1884505893
-0.188765387
-0.1890476048
-0.1892384777
-0.1895821961
-0.1790641774
-0.1847622839
-0.1871436342
-0.1877752582
-0.188419447
-0.1890302625
-0.1893292259
-0.1777233725
-0.1833104327
-0.186510708
-0.1878794573
-0.1890418893
-0.1898517526
-0.1898563814
-0.1832171375
-0.1961580192
-0.2014985763
-0.2026386263
-0.202602617
-0.2020501046
-0.2006884347
-0.1828248641
-0.1969454356
-0.2020287582
-0.2022398834
-0.2014594527
-0.2009104022
-0.2005616673
-0.1824679886
-0.1972714963
-0.2021000311
-0.2024588344
-0.2014784723
-0.2000060165
-0.1998175284
-0.1849652074
-0.1989088699
-0.2023219115
-0.2023675158
-0.2015348891
-0.2001609771
-0.1995750476
-0.1875685515
-0.2006185156
-0.2020833597
-0.2018041986
-0.2009884475
-0.1999678519
-0.1993912895
-0.1896958732
-0.200866051
-0.2015615927
-0.2010976098
-0.2001766802
-0.1991722092
-0.1986652273
-0.1900558804
-0.1999461584
-0.2004108257
-0.1997484194
-0.1988327872
-0.1978048894
-0.1975870982
-0.1863100324
-0.1980251547
-0.1985326223
-0.1979066907
-0.1971590066
-0.196366445
-0.1961546732
-0.1863392154
-0.1960375476
-0.1963636683
-0.1959093665
-0.195295679
-0.1945644582
-0.1944644012
-0.1823402473
-0.1932399526
-0.1939862732
-0.1937449838
-0.1933135532
-0.1927694179
-0.192666
-0.1770927981
-0.1898309106
-0.1914839704
-0.1914150858
-0.1911965615
-0.1908463372
-0.1908103178
-0.1721475183
-0.1853183235
-0.1887430718
-0.1890391842
-0.1891395451
-0.1890593806
-0.1890701172
-0.1677231799
-0.1813108448
-0.1862046114
-0.187061259
-0.1874958329
-0.1877688147
-0.1879321367
-0.1663160497
-0.179475348
-0.1846515417
-0.1859713697
-0.1868108071
-0.1875062766
-0.1876132692
-0.1661796213
-0.177972697
-0.183702077
-0.185997932
-0.1873291692
-0.1881375208
-0.1880292812
-0.1749163244
-0.1793276053
-0.1882156879
-0.1949376249
-0.1974768259
-0.1985077615
-0.1978471045
-0.1762160909
-0.1803301521
-0.1898399196
-0.1953479627
-0.1970999266
-0.1978304116
-0.1981483367
-0.1791631965
-0.1825500516
-0.1907293876
-0.196081865
-0.19746243
-0.1972091955
-0.1974406391
-0.1830737313
-0.1860292609
-0.1934151053
-0.197309752
-0.1982361793
-0.1977115686
-0.1973486617
-0.1852599375
-0.1905198264
-0.1966024444
-0.1985036256
-0.1985651114
-0.1979362408
-0.1973664142
-0.1856193093
-0.1928648732
-0.1978781511
-0.198786664
-0.1983186017
-0.1974059402
-0.1968510383
-0.1851416581
-0.1944277584
-0.1980942358
-0.1979039811
-0.1971569401
-0.1961870338
-0.1958145466
-0.1844148912
-0.1948363161
-0.1963076989
-0.1953367036
-0.1950111007
-0.1944689873
-0.1942605812
-0.1815206698
-0.1906772339
-0.1940506823
-0.1940989559
-0.1936427165
-0.1929780763
-0.1927224769
-0.1782532034
-0.1854662361
-0.1904096412
-0.1916029634
-0.1915714668
-0.1910789205
-0.1908926716
-0.1747876248
-0.1801940931
-0.1862438087
-0.1883947052
-0.1889599864
-0.1888857436
-0.1888353155
-0.1703888618
-0.1733153324
-0.1804152593
-0.1844178704
-0.186107311
-0.1867031548
-0.1869342978
-0.1647499684
-0.1678166741
-0.1756740781
-0.1812703845
-0.1838760807
-0.1851424644
-0.1856499319
-0.1603891044
-0.1643776921
-0.1735509721
-0.1798281016
-0.1829864167
-0.1846770801
-0.1852893734
-0.1588211469
-0.1628339181
-0.171698477
-0.1791271492
-0.182770684
-0.1849568979
-0.1855134092
-0.1739208866
-0.1795424315
-0.1868409861
-0.1922920622
-0.1947193166
-0.1964206878
-0.1955646188
-0.1758770111
-0.1809968561
-0.1887311182
-0.1926974336
-0.1944894302
-0.1955911992
-0.1961358082
-0.1798051737
-0.1849562772
-0.1901701862
-0.1940807919
-0.195356437
-0.1952917187
-0.1954727995
-0.1847648897
-0.1882941961
-0.1928382326
-0.1956473394
-0.196468036
-0.1959393494
-0.1953751463
-0.1877422806
-0.1911882135
-0.195597656
-0.1968828695
-0.1969001999
-0.1961429118
-0.1953799009
-0.1885255445
-0.1929655073
-0.196173457
-0.1966725849
-0.1964285534
-0.195472305
-0.1948245716
-0.1877164018
-0.1922798485
-0.1935602136
-0.1935769056
-0.1944971072
-0.1941503774
-0.1936853095
-0.1845641131
-0.1859838211
-0.1831325099
-0.1847880701
-0.1894359329
-0.1924303438
-0.1921541427
-0.1842339663
-0.1883776831
-0.1893528896
-0.1896447257
-0.1909960148
-0.1910710302
-0.1906270403
-0.1811777766
-0.1855100202
-0.1887368878
-0.1895595005
-0.1896997882
-0.1893333704
-0.1889407487
-0.1772226917
-0.1808966043
-0.185373532
-0.1868675315
-0.187261982
-0.1872609545
-0.1870054329
-0.172036349
-0.1753935504
-0.1800004001
-0.1829063796
-0.1843361601
-0.1850536368
-0.1851686291
-0.1654422785
-0.1701777417
-0.1754297115
-0.1795854402
-0.181865017
-0.1833550895
-0.1838794472
-0.1603818549
-0.1653022547
-0.1729445923
-0.1776142477
-0.180587058
-0.1827617896
-0.1834772949
-0.1583392737
-0.1634873193
-0.1709566191
-0.1770898656
-0.1804156257
-0.1831593637
-0.1833392708
-0.1698049316
-0.1712190602
-0.1802758996
-0.180538098
-0.1831147535
-0.1887676727
-0.1858198739
-0.1685095442
-0.1684013026
-0.1755304545
-0.1760903217
-0.1797014854
-0.1842048289
-0.1861909857
-0.1734705807
-0.1756682253
-0.1811034744
-0.1835828731
-0.1860616548
-0.1871863845
-0.189199709
-0.1810970177
-0.1850825665
-0.1894197355
-0.1911227834
-0.1931252917
-0.1919933531
-0.1916710132
-0.1843385814
-0.1884974058
-0.1927180441
-0.1936865767
-0.1945130145
-0.1931512252
-0.1921589067
-0.1853705283
-0.1897811682
-0.1926398306
-0.1921691235
-0.1922419653
-0.1912565954
-0.1908004436
-0.184893687
-0.1883270813
-0.1859795295
-0.1831428193
-0.1832696086
-0.1856875419
-0.1868239232
-0.1816615907
-0.1810602714
-0.1769007786
-0.1811164462
-0.1847018198
-0.1850270067
-0.1859464406
-0.181304278
-0.1843554506
-0.1812751633
-0.1787436173
-0.1791731067
-0.1821585749
-0.1834650137
-0.1781057887
-0.1824644773
-0.1853565746
-0.1851774789
-0.185593614
-0.1851341509
-0.1850297098
-0.1740332135
-0.1784004716
-0.1827134884
-0.1839773921
-0.1852579084
-0.1844721634
-0.1840048782
-0.1687102648
-0.1727302748
-0.1770521391
-0.1789921529
-0.1816211748
-0.1815358506
-0.1817075022
-0.1599218001
-0.1622232275
-0.1674878683
-0.1702634006
-0.1736794388
-0.1761154079
-0.1780765268
-0.1541660802
-0.1541756386
-0.1611568089
-0.1625502801
-0.1672180233
-0.1724856445
-0.174262497
-0.1550273247
-0.1563024527
-0.1652490256
-0.1665418011
-0.1700619799
-0.1762551544
-0.1741906478
-0.1646655739
-0.1643844174
-0.1669918212
-0.1667932633
-0.1674661407
-0.17073723
-0.1734542453
-0.1645339488
-0.1647199837
-0.1676562245
-0.1699129252
-0.1719014266
-0.1776491967
-0.1859595735
-0.1689351477
-0.1697021925
-0.175139819
-0.1772485058
-0.1826520047
-0.1854174388
-0.1900762696
-0.1744507141
-0.1757680159
-0.181494325
-0.1830429715
-0.1876493147
-0.1880797254
-0.1910311301
-0.1774229359
-0.1790691991
-0.1837196791
-0.1851646823
-0.1884966391
-0.1885179697
-0.1907138087
-0.1788652559
-0.1799235489
-0.1827127706
-0.183294854
-0.1846816489
-0.187788153
-0.1897994566
-0.178868782
-0.178897743
-0.1777181915
-0.1777816711
-0.1837718322
-0.1872856808
-0.1870284261
-0.1765870348
-0.1748534765
-0.1757850968
-0.1827510878
-0.1860277009
-0.1860843021
-0.1853156084
-0.1753977116
-0.1754757381
-0.1742611909
-0.1744373618
-0.1805089742
-0.1840817895
-0.1839574079
-0.1719267457
-0.1732588183
-0.1759653868
-0.1766654306
-0.1781666179
-0.1818508182
-0.1843374028
-0.167599702
-0.1696260976
-0.1742448191
-0.1759525935
-0.1796522349
-0.180091729
-0.18292407
-0.1626657319
-0.1642672796
-0.1697720875
-0.1716633527
-0.1767256713
-0.1777257303
-0.1814402759
-0.1559291892
-0.1568244317
-0.1620782645
-0.1647618649
-0.1707456969
-0.173975399
-0.1794371686
-0.1510866639
-0.1513654509
-0.1542256341
-0.1572613515
-0.1601408179
-0.1659954653
-0.1747609908
-0.1507513544
-0.1507441843
-0.153504394
-0.1541986471
-0.1557442303
-0.1594827909
-0.1627117261
-0.2017126767
-0.2012705616
-0.2004811005
-0.1994760166
-0.1984804328
-0.1969946355
-0.1951203417
-0.2012126512
-0.2009960144
-0.2004247883
-0.1991739765
-0.1980157862
-0.196926069
-0.1951879036
-0.2007873885
-0.2005069103
-0.1996805119
-0.1986459331
-0.1977577482
-0.1962058792
-0.1945370316
-0.2001021707
-0.1998468668
-0.1992115211
-0.1981745068
-0.1970470659
-0.1955980668
-0.1943728213
-0.199468793
-0.1992027457
-0.1985680024
-0.1975668866
-0.1965840087
-0.1953995476
-0.1944154329
-0.1992496912
-0.1988968559
-0.1983259021
-0.1972590937
-0.1962552851
-0.1950294712
-0.1941514905
-0.1988429813
-0.1985786824
-0.1980052827
-0.1968263028
-0.1957695528
-0.1945976213
-0.1940366021
-0.1985868326
-0.1983801667
-0.1975687516
-0.1963784589
-0.1953951367
-0.194356217
-0.1940870332
-0.198212708
-0.1979130587
-0.1970834599
-0.1959481905
-0.194981602
-0.1940049899
-0.1937479237
-0.1975410079
-0.1971520934
-0.1964836649
-0.1954504456
-0.1944916808
-0.1935275765
-0.1930419172
-0.1967499451
-0.1965029182
-0.195943685
-0.1950553804
-0.1941555578
-0.1931047885
-0.1922617467
-0.1963065642
-0.1961418189
-0.195629277
-0.1948321821
-0.1939632865
-0.1927518076
-0.1915707074
-0.1961557719
-0.1960298359
-0.1955539324
-0.1947521926
-0.1938510949
-0.1924823794
-0.1910481891
-0.196044614
-0.1960310643
-0.1955365375
-0.1947317438
-0.1938645481
-0.1923943852
-0.1907272991
-0.1958631957
-0.1958855554
-0.1953323113
-0.1945597421
-0.1937581446
-0.1922544093
-0.1905099862
-0.20231326
-0.2021442025
-0.2012715945
-0.2002270539
-0.1991091137
-0.1975668972
-0.1959347564
-0.2022037133
-0.2016262102
-0.200975597
-0.1998865939
-0.198731966
-0.1974898796
-0.1957839724
-0.2013269444
-0.2011165475
-0.2004212335
-0.1993461145
-0.1981820582
-0.1966182567
-0.1951020254
-0.2007400059
-0.2003151217
-0.1996943258
-0.1987523648
-0.1975895329
-0.1961309861
-0.1948414156
-0.2001815052
-0.1997028648
-0.1991709187
-0.1981856478
-0.1970134811
-0.1957292543
-0.1946465871
-0.1998276908
-0.1993976307
-0.1988159575
-0.1977639656
-0.1965558815
-0.1952928357
-0.194387422
-0.1994405126
-0.1990728981
-0.198434328
-0.1973009511
-0.1961141142
-0.1949842583
-0.1944193523
-0.1991784878
-0.1987513842
-0.1979765864
-0.196796145
-0.195684088
-0.194718182
-0.1944076543
-0.1986985971
-0.1982283169
-0.1974226653
-0.1962754397
-0.1952089181
-0.1943183095
-0.1939834289
-0.197917681
-0.1974526751
-0.1968099796
-0.1957754142
-0.1947609007
-0.1938773348
-0.1933659795
-0.1971299526
-0.1967841572
-0.1962999385
-0.1954074641
-0.194452527
-0.1934570081
-0.1926974051
-0.1967086787
-0.1964548373
-0.1960519008
-0.1952349619
-0.1942808416
-0.193078725
-0.1919617
-0.1965925855
-0.1963681435
-0.1960213371
-0.1952255469
-0.1942471126
-0.1928776259
-0.191337725
-0.1965360233
-0.19634081
-0.1959828701
-0.1952174135
-0.1943166906
-0.1929029768
-0.1910743502
-0.1964048034
-0.1961612477
-0.1957253374
-0.1949836808
-0.194179174
-0.1928017927
-0.191014774
-0.2030504431
-0.2031743795
-0.2024465829
-0.2011537995
-0.2001746852
-0.1989177157
-0.1971071057
-0.2029794329
-0.2027309642
-0.2020806543
-0.2009073301
-0.1996578689
-0.1985108485
-0.1969611318
-0.2023028709
-0.2021806648
-0.201310882
-0.2003215335
-0.1992232557
-0.1976568497
-0.1961923184
-0.2016093607
-0.2012880192
-0.2005861753
-0.1997228423
-0.1985390579
-0.1969752886
-0.195697386
-0.2010291848
-0.2006609188
-0.2000134957
-0.1990129211
-0.1978183212
-0.1965408621
-0.1954593316
-0.2006399254
-0.2003091063
-0.1996143433
-0.1985456431
-0.1973215697
-0.1961257703
-0.1952471516
-0.2001772756
-0.199953828
-0.1991906545
-0.1980072084
-0.1968019254
-0.1957241612
-0.1951773278
-0.1998369071
-0.1995386563
-0.1986293256
-0.1974019297
-0.1962796983
-0.1953632029
-0.1950451403
-0.1992826108
-0.1989304747
-0.1979969291
-0.1968329396
-0.1957448419
-0.1949055163
-0.1945880822
-0.1984326446
-0.1981141079
-0.1973810945
-0.1963409582
-0.1952938056
-0.1944510686
-0.1939838835
-0.1976258036
-0.1974386939
-0.1969079169
-0.1960163535
-0.1950384732
-0.1940707954
-0.1933240089
-0.1972198575
-0.1971291852
-0.1966967231
-0.195891443
-0.1949417509
-0.1937601479
-0.1926053618
-0.1971062396
-0.197057435
-0.1966686817
-0.1958783655
-0.1949473567
-0.1936383463
-0.1920359781
-0.1970326398
-0.1970236062
-0.1965995632
-0.1958163178
-0.1949617086
-0.1936931683
-0.1918659495
-0.1969035456
-0.1968414316
-0.1963183958
-0.1955592867
-0.1948326374
-0.1936617137
-0.1918609471
-0.2046214748
-0.2042714309
-0.2033262536
-0.2023610772
-0.2012907519
-0.1998775749
-0.1982416929
-0.2042807426
-0.2039118636
-0.2031676069
-0.2020475556
-0.2007341814
-0.1995281307
-0.1981153196
-0.2036068631
-0.2033173349
-0.2024058414
-0.2015077607
-0.2003462798
-0.1986211352
-0.197198489
-0.2028169917
-0.2024324447
-0.2016343353
-0.2008258481
-0.1996095378
-0.1979317494
-0.1966776736
-0.2022271031
-0.2017989197
-0.2009982612
-0.2000551954
-0.198856363
-0.1975043294
-0.1964652951
-0.2018383969
-0.2014248727
-0.2005780478
-0.1995444241
-0.198309828
-0.197049015
-0.1962213258
-0.2012923074
-0.2009825074
-0.2001069606
-0.1989460413
-0.1977084197
-0.1965604417
-0.1960782248
-0.2008302648
-0.2004736428
-0.1994761248
-0.1982689951
-0.1970923405
-0.1960970095
-0.1958832502
-0.200203624
-0.199786019
-0.1987815698
-0.1976575896
-0.1965155394
-0.1955752472
-0.1953707067
-0.1993366857
-0.1989096318
-0.1981255027
-0.1971643638
-0.196084947
-0.1951130745
-0.1946914683
-0.1985090734
-0.1981906458
-0.1976296663
-0.1968481956
-0.1958478371
-0.1947620421
-0.1939984559
-0.1980999755
-0.1978576144
-0.1973894106
-0.196705745
-0.1957465462
-0.1945080973
-0.1933354456
-0.1979989238
-0.1977669291
-0.1973138941
-0.1966321028
-0.1957174155
-0.1944163227
-0.1928463018
-0.197908639
-0.1977000304
-0.1971812134
-0.1965004335
-0.1956677069
-0.1944049893
-0.1926900863
-0.1977298298
-0.1974884332
-0.1968357351
-0.1961964363
-0.1955202162
-0.1943273372
-0.1926579081
-0.2054612478
-0.2054249324
-0.2045720059
-0.203400824
-0.2023166713
-0.2010697153
-0.1995112463
-0.2055033632
-0.2050251891
-0.2043010991
-0.2030606623
-0.2017324686
-0.2006411527
-0.1993059123
-0.204615716
-0.2044447259
-0.2035763618
-0.2025570576
-0.2013418408
-0.1997275685
-0.1984502918
-0.2039511077
-0.2036085973
-0.2028337145
-0.2019168514
-0.2006889352
-0.1991382544
-0.198047351
-0.2034257721
-0.2029721537
-0.202192869
-0.2011494122
-0.1999498132
-0.1987393435
-0.1978693021
-0.2029624244
-0.2025640153
-0.2017354454
-0.2005871875
-0.1993395294
-0.1982067108
-0.1975271148
-0.2023096674
-0.2020560062
-0.2012144622
-0.1999312811
-0.1986589125
-0.1976027501
-0.197238159
-0.2017771559
-0.2014797796
-0.2005146152
-0.1992047608
-0.1979997482
-0.1970641103
-0.1969293748
-0.2010993633
-0.2007375392
-0.1997537321
-0.1985585535
-0.1974178398
-0.1965347321
-0.1963620587
-0.2001626228
-0.1998128729
-0.1990465426
-0.1980367523
-0.1969949491
-0.1961114576
-0.1956843546
-0.1992425036
-0.1990485615
-0.1985011868
-0.1976737798
-0.1967356177
-0.195769552
-0.1950045227
-0.198772462
-0.1986775705
-0.1981983541
-0.1974525287
-0.1965571918
-0.1954663991
-0.1943557927
-0.198643706
-0.1985380598
-0.1980596076
-0.1973049332
-0.1964304865
-0.1952950997
-0.1938693556
-0.1985268034
-0.198403532
-0.1978912638
-0.1971525091
-0.1963383608
-0.195219165
-0.1936600915
-0.1983102603
-0.1981183774
-0.1975291713
-0.1968557292
-0.1962203937
-0.1951515752
-0.1935798936
-0.2067445084
-0.206419388
-0.2055032648
-0.2044206679
-0.2035268692
-0.2023709747
-0.2008499659
-0.2064753085
-0.2060649736
-0.2052792886
-0.2041541294
-0.2029773596
-0.2019970057
-0.2007387071
-0.2058197652
-0.2056655521
-0.2047046206
-0.2037164738
-0.2026351373
-0.2011656075
-0.2000056347
-0.2052706356
-0.204870758
-0.2040012278
-0.2031121177
-0.2020267113
-0.2006204071
-0.1996391289
-0.2047340555
-0.2042656822
-0.2033768552
-0.2023576371
-0.2012815733
-0.2001971157
-0.1994029279
-0.2042237178
-0.2038589129
-0.2029107918
-0.2017858928
-0.2006471456
-0.1996140814
-0.1989761039
-0.2035456012
-0.203306443
-0.2023709431
-0.2011189976
-0.1999510421
-0.1989719527
-0.198628999
-0.2029414841
-0.2026427802
-0.2016081925
-0.2003513658
-0.1992646839
-0.1984030815
-0.1982901688
-0.2021750976
-0.2018090657
-0.2007587956
-0.1996342788
-0.1986348977
-0.1978468447
-0.1977084674
-0.2011770175
-0.2007999608
-0.1999666088
-0.1990377634
-0.1981483785
-0.1973823265
-0.1970071687
-0.2001990211
-0.1999471159
-0.1993420374
-0.1985894963
-0.1978009674
-0.1969633255
-0.1962719403
-0.1996621166
-0.1994744507
-0.1989463078
-0.1982598986
-0.1975090143
-0.1965627088
-0.1955668008
-0.1994362673
-0.1992100862
-0.1986879039
-0.1980046592
-0.19728654
-0.1963057122
-0.1950288598
-0.1991811916
-0.1989445775
-0.1984088016
-0.1977914141
-0.1971668679
-0.1961863908
-0.1947473671
-0.1988450275
-0.1985811073
-0.1980050158
-0.1975046968
-0.1970871431
-0.1961326116
-0.194625101
-0.2077378072
-0.2074039665
-0.2065791335
-0.2057268671
-0.2049920476
-0.2040581994
-0.2028052547
-0.2076769443
-0.2071491649
-0.2064573905
-0.2054559018
-0.2044187005
-0.2036522298
-0.2026647494
-0.2071183929
-0.2067354428
-0.2058278042
-0.2049908285
-0.2040961454
-0.2028133419
-0.2018553661
-0.2065132711
-0.205962853
-0.2051784869
-0.2044627893
-0.2035359252
-0.2022740466
-0.2014319824
-0.206013078
-0.2054026151
-0.2045768531
-0.2037496103
-0.2028249004
-0.2018679969
-0.2011828457
-0.2055274093
-0.2049903849
-0.2041101922
-0.2031911495
-0.2022162229
-0.2013027714
-0.2007628616
-0.2048157843
-0.204373594
-0.2035396637
-0.2025044236
-0.2015126442
-0.2006545583
-0.2004045618
-0.2040816287
-0.2036158096
-0.2027205872
-0.2016877509
-0.2007839497
-0.200047106
-0.2000294587
-0.2031794523
-0.2027010914
-0.201808751
-0.2009030921
-0.2000822188
-0.1994260644
-0.1993968903
-0.2020786725
-0.2016208147
-0.2009451295
-0.2002246675
-0.1995151957
-0.1988936886
-0.1986395094
-0.2010095212
-0.2006781797
-0.2002240006
-0.1996747596
-0.1990803469
-0.1983995517
-0.1978427427
-0.2003689663
-0.2000979964
-0.1997082705
-0.1992260584
-0.1986826224
-0.1979103398
-0.1970922908
-0.2000101641
-0.1997042298
-0.1993215145
-0.1988534911
-0.1983468438
-0.1975594397
-0.19653412
-0.1996251969
-0.1993168377
-0.1989422814
-0.1985611997
-0.1981613814
-0.1974107427
-0.1962729619
-0.1992091126
-0.198880989
-0.1985172347
-0.1982901141
-0.1981227227
-0.1974380752
-0.1962209573
-0.2090379169
-0.2087573215
-0.207964524
-0.207160275
-0.2065925158
-0.2058933244
-0.2047932449
-0.2090485287
-0.2084765854
-0.2078055087
-0.206839805
-0.2059093931
-0.2053373619
-0.2045531354
-0.2083661503
-0.2080843488
-0.2072690532
-0.2064626444
-0.2056100884
-0.2044540329
-0.203684029
-0.2079048421
-0.2074443263
-0.2067221852
-0.2059961089
-0.2050912756
-0.2039424558
-0.2032757056
-0.2074318057
-0.2068937995
-0.2061103184
-0.2052847445
-0.2044218808
-0.2036077327
-0.2030700157
-0.206923737
-0.2064432783
-0.2056204774
-0.2047469147
-0.2038605378
-0.2030975814
-0.2026765004
-0.20612217
-0.2057486558
-0.2050045172
-0.2040451856
-0.2031617497
-0.2024585782
-0.2023158705
-0.2052566967
-0.2048884144
-0.2041093674
-0.2031595944
-0.2023755862
-0.2018109753
-0.2019233623
-0.2042462131
-0.2038917617
-0.2031076752
-0.2022811993
-0.2015859941
-0.2011175281
-0.2012536399
-0.2030618553
-0.202730552
-0.2021431984
-0.2014927482
-0.2009121372
-0.200489459
-0.2004368994
-0.2018941693
-0.2016736739
-0.2012910457
-0.2008129354
-0.2003573271
-0.1998854847
-0.1995686637
-0.2011330061
-0.200952261
-0.2006288243
-0.2002314905
-0.1998300715
-0.1992815372
-0.1987555944
-0.2006506072
-0.2004175185
-0.2001062172
-0.19974486
-0.1993855813
-0.1988423161
-0.1981603074
-0.2001819042
-0.1999349498
-0.1996389498
-0.1993909677
-0.1991784372
-0.1987180853
-0.1979369889
-0.1997445456
-0.1994769158
-0.1992127355
-0.1991736558
-0.1992740794
-0.1989217859
-0.1979841357
-0.2103211675
-0.20978917
-0.2089019937
-0.2082049813
-0.2078773917
-0.207337933
-0.2062040531
-0.2102281916
-0.2095670196
-0.208802223
-0.2078933942
-0.2070998942
-0.2066410279
-0.205909873
-0.2097176032
-0.2092942991
-0.2083708317
-0.2075912555
-0.2068226584
-0.2057392227
-0.2050671274
-0.2093356459
-0.2086939771
-0.2078635028
-0.2071824953
-0.2063881007
-0.2052925241
-0.2047074311
-0.2088387822
-0.208123913
-0.207278613
-0.2065433682
-0.2058024973
-0.2050531737
-0.2045657161
-0.2083022118
-0.207676322
-0.2068382653
-0.2060986431
-0.205321343
-0.2046259915
-0.20423278
-0.2074200997
-0.2069343399
-0.2062317437
-0.2054211441
-0.2046508965
-0.2040140806
-0.2039038395
-0.2064385407
-0.2059641214
-0.2052473456
-0.2044684774
-0.2038210561
-0.2033397748
-0.2035158525
-0.2052996413
-0.2048323755
-0.204104538
-0.2034623291
-0.2029233618
-0.2025658505
-0.2028082981
-0.2039842697
-0.2035237397
-0.2029745597
-0.2025241192
-0.2021212072
-0.2018319809
-0.2019100516
-0.2026699141
-0.20229924
-0.2019374159
-0.201664898
-0.2014194724
-0.2011073162
-0.2009387084
-0.2017570288
-0.2014083749
-0.2010886405
-0.200893959
-0.2007354284
-0.2003844585
-0.2000320213
-0.2011449636
-0.2007427574
-0.2004230798
-0.2002509396
-0.2001594763
-0.1998539079
-0.1993792909
-0.2006299984
-0.2002206445
-0.1999011511
-0.1998293067
-0.199919552
-0.1997495853
-0.1991898239
-0.2002401508
-0.1998062085
-0.1995272462
-0.1996986303
-0.2001395735
-0.2001132169
-0.1993571777
-0.211142643
-0.2104973328
-0.2096406972
-0.2089906338
-0.2086619396
-0.2081225141
-0.2069819551
-0.2111919798
-0.2103544483
-0.2095602176
-0.2086085955
-0.2077631799
-0.2073574065
-0.2067224613
-0.2107172945
-0.2101317762
-0.2091176732
-0.2083014916
-0.2075484478
-0.2065297438
-0.2059598057
-0.2102911329
-0.2095628154
-0.2086750126
-0.2079832505
-0.2072768688
-0.2062218897
-0.2056667977
-0.2098467469
-0.2090554968
-0.2081595617
-0.2074497905
-0.2067996773
-0.2060928252
-0.2055743965
-0.2093334158
-0.2086643275
-0.2077859324
-0.2070960145
-0.2063899767
-0.2057230261
-0.205262428
-0.2084095357
-0.2079093877
-0.2071950724
-0.2064434015
-0.2057422874
-0.2051117269
-0.2049222502
-0.2073392061
-0.2068690789
-0.2061558503
-0.2054329451
-0.204866592
-0.2043959468
-0.2044956699
-0.2060715674
-0.2056168952
-0.2048886919
-0.2043323866
-0.2038801414
-0.2035416499
-0.2037223113
-0.2046049891
-0.2041548354
-0.2036187518
-0.2032486005
-0.2029417357
-0.2026965409
-0.2027371373
-0.2031132506
-0.2027568026
-0.2024185518
-0.2022068438
-0.2020728316
-0.2018383091
-0.2016804783
-0.2020488733
-0.2017061366
-0.2014016476
-0.201249117
-0.2012110467
-0.2009697727
-0.2007055623
-0.2013303071
-0.2008875955
-0.2005886246
-0.200467378
-0.2004849837
-0.2003172636
-0.2000115609
-0.2007909844
-0.2002680787
-0.2000009955
-0.2000110729
-0.2002056627
-0.2002004992
-0.1998444813
-0.2004356239
-0.1998675414
-0.1996707804
-0.1999765519
-0.2005554234
-0.2006939093
-0.2000965839
-0.2113857683
-0.2107769326
-0.2096594749
-0.2089750131
-0.208722819
-0.2082690022
-0.207214406
-0.2116114335
-0.2105253544
-0.2095615455
-0.2086334693
-0.2078074978
-0.2074481118
-0.2069391798
-0.2112076949
-0.2103045819
-0.2092223403
-0.2084643926
-0.207687167
-0.2066807072
-0.206219503
-0.2109041944
-0.2098537435
-0.2089532411
-0.208304274
-0.2075459489
-0.2064795154
-0.2060053954
-0.2105751042
-0.209482681
-0.208587669
-0.2078499313
-0.2071273898
-0.2064120756
-0.2059736993
-0.2101112442
-0.2091671222
-0.2083100351
-0.2075423151
-0.206746938
-0.2060721843
-0.2056807944
-0.2091560622
-0.208411587
-0.2077462199
-0.2068941681
-0.2061140535
-0.2054670477
-0.205321382
-0.2080437811
-0.2073370271
-0.206670561
-0.2058638794
-0.2052240268
-0.2047213175
-0.2048432468
-0.2066781033
-0.2059994561
-0.2053124781
-0.2046758948
-0.2041584401
-0.2037914
-0.2039807828
-0.2051050875
-0.2044003168
-0.2038991041
-0.2034714408
-0.2030965514
-0.2028293584
-0.202905914
-0.2034568287
-0.202833002
-0.2025157798
-0.2022776216
-0.2020923991
-0.20185033
-0.2017709714
-0.2022625406
-0.2016356023
-0.2012976367
-0.2011891301
-0.2011226115
-0.2008882621
-0.2007410107
-0.2014206542
-0.2006897312
-0.2003284135
-0.2002979146
-0.2003281012
-0.200178675
-0.2000173053
-0.2007345367
-0.2000336663
-0.1996755655
-0.1997759369
-0.2000349735
-0.2000823903
-0.1998693326
-0.2002291205
-0.1997240368
-0.1993617669
-0.1997402453
-0.2004573462
-0.2006845446
-0.2001644615
-0.2104873046
-0.2103446474
-0.2092407881
-0.2083086012
-0.2081130546
-0.2078948645
-0.207020492
-0.2109223221
-0.2103818666
-0.2091560325
-0.2080017668
-0.2072720588
-0.2070512404
-0.2066853008
-0.2108785503
-0.210364051
-0.2089310479
-0.2079462557
-0.2072443731
-0.2063308336
-0.2059327971
-0.2109129439
-0.2100512633
-0.2087292586
-0.2079523736
-0.2072187626
-0.206214195
-0.2057414163
-0.2108342374
-0.209764495
-0.2084470913
-0.2076628709
-0.2068977316
-0.2061645502
-0.2057150354
-0.2105304036
-0.2095230359
-0.2082829987
-0.2074724829
-0.2065897787
-0.205818271
-0.2053880656
-0.2096374998
-0.2087543645
-0.2077871528
-0.2068876363
-0.2059973929
-0.2052107527
-0.2050108411
-0.2084857053
-0.2076696156
-0.2066738292
-0.2058445565
-0.2051211877
-0.2044661858
-0.2044923446
-0.2070430436
-0.2062375577
-0.2052470257
-0.2045917399
-0.2040018153
-0.2034788678
-0.2035707278
-0.2053319528
-0.204548493
-0.2036809997
-0.2032497365
-0.202823946
-0.2024274286
-0.2024141338
-0.2034714079
-0.2028433439
-0.2021371614
-0.2018708449
-0.2016628484
-0.2013651004
-0.2012476187
-0.2020066979
-0.2015672354
-0.2008187924
-0.2005902041
-0.2005542018
-0.2003539997
-0.2002232779
-0.2009091796
-0.2005623578
-0.1998284528
-0.1995839168
-0.199673494
-0.1996034351
-0.1995200259
-0.1999672132
-0.1997732539
-0.1991806006
-0.1990410371
-0.1993292282
-0.1994924338
-0.1994087298
-0.1992411072
-0.1992281486
-0.1989262859
-0.199043244
-0.1997462422
-0.2001275036
-0.1997378646
-0.2075839836
-0.2088634337
-0.2082683038
-0.2075850085
-0.2071834871
-0.206880459
-0.2060546718
-0.2086346567
-0.2091455591
-0.2084077999
-0.2072200051
-0.2062843678
-0.2060205602
-0.2057485039
-0.2090260692
-0.2093475821
-0.2083591946
-0.2071714
-0.2062722782
-0.2053109076
-0.2049933997
-0.2096021079
-0.2093713802
-0.2083336939
-0.2071808105
-0.2063129817
-0.2053065756
-0.2048656609
-0.210006805
-0.2094086411
-0.2081322226
-0.2069527603
-0.2060822681
-0.2053518029
-0.2048829309
-0.2099650237
-0.2093857712
-0.208032515
-0.2068911675
-0.2058706719
-0.2050414984
-0.2044956969
-0.2092380019
-0.2087426504
-0.2075392657
-0.2063928887
-0.2053498122
-0.2044420813
-0.2040198502
-0.2080039199
-0.2076245178
-0.2065041156
-0.2053763083
-0.2044843935
-0.2037067965
-0.2034828593
-0.2065510961
-0.2061667272
-0.2049578749
-0.2040809162
-0.203373949
-0.2027090865
-0.202535962
-0.2046816859
-0.2043412561
-0.2033855062
-0.2026626171
-0.2021171331
-0.2015994686
-0.2013892675
-0.2025833379
-0.202414238
-0.2017896413
-0.2011613984
-0.2008286066
-0.2004373653
-0.2002181626
-0.2006317981
-0.2008088598
-0.2003763835
-0.1997938776
-0.1995865191
-0.1993019542
-0.1991555435
-0.1990415754
-0.1995343784
-0.1992126467
-0.198759207
-0.1986013445
-0.1984396689
-0.1983981963
-0.1977810145
-0.1985665208
-0.1984087467
-0.1981930388
-0.1981960067
-0.198274789
-0.1982456282
-0.1965452822
-0.1978434817
-0.1979786437
-0.1982362124
-0.1986560956
-0.1988957152
-0.1985265043
-0.1975894068
-0.2037028918
-0.2060444844
-0.2059870276
-0.205850613
-0.2054698258
-0.2044450179
-0.198957455
-0.2048483572
-0.2065495954
-0.2058432715
-0.2050217048
-0.2045680038
-0.2040529422
-0.1986276647
-0.205433538
-0.2067160878
-0.2059976104
-0.2051005536
-0.2038871941
-0.2033276481
-0.2015458449
-0.2066004862
-0.2070311881
-0.206245488
-0.2052696282
-0.2039397874
-0.2032615031
-0.2054440227
-0.207759309
-0.2071926825
-0.2061855403
-0.2051001661
-0.204078086
-0.2033932417
-0.2068365761
-0.2081767688
-0.2073730665
-0.2062265497
-0.2049211297
-0.2038273788
-0.2031063651
-0.206907889
-0.2077726299
-0.2070718315
-0.2057480945
-0.2043755264
-0.2032413066
-0.2026180796
-0.2050025895
-0.2065431055
-0.2059476386
-0.2047564962
-0.2035335446
-0.2024756511
-0.2020163753
-0.2041710101
-0.2051801016
-0.2044886312
-0.2034219693
-0.202385426
-0.2014858151
-0.2010762059
-0.2015836933
-0.2031648403
-0.2027613875
-0.2020040035
-0.2011490677
-0.2003316856
-0.1998792579
-0.1981549978
-0.2008366288
-0.2009341899
-0.2004617882
-0.1998607279
-0.1991238138
-0.1986168336
-0.1929437952
-0.1981528732
-0.1991817609
-0.1989663079
-0.1985909405
-0.1979368187
-0.1974961525
-0.1890417575
-0.1957645022
-0.1976881631
-0.1977085608
-0.1975038039
-0.1970316698
-0.196681301
-0.1885216465
-0.1944516165
-0.1966656153
-0.1969470985
-0.1970181619
-0.1968186323
-0.1964724172
-0.1870218214
-0.1929065618
-0.1958710584
-0.196761957
-0.1973736002
-0.1974259966
-0.1967879506
-0.1849084796
-0.1978682035
-0.2029700965
-0.2038994506
-0.203917084
-0.2035944772
-0.2024881648
-0.1849678229
-0.1991506657
-0.2039401953
-0.2039596196
-0.2032308863
-0.2028049328
-0.2021559348
-0.1851995559
-0.1999989231
-0.204439547
-0.2043036668
-0.2034801129
-0.2022451822
-0.2015381975
-0.188267254
-0.2022610939
-0.2052530913
-0.2047589433
-0.2038153224
-0.2023709621
-0.2014691652
-0.1915376951
-0.2048299588
-0.2057796399
-0.2049399369
-0.2038326836
-0.2025719795
-0.2016434538
-0.1945824273
-0.2059051799
-0.206084469
-0.2051037622
-0.2037605358
-0.2023557262
-0.2013130105
-0.1958904276
-0.2058286823
-0.205852955
-0.2046861587
-0.2032350778
-0.2017163703
-0.2008609351
-0.1927134101
-0.2046315956
-0.2047866464
-0.2036496966
-0.2023617811
-0.2010787756
-0.2002931042
-0.1931984219
-0.2031803779
-0.2032320122
-0.2023077433
-0.2012056798
-0.1999685291
-0.1992916039
-0.1894773327
-0.2008140683
-0.2013652559
-0.2007661839
-0.199904939
-0.1988493719
-0.1980460927
-0.1845996602
-0.1978577405
-0.1993982671
-0.1990908854
-0.1984986327
-0.1976209994
-0.1968701039
-0.1801336586
-0.1938748641
-0.197311498
-0.1973711366
-0.1970523658
-0.1963756741
-0.1957152066
-0.1762024251
-0.1904194836
-0.195356303
-0.1959246276
-0.1958156265
-0.1953710392
-0.1948763906
-0.1750871998
-0.1888685734
-0.194055732
-0.1950308739
-0.1952173183
-0.1950603886
-0.1946377866
-0.1748211555
-0.1872133052
-0.1928697138
-0.1947392662
-0.1954742934
-0.1955770544
-0.1949143941
-0.1766603694
-0.181023516
-0.1896946796
-0.1962114028
-0.1988408087
-0.2001228859
-0.1997049588
-0.178421437
-0.1824980158
-0.1917331765
-0.1970754402
-0.1988832998
-0.1997207462
-0.1997344528
-0.1820042326
-0.1852603801
-0.1930756818
-0.1979807152
-0.1994884277
-0.1994587848
-0.1992671733
-0.1864888319
-0.1893427955
-0.1963665939
-0.1997626839
-0.2005473188
-0.1999156758
-0.1993627415
-0.1893219918
-0.1946699289
-0.2003453232
-0.2017189948
-0.2014427826
-0.2005243696
-0.1997011038
-0.1905440424
-0.1978349674
-0.2024315926
-0.2028406602
-0.2019101579
-0.2006051737
-0.199597726
-0.1909891317
-0.2003079708
-0.2035634311
-0.2028428982
-0.2015351247
-0.2001367281
-0.1992020788
-0.1909414988
-0.2014905171
-0.2025958941
-0.2010756267
-0.2002047784
-0.1992409812
-0.1985040768
-0.1883312813
-0.1977287676
-0.2009251931
-0.2005242637
-0.1996078003
-0.1984860358
-0.1976506768
-0.1852969967
-0.1927740895
-0.1976677783
-0.1985552467
-0.1981792393
-0.1972133262
-0.1963263107
-0.1822106704
-0.1878199635
-0.1939061794
-0.1958778217
-0.1961879007
-0.1956086667
-0.1948710276
-0.1782616998
-0.1812912482
-0.1885201931
-0.1924060699
-0.1938354649
-0.1938820014
-0.1934928486
-0.1729807603
-0.1761515099
-0.1841407631
-0.189607906
-0.1918578413
-0.1925540374
-0.1924954742
-0.1686740766
-0.1727969789
-0.1821064377
-0.188220833
-0.1909830963
-0.1920632288
-0.1922091753
-0.1668061603
-0.1710187948
-0.1799979582
-0.1872305759
-0.1905595649
-0.1922319274
-0.192206396
-0.1758893377
-0.1814756379
-0.1884999208
-0.193646041
-0.1960670659
-0.1979199512
-0.1973299824
-0.1783203651
-0.1834104952
-0.1907839831
-0.1944828133
-0.1962367797
-0.1974166666
-0.1976849898
-0.1828754672
-0.1879182168
-0.1926576531
-0.1960388441
-0.1973165457
-0.1974273196
-0.1973228154
-0.1884377502
-0.1918646541
-0.1959542335
-0.1981498339
-0.1987355612
-0.198167865
-0.1975328114
-0.1920666153
-0.1955322855
-0.1995056429
-0.2002051309
-0.1998022951
-0.198863351
-0.1979243247
-0.1936951634
-0.1980773527
-0.2008478853
-0.2008615422
-0.2001300326
-0.1988661505
-0.197808175
-0.1937869608
-0.1982137652
-0.1989801578
-0.1985159907
-0.1989706107
-0.1982526327
-0.1972712305
-0.1912393094
-0.1924801097
-0.1890697712
-0.1903109917
-0.19459563
-0.1972308822
-0.1964999405
-0.1912833396
-0.1954866614
-0.1961886993
-0.1960650816
-0.1969913144
-0.1965568104
-0.1956517704
-0.1884066334
-0.1928738521
-0.1960054383
-0.1965777661
-0.196333948
-0.1954156268
-0.1944656948
-0.1847249931
-0.1885099122
-0.192977313
-0.1943615063
-0.1944382546
-0.1938481024
-0.1930149635
-0.1798740557
-0.1833403521
-0.1879377427
-0.1907725664
-0.1919060219
-0.192012544
-0.1915867168
-0.173495409
-0.1783633994
-0.1835543038
-0.1876542176
-0.1896306532
-0.1905134888
-0.1905369974
-0.1683306726
-0.1733807471
-0.1810241197
-0.1856447363
-0.1883242135
-0.1898540426
-0.1901633915
-0.1658931964
-0.1712555455
-0.1787776822
-0.1848034823
-0.1878669349
-0.190107329
-0.189865066
-0.1720127723
-0.1733409916
-0.1821456731
-0.1819605808
-0.1844074905
-0.1901714191
-0.1873976956
-0.1711216689
-0.1707956653
-0.1775769301
-0.1777374813
-0.1813437412
-0.185956271
-0.1876427436
-0.1766134998
-0.1786351144
-0.1835781519
-0.1855001234
-0.188003612
-0.1892944564
-0.1910900744
-0.1848607274
-0.1887451901
-0.1925902755
-0.1936703555
-0.1954834196
-0.1943151541
-0.1940525683
-0.1887232116
-0.192877475
-0.1966870353
-0.1970865856
-0.1975747505
-0.1960727362
-0.1950475037
-0.1905634378
-0.1949176201
-0.1974164787
-0.1964305147
-0.1960445715
-0.1948982607
-0.1941978218
-0.1909093425
-0.1941758183
-0.1912542555
-0.1879266371
-0.1876068623
-0.1899283434
-0.1907754574
-0.1882633561
-0.1873855513
-0.1826721516
-0.1865645322
-0.1898264369
-0.189946328
-0.1905923365
-0.1883186477
-0.1913586522
-0.1878331038
-0.1848015603
-0.1848529688
-0.1876582718
-0.1886482337
-0.1852785336
-0.1897529793
-0.1925240328
-0.1919956756
-0.1920619249
-0.1912765662
-0.1906807067
-0.1813824478
-0.1858746305
-0.1901904359
-0.1912452625
-0.192235515
-0.1910614934
-0.1901002223
-0.1762472793
-0.1803683689
-0.1847092752
-0.1864683465
-0.1888298365
-0.1883107421
-0.1881381459
-0.1674021712
-0.1696872755
-0.1749727749
-0.1776135856
-0.1807766204
-0.1827999782
-0.1845077958
-0.1613946443
-0.1613476401
-0.1684283795
-0.1695537667
-0.1739883245
-0.1789579253
-0.180581188
-0.1620783932
-0.1633741139
-0.1725517683
-0.1734677353
-0.1767069229
-0.1827713815
-0.1803336796
-0.1669016655
-0.1664276399
-0.1686934591
-0.1680786642
-0.1686855418
-0.1719788434
-0.174811078
-0.167306978
-0.1672432597
-0.1696675043
-0.1715183334
-0.1734697828
-0.1793236112
-0.1878069694
-0.1719701089
-0.1725278596
-0.1775255084
-0.1792208758
-0.1846017961
-0.187395687
-0.1921379086
-0.1780782173
-0.1792456894
-0.1845339791
-0.1856107628
-0.1901307591
-0.1905611565
-0.1934303947
-0.1816624229
-0.1832329969
-0.1874929672
-0.1884835917
-0.1916649333
-0.1916732282
-0.1936432597
-0.1839190506
-0.1848910466
-0.1873062139
-0.1873842924
-0.1884585106
-0.1915765388
-0.193210917
-0.1847079441
-0.1845536103
-0.1829422857
-0.1825488733
-0.1883105636
-0.1917264477
-0.1909976281
-0.1829726629
-0.1809658087
-0.181564645
-0.1883379042
-0.191366054
-0.1911651407
-0.1899089038
-0.1821539756
-0.182078282
-0.1805148867
-0.1803493555
-0.1863390491
-0.1897503096
-0.1890147022
-0.1788364517
-0.1801327442
-0.1827286522
-0.1831752406
-0.1844667944
-0.1879641951
-0.1897549767
-0.1746403892
-0.176661284
-0.1813114017
-0.182873291
-0.1864497834
-0.1865300298
-0.188683609
-0.1697984374
-0.1713997224
-0.1770147936
-0.1787657444
-0.1837173995
-0.1843309067
-0.1874941612
-0.1629668756
-0.1638755467
-0.1691727531
-0.171658354
-0.1775423935
-0.1805577497
-0.1856081748
-0.1578462735
-0.1581297213
-0.1610386467
-0.1638660083
-0.1664763669
-0.1722638011
-0.1808306515
-0.1573141707
-0.1570800079
-0.1598900974
-0.1603660905
-0.161717564
-0.1652395322
-0.1681235128
-0.1955079893
-0.1954229169
-0.1948668315
-0.1940942275
-0.1934077072
-0.1920817502
-0.1903907191
-0.1951098707
-0.1948146467
-0.1942292776
-0.1932984734
-0.1927828983
-0.19158439
-0.1900352307
-0.1948046724
-0.194547993
-0.1939859392
-0.1929212928
-0.1923380468
-0.1912143033
-0.1897307373
-0.1944828381
-0.19428746
-0.1938030615
-0.1929889728
-0.1920733938
-0.1909168189
-0.1898995846
-0.1945921145
-0.1943115779
-0.193773412
-0.1930378811
-0.1921146709
-0.1910250374
-0.1904314312
-0.1947484548
-0.1944493576
-0.194005492
-0.1930352289
-0.192120922
-0.1911358892
-0.1909128967
-0.194773622
-0.1945141172
-0.193905581
-0.1927579259
-0.1919276226
-0.1910452523
-0.1911106454
-0.1945957448
-0.1943150373
-0.1934691347
-0.1923522253
-0.1915479539
-0.1907298064
-0.1908566833
-0.1939269517
-0.1935178629
-0.1927070953
-0.1916820429
-0.1907929603
-0.1900104033
-0.1899918258
-0.1926206194
-0.192199521
-0.1915555059
-0.1905877289
-0.1896657286
-0.1888789449
-0.1885810533
-0.1910514204
-0.1908016311
-0.1902725222
-0.1893822218
-0.1885088817
-0.1876077953
-0.1869276279
-0.1898760081
-0.1896813494
-0.1892228915
-0.1884710283
-0.1876545992
-0.1865838327
-0.1855581462
-0.1892035565
-0.1889759651
-0.1885931728
-0.1879196956
-0.1871178077
-0.1860011935
-0.1848069035
-0.188862811
-0.1886217659
-0.1883633893
-0.1878010774
-0.1870619476
-0.1859979149
-0.1847727565
-0.1888418267
-0.1885979468
-0.188354801
-0.1879484913
-0.1873955626
-0.1864316854
-0.1852702592
-0.1960645305
-0.1956527146
-0.1951343767
-0.1943679366
-0.193659167
-0.1925484923
-0.190888364
-0.195723716
-0.1952201209
-0.19464916
-0.1937402463
-0.1929591399
-0.191937294
-0.190573365
-0.1951837097
-0.1947811775
-0.1943324331
-0.1934892243
-0.192552632
-0.1915396577
-0.1902362779
-0.1949092006
-0.1945191299
-0.1941170411
-0.1934776272
-0.1923657025
-0.191279132
-0.1902049803
-0.195003694
-0.1946143957
-0.1942169794
-0.1934936629
-0.1923977732
-0.1913229209
-0.1905985096
-0.1951591245
-0.1947464427
-0.1943398714
-0.1934301957
-0.1923704752
-0.1913746962
-0.1911076565
-0.1952151037
-0.1947966668
-0.1942092528
-0.1931312831
-0.1921308031
-0.1912528171
-0.1913548905
-0.1950502425
-0.194573211
-0.1937973875
-0.1926751233
-0.1916859956
-0.1909055642
-0.1910722422
-0.1942970267
-0.1937630387
-0.1929724214
-0.1919123508
-0.1909247336
-0.1901967034
-0.1901729963
-0.1928664984
-0.1923751246
-0.1917439326
-0.1907994122
-0.1898544793
-0.1890988353
-0.1887638836
-0.1912666547
-0.1909104653
-0.1904433139
-0.1896181218
-0.1887387081
-0.1878500901
-0.1871074935
-0.1901142876
-0.1898159833
-0.18945314
-0.1887196312
-0.1879085417
-0.1868921212
-0.1858370047
-0.1895089353
-0.1892611804
-0.1888833533
-0.1882175257
-0.187485221
-0.1864888367
-0.1853143197
-0.1891376648
-0.1889016645
-0.1885949239
-0.1881021473
-0.1874999268
-0.1865509237
-0.1853751679
-0.1890943884
-0.1888156202
-0.1886003812
-0.1882417355
-0.187763361
-0.1869886967
-0.1860323787
-0.1965594909
-0.1963118275
-0.1956556073
-0.1948760603
-0.1943379531
-0.1934869859
-0.1917440295
-0.1961342526
-0.1958436174
-0.1951458331
-0.1942516559
-0.1936033344
-0.1928535901
-0.1914460112
-0.1956436668
-0.1954572647
-0.1948924831
-0.1941257808
-0.1932247147
-0.192339131
-0.1910575721
-0.1954239965
-0.1951780848
-0.194690469
-0.1941447268
-0.1930431406
-0.191992069
-0.1909403351
-0.1955711148
-0.1952239604
-0.1947538855
-0.1941148997
-0.1930247268
-0.1919851278
-0.1912482125
-0.1957200592
-0.1953620539
-0.1948730575
-0.1940000473
-0.1929321071
-0.1919831113
-0.1916594327
-0.1957612791
-0.1954522073
-0.1947529035
-0.1936378479
-0.1926166385
-0.1917756318
-0.1917814604
-0.1955305071
-0.195183518
-0.194278784
-0.1930978515
-0.1921087577
-0.1913440381
-0.1913903566
-0.1946705822
-0.1942615642
-0.1933655962
-0.1922916397
-0.1913403025
-0.1906075956
-0.190494056
-0.1932045892
-0.1928368478
-0.1921196777
-0.1912001394
-0.1903024357
-0.1895321161
-0.1891874874
-0.1916391082
-0.1914236233
-0.1908392016
-0.1900733968
-0.1892252557
-0.1883280851
-0.1876409071
-0.1904705387
-0.1903360491
-0.189849172
-0.1891654243
-0.1883536841
-0.1873879661
-0.1864800253
-0.1898343095
-0.1896708144
-0.18927701
-0.1886308035
-0.1879231437
-0.1870763548
-0.1860928669
-0.1894374229
-0.1892262468
-0.1889776455
-0.1885079528
-0.1879946523
-0.1872195802
-0.1862178165
-0.1893348606
-0.1891241163
-0.1889438725
-0.1886468096
-0.1882935785
-0.1876895111
-0.1868953705
-0.1973616244
-0.1969860457
-0.1962060476
-0.1955327894
-0.1950625663
-0.1941727214
-0.1925599768
-0.1969168295
-0.1964816433
-0.1957634412
-0.1949809206
-0.1943344637
-0.1935408751
-0.1922597673
-0.1964669634
-0.1960613811
-0.1955327642
-0.1949095308
-0.1939545391
-0.1930031873
-0.19183063
-0.196289793
-0.1958552463
-0.1953575803
-0.1949284794
-0.1938021867
-0.1926916713
-0.1916813653
-0.1964566596
-0.1959785719
-0.1954356185
-0.1948684167
-0.193786468
-0.192678409
-0.1919188667
-0.1966471511
-0.1961639763
-0.1955430693
-0.1947037969
-0.1936393906
-0.1925927067
-0.1922241923
-0.1965988236
-0.1962054617
-0.1953802511
-0.194299806
-0.1932449286
-0.1922830198
-0.1922495392
-0.1962252895
-0.1958630383
-0.1948726519
-0.1937280927
-0.1926695908
-0.1917986935
-0.1918091756
-0.1953135415
-0.1949049752
-0.193978408
-0.1929335966
-0.1918921614
-0.1910939636
-0.1909637433
-0.1938696869
-0.1934645723
-0.1927703881
-0.1918651992
-0.1908970378
-0.1901022466
-0.1897690846
-0.1923334287
-0.1920295341
-0.1915104018
-0.1907468487
-0.1898718727
-0.1889703351
-0.1882972433
-0.1911332627
-0.1909347617
-0.1904963373
-0.1897801929
-0.1889618806
-0.1880189924
-0.1871437254
-0.1903583994
-0.1901905588
-0.1897975736
-0.1891176805
-0.1884413487
-0.1876612949
-0.1867041256
-0.1898198696
-0.1896119272
-0.1893140072
-0.1888700965
-0.1884330818
-0.1877233919
-0.1867454816
-0.1896222359
-0.1893686069
-0.1891758151
-0.1889397514
-0.1886721359
-0.1881084156
-0.1873429888
-0.1978927333
-0.1975754614
-0.1969219533
-0.196186277
-0.1957387308
-0.1949695179
-0.1934666585
-0.1974730373
-0.1970902522
-0.1965009717
-0.195656252
-0.1949923879
-0.1942954213
-0.1931512664
-0.1970957252
-0.1967790487
-0.1963299505
-0.1956530746
-0.1946955386
-0.1938116318
-0.192725096
-0.1970199949
-0.1966919498
-0.1962401677
-0.1957263609
-0.1945923374
-0.193544419
-0.1925840149
-0.1972503323
-0.1968310298
-0.1963260026
-0.1956863463
-0.194582694
-0.1935242846
-0.1928015394
-0.1974153575
-0.1969758885
-0.1963935675
-0.1954914979
-0.194418224
-0.1934119537
-0.1930553522
-0.1972717594
-0.1969447822
-0.1961753592
-0.1950497561
-0.1940067173
-0.1930851226
-0.1930388058
-0.1968507248
-0.1965594193
-0.1956063323
-0.194439015
-0.193421396
-0.1926015617
-0.1925945902
-0.1959906768
-0.195619902
-0.1947014152
-0.1936470227
-0.1926627392
-0.1919246412
-0.1918006467
-0.1946042469
-0.1942227031
-0.1935164706
-0.1926128681
-0.1917182105
-0.190985284
-0.1906762878
-0.1930485128
-0.1927817537
-0.1922433547
-0.1915102789
-0.1907210153
-0.1898646035
-0.1892105149
-0.1917848913
-0.1916265922
-0.1911632832
-0.1904959238
-0.1897399685
-0.1888255111
-0.1879722088
-0.1909062301
-0.1907514174
-0.1903322232
-0.1897035864
-0.1890683049
-0.188316292
-0.1873760247
-0.1902422908
-0.1900053042
-0.1897074584
-0.1892985521
-0.1888900497
-0.1882061213
-0.1872541096
-0.1899534853
-0.1896356229
-0.1894529581
-0.1892421821
-0.1890085669
-0.1884731738
-0.1877477882
-0.1983932796
-0.1980432625
-0.19742135
-0.1968822915
-0.1966414426
-0.1959543069
-0.1945031628
-0.1980432439
-0.1976563114
-0.1970733223
-0.1963987082
-0.1959027492
-0.1953036893
-0.194243471
-0.1978141992
-0.1975101383
-0.1970383104
-0.1964753876
-0.1956572797
-0.1948696543
-0.1938929843
-0.1978332916
-0.1975553726
-0.1970799461
-0.1966160247
-0.1956113559
-0.1946838185
-0.1938416071
-0.1981171786
-0.1977599695
-0.1972092674
-0.1966209981
-0.1956447575
-0.1947242286
-0.1941238463
-0.1982971501
-0.1979296528
-0.1972800939
-0.1964502402
-0.1955190728
-0.1946499319
-0.1944011337
-0.1981256239
-0.1978705937
-0.1970649092
-0.1960306762
-0.1951427384
-0.1943557988
-0.1943987925
-0.1976561935
-0.1974308644
-0.1964893191
-0.1954399715
-0.1945836569
-0.193898072
-0.1939855743
-0.1967915801
-0.196476084
-0.1955916475
-0.1946729685
-0.1938409946
-0.1932335738
-0.19323596
-0.195451875
-0.1950973754
-0.194428171
-0.19365909
-0.192898566
-0.192292196
-0.192140902
-0.1939088838
-0.1936296705
-0.1931366087
-0.1925317976
-0.1918643088
-0.1911289585
-0.1906451071
-0.1925645818
-0.1923658108
-0.1919730044
-0.1914241172
-0.1907764003
-0.1899800821
-0.1893025978
-0.1915367483
-0.191325671
-0.1909944091
-0.1904792671
-0.189952638
-0.1893241283
-0.1885505127
-0.1907153136
-0.1904290564
-0.190204323
-0.1899027028
-0.189616816
-0.1890799238
-0.1882994739
-0.1902980487
-0.1899543933
-0.1898247426
-0.189732401
-0.1896614919
-0.1893059019
-0.1887402669
-0.1987400056
-0.198324727
-0.1979486919
-0.1977119498
-0.1977275642
-0.1972993389
-0.1961238892
-0.1984672603
-0.1980058185
-0.1976419348
-0.1972319917
-0.1969672113
-0.1966455517
-0.1958713785
-0.1983967389
-0.1980133118
-0.197702924
-0.1973722248
-0.1967828504
-0.1962478506
-0.1955641081
-0.1985482809
-0.1981903551
-0.197848438
-0.1976108854
-0.1968594841
-0.1961593639
-0.1955925534
-0.198934577
-0.198454165
-0.1980272207
-0.1977065524
-0.1969967456
-0.1962954316
-0.1959510735
-0.1991629221
-0.198643972
-0.1981312359
-0.1976019461
-0.1969416049
-0.1962902458
-0.1962748821
-0.1989688972
-0.1985694518
-0.1979400754
-0.1972154506
-0.1965993938
-0.1960368497
-0.1962984687
-0.1984573975
-0.1981282493
-0.1973880547
-0.1966396977
-0.1960542288
-0.1956016193
-0.195906757
-0.1975919018
-0.1972109563
-0.1965282746
-0.19588824
-0.1953112052
-0.1949349611
-0.1951712726
-0.1962940858
-0.1958950087
-0.1954004822
-0.194871184
-0.194348682
-0.1939724348
-0.1940744314
-0.1947563068
-0.194444966
-0.1940897401
-0.1936860974
-0.1932521857
-0.1927543545
-0.1925393595
-0.1933342957
-0.1931203036
-0.192835044
-0.1924605257
-0.1920493827
-0.1915098724
-0.1911190165
-0.192179495
-0.1919615404
-0.1917235411
-0.1913765756
-0.1910946964
-0.1907473297
-0.1902679699
-0.1912455161
-0.1909408986
-0.1908009348
-0.1906804109
-0.1906656254
-0.1904518163
-0.1899586133
-0.1907549507
-0.1903681811
-0.1903469971
-0.1904788053
-0.1907239345
-0.1907206404
-0.1903915316
-0.1992606651
-0.1989298503
-0.1986807015
-0.1986547218
-0.1989513203
-0.198835938
-0.1979108926
-0.1989958923
-0.1986459034
-0.1984441656
-0.1982064411
-0.1981435221
-0.1981132091
-0.1976332571
-0.1990222035
-0.1987757928
-0.1986359876
-0.1984364868
-0.1980161152
-0.1977340044
-0.1973484502
-0.1993071223
-0.1990807353
-0.1989017254
-0.1987681445
-0.1982005471
-0.1977354366
-0.1974509677
-0.1998021851
-0.1994340079
-0.1991524765
-0.1989610258
-0.1984524731
-0.1979784469
-0.1978749486
-0.2000708983
-0.1996715895
-0.19931704
-0.1989439343
-0.1984802064
-0.1980450195
-0.1982251456
-0.1998519527
-0.1995786296
-0.1991350387
-0.1985792132
-0.1981516462
-0.1978028089
-0.1982428199
-0.1993151983
-0.1991068506
-0.1985449113
-0.1979601151
-0.1975661438
-0.1973399882
-0.1978343178
-0.1984589542
-0.1981889125
-0.1976499183
-0.1971579386
-0.1967768316
-0.1966376153
-0.1970841795
-0.1971954326
-0.1968857472
-0.1964958837
-0.1960925849
-0.1957633991
-0.1956307589
-0.1959661922
-0.1956569219
-0.1954046088
-0.1951222395
-0.1948355283
-0.1945958232
-0.1943426254
-0.1943795235
-0.1941611372
-0.1939663791
-0.1937504758
-0.1935116881
-0.1933033207
-0.1930131646
-0.1928846271
-0.1928771103
-0.1926514307
-0.1925076272
-0.1923413001
-0.1922800205
-0.1921821887
-0.1919477072
-0.191831049
-0.1915136703
-0.1914946163
-0.1916030811
-0.1918373235
-0.1918779474
-0.1915887464
-0.191292865
-0.1909076418
-0.1910237635
-0.1914260691
-0.1919629056
-0.1922219492
-0.1920153339
-0.1998103636
-0.1993236664
-0.1990550915
-0.1992491055
-0.199896526
-0.2001063715
-0.1993433993
-0.1995535733
-0.1990943707
-0.1988855856
-0.1988402149
-0.1990840193
-0.1993367935
-0.1990473983
-0.1996525205
-0.199324094
-0.1992107406
-0.1991894688
-0.1990413354
-0.1989824971
-0.1987774538
-0.200068707
-0.1997531811
-0.1996016774
-0.1996335939
-0.1993109957
-0.1990321362
-0.1989218216
-0.2006940545
-0.2002259793
-0.1999457774
-0.1999355369
-0.199637082
-0.1993132798
-0.1993644292
-0.2010387209
-0.2005525315
-0.2002085052
-0.2000102838
-0.199709845
-0.1993955489
-0.199701237
-0.2008121052
-0.2004619559
-0.2000686165
-0.1996718244
-0.1993698615
-0.1991262275
-0.1996863404
-0.2002244474
-0.199933832
-0.1994247453
-0.1990032688
-0.1987349797
-0.1986151237
-0.1992375633
-0.1993137413
-0.1989451984
-0.1984499135
-0.1981130062
-0.1978705436
-0.1978545932
-0.198446113
-0.1979987429
-0.1975731182
-0.1972125827
-0.1969668144
-0.196790306
-0.1967926898
-0.1972818154
-0.1963812347
-0.1960027656
-0.1957418267
-0.1956162121
-0.1955437822
-0.195432979
-0.1956372084
-0.1947676023
-0.1944442104
-0.1942487249
-0.194179073
-0.1941685398
-0.1940530343
-0.1940970882
-0.1933434781
-0.1930127473
-0.1928986084
-0.1929090464
-0.1930758666
-0.1931859058
-0.1931267103
-0.1922190964
-0.1918190848
-0.1918225751
-0.1920995711
-0.1925853027
-0.1928730684
-0.1927770501
-0.1916944124
-0.1912000452
-0.1913449936
-0.1919218082
-0.1927344052
-0.1932893181
-0.1932500122
-0.2000696283
-0.1994321891
-0.1992461227
-0.1995905401
-0.2003795038
-0.2007608338
-0.2001503039
-0.1998565547
-0.1992482204
-0.1991018353
-0.1991686457
-0.1995355334
-0.1999807845
-0.1998897137
-0.1999954631
-0.1995858104
-0.1995229569
-0.1995770462
-0.1995689665
-0.1996917645
-0.1996763456
-0.2005112674
-0.2001547144
-0.2000258479
-0.2001072959
-0.1999249583
-0.199809182
-0.1998672667
-0.2012604626
-0.2007455703
-0.2004361446
-0.2004882627
-0.2003118688
-0.2001249289
-0.2003013053
-0.2017037598
-0.2011601585
-0.2007588623
-0.2006161201
-0.2004160319
-0.2002113182
-0.2005915385
-0.2014970742
-0.2010981985
-0.2006503995
-0.2002946155
-0.200068154
-0.1999124144
-0.2005179651
-0.2008805636
-0.2005542432
-0.1999897688
-0.1995892944
-0.1993912913
-0.1993507316
-0.2000067635
-0.1999149782
-0.1995150724
-0.1989511267
-0.1986408474
-0.1984716264
-0.1985323773
-0.1991621175
-0.1985334628
-0.1980813131
-0.1976533061
-0.197407984
-0.1973054248
-0.1974000057
-0.197955054
-0.1968233019
-0.1964248637
-0.1960969558
-0.1959404366
-0.1959413923
-0.1959549788
-0.1962879239
-0.1951122096
-0.194751054
-0.1944818877
-0.1943702352
-0.1944466462
-0.1945027193
-0.1947469536
-0.1935763212
-0.1931620689
-0.1929863709
-0.1929780346
-0.193239025
-0.1935551585
-0.193753939
-0.1923601223
-0.1917992244
-0.1917705509
-0.1920794154
-0.1926790988
-0.1932046473
-0.1933804938
-0.1917627338
-0.1910828387
-0.1912273985
-0.1918849356
-0.1928655575
-0.193693031
-0.1938651626
-0.1998971142
-0.1993285535
-0.1989702139
-0.199384936
-0.2003098145
-0.2007604605
-0.2002111657
-0.1998633471
-0.199091557
-0.1988627545
-0.1989961112
-0.1994256174
-0.199933458
-0.1999478325
-0.2001466946
-0.1994602145
-0.1993818287
-0.199505252
-0.1994999105
-0.1996685544
-0.1997983209
-0.2007790155
-0.2001546979
-0.2000308681
-0.2001551664
-0.1999342838
-0.199846937
-0.2000759846
-0.2016243278
-0.2008572116
-0.2005714689
-0.2006038978
-0.2003715645
-0.2002095935
-0.200547802
-0.2021446467
-0.2013368207
-0.2009628881
-0.2007581845
-0.2004955979
-0.2003168511
-0.2008137027
-0.2019473983
-0.2012919853
-0.200879103
-0.2004278603
-0.2001389941
-0.2000001521
-0.2006745355
-0.2013389691
-0.2007461524
-0.2002042831
-0.1997121968
-0.1994382925
-0.1993895339
-0.2000992536
-0.2003400201
-0.1996754581
-0.1991195758
-0.1987103453
-0.1984622308
-0.1985129421
-0.1992044264
-0.198932583
-0.1981913086
-0.1977505263
-0.197412328
-0.1972205665
-0.1973116608
-0.1979799009
-0.1971449848
-0.1964437242
-0.1960753169
-0.1958415504
-0.1957703703
-0.1958049625
-0.1963183024
-0.1953228095
-0.19463082
-0.1942741585
-0.1941584398
-0.1941972317
-0.1943084327
-0.1947751628
-0.193602345
-0.1928545035
-0.1925785232
-0.1926312379
-0.1929297883
-0.1933414628
-0.193735277
-0.1921197929
-0.1913468136
-0.1912184233
-0.1916387724
-0.1923715759
-0.1930203622
-0.1932958024
-0.1912487845
-0.1906231864
-0.1906151779
-0.1914017958
-0.1925989409
-0.1935703229
-0.1937408198
-0.1989332565
-0.1988653668
-0.1985452821
-0.198691743
-0.1996178906
-0.2002022934
-0.1997617729
-0.199154945
-0.1989056488
-0.1984297094
-0.1982847648
-0.1987470616
-0.1993709416
-0.199490203
-0.1997371812
-0.1994431274
-0.1990013175
-0.1988636266
-0.1988844595
-0.1991295295
-0.1993546382
-0.2006246739
-0.2002251633
-0.1996911609
-0.199662767
-0.1994394255
-0.1993595857
-0.1996365561
-0.2016929809
-0.2009741697
-0.2002915017
-0.200264176
-0.199980278
-0.199750855
-0.2000859212
-0.2023567837
-0.201493982
-0.2007491996
-0.2005007994
-0.2001530421
-0.1998509949
-0.2002998812
-0.2022182017
-0.2014272777
-0.2007064674
-0.2001916781
-0.1997930622
-0.1995017814
-0.200119781
-0.2015994389
-0.2008872194
-0.2000034409
-0.1994551874
-0.1990781778
-0.1988664047
-0.1995083709
-0.2005757713
-0.1997668214
-0.1988915435
-0.1984270709
-0.1980708009
-0.1979585522
-0.1986187988
-0.1990918847
-0.1982636565
-0.1974435339
-0.1970648108
-0.1967881688
-0.1967514076
-0.1974174836
-0.1971572212
-0.1964484194
-0.1956800491
-0.1953906548
-0.1952752594
-0.1952587251
-0.1958072576
-0.1950805815
-0.1945666374
-0.1938021515
-0.1935595576
-0.1936204461
-0.1937839149
-0.1942940487
-0.1930514655
-0.1926719301
-0.1920517128
-0.191925023
-0.1922993152
-0.19281542
-0.1932215337
-0.1912249177
-0.1909807082
-0.1906631814
-0.1908872065
-0.1916806915
-0.1924391715
-0.1927320013
-0.1900686749
-0.1899676871
-0.1900403964
-0.1906041276
-0.1918290167
-0.1929173255
-0.193153345
-0.1962357136
-0.1974773756
-0.1975830639
-0.1978490359
-0.1984964989
-0.1989529248
-0.1985517123
-0.1969803281
-0.1976982185
-0.1976461037
-0.1973786077
-0.1975451812
-0.1981176717
-0.1983402458
-0.1979336742
-0.198453384
-0.1984014121
-0.1979924479
-0.197741237
-0.1979212435
-0.1982492773
-0.1992942274
-0.1995110696
-0.1992597112
-0.1988146526
-0.1984004004
-0.1982505921
-0.1985766174
-0.2008072089
-0.200540324
-0.1999126751
-0.1994736602
-0.1990457762
-0.1987444721
-0.199052077
-0.2016993108
-0.201237061
-0.2003807281
-0.1998033656
-0.199302493
-0.1989045797
-0.1992458997
-0.2016949358
-0.2012702098
-0.200304684
-0.1995406074
-0.1989975351
-0.1985887693
-0.1990329462
-0.2010155802
-0.2007132666
-0.1996832755
-0.1988235974
-0.1982909644
-0.1979819016
-0.1984535253
-0.2000313276
-0.1996139768
-0.1985021821
-0.1977956832
-0.1973212908
-0.1971019619
-0.1975908892
-0.1984339885
-0.1980284377
-0.197118454
-0.1964382979
-0.1960368265
-0.1959195951
-0.1964425619
-0.1963119743
-0.1960570037
-0.1953843285
-0.1947443412
-0.1944984034
-0.19441463
-0.1948246412
-0.1937987092
-0.1938982957
-0.1934695708
-0.192900627
-0.1927877851
-0.1928541374
-0.1932320404
-0.1912965532
-0.1917333874
-0.1915522178
-0.1912448917
-0.1913596046
-0.1917047353
-0.192037091
-0.1891097222
-0.1898226107
-0.1899268746
-0.1900622531
-0.1905482368
-0.1911405351
-0.1914670689
-0.1873858302
-0.1885311816
-0.1890123868
-0.1896921016
-0.1906286657
-0.1915555928
-0.1918490749
-0.1867318206
-0.1925521149
-0.1954681419
-0.196349588
-0.1971849162
-0.1974632676
-0.1968036316
-0.1877535304
-0.193597683
-0.1958844623
-0.1960829029
-0.196294664
-0.1965866082
-0.1965353972
-0.1880055329
-0.1947287016
-0.1968597588
-0.1968831632
-0.1965813867
-0.1964479603
-0.1965121936
-0.191584712
-0.196839797
-0.1980274241
-0.197921098
-0.1973535675
-0.1968395134
-0.1969215785
-0.1963534752
-0.1989021835
-0.1990102806
-0.1987447559
-0.1980595946
-0.1974049777
-0.1974630528
-0.1986120989
-0.2000125617
-0.1997319022
-0.1991740513
-0.198356712
-0.1976299267
-0.1977349208
-0.1993533114
-0.2002727478
-0.1998276046
-0.1989331828
-0.1980523796
-0.1973779768
-0.1975707998
-0.1980589371
-0.1996293683
-0.1991305031
-0.1982468025
-0.1974026426
-0.1967965821
-0.1969942859
-0.1977242662
-0.1986684329
-0.1980694734
-0.1972039028
-0.1964312462
-0.1959738687
-0.1961604005
-0.1954449874
-0.1969295542
-0.1965777462
-0.1958849796
-0.1951970146
-0.1947805145
-0.1949614642
-0.1920657756
-0.1946082302
-0.1946661999
-0.1941768942
-0.1936624953
-0.1932114587
-0.1932422113
-0.186419196
-0.1914497811
-0.1924499607
-0.1922035321
-0.1919039647
-0.1915435302
-0.1915875173
-0.1818237749
-0.1882554471
-0.1901968174
-0.1902863835
-0.190312414
-0.1903038454
-0.1903720715
-0.180305693
-0.1859239213
-0.1882743995
-0.1888670255
-0.1893656339
-0.1896824208
-0.1897489472
-0.1782610355
-0.1838150011
-0.1869853954
-0.1882492537
-0.1892797564
-0.1900404885
-0.1900585713
-0.1745645171
-0.1869011095
-0.1925215007
-0.1943947893
-0.1953453763
-0.1956533598
-0.1949448164
-0.1743989603
-0.1881111186
-0.1933948608
-0.1943300789
-0.1946410867
-0.1949063566
-0.1947221363
-0.175221117
-0.1895022507
-0.1946786281
-0.1952710816
-0.1950455847
-0.1948902502
-0.1947402253
-0.1788881713
-0.1926475067
-0.1963141731
-0.196479572
-0.1959325419
-0.1953855197
-0.1951885405
-0.182965891
-0.1960296501
-0.197662712
-0.197551005
-0.1968162145
-0.196003693
-0.1957639824
-0.1867609525
-0.197790477
-0.1985169733
-0.1981278667
-0.197244971
-0.1962273802
-0.1959245465
-0.1886915024
-0.1983977873
-0.1987059269
-0.1979807064
-0.1970030781
-0.1959191999
-0.1957675496
-0.1861885122
-0.1978119958
-0.1980898059
-0.1972855147
-0.1963763749
-0.1954761317
-0.1952211562
-0.1871561649
-0.1968106229
-0.1969727701
-0.1962802417
-0.1954501237
-0.1945674666
-0.194365124
-0.1837734378
-0.1947563015
-0.1953844215
-0.194886585
-0.1941920162
-0.1934566943
-0.1931962516
-0.1789893081
-0.1918303349
-0.1933364109
-0.193035946
-0.1925277001
-0.1918813151
-0.1916319881
-0.1741499447
-0.1874252908
-0.1907719278
-0.1907992475
-0.1905629435
-0.1901669059
-0.1900093742
-0.1695664941
-0.1832711725
-0.1880695441
-0.1886975238
-0.1888596922
-0.188886594
-0.1887554233
-0.1675974971
-0.1807540487
-0.1859100111
-0.1871650926
-0.1878112354
-0.1881510238
-0.1879623808
-0.1667483891
-0.1785098158
-0.1841655989
-0.1863142144
-0.1875495943
-0.1883268927
-0.1882061875
-0.1665607927
-0.1707770703
-0.179780851
-0.1869925681
-0.1904636207
-0.1923033595
-0.1922650602
-0.1680404991
-0.1721937944
-0.1816789694
-0.1877313535
-0.1905467798
-0.1920022178
-0.1923681571
-0.1720739022
-0.1753993767
-0.1837259159
-0.1891760195
-0.1912608199
-0.1922727977
-0.1924653613
-0.177167819
-0.1802761545
-0.1877374276
-0.1916455302
-0.1928369539
-0.1930927003
-0.1930704934
-0.1808002284
-0.1862721392
-0.192401887
-0.1944154228
-0.1945696343
-0.1941189598
-0.1938184172
-0.1828131188
-0.1900214312
-0.1949646532
-0.1959406774
-0.1955371659
-0.1946010635
-0.1941649823
-0.1839428938
-0.193094876
-0.1964789216
-0.1962088892
-0.1954292929
-0.1944059095
-0.1940351152
-0.1844283631
-0.1947832468
-0.1960073119
-0.1948297699
-0.1943304248
-0.1936709606
-0.1933709854
-0.1824025184
-0.1914992957
-0.1948134206
-0.1946042779
-0.1939025619
-0.193069636
-0.1926640926
-0.1798075265
-0.1870198585
-0.1918963314
-0.1928496383
-0.1925373821
-0.1918256857
-0.1914501135
-0.1767707949
-0.1821736196
-0.1881577442
-0.1900983437
-0.1903643764
-0.1899599976
-0.1896638568
-0.1724417471
-0.1753460979
-0.1824415358
-0.1862339142
-0.1876042817
-0.1878369506
-0.1878253382
-0.1666180163
-0.169698605
-0.1775865101
-0.1829750811
-0.1852631736
-0.186240803
-0.1864021712
-0.1617264068
-0.1656591989
-0.1747860916
-0.1809825627
-0.1839289693
-0.1853135291
-0.1857064866
-0.1593893645
-0.1633915195
-0.1722251959
-0.1795488702
-0.1830897262
-0.1851489518
-0.1857443747
-0.1657018224
-0.1710730692
-0.1786452011
-0.1846506574
-0.1878534366
-0.1902274391
-0.1899421536
-0.167860289
-0.1729913998
-0.1808310913
-0.1853780805
-0.1880979665
-0.1899237926
-0.1903378522
-0.1728283198
-0.1778590366
-0.1833801799
-0.1874963683
-0.1893105353
-0.1904114958
-0.1905287118
-0.1790272208
-0.1825881926
-0.187336339
-0.1902104683
-0.1911710683
-0.1913570299
-0.1911647284
-0.1834845596
-0.1871544219
-0.1916394026
-0.1930115917
-0.1929828442
-0.1923976855
-0.1918962582
-0.1859659453
-0.1902998626
-0.1934748132
-0.1940815447
-0.1937754422
-0.1927859492
-0.1922063356
-0.1868285483
-0.1910662504
-0.19200424
-0.1919863104
-0.1929158807
-0.192509606
-0.1919855705
-0.184822083
-0.1861424526
-0.183004675
-0.1844074259
-0.1888874385
-0.191751385
-0.191351292
-0.1851798919
-0.1894912138
-0.1903966617
-0.1903894764
-0.1913509514
-0.1912401885
-0.1906455274
-0.1828067626
-0.1872378617
-0.1903631187
-0.190913538
-0.1907216261
-0.1901387169
-0.1895514548
-0.1792704419
-0.1829480781
-0.1873721773
-0.1886486581
-0.188725267
-0.1883749468
-0.1878464715
-0.1741543452
-0.1776089868
-0.1821307743
-0.1847894824
-0.1858753114
-0.1861944234
-0.1860760741
-0.1673828976
-0.1721894744
-0.1773692702
-0.1812992049
-0.183268725
-0.184459269
-0.1846850884
-0.1617615993
-0.1666658012
-0.174170154
-0.1788036217
-0.1816174206
-0.1834195231
-0.1838459575
-0.158887618
-0.1640746563
-0.171540034
-0.177507373
-0.1805600665
-0.1832612386
-0.1835623415
-0.1619899863
-0.1633101209
-0.1725153527
-0.1733825543
-0.176737465
-0.1828827119
-0.1804244978
-0.1611571963
-0.1611739585
-0.1684416001
-0.1693855537
-0.173784516
-0.178962961
-0.1807450131
-0.1670600388
-0.1694296586
-0.1750191612
-0.1775394996
-0.1804707873
-0.1826552498
-0.1845028894
-0.1756750346
-0.1797584848
-0.1842256676
-0.1860040866
-0.1881553016
-0.1876219059
-0.1876268371
-0.1802800811
-0.1846224084
-0.1889254964
-0.1899164214
-0.1908108225
-0.1895431142
-0.1888141637
-0.1829497267
-0.1873042133
-0.1901665739
-0.1896269886
-0.189588342
-0.1885848568
-0.1882431327
-0.1840560491
-0.187171984
-0.1842312907
-0.1813429428
-0.1813453016
-0.1838076609
-0.1849888695
-0.1819848229
-0.1812234948
-0.1768088243
-0.180834383
-0.184237916
-0.1844353154
-0.1852719524
-0.1823630119
-0.1855796559
-0.1827922177
-0.1799933269
-0.1801347808
-0.1827439527
-0.1838306962
-0.1797864424
-0.184229908
-0.1870601155
-0.1866409267
-0.1867952346
-0.1860501591
-0.1856987998
-0.1760815472
-0.1804603182
-0.1847218151
-0.1857592531
-0.1867382637
-0.1855669431
-0.1848047569
-0.1708463525
-0.1748525644
-0.179095909
-0.1807494146
-0.1830614194
-0.1826341162
-0.1825519074
-0.1618303582
-0.1640338731
-0.1692216821
-0.1717731135
-0.1749842575
-0.1771599808
-0.1788243425
-0.1553659556
-0.1554052932
-0.1623179713
-0.1636180304
-0.1681436536
-0.1729893734
-0.1746121341
-0.1553752798
-0.1568968156
-0.1658478973
-0.1668797462
-0.1703679981
-0.1766114718
-0.1745260017
-0.1572108722
-0.1569517157
-0.159848743
-0.1603418895
-0.1617740945
-0.1653268207
-0.1682574845
-0.1577089414
-0.1579530034
-0.1610102529
-0.1637426927
-0.1664167861
-0.1723057807
-0.1807809353
-0.162805235
-0.1636921837
-0.1692251284
-0.1715864845
-0.1772476459
-0.1805603723
-0.1853993522
-0.1694062384
-0.1708981391
-0.1766933141
-0.1784169479
-0.1829793094
-0.183698324
-0.1869001519
-0.1735974905
-0.1754530041
-0.1801379936
-0.1816396224
-0.1850212488
-0.1850243016
-0.1873394824
-0.1765423457
-0.1777770614
-0.1805024737
-0.1808359769
-0.1820043732
-0.1852774835
-0.1873553538
-0.178011362
-0.1780609315
-0.176746686
-0.1765493253
-0.1822618276
-0.1856701597
-0.1853941648
-0.1768386435
-0.1750049415
-0.1757723115
-0.1825169114
-0.1855801369
-0.185538927
-0.1847126605
-0.1764123315
-0.1764297467
-0.175107847
-0.1751319731
-0.1809952366
-0.1845030078
-0.184253569
-0.1735592361
-0.1748557055
-0.1775288831
-0.1780789648
-0.1794392137
-0.1827417493
-0.1849707224
-0.1695991991
-0.1715585269
-0.1760678322
-0.177579579
-0.1810543278
-0.1811731963
-0.1836548551
-0.1647484863
-0.1662304739
-0.1716479956
-0.173346539
-0.1781261252
-0.1787793041
-0.1821515963
-0.1577530743
-0.1586378572
-0.1636480546
-0.1660953612
-0.1719150169
-0.1749576714
-0.1800842329
-0.1520872973
-0.1526758913
-0.1555231265
-0.1582808402
-0.1609286161
-0.166724624
-0.1752697707
-0.1505938941
-0.1508585622
-0.1539003279
-0.1546265064
-0.1561162779
-0.1595574809
-0.1628965758
-0.2015602456
-0.2013790745
-0.2007287671
-0.1994511848
-0.1982355088
-0.196937717
-0.1952420744
-0.201449411
-0.2012619223
-0.2003691999
-0.1992959927
-0.1984240938
-0.1967787952
-0.195043502
-0.2008524128
-0.2005424735
-0.1998348557
-0.1985376709
-0.197532654
-0.1962567949
-0.194575296
-0.2003123507
-0.2000792908
-0.1993380621
-0.1980931865
-0.196959698
-0.195736264
-0.1944280418
-0.1997885706
-0.1994726408
-0.1987110965
-0.1977316705
-0.196776563
-0.1955593704
-0.1944388146
-0.1996484234
-0.1992428487
-0.1985992701
-0.1975218287
-0.1964902944
-0.1952376498
-0.1943783401
-0.1996727523
-0.1993676246
-0.1986444916
-0.1974132292
-0.1963501436
-0.1951857204
-0.1946505762
-0.1998882636
-0.1996636699
-0.1988015769
-0.1975632536
-0.1965179772
-0.1954439878
-0.1950483174
-0.2002091213
-0.1998739828
-0.1990381844
-0.1977506734
-0.1966126588
-0.1955709045
-0.1950756825
-0.2004097843
-0.2000207477
-0.1992216695
-0.197901822
-0.1966795275
-0.1955976528
-0.1948440029
-0.2006336684
-0.2003141123
-0.199511736
-0.1982853597
-0.1969903341
-0.1956992149
-0.1946073039
-0.2010698594
-0.2007323486
-0.1999986969
-0.1989343675
-0.197523783
-0.1959440991
-0.1944678135
-0.201659205
-0.2013070334
-0.2006478007
-0.1995953211
-0.1980707423
-0.196348071
-0.194506214
-0.2021442251
-0.2018226484
-0.201260958
-0.200070178
-0.1983899736
-0.1965320448
-0.1944941608
-0.2022262209
-0.201875123
-0.2012617601
-0.2000053644
-0.1983207685
-0.1961888768
-0.1941219606
-0.2025911005
-0.2020402379
-0.2013547029
-0.2002751207
-0.1990440818
-0.1975403042
-0.1958466694
-0.2020648175
-0.2018038831
-0.201018843
-0.1999322947
-0.1988889741
-0.1972480693
-0.1955706025
-0.201699445
-0.2011903713
-0.2004300692
-0.199245072
-0.1980577295
-0.196785869
-0.1951065397
-0.2009508934
-0.2004750597
-0.1998789509
-0.1987981934
-0.1974978221
-0.1962611336
-0.1949235632
-0.2003956269
-0.1999064443
-0.1992611299
-0.1983280196
-0.1971003396
-0.1958367894
-0.1947511535
-0.2002337493
-0.1997163946
-0.1990066227
-0.1980008632
-0.1967722812
-0.1955276276
-0.1947104084
-0.2002980866
-0.199818117
-0.1990925337
-0.1979390247
-0.1967166408
-0.1955835604
-0.1950806249
-0.200498169
-0.20008079
-0.1992746629
-0.1980356532
-0.1968213021
-0.1957695115
-0.1953912964
-0.2007244412
-0.2002491598
-0.1993979636
-0.1981191316
-0.1968828924
-0.1958715504
-0.1953299945
-0.2009313211
-0.200392756
-0.1995832034
-0.1982954554
-0.1970289166
-0.1960163249
-0.1951897602
-0.2011866293
-0.2007087301
-0.1999618852
-0.1986970418
-0.1973900508
-0.196210168
-0.1950992244
-0.2016028873
-0.2011934388
-0.20057074
-0.199347809
-0.1979119281
-0.1964082174
-0.1949757788
-0.202219739
-0.2019085899
-0.2012381902
-0.2001227971
-0.1985428706
-0.196731127
-0.1949277342
-0.2027415717
-0.202484781
-0.2017919781
-0.2006982213
-0.1990577469
-0.1970666012
-0.1949051749
-0.2031215471
-0.2026716193
-0.2019405101
-0.2007384276
-0.1991417992
-0.1969038204
-0.1945475507
-0.2033874192
-0.2031669565
-0.202475768
-0.2012723196
-0.2000661994
-0.1987935589
-0.1970935538
-0.2030714492
-0.2029143525
-0.2019769612
-0.2009160485
-0.199918151
-0.1984406448
-0.196797581
-0.2024868347
-0.2021263748
-0.2013602779
-0.2003433017
-0.1991380644
-0.1978634842
-0.1962147941
-0.2017523896
-0.2013899237
-0.2006927374
-0.1997112647
-0.1983669564
-0.1971578954
-0.1958769872
-0.2012926747
-0.2008275022
-0.2000020842
-0.1991313014
-0.1979057436
-0.1967036346
-0.1956661038
-0.2010669208
-0.2006393041
-0.1998082026
-0.1988120367
-0.1975858261
-0.1963854721
-0.1956126224
-0.2010248271
-0.2007024131
-0.1998758736
-0.1986809998
-0.1974471849
-0.1963208007
-0.1958350944
-0.2011609284
-0.2008741521
-0.1999459646
-0.198694417
-0.1975003982
-0.1964354983
-0.1960098405
-0.2013449066
-0.2009876485
-0.1999942668
-0.1987440577
-0.1975685403
-0.1965434533
-0.1959470033
-0.2015265054
-0.2011358044
-0.2001762976
-0.1989338417
-0.1977126329
-0.1966666925
-0.1958790503
-0.2018594273
-0.2015302891
-0.2006093395
-0.1994553952
-0.1981374747
-0.1968658489
-0.1958615122
-0.2023712497
-0.2021051841
-0.201357428
-0.2002730609
-0.1987596873
-0.1971019536
-0.1957851043
-0.2030800187
-0.2027530953
-0.2021369355
-0.2010999074
-0.1994211262
-0.1974750384
-0.1957718596
-0.203648366
-0.203261342
-0.2027023313
-0.201609753
-0.1999409446
-0.1979583878
-0.1958712339
-0.2040120445
-0.2035395373
-0.2028265939
-0.2016387135
-0.2000995314
-0.1979463566
-0.1955637406
-0.2047029467
-0.2043113792
-0.2035092839
-0.2024022669
-0.2012103195
-0.1999254549
-0.1983082279
-0.2043535007
-0.2040031255
-0.2029972323
-0.2020480457
-0.2010435626
-0.1995297832
-0.1979704863
-0.2037328847
-0.2032347953
-0.2023572542
-0.2014252013
-0.2001670722
-0.1988602662
-0.1973095227
-0.203005924
-0.2025608639
-0.2016716573
-0.2008090137
-0.1994501598
-0.1981594457
-0.1969563647
-0.2024403634
-0.201990519
-0.2010344747
-0.2002476967
-0.1990138554
-0.1977355735
-0.1967665211
-0.2021962631
-0.2017174196
-0.2008192518
-0.1998837195
-0.1986389621
-0.1973847744
-0.196682004
-0.2021292766
-0.2017245978
-0.2008258919
-0.1996620765
-0.1983909101
-0.1972404398
-0.1968366661
-0.2022154499
-0.2018834983
-0.2008611806
-0.1996007161
-0.1983441994
-0.1972937681
-0.1969987767
-0.2023626501
-0.2019642073
-0.2009261658
-0.1996576675
-0.1983929486
-0.1973950461
-0.1969767384
-0.2025051383
-0.202063948
-0.2011492897
-0.199884401
-0.1985621312
-0.1975323958
-0.1969091675
-0.2028016413
-0.2024225706
-0.2016003101
-0.2003987411
-0.1990181456
-0.1977780446
-0.1968714498
-0.2033272491
-0.2030685627
-0.2023741187
-0.2011942555
-0.1996918204
-0.1981062496
-0.1968294029
-0.2040609963
-0.203815116
-0.2031674461
-0.2020034795
-0.2003711423
-0.1985445735
-0.1968753236
-0.2046454156
-0.2043348752
-0.2036542176
-0.2024860073
-0.2008775491
-0.1990627585
-0.1970745648
-0.2049878141
-0.2045366575
-0.2037665698
-0.202539509
-0.2010429318
-0.1990523557
-0.1967541363
-0.2058381197
-0.2053672873
-0.2045891353
-0.2034200414
-0.2022630113
-0.2010756431
-0.1995125856
-0.2053295194
-0.20505828
-0.2041015511
-0.203054623
-0.2020366507
-0.2006637761
-0.1992230359
-0.2048026104
-0.2043696421
-0.2035163238
-0.202486194
-0.2012207082
-0.2000581389
-0.1986483188
-0.2041260067
-0.2037203359
-0.2029000577
-0.2019436637
-0.2005942851
-0.1994386187
-0.1983830417
-0.2035624132
-0.20311313
-0.2022552739
-0.2013919033
-0.2001630679
-0.1990147379
-0.1981881756
-0.2032782717
-0.2028131996
-0.2019845153
-0.2009851635
-0.199743961
-0.198595433
-0.1980088313
-0.2031756246
-0.2028020157
-0.2019329764
-0.2007019657
-0.1994405579
-0.1983714941
-0.1980516693
-0.2032504815
-0.2029332519
-0.2019072278
-0.200593512
-0.1993628797
-0.1983770338
-0.1981440332
-0.2033998437
-0.2030062833
-0.2019394571
-0.2006626091
-0.1994525552
-0.1984971771
-0.1981122709
-0.2035236186
-0.2031266567
-0.2021647932
-0.2009244081
-0.1996891946
-0.1986903581
-0.198048853
-0.2037882436
-0.2034646561
-0.2025782486
-0.2014227248
-0.2001676557
-0.1989708732
-0.1980067704
-0.2043284354
-0.204065748
-0.2032763219
-0.2021833246
-0.2008419327
-0.1993190807
-0.1979748937
-0.2050645235
-0.2047787511
-0.2040243165
-0.2029545078
-0.2014665338
-0.1997166096
-0.1980115272
-0.2055782695
-0.205207377
-0.2044782546
-0.2033717865
-0.201872202
-0.2001418497
-0.1981815772
-0.2058834554
-0.2053287698
-0.2045567479
-0.2034088334
-0.2020101291
-0.2000883745
-0.1978102042
-0.2068217981
-0.2063618634
-0.2055438813
-0.2044997558
-0.2035090701
-0.2024162052
-0.2009111512
-0.2064090309
-0.2061664616
-0.2051259503
-0.2041508063
-0.2033196059
-0.2020827758
-0.2007089703
-0.2059675091
-0.2055109667
-0.2046003953
-0.2036423844
-0.2025739142
-0.2015574175
-0.2002437014
-0.2052886732
-0.2048850056
-0.2040294556
-0.2031309008
-0.2019601479
-0.2009558345
-0.2000020632
-0.2047680611
-0.204335974
-0.2033977431
-0.2025729028
-0.2014759779
-0.2004729426
-0.1997427936
-0.2045126011
-0.204074269
-0.2031368194
-0.202159549
-0.20101086
-0.1999825799
-0.1994863819
-0.2044061182
-0.2040657696
-0.2031149077
-0.2019063375
-0.2007204724
-0.1997345287
-0.199489224
-0.2044398412
-0.2041651019
-0.2030959479
-0.2018266406
-0.2006738134
-0.1997484732
-0.1995779188
-0.2045398943
-0.2041733714
-0.2030868843
-0.201896401
-0.2007854401
-0.1998874023
-0.1995586977
-0.2046546476
-0.2042467141
-0.2032871367
-0.202155425
-0.2010248362
-0.2000851179
-0.1994975442
-0.20492094
-0.2045459481
-0.2036789106
-0.2026170466
-0.2014625269
-0.2003408154
-0.1994399456
-0.2054195555
-0.2050499603
-0.2043103556
-0.2033092262
-0.2020819231
-0.2006639362
-0.1993993121
-0.2060512866
-0.2056228718
-0.2049655978
-0.2040069053
-0.2026427293
-0.2010134519
-0.199410568
-0.2063878316
-0.205924656
-0.2053265745
-0.2043450289
-0.2029554844
-0.2013536838
-0.1995252094
-0.2064906769
-0.2059811076
-0.2053481049
-0.2043531722
-0.2030774237
-0.2012856237
-0.1991290832
-0.2079192467
-0.2073673854
-0.2066598327
-0.2057731329
-0.2049648543
-0.2041305029
-0.202889173
-0.207550391
-0.2070979576
-0.2061405972
-0.2053522566
-0.2047380727
-0.203717585
-0.202590775
-0.2070231872
-0.2064418239
-0.2056521007
-0.2048782153
-0.2040058171
-0.2031552609
-0.2020318807
-0.2063927077
-0.2058738661
-0.2051181366
-0.2044057251
-0.2034233517
-0.2025651021
-0.2017510436
-0.2059467738
-0.2053742012
-0.2044941369
-0.203855552
-0.2029501753
-0.2020989689
-0.2014921711
-0.2057353719
-0.2051160947
-0.2042365058
-0.20345635
-0.2024969562
-0.2016304845
-0.201261264
-0.2056296684
-0.205098221
-0.2042353914
-0.2032364892
-0.2022364209
-0.201409927
-0.2012920735
-0.2056290942
-0.2052027868
-0.2042486782
-0.2031754943
-0.2022039472
-0.2014344141
-0.2013840024
-0.2056784238
-0.205202333
-0.2042473441
-0.203237621
-0.2023070467
-0.201565667
-0.2013521394
-0.2057649839
-0.2052797556
-0.2044496514
-0.2034756727
-0.2025277488
-0.2017519273
-0.2012798539
-0.2060135663
-0.2055951032
-0.2048268054
-0.2038870964
-0.2029197682
-0.201979731
-0.2012101467
-0.2064574485
-0.2060822965
-0.2053997399
-0.2044986693
-0.2034738484
-0.2022797689
-0.2011868824
-0.206986605
-0.2065871199
-0.205975064
-0.2051291877
-0.2039799761
-0.2026151041
-0.2012471652
-0.2072332654
-0.206824432
-0.206270674
-0.2054212094
-0.2042623257
-0.2029809413
-0.2014457702
-0.2072945259
-0.2068180593
-0.2063015065
-0.2054625613
-0.2044454905
-0.2030277613
-0.2011541943
-0.2092188224
-0.2086267286
-0.2079356913
-0.2071525812
-0.2065406667
-0.2059340374
-0.2048331089
-0.2086472051
-0.2082757098
-0.2074056332
-0.2066931226
-0.2061706693
-0.2053170244
-0.2044055402
-0.2081636644
-0.2076732303
-0.2069652366
-0.2062012052
-0.2053683889
-0.2046585956
-0.2037622479
-0.2076096649
-0.2071580694
-0.206461577
-0.2057428532
-0.2048142
-0.204117708
-0.2035164646
-0.2071967157
-0.2066894198
-0.2058557985
-0.2052392871
-0.2044352707
-0.2037611961
-0.203337545
-0.2069904294
-0.2064289135
-0.2056105008
-0.2048932165
-0.2040606324
-0.2033776001
-0.2031595154
-0.2068647707
-0.2063905242
-0.2056159266
-0.2047022171
-0.2038348096
-0.2031905043
-0.2032079186
-0.2068484088
-0.2064918958
-0.2056390832
-0.2046428656
-0.2038094326
-0.2032301322
-0.2033171325
-0.2068758716
-0.2064868756
-0.2056251294
-0.2046944684
-0.2039185122
-0.2033761818
-0.2033060692
-0.2069299442
-0.2065259752
-0.2057723166
-0.204894167
-0.2041226876
-0.2035503205
-0.2032298176
-0.2071343067
-0.2067723839
-0.2060531095
-0.2052269577
-0.2044521789
-0.2037158673
-0.203116128
-0.2075294126
-0.2071658472
-0.206507929
-0.2057378892
-0.2049160831
-0.2039459497
-0.2030550082
-0.2080018108
-0.2075622551
-0.2069818049
-0.2062983014
-0.2053635291
-0.2042471596
-0.2031132598
-0.2082235471
-0.2077308124
-0.2072340528
-0.2065860915
-0.2056697516
-0.2046622182
-0.2033613583
-0.2083261856
-0.2077592211
-0.2073158441
-0.2067063961
-0.2059806072
-0.2048642865
-0.2031528639
-0.2103563068
-0.209618339
-0.2088536736
-0.2081793834
-0.2077529565
-0.207280896
-0.2061899094
-0.2097947413
-0.2092843736
-0.208290897
-0.2076103251
-0.2072347142
-0.206528656
-0.2057244632
-0.2093295134
-0.2086481253
-0.2078100559
-0.2070748088
-0.2063936895
-0.2058441303
-0.2050916161
-0.208776742
-0.2081409924
-0.2073434821
-0.2066906856
-0.2059038264
-0.2053563651
-0.2049029769
-0.2083792692
-0.207726106
-0.2068294432
-0.2063239464
-0.2056489397
-0.2050838828
-0.2047924665
-0.2082186909
-0.2075251011
-0.2066845026
-0.2061088282
-0.2053966459
-0.2047924161
-0.2046741485
-0.2081042575
-0.2075074099
-0.2067656234
-0.2059992641
-0.2052407684
-0.2046607094
-0.2047626634
-0.2080543743
-0.2075891189
-0.2067943301
-0.2059568005
-0.2052356005
-0.2047253019
-0.2048993369
-0.2080035406
-0.2075234429
-0.2067337879
-0.2059728945
-0.2053199291
-0.204862385
-0.2048943101
-0.207952812
-0.2074540153
-0.2067788037
-0.2061083153
-0.2054883313
-0.2050036024
-0.2047775192
-0.2080355127
-0.2075596141
-0.206923326
-0.2063345788
-0.2057431659
-0.2050903575
-0.2045706408
-0.2083258913
-0.2078295771
-0.2072460977
-0.2067120446
-0.2060946672
-0.2052264797
-0.2044146055
-0.2087234984
-0.2081554512
-0.2076351309
-0.2071581521
-0.2064412823
-0.2054643757
-0.2044288426
-0.2089411496
-0.2083299553
-0.2078815693
-0.2074139878
-0.206722667
-0.2058968093
-0.2047127405
-0.2091085173
-0.2084332494
-0.2080443788
-0.207623975
-0.2071315634
-0.2062275808
-0.2046014849
-0.2111913006
-0.2102787352
-0.2095432187
-0.2088896338
-0.208452345
-0.2080161863
-0.2069804527
-0.2106035554
-0.209870062
-0.2088351489
-0.2081649041
-0.2078267901
-0.2072359945
-0.2065539536
-0.2100511466
-0.2092305856
-0.2083258763
-0.2075850332
-0.2069853722
-0.2065775417
-0.2059579851
-0.2095011744
-0.2087895029
-0.2079290796
-0.2072734297
-0.206582112
-0.2061507602
-0.2057949021
-0.2091721999
-0.2084664927
-0.207521821
-0.207034629
-0.2064360042
-0.2059595203
-0.2057204015
-0.209106517
-0.2083601543
-0.207472912
-0.2069411846
-0.2063009342
-0.2057502346
-0.2056372308
-0.2090217841
-0.2083949526
-0.2076226163
-0.2069107326
-0.2062165092
-0.2056626849
-0.2057386554
-0.2089509228
-0.2084830379
-0.2076651357
-0.2068695938
-0.2062117398
-0.2057277527
-0.2058678603
-0.208835483
-0.208372358
-0.2075520782
-0.2068415585
-0.2062515351
-0.2058283833
-0.205842671
-0.2086919806
-0.2082116984
-0.2075143046
-0.2068785545
-0.2063361736
-0.2059078722
-0.2056802888
-0.2086466886
-0.208186509
-0.207537675
-0.2069688689
-0.2064726502
-0.205897095
-0.2054033023
-0.2088430693
-0.2083485955
-0.2077386238
-0.2071999801
-0.206677476
-0.2059131966
-0.2051917145
-0.2092099585
-0.208599745
-0.208037763
-0.2075467845
-0.2069032902
-0.2060627082
-0.2051935393
-0.2094766404
-0.2087452031
-0.2082709377
-0.207803971
-0.2071617179
-0.2065022031
-0.2055380539
-0.2097036164
-0.2088781872
-0.208514098
-0.2081311058
-0.2077003952
-0.2069649964
-0.2055188937
-0.2113613555
-0.2104513156
-0.2094600333
-0.2088194733
-0.2085093193
-0.2081675281
-0.2072261237
-0.210811882
-0.2098738149
-0.2087102705
-0.2081096472
-0.2078440077
-0.2073338057
-0.2067664555
-0.2103712326
-0.2092472228
-0.2082759051
-0.2076110958
-0.2070111715
-0.2066437687
-0.2061572419
-0.2099361026
-0.2089186021
-0.2080269857
-0.2074181577
-0.2066941788
-0.2062635962
-0.2060225373
-0.2097105839
-0.2087120705
-0.2077852976
-0.2072684229
-0.2066115871
-0.2061475013
-0.2060057125
-0.2097200589
-0.2086906481
-0.2078434889
-0.2072538178
-0.2065478815
-0.2060148899
-0.2059731418
-0.2096398169
-0.2087628529
-0.2080567186
-0.2072770597
-0.2065278689
-0.2059845278
-0.2060971183
-0.2095804276
-0.2088538051
-0.2080966826
-0.2072527939
-0.2065465061
-0.2060535441
-0.206214016
-0.2094179762
-0.2086935238
-0.207917661
-0.2071541109
-0.20653112
-0.2061031952
-0.2061405018
-0.2092114127
-0.2084342664
-0.2077598795
-0.2070870949
-0.2065219713
-0.2061041745
-0.2059336099
-0.2090426521
-0.2082671042
-0.2076213979
-0.207052374
-0.2065579915
-0.2060148303
-0.2056174831
-0.20913956
-0.2083064485
-0.2076435394
-0.2071786829
-0.2066822961
-0.2059824994
-0.2054022979
-0.2094265446
-0.2084716929
-0.2078177322
-0.2074392692
-0.206863931
-0.2061098257
-0.2054122567
-0.2096014098
-0.2086247951
-0.2080065997
-0.2076393651
-0.2071191764
-0.2065716055
-0.2057912847
-0.2097173902
-0.2088820662
-0.2082818275
-0.2079633334
-0.2077093012
-0.2071181366
-0.2058299277
-0.2103601006
-0.20996274
-0.2090128502
-0.2081404893
-0.207912364
-0.2077818494
-0.20700905
-0.2100362964
-0.2096290727
-0.208223458
-0.2073893903
-0.2072175371
-0.2068935401
-0.2064824816
-0.2098988875
-0.2091756894
-0.2078330816
-0.2069462932
-0.2064225422
-0.2061737754
-0.2058086016
-0.2097605532
-0.2089530294
-0.2076446437
-0.2069124591
-0.206236348
-0.2058430457
-0.2056391704
-0.2098025844
-0.2088330548
-0.2075069718
-0.2069456525
-0.2062702442
-0.2057802911
-0.205616427
-0.2099833131
-0.2088989679
-0.2076883004
-0.2070723367
-0.2063031362
-0.2056838588
-0.205577797
-0.2099677188
-0.2089722349
-0.2079913178
-0.2071851409
-0.2063498914
-0.2056835002
-0.2057215275
-0.2098900733
-0.2090572481
-0.2080094542
-0.207175772
-0.2064089922
-0.205774042
-0.2058326076
-0.2096720573
-0.2088153953
-0.2077768676
-0.2070414719
-0.2063718195
-0.2057937501
-0.2057409741
-0.2093412083
-0.2084937273
-0.2074887326
-0.2068675077
-0.2062892547
-0.2057550021
-0.2055061316
-0.2089761851
-0.2082223147
-0.2072216571
-0.2066808571
-0.206208847
-0.2056322278
-0.205210741
-0.2088282322
-0.2082140848
-0.2071744801
-0.2066404836
-0.2062244757
-0.2055990616
-0.2050536582
-0.2088862277
-0.2083473051
-0.2073528575
-0.2067972709
-0.2063299107
-0.2057017356
-0.2050969332
-0.2088225564
-0.2083918195
-0.2075524433
-0.2069691037
-0.2065325837
-0.2061297668
-0.2054841029
-0.2087454454
-0.2084366512
-0.2078931641
-0.2073396409
-0.2071197309
-0.2066882399
-0.2055592344
-0.2074407313
-0.2084631963
-0.2080093824
-0.2073698543
-0.2069679039
-0.2067706222
-0.2060382542
-0.2076534962
-0.2082634673
-0.2073502845
-0.2064853473
-0.2061088534
-0.2057984562
-0.2055068747
-0.2078575682
-0.2079927793
-0.2070909226
-0.2060054357
-0.2052970107
-0.2050461907
-0.2048113374
-0.2082443728
-0.2080763944
-0.207079164
-0.2059765962
-0.2051866219
-0.2047866575
-0.2046503934
-0.2088042766
-0.208311356
-0.2070407335
-0.2060877532
-0.205321384
-0.204822679
-0.2046373988
-0.2092743465
-0.2086249625
-0.2072884363
-0.2063412864
-0.2054524174
-0.2047764847
-0.2045399295
-0.2094172227
-0.2088201568
-0.2075885342
-0.2065332624
-0.2055727293
-0.2048037385
-0.2046206101
-0.2092514696
-0.2088581847
-0.2076849732
-0.2065632912
-0.2056599793
-0.204933518
-0.2047643974
-0.2090256213
-0.2085962745
-0.207354093
-0.2064257379
-0.2056711828
-0.2049884297
-0.204712765
-0.2085354795
-0.2081551762
-0.2070923675
-0.2062189276
-0.2055600655
-0.2049497417
-0.2045534343
-0.2079417883
-0.2076941365
-0.20681045
-0.2059447115
-0.2053942026
-0.2047722939
-0.2042945266
-0.2073391304
-0.2073973872
-0.2067095705
-0.2058476199
-0.2053069183
-0.2046446136
-0.204120085
-0.206952011
-0.2073012287
-0.2067491405
-0.2059977117
-0.2053209674
-0.20464534
-0.2041149551
-0.206594939
-0.2072097546
-0.2068207721
-0.2061552172
-0.2054644573
-0.2050207207
-0.204453551
-0.2060334443
-0.2071165542
-0.2070094433
-0.2065890378
-0.2060948359
-0.205548284
-0.2044577448
-0.1973914401
-0.2032307368
-0.2057050805
-0.205716323
-0.2056016795
-0.2053537148
-0.2044231444
-0.1978619422
-0.203835675
-0.2053709152
-0.2050148212
-0.2047854782
-0.2043151902
-0.203796796
-0.1972839583
-0.2038977522
-0.2052933235
-0.2046986288
-0.2040300119
-0.2035662258
-0.2031008158
-0.2000620773
-0.2051163264
-0.2056101874
-0.2048947523
-0.2040095489
-0.2033155772
-0.202966633
-0.2040537856
-0.2064637583
-0.2059360892
-0.2051814161
-0.2042072284
-0.2034220627
-0.203026357
-0.2059976203
-0.2072532897
-0.2064671194
-0.2055339643
-0.2043833861
-0.2034344472
-0.2030034645
-0.2069295114
-0.2076877661
-0.2069455775
-0.2057388658
-0.204490902
-0.2034968347
-0.2030950305
-0.2060834107
-0.2075931392
-0.2069485198
-0.2057938453
-0.2046115984
-0.2036314845
-0.2032409634
-0.2064527181
-0.2074170854
-0.2067179425
-0.2056354028
-0.2046054464
-0.2037435611
-0.2032730366
-0.2051970299
-0.2067787757
-0.2063130531
-0.2054594854
-0.204552601
-0.2037136248
-0.2031310899
-0.2032365485
-0.2059199704
-0.2058180638
-0.2051752398
-0.2044241945
-0.2035278099
-0.2028241397
-0.1992596703
-0.204554241
-0.2054021057
-0.2049765956
-0.2043336202
-0.2033544511
-0.2025865763
-0.196580188
-0.2033882357
-0.2051433219
-0.2049131939
-0.2042387292
-0.2032764185
-0.2024724778
-0.1970244403
-0.2029887476
-0.2050163991
-0.2048563594
-0.2042420033
-0.2035058199
-0.2026567162
-0.196211003
-0.2020704011
-0.2048269014
-0.2049974744
-0.2046484314
-0.203891711
-0.2026022185
-0.1846421662
-0.1973284448
-0.2025787857
-0.2036090946
-0.2036304372
-0.2034348979
-0.2024344441
-0.1838011578
-0.1980269007
-0.2026588811
-0.2030478174
-0.2029475815
-0.2024931642
-0.2018551432
-0.1838575043
-0.1983340966
-0.2028774919
-0.2028686432
-0.2022998246
-0.2018403808
-0.2012101636
-0.1867251877
-0.200635924
-0.2036776515
-0.2032613305
-0.20239993
-0.2016306936
-0.2010732279
-0.190064145
-0.203331746
-0.2043578254
-0.2037996878
-0.2028068322
-0.2018170385
-0.2011924411
-0.1936274344
-0.2048001458
-0.2050143137
-0.2042861769
-0.2031334048
-0.2018952667
-0.201130142
-0.1957843779
-0.2055916923
-0.2055802728
-0.2045745344
-0.2032936178
-0.2019287483
-0.2012782995
-0.1936159718
-0.2055214459
-0.2056495512
-0.2046012565
-0.2034059966
-0.2022115346
-0.2014940798
-0.1952206895
-0.2052312384
-0.2053141534
-0.2044407112
-0.2034051169
-0.2022220291
-0.201510371
-0.1926946658
-0.2042074993
-0.2047611653
-0.2041445792
-0.2033043624
-0.2022682478
-0.2013640935
-0.1891504199
-0.2026920606
-0.2041350945
-0.2037388805
-0.2030709587
-0.2020836002
-0.2011709724
-0.1859087897
-0.2000009916
-0.2034016712
-0.2033197214
-0.2027917899
-0.2018223642
-0.2008518761
-0.1831403316
-0.1977956388
-0.202695182
-0.2030520388
-0.202498141
-0.2015593576
-0.2005913916
-0.1830278259
-0.1971988389
-0.20230465
-0.2028591923
-0.2023346275
-0.2016014245
-0.2006216591
-0.1835222382
-0.1961920832
-0.2017215636
-0.202891115
-0.2026059898
-0.2018514674
-0.2004734357
-0.1763885596
-0.1804731758
-0.1892693138
-0.195889507
-0.1985035221
-0.1999311388
-0.1996612458
-0.1772055748
-0.1813536687
-0.1904019595
-0.1961000089
-0.1985625303
-0.1993854844
-0.1993799632
-0.1805772796
-0.1836381498
-0.1914362994
-0.1964152638
-0.1981785823
-0.1989545457
-0.1988433111
-0.1848926905
-0.1877593296
-0.1947604738
-0.1981695807
-0.1989935822
-0.1990408282
-0.1988555179
-0.1877747157
-0.1931577002
-0.1988561999
-0.2004649398
-0.2002834494
-0.1996666821
-0.1991672427
-0.1894719264
-0.1966903393
-0.2012579233
-0.20190141
-0.2011772528
-0.2000894959
-0.1993613945
-0.19080934
-0.2000233553
-0.2031416754
-0.2025882176
-0.2014857063
-0.2003001226
-0.1995736229
-0.1916836619
-0.2022396931
-0.2033308023
-0.2019143802
-0.2011545314
-0.2003255341
-0.1996796515
-0.19008442
-0.1994829709
-0.2028744003
-0.202556297
-0.2017252007
-0.2007027173
-0.199863367
-0.1882744961
-0.1958359424
-0.2008634805
-0.2018192489
-0.2015155958
-0.2005947306
-0.1996292211
-0.1865321901
-0.192231875
-0.1984059506
-0.2003961147
-0.2006938678
-0.200026306
-0.1991268411
-0.1838286129
-0.1868926294
-0.1942529482
-0.1981463473
-0.1994549211
-0.1992517755
-0.1985448596
-0.1796974084
-0.1829189121
-0.1910724759
-0.1964960812
-0.1983825984
-0.1986406298
-0.1981091545
-0.1763117327
-0.180456059
-0.1899074891
-0.1957998391
-0.1979291485
-0.1984858512
-0.1980994886
-0.1751471082
-0.1792914151
-0.1883173347
-0.1950818362
-0.1974603536
-0.1983326742
-0.1976423357
-0.1756101223
-0.1809306335
-0.1880723937
-0.1933298742
-0.1956726303
-0.1975861319
-0.1971764509
-0.1770561015
-0.1821202372
-0.1894167864
-0.1934393855
-0.1958471716
-0.1970976526
-0.1972523887
-0.1813210022
-0.1861589801
-0.190947758
-0.1944038835
-0.195974015
-0.196952228
-0.1969090724
-0.1867602354
-0.1900781994
-0.1942330708
-0.1964915807
-0.197134514
-0.1972442722
-0.1970123181
-0.1904973878
-0.1939777647
-0.1979670823
-0.1988864504
-0.1985809346
-0.1979597549
-0.1973638016
-0.1926600531
-0.1968699111
-0.1995986193
-0.199855864
-0.1993617418
-0.1983226948
-0.1975425898
-0.1936982138
-0.1977923965
-0.1983343934
-0.198044991
-0.1988716183
-0.1983765083
-0.197594769
-0.1919457807
-0.1931602585
-0.189698824
-0.1909916805
-0.1954829323
-0.1982629645
-0.1976217129
-0.1927611087
-0.1972414603
-0.198153271
-0.1981059822
-0.1990295092
-0.1986953099
-0.197787168
-0.1911513022
-0.1958411386
-0.1991035186
-0.1997361245
-0.1995421244
-0.1986889716
-0.1976512929
-0.1888772043
-0.1927669781
-0.1973371835
-0.198727255
-0.1987772043
-0.1981355681
-0.1971308529
-0.1853474384
-0.1889788383
-0.1935499521
-0.1963370297
-0.1973447645
-0.1972617598
-0.1965197161
-0.1801416286
-0.1851521935
-0.1903634649
-0.1943661294
-0.1959881416
-0.1964821678
-0.196028074
-0.1758682232
-0.1809350002
-0.1886755965
-0.1930302325
-0.1951200841
-0.1961343515
-0.1959142243
-0.174089072
-0.1794639966
-0.1869404474
-0.1925035396
-0.1946207375
-0.1961092674
-0.1952540756
-0.1716703093
-0.1727284772
-0.1815967229
-0.1816222647
-0.1841012107
-0.189835033
-0.1870833883
-0.1699295585
-0.1695940909
-0.1762968894
-0.1767933369
-0.1809569676
-0.1857316894
-0.1871923145
-0.1750577357
-0.1770736236
-0.1819967718
-0.184063722
-0.1867855477
-0.1889893801
-0.1907133028
-0.183129275
-0.1869872745
-0.1909113039
-0.1921416758
-0.1939550073
-0.1934279623
-0.1935455506
-0.1871328075
-0.1912886194
-0.1951580718
-0.1957920075
-0.1963295303
-0.1951071154
-0.1944644573
-0.1895088984
-0.1937284629
-0.1961846668
-0.1953886945
-0.1950981334
-0.1941874734
-0.1938416773
-0.1907177046
-0.1936646849
-0.1901746353
-0.1870367563
-0.1869366174
-0.1896105324
-0.1907652712
-0.1888658573
-0.1879284155
-0.1831790238
-0.1872096815
-0.1906583724
-0.1908930616
-0.1916386698
-0.1897249034
-0.193053714
-0.1901993533
-0.1872325908
-0.1873596381
-0.1900546976
-0.1909503008
-0.187905545
-0.192577714
-0.1955526046
-0.1950927299
-0.1952585014
-0.194507085
-0.1938084309
-0.1853401194
-0.1899375914
-0.1943740051
-0.1954013006
-0.1963965114
-0.1951938689
-0.1941048516
-0.1814266927
-0.1856269217
-0.1900373942
-0.1917162497
-0.194041183
-0.1933795069
-0.1929206288
-0.1735060332
-0.1756947888
-0.1811029651
-0.1837385211
-0.1867191808
-0.1884975562
-0.1897825908
-0.1684162136
-0.1682096822
-0.1753085068
-0.1761752039
-0.1803219864
-0.1849660986
-0.1861061438
-0.1698526511
-0.1710590546
-0.1802135965
-0.1806125082
-0.1831295946
-0.1885858774
-0.1854972474
-0.1665550396
-0.1658960547
-0.168133944
-0.1677034197
-0.1683801468
-0.171746092
-0.1745995303
-0.166172735
-0.1660718395
-0.168633472
-0.1709065702
-0.1731491892
-0.1789221664
-0.1873433419
-0.17049041
-0.1710308457
-0.1761014906
-0.1780140477
-0.1835922538
-0.1870010758
-0.1916400011
-0.176426823
-0.1775890353
-0.1829567348
-0.1842070629
-0.1887043331
-0.189748214
-0.1927966933
-0.1801419894
-0.181730092
-0.1860405975
-0.1871851804
-0.1904018038
-0.1907797777
-0.1930010821
-0.1828859082
-0.1838927989
-0.1862370135
-0.1863643719
-0.1873593283
-0.1909769857
-0.1928620978
-0.1844139532
-0.1842606854
-0.1825804618
-0.1822798461
-0.1881074033
-0.1916645685
-0.1910411438
-0.1834207736
-0.1814262734
-0.1820757063
-0.1889761179
-0.1921231079
-0.1920956861
-0.1909045021
-0.1834592965
-0.1834773887
-0.1820751666
-0.182046934
-0.1881853607
-0.191887827
-0.1911868627
-0.1813763743
-0.1827236775
-0.1854981642
-0.1860861423
-0.1875864798
-0.1910765764
-0.1928072723
-0.1784503328
-0.1804361564
-0.1851511188
-0.1867987535
-0.1904771372
-0.1905906644
-0.1926081574
-0.1747616461
-0.1762836367
-0.1820341587
-0.1838250611
-0.1888143884
-0.1893322426
-0.1921973796
-0.1689518973
-0.1697972915
-0.1751590245
-0.1776020342
-0.1833921395
-0.1861608008
-0.1908455017
-0.1646512089
-0.1648713227
-0.1677308771
-0.1702794519
-0.1724425741
-0.1780313962
-0.1863529855
-0.1646807844
-0.1643259216
-0.1668578046
-0.1667837266
-0.1674645789
-0.1706109335
-0.1733463694
-0.194276908
-0.1934848888
-0.1930104928
-0.1931735767
-0.1935973713
-0.1941392876
-0.1948563905
-0.1953838362
-0.1952540483
-0.1945970542
-0.193783359
-0.1930552032
-0.1925537494
-0.192499951
-0.1930525577
-0.1934029994
-0.1926741586
-0.1924075267
-0.1928059732
-0.1936298463
-0.1946250493
-0.195609839
-0.19616146
-0.1959034057
-0.1950014057
-0.1938228498
-0.1927788162
-0.1919017625
-0.191581255
-0.1922317457
-0.19291564
-0.1923884197
-0.1922676064
-0.1929566537
-0.1940966784
-0.1953078349
-0.1964448856
-0.1970454911
-0.1967303941
-0.1957532257
-0.1944843254
-0.1933959814
-0.1925234555
-0.1919216644
-0.1921034255
-0.1931363005
-0.1927641159
-0.192918159
-0.1938928349
-0.1952046482
-0.1964172911
-0.1974750112
-0.1980074183
-0.1976762462
-0.1966653313
-0.1953174351
-0.1939597621
-0.1929936248
-0.1923953773
-0.1923371051
-0.1934905321
-0.1934429516
-0.1939174216
-0.1950518734
-0.1964072044
-0.1975323579
-0.1984026503
-0.1987399792
-0.1983545641
-0.19744052
-0.1963357617
-0.1950418967
-0.1938828997
-0.193000875
-0.1925626636
-0.1937796706
-0.1942119297
-0.1949550409
-0.19614476
-0.197430561
-0.1984016736
-0.1991214227
-0.1993947315
-0.1989911319
-0.1981374165
-0.1971869591
-0.1960629151
-0.1949025566
-0.1937905403
-0.192847549
-0.1942214788
-0.1949860478
-0.1959088043
-0.1971065887
-0.1982414852
-0.1989598902
-0.1994345625
-0.1996915509
-0.1993665862
-0.1986264651
-0.197790723
-0.1967386078
-0.1955671262
-0.1943800759
-0.1930789499
-0.1945739977
-0.1954464575
-0.196366795
-0.1975023943
-0.1985270201
-0.1990917254
-0.1993809347
-0.1996556144
-0.1994827789
-0.1987629429
-0.1978722209
-0.1968142729
-0.1955487026
-0.1942296123
-0.1927422839
-0.1942268881
-0.1951484607
-0.1960154473
-0.1970777606
-0.1981014363
-0.1986856249
-0.1989224423
-0.1991249668
-0.199116686
-0.1984930942
-0.1973905896
-0.1960693138
-0.19456841
-0.1930503522
-0.1915033344
-0.1932261688
-0.1941114997
-0.1949948451
-0.1960670955
-0.1972126353
-0.1979448512
-0.1983613883
-0.198471519
-0.1982801837
-0.1975420362
-0.1962052678
-0.1945314433
-0.1927269286
-0.1910411314
-0.1895625684
-0.1919833732
-0.192674161
-0.1935479465
-0.19460498
-0.1959495511
-0.1969046427
-0.197504361
-0.1976344537
-0.1971649764
-0.1960649006
-0.1944102007
-0.1924191119
-0.1903832157
-0.1886486698
-0.187366332
-0.1907910306
-0.1912398578
-0.1921490514
-0.1931404498
-0.1944381647
-0.195592988
-0.1963471854
-0.1965095724
-0.195826087
-0.194336476
-0.1923115126
-0.1900447541
-0.187913034
-0.1863161896
-0.1853806196
-0.1897378076
-0.1898053209
-0.1906750289
-0.1917705967
-0.1930101256
-0.1941907013
-0.1950074612
-0.1951161569
-0.1942221091
-0.1924409601
-0.1901579616
-0.1877645343
-0.1857094772
-0.1844340261
-0.1839627457
-0.1891277088
-0.1887340032
-0.1894358731
-0.1905506921
-0.1916979172
-0.1927922455
-0.1936025646
-0.1936412103
-0.1925868844
-0.1906600794
-0.1883260498
-0.1860461567
-0.1842720192
-0.1835283883
-0.1834883545
-0.1893802048
-0.1885771148
-0.1888238537
-0.1896835825
-0.1906082957
-0.1914774756
-0.1921010833
-0.1920203775
-0.1909598587
-0.1891430491
-0.1869895218
-0.1850655472
-0.1837926124
-0.1835553029
-0.1840599043
-0.1949748824
-0.1940383215
-0.1935417868
-0.1937753622
-0.1941165784
-0.1946529781
-0.1954680195
-0.1959327205
-0.1956077543
-0.1948896707
-0.1942051893
-0.1936441933
-0.1932126157
-0.1930926499
-0.1935159777
-0.1940229536
-0.1930670517
-0.1928289549
-0.1933345806
-0.1941289142
-0.1951406171
-0.1962067538
-0.1967711785
-0.1964174871
-0.1954342482
-0.1942889825
-0.1933197524
-0.1924830182
-0.1922919881
-0.1928690091
-0.1935211306
-0.192823168
-0.192781481
-0.1935595873
-0.1947027356
-0.1960079668
-0.1972019844
-0.1977776627
-0.1974248161
-0.1963658563
-0.1950641483
-0.1940345105
-0.1930487299
-0.1925549754
-0.1927886303
-0.1937422272
-0.1932788367
-0.1934944237
-0.1945246943
-0.1958194887
-0.1971644591
-0.1982833231
-0.198716774
-0.198364403
-0.1973647908
-0.1958776539
-0.1945099799
-0.193521541
-0.1929855646
-0.1929736603
-0.1939670233
-0.1939137928
-0.19451037
-0.1957571597
-0.1970722607
-0.1983198823
-0.199288346
-0.1994858243
-0.1989921963
-0.1982259617
-0.1971279525
-0.1956288646
-0.1943377161
-0.193570803
-0.1931979227
-0.1942308053
-0.1946496185
-0.1955688867
-0.1969583209
-0.1982172465
-0.1992980216
-0.2001502039
-0.2002998434
-0.1996625806
-0.1987825501
-0.1979788259
-0.1968175059
-0.1954136624
-0.1943180633
-0.1934706822
-0.1948107458
-0.1955141718
-0.1965341993
-0.1978811535
-0.19894259
-0.1997805822
-0.2004969645
-0.2007429127
-0.2002622953
-0.1993609465
-0.1984847155
-0.1974497409
-0.1961095602
-0.1948543684
-0.1936045884
-0.1951213525
-0.1960072228
-0.1970612373
-0.1983131375
-0.1991072596
-0.1996291529
-0.2002100022
-0.2005999265
-0.2003685117
-0.1995805359
-0.1985975921
-0.197420847
-0.1959755599
-0.194596257
-0.1931245599
-0.1945892887
-0.1955204039
-0.1966486164
-0.1980247314
-0.1988702704
-0.1991840251
-0.1995379186
-0.1999048581
-0.199815217
-0.1991061228
-0.197988761
-0.196545823
-0.1948445725
-0.1933048216
-0.1917917211
-0.1935976134
-0.1943166962
-0.1953508684
-0.1968547492
-0.198128832
-0.1986624012
-0.1989454398
-0.1991252132
-0.1988684063
-0.1979968295
-0.1966382745
-0.1948827638
-0.1929298472
-0.1912747927
-0.1898792745
-0.1925881678
-0.1930518018
-0.1938025404
-0.1950667074
-0.1966579287
-0.1977234018
-0.1982239996
-0.1982676443
-0.1976979701
-0.1964810921
-0.1947878272
-0.1927288307
-0.1906212984
-0.1889577857
-0.1878141285
-0.1914792163
-0.1919113519
-0.1926228222
-0.1935411538
-0.1948783619
-0.1962061185
-0.1970297065
-0.1970743757
-0.1962252171
-0.1946459374
-0.1926287632
-0.1903751798
-0.1882707568
-0.1867366787
-0.1860140259
-0.1901944597
-0.190460632
-0.1913159291
-0.192253136
-0.1933660353
-0.1945749709
-0.1954608495
-0.1954831323
-0.1944317131
-0.1926118681
-0.1904263833
-0.1881717466
-0.1862021935
-0.1849592164
-0.1847373837
-0.1894347039
-0.1890627008
-0.189984621
-0.1911261638
-0.1922051948
-0.1932431759
-0.1940097686
-0.1939439344
-0.1927547651
-0.1908179311
-0.1886099138
-0.1864792976
-0.184807338
-0.1842217662
-0.1842617392
-0.1899573577
-0.1890576669
-0.1893041509
-0.1902062569
-0.1911713371
-0.1920340424
-0.1925708799
-0.1923556109
-0.1911920252
-0.189394387
-0.1873362331
-0.1855482179
-0.1844100534
-0.184335923
-0.1848100334
-0.1959759896
-0.1950994141
-0.1946401643
-0.1947688337
-0.1950785358
-0.1956765511
-0.1964310582
-0.196746617
-0.1963643896
-0.1957647859
-0.1952422819
-0.194771
-0.1943039182
-0.1941978176
-0.1945381149
-0.195081872
-0.1942007364
-0.1940271966
-0.1944433898
-0.1951925419
-0.196271085
-0.1973613542
-0.1978462507
-0.197383301
-0.1963896257
-0.1953916516
-0.1945601886
-0.1936362224
-0.1933873971
-0.193861009
-0.1946220605
-0.1940260178
-0.1940426149
-0.1947405098
-0.1958406347
-0.1971892223
-0.1984288714
-0.1989970929
-0.1985783027
-0.1973887464
-0.1961525899
-0.195376815
-0.1942896054
-0.1935985716
-0.1937762677
-0.1946670412
-0.1943747118
-0.1947177177
-0.1957564657
-0.1970987645
-0.1984989811
-0.1996356242
-0.2000778772
-0.1997046061
-0.1985418412
-0.196907586
-0.1957201805
-0.1947704615
-0.1940328792
-0.193887976
-0.1948120112
-0.1949245329
-0.1956697642
-0.1970000234
-0.1984839935
-0.1998419513
-0.2007790806
-0.2009645858
-0.2004534855
-0.1995867433
-0.1983109
-0.1967637143
-0.1954365812
-0.1945341813
-0.1939847298
-0.1951418433
-0.1957208154
-0.1967614779
-0.1982080999
-0.1996560859
-0.2009157611
-0.2017355207
-0.2018266278
-0.2011520311
-0.2001685737
-0.1992311397
-0.1979634
-0.1963644472
-0.1950779402
-0.194107259
-0.195645761
-0.1965878815
-0.1977792012
-0.1991611665
-0.2003466492
-0.2013761809
-0.2021221442
-0.2022727315
-0.201715121
-0.2007076358
-0.1996598807
-0.1984953937
-0.1969377149
-0.1954413904
-0.1941106685
-0.1957853267
-0.1969495932
-0.1982408005
-0.1995593302
-0.2004497065
-0.20114343
-0.2018214872
-0.2021043992
-0.2016820096
-0.2007860072
-0.1996772018
-0.1983373988
-0.1966755193
-0.1950891473
-0.1935572605
-0.1952018137
-0.1963776206
-0.1977285773
-0.1991768899
-0.2001162466
-0.2005207239
-0.2009768605
-0.2013095743
-0.2009689184
-0.2000638707
-0.1988862325
-0.1973458779
-0.1954635055
-0.1937815719
-0.1922304962
-0.1942849701
-0.1952370104
-0.1964110882
-0.1978726534
-0.1992384543
-0.1998323397
-0.2001300225
-0.2003031402
-0.1998671203
-0.1987654148
-0.1973507126
-0.195584834
-0.1935513979
-0.1918238133
-0.1903884485
-0.193320901
-0.194047308
-0.1949400631
-0.196074885
-0.1976451766
-0.1987785707
-0.1992493504
-0.1992245366
-0.1985404747
-0.1971706357
-0.1954407019
-0.193415259
-0.1913367992
-0.1896577488
-0.1884391914
-0.1922132453
-0.1929379929
-0.1938051443
-0.1946518192
-0.1958840197
-0.197175743
-0.1979328817
-0.1978568108
-0.1968970513
-0.1952490758
-0.1932538813
-0.1910878404
-0.1891094624
-0.1875885484
-0.1867795582
-0.1908896423
-0.1914481751
-0.1924219111
-0.1932860935
-0.1942867413
-0.1953720847
-0.1961478122
-0.1960533018
-0.1949216786
-0.1931234485
-0.191058769
-0.1889709001
-0.187150509
-0.1859127768
-0.1856335237
-0.1901401651
-0.1898997883
-0.1908870061
-0.191993422
-0.1929696583
-0.1938525233
-0.1944952461
-0.1943527858
-0.1931333766
-0.1912830248
-0.1892713926
-0.18732536
-0.1857655825
-0.1851960257
-0.1851943305
-0.1907342216
-0.1898571926
-0.1901267162
-0.1909960008
-0.191846991
-0.1925598736
-0.1929793007
-0.1927125258
-0.1915647225
-0.1898629243
-0.1879767805
-0.1863530876
-0.1853088229
-0.1852649558
-0.1856936046
-0.1973679906
-0.196509922
-0.1959421144
-0.1960141136
-0.1963248224
-0.1968806418
-0.1975343071
-0.1978215778
-0.1975159341
-0.196949119
-0.1963703561
-0.1958604314
-0.195385257
-0.1954131191
-0.1957855496
-0.1964791619
-0.1956670841
-0.1954188749
-0.1957923703
-0.1965589401
-0.1976042646
-0.1985751709
-0.1989919491
-0.1985835711
-0.1976311138
-0.1965909484
-0.19572315
-0.1947242548
-0.1945076846
-0.1950459493
-0.1958582478
-0.1953792001
-0.1953900786
-0.1961137627
-0.1972871083
-0.1986503726
-0.1998159347
-0.200319919
-0.1999040575
-0.1986945736
-0.1973878025
-0.1966133965
-0.1954761684
-0.1947179836
-0.194850682
-0.1958534841
-0.1956924935
-0.1960634716
-0.1971846185
-0.1986393663
-0.2000967067
-0.2012365414
-0.2016667491
-0.2012447559
-0.1999647969
-0.198177373
-0.1969614997
-0.1959716254
-0.195136983
-0.1948677791
-0.1960095986
-0.1962616175
-0.1970642277
-0.1985194537
-0.2001259423
-0.2015296518
-0.2024910342
-0.2027245771
-0.2021827981
-0.2011244752
-0.1995742961
-0.197896634
-0.1965208679
-0.1955329435
-0.1948345957
-0.1962952681
-0.1970093696
-0.1981435636
-0.1997758777
-0.2013900057
-0.2026796689
-0.2034705654
-0.2035667411
-0.2028860818
-0.2017418546
-0.2004934392
-0.1989926531
-0.1972890376
-0.1959057706
-0.1948009339
-0.1967145776
-0.1977535236
-0.1990521376
-0.2006763754
-0.2021167737
-0.2032084936
-0.2038851043
-0.2039513854
-0.2033261711
-0.2021864136
-0.2008719804
-0.1994569209
-0.1977536531
-0.1961198169
-0.194677077
-0.1968382123
-0.1980663554
-0.1994176832
-0.200946853
-0.202142284
-0.2029727442
-0.2036070024
-0.2037831524
-0.203210186
-0.2021312704
-0.2007932821
-0.1992355852
-0.1974271077
-0.1956911459
-0.1940636792
-0.1962856455
-0.1975703054
-0.1989280145
-0.2004656369
-0.2016292697
-0.2021962881
-0.2026545656
-0.202917528
-0.2024096375
-0.2012597505
-0.1998695005
-0.1981699516
-0.1961773879
-0.1943919395
-0.1927783774
-0.1952933949
-0.1964337189
-0.1976290588
-0.1990827348
-0.2005283052
-0.2012115762
-0.2015086853
-0.2016383224
-0.2010801448
-0.1997550683
-0.1981760101
-0.1963300792
-0.194246889
-0.1924844366
-0.1910264446
-0.1941872411
-0.1950870911
-0.1960380427
-0.1971500731
-0.1987049331
-0.1998320652
-0.200280972
-0.2002225776
-0.199471719
-0.1979766523
-0.1961766642
-0.1941402033
-0.1920581833
-0.19037124
-0.1891259039
-0.1930410975
-0.1938376699
-0.1947360491
-0.1956072188
-0.1968165175
-0.1980296848
-0.1987244605
-0.1986078983
-0.1976122189
-0.1959273987
-0.1939468197
-0.1918230204
-0.1898725148
-0.1883334411
-0.1874560345
-0.1918172624
-0.1923765078
-0.1932869839
-0.1941733891
-0.1951535286
-0.1961269175
-0.1967990322
-0.1966476412
-0.1955027554
-0.1937262983
-0.19172323
-0.1897080239
-0.1879169798
-0.1866375638
-0.1862677418
-0.1911839716
-0.1909632558
-0.1918157906
-0.1928436457
-0.1937483277
-0.1945005481
-0.195023475
-0.1948296282
-0.193629593
-0.1918431181
-0.1899225455
-0.1880489585
-0.1864924718
-0.1858469756
-0.1857511239
-0.1917341334
-0.1908814822
-0.1910723628
-0.1918202436
-0.1925493684
-0.1931273021
-0.1934278095
-0.1931182115
-0.1920362186
-0.1904370335
-0.1886276163
-0.1870353968
-0.1859547692
-0.18582222
-0.1861710337
-0.1986150785
-0.1978126571
-0.1973275782
-0.1974940562
-0.1978097538
-0.1982764777
-0.1988206671
-0.1990472162
-0.19874428
-0.1981578723
-0.1975257831
-0.1969731646
-0.1964565985
-0.1965112814
-0.1968807591
-0.1977307518
-0.1969593433
-0.1968084831
-0.1972838018
-0.198055274
-0.1990325567
-0.1999363332
-0.2003376391
-0.1999700127
-0.199009173
-0.197889039
-0.1969364338
-0.195823059
-0.1955618992
-0.196168456
-0.1971666427
-0.1967205714
-0.196834662
-0.1976564363
-0.1988242753
-0.2001424997
-0.2012875165
-0.201823369
-0.2014681195
-0.200243027
-0.198806879
-0.1978732859
-0.1965879812
-0.1957306995
-0.1959028301
-0.1972677467
-0.1971078054
-0.1975571809
-0.1987654568
-0.2002197708
-0.201660729
-0.2028076869
-0.2032852517
-0.202907367
-0.2015721766
-0.199629079
-0.1982206264
-0.1970417277
-0.1961143294
-0.1958705582
-0.1974594113
-0.1976841471
-0.1985352517
-0.2000826958
-0.2017164176
-0.2031221419
-0.204098269
-0.2043797936
-0.2038862511
-0.2027342852
-0.2009534136
-0.1990594688
-0.1975175015
-0.1964589224
-0.1957890088
-0.1976618027
-0.1983681712
-0.1995628559
-0.2013203198
-0.2030054417
-0.2042976607
-0.2050850471
-0.2051975428
-0.2045547242
-0.2033494681
-0.2018563529
-0.2000703211
-0.1981910458
-0.1967592904
-0.1956839472
-0.1979588067
-0.1990524425
-0.2004573378
-0.2022246674
-0.203760753
-0.2048599379
-0.205527713
-0.2055948284
-0.2049417121
-0.2037196496
-0.2022103509
-0.2005203792
-0.198613504
-0.1969160103
-0.1955019418
-0.1979808128
-0.1993343584
-0.2008506676
-0.2025201495
-0.2038033932
-0.2046336581
-0.2052423804
-0.2054383342
-0.2048252434
-0.2036082268
-0.202079789
-0.2002985696
-0.1983039905
-0.1964814027
-0.1948650046
-0.1973409999
-0.1987976614
-0.2003781753
-0.2020453262
-0.2032605252
-0.2038190442
-0.2042242435
-0.2044911273
-0.2039825967
-0.2027112698
-0.2011328609
-0.1992430827
-0.1971019369
-0.1952329517
-0.1936027951
-0.1962706781
-0.1975545144
-0.1989953472
-0.2005880097
-0.2020370952
-0.2026821583
-0.2029278839
-0.2030323854
-0.2024843138
-0.2011002098
-0.1993968366
-0.1974173382
-0.1952269962
-0.1933934507
-0.1918960626
-0.1951109328
-0.1960543503
-0.1971973496
-0.1984468104
-0.1999921877
-0.2010380959
-0.2014488187
-0.2013881707
-0.2006585072
-0.1991642178
-0.197332057
-0.195238174
-0.1930781636
-0.1913079231
-0.1899884283
-0.1939671939
-0.1946787246
-0.1956652386
-0.1966298919
-0.1978426261
-0.1989677143
-0.1996184111
-0.199534132
-0.1986024363
-0.1969786708
-0.1950414356
-0.192915267
-0.1908882619
-0.1892396169
-0.1882417123
-0.1928029811
-0.193192435
-0.1940671838
-0.1949901315
-0.195981047
-0.1968867024
-0.1975049241
-0.1973917908
-0.1963544619
-0.1946938473
-0.1927643176
-0.1907459429
-0.1888554797
-0.1874456249
-0.1869388728
-0.1921848925
-0.1918670863
-0.1926221026
-0.193606002
-0.1944970759
-0.1952011195
-0.1956783137
-0.1955196048
-0.1944374547
-0.1927724034
-0.1909102376
-0.1890049584
-0.1873310913
-0.1865298386
-0.1862936972
-0.192660255
-0.1918578266
-0.1920104039
-0.192676101
-0.1933427327
-0.1938755031
-0.1941452236
-0.1938502885
-0.1928595551
-0.1913617106
-0.1895705388
-0.1878992342
-0.1866735302
-0.1863796294
-0.1866335527
-0.200012478
-0.1993681015
-0.1990316331
-0.1992164339
-0.1994564503
-0.1998532948
-0.2003713612
-0.2006007204
-0.2003082279
-0.1997213896
-0.1990744423
-0.1984955627
-0.197937565
-0.1979395598
-0.1982304831
-0.1992664004
-0.1986595839
-0.1986230711
-0.1990989828
-0.1997991183
-0.200721944
-0.2016083706
-0.2020081571
-0.2016425269
-0.2006786943
-0.1995487502
-0.1985634703
-0.1973868765
-0.1970477332
-0.1975808432
-0.1988457709
-0.1985271475
-0.1987125834
-0.1995211053
-0.2006353497
-0.2019279706
-0.2030711313
-0.2036025325
-0.2032306597
-0.2019840266
-0.2005295279
-0.1995482685
-0.1981976651
-0.1972567495
-0.197351769
-0.1989681958
-0.1989113212
-0.1994222539
-0.2006171094
-0.2020458716
-0.2035050161
-0.2046804512
-0.2051645605
-0.2047586045
-0.2033617536
-0.2013801935
-0.1999247476
-0.1986627551
-0.1976627421
-0.1973654639
-0.1990775999
-0.1994053967
-0.2003345325
-0.2018949089
-0.2035446162
-0.2050162545
-0.2060564936
-0.2063563255
-0.2058409617
-0.2045967024
-0.2027087587
-0.2007441507
-0.1991303388
-0.1980127934
-0.1973253988
-0.1991878566
-0.2000127153
-0.201313815
-0.2031252971
-0.2048685737
-0.2062557746
-0.2071317374
-0.2072617137
-0.2065824354
-0.2052934745
-0.2036657473
-0.20174291
-0.1997746105
-0.198298611
-0.1972201877
-0.1994257787
-0.200651874
-0.2021883363
-0.2040426628
-0.2056625909
-0.206862091
-0.2076326485
-0.2077326404
-0.2070112422
-0.2056835966
-0.2040599034
-0.202226762
-0.2001988064
-0.1984465654
-0.1970206458
-0.1994152344
-0.2009022224
-0.2025593136
-0.2043313887
-0.2057048685
-0.2066156175
-0.2073107075
-0.2075701472
-0.2069262583
-0.2055902542
-0.2039396228
-0.2020382125
-0.199927449
-0.1980353785
-0.1963828614
-0.198755329
-0.2003359865
-0.2020507336
-0.2038177165
-0.2051126606
-0.2057341678
-0.2061917423
-0.2065229654
-0.2060466742
-0.204716307
-0.2030271818
-0.2010273102
-0.1987872196
-0.1968427707
-0.1951377679
-0.1976644333
-0.1990634179
-0.2006295007
-0.2023158369
-0.2038082451
-0.204490688
-0.2047800425
-0.2049332754
-0.2044405809
-0.203071904
-0.2013208612
-0.1992632858
-0.1969882324
-0.195060529
-0.1934436424
-0.1964617046
-0.1975140759
-0.1987755095
-0.2001228681
-0.2016912775
-0.2027277877
-0.2031685539
-0.203165595
-0.202501019
-0.2010652654
-0.1992543179
-0.1971327927
-0.1948944308
-0.1929940347
-0.1915048848
-0.1952818355
-0.1960822116
-0.1971662999
-0.1982120959
-0.1994546327
-0.2005564117
-0.201211978
-0.2011877665
-0.2003416204
-0.1988094654
-0.1969407856
-0.1948175281
-0.1926934861
-0.1908807716
-0.1896714899
-0.1941022861
-0.1945738039
-0.1954999349
-0.1964710641
-0.1974949847
-0.1983938463
-0.19900757
-0.1989435347
-0.1980072765
-0.1964645816
-0.1946150948
-0.192582802
-0.190563385
-0.1889706744
-0.1882460462
-0.1934008127
-0.1932083857
-0.1940068619
-0.1950119342
-0.1959310347
-0.1966496654
-0.1971339491
-0.1970247795
-0.1960492756
-0.194489257
-0.1926703555
-0.1907104678
-0.1888943137
-0.1879077032
-0.1874727711
-0.1937582162
-0.1930927782
-0.1933457202
-0.1940510983
-0.1947391304
-0.195294106
-0.1955898785
-0.1953402665
-0.1944271076
-0.1929958871
-0.1912008974
-0.1894347537
-0.1880515521
-0.1875935067
-0.1877164861
-0.2020662633
-0.2014143837
-0.2009982026
-0.2011047116
-0.201298984
-0.2016906234
-0.2022202905
-0.2024452708
-0.2021416336
-0.2015618888
-0.2009316402
-0.2003944449
-0.1999186959
-0.1999980879
-0.2002992707
-0.201338225
-0.2007459063
-0.2006405439
-0.2010366956
-0.2016738741
-0.2025781582
-0.2034684483
-0.203858323
-0.2034774396
-0.2025359553
-0.2014591859
-0.2005214374
-0.1994227809
-0.1991431395
-0.1996594915
-0.2008517001
-0.200560353
-0.2007034544
-0.2014562339
-0.2025314075
-0.2038340437
-0.2050008372
-0.205524763
-0.2051162909
-0.2038726179
-0.202485027
-0.2015616343
-0.2002707692
-0.1993627106
-0.1994203167
-0.2008928524
-0.200872946
-0.2013696296
-0.2025466083
-0.2039924686
-0.2055183966
-0.2067539588
-0.2072429162
-0.2067861569
-0.205338146
-0.2033775449
-0.2019805187
-0.2007676478
-0.1998003776
-0.199460225
-0.2009462882
-0.2013016833
-0.2022413281
-0.2038333182
-0.2055689001
-0.2071717955
-0.2083108528
-0.208619595
-0.208052023
-0.2067189495
-0.2047787721
-0.202839275
-0.2012684019
-0.2001805756
-0.1994629037
-0.2010312224
-0.2018683055
-0.2032024197
-0.2050958514
-0.2069814264
-0.2085426335
-0.2095439365
-0.2096809635
-0.208948488
-0.2075688246
-0.205849791
-0.2038928912
-0.2019379857
-0.2004714424
-0.1993622074
-0.2012435617
-0.2024817527
-0.2040713262
-0.2060430747
-0.2078330478
-0.2092192973
-0.2101248171
-0.2102434471
-0.2094703092
-0.2080577258
-0.2063441898
-0.2044457784
-0.2023859419
-0.2006086821
-0.1991343512
-0.201201026
-0.2027090383
-0.204431301
-0.2063347715
-0.20788014
-0.2089619039
-0.2097798882
-0.2100917126
-0.2094267134
-0.2080190812
-0.206284873
-0.2043165162
-0.2021490881
-0.2002042707
-0.1984789681
-0.200513228
-0.2021304127
-0.2039096873
-0.2057954369
-0.207251337
-0.2080352739
-0.2086032016
-0.2089980872
-0.2085525687
-0.2071861169
-0.2054233889
-0.2033559108
-0.2010523812
-0.1990402888
-0.1972288832
-0.1994012375
-0.2008702869
-0.2025080879
-0.2042875488
-0.2058962763
-0.2067147112
-0.2071153156
-0.2073415113
-0.2068972331
-0.2055309599
-0.2037479206
-0.2016456292
-0.1993100178
-0.1972897059
-0.195528004
-0.1981744593
-0.1993319605
-0.200684755
-0.2021275336
-0.203773509
-0.2048882851
-0.2054168626
-0.2054968828
-0.2048927199
-0.2034914882
-0.2016913354
-0.1995552535
-0.1972563936
-0.1952332302
-0.1935588959
-0.1970125117
-0.1979342002
-0.1991024447
-0.2002383873
-0.2015545782
-0.2027059337
-0.2034122705
-0.2034566949
-0.2026765734
-0.2012047565
-0.1993773469
-0.1972543984
-0.195053185
-0.1930946038
-0.1916592085
-0.1958879497
-0.196509926
-0.1974955148
-0.1985162828
-0.1995959023
-0.2005415542
-0.2011857875
-0.2011653213
-0.2002919856
-0.1988234449
-0.1970215715
-0.1949759596
-0.1928566459
-0.1911076306
-0.1901488311
-0.1951881477
-0.1951711926
-0.1960289389
-0.1970633231
-0.1980201511
-0.1987761567
-0.1992770266
-0.1991973239
-0.1982835096
-0.1967862928
-0.1949904773
-0.1929896459
-0.1910672712
-0.1899224118
-0.189276167
-0.195500155
-0.1949543347
-0.1952789126
-0.196034255
-0.1967655004
-0.1973496227
-0.197661181
-0.1974367314
-0.1965650735
-0.195169297
-0.1933661939
-0.1915302312
-0.1900296391
-0.189437411
-0.1894241671
-0.2040292785
-0.2033349155
-0.2028883405
-0.2030121589
-0.2032374183
-0.2036356295
-0.2041570616
-0.2043875016
-0.2041156139
-0.2035653123
-0.2029377711
-0.2023850657
-0.2019216782
-0.2020267265
-0.2023257478
-0.2032884961
-0.2026969362
-0.2025784126
-0.2029649992
-0.2035822157
-0.2044611312
-0.2053376259
-0.2057297465
-0.2053781416
-0.2044891226
-0.203471599
-0.2025439724
-0.2014670902
-0.2012246234
-0.2017357439
-0.202796587
-0.2025192841
-0.2026421776
-0.2033512059
-0.2043759017
-0.2056463465
-0.2068086923
-0.2073386093
-0.2069450192
-0.2057444985
-0.2044426256
-0.203574125
-0.2023222098
-0.2014543055
-0.2015232402
-0.2028505326
-0.2028262858
-0.2032683375
-0.2043806903
-0.2057831846
-0.2073031765
-0.2085589924
-0.2090657561
-0.2086142016
-0.2071775364
-0.2052710318
-0.2039489052
-0.2028027337
-0.2018997187
-0.2015740005
-0.2029080897
-0.2032171191
-0.2040718526
-0.2056057317
-0.2073296448
-0.2089698093
-0.2101682334
-0.2105224123
-0.2099610462
-0.2086124563
-0.2066729077
-0.2047863006
-0.2032809332
-0.2022680061
-0.2015754428
-0.2029722941
-0.2037314325
-0.2049743432
-0.2068350441
-0.2087539133
-0.2103986183
-0.21149665
-0.2117091718
-0.2109913759
-0.2095862643
-0.2078207798
-0.2058658622
-0.2039494344
-0.2025319084
-0.2014472708
-0.2031582893
-0.2043130155
-0.2058198335
-0.2077786302
-0.2096405233
-0.2111539762
-0.2122018181
-0.2124330331
-0.2116618144
-0.2102077731
-0.2084230673
-0.2064794789
-0.2044209504
-0.2026532087
-0.201180964
-0.2031072009
-0.2045375306
-0.206181837
-0.2080773001
-0.2097155933
-0.2109564207
-0.2119568245
-0.2123995125
-0.2117377985
-0.2102683408
-0.2084521389
-0.2064121484
-0.204213642
-0.2022485918
-0.2004954442
-0.2024332013
-0.2039941222
-0.2056936209
-0.2075584126
-0.2090932165
-0.2100355915
-0.2107757692
-0.2113094218
-0.2108823503
-0.2094746414
-0.207637208
-0.2054991863
-0.2031493683
-0.2011005569
-0.1992256776
-0.201329148
-0.2027853325
-0.2043527501
-0.2060949325
-0.2077491265
-0.2086987321
-0.2092498839
-0.2095984156
-0.2091966235
-0.2078080342
-0.2059673655
-0.2038138536
-0.2014352145
-0.1993607964
-0.1975032211
-0.2000864319
-0.2012812454
-0.2025951423
-0.204003128
-0.2056611948
-0.2068527148
-0.2074967818
-0.2076853362
-0.2071336305
-0.2057287009
-0.2039024232
-0.2017440407
-0.1994081988
-0.1973047602
-0.1954966048
-0.1989109184
-0.1998971699
-0.2010474093
-0.2021595202
-0.2034867583
-0.2046834296
-0.2054664362
-0.2055914894
-0.2048663786
-0.2034134366
-0.201590985
-0.1994620077
-0.1972100627
-0.1951409726
-0.1935241272
-0.1977903255
-0.1985053498
-0.1994840365
-0.2004785524
-0.2015594642
-0.2025374441
-0.2032360285
-0.2032719517
-0.2024483869
-0.2010118172
-0.1992277906
-0.1971672598
-0.1949696157
-0.193094492
-0.1919420838
-0.1970783666
-0.197182151
-0.1980467606
-0.1990690927
-0.200027966
-0.2007996304
-0.2013262291
-0.2012795662
-0.2004101408
-0.1989416478
-0.1971489182
-0.1951020809
-0.1930872082
-0.1918026108
-0.1909881368
-0.1973376715
-0.196890914
-0.1972543223
-0.1980327655
-0.1987863586
-0.1993812406
-0.1996994598
-0.1994852224
-0.1986334645
-0.1972417221
-0.1954061042
-0.1934918861
-0.1918910711
-0.1911759985
-0.1910793005
-0.2053602456
-0.20471564
-0.2043259205
-0.2045244777
-0.2048105324
-0.2052392566
-0.2057543959
-0.2059893884
-0.2057418908
-0.2051901384
-0.2044945492
-0.2038466919
-0.2033260965
-0.2034510328
-0.2037886797
-0.2046815842
-0.2041649012
-0.2041156285
-0.2045659901
-0.2052102965
-0.2060783097
-0.2069098532
-0.207284582
-0.2069604774
-0.206114393
-0.2050938033
-0.2041013118
-0.2029642995
-0.2027388855
-0.203285812
-0.2042627608
-0.2040591591
-0.2042486217
-0.2049905102
-0.2059970416
-0.2072192289
-0.2083180875
-0.2088266733
-0.2084520676
-0.2073138104
-0.206061734
-0.2051837314
-0.203893271
-0.203027155
-0.2031200066
-0.2043747091
-0.2044134061
-0.2048888802
-0.2059894613
-0.2073446741
-0.2088148613
-0.2100315057
-0.2105372752
-0.2100955436
-0.20870108
-0.2068434567
-0.2055476454
-0.2043935293
-0.2034958327
-0.2031804382
-0.2044671176
-0.2048000187
-0.2056418683
-0.2071385022
-0.2088135538
-0.2104202549
-0.2116133463
-0.2119932961
-0.2114519545
-0.2101236458
-0.2081958009
-0.2063293641
-0.2048324498
-0.2038452287
-0.2031687651
-0.2045414052
-0.2052670562
-0.2064587635
-0.2082865873
-0.210180266
-0.2118079531
-0.2129204725
-0.2131758491
-0.2125024552
-0.2111250383
-0.2093535147
-0.2073852376
-0.2054600106
-0.2040651177
-0.2030063856
-0.2047123399
-0.205783274
-0.2072158274
-0.2091635493
-0.2110404829
-0.2125677875
-0.2136314445
-0.2138886662
-0.2131995061
-0.2118006476
-0.2099999799
-0.2080041569
-0.2059022463
-0.2041361011
-0.2026835329
-0.2046624629
-0.2059904702
-0.2075532419
-0.2094458646
-0.2111206099
-0.2124031822
-0.2134122713
-0.2138652663
-0.2132879654
-0.2118999704
-0.2100736434
-0.2079653329
-0.2056958786
-0.2037058123
-0.2019408843
-0.203997161
-0.2054789657
-0.2070977252
-0.2089423269
-0.2105065701
-0.2115129247
-0.2123117908
-0.212869897
-0.2124999025
-0.211130066
-0.2092781109
-0.2070737081
-0.2046512383
-0.2025578479
-0.200614064
-0.2028740637
-0.2043096775
-0.2058266544
-0.2075394685
-0.2091994353
-0.2102058315
-0.2108399722
-0.2112473908
-0.2108684137
-0.2094776279
-0.2076177082
-0.205419925
-0.2029831808
-0.2008336113
-0.1988452671
-0.2015660549
-0.2028017936
-0.2041142413
-0.205504494
-0.2071566677
-0.2083826016
-0.2090894757
-0.2093390457
-0.2088093261
-0.2074019489
-0.2055624323
-0.2033825395
-0.2009922468
-0.1987760358
-0.1968009055
-0.2003220926
-0.2013810634
-0.2025681056
-0.2036830667
-0.2050100162
-0.2062168611
-0.2070250405
-0.2071959189
-0.2064993749
-0.205072269
-0.2032618184
-0.2011231849
-0.1987989713
-0.1965877524
-0.1947970287
-0.1991648552
-0.1999633031
-0.2009889947
-0.2020025244
-0.2030855295
-0.204061079
-0.2047589351
-0.2048201837
-0.204031277
-0.2026408675
-0.200878162
-0.1987957854
-0.1965045546
-0.1945059099
-0.1932098215
-0.1984612508
-0.1986619689
-0.1995695952
-0.2006143385
-0.2015765672
-0.2023394633
-0.2028514661
-0.20280978
-0.2019628188
-0.2005194645
-0.1987204577
-0.1966261694
-0.1945417429
-0.1931845681
-0.1922606377
-0.1987338182
-0.1983722866
-0.1987752217
-0.1995752607
-0.2003377448
-0.2009274651
-0.2012232326
-0.2009877269
-0.2001182045
-0.1986998332
-0.1968249124
-0.1948710873
-0.1932400568
-0.1924906126
-0.192333473
-0.20617777
-0.2056412924
-0.2052978699
-0.2054999997
-0.2057811223
-0.2062073685
-0.2067048112
-0.2069111257
-0.2066560857
-0.2060920438
-0.2053843782
-0.2047428
-0.2042470065
-0.204420406
-0.2047579791
-0.2056013692
-0.2051803998
-0.2051693175
-0.2056052995
-0.2062157413
-0.2070447119
-0.2078275981
-0.20815012
-0.2078144564
-0.2069865355
-0.2060120942
-0.2050724197
-0.2039949646
-0.2038185482
-0.2043596254
-0.2052529809
-0.2051235017
-0.2053407972
-0.2060598274
-0.2070105506
-0.2081597172
-0.209188185
-0.2096295325
-0.2092369079
-0.2081282974
-0.2069630527
-0.2061684536
-0.2049640265
-0.2041565573
-0.2042360385
-0.2053872303
-0.2054705571
-0.2059615848
-0.2070243354
-0.2083037625
-0.2096873575
-0.2108259348
-0.2112658778
-0.2108123255
-0.2094590588
-0.2077097496
-0.2065236227
-0.2054468851
-0.2046068351
-0.2042902237
-0.2054698882
-0.2058078127
-0.2066418987
-0.208083184
-0.2096731899
-0.2112025583
-0.2123286629
-0.2126687065
-0.2121243582
-0.2108332233
-0.2089794673
-0.2072273333
-0.205823843
-0.2048996557
-0.2042377003
-0.2055165289
-0.2062067011
-0.2073627205
-0.2091238424
-0.2109397321
-0.2125107695
-0.2135704705
-0.2137970759
-0.2131326303
-0.2118117598
-0.2100974625
-0.2082098863
-0.206365976
-0.2050274473
-0.2039939759
-0.2056493344
-0.206658531
-0.2080423928
-0.2099177374
-0.2117283785
-0.2132096936
-0.214241133
-0.2145002867
-0.2137970602
-0.2124523444
-0.2107144326
-0.2087847717
-0.2067451478
-0.2050021327
-0.2035649484
-0.2055494175
-0.2068079374
-0.208319629
-0.210143991
-0.2117790851
-0.2130261819
-0.2140262725
-0.2144900513
-0.213876482
-0.2125159488
-0.2107526308
-0.2086962959
-0.2064724831
-0.2044767955
-0.2027017481
-0.2048401756
-0.2062693802
-0.2078485553
-0.209636453
-0.2111600688
-0.2121447319
-0.2129171007
-0.2134617061
-0.2130624242
-0.211736067
-0.2099461312
-0.2077908933
-0.2053913655
-0.2032720327
-0.2012776354
-0.2036743935
-0.2050961002
-0.2065961599
-0.2082810251
-0.2098962301
-0.2108826862
-0.2114945202
-0.2118727317
-0.2114850941
-0.2101334239
-0.2083330164
-0.2061794219
-0.2037464823
-0.2015538721
-0.1994719627
-0.202352437
-0.2036316233
-0.2049653967
-0.2063520662
-0.2079544479
-0.2091338681
-0.2098117403
-0.210039565
-0.2095081491
-0.2081408718
-0.2063768451
-0.204248577
-0.2018488867
-0.199559399
-0.1974700085
-0.2011177133
-0.2022770878
-0.2035268357
-0.2046440518
-0.205929288
-0.2070726424
-0.2078361679
-0.2079700835
-0.2072763679
-0.2058907157
-0.2041654285
-0.202076073
-0.1997276407
-0.1974209047
-0.1955188544
-0.1999780745
-0.2009231846
-0.2020357712
-0.2030527795
-0.2040927669
-0.2050011001
-0.2056503145
-0.2056644393
-0.2048599131
-0.2034976079
-0.2018142113
-0.1997715114
-0.1974505122
-0.1953735888
-0.1939470005
-0.1992915273
-0.1996683336
-0.2006661055
-0.2017146331
-0.2026259172
-0.2033104849
-0.2037541926
-0.2036537753
-0.2027844393
-0.2013648196
-0.1996235832
-0.197556433
-0.1954628621
-0.1940555165
-0.1929642432
-0.199558667
-0.1993335309
-0.1998150262
-0.2006333023
-0.2013637335
-0.2018855965
-0.2021050959
-0.2017965235
-0.2008854359
-0.1994670007
-0.197643063
-0.1957234755
-0.194075622
-0.1932597626
-0.1929533934
-0.206433194
-0.2059672179
-0.2056677354
-0.2058873758
-0.2061575546
-0.2065597135
-0.207006511
-0.2071655418
-0.2068843987
-0.2063515624
-0.2056953516
-0.2051252561
-0.2046651483
-0.2048201566
-0.2050827403
-0.205942609
-0.2056257277
-0.2056731467
-0.2060990305
-0.2066337294
-0.2073678219
-0.2080367344
-0.208278468
-0.2079275468
-0.2071887894
-0.2063492362
-0.2055562736
-0.2045684541
-0.2043572933
-0.2047698148
-0.2056680224
-0.2056545172
-0.2059088794
-0.2065765611
-0.2074026301
-0.2084150833
-0.2092980678
-0.2096518111
-0.2092409602
-0.2082460339
-0.2072594772
-0.2066521046
-0.2055958279
-0.2047909319
-0.2047138064
-0.2058542514
-0.2060186312
-0.2065025972
-0.207469837
-0.2086019294
-0.2098584125
-0.2108829874
-0.2112615329
-0.2107843658
-0.2095290691
-0.2079837748
-0.2070183827
-0.2060813122
-0.2052672139
-0.2048232769
-0.2059450099
-0.2063001391
-0.2070776346
-0.2083966224
-0.2098429434
-0.2112804621
-0.2123337473
-0.2126324813
-0.2120865624
-0.2108676685
-0.2091749178
-0.2076509092
-0.2063975598
-0.2055061039
-0.2047641006
-0.2059587038
-0.2066092641
-0.2076749157
-0.2093179111
-0.2110164475
-0.2125228221
-0.2135340583
-0.2137179027
-0.2130589729
-0.2118168942
-0.2102314731
-0.2085057522
-0.2067769344
-0.2054739382
-0.2044067929
-0.2060138708
-0.2069369743
-0.208213615
-0.2100089078
-0.2117425748
-0.2131739278
-0.2141616537
-0.2143541585
-0.213659982
-0.2123873649
-0.2107574508
-0.208920957
-0.2069224772
-0.20520698
-0.2037798373
-0.2058271778
-0.2069790854
-0.2083939346
-0.2101806725
-0.2117727969
-0.2129715327
-0.213898013
-0.2142619484
-0.2136769775
-0.2123861867
-0.2107051989
-0.2087065375
-0.20647845
-0.2044993842
-0.2027588882
-0.2050398972
-0.2063776184
-0.2078723548
-0.2096362526
-0.211150717
-0.2121082086
-0.2128251608
-0.2132944366
-0.2128947714
-0.2116039797
-0.2098647173
-0.2077329995
-0.2053311543
-0.2032433179
-0.2012763041
-0.2038533353
-0.205238944
-0.2066863983
-0.2083515688
-0.2099455716
-0.2109094198
-0.2114750184
-0.2117970974
-0.2113884728
-0.2100638821
-0.2083094519
-0.2061858921
-0.2037754245
-0.2016165085
-0.1995215443
-0.2025413148
-0.203861605
-0.2051878085
-0.2065781211
-0.2081468302
-0.2092800235
-0.209889026
-0.210052561
-0.2094930359
-0.2081577546
-0.2064405832
-0.2043504619
-0.2019838151
-0.1997122613
-0.1975710153
-0.2013273393
-0.2026084788
-0.2039197325
-0.2050619135
-0.2063168127
-0.2073742532
-0.2080063744
-0.2080456034
-0.2073075902
-0.2059758759
-0.2043143121
-0.2022630989
-0.1999321387
-0.1976017278
-0.1955990803
-0.2001798613
-0.2012986572
-0.2025316586
-0.2035915655
-0.2045924025
-0.2053831964
-0.2058504814
-0.205739076
-0.204902675
-0.2036373252
-0.2020434343
-0.2000307159
-0.1976860175
-0.195534097
-0.1939313789
-0.1994433131
-0.2000013858
-0.2011290156
-0.2022384823
-0.2031202963
-0.2036855982
-0.203950905
-0.2037347375
-0.2028655184
-0.2015608538
-0.199904052
-0.197836482
-0.1956657511
-0.1941284117
-0.1928430597
-0.1996223175
-0.1995324832
-0.2001339901
-0.2010339636
-0.201769862
-0.2022059117
-0.2022821938
-0.2018848649
-0.2009775695
-0.1996509933
-0.1978861711
-0.1959248844
-0.19414715
-0.1931875297
-0.1928057314
-0.2062554723
-0.20579935
-0.2054647324
-0.2056122536
-0.2057939111
-0.2061511409
-0.2066069798
-0.2067606898
-0.2064808582
-0.2059439621
-0.2053376427
-0.20486625
-0.204472518
-0.2046232927
-0.2048571111
-0.2057947832
-0.2055068704
-0.205530883
-0.2058745812
-0.2062758672
-0.2069149361
-0.2075680743
-0.2078026777
-0.2074730254
-0.2067708733
-0.206043629
-0.2053880329
-0.2044884295
-0.2042584553
-0.2046064748
-0.2054921638
-0.2055298216
-0.2057624377
-0.2063328323
-0.2069891381
-0.207848941
-0.2086786979
-0.2090180689
-0.2086581325
-0.2077528289
-0.2069365911
-0.2064755895
-0.2055286813
-0.2047361537
-0.2045551166
-0.2056453005
-0.2058428546
-0.2062887797
-0.2071230552
-0.2080435782
-0.2091066239
-0.2100333279
-0.2103908518
-0.2099935997
-0.208883887
-0.2075753271
-0.2068012234
-0.2059565135
-0.2051703367
-0.2046322172
-0.2056901953
-0.2060346084
-0.2067360509
-0.2078759737
-0.2090875185
-0.2103281444
-0.2112841193
-0.2115878657
-0.2111272971
-0.2100557146
-0.2085894597
-0.2073000687
-0.2061831733
-0.2053195054
-0.2045061256
-0.2056672675
-0.2062751709
-0.2072137768
-0.208635229
-0.2100935253
-0.2114397706
-0.2123750006
-0.2125689116
-0.2119819254
-0.2108798143
-0.209465035
-0.207951859
-0.206404954
-0.205167519
-0.2040541932
-0.2057096604
-0.2065809511
-0.2077045037
-0.2092472248
-0.2107521458
-0.212043459
-0.2129858824
-0.2132338443
-0.2125335418
-0.2113488756
-0.2098502923
-0.2081884406
-0.2063958067
-0.2047780776
-0.2033288686
-0.2054775016
-0.2065768324
-0.2078427683
-0.209395237
-0.2108097759
-0.2118902551
-0.2128194541
-0.2133079525
-0.2126276648
-0.2113233135
-0.2097131406
-0.2078461405
-0.2058339845
-0.2039732741
-0.2022350672
-0.2046322938
-0.2059240959
-0.2073072846
-0.2088944459
-0.2102641534
-0.2111227217
-0.211791325
-0.2123031548
-0.2118643674
-0.2105722172
-0.2088661557
-0.2068600275
-0.2046695923
-0.2027037667
-0.2007530458
-0.2033687435
-0.2047311067
-0.2061143804
-0.207678182
-0.2091668471
-0.2100495443
-0.2105479616
-0.2108403537
-0.2104178953
-0.2090896639
-0.2073500108
-0.2053362161
-0.2031109282
-0.2010641922
-0.1989785034
-0.2020346826
-0.2033745789
-0.2046846937
-0.2060355819
-0.2075297784
-0.2085608156
-0.2090804698
-0.2091834361
-0.2086016005
-0.2072570273
-0.2055574553
-0.2035587975
-0.2013483712
-0.1991509556
-0.1969879992
-0.2008703261
-0.2022065624
-0.2035209377
-0.2046535593
-0.2058614071
-0.2068242683
-0.2073552649
-0.2073112367
-0.206571066
-0.205235269
-0.2035818337
-0.2015991543
-0.1993764671
-0.197073785
-0.1950053261
-0.1997807278
-0.2009665591
-0.202210717
-0.2032654272
-0.204235804
-0.2049593377
-0.2053640514
-0.2052006441
-0.2043780156
-0.2031062898
-0.2015059831
-0.1995203788
-0.1972202793
-0.195045697
-0.1933593872
-0.1990594625
-0.1996726466
-0.2008224047
-0.2019251619
-0.2027743001
-0.2032908951
-0.2035157988
-0.2032762762
-0.2024393561
-0.2011350203
-0.1994508608
-0.1973782695
-0.1952136051
-0.1936451879
-0.192305961
-0.1992182234
-0.1991839142
-0.1997952681
-0.2006711522
-0.2013623917
-0.2017534571
-0.2018019003
-0.2013984373
-0.2005343529
-0.1992095882
-0.1974107859
-0.1954408115
-0.1936468589
-0.1926647016
-0.1922755202
-0.2053234817
-0.2049257989
-0.2045887528
-0.204694983
-0.2047775238
-0.2049419127
-0.2052747337
-0.2054494437
-0.2052602342
-0.2048678289
-0.2044070798
-0.2039838276
-0.2036011847
-0.2037074824
-0.2038096557
-0.2049306619
-0.2046940526
-0.204683182
-0.2049500619
-0.2052004123
-0.2056199539
-0.2061239637
-0.2063786521
-0.206168901
-0.205659349
-0.2051225246
-0.2045673554
-0.2037120182
-0.2034579682
-0.2036572732
-0.204636252
-0.2046978653
-0.2048602041
-0.2053350901
-0.2058320531
-0.2064840337
-0.2071581398
-0.2075241122
-0.2072932156
-0.2065964662
-0.2059689683
-0.2056278706
-0.2047474837
-0.2039644527
-0.203637712
-0.2047972595
-0.2049744902
-0.2053277627
-0.2060577603
-0.2068150706
-0.2076735715
-0.2084547283
-0.2088430028
-0.2085520151
-0.2076113354
-0.2064730631
-0.2058308951
-0.2050622521
-0.2043098683
-0.203686969
-0.2047989027
-0.2050668323
-0.2056652362
-0.2066968131
-0.207735037
-0.2087656044
-0.2095728443
-0.2099017161
-0.209528229
-0.2085941108
-0.207270418
-0.2061285649
-0.205120952
-0.2042983971
-0.2034855293
-0.2046022021
-0.2051194198
-0.2059749064
-0.2072956405
-0.2085808921
-0.209716376
-0.2105493119
-0.2108316214
-0.2102575312
-0.2092304688
-0.207932038
-0.2065639629
-0.205150976
-0.2039606029
-0.2029056711
-0.2044922036
-0.2052653704
-0.206314422
-0.2077819591
-0.2091307069
-0.2102646922
-0.2112535836
-0.2117242788
-0.2108987134
-0.2096251816
-0.2081846996
-0.2066580095
-0.2049824435
-0.2034372024
-0.2021008983
-0.2042254357
-0.2052344328
-0.2064425497
-0.2079441475
-0.2092189887
-0.2102166957
-0.2113252163
-0.2121311225
-0.2112099125
-0.2096586842
-0.208026682
-0.2062960462
-0.2043839152
-0.2025980384
-0.2009932849
-0.2033986557
-0.204627509
-0.2059710102
-0.2075085884
-0.2087417451
-0.209465472
-0.210184686
-0.2108866911
-0.2102712465
-0.2088268811
-0.2071526614
-0.2053065256
-0.2032265052
-0.2013247308
-0.1994876907
-0.2022030624
-0.2035419379
-0.2049065767
-0.2064055218
-0.2077556803
-0.208468304
-0.208880562
-0.2092081881
-0.2086900348
-0.2073258607
-0.20566147
-0.2038309229
-0.2017314002
-0.1997251543
-0.1977084874
-0.2009568786
-0.2023045668
-0.2035909285
-0.2048632962
-0.2062186873
-0.2070865575
-0.2074867799
-0.2075656693
-0.2069430302
-0.2056031552
-0.2039848571
-0.2021786705
-0.2000856789
-0.1979082297
-0.1957665393
-0.1998278952
-0.2012216032
-0.2025211405
-0.2035647003
-0.2046405883
-0.2054583799
-0.2058904904
-0.2058489043
-0.2051041098
-0.2037980035
-0.2022327609
-0.2004225092
-0.1982787607
-0.1959496575
-0.1938400538
-0.1987559837
-0.20003998
-0.2012805403
-0.2022498709
-0.2030881887
-0.2036702216
-0.2039717944
-0.2038142863
-0.2030162647
-0.2018007353
-0.2002883053
-0.1984435146
-0.196187821
-0.193973209
-0.1922136185
-0.1980127217
-0.1987553295
-0.1999192029
-0.2009451027
-0.2016651445
-0.2020332022
-0.2021672048
-0.2019326847
-0.2011195316
-0.1998635645
-0.1982663733
-0.1963031171
-0.1941787408
-0.1925832398
-0.1911060746
-0.19810018
-0.1981642447
-0.1988091523
-0.1996518366
-0.2002718194
-0.2005584444
-0.2005609795
-0.2001718412
-0.1993100516
-0.1980046233
-0.1962775605
-0.1943650409
-0.1925594361
-0.1915196461
-0.190957068
-0.2035701352
-0.2031463128
-0.2028022124
-0.2029215423
-0.2030548928
-0.2032839946
-0.2035743737
-0.2037450588
-0.2036356583
-0.2032901842
-0.2027806973
-0.2023169107
-0.2018486373
-0.2018252205
-0.2018413226
-0.203140499
-0.2029212771
-0.2028715777
-0.2030963303
-0.2033715523
-0.2038169157
-0.2042745674
-0.2045087199
-0.2043597107
-0.2038878225
-0.203357936
-0.2028011857
-0.2019037315
-0.2015559207
-0.2016761587
-0.2028652958
-0.2028980443
-0.2029603447
-0.2033558962
-0.2038435457
-0.2044738871
-0.2051084438
-0.2054452023
-0.2052634988
-0.204598314
-0.2040537978
-0.2037885804
-0.202907814
-0.2020764284
-0.2017289853
-0.2030858586
-0.203175069
-0.2033828193
-0.2039879887
-0.2046934777
-0.2054944265
-0.2062039838
-0.2065607965
-0.2063040103
-0.2054109616
-0.2043803991
-0.2038643807
-0.203150827
-0.2024027563
-0.2018521199
-0.2031977767
-0.2033457408
-0.2037547787
-0.204617701
-0.205562865
-0.2064961691
-0.2072076238
-0.2074825393
-0.2071242129
-0.2062293191
-0.2050134912
-0.2040039998
-0.2030935839
-0.2023544046
-0.2016995375
-0.2030991405
-0.2034536464
-0.2040709159
-0.2051892873
-0.2063523644
-0.2073599437
-0.2080602331
-0.2082788193
-0.2076869845
-0.206704881
-0.2055187327
-0.2042923842
-0.2030098165
-0.2020097303
-0.201208788
-0.2029230795
-0.2035408003
-0.2043663409
-0.2056061452
-0.2068318726
-0.2078213619
-0.2086564625
-0.209223251
-0.2082115691
-0.2069958764
-0.2056862974
-0.2043097614
-0.2027914833
-0.201475386
-0.2004130036
-0.2025839754
-0.2034400388
-0.2044321373
-0.2057049128
-0.206852686
-0.2077219108
-0.2088628436
-0.2094124
-0.208646418
-0.2069968899
-0.2054965054
-0.2039221049
-0.2021530849
-0.2006083465
-0.1992713738
-0.2017596103
-0.2028374524
-0.2039791188
-0.205284511
-0.2063636271
-0.206934393
-0.2075120941
-0.208330168
-0.207513981
-0.2061522744
-0.2046456229
-0.2029644005
-0.2010129053
-0.1993239786
-0.1977335904
-0.2005401937
-0.2017308432
-0.2029050892
-0.2042132523
-0.2054028475
-0.205963138
-0.2062549421
-0.206526879
-0.2059954626
-0.2047254807
-0.2032471021
-0.20157746
-0.1995521653
-0.197721361
-0.1959192452
-0.199182469
-0.2004300699
-0.2016028407
-0.2027334215
-0.2039521778
-0.2046742247
-0.2049776162
-0.2050110679
-0.2044113823
-0.2031787927
-0.2017640469
-0.2000961226
-0.1980178948
-0.1959222037
-0.193915271
-0.197996937
-0.1993113258
-0.2005602135
-0.2014985786
-0.2024572193
-0.2031526024
-0.2035057672
-0.2034294299
-0.2027241742
-0.2015235223
-0.2001447982
-0.1984341602
-0.1962514516
-0.1939517198
-0.1919341344
-0.1968805393
-0.198109871
-0.1993424947
-0.2002372216
-0.2009728227
-0.2014626119
-0.2017240879
-0.2015315885
-0.2007603147
-0.1995985642
-0.1982210723
-0.1964314963
-0.1941192111
-0.191919472
-0.1902039198
-0.1960972115
-0.1968085912
-0.1980026303
-0.1990053295
-0.1996795988
-0.2000362596
-0.2001523374
-0.1998944589
-0.1990894145
-0.1978571425
-0.1963077768
-0.1943477763
-0.1921565722
-0.1905074431
-0.189052943
-0.1961899483
-0.1962640346
-0.1969712751
-0.1978522171
-0.198482651
-0.1988292086
-0.1988261254
-0.198415079
-0.1975545003
-0.1962515689
-0.1944928579
-0.1925297115
-0.1906305705
-0.1895139902
-0.1890456937
-0.2015679944
-0.2011333288
-0.2008239585
-0.2009372006
-0.2010709083
-0.2012705968
-0.2015853292
-0.201765964
-0.2016699358
-0.201321788
-0.2009036116
-0.2004130188
-0.1997986876
-0.1996451974
-0.1996920954
-0.2011537442
-0.2010042988
-0.2009902594
-0.2011427508
-0.2013688432
-0.2017952346
-0.2022189897
-0.2024279538
-0.2022645151
-0.2017977255
-0.2013037927
-0.2007304875
-0.1997193079
-0.1993168804
-0.1995107981
-0.2009502005
-0.2010410615
-0.2010850528
-0.2013603079
-0.2017946397
-0.2024203276
-0.2029913556
-0.2032867803
-0.2030531569
-0.2023746347
-0.201817053
-0.2015391218
-0.2006214498
-0.1998726772
-0.1996290992
-0.2011754757
-0.2012699054
-0.2014107788
-0.2018930657
-0.2025262232
-0.2033141686
-0.2039957348
-0.2043145103
-0.2040207518
-0.2030897143
-0.2020363437
-0.2015188424
-0.2008236478
-0.2002561579
-0.1998406387
-0.2012962768
-0.2014196269
-0.2017567352
-0.2024726696
-0.2033095141
-0.2042072457
-0.2049014899
-0.2051506215
-0.2047781489
-0.203869467
-0.2026453015
-0.2016198101
-0.2007537559
-0.2002101242
-0.1996998344
-0.2011758702
-0.2015215969
-0.2020786537
-0.2030357767
-0.2040741518
-0.2050137348
-0.2056767733
-0.2059036355
-0.2052750528
-0.2043069562
-0.2031436722
-0.2018864752
-0.2006436593
-0.1998247999
-0.1991281392
-0.2009978356
-0.2015505802
-0.2022963416
-0.2034050162
-0.2045307213
-0.2054665468
-0.2062234434
-0.206667621
-0.2057361246
-0.2045920711
-0.2033134627
-0.2018929845
-0.2003932454
-0.1992692468
-0.1983426717
-0.2006111423
-0.2013712593
-0.2022787339
-0.203417207
-0.2044811082
-0.2053767443
-0.2063446224
-0.2065933192
-0.2060710834
-0.204622562
-0.2031256845
-0.2015006086
-0.1997683168
-0.1984020177
-0.1972045884
-0.1997452015
-0.2006990696
-0.2017270101
-0.2028993687
-0.2038987612
-0.2044721511
-0.2050479626
-0.2057700673
-0.2050208927
-0.2037426281
-0.2022740396
-0.2005311229
-0.1986215023
-0.1971150054
-0.1956715859
-0.1984733377
-0.1995494062
-0.2006030158
-0.2017471088
-0.2028542839
-0.20343122
-0.2037833957
-0.2041326645
-0.2035661849
-0.2023437771
-0.2008909203
-0.1991590359
-0.1972091676
-0.1955429392
-0.1938719424
-0.197166561
-0.1982491612
-0.1992576066
-0.2002311245
-0.2013800271
-0.2021207203
-0.2024775954
-0.202557701
-0.2019825705
-0.200792948
-0.1993858244
-0.1976568329
-0.1956640899
-0.1937690499
-0.1919299025
-0.1959962941
-0.1971421349
-0.1982041532
-0.1990015283
-0.1998975191
-0.2005849165
-0.2009474362
-0.2008946055
-0.2002098637
-0.1990602553
-0.1976920636
-0.1959288126
-0.1938482292
-0.1917792593
-0.1899384045
-0.1948802359
-0.1959447106
-0.1970259793
-0.1978077597
-0.1985019044
-0.1989757226
-0.1992125879
-0.1990448613
-0.1982957234
-0.1972127067
-0.1958495383
-0.1940261335
-0.1918342678
-0.1898031307
-0.1882748101
-0.1941273762
-0.1947004775
-0.1958537309
-0.1968261401
-0.1974484121
-0.1977514888
-0.1978540675
-0.1976115027
-0.1968369807
-0.1956701072
-0.1941608551
-0.1921839364
-0.1900615636
-0.1884930429
-0.1871989676
-0.1943235042
-0.1943035573
-0.1949901858
-0.1958830581
-0.1964680945
-0.1966992835
-0.1967000801
-0.1963119817
-0.1954919798
-0.1942291655
-0.1925476178
-0.1905840973
-0.1887124966
-0.1875998231
-0.1872232678
-0.1991612219
-0.1988627074
-0.1986301775
-0.1988130794
-0.1990539212
-0.1993396879
-0.1996577068
-0.1997990675
-0.1997723714
-0.1993650751
-0.1987792831
-0.1981208211
-0.1974436537
-0.1973233243
-0.1972322774
-0.1989319744
-0.1988473875
-0.1989583761
-0.1991426946
-0.199366789
-0.1997737079
-0.2001639041
-0.200318326
-0.2002044333
-0.1996835279
-0.1990860132
-0.1984507086
-0.1974235284
-0.1970431961
-0.1972370662
-0.1988361481
-0.1990418977
-0.1992412745
-0.1995357866
-0.1998745663
-0.2003858183
-0.2008655588
-0.2010734216
-0.200861279
-0.2001237821
-0.1994700536
-0.1991711914
-0.1982841814
-0.1975778693
-0.1973249403
-0.1991281042
-0.1993090784
-0.1996017572
-0.2000772075
-0.2006016744
-0.2012478927
-0.2018083303
-0.2020584736
-0.2017696303
-0.2007869203
-0.1996155156
-0.1990570029
-0.1984609009
-0.1979561333
-0.1975528716
-0.1993323217
-0.1994491468
-0.1998558448
-0.2005546047
-0.2012948089
-0.2020584633
-0.2026536724
-0.2028748469
-0.2025473602
-0.2016201622
-0.2002663122
-0.1991551107
-0.1984010123
-0.1979502328
-0.1975230606
-0.1992861276
-0.1995216123
-0.2000535501
-0.2009584924
-0.2019054641
-0.2027317962
-0.2033194342
-0.2035037708
-0.2030166473
-0.2020873078
-0.2008315958
-0.1994711374
-0.1983407843
-0.1976125412
-0.1970487405
-0.1990992704
-0.1995005548
-0.2001626804
-0.2011764372
-0.2022261875
-0.203087988
-0.2037836437
-0.2040908041
-0.2033987281
-0.2023232865
-0.201004578
-0.1995260441
-0.1981579448
-0.197089985
-0.1962729098
-0.198635904
-0.1992203255
-0.2000251743
-0.2010851911
-0.2021017354
-0.202919976
-0.2037515301
-0.2041211603
-0.203534614
-0.2022374729
-0.2007628335
-0.1991062766
-0.1974922121
-0.1961639885
-0.1950598424
-0.1977990468
-0.1985460953
-0.1994590301
-0.2005363643
-0.2015084102
-0.2021115109
-0.2026885857
-0.2032259939
-0.2026471504
-0.2013832705
-0.199863344
-0.1980921726
-0.1963107661
-0.1948550742
-0.193541004
-0.1964607536
-0.1973245176
-0.1982689309
-0.1993283378
-0.2004084027
-0.2010407475
-0.2014307153
-0.2017090856
-0.2011948164
-0.1999540575
-0.1984351643
-0.1966838402
-0.1948385352
-0.1932380468
-0.1917332576
-0.1950157696
-0.1959475613
-0.1968813701
-0.1977511003
-0.1988452162
-0.1996308338
-0.2000396106
-0.2001201012
-0.1995362096
-0.1983217403
-0.1968653858
-0.1951586929
-0.193290262
-0.1914572794
-0.1897648419
-0.1937187182
-0.1948054022
-0.1958386487
-0.1965232012
-0.197352524
-0.1980672489
-0.1984785109
-0.1984266064
-0.1977333358
-0.1965696054
-0.1951853231
-0.1934905494
-0.1915588685
-0.1895228868
-0.1877787878
-0.1925811365
-0.1936403877
-0.1946945004
-0.1954232573
-0.1960986823
-0.1966278365
-0.1969291008
-0.1967208424
-0.195954709
-0.1948337957
-0.1934787917
-0.1917428988
-0.1896638477
-0.1876613795
-0.1861383981
-0.1918956949
-0.1924963563
-0.1935717791
-0.1944818096
-0.1951213503
-0.1954919158
-0.195650905
-0.1953616753
-0.1945784676
-0.1933788799
-0.1918632623
-0.1899437072
-0.187919232
-0.1864220719
-0.1850981581
-0.1919960791
-0.1921275593
-0.1927434498
-0.1936130978
-0.1942796595
-0.1946005125
-0.1946290934
-0.1941806167
-0.1933735033
-0.1921088478
-0.1903853349
-0.1883709494
-0.1865238532
-0.1855846803
-0.1850159114
-0.1970625786
-0.1969037839
-0.1967284507
-0.1969170632
-0.1971687634
-0.1973921439
-0.1975661733
-0.1975951049
-0.1975702859
-0.1972242793
-0.1966201005
-0.1959611128
-0.1953574493
-0.1953592741
-0.1952129463
-0.1970297177
-0.1968915496
-0.1969872339
-0.1971908731
-0.1973999555
-0.1977014554
-0.1979333121
-0.1979556534
-0.1978499669
-0.1974172621
-0.1968489098
-0.1962319475
-0.1952845301
-0.1950998528
-0.1953881549
-0.1969697083
-0.197085435
-0.1972717117
-0.197532938
-0.1978293507
-0.1982299136
-0.198539833
-0.1986035399
-0.1983868613
-0.1977433488
-0.1971376148
-0.1968272507
-0.1960007666
-0.1953845174
-0.1953430608
-0.1972602804
-0.1973671604
-0.1975943869
-0.1980144346
-0.1984963964
-0.1990570816
-0.199479122
-0.1995847822
-0.1992750594
-0.1983573433
-0.1972347425
-0.1966659771
-0.1960777545
-0.1955542361
-0.1953722076
-0.1974783665
-0.1975027963
-0.1978114314
-0.1984374839
-0.1991419502
-0.1998669708
-0.200404769
-0.2005062964
-0.2001235073
-0.1991890016
-0.1978427255
-0.1967462381
-0.196011575
-0.1954796743
-0.1952672725
-0.1973751625
-0.1974769204
-0.1979048469
-0.1987458704
-0.199680788
-0.2005168373
-0.2010887998
-0.2011653685
-0.2006486819
-0.1996885542
-0.1983939037
-0.1970025561
-0.1958771323
-0.1951116326
-0.1947737864
-0.197047472
-0.1972900225
-0.1978521631
-0.1988395643
-0.1999305916
-0.2008187946
-0.2014977985
-0.2016788677
-0.2010148434
-0.1999089447
-0.1985743437
-0.1970420201
-0.1956008653
-0.1945225728
-0.1939381866
-0.196458742
-0.1968524585
-0.1975609381
-0.1986219609
-0.1997082417
-0.2005613421
-0.2013521912
-0.2016535319
-0.2010239437
-0.1997429304
-0.1982792797
-0.1965954095
-0.1948978007
-0.1935757704
-0.1927240382
-0.1956250818
-0.1961536894
-0.1969583774
-0.1980512868
-0.1990864308
-0.1997693251
-0.2003681334
-0.2007675373
-0.2002143407
-0.1989357954
-0.1973829679
-0.195583345
-0.1937327516
-0.1923130596
-0.1912758919
-0.194385614
-0.1950146156
-0.19583764
-0.1968789177
-0.1979317327
-0.1986184535
-0.1990745233
-0.1992860075
-0.1987799742
-0.1975144227
-0.1959532299
-0.1941908851
-0.192320586
-0.1907911672
-0.1895961334
-0.1929525083
-0.1936641847
-0.1944880671
-0.1953397651
-0.1963641686
-0.1971237328
-0.1975984647
-0.197674131
-0.1970985837
-0.1958581576
-0.1943771429
-0.1926657613
-0.1908062306
-0.1890720661
-0.1876740804
-0.1916204744
-0.1924962456
-0.1934478015
-0.1941246371
-0.1949226161
-0.1955677063
-0.195959368
-0.1959035186
-0.1952446645
-0.194099042
-0.1927045102
-0.1910358179
-0.1891745036
-0.187283036
-0.1857595474
-0.1905274398
-0.191360449
-0.1923487456
-0.1930230672
-0.1936705322
-0.1941343728
-0.1943501157
-0.1941172554
-0.1933990806
-0.1923514892
-0.1910195645
-0.1893562533
-0.187392693
-0.185545418
-0.1842314016
-0.1899284778
-0.1903907306
-0.1912764001
-0.1920794002
-0.1926698241
-0.1930020729
-0.1930966639
-0.1928011461
-0.1920783389
-0.190969755
-0.1895042779
-0.1877024641
-0.1858160525
-0.1845057201
-0.1833029442
-0.1899196266
-0.190211713
-0.1907211323
-0.1914493426
-0.1920636627
-0.1923661849
-0.1923348874
-0.1918950472
-0.1911709671
-0.1900016423
-0.1882671939
-0.1863752621
-0.1847222185
-0.183746785
-0.183061534
-0.1884287862
-0.1903834881
-0.1925289891
-0.194198731
-0.1945995111
-0.1943417936
-0.1926214329
-0.1927844277
-0.1925300945
-0.1940344214
-0.1939387482
-0.1930205132
-0.1909215305
-0.1889036898
-0.1867853508
-0.1905553015
-0.1923045497
-0.1936966924
-0.1946405122
-0.1949998304
-0.1949946203
-0.1939412812
-0.1939178163
-0.1937589284
-0.194627282
-0.1943833011
-0.1935048356
-0.1917476323
-0.1903555307
-0.1889822738
-0.1927699234
-0.1938224995
-0.1945416639
-0.1950614191
-0.1954135509
-0.1956981337
-0.1953191629
-0.1952835895
-0.1950838353
-0.1951775823
-0.1946761347
-0.1941502835
-0.1929781841
-0.1918251531
-0.1910029756
-0.1945761204
-0.1948753145
-0.195159871
-0.1955435301
-0.1959771617
-0.1964698219
-0.1966615305
-0.19672433
-0.1963888478
-0.1958010999
-0.1948270156
-0.1940863756
-0.1932800921
-0.1927318037
-0.1924196025
-0.1949408309
-0.1951610418
-0.1954390208
-0.195923629
-0.1965806535
-0.1972996697
-0.1977402109
-0.1977921646
-0.1973495027
-0.1965417409
-0.1953524958
-0.1942312531
-0.1932992959
-0.1927688643
-0.1924158135
-0.1943860699
-0.194839357
-0.1954266606
-0.1961719994
-0.1970904225
-0.1979736222
-0.1985369789
-0.1985691903
-0.1979586525
-0.1969836171
-0.1956993432
-0.1942893332
-0.1930844424
-0.1921595852
-0.1914896753
-0.1923160286
-0.1934622963
-0.1947652103
-0.1961099785
-0.1972856353
-0.1982568834
-0.1989787131
-0.1991400779
-0.1983869944
-0.1972037021
-0.1957728574
-0.194045744
-0.1921886174
-0.190426325
-0.188982123
-0.1917097075
-0.1928821871
-0.1943489523
-0.1958960709
-0.1970970338
-0.1980187462
-0.198832092
-0.1991180808
-0.198438264
-0.197108354
-0.1955380772
-0.1936102619
-0.1914057304
-0.1894031449
-0.1878533014
-0.1905069902
-0.1920141936
-0.1936680876
-0.195241301
-0.1964168917
-0.1971999575
-0.1978396796
-0.1981958243
-0.1976311555
-0.1963453107
-0.1946778952
-0.1925866543
-0.1902107573
-0.1880137706
-0.1860755206
-0.1912324374
-0.1922005786
-0.1932340386
-0.1942864038
-0.1953060146
-0.1959950818
-0.1964905021
-0.1966959791
-0.1961936009
-0.1949875346
-0.1933829457
-0.1914598644
-0.1895237543
-0.1878334323
-0.1863152847
-0.1903283334
-0.1911881163
-0.1920037839
-0.1928395459
-0.1937972895
-0.1944592939
-0.1948832687
-0.1949995469
-0.1944355545
-0.1933158491
-0.1918243695
-0.1900030231
-0.1881690477
-0.1865235707
-0.185000255
-0.1888177393
-0.1898070106
-0.1908236804
-0.1915657372
-0.1923301341
-0.1928354632
-0.1930088474
-0.1929958394
-0.1923325773
-0.1914231782
-0.1900744065
-0.1883470238
-0.1864807341
-0.1846269701
-0.1830152845
-0.186325175
-0.1878938418
-0.1893450445
-0.1903066126
-0.1910050242
-0.1913375783
-0.1909164362
-0.1907087238
-0.1900345179
-0.1896473902
-0.1884226755
-0.1866683783
-0.184479523
-0.1823104337
-0.1803492031
-0.183638579
-0.1857408531
-0.1877821352
-0.1893211855
-0.1900739619
-0.1901159787
-0.1889655754
-0.1887198457
-0.1879890825
-0.1881207057
-0.1869900653
-0.18505559
-0.1825365955
-0.1802197687
-0.1774469083
-0.1815510743
-0.1837648784
-0.1864044931
-0.1885278112
-0.1893113288
-0.1891657188
-0.1873373597
-0.187142827
-0.1862137781
-0.1868058816
-0.1856860567
-0.1836720339
-0.1806960672
-0.1779459169
-0.1753640369
-0.1769289956
-0.1819273513
-0.1874325397
-0.1908331104
-0.1924020488
-0.1925673615
-0.1911547037
-0.1910820904
-0.1911148382
-0.1922529066
-0.1917648096
-0.1898459564
-0.186131514
-0.1806756334
-0.1756779716
-0.1821471015
-0.1836130012
-0.1878463354
-0.1910723145
-0.192551097
-0.1927848863
-0.191874761
-0.1916205842
-0.1917924557
-0.1924944205
-0.1920459994
-0.1901500301
-0.1861507852
-0.1817983483
-0.1805576339
-0.1877272883
-0.1879799577
-0.1894651988
-0.1915947916
-0.192894293
-0.1932666792
-0.1928519369
-0.1926557737
-0.1927685391
-0.1929086037
-0.1922657695
-0.190845176
-0.1880172205
-0.1859314743
-0.1856629816
-0.1912535518
-0.1912930352
-0.1916714958
-0.1925985837
-0.1934933118
-0.1940248287
-0.1940680806
-0.1940030785
-0.1938964532
-0.1935092591
-0.1924877606
-0.1913242235
-0.1900254433
-0.1891897906
-0.1888105711
-0.1927963958
-0.1927096078
-0.1928995867
-0.1934463036
-0.1942146673
-0.1949205673
-0.1952808037
-0.1952635731
-0.1948460036
-0.194060793
-0.1929342776
-0.1917804146
-0.1908121493
-0.1902526379
-0.1899649964
-0.1926843414
-0.1927053498
-0.1930563107
-0.1937916377
-0.1947488183
-0.1956425855
-0.1961785768
-0.1961808856
-0.195547285
-0.1944402828
-0.1931459778
-0.1918780143
-0.1907383044
-0.1899334265
-0.1895083607
-0.1909594404
-0.1915439486
-0.1924369573
-0.1936445012
-0.1949095284
-0.1959323774
-0.1966508779
-0.1968012485
-0.1960868944
-0.1947715943
-0.1932153879
-0.1915076578
-0.189823349
-0.1883656375
-0.1872695981
-0.1901132732
-0.1907148881
-0.1918534737
-0.1932924576
-0.1946569751
-0.1956785692
-0.1965066479
-0.1967884245
-0.1961480394
-0.1947163984
-0.1929643036
-0.1908847856
-0.1887860259
-0.1870923077
-0.1858832422
-0.1891775774
-0.190160679
-0.1914799397
-0.1928451532
-0.193984078
-0.1948409007
-0.195557053
-0.1958602905
-0.1953027647
-0.1939563201
-0.1921991717
-0.1901262558
-0.1879745861
-0.1861825281
-0.1845955412
-0.1895723825
-0.1901952636
-0.1911131019
-0.1921024991
-0.192897193
-0.193558093
-0.194182124
-0.194369983
-0.193843936
-0.1925764377
-0.1909175478
-0.1891521878
-0.1873811397
-0.1859368609
-0.1845922068
-0.1882953438
-0.1889840161
-0.1898097011
-0.1906987488
-0.1914670536
-0.1919801658
-0.192430413
-0.1925368427
-0.1920436148
-0.1909080558
-0.1893522157
-0.1876875033
-0.1859850962
-0.1844953805
-0.1828895811
-0.1858104817
-0.1866035821
-0.1877486729
-0.189074599
-0.1901313548
-0.1905782221
-0.1905789694
-0.1904102998
-0.1899921739
-0.18920263
-0.1877990451
-0.185926626
-0.1836499417
-0.1817092354
-0.1800183551
-0.1816534259
-0.182331272
-0.1844625231
-0.1870644546
-0.18866407
-0.1891575272
-0.18867853
-0.1882312656
-0.1879156329
-0.187568615
-0.1862449709
-0.1838540915
-0.1802688783
-0.1772022083
-0.1756377839
-0.1757418078
-0.1775629563
-0.1821843501
-0.1858123835
-0.1875836143
-0.1880001069
-0.1870498017
-0.1865471501
-0.1862473392
-0.1862633789
-0.1849058403
-0.1821003011
-0.1774674116
-0.1723357023
-0.1701794491
-0.1704547904
-0.1755917805
-0.181408286
-0.185145742
-0.1869518886
-0.1872916466
-0.185768409
-0.1852886189
-0.1847734689
-0.1851075317
-0.1835428248
-0.1807550315
-0.1762675486
-0.1699946766
-0.164935611
-0.1061111148
-0.1084668462
-0.1115754321
-0.1133000388
-0.1140546902
-0.1142883768
-0.1134602381
-0.1132043792
-0.1136489139
-0.114424749
-0.1140627198
-0.1133301902
-0.1115611359
-0.108074864
-0.1054962808
-0.108599547
-0.1090022956
-0.1112210637
-0.113001999
-0.1138085878
-0.114105955
-0.1135551105
-0.1132505345
-0.1136761354
-0.1140874313
-0.1137551165
-0.1129444375
-0.110717549
-0.10821011
-0.1082265976
-0.1117779487
-0.1113539623
-0.1118539326
-0.1128927506
-0.1135586735
-0.1139042568
-0.1136237439
-0.1133864162
-0.1138287589
-0.1140127452
-0.1133479529
-0.1127898348
-0.111417988
-0.1105269654
-0.1109284453
-0.1136095778
-0.1132390148
-0.1130151147
-0.1133225358
-0.1137448542
-0.1141772824
-0.1141151572
-0.1138693781
-0.1140426317
-0.1141875822
-0.1136817652
-0.1131191064
-0.1123905041
-0.1122250292
-0.1126980253
-0.114379035
-0.1140101767
-0.1136564674
-0.1137523315
-0.1141251722
-0.1146661872
-0.1147217537
-0.1143933891
-0.1141047882
-0.1137595548
-0.1134248892
-0.1131304949
-0.1127182351
-0.1127451952
-0.1134179017
-0.1142864323
-0.1140468283
-0.1138037706
-0.1140245303
-0.1145149096
-0.115190492
-0.1153935561
-0.1150576776
-0.1145206661
-0.1138090512
-0.1132955539
-0.113053536
-0.1126077296
-0.1124115937
-0.1130360299
-0.1133470929
-0.1134502318
-0.113501475
-0.1139197025
-0.1144705772
-0.1152239335
-0.1157849535
-0.1157542603
-0.1151685434
-0.1142597026
-0.1134200161
-0.1128097698
-0.1119198007
-0.1113431675
-0.111746207
-0.112894639
-0.1129977593
-0.113178943
-0.1135801792
-0.1139931039
-0.1146652508
-0.1155022433
-0.1158561271
-0.1155164794
-0.114462828
-0.1133982295
-0.1125076497
-0.1112570529
-0.1107061292
-0.1110792038
-0.1124837725
-0.112858886
-0.1133278696
-0.1136137987
-0.1136566499
-0.114060765
-0.1147962471
-0.1153068128
-0.1151232385
-0.1140609227
-0.112957438
-0.1121107129
-0.1109110831
-0.1104516032
-0.1105443372
-0.1127973549
-0.1128922342
-0.1133228552
-0.1136198691
-0.1133105671
-0.1134647158
-0.1140354855
-0.1143669021
-0.1140885508
-0.1129773667
-0.1119884178
-0.111435655
-0.1106176701
-0.1103062814
-0.1105095234
-0.1119821034
-0.1118112087
-0.1121322251
-0.1127569814
-0.1127066911
-0.1127841841
-0.113103872
-0.1132762086
-0.1129613854
-0.1119924337
-0.1111343826
-0.1106486862
-0.1098876674
-0.109627104
-0.1097561746
-0.1110648498
-0.1107623589
-0.1112208054
-0.1120153132
-0.1122751185
-0.1124078917
-0.1123940746
-0.1123616385
-0.1121039524
-0.1115090929
-0.110812389
-0.1102474772
-0.1089175001
-0.1082704608
-0.1086596426
-0.1091305022
-0.108383481
-0.1093323929
-0.1108654093
-0.1116815949
-0.1118422756
-0.1113545088
-0.1110683927
-0.1110407231
-0.1108421952
-0.1101400359
-0.1092267688
-0.1067375777
-0.1054073249
-0.1054901556
-0.1049550432
-0.1056876805
-0.1084030621
-0.1103491651
-0.111240553
-0.1113711843
-0.1107852764
-0.1105341223
-0.1104360433
-0.1105797668
-0.1099466558
-0.10804443
-0.1051582893
-0.1027249871
-0.1022387478
-0.1025748486
-0.1052638073
-0.1085223417
-0.1106702193
-0.1117538973
-0.1119473637
-0.1109789996
-0.1107008622
-0.1106688828
-0.1106991173
-0.1097817696
-0.1085736856
-0.1054359575
-0.1022290345
-0.09960144406
-0.1123424999
-0.09598990472
-0.09720867249
-0.1155550052
-0.1142865826
-0.1025075353
-0.1033188957
-0.1067643222
-0.1050369346
-0.1051899046
-0.107215527
-0.1078952946
-0.1057349264
-0.1016281311
-0.09742908359
-0.09601753144
-0.09933678287
-0.1081614385
-0.116759508
-0.1101828329
-0.1037779904
-0.1055352044
-0.1059966547
-0.1046332119
-0.10627565
-0.1089608158
-0.1093993708
-0.106383798
-0.1025984524
-0.1001467954
-0.09722207516
-0.1081718343
-0.1049845771
-0.111206001
-0.1074829142
-0.1008027587
-0.1013309372
-0.1023938826
-0.1021531518
-0.1039645505
-0.1064987985
-0.106985805
-0.1044442502
-0.1044411792
-0.1051498925
-0.1156067322
-0.1168074036
-0.1112409709
-0.1188675035
-0.1152588731
-0.1076125152
-0.1082956197
-0.1100261204
-0.1098580834
-0.1114247193
-0.1142358792
-0.1151495304
-0.1119166059
-0.1097401129
-0.1083279671
-0.1143474587
-0.1102203623
-0.1075010454
-0.1152585736
-0.1106152298
-0.1025402761
-0.1037691057
-0.1058808982
-0.1056154496
-0.1071682812
-0.1108534397
-0.1131257762
-0.1106208585
-0.1085110498
-0.1074594371
-0.1025314216
-0.1037816403
-0.1007960271
-0.1075836147
-0.1025113445
-0.09495001813
-0.0968806906
-0.09922720725
-0.09869150316
-0.09977506004
-0.1036396845
-0.1072596305
-0.1065308574
-0.1058841877
-0.1057959371
-0.1033762224
-0.1055719627
-0.101357833
-0.1082790555
-0.1037268181
-0.09684530716
-0.09914990076
-0.1014883015
-0.1004537147
-0.1005247824
-0.1033188652
-0.1063284863
-0.1053420563
-0.1044716482
-0.1040955801
-0.106709537
-0.1059670152
-0.1023941402
-0.1099986636
-0.1058179538
-0.09914687105
-0.1014253844
-0.1037425097
-0.1026222812
-0.1021452446
-0.1041158169
-0.1063468029
-0.1048116025
-0.1036994952
-0.1033928091
-0.1048016621
-0.1044536806
-0.1020712037
-0.1098132829
-0.1055676301
-0.09861499889
-0.1003692452
-0.1025728872
-0.101634726
-0.1012299981
-0.1031927139
-0.1056134067
-0.1044104281
-0.1036283986
-0.1034314217
-0.1049051444
-0.1060228549
-0.1038474944
-0.1113722777
-0.1071321854
-0.09974045573
-0.1004926532
-0.1021266763
-0.1012303941
-0.1008723723
-0.1029405815
-0.1057729273
-0.1051330201
-0.1047768945
-0.1047878563
-0.1068370792
-0.108596234
-0.106292171
-0.1141095453
-0.1107632819
-0.1035782683
-0.103279498
-0.1041019531
-0.1031957075
-0.1029374092
-0.1050236879
-0.1079241644
-0.1073846811
-0.1069500562
-0.1067498808
-0.107497625
-0.1090077942
-0.1067189199
-0.1149738279
-0.1129992874
-0.1071679177
-0.1062514314
-0.1063205125
-0.1056187613
-0.1057804553
-0.1079496936
-0.1106818073
-0.1096703336
-0.1087129276
-0.1081729521
-0.1052912089
-0.105921966
-0.1040493168
-0.1116324385
-0.1104275263
-0.1063809414
-0.1052039198
-0.1047628467
-0.1044330072
-0.1051580416
-0.1074169484
-0.1097194427
-0.1076609994
-0.1056769578
-0.1044307578
-0.1010889347
-0.1020810637
-0.1040302231
-0.1093932758
-0.1082334161
-0.1056646155
-0.1042887292
-0.1036238015
-0.103631342
-0.1047899505
-0.1069758635
-0.1087170888
-0.1056771231
-0.1018625978
-0.0994123173
-0.09689160368
-0.09958357181
-0.1047039912
-0.1079741401
-0.1071558474
-0.1055604589
-0.1038690365
-0.10329175
-0.1034553858
-0.104786375
-0.1067531599
-0.1082045947
-0.1044603178
-0.09940886138
-0.09657267962
-0.08471422518
-0.08769803571
-0.1047087919
-0.116907426
-0.1062514209
-0.09563265766
-0.09750335803
-0.09872006967
-0.09672803643
-0.09892086459
-0.1028330575
-0.1037957307
-0.1004101357
-0.0950718186
-0.09064134895
-0.08768497576
-0.09572541428
-0.1098017031
-0.1157581161
-0.1031479183
-0.09567998891
-0.09702089036
-0.09659058504
-0.09590567063
-0.09963466334
-0.1041195015
-0.1050362101
-0.100596457
-0.0987431236
-0.09854551029
-0.1046699118
-0.1098059065
-0.1173672847
-0.1205729072
-0.1088671679
-0.1007595782
-0.1018149277
-0.1023999518
-0.102773117
-0.1067935405
-0.1116119033
-0.1120243469
-0.1057078077
-0.1035647415
-0.1033304376
-0.1168775252
-0.1157661942
-0.1205671764
-0.1237035199
-0.1118234295
-0.1031899383
-0.1048275324
-0.106206277
-0.1066992562
-0.1107618212
-0.1167288095
-0.1179669256
-0.1108779946
-0.1074669758
-0.1060187324
-0.1062186079
-0.1031396108
-0.1088534454
-0.1118158693
-0.09917223965
-0.0906348823
-0.09314498756
-0.09500330809
-0.09524727093
-0.0992667347
-0.1070984175
-0.111590717
-0.1068743104
-0.1047045606
-0.1042794927
-0.09560814058
-0.09566509033
-0.10074372
-0.1031708931
-0.09063033077
-0.08298264789
-0.08633266508
-0.08835559534
-0.08784004316
-0.09061763063
-0.09824446905
-0.1042181581
-0.1014550338
-0.100840308
-0.1014360236
-0.09753212687
-0.09705897318
-0.1018284431
-0.1048218621
-0.09314208467
-0.08632752843
-0.0900604996
-0.09199335185
-0.09060392333
-0.09163905491
-0.09750100685
-0.1024441668
-0.09919107246
-0.09833675217
-0.09890313485
-0.0986898292
-0.09658637994
-0.1023850903
-0.1061788739
-0.09497941876
-0.08832516135
-0.09196223292
-0.09386486228
-0.09226279884
-0.09253712977
-0.09744595265
-0.10167389
-0.09803316056
-0.09717985833
-0.09809188855
-0.09661058024
-0.09582961949
-0.1027363286
-0.1066782106
-0.09523878138
-0.08781615036
-0.09056369618
-0.09223905531
-0.09071089047
-0.09096360525
-0.09595931156
-0.1006249559
-0.09758164739
-0.09726230116
-0.09831134715
-0.09881761475
-0.09958448444
-0.1067922568
-0.11077417
-0.09928452286
-0.09062149419
-0.09162444514
-0.09252130821
-0.09095517624
-0.09119537248
-0.09636388736
-0.1016207073
-0.09929514648
-0.09941560789
-0.1005403419
-0.1027347659
-0.1040585242
-0.1116024888
-0.1167285497
-0.1071026467
-0.0982425733
-0.09748540095
-0.09742791502
-0.09594142073
-0.09634697217
-0.1016346649
-0.1071007152
-0.104878802
-0.1047310052
-0.1056977107
-0.1037288687
-0.1049915164
-0.1120080077
-0.1179431866
-0.1115720053
-0.104198404
-0.1023990781
-0.1016388733
-0.1006014655
-0.1016046476
-0.1070945558
-0.1124275951
-0.1096341199
-0.1086343812
-0.1084037033
-0.1003291124
-0.1004986748
-0.105642376
-0.1108232642
-0.1068300978
-0.1013942274
-0.09910085485
-0.09798138972
-0.09756131222
-0.09926342491
-0.1048536584
-0.1096302611
-0.105466142
-0.1028664904
-0.1006218626
-0.09492132875
-0.09860210263
-0.103470552
-0.1073916586
-0.1046260146
-0.1007416656
-0.09820161172
-0.09709143121
-0.09722650826
-0.09936024835
-0.1046768515
-0.1086252395
-0.1028710937
-0.09755470682
-0.09603594124
-0.09047829852
-0.09837750689
-0.1032296893
-0.1059439212
-0.1041930093
-0.101326618
-0.09873701619
-0.09799678849
-0.0982923016
-0.1004693481
-0.1056489716
-0.1083932167
-0.1005872027
-0.09600322621
-0.09318082941
-0.07773838499
-0.1060349039
-0.112248564
-0.1164567526
-0.1066302344
-0.09749198051
-0.09729267
-0.09736958923
-0.09688035954
-0.1006601214
-0.1053614061
-0.1065621902
-0.1020093318
-0.09617850674
-0.09206544828
-0.1060249955
-0.1152779785
-0.1262200884
-0.1265993935
-0.1132813584
-0.1054754993
-0.1053604862
-0.1048261249
-0.1054926395
-0.1105739613
-0.11621533
-0.1171236315
-0.1093174734
-0.1025603013
-0.09867798098
-0.112218325
-0.1262023096
-0.1301432105
-0.1256790949
-0.1128691206
-0.105261878
-0.1054552442
-0.1058577398
-0.1074266512
-0.1131852976
-0.1202762921
-0.1208795298
-0.1109480171
-0.1051158813
-0.1025680541
-0.1164230506
-0.1265547972
-0.1256429321
-0.1211383869
-0.1087162259
-0.1011386066
-0.1020966618
-0.1031750772
-0.1046119684
-0.1105417387
-0.1200979068
-0.1234933466
-0.1143803095
-0.1083507468
-0.1048172073
-0.1066100873
-0.1132327621
-0.1128249803
-0.1087008171
-0.09608720883
-0.08894633548
-0.09083483245
-0.09225024557
-0.09293622427
-0.0982144955
-0.1094783414
-0.1162881839
-0.109708774
-0.1049710546
-0.102466015
-0.09748657751
-0.1054446356
-0.1052279619
-0.1011225143
-0.0889449084
-0.08276385034
-0.08544625316
-0.08691649097
-0.08645036121
-0.08983716091
-0.1003329622
-0.1081904747
-0.1032536298
-0.1000348243
-0.09871005662
-0.09734172751
-0.1053855154
-0.1054541751
-0.1020922787
-0.09083486699
-0.08544409515
-0.08844216838
-0.08975364513
-0.0882899014
-0.08979589291
-0.0984727474
-0.1052967081
-0.09991903424
-0.09666828688
-0.09570892793
-0.09736260054
-0.1048056504
-0.105821546
-0.1031436702
-0.09223374873
-0.08690104785
-0.08973661505
-0.09087052813
-0.08901531102
-0.08972471709
-0.09759833104
-0.1039068464
-0.09831633064
-0.09530022663
-0.09484409248
-0.09679679709
-0.1054284479
-0.1073729458
-0.1045835157
-0.09292830759
-0.0864360924
-0.08826416768
-0.0889995974
-0.08694105168
-0.08748254848
-0.09551402942
-0.1024102894
-0.09754470853
-0.09515797072
-0.09471212171
-0.100629903
-0.1105763708
-0.1131869361
-0.1105435806
-0.0982267921
-0.08983558755
-0.0897789329
-0.08970529115
-0.08746878551
-0.08796118338
-0.09631277079
-0.1039684197
-0.09990413226
-0.09791650529
-0.0977305457
-0.1053567276
-0.1162394839
-0.1202997857
-0.1201058461
-0.1094848943
-0.1003268692
-0.09844419072
-0.09756099015
-0.09547796397
-0.09628789916
-0.1049931967
-0.1130273772
-0.1090696482
-0.1067373007
-0.1064714832
-0.1065734568
-0.1171634721
-0.1209048855
-0.1234976656
-0.1162837966
-0.1081690708
-0.1052391869
-0.1038456101
-0.1023614094
-0.1039311368
-0.113002404
-0.1209550504
-0.1163399017
-0.1128588839
-0.1094759167
-0.1019845623
-0.1093169138
-0.1109461983
-0.1143729635
-0.1096946626
-0.1032072357
-0.09982705649
-0.09824306196
-0.09750378889
-0.09984418437
-0.1090220099
-0.1163175993
-0.110075821
-0.1038274196
-0.0975789484
-0.09609202356
-0.1024908659
-0.1050706648
-0.1083161027
-0.10492349
-0.09995432515
-0.09653871552
-0.09521048646
-0.09511819299
-0.09784346282
-0.1066593939
-0.1128236231
-0.1038023723
-0.09388486979
-0.09369263877
-0.09193185074
-0.09855479012
-0.1025030171
-0.1047614066
-0.1023923801
-0.09860600969
-0.09554905117
-0.09475385843
-0.09468407915
-0.09765072729
-0.1064086239
-0.1094228076
-0.09751483519
-0.09365572329
-0.08901805948
-0.1095124711
-0.117504493
-0.1149326819
-0.12010334
-0.1129253164
-0.1029202288
-0.101028529
-0.1014930895
-0.1020810508
-0.1061729053
-0.1113484125
-0.1136251966
-0.1081211221
-0.0981746473
-0.0893225377
-0.1175012712
-0.1189267504
-0.122744117
-0.122924321
-0.1110510077
-0.102483812
-0.1015178774
-0.1015834584
-0.1029530798
-0.1083360814
-0.1157277638
-0.118862728
-0.1105935267
-0.1007329352
-0.0937331524
-0.1148998375
-0.1226968197
-0.1177314414
-0.1135394766
-0.1028087848
-0.09492595027
-0.09439424431
-0.0951898089
-0.09709551696
-0.1032471519
-0.1134654336
-0.1186277492
-0.1103705703
-0.1026123895
-0.0972743852
-0.1200520017
-0.1228520229
-0.1135004202
-0.1099865911
-0.09999999741
-0.09245436843
-0.09268198853
-0.09388522845
-0.09508100785
-0.1008200902
-0.1133054491
-0.1213436584
-0.1138964129
-0.1057393909
-0.09927955373
-0.1128862334
-0.1109674128
-0.1027528902
-0.09997831953
-0.0902257516
-0.08326376488
-0.08434192118
-0.08575781176
-0.0858297066
-0.09028191176
-0.1037851095
-0.1145766597
-0.1092898016
-0.1021857689
-0.09666253322
-0.1028876131
-0.1024136117
-0.0948821222
-0.09243233119
-0.08326014863
-0.07709222076
-0.07875440291
-0.08018464537
-0.07911692399
-0.08165919282
-0.09432240221
-0.1059992895
-0.1022433532
-0.09666853124
-0.09249390444
-0.1010478677
-0.1014982843
-0.09437494922
-0.0926686714
-0.08433830978
-0.07875348677
-0.08048761797
-0.0816232382
-0.07960584155
-0.08048120492
-0.0915683358
-0.1023774479
-0.09829256961
-0.09293223256
-0.08945197991
-0.1014509543
-0.1015138974
-0.09512915396
-0.09384083425
-0.08573712335
-0.08017235427
-0.08161244963
-0.08230083464
-0.07969184673
-0.07976680221
-0.09017194695
-0.1005844618
-0.09641114121
-0.09150306508
-0.08853433879
-0.1019806569
-0.1028438598
-0.09700655938
-0.09502275016
-0.08580218528
-0.07909732769
-0.07958587073
-0.07968237168
-0.07662496682
-0.07645758762
-0.08709685528
-0.09818879135
-0.09484212782
-0.09065215444
-0.0876064873
-0.1061468066
-0.1082829076
-0.1031899528
-0.1007841101
-0.09026279351
-0.0816411694
-0.08046123727
-0.07975138415
-0.07644774934
-0.0763167092
-0.08747463931
-0.09947328995
-0.09698104854
-0.09326460447
-0.09112055753
-0.1113512182
-0.1157075377
-0.1134311648
-0.1132707052
-0.1037556345
-0.09429403422
-0.09152958083
-0.09013164956
-0.08706076674
-0.08744894165
-0.09918884776
-0.1116734371
-0.1093324124
-0.1054803339
-0.1033519828
-0.1136422982
-0.118857182
-0.1186003528
-0.1213108762
-0.1145475797
-0.1059592286
-0.1023085232
-0.1005154755
-0.09813614886
-0.09942646764
-0.1116450692
-0.124099144
-0.121183354
-0.1157845284
-0.1077001798
-0.1081176357
-0.1105849836
-0.1103471765
-0.1138716724
-0.1092622265
-0.1021943165
-0.09820299782
-0.09633783849
-0.09480141169
-0.09692943693
-0.1092783974
-0.1211563156
-0.1162415532
-0.10590565
-0.09413122686
-0.09813005333
-0.1006628486
-0.1025659673
-0.105707028
-0.1021518541
-0.09660961346
-0.09282144309
-0.09143831761
-0.09063186109
-0.09320400745
-0.1054143029
-0.1157524776
-0.1058841079
-0.09116374711
-0.08884383594
-0.08921122357
-0.09364770811
-0.09722323267
-0.09924395162
-0.0966183873
-0.09242686941
-0.08933682726
-0.08848315216
-0.08760518898
-0.09107194328
-0.1033106735
-0.1076644069
-0.09407282091
-0.08880842199
-0.08274059876
-0.09369232892
-0.08702546834
-0.0874315071
-0.09463636755
-0.08730138601
-0.07692214198
-0.0753714953
-0.07636876229
-0.07701085126
-0.08053519939
-0.08651450448
-0.09172004217
-0.08973272008
-0.0825727496
-0.07612649422
-0.08702769712
-0.08238947011
-0.08660715678
-0.08820075974
-0.07708787039
-0.06873494277
-0.06819965446
-0.06877575387
-0.06970065664
-0.07414467016
-0.08313298252
-0.09139265175
-0.08921780479
-0.08389516179
-0.08039845818
-0.0873848386
-0.08657181542
-0.08358469389
-0.08241526878
-0.07260764672
-0.06490353718
-0.06480043195
-0.06591991821
-0.06676589008
-0.07116572692
-0.08237822692
-0.0924293145
-0.08993867285
-0.08608121318
-0.08384874027
-0.09458022199
-0.08816960203
-0.08239619332
-0.08215525005
-0.07319092998
-0.06593067966
-0.0665244163
-0.06793291749
-0.06775734356
-0.07117273181
-0.08387954046
-0.09609876976
-0.09399243599
-0.08944293771
-0.08603486848
-0.08725713774
-0.07703739526
-0.07257375096
-0.0731777205
-0.06462624364
-0.057872664
-0.05915853079
-0.06085010112
-0.05971630987
-0.06187593209
-0.07540648355
-0.09008988161
-0.08988370993
-0.08620011379
-0.08356221783
-0.07687154381
-0.06869042117
-0.06488207452
-0.06592652446
-0.05787911214
-0.05150899054
-0.05302278056
-0.05471993765
-0.05270874758
-0.05325521257
-0.06608515497
-0.08161904463
-0.08282866112
-0.08058502317
-0.07935192258
-0.07535401826
-0.06819361023
-0.06479960506
-0.06652781702
-0.0591686522
-0.05303019092
-0.05423824478
-0.05544345874
-0.0525278947
-0.05157412994
-0.06298948623
-0.07774925763
-0.07869710086
-0.07684176331
-0.07654246496
-0.07630020451
-0.06872565869
-0.06588147897
-0.0679097629
-0.06084507132
-0.05472315607
-0.05544380243
-0.05597516136
-0.05235118469
-0.05061085622
-0.06142327175
-0.07587363944
-0.076842283
-0.07561873294
-0.07568296433
-0.07689853265
-0.06961037701
-0.06669920989
-0.06771961063
-0.05970309878
-0.05270966993
-0.05253101891
-0.05235854773
-0.04821305028
-0.04626690603
-0.05742591005
-0.07264110317
-0.07451685036
-0.07401866046
-0.07383526756
-0.0804679444
-0.07408017503
-0.07112108781
-0.07115134992
-0.06187023378
-0.05326101368
-0.05158777262
-0.05063101106
-0.04628048697
-0.04454536708
-0.05643051514
-0.07264219383
-0.07537278592
-0.07546136903
-0.07699639346
-0.08645490496
-0.08307753464
-0.08233484853
-0.08385057479
-0.07539353946
-0.06608800523
-0.06299687821
-0.06143353294
-0.05743249639
-0.05643016784
-0.06906787673
-0.08579939496
-0.08880747556
-0.08929264229
-0.09123070142
-0.09166297937
-0.09133113773
-0.09238506506
-0.09606977551
-0.09007943318
-0.0816166547
-0.07773273825
-0.07585803806
-0.07263719112
-0.0726418507
-0.08580109958
-0.1026047093
-0.1054742684
-0.1041543186
-0.09779399266
-0.08967527753
-0.0891616693
-0.08989687372
-0.09397134093
-0.08988196518
-0.08282527914
-0.07865591306
-0.07681145439
-0.07451839511
-0.07537447562
-0.08879811146
-0.1054696984
-0.1060192378
-0.09720405425
-0.08574835054
-0.08247455933
-0.08380586963
-0.08603205839
-0.08942674686
-0.08619969592
-0.08057041984
-0.07677471433
-0.07558321425
-0.07402364044
-0.07544157442
-0.08927030356
-0.1041474092
-0.097189703
-0.08291947673
-0.08076373615
-0.07602198163
-0.08032070472
-0.08380549849
-0.08601378984
-0.08354529469
-0.07931723334
-0.07645871433
-0.07564300959
-0.07383198297
-0.07695810988
-0.09120198295
-0.09776321105
-0.08569111745
-0.08075148302
-0.07497332088
-0.05732738203
-0.06087354227
-0.06233051637
-0.06842170191
-0.06146986999
-0.05323146081
-0.05266599534
-0.05333274622
-0.05321357933
-0.05540349764
-0.06098986713
-0.06808811217
-0.07018903632
-0.06765100734
-0.06480975072
-0.06087059413
-0.06025296722
-0.06563335794
-0.06752046634
-0.05819097861
-0.05171545339
-0.05174939813
-0.05212732611
-0.05188926912
-0.05396598591
-0.06121047092
-0.07035442351
-0.07161276925
-0.07002250235
-0.06929661009
-0.06228659391
-0.065616438
-0.06612928685
-0.06626088832
-0.05783706889
-0.0517498875
-0.05220464334
-0.05311489156
-0.0525863551
-0.05414243366
-0.06280120955
-0.07296472019
-0.07325015879
-0.07269119561
-0.07307094838
-0.06840345759
-0.06753409504
-0.06625892081
-0.06703020763
-0.05925504992
-0.05350535356
-0.05457437825
-0.05589566625
-0.05467511598
-0.0554817437
-0.06558434375
-0.07771084048
-0.07819161092
-0.07671337375
-0.07573152771
-0.0614783554
-0.05819129136
-0.05783059196
-0.05925686742
-0.05180636462
-0.04628359526
-0.04782499978
-0.04953353056
-0.04772325517
-0.04760820635
-0.05857991371
-0.07297532686
-0.07505750643
-0.07411958247
-0.073620906
-0.05322326519
-0.05171510121
-0.05175552693
-0.0535211812
-0.04629687346
-0.04071082043
-0.04215329415
-0.04381391487
-0.04125704298
-0.03966852592
-0.04994175731
-0.06506037547
-0.0683018079
-0.0685821254
-0.06948506525
-0.05267797836
-0.05177416259
-0.05222797371
-0.05459865474
-0.04784653141
-0.04216658393
-0.04307036691
-0.04416845927
-0.04074224598
-0.03772320207
-0.0466553126
-0.0610465237
-0.06405605509
-0.06488625115
-0.06694953821
-0.0533116928
-0.05212323822
-0.05312007129
-0.05590541469
-0.04954953115
-0.0438292131
-0.04417308175
-0.04459607098
-0.04049859521
-0.03676186484
-0.0451957616
-0.05938855887
-0.06255907656
-0.06415766626
-0.06638103692
-0.05315643773
-0.05185981658
-0.05257803765
-0.05467803435
-0.04773728967
-0.04127240922
-0.04075120518
-0.04050886336
-0.03597368343
-0.0321690107
-0.04110862021
-0.05615125453
-0.06024585617
-0.0624131076
-0.06401327484
-0.05535970862
-0.05395100719
-0.05415727596
-0.05549590719
-0.04762672904
-0.03968847406
-0.03774615784
-0.03679347939
-0.03219446202
-0.02884407569
-0.03872411363
-0.05477354356
-0.05959179036
-0.06228466289
-0.06612737353
-0.06093756816
-0.06119117485
-0.06280434434
-0.06559043144
-0.05859405376
-0.04996293208
-0.04668012799
-0.04522882208
-0.04114229374
-0.03874484935
-0.04947913818
-0.06594924487
-0.07114743641
-0.07493796303
-0.07997095434
-0.06802222508
-0.07031319926
-0.07294692005
-0.07770550012
-0.07298307152
-0.0650762376
-0.06104956759
-0.05938851893
-0.05616353699
-0.05479447362
-0.06596272505
-0.08267769952
-0.08850582506
-0.09096607121
-0.08727202731
-0.07010728992
-0.07154199497
-0.07320688881
-0.07817249812
-0.07506079464
-0.06830849772
-0.06401930811
-0.06250932626
-0.06021972833
-0.05957664458
-0.0711403748
-0.0885009783
-0.09250864143
-0.08637794814
-0.07657818128
-0.06752413869
-0.06992175443
-0.07262891937
-0.07667788288
-0.0741035414
-0.06856009731
-0.06480709163
-0.06407743544
-0.06236066924
-0.0622286718
-0.07489499383
-0.09094574174
-0.08635818235
-0.07379195561
-0.07186281627
-0.06469886515
-0.06919828648
-0.07300120191
-0.07567483319
-0.07357669666
-0.06944135645
-0.06686226394
-0.06631151885
-0.06396258608
-0.06605700971
-0.07992227179
-0.08723116393
-0.07653560902
-0.07183511495
-0.06675074875
-0.05311498806
-0.05786705063
-0.05832580276
-0.06455712881
-0.06024638939
-0.05482753886
-0.05427731489
-0.05406424994
-0.05324817218
-0.05405052653
-0.05752663185
-0.06280793652
-0.06416819398
-0.06154880599
-0.05873748821
-0.05784567557
-0.05852901993
-0.06382430405
-0.06723357427
-0.06129613973
-0.05684401955
-0.05652566467
-0.05631421349
-0.05556332918
-0.05603546155
-0.0604636484
-0.06682035615
-0.06654030425
-0.06432638542
-0.06320846641
-0.05825711215
-0.06380421641
-0.06552501277
-0.06756780212
-0.06200122234
-0.05756597114
-0.05751969112
-0.05784321679
-0.05708878076
-0.05745095458
-0.06341361865
-0.07069809149
-0.06930035064
-0.06777627883
-0.06749869716
-0.06455302508
-0.06725113781
-0.06757249759
-0.0698405961
-0.06453736548
-0.06018310341
-0.06056611323
-0.06132272065
-0.06022032414
-0.06023429671
-0.06776033483
-0.07685523727
-0.0753288672
-0.07259419905
-0.07071545232
-0.06027165141
-0.06130485774
-0.06200346137
-0.06454017421
-0.05931900833
-0.05494346094
-0.05560970335
-0.05670605406
-0.05512267439
-0.0543212172
-0.062605396
-0.07366869925
-0.07337438039
-0.07080120302
-0.06914307135
-0.05483406981
-0.05684605199
-0.05757029958
-0.0601901139
-0.05495070033
-0.05032088219
-0.05080889246
-0.05183576465
-0.0495120799
-0.04725042941
-0.05477830606
-0.06638486191
-0.06700605878
-0.06543806725
-0.06522347162
-0.05429941316
-0.05654385023
-0.05753502775
-0.06058152366
-0.05563058435
-0.05082558898
-0.05086949439
-0.05147247897
-0.04837771018
-0.0447701224
-0.05105233997
-0.06201179784
-0.06249583122
-0.06170665973
-0.06294323867
-0.05405304286
-0.05630955958
-0.05784943472
-0.06133582779
-0.0567338701
-0.0518603904
-0.05147955027
-0.05159969239
-0.04798184466
-0.0437818008
-0.04970134547
-0.06059598485
-0.06142351642
-0.0615709307
-0.06286867704
-0.05320908478
-0.05554599746
-0.05708886727
-0.06023444312
-0.05515394484
-0.04953611634
-0.04838480018
-0.04798807163
-0.04409764237
-0.04001778291
-0.04660387213
-0.05841050186
-0.06011590112
-0.06056318652
-0.0607320066
-0.05403025885
-0.0560439487
-0.05747468654
-0.06026667811
-0.05435788111
-0.04727422938
-0.0447826775
-0.04380210526
-0.04003931941
-0.03667833163
-0.04437976235
-0.0570913607
-0.05916809105
-0.05976964372
-0.06204165541
-0.05751107025
-0.06047731557
-0.06344563405
-0.0677951815
-0.06263618797
-0.05479633982
-0.05106047114
-0.04971702526
-0.04663012217
-0.04439907838
-0.05291050234
-0.06571366351
-0.06797763898
-0.06995970929
-0.07397217968
-0.06277834411
-0.06681706405
-0.07070801619
-0.07687014969
-0.0736833641
-0.06639510402
-0.06200138286
-0.06057312704
-0.05839836835
-0.05708688102
-0.0657062956
-0.07863875868
-0.08206972195
-0.08351171165
-0.07980310579
-0.06410460856
-0.0664854974
-0.06927172975
-0.07531237716
-0.07337131346
-0.06701492518
-0.06246688565
-0.0613660375
-0.06006088343
-0.05911933876
-0.06793881575
-0.0820527758
-0.08463763665
-0.07817762038
-0.06880747022
-0.06143471724
-0.06423658979
-0.06772091104
-0.07254983754
-0.0707757696
-0.06544227757
-0.06168382564
-0.06153286207
-0.06052489412
-0.05971273859
-0.06991340515
-0.08349497846
-0.07816376215
-0.06584216271
-0.0637966646
-0.05862870471
-0.06312672698
-0.06745863098
-0.07067297368
-0.06911277664
-0.06522229301
-0.06293006808
-0.06287257755
-0.06074630471
-0.0620300395
-0.07397127623
-0.07980319765
-0.06878497704
-0.06381319591
-0.059695568
-0.05351713747
-0.05315174922
-0.05579568963
-0.06355824213
-0.06192154055
-0.0583602121
-0.05715244842
-0.05617467862
-0.0553520232
-0.05588954106
-0.05819688595
-0.06159580587
-0.06116847959
-0.0573257383
-0.05395575977
-0.05310111347
-0.05346805014
-0.0602680068
-0.0659372116
-0.063132023
-0.05980209651
-0.05844197951
-0.05753065431
-0.05704490482
-0.05774546547
-0.06139592559
-0.06594799228
-0.06384629237
-0.0603337918
-0.0585513066
-0.05570718984
-0.0602478448
-0.06440695765
-0.06908550486
-0.06618101481
-0.06249981293
-0.06114307474
-0.06056892044
-0.06016864222
-0.06099387636
-0.06615889403
-0.07136611447
-0.06778856906
-0.06450452191
-0.06316982091
-0.06355084529
-0.06595015555
-0.06908967051
-0.07361540102
-0.07064127173
-0.06685745574
-0.06574786763
-0.0654876204
-0.06479733077
-0.06538166082
-0.07195664578
-0.07862144357
-0.07461367633
-0.06988892483
-0.06676455676
-0.06193581074
-0.06313719948
-0.06618427846
-0.07064021715
-0.06758651622
-0.06373846514
-0.06287228859
-0.06288420197
-0.06169897119
-0.06146576507
-0.0686360358
-0.07696658145
-0.07391045908
-0.06907957937
-0.06584165044
-0.05836868069
-0.05980892043
-0.06250120834
-0.06684973154
-0.06373651253
-0.0597401968
-0.05883951274
-0.05885093868
-0.05696990559
-0.0553404508
-0.06175704163
-0.07053422088
-0.06827771161
-0.06430880197
-0.06238715927
-0.05717730134
-0.05845768756
-0.06114377895
-0.0657441862
-0.06288478992
-0.05885839604
-0.05777781237
-0.05758276802
-0.05507694274
-0.05224189056
-0.05755707386
-0.06582936464
-0.06364275259
-0.06070178956
-0.06041943959
-0.05615725651
-0.05751327622
-0.06055048727
-0.06547934615
-0.06290629118
-0.05888296787
-0.05759547979
-0.05713875634
-0.05426658171
-0.05096258682
-0.05602684479
-0.06437605063
-0.06276590975
-0.0609853695
-0.06081225031
-0.05530718252
-0.05700610626
-0.06013500627
-0.06478898268
-0.06172654305
-0.05699871658
-0.05508290487
-0.05426500544
-0.05127016322
-0.048239568
-0.05407764448
-0.06338121842
-0.06262813087
-0.06096005702
-0.05933634619
-0.05587595917
-0.05773777137
-0.06098707254
-0.06540109567
-0.06150072106
-0.05535680155
-0.05223102288
-0.05094745671
-0.04823328931
-0.04612709384
-0.05318423593
-0.06324156257
-0.06247215235
-0.06046266093
-0.06036858401
-0.05819942208
-0.06140979115
-0.06618281969
-0.07199329917
-0.06866687799
-0.06175817558
-0.05753042965
-0.05598967231
-0.05405201376
-0.05317047234
-0.06089538121
-0.07057736933
-0.06952704027
-0.06858299526
-0.07011833231
-0.06159915439
-0.06596795776
-0.07139289783
-0.07864968151
-0.07698095528
-0.07053975435
-0.06581430635
-0.06433568506
-0.06333840176
-0.06319751498
-0.07054473873
-0.07988513592
-0.07991355361
-0.07872478439
-0.07356066314
-0.06114462666
-0.06383755654
-0.06780037708
-0.07461680159
-0.07390342604
-0.0683039374
-0.06367435304
-0.06277680763
-0.06262144764
-0.06243603768
-0.06948645004
-0.07989874743
-0.07951960582
-0.07151863021
-0.06168113198
-0.05726345156
-0.06031119878
-0.06452728278
-0.06988101893
-0.06903946687
-0.06431779344
-0.06074317614
-0.06104498925
-0.06101723083
-0.06047261251
-0.06858058301
-0.07873421823
-0.07152008247
-0.05882204936
-0.05660717082
-0.05389906935
-0.05857190858
-0.06323026282
-0.06674292598
-0.06574140953
-0.0622923367
-0.06034597929
-0.06080262548
-0.05937086857
-0.06038469698
-0.07013301458
-0.07355261541
-0.06163428124
-0.0565206306
-0.0532349792
-0.04442862015
-0.04545193265
-0.05068479919
-0.05827901414
-0.05793319828
-0.05544238248
-0.05362462493
-0.05210560837
-0.05143851323
-0.05223651396
-0.05448154183
-0.05722909152
-0.05595441429
-0.05157227168
-0.0481258124
-0.04539137476
-0.04832406662
-0.05609310817
-0.06220051067
-0.06112431232
-0.05840078552
-0.05610860535
-0.05447641858
-0.05397722386
-0.05496743399
-0.05847125106
-0.06207020998
-0.0588160247
-0.05442279504
-0.05209567856
-0.05060890487
-0.05607318427
-0.06200759134
-0.0674022358
-0.0659310914
-0.06272504767
-0.06034396775
-0.05888867159
-0.05836495009
-0.05936360083
-0.06402832466
-0.06781979261
-0.06273960659
-0.05818094743
-0.05579521569
-0.05826723309
-0.06219504885
-0.06739521501
-0.07234556853
-0.07065948129
-0.06737861455
-0.06527499842
-0.06411963724
-0.06334578452
-0.06411860594
-0.06999258911
-0.07493208724
-0.06929989612
-0.06320438967
-0.05872319001
-0.05793623323
-0.06112071291
-0.06593401365
-0.07065693957
-0.0688793401
-0.0656421937
-0.06385872622
-0.06298038397
-0.06175611494
-0.06176368344
-0.06812300533
-0.07450073568
-0.06966548577
-0.06321852666
-0.05809789922
-0.05545491941
-0.05841894104
-0.06272763645
-0.06735452193
-0.06561837484
-0.06241446673
-0.06075532076
-0.05995335535
-0.05812350901
-0.05688664622
-0.06259272388
-0.06944323186
-0.06537294614
-0.05951412274
-0.05529348266
-0.05365696842
-0.05612703746
-0.06033012345
-0.06522618375
-0.0638222254
-0.06074951805
-0.05911101795
-0.05825428674
-0.05593273255
-0.05366039588
-0.05845252979
-0.06500420542
-0.06122441904
-0.05644579245
-0.05380401829
-0.05208507517
-0.05444082741
-0.05882509376
-0.06403036296
-0.06292117008
-0.05993233762
-0.05824211545
-0.05726959616
-0.05468844773
-0.05203440319
-0.05664582421
-0.06340757973
-0.06040209911
-0.05691155639
-0.05449686586
-0.05137543912
-0.05389592157
-0.05825414691
-0.06322498322
-0.06167575409
-0.05806926061
-0.05588070873
-0.0546491258
-0.0520337208
-0.04971627238
-0.05511354153
-0.06283972871
-0.0607051294
-0.0572926062
-0.05347652924
-0.05219249291
-0.05488846245
-0.0592475343
-0.06401707464
-0.06169541383
-0.05680985128
-0.05356149429
-0.05192856337
-0.04964980352
-0.04833648895
-0.05496801946
-0.06333690048
-0.06098608818
-0.05695198671
-0.05421379121
-0.05444076258
-0.05839625305
-0.06393395697
-0.06993117853
-0.06808284054
-0.06252327459
-0.05834973846
-0.05651173616
-0.05500843301
-0.05491725753
-0.06208920469
-0.06977227877
-0.06677359805
-0.06339274274
-0.06194161789
-0.05719353988
-0.06200773169
-0.06775574297
-0.07488791209
-0.07445426328
-0.06939658606
-0.06495213835
-0.06332834064
-0.06276939995
-0.06327992671
-0.06973732813
-0.07667790763
-0.07439923245
-0.07067814043
-0.0633354696
-0.05591507382
-0.05876062333
-0.06270212185
-0.06924456873
-0.06954068452
-0.06527588962
-0.06116630876
-0.06037257702
-0.06069106097
-0.0609541746
-0.06673581015
-0.07438348318
-0.07165851692
-0.06203733073
-0.05108780567
-0.05151779757
-0.05438165211
-0.0582186361
-0.06315217862
-0.0629957253
-0.05926126836
-0.0562416998
-0.05680314546
-0.05726053433
-0.05692103156
-0.06336332127
-0.07065361217
-0.06199033461
-0.04902137859
-0.0461703893
-0.0480669986
-0.05209335415
-0.05587425118
-0.05871250499
-0.05793958392
-0.05507491598
-0.05358358637
-0.05436370999
-0.05342537151
-0.05417998262
-0.06191220606
-0.06326597029
-0.05095334986
-0.04612529235
-0.04247221781
-0.03749625498
-0.04101081546
-0.04604198874
-0.05133855535
-0.05122834742
-0.0495253865
-0.04755187299
-0.04586616467
-0.04516611571
-0.04574775849
-0.0475046999
-0.04939099721
-0.04727655247
-0.04247255616
-0.03898944517
-0.0409595491
-0.04525926269
-0.05115033919
-0.05556778958
-0.05509071242
-0.05300579497
-0.05058381997
-0.04875248259
-0.04798370452
-0.04847187125
-0.05103201888
-0.05323707895
-0.04881987836
-0.04374483543
-0.04093937792
-0.045986663
-0.05113483646
-0.05584004839
-0.05961790156
-0.05869413165
-0.05627946523
-0.05392899491
-0.05230877453
-0.05148352568
-0.05187740863
-0.05533958486
-0.05749932445
-0.05126341885
-0.04581476027
-0.04305030772
-0.05132336694
-0.0555333208
-0.05959254719
-0.06284890695
-0.06171804956
-0.05934332944
-0.05737089025
-0.05610294462
-0.05511481174
-0.05536898853
-0.05991411513
-0.06301133588
-0.05615205039
-0.04911222134
-0.04482512623
-0.0512029835
-0.05504540548
-0.05868494464
-0.06171743191
-0.06050686933
-0.05824553033
-0.0566254132
-0.05562359412
-0.05426180477
-0.05388453449
-0.05887194727
-0.06320690966
-0.05690135149
-0.04917053267
-0.04425660504
-0.04950928737
-0.05300299755
-0.0562938974
-0.05932297904
-0.05821656195
-0.05606923773
-0.05462337487
-0.05371615126
-0.05185991456
-0.05047734511
-0.05501046434
-0.05985889534
-0.05414892939
-0.04658428917
-0.04221848622
-0.04756134213
-0.05060845032
-0.05394928126
-0.05733223029
-0.05657378785
-0.05461068777
-0.05325849411
-0.05236264194
-0.05012325393
-0.04789716462
-0.0517482576
-0.05651345278
-0.05114803676
-0.04447855581
-0.04143416819
-0.04583465574
-0.04875307645
-0.05230447253
-0.05602832074
-0.0555535873
-0.05369166762
-0.05235625195
-0.05143051459
-0.04900917835
-0.04645738651
-0.05016325752
-0.05519763165
-0.05062807258
-0.04513979195
-0.04231596111
-0.04510426831
-0.0479753728
-0.051459716
-0.05504170455
-0.0542031186
-0.05181883839
-0.0500891982
-0.04898244679
-0.04656705569
-0.04430666993
-0.04868044859
-0.05456165468
-0.05077097421
-0.04536908667
-0.04136613424
-0.04571134118
-0.04847627322
-0.05186750831
-0.05536369157
-0.0539090552
-0.05047140949
-0.04786218177
-0.04638710577
-0.04425769388
-0.04290076263
-0.0483752039
-0.05477953867
-0.05072013941
-0.0447167387
-0.04166938741
-0.04745859033
-0.05101164668
-0.05534180252
-0.05997368873
-0.05898724709
-0.05509153928
-0.05178928413
-0.05013312797
-0.04864547852
-0.04836618669
-0.05427249273
-0.05995709332
-0.05523882473
-0.04978122201
-0.04786660866
-0.04932737571
-0.05319039687
-0.05748939206
-0.06304955826
-0.06325618546
-0.05993663784
-0.05658197829
-0.05522133674
-0.0545806109
-0.05479970225
-0.059965641
-0.06490159984
-0.06079935743
-0.05501619476
-0.04791287345
-0.04722014245
-0.04874091871
-0.05125192107
-0.056164384
-0.05677965273
-0.05403104283
-0.05106266506
-0.05058670516
-0.0507885865
-0.05075315424
-0.05525648934
-0.06080711707
-0.05629992358
-0.04547432605
-0.03556980833
-0.04238570944
-0.04364492796
-0.04595992365
-0.04929216658
-0.04917241331
-0.04648782215
-0.0443358987
-0.04504347714
-0.04535943243
-0.04474921319
-0.04981959918
-0.05504120995
-0.04546687227
-0.03264383281
-0.03106849662
-0.03881438998
-0.04080128505
-0.04333115413
-0.04530481159
-0.04464634649
-0.04243675636
-0.04147164914
-0.04229343049
-0.04137911778
-0.04172594223
-0.04795967625
-0.04800462259
-0.03566405675
-0.03125962449
-0.02971361715
-0.03089520609
-0.03402716957
-0.03749754266
-0.04017320007
-0.04001541658
-0.03900637859
-0.03743101622
-0.03615985526
-0.03557839102
-0.03574185122
-0.03669056498
-0.03756626465
-0.03484785874
-0.03023763551
-0.02740313055
-0.03398910847
-0.03766731368
-0.04101469595
-0.04330781267
-0.04294812423
-0.04158758536
-0.03983316683
-0.0385690406
-0.03789728637
-0.03788400331
-0.03937577873
-0.04030506403
-0.0354117085
-0.03067551258
-0.02947604635
-0.0374803497
-0.04103769123
-0.04368997528
-0.04534300514
-0.04463076737
-0.04316228469
-0.0416532636
-0.04069819644
-0.04002687561
-0.03993029558
-0.04221338804
-0.04303322489
-0.03648323899
-0.03149628853
-0.03132466702
-0.04020042855
-0.04328047289
-0.04531799519
-0.04660265091
-0.04575961802
-0.04441411016
-0.043292516
-0.04265044812
-0.04183168414
-0.04164707953
-0.04482255681
-0.04624048882
-0.03890903384
-0.03304072726
-0.03221288526
-0.03999499175
-0.04288691703
-0.04463678495
-0.04576946523
-0.04488295748
-0.04363834352
-0.04278401003
-0.04231158042
-0.04114300352
-0.04048854004
-0.04408624313
-0.04636302112
-0.0392365599
-0.03287087277
-0.0316217835
-0.03896248129
-0.04157132435
-0.04320972635
-0.04442969127
-0.04361156901
-0.04245369042
-0.04174997135
-0.04133522977
-0.03977050299
-0.03839868295
-0.04179108073
-0.04451839373
-0.0376666793
-0.03122146744
-0.03023710425
-0.03740862991
-0.03985181529
-0.04173753221
-0.04331021923
-0.04275031709
-0.04173928393
-0.04113762456
-0.04076287134
-0.03891121982
-0.03693088943
-0.03989810786
-0.04266705699
-0.0360788371
-0.0302448624
-0.03006655088
-0.03609993101
-0.03860502317
-0.04080579566
-0.04266390816
-0.04229396219
-0.04133967772
-0.04077449136
-0.04043509864
-0.03848128147
-0.03623774954
-0.03909412967
-0.04208592519
-0.03613733906
-0.03120145893
-0.03093100967
-0.03552894124
-0.03803261877
-0.04013505849
-0.04184941047
-0.04116224537
-0.03979684113
-0.03892743102
-0.03846460514
-0.03654318701
-0.03450535363
-0.03782600892
-0.04144125618
-0.0360469113
-0.03106106573
-0.02973154973
-0.03580444756
-0.03806820523
-0.03999847041
-0.04168212128
-0.04060558864
-0.0384944755
-0.03697985076
-0.03619566617
-0.03445023286
-0.03309964252
-0.03726862518
-0.04120613714
-0.03549331847
-0.02998804039
-0.02973334348
-0.03677242622
-0.03942905784
-0.04221225906
-0.04485254526
-0.04424772666
-0.04197824615
-0.04002955568
-0.03909984218
-0.03778552494
-0.03724860346
-0.0416842246
-0.04496045785
-0.03878944063
-0.03396179809
-0.03489718972
-0.03755511185
-0.04023024826
-0.04294599046
-0.04620055402
-0.04633787664
-0.04457931785
-0.0427230546
-0.04208389446
-0.0414171778
-0.04117947038
-0.04493562098
-0.0477294138
-0.04232230926
-0.03735322285
-0.03361234271
-0.03483210353
-0.03525617402
-0.03645061169
-0.03903610568
-0.03925902132
-0.03767238582
-0.03602652114
-0.03604482043
-0.03598396975
-0.03546429967
-0.03877296529
-0.04232796862
-0.03672938487
-0.02734933979
-0.02138311883
-0.03023394649
-0.0305352417
-0.03178052596
-0.03357123427
-0.03327038304
-0.03144604543
-0.03027680246
-0.03110553638
-0.03098478487
-0.02997699862
-0.03400978475
-0.03744350151
-0.02743297527
-0.0170332834
-0.0200154712
-0.02725616455
-0.02905853547
-0.03115686428
-0.03227107772
-0.03167458083
-0.03021798626
-0.02996585837
-0.0307174101
-0.02956210599
-0.02966010075
-0.03493856291
-0.03370597913
-0.0214526313
-0.01976558119
-0.02556329213
-0.02143413669
-0.02328655109
-0.02510453322
-0.02579593182
-0.02559481383
-0.02515565447
-0.02437694484
-0.02393651053
-0.02374893516
-0.02366128878
-0.02400897924
-0.02437887392
-0.02187839013
-0.01863051238
-0.01825252554
-0.02324674447
-0.02534228063
-0.02679200341
-0.02738503207
-0.02710655845
-0.02648808874
-0.02578233453
-0.02546750116
-0.02513645951
-0.02489317588
-0.02571125149
-0.02581904638
-0.02153340424
-0.01919389532
-0.01968766898
-0.0251112824
-0.02688293832
-0.02792826712
-0.02821013538
-0.02781667257
-0.02719871679
-0.02667735043
-0.02652425077
-0.02608438195
-0.02579936987
-0.02722968156
-0.0270665299
-0.02174430858
-0.02018388275
-0.02065135742
-0.02593277504
-0.0274684958
-0.02821850245
-0.02842976311
-0.02800357333
-0.02748302689
-0.0271767119
-0.02706029279
-0.02638437727
-0.02604123685
-0.02805701451
-0.02805562119
-0.02237675327
-0.02071331403
-0.02083581218
-0.02573567851
-0.02713792576
-0.02784091721
-0.0280068268
-0.02752917988
-0.02703511387
-0.02684061135
-0.02672295793
-0.02575950659
-0.02519369667
-0.02755365581
-0.02793985866
-0.02237754209
-0.02040148398
-0.02009298095
-0.02516253774
-0.02646814587
-0.02724172544
-0.02747535101
-0.02699327634
-0.026522401
-0.02639708578
-0.02629652328
-0.02510003907
-0.02419307605
-0.02650655112
-0.02712142802
-0.02163318121
-0.01953638711
-0.01927572802
-0.02423996645
-0.02564403807
-0.02671554207
-0.02716893997
-0.02682404006
-0.02640985208
-0.02631237553
-0.02625769186
-0.02491941441
-0.02371764338
-0.02587702258
-0.02656207214
-0.02119774906
-0.01936461581
-0.01950630855
-0.02360356391
-0.02509393028
-0.02645622366
-0.02706139085
-0.02678475761
-0.02639045314
-0.02628328443
-0.02625154395
-0.02490107775
-0.02359048356
-0.02572917402
-0.02659455911
-0.02159109407
-0.02018863671
-0.02013287146
-0.02322360411
-0.02469313373
-0.02594718933
-0.02638960191
-0.02589151924
-0.0252555241
-0.02500538842
-0.02486761155
-0.02352325726
-0.02236168538
-0.02482868427
-0.02604402119
-0.021263943
-0.01957870248
-0.01894513522
-0.02317958696
-0.02460336117
-0.02565944325
-0.02599180126
-0.02532884217
-0.02432331758
-0.02378424374
-0.02349955211
-0.02221887325
-0.021457337
-0.02443765563
-0.02572644898
-0.02059042407
-0.01865806963
-0.0196294675
-0.02373659768
-0.02553347542
-0.02706213685
-0.02792235372
-0.02754779343
-0.02660813971
-0.02590791906
-0.02560174311
-0.02459069133
-0.02427469954
-0.02727070533
-0.02800962931
-0.02279104269
-0.02187177017
-0.02389453994
-0.02417709982
-0.02573316696
-0.02696771764
-0.02801863464
-0.02777891302
-0.02700726928
-0.02637741714
-0.02628824446
-0.02566477416
-0.02540989024
-0.02784143058
-0.0285671727
-0.02444033681
-0.02329824044
-0.02037024616
-0.02175583522
-0.02147137796
-0.02193349369
-0.02268578922
-0.02244573056
-0.02150793959
-0.02084662439
-0.02107937797
-0.02071638187
-0.02012891489
-0.02246982879
-0.02428819856
-0.01984467182
-0.01450669943
-0.01054075007
-0.01864459997
-0.01887124568
-0.02014582606
-0.02070012902
-0.02025663756
-0.0192172293
-0.01889842418
-0.01951776129
-0.01888327063
-0.0180434507
-0.02143927783
-0.02310302208
-0.01439908207
-0.009306624833
-0.01655816624
-0.01806211994
-0.0189445208
-0.02018438809
-0.02038119218
-0.0197378457
-0.01890051347
-0.01912683507
-0.01941362304
-0.01802794062
-0.01866727736
-0.02307556246
-0.01979421592
-0.009894713286
-0.01643117632
-0.02325513765
-0.01805683061
-0.01778855811
-0.01706567521
-0.01634372244
-0.0159977292
-0.01600937695
-0.01613146428
-0.01620368727
-0.01582729806
-0.01537957267
-0.01483655289
-0.01435319272
-0.01395492233
-0.01371602497
-0.01370905665
-0.01757198904
-0.01724017878
-0.01689341488
-0.01644285961
-0.01621366553
-0.01619556657
-0.01610452829
-0.01595023739
-0.01552755586
-0.01497415106
-0.01430147241
-0.01379827584
-0.01326259037
-0.01310318921
-0.01353525009
-0.01717552871
-0.01693861997
-0.01655473679
-0.01622738533
-0.01621674563
-0.01624090814
-0.01606013248
-0.01577736699
-0.01506542888
-0.01430768554
-0.01356971764
-0.01305336147
-0.01249743686
-0.01250073323
-0.01327237399
-0.01665221259
-0.01643199075
-0.01621253891
-0.01619987349
-0.01631747202
-0.01629544999
-0.0159921526
-0.01546827183
-0.01436341027
-0.01335874856
-0.01266362292
-0.01234738484
-0.01208808151
-0.01224151345
-0.01265367816
-0.01628189553
-0.01625863407
-0.016236715
-0.01638647017
-0.01639343959
-0.01610003256
-0.01561440232
-0.01497130683
-0.01371149886
-0.01254397374
-0.01198126559
-0.01197226063
-0.01206018253
-0.01222227608
-0.01227207758
-0.01597454265
-0.01626605497
-0.0163855336
-0.01648055888
-0.01625607561
-0.01566489181
-0.01496509903
-0.01437277906
-0.01342594134
-0.01238946819
-0.01178219167
-0.01178323171
-0.01210455147
-0.01247192541
-0.01218099289
-0.0155976451
-0.01609336631
-0.0163247972
-0.01636854048
-0.01613014809
-0.0154955169
-0.01451613495
-0.01375318627
-0.01313492944
-0.01249366879
-0.01204107623
-0.01207105718
-0.01241658363
-0.01277173496
-0.01275504993
-0.0149853523
-0.01579588592
-0.01610069147
-0.01602691224
-0.01590369636
-0.01555158074
-0.01448432151
-0.01324316145
-0.0125976696
-0.01234654804
-0.01227851278
-0.01255494587
-0.01299044976
-0.01313592365
-0.01317033886
-0.01436873475
-0.01538830815
-0.01584455132
-0.01544576553
-0.01524299802
-0.01512683082
-0.01443740973
-0.01312777257
-0.01230927087
-0.01225870869
-0.0125487679
-0.01302304269
-0.01349051449
-0.0135642506
-0.01354215818
-0.01440228496
-0.01484897848
-0.01531727508
-0.01471400959
-0.01414949719
-0.01391864595
-0.01357434654
-0.01291750389
-0.01230934648
-0.01223736404
-0.01267308754
-0.0132964021
-0.01375767507
-0.01389552248
-0.01404991382
-0.01444272083
-0.01432657451
-0.01411939029
-0.01423222646
-0.01354740524
-0.01302214206
-0.01257386585
-0.0125282937
-0.01248759612
-0.01250565562
-0.01293877013
-0.01360485474
-0.01399364027
-0.01412469469
-0.01403732973
-0.01411777593
-0.01443474173
-0.01295497155
-0.01369970799
-0.01367111499
-0.01307851642
-0.01222435545
-0.01199319544
-0.01215746026
-0.01247020921
-0.01314884959
-0.01395262999
-0.0143375647
-0.0143533376
-0.01396302441
-0.01251209618
-0.01458296919
-0.01384847823
-0.01341494121
-0.01265674445
-0.01204573213
-0.01171269853
-0.01169789498
-0.01183175748
-0.01211431371
-0.01286109476
-0.01383865876
-0.01434446378
-0.01420611719
-0.01383164216
-0.01139324499
-0.01360520842
-0.01517113264
-0.01462303067
-0.01282662737
-0.01147748869
-0.01103419816
-0.01104177399
-0.01118708956
-0.0115696457
-0.01252049417
-0.01368221566
-0.0141600045
-0.01414840188
-0.01437671725
-0.01357145867
-0.01574955171
-0.01660715532
-0.01425148236
-0.01164199294
-0.01066663068
-0.01045622587
-0.01041200739
-0.0104329156
-0.01095138604
-0.01200448858
-0.01301768476
-0.01362953627
-0.01410359357
-0.01404489836
-0.0195435919
-0.02052839945
-0.0218726154
-0.02357951423
-0.02514737534
-0.02604164396
-0.02586263044
-0.01829305965
-0.01888326093
-0.01993294546
-0.0213867928
-0.02296827834
-0.02432713557
-0.02499420027
-0.01584734538
-0.01635114078
-0.0174089968
-0.01871119751
-0.02019168027
-0.02175569581
-0.02310284794
-0.01333952822
-0.01375374766
-0.01480368583
-0.01632901254
-0.01804837855
-0.01980710074
-0.02127531583
-0.01120998083
-0.01171260445
-0.01261851772
-0.01425716273
-0.01623348239
-0.01846090056
-0.02014761474
-0.009872084511
-0.01026999225
-0.01118400123
-0.01293429963
-0.01490487158
-0.01739669031
-0.01959830816
-0.009404515598
-0.009724069521
-0.01062952959
-0.01230367272
-0.014299253
-0.01653455916
-0.01942016726
-0.009063771691
-0.009581575332
-0.01060562256
-0.0121837572
-0.0141434376
-0.01639071496
-0.01929129402
-0.009106439241
-0.009697697394
-0.01077853088
-0.01233466431
-0.01430132317
-0.01658486174
-0.01965241071
-0.00953597069
-0.01014428156
-0.01110520288
-0.01261494926
-0.01464998687
-0.01697826055
-0.02001948468
-0.01020213512
-0.01071344625
-0.01166816575
-0.0131579643
-0.01520043877
-0.01756754372
-0.02050502856
-0.01114823896
-0.01153525965
-0.01246474455
-0.01408775278
-0.01627150417
-0.01861977751
-0.02114837618
-0.01237700199
-0.01279139977
-0.01378320243
-0.01545894067
-0.0177040964
-0.01981870991
-0.0219104265
-0.01371398658
-0.01424539275
-0.01545144834
-0.01715216892
-0.01937400337
-0.02137270812
-0.02297891291
-0.014804514
-0.01543682275
-0.01678854952
-0.0186308767
-0.02089908
-0.02276619998
-0.02377541178
-0.01984989342
-0.02062682611
-0.02197830408
-0.02374452894
-0.02548267766
-0.0267687067
-0.0272585194
-0.01841000967
-0.01898099598
-0.02003699956
-0.02156184396
-0.02323830343
-0.02486813201
-0.02602914718
-0.01593717263
-0.01636489864
-0.01746700691
-0.01887550866
-0.0206764623
-0.02264442466
-0.02435889542
-0.01333282108
-0.01376165018
-0.01488886011
-0.01655906645
-0.01862928656
-0.02075048256
-0.02271310091
-0.01126552995
-0.0118625325
-0.01289438925
-0.01463854132
-0.01683829206
-0.01918778185
-0.02129392606
-0.01013737171
-0.01060292723
-0.0116366233
-0.01339247617
-0.01547742964
-0.01787151846
-0.02033343218
-0.009683746334
-0.01008431579
-0.01112999919
-0.01277528655
-0.01494472294
-0.0172998494
-0.01973355944
-0.009447364792
-0.01000287812
-0.01101631675
-0.01258207579
-0.01464418158
-0.01692650817
-0.01954154836
-0.009651681072
-0.01023501996
-0.01126176223
-0.01251095407
-0.01439897309
-0.01667966019
-0.01949735912
-0.01015006649
-0.01062002669
-0.01157070875
-0.01280123544
-0.01449042841
-0.01679980894
-0.01951870477
-0.01079608066
-0.01112651082
-0.01197205835
-0.01314832518
-0.01488817183
-0.01721792442
-0.01977964894
-0.01163942785
-0.01194620256
-0.01282998075
-0.01406210292
-0.01586455924
-0.01812224472
-0.02023785286
-0.01286087644
-0.01324707515
-0.01418663494
-0.0154893298
-0.01724209855
-0.01929087829
-0.02090449555
-0.01432279801
-0.01473606942
-0.01573804007
-0.01712079438
-0.01892156726
-0.02073146907
-0.02183714066
-0.01546539485
-0.01593275962
-0.01695462678
-0.0184707991
-0.02036888001
-0.02200941169
-0.02253862114
-0.0193438714
-0.02009697688
-0.02146289479
-0.02333659329
-0.02542782804
-0.02733847559
-0.02849611779
-0.01777032535
-0.01843874517
-0.01956401225
-0.02129070144
-0.02338639451
-0.02557403122
-0.02741345294
-0.01542824941
-0.01596000836
-0.01707323305
-0.01870087653
-0.02087349977
-0.02348734209
-0.02580420218
-0.01308820695
-0.01360915008
-0.01476869661
-0.01640874341
-0.01872520201
-0.02145017822
-0.02398818991
-0.01119633927
-0.01187413353
-0.01306831595
-0.01468347641
-0.01689484878
-0.01966010726
-0.02228776009
-0.01027966727
-0.01083061257
-0.01195351056
-0.01351933188
-0.01562774356
-0.01812957537
-0.02097133147
-0.01006861937
-0.01054928952
-0.01149087373
-0.01301902487
-0.014811363
-0.01707599681
-0.01994492644
-0.01006930981
-0.01059931364
-0.01146952927
-0.01264740789
-0.01434098263
-0.01631558414
-0.01916008479
-0.0102873771
-0.01079264194
-0.01165787027
-0.01257162795
-0.01394185269
-0.01573664102
-0.01820630712
-0.01075842993
-0.01110302683
-0.01175969896
-0.01261634233
-0.0138341231
-0.01545090387
-0.01778166509
-0.01126742174
-0.01151125117
-0.0120359469
-0.01284353624
-0.01400571358
-0.01564075429
-0.01768097295
-0.01195336004
-0.01221738144
-0.01279547985
-0.01358687043
-0.01473747905
-0.01636692269
-0.01802269549
-0.01312244931
-0.01346260458
-0.01402876159
-0.01482238953
-0.01591138049
-0.01746478172
-0.01870359557
-0.01455710507
-0.01488258624
-0.01544720513
-0.01624521785
-0.01743768955
-0.01881650798
-0.01959945962
-0.01557125785
-0.01587235111
-0.01650199109
-0.01749118897
-0.01882990946
-0.02017885905
-0.02027288294
-0.01804825053
-0.01873385253
-0.01995565083
-0.02175959996
-0.02396547968
-0.02622554355
-0.02773251543
-0.01646554042
-0.01703337639
-0.01811697699
-0.019834201
-0.02211302647
-0.02464328824
-0.02686050288
-0.01441966533
-0.01489433389
-0.01589475695
-0.01744932541
-0.01971585423
-0.02266284685
-0.02526037759
-0.01223851385
-0.01276639081
-0.01375727549
-0.01528267072
-0.01759484892
-0.020447361
-0.02337292432
-0.01058797993
-0.01117974865
-0.01217411173
-0.0136131839
-0.0156944556
-0.01839425522
-0.02154444726
-0.00995153926
-0.0103969064
-0.01125625721
-0.01259742295
-0.01431602206
-0.01666468086
-0.01994800666
-0.009906481932
-0.01031239081
-0.01099330455
-0.01209601992
-0.01344925045
-0.01537053642
-0.01843844773
-0.009947272286
-0.01034287375
-0.01095022949
-0.01166963929
-0.01280750707
-0.01432925558
-0.01717492772
-0.0100047586
-0.0103905681
-0.0108438757
-0.01144099502
-0.01222861158
-0.01366173363
-0.01580279169
-0.01028528618
-0.01048613353
-0.01082033789
-0.01123992771
-0.01202975984
-0.01301367255
-0.01510200998
-0.01055466745
-0.01069624149
-0.01103792879
-0.01144088285
-0.01211877697
-0.01304419411
-0.01489763599
-0.01105890313
-0.01128086649
-0.01165740947
-0.01205046191
-0.01276222023
-0.01370964222
-0.01524262557
-0.01201965655
-0.01233150776
-0.01263164514
-0.01302224717
-0.01373347236
-0.01479857772
-0.01609652558
-0.01324476003
-0.01350595143
-0.01373276971
-0.01413693211
-0.0148812064
-0.01592487771
-0.01713097104
-0.01397232972
-0.01419409117
-0.01459991991
-0.01518352437
-0.01607744452
-0.0170319266
-0.01796022194
-0.01550811016
-0.01606593264
-0.01691005129
-0.01824070921
-0.02003389556
-0.02221041484
-0.02372131269
-0.01387768991
-0.01431086262
-0.01523259869
-0.01659909357
-0.01853960955
-0.02099101177
-0.02337140309
-0.01194108642
-0.0122371072
-0.01306223979
-0.01436906501
-0.01629705503
-0.0190127646
-0.02195929158
-0.009961558154
-0.01035857124
-0.01112735985
-0.01236662608
-0.01430537424
-0.01698150092
-0.02005255461
-0.008588285715
-0.008980488573
-0.00972586479
-0.01079409851
-0.01247892752
-0.01502447387
-0.0182761068
-0.008062883764
-0.008327242857
-0.008917576793
-0.009826389461
-0.01105420343
-0.01329839214
-0.01661237775
-0.008044710296
-0.008270859326
-0.008757391267
-0.009362682953
-0.01010516223
-0.01195072476
-0.01502150548
-0.008103456331
-0.008242879151
-0.008603064331
-0.008952978377
-0.009508964471
-0.01095656536
-0.01365673726
-0.007956041657
-0.008155575451
-0.008309376955
-0.008491773187
-0.008996191058
-0.01013991333
-0.01251093066
-0.007854923754
-0.008069276753
-0.008130384725
-0.008131300015
-0.008668451564
-0.009559434213
-0.01172382107
-0.007891539035
-0.008096779619
-0.008237066306
-0.008265573815
-0.00870859579
-0.00956680346
-0.01146890749
-0.008271807097
-0.008513735081
-0.008727020821
-0.008806230123
-0.009314363997
-0.01002438518
-0.0119327014
-0.008994571925
-0.009246414345
-0.009408710108
-0.009573086695
-0.01023606076
-0.01093329978
-0.01267694616
-0.009766163732
-0.009958658837
-0.01012329283
-0.01049809133
-0.01118262711
-0.01206306055
-0.01342354873
-0.01005155736
-0.01024559169
-0.0107315212
-0.01132565711
-0.0122107721
-0.01305051485
-0.01415523235
-0.01105059482
-0.01133531008
-0.0116426353
-0.0121490124
-0.01320825895
-0.014746651
-0.016202953
-0.009337792336
-0.009585976508
-0.01007964905
-0.01085722659
-0.01205926105
-0.01388092497
-0.01611226467
-0.007461210654
-0.007676605486
-0.00816583911
-0.009109655003
-0.01048936124
-0.01245995016
-0.01557067492
-0.005756383077
-0.00601094005
-0.006534191494
-0.007418725785
-0.008987187418
-0.01108531889
-0.01450720366
-0.004691264291
-0.004909718433
-0.005484191705
-0.006106097402
-0.007392582734
-0.009615910384
-0.01309497267
-0.004211752137
-0.004358872737
-0.004700207315
-0.005149911674
-0.006106802619
-0.008177149996
-0.01140094283
-0.004141397518
-0.004193193152
-0.004302749038
-0.004532392079
-0.005303772036
-0.007057322615
-0.009833269666
-0.004135591353
-0.004170784023
-0.004111367816
-0.004156866996
-0.004705261993
-0.006198601598
-0.008593840744
-0.003886288824
-0.0039647655
-0.003801561053
-0.003717211563
-0.00428543926
-0.005499025792
-0.007588885956
-0.003551383999
-0.003683343583
-0.003470961374
-0.003411899501
-0.003937092058
-0.004716620276
-0.006538157238
-0.003474919494
-0.003596986382
-0.003421080707
-0.00330246738
-0.003873309997
-0.004551329869
-0.006319042231
-0.003678170876
-0.003796371949
-0.003659357543
-0.003715836583
-0.004197136138
-0.004967928557
-0.006586261506
-0.004000631484
-0.004108326389
-0.003967511012
-0.004208136807
-0.004823582678
-0.005753197239
-0.006915628088
-0.004211090418
-0.004240932213
-0.004322043557
-0.004699434189
-0.005455407843
-0.006382860866
-0.007126378043
-0.004089735196
-0.00419143178
-0.00458649676
-0.005038178143
-0.005930843452
-0.006846227241
-0.007788291035
-0.004357392608
-0.004267367187
-0.003894949284
-0.003528368401
-0.00346451316
-0.00366975409
-0.004345798138
-0.002872122158
-0.002784403814
-0.002702411494
-0.00275254433
-0.002966182212
-0.003604847529
-0.004829304987
-0.001313574092
-0.001309438969
-0.001469299824
-0.001656584648
-0.002124537012
-0.00305703228
-0.005272670407
-0.0001089051518
-0.0001293053515
-0.0003409816554
-0.0005787166075
-0.001398984781
-0.002536766733
-0.005084040979
0.000646877034
0.0006064162653
0.0004466949029
0.0002661165848
-0.0005923431831
-0.001859715645
-0.004273862052
0.001062975697
0.001091216488
0.001167792306
0.0009365818524
2.321973607e-05
-0.001327394704
-0.003193168528
0.001167858807
0.001439108857
0.001783515163
0.001656993209
0.0006162419648
-0.0004993847226
-0.002207171393
0.001217887202
0.001486928613
0.001940776078
0.00201518007
0.001313785374
0.0002056781817
-0.001533566385
0.001618681124
0.001752104244
0.002150465319
0.002270320309
0.001746802253
0.0009879648358
-0.001065421182
0.002066102637
0.002171339566
0.002574269323
0.00244912983
0.002074388856
0.001332821376
-0.0001573400624
0.002259947503
0.002430903704
0.002776397406
0.002657205285
0.002184289192
0.001677222545
0.0008294502695
0.002358959559
0.002477383288
0.002896535777
0.002625755904
0.002219410314
0.001585037712
0.001459903821
0.002558830981
0.002675298708
0.002957949641
0.002657353899
0.00211038163
0.001883474065
0.001660783876
0.002721246171
0.002950302385
0.002940574641
0.002655363775
0.002300032891
0.001998271153
0.001358306165
0.003063634373
0.003236830539
0.003132688905
0.002905574825
0.002713314532
0.001864686061
0.0008858723145
0.003873930114
0.004341895698
0.005299472384
0.006503859986
0.007870324461
0.009013022413
0.009041423204
0.004835801624
0.005225843197
0.005859934243
0.006613349464
0.007570722624
0.008432845141
0.008578515703
0.005712920153
0.006018904794
0.006391439553
0.007060927698
0.007580300489
0.008080048915
0.007967798895
0.006168094403
0.006425111423
0.006796235802
0.007249296612
0.007361692979
0.007581108294
0.007439812738
0.006570202797
0.006781107072
0.007183534082
0.007414271408
0.007220741167
0.007609860072
0.007561483709
0.006845355605
0.00714870546
0.007544134046
0.007497951729
0.007278006735
0.007339011765
0.007429924117
0.006940302137
0.007528025096
0.008058608134
0.00799350673
0.007600795942
0.007234359228
0.007412321492
0.007143223366
0.00766784654
0.008203239173
0.008252925321
0.008133558714
0.007699043824
0.007466935124
0.007664813457
0.008035207715
0.008540088623
0.008700509374
0.008678524805
0.008516531084
0.008111370404
0.008139404139
0.00861314118
0.009002332603
0.009073535659
0.009043849054
0.008761466887
0.008769475835
0.008430943541
0.008880393356
0.00916554786
0.009453074116
0.009343137993
0.009430675868
0.009861955161
0.008980819669
0.009262301463
0.009576695297
0.009763448295
0.009996666425
0.01012224182
0.01160851096
0.009515821053
0.009829816609
0.01007075194
0.01026167666
0.01079935845
0.0115205218
0.01285374483
0.009925842966
0.01034071695
0.01053855159
0.01084589248
0.01159595463
0.01223365922
0.01298905278
0.01036820002
0.01088674777
0.01133867153
0.01181852019
0.0125151906
0.01258909873
0.01299256971
0.01232108011
0.01309613354
0.014449865
0.01621913977
0.01838832661
0.02038033902
0.02142892535
0.01259636154
0.01328059863
0.01435903359
0.0157485804
0.0173179771
0.01929071391
0.02035010307
0.01254256751
0.01311443262
0.01394036816
0.0151697982
0.01653459653
0.01851471807
0.02017270576
0.0121776498
0.01267839912
0.0135800452
0.01445908017
0.01547821796
0.0173820657
0.01974684588
0.01197776264
0.01247479702
0.01324886712
0.01381293893
0.0145863995
0.01635360231
0.01894316982
0.01200257074
0.01263380749
0.01305975363
0.01340917946
0.01408702731
0.01549425159
0.01793001095
0.01212989999
0.01290577839
0.01328788433
0.01353926116
0.0141948337
0.01523480662
0.01700631719
0.01255975132
0.0132100583
0.01353423913
0.01381050523
0.01463579585
0.01535128029
0.0174397705
0.01311104612
0.01373811498
0.01402752706
0.01446611828
0.0152171546
0.01621923346
0.01798487563
0.01344751935
0.01424065211
0.01457033689
0.01512824687
0.01570297487
0.01658989961
0.01854759314
0.0140246778
0.01455542976
0.01493391332
0.0158167356
0.01647489262
0.01697464035
0.01947218695
0.01495570358
0.01515025553
0.01562493306
0.0166801659
0.01753799308
0.01804771598
0.02077425598
0.01583673713
0.0160229786
0.01646652679
0.01759708055
0.0185999536
0.01971500239
0.02229245647
0.01643938605
0.01668595169
0.01731004473
0.01848216313
0.01986483832
0.02127143804
0.02398804215
0.0168441209
0.01732441926
0.01830170674
0.01957237227
0.02123058535
0.02262831987
0.02464048094
0.01953552652
0.02033007443
0.02170464328
0.02338608229
0.02525949152
0.02719105106
0.02878246468
0.01901416219
0.01973067052
0.02099136843
0.02278536177
0.02456048954
0.02665606942
0.02884543979
0.01801857631
0.01871706208
0.01977272956
0.02105510683
0.02298107697
0.02534884393
0.02818859948
0.01692524076
0.01750282089
0.01868659063
0.0198291482
0.02145330328
0.02417920968
0.0273579509
0.01613688221
0.01668832963
0.01753222606
0.01887458849
0.02037489828
0.02300051355
0.02594348893
0.01591115707
0.01652615905
0.01682727488
0.01798005965
0.01977232598
0.02156139723
0.02509827726
0.01623339467
0.01671983902
0.01696572455
0.01786782991
0.0194344904
0.02140102518
0.024997589
0.0166779331
0.01721660186
0.01732969303
0.01813877262
0.01945896731
0.02185985105
0.02578585477
0.01698894586
0.01767545453
0.01787659035
0.01874137097
0.0199611867
0.02233849874
0.02668056334
0.01740259253
0.01802056152
0.01852298663
0.01940972663
0.02078118331
0.02312832902
0.02707822833
0.01828073112
0.01852719901
0.01913656833
0.020317711
0.02180238589
0.02360916263
0.02677341787
0.01946146345
0.01944693448
0.02015043709
0.02140347787
0.02313832183
0.02534950491
0.02801652242
0.0207255211
0.02074602269
0.02161266301
0.02300210183
0.02491700754
0.0270474719
0.02921125481
0.02162361263
0.02182519882
0.02290350553
0.02435512829
0.02679597021
0.02917786943
0.03125661888
0.02194391023
0.02251538514
0.02386994822
0.0256951803
0.02844322655
0.03073112953
0.03275775115
0.02462847441
0.02547812167
0.02667563673
0.02792172379
0.0292363185
0.03064241864
0.03241265238
0.02366432608
0.02445544443
0.02562442577
0.0271429521
0.0285984564
0.03017414585
0.03195908089
0.02186328366
0.02256660681
0.02390460613
0.025189633
0.02723902118
0.02945710467
0.03194032942
0.02037739693
0.02072159436
0.02193614994
0.02353724831
0.02579968227
0.028982523
0.03171028485
0.0191445778
0.01965501105
0.02042129631
0.02226239874
0.02450743274
0.02751877734
0.03117294021
0.01853332319
0.0190734144
0.01957299611
0.02141899436
0.02364343894
0.02639188602
0.03012299126
0.01883886979
0.01906418198
0.01939751865
0.02112608485
0.02319656506
0.02603384266
0.03033785782
0.01905261471
0.01929205664
0.0195883122
0.02093142335
0.0232725227
0.02623883681
0.03078850392
0.0193258834
0.01960414531
0.02020157658
0.0213505679
0.02341300544
0.02625284187
0.03097644896
0.01993208173
0.02009486034
0.02087370925
0.0220881162
0.02421662269
0.02638251555
0.02998160587
0.0208981651
0.02097385931
0.02163847451
0.0227632009
0.02503998907
0.02802366149
0.0303655397
0.02207531854
0.02213764239
0.02282547412
0.0242658023
0.02670968423
0.02959155673
0.03179261692
0.02355081743
0.02373464615
0.02454621809
0.0260249482
0.02818515699
0.03094115964
0.03304962099
0.02465798982
0.02514283912
0.02628310077
0.02793410873
0.03003452814
0.03256923097
0.03448077992
0.02529261099
0.02622145298
0.02768029616
0.02950844726
0.03158374599
0.03406129766
0.035834244
0.0276879951
0.02844064212
0.02931634206
0.0298981588
0.0303125448
0.03102916098
0.03253878393
0.02638272122
0.02707911777
0.02828436502
0.02937157104
0.03030032553
0.03115132551
0.03312025863
0.0243434268
0.0249250529
0.02626832712
0.02744150348
0.02912409781
0.03047913533
0.0327634139
0.02257706514
0.02298206687
0.02406176815
0.02558252825
0.02770451452
0.02988141823
0.03248414077
0.02074847306
0.02139713142
0.02228290686
0.02417063268
0.02697662409
0.02935611061
0.03270026495
0.01983594758
0.02027302549
0.02131166504
0.02329223859
0.02622754034
0.02831855447
0.03266644202
0.01984757542
0.0198710803
0.02089663014
0.02263848866
0.02555405802
0.02776101745
0.03247514116
0.01980108658
0.01977541768
0.02058905528
0.02262618806
0.02522692703
0.02821526816
0.03248854329
0.02004639461
0.01996816342
0.02074778822
0.02234522032
0.02547896396
0.02805429438
0.0322000303
0.02061027471
0.02058801996
0.02144815876
0.02283356501
0.02614095277
0.02840152142
0.03374551202
0.02149029902
0.02175748436
0.02243702051
0.02377594611
0.02708765133
0.03023526509
0.0337004669
0.0228312281
0.02328551799
0.02382286591
0.02520885684
0.02798268185
0.03136164121
0.03377793167
0.02444414265
0.0249533797
0.02564751141
0.02696146799
0.02946866912
0.03176219214
0.03408894348
0.02594667343
0.02673110551
0.02798872648
0.02917777312
0.03100462141
0.03271105954
0.03435466159
0.02728369623
0.0282741108
0.02961094647
0.0307192887
0.03210353706
0.03421141975
0.03506735435
0.02875691822
0.02977181915
0.03048247304
0.03076977297
0.03088763827
0.03117750416
0.03174177415
0.02766946337
0.02855959737
0.0296412728
0.03006957733
0.03046259351
0.03103552606
0.03177770421
0.02553054289
0.02626469932
0.02748831006
0.02848043256
0.0292959133
0.03050405947
0.03166165701
0.02336383595
0.02404178599
0.02493563547
0.0262915346
0.02794053649
0.02894103027
0.03127323797
0.02127800154
0.02213399305
0.02319944132
0.02461944504
0.02700844199
0.02780791106
0.03065373689
0.02007146966
0.02052388962
0.02188051808
0.02336877702
0.02618995045
0.02802276941
0.03015942966
0.01945478089
0.01969984702
0.02106451366
0.02257037099
0.02582851397
0.02772598181
0.02926925721
0.01903314635
0.01934122951
0.02069090798
0.02241507224
0.02488162297
0.02787197376
0.0289674101
0.01935589292
0.01940296213
0.02052914828
0.02226675279
0.02483350095
0.02741491957
0.02965559793
0.02024090441
0.02036327386
0.02100007694
0.02254234615
0.0244797896
0.02832075344
0.02914411312
0.02099045404
0.02156259228
0.02216343876
0.02339922629
0.02544628768
0.02898389757
0.03159504036
0.02230449638
0.02310897105
0.02393062032
0.02507686545
0.02710949451
0.03036405589
0.03122651978
0.02418299987
0.02496876348
0.02595967217
0.02717043909
0.02866129887
0.03099851081
0.0314807033
0.02616830601
0.02702246459
0.02802206209
0.02910768174
0.03027494878
0.03158004143
0.03179981749
0.02807407163
0.02891110967
0.02947106979
0.03032046822
0.03131378031
0.03242185822
0.03225857938
0.02763453655
0.02869850923
0.02957399267
0.03010147464
0.03017928279
0.02978929559
0.02885163982
0.02684315236
0.02787200659
0.02888303342
0.02960369175
0.02960499715
0.02940990078
0.02720789998
0.02513120913
0.02600881062
0.02693958232
0.02792505364
0.0282366249
0.02898182378
0.02703792811
0.02291161583
0.02380434736
0.02451020578
0.0254878499
0.02626005655
0.02772860737
0.02485575673
0.02074263358
0.02140122669
0.02245285289
0.02345410651
0.02497849567
0.026618942
0.0256286181
0.0194649771
0.01982052604
0.02120356655
0.02216696537
0.02387336384
0.02652302433
0.02668682652
0.01818362413
0.01877416992
0.02005186842
0.02149546908
0.02276944643
0.02620117323
0.02684698641
0.01734420852
0.01823270668
0.01960758606
0.02098209987
0.0229502019
0.02566797171
0.02666672718
0.0176533975
0.0184434636
0.01977807309
0.02152639383
0.02299806443
0.02589146873
0.02604895928
0.01863651741
0.01946687274
0.02028564782
0.0218895211
0.02311283955
0.02637526966
0.02728038818
0.01957341849
0.02055865653
0.02161703981
0.02270071653
0.02405990848
0.02680570447
0.02745665062
0.02098204109
0.02206475199
0.02326649964
0.02453469104
0.02514702422
0.02713671566
0.02852802759
0.02287113275
0.02397003258
0.02493778457
0.0261367824
0.02656036208
0.02782737527
0.0288360323
0.02508778084
0.02601824454
0.02680382873
0.02765125288
0.02793447942
0.0287013693
0.02941349619
0.02725593923
0.02790550753
0.0282355849
0.02876373337
0.02876542695
0.02910677239
0.02953262096
0.02390444168
0.02491996986
0.02611809536
0.02726238956
0.02753876264
0.02739523072
0.02679350494
0.02378110355
0.0246575689
0.02560614159
0.02678351522
0.0270249539
0.02729153511
0.02619690827
0.02273134511
0.02334501613
0.02397640305
0.02484914799
0.02539139218
0.02627883994
0.02525663854
0.02108156721
0.0217184281
0.02242140074
0.02307499231
0.02387425224
0.02504899759
0.02336749874
0.01934546178
0.01965670912
0.02058573455
0.0216480009
0.02230221584
0.02494871246
0.02266021848
0.01788505791
0.01830261618
0.01929101004
0.02082303472
0.02138981325
0.02368077871
0.02458706221
0.01631077215
0.01723155185
0.01841619937
0.02000605648
0.02045377967
0.02262844774
0.02546276694
0.01535282559
0.01648204188
0.0180875781
0.0196746754
0.02059273486
0.02236188582
0.02543278163
0.01568934006
0.01683477069
0.01816712625
0.01993615995
0.0208454484
0.02314050555
0.02536760394
0.01649230859
0.01753321742
0.01890141294
0.02019579764
0.02145491141
0.02267915926
0.02560742727
0.01770654641
0.0185849915
0.01981009939
0.02103070246
0.02189054277
0.02352367491
0.02608290764
0.01910667098
0.02002580949
0.02097831798
0.02265065801
0.02336309482
0.02384000792
0.02607394251
0.02121166511
0.02200163946
0.02286703739
0.02398074522
0.02390547241
0.02442762825
0.02573236562
0.02374582697
0.02403073933
0.02447129732
0.02498783761
0.02514442688
0.02527506759
0.02567717843
0.02533696541
0.02564350305
0.02578486516
0.02549544939
0.0256286397
0.02606201462
0.02618132686
0.01841057928
0.01904726029
0.02031242666
0.02204670635
0.0236474699
0.02472811174
0.02431472315
0.01866366838
0.0191822927
0.0201496104
0.02134381904
0.02285490746
0.02461662609
0.0242980465
0.01828066361
0.01860476144
0.0195085305
0.02044326946
0.02122165463
0.02231539981
0.02283607754
0.01754557206
0.01761602173
0.01831170458
0.0192418211
0.0199233368
0.02054550885
0.02220183196
0.01666727636
0.01661728239
0.01697554652
0.01825063212
0.01866803611
0.01969699541
0.02132095544
0.01529928154
0.01570931172
0.01603186176
0.0176432344
0.01784912877
0.01925829856
0.02132136712
0.01380446866
0.01444945077
0.01527008861
0.017067207
0.01748134138
0.01875206116
0.02198950159
0.01317295772
0.01375299234
0.01488451317
0.01654481162
0.01723379754
0.01868331863
0.0218972819
0.01335864335
0.01370820761
0.0148483491
0.0159965915
0.01707353748
0.01914373125
0.02208127201
0.01424703335
0.01429514996
0.01526272028
0.01614282118
0.01742231484
0.01943303266
0.02128740189
0.0153514261
0.01550757009
0.01599102306
0.01713049876
0.01823377358
0.01932269676
0.02120273813
0.01680825472
0.01701261443
0.01725527373
0.01804925386
0.01905332773
0.01989353541
0.0212317939
0.01871774241
0.01854572737
0.01865131058
0.01896171484
0.01965014647
0.02031392682
0.02143661793
0.02038006011
0.0199444382
0.01982957956
0.01977504579
0.0202508149
0.02089708004
0.02141734584
0.02093477296
0.02094101397
0.02082670956
0.02063308397
0.02109254613
0.02150062258
0.02135996285
0.01268024491
0.01295113568
0.01403770287
0.01591982526
0.01834024202
0.02022575183
0.01992769987
0.01310061733
0.01311675196
0.01388958354
0.01550501264
0.01735745091
0.01914019263
0.01953161553
0.01319786223
0.01303002161
0.0135654948
0.01488367604
0.01635835171
0.01698736628
0.01787715849
0.01296098062
0.01293215221
0.01315449567
0.01401321767
0.01475405227
0.01572060629
0.01689962804
0.01245539518
0.01264853854
0.01259484872
0.01339643329
0.01396758662
0.01510918592
0.01653258149
0.01182347073
0.01204834159
0.01194157386
0.01273554193
0.01333790926
0.01541821713
0.01604454252
0.01140902216
0.01115160688
0.01130353999
0.01208850387
0.01332247381
0.01508154476
0.01603824363
0.01124867123
0.01080495713
0.01127283266
0.01200134317
0.013530924
0.01521917011
0.01689251409
0.01143151666
0.011005999
0.01168008342
0.01221188718
0.01343429043
0.01495870246
0.01694084938
0.01172263891
0.01154896933
0.01190071784
0.01211851724
0.01299606357
0.01438732825
0.01652418136
0.01196122013
0.0120793492
0.01238048966
0.01207180677
0.01361050711
0.01488646456
0.01739179106
0.01297358128
0.01316016119
0.01348795356
0.01302231587
0.0137804015
0.01538134319
0.01720414506
0.01441853793
0.01416971513
0.01396002194
0.01338543166
0.01401460368
0.01514099345
0.01679592469
0.01503743839
0.01446605947
0.01391775289
0.01376951532
0.01436303128
0.01509144816
0.0162090513
0.01512483648
0.01485960806
0.01423878859
0.01431003129
0.01511065356
0.01550488629
0.01593104331
0.007507796956
0.007625183634
0.008126477214
0.009331125222
0.01140485143
0.01307569572
0.01355232257
0.007996394952
0.007877994504
0.007885254316
0.009135058149
0.01083987672
0.01239163095
0.01306557791
0.007967928504
0.007902192436
0.007888660158
0.00884183874
0.01026649641
0.01131695293
0.01147725764
0.007848042532
0.007851210462
0.008025921563
0.008554086779
0.009394632789
0.01015065887
0.01048031959
0.007626569547
0.007741165467
0.007877586845
0.008045779577
0.008652521465
0.009834392199
0.01022606273
0.007713500263
0.007552194721
0.007714274978
0.007920079526
0.008787031057
0.01007549371
0.01084012694
0.008099174366
0.007581792558
0.007615399046
0.00778320131
0.0092644052
0.01048876403
0.01095876798
0.008129644622
0.007766870403
0.007891049398
0.007952328679
0.009047357766
0.0105457472
0.01148514038
0.007916047862
0.008047396859
0.008278908978
0.008153737838
0.009106365577
0.01054925697
0.01222987869
0.007664603649
0.008282684599
0.00847229526
0.00799506173
0.008735860811
0.01052879577
0.01236341227
0.007783502732
0.008462941817
0.008658904654
0.008304021051
0.008694039044
0.01027674143
0.01188528726
0.008408089833
0.009077037472
0.008979322196
0.008807536916
0.009126932479
0.01010879184
0.01124986195
0.009165118422
0.009500319809
0.009107924969
0.008739378194
0.009266023286
0.009845757792
0.01049824523
0.009116189071
0.009050136043
0.008638665273
0.008739873855
0.008959619786
0.009309965633
0.009196067514
0.008976950187
0.00873834807
0.00827243314
0.00850746313
0.008660038697
0.009061664503
0.009330453726
0.002577244912
0.002551764962
0.002471656906
0.002908218474
0.003714238716
0.004118978435
0.004225995756
0.002826544839
0.002597820395
0.002370910011
0.002975810137
0.003729116512
0.003858458679
0.003740379575
0.002706374416
0.00249054964
0.002358588991
0.002713620014
0.003355616076
0.003616012767
0.00349367062
0.002436300311
0.002270311787
0.002307232298
0.002502610006
0.002839811982
0.00293168127
0.002968833871
0.002214911848
0.002247555096
0.00239922342
0.002392513979
0.002267442439
0.002435252297
0.002746880248
0.002263701562
0.00226295316
0.002359229488
0.0021655597
0.002169776727
0.002281052936
0.002896747334
0.00224732067
0.002265394446
0.002275077389
0.002073638369
0.002027299627
0.002596408853
0.002962597229
0.002134313723
0.002171562173
0.002134933632
0.001876971912
0.001979682938
0.002734326396
0.003158710169
0.001921131085
0.00213577937
0.001938835794
0.001725831668
0.001982984856
0.002789361366
0.003257065678
0.001827875717
0.002127130296
0.001817350023
0.001587298128
0.001900748703
0.002695539429
0.003689699258
0.00191464833
0.002145425495
0.001787322493
0.002008761026
0.002263994598
0.002693101061
0.003224522117
0.002331026674
0.002482188426
0.002198876349
0.002229226491
0.002371116649
0.002444073409
0.002739758629
0.002760220631
0.002757469544
0.002480818526
0.0024406468
0.001838661585
0.002516223202
0.002619439613
0.002824271875
0.002608476897
0.002510277241
0.002476308099
0.00197283223
0.002219738794
0.002208043239
0.002556051718
0.002349310012
0.002702335014
0.002409380482
0.001910327602
0.002227532333
0.0023286483
-0.02776843276
-0.02851720735
-0.0295154109
-0.03073305711
-0.03180753515
-0.03260450319
-0.03282305857
-0.02658312635
-0.02715165349
-0.02794100417
-0.02914895146
-0.03043458975
-0.03142952853
-0.03188020405
-0.02403775351
-0.02447792311
-0.0252027823
-0.02645542893
-0.02795116341
-0.02936733174
-0.03020643812
-0.02121359072
-0.02151128988
-0.02227703635
-0.02370614677
-0.02554821479
-0.02740501611
-0.02857115175
-0.01852588644
-0.01878785214
-0.0196719902
-0.02133937307
-0.02330705655
-0.02553985718
-0.02708625296
-0.01665467014
-0.01695459267
-0.01788595398
-0.01964162063
-0.02165545999
-0.02401956604
-0.02592247953
-0.01549544059
-0.01590489288
-0.01699933692
-0.01856164081
-0.02058437219
-0.02294915297
-0.02505258248
-0.01465330508
-0.01530219767
-0.01656339755
-0.01808087133
-0.01991278847
-0.02225767437
-0.024376656
-0.01405079179
-0.01480897197
-0.01607309201
-0.01779070014
-0.01954759488
-0.02170362629
-0.02375987609
-0.01379582777
-0.01441344467
-0.01558298459
-0.01735262012
-0.01912654565
-0.02114444765
-0.02316866737
-0.01364078923
-0.01413042663
-0.01519541782
-0.01684760088
-0.01872080893
-0.02089281177
-0.02302390431
-0.01368043305
-0.01410984252
-0.01508485131
-0.01667525582
-0.01877899926
-0.02103011731
-0.02299872045
-0.01417418129
-0.01456982049
-0.01556089705
-0.01726945549
-0.01947331793
-0.02143573282
-0.02246339601
-0.01489706298
-0.01545237377
-0.01659539789
-0.01854021301
-0.02082173376
-0.02209104654
-0.0218039832
-0.01549615985
-0.01621110336
-0.01756008116
-0.01980303478
-0.02254551562
-0.02387444746
-0.0224173718
-0.02736110731
-0.02806032709
-0.02907214882
-0.03051341776
-0.0319900788
-0.0332923946
-0.03367165664
-0.0261055416
-0.02656943503
-0.02737957226
-0.02879255941
-0.0305823314
-0.03225385413
-0.0328656207
-0.02364795198
-0.02397320811
-0.02482668545
-0.02619052938
-0.02801435956
-0.03016327327
-0.03155053088
-0.02088805491
-0.02122967904
-0.02221389958
-0.02377427019
-0.02571506485
-0.02791792445
-0.02992322541
-0.01844481823
-0.0189268418
-0.01990835923
-0.02176093913
-0.02401741508
-0.02633082942
-0.0284739074
-0.01677919713
-0.01734789108
-0.01842859021
-0.02033779941
-0.02261645372
-0.02507796894
-0.0274145778
-0.01589341597
-0.01647931026
-0.01765503049
-0.01943334216
-0.02159229754
-0.02397842349
-0.02649625028
-0.01513847685
-0.01593922079
-0.01730983493
-0.019024264
-0.02092307844
-0.02312267941
-0.02563566979
-0.01466719452
-0.01556204296
-0.01698315332
-0.01868557531
-0.02041629833
-0.02240987932
-0.02458471387
-0.01458847474
-0.01531537848
-0.01653016825
-0.01815974357
-0.01988251171
-0.02177639221
-0.02367690824
-0.01449832645
-0.01507988185
-0.01609357057
-0.01755697648
-0.01942344003
-0.02154005167
-0.02330966496
-0.01460349641
-0.0150994953
-0.01600038416
-0.01745233181
-0.01945471682
-0.02167795863
-0.02325911893
-0.01512216724
-0.0155962915
-0.01653682263
-0.01810526294
-0.02010601695
-0.02198843683
-0.0231839434
-0.01585614183
-0.01643715783
-0.0175506526
-0.01927931893
-0.02125294775
-0.02259694226
-0.02345355808
-0.01636764212
-0.01706579241
-0.01848309361
-0.02047306067
-0.02240046885
-0.02372009883
-0.02434786568
-0.02549201323
-0.02615895224
-0.02726801429
-0.02896720312
-0.03114922351
-0.03311936037
-0.03401614418
-0.02429711345
-0.02475463123
-0.02576074055
-0.02747531442
-0.02972250474
-0.03206848177
-0.03328623794
-0.0222293184
-0.02259153593
-0.02351510334
-0.02525613427
-0.02748395475
-0.03013632848
-0.03235538438
-0.01990775174
-0.02038681159
-0.0214981327
-0.02325614607
-0.02554386196
-0.02807908021
-0.03082537994
-0.01792636504
-0.0185581365
-0.01988395599
-0.02182453829
-0.02422531322
-0.02690883799
-0.02960494555
-0.01664554206
-0.01728377949
-0.01858620395
-0.02069290875
-0.02307460051
-0.02589035677
-0.02866432398
-0.01608870374
-0.01669714344
-0.01803067106
-0.01994802098
-0.0221996129
-0.02477762714
-0.02757092476
-0.01570102281
-0.01645607655
-0.01795359762
-0.01960151894
-0.02152022879
-0.02373344447
-0.02639163091
-0.01545937175
-0.01633875422
-0.01770079284
-0.01919550264
-0.02078394862
-0.02267257157
-0.02511907362
-0.01556615064
-0.01633664023
-0.01739145034
-0.01872770431
-0.02013399596
-0.02191760237
-0.02388923655
-0.01572578165
-0.01635070257
-0.01711816871
-0.01826523787
-0.01973827758
-0.02162371073
-0.02337188153
-0.01595138051
-0.01647315845
-0.01713390526
-0.01822060268
-0.01989015762
-0.02182228116
-0.02325219368
-0.01639909962
-0.01689268479
-0.01764368024
-0.01883234401
-0.02050824121
-0.02223129435
-0.02336715483
-0.01687893456
-0.01744305322
-0.01836249084
-0.01971974768
-0.02136682189
-0.02280937515
-0.02380424291
-0.01691557936
-0.01747399366
-0.01874928096
-0.02043325358
-0.02203526808
-0.02340845558
-0.02436104091
-0.02251638873
-0.02308679663
-0.02425096008
-0.02614566151
-0.02870162667
-0.03129817286
-0.03278550112
-0.02144833922
-0.02191412147
-0.02304809453
-0.02495335632
-0.02743552839
-0.03017764447
-0.03221559237
-0.01980396505
-0.02025099624
-0.02129029718
-0.02319881344
-0.02567528867
-0.02847021801
-0.03117084502
-0.01795376765
-0.01852980712
-0.01972135182
-0.0215897677
-0.02420354364
-0.02684557931
-0.02988344385
-0.016442099
-0.01707171958
-0.01838001876
-0.02043105241
-0.02302639385
-0.02583985892
-0.02882492623
-0.01557294527
-0.01614943288
-0.0174475555
-0.01957642291
-0.02205259878
-0.02497485044
-0.02800145822
-0.01526454213
-0.01584143418
-0.01716868228
-0.01907989599
-0.0213056942
-0.02393885987
-0.02688756337
-0.0149796305
-0.01578007839
-0.01715981002
-0.01879424444
-0.02065472199
-0.02284415278
-0.02550400289
-0.01489576544
-0.01577317515
-0.01699664637
-0.01835567628
-0.01983544995
-0.0216243132
-0.02397419623
-0.01522314387
-0.01590340389
-0.01680111722
-0.01790458599
-0.0191746726
-0.02073170316
-0.02265494298
-0.01567328641
-0.01616043315
-0.01672275535
-0.01766646907
-0.01890882898
-0.02045204747
-0.02210765377
-0.01619936485
-0.01651358
-0.01690931353
-0.01777217062
-0.01913368632
-0.0207226674
-0.02213581217
-0.01668210312
-0.01696280105
-0.01742661558
-0.01830378062
-0.01965898065
-0.02131776839
-0.02248701693
-0.01698905728
-0.01734261663
-0.01802548493
-0.01899518846
-0.02033592082
-0.02198192445
-0.02304817414
-0.01674431145
-0.01719002054
-0.0181533328
-0.01940632245
-0.02083139842
-0.02243505314
-0.0236177966
-0.01863058892
-0.01920913752
-0.02023285681
-0.02196339856
-0.0243150934
-0.02682963543
-0.02851265383
-0.01772703854
-0.01820140167
-0.01925901875
-0.02098264399
-0.02324457754
-0.02576673288
-0.02809823874
-0.01632104478
-0.01671011039
-0.01776396831
-0.01955328343
-0.02192100896
-0.02445890979
-0.02718461733
-0.01480637433
-0.01526519034
-0.01652979606
-0.01830559051
-0.0207563436
-0.02329813942
-0.02627957682
-0.01361290312
-0.01410704664
-0.01537876358
-0.01728140114
-0.01975143122
-0.02239390813
-0.02523857327
-0.01297524774
-0.01347874156
-0.01464358176
-0.01655909942
-0.01891644042
-0.02160667079
-0.02436810777
-0.01270468941
-0.01322851609
-0.01432104381
-0.01604255154
-0.01811462512
-0.02065581988
-0.02326173554
-0.01242879359
-0.01304288954
-0.01422552461
-0.01573707201
-0.01751012045
-0.01967414104
-0.02202099856
-0.01242341339
-0.01300978898
-0.01410683163
-0.01535410093
-0.01683031796
-0.01855633415
-0.02055110872
-0.01276924294
-0.01320438807
-0.01399479901
-0.01501860503
-0.01629615395
-0.01768418095
-0.01937341548
-0.01342479626
-0.0136845929
-0.01418339043
-0.01499337919
-0.01615466578
-0.01753105568
-0.01917947502
-0.01423658388
-0.01434377535
-0.01464966321
-0.01535461906
-0.01647855724
-0.01798122716
-0.01954990648
-0.01479893977
-0.01500601985
-0.01526033177
-0.01591469218
-0.01708681101
-0.01868787787
-0.02031196255
-0.01505299915
-0.01540902907
-0.01584569205
-0.01655052754
-0.01780417144
-0.01946383324
-0.02100538881
-0.01466300594
-0.01515591082
-0.0159034768
-0.01690876984
-0.01823130513
-0.02008478415
-0.02132249085
-0.01392015787
-0.01434532933
-0.01496349622
-0.01601746265
-0.0176739564
-0.01955142218
-0.02096599871
-0.01305198564
-0.01340481087
-0.01407758414
-0.01517567038
-0.01672303816
-0.01863929194
-0.02057114161
-0.01177597984
-0.01206859957
-0.01277948256
-0.01404372233
-0.01577924312
-0.0176910339
-0.01998882767
-0.0105305749
-0.01083256536
-0.01174324593
-0.01308993853
-0.01495274569
-0.01686095629
-0.01945888303
-0.009533886034
-0.009849406309
-0.01078413872
-0.01216725139
-0.01405100612
-0.01611256839
-0.01859688186
-0.00883137539
-0.00920023004
-0.01003128018
-0.01145646617
-0.01329314796
-0.01543591933
-0.01786376466
-0.008420751414
-0.008781174007
-0.009527717426
-0.01085876217
-0.01258504776
-0.01466573179
-0.01687621587
-0.008159288277
-0.008494462472
-0.009298022324
-0.01055814876
-0.01207426368
-0.01404310894
-0.01593301188
-0.008105759497
-0.008401914431
-0.009286344349
-0.01037515856
-0.01172657067
-0.01329478801
-0.01486581108
-0.008322025804
-0.008577559373
-0.009239648293
-0.01021116648
-0.01136984633
-0.01270501924
-0.01409447231
-0.009033605648
-0.00917847773
-0.009567585293
-0.0102896331
-0.0113419597
-0.01262481413
-0.01441114713
-0.01001514379
-0.01007424986
-0.01024220817
-0.01080047156
-0.01170271379
-0.01312518544
-0.01519716093
-0.01077949782
-0.01088103428
-0.01091880527
-0.01135523471
-0.01235312164
-0.01392056414
-0.01597899557
-0.01123314107
-0.01139935355
-0.01150847516
-0.01193362778
-0.01303803334
-0.01481684284
-0.0165029975
-0.01110970264
-0.01133899468
-0.01162709058
-0.01221640535
-0.01347248493
-0.01530899555
-0.01693050872
-0.007987789478
-0.008103853256
-0.008126003044
-0.008255057797
-0.008655981479
-0.009190644188
-0.009748588254
-0.00723078972
-0.007273731529
-0.007347934469
-0.007628990184
-0.008061238749
-0.008677579663
-0.009584978863
-0.006160405762
-0.00619180722
-0.006404093807
-0.00689431493
-0.007570324556
-0.008348462916
-0.00933753663
-0.005154891695
-0.005183144317
-0.005588909182
-0.006212002831
-0.007093695964
-0.007993826347
-0.009151156112
-0.004300102781
-0.004418977664
-0.00486737697
-0.005538457819
-0.006507328426
-0.007421728541
-0.008896372373
-0.003574724194
-0.003761379517
-0.004166750074
-0.004979932616
-0.006119280002
-0.007125081565
-0.008642135048
-0.003064216344
-0.00323809015
-0.00360427063
-0.004482941552
-0.005640728004
-0.006792812135
-0.008233270602
-0.002857530474
-0.002900000122
-0.003286313835
-0.00412684934
-0.005170034263
-0.006522515919
-0.00777029551
-0.002754811798
-0.002776942485
-0.003339615074
-0.004108709494
-0.005103552683
-0.006246326017
-0.007165500981
-0.002814631604
-0.002899749035
-0.003349808145
-0.004117546148
-0.004996174248
-0.006057304173
-0.006774648013
-0.003445938306
-0.003424742378
-0.003677843936
-0.004153200796
-0.004962455939
-0.005891113805
-0.006957650298
-0.004375613252
-0.004283568481
-0.004290247327
-0.004496111407
-0.005039188289
-0.005959101968
-0.007491877906
-0.005114394356
-0.005015827595
-0.00476632871
-0.004830069675
-0.005323250893
-0.006231822722
-0.007751133417
-0.005655798567
-0.005515150578
-0.005224205247
-0.005164734885
-0.00581712874
-0.006737938497
-0.007771679467
-0.005682152967
-0.005579057695
-0.00535566707
-0.005336217079
-0.0060917915
-0.006987361283
-0.008077876863
-0.001018140723
-0.0007870096317
-0.0002222336135
0.0006182250944
0.001610941746
0.00262417962
0.003206154995
-0.0004953053078
-0.0002520541466
0.0001933749837
0.0007625490549
0.00161517923
0.002571205631
0.003161096786
0.0002093919431
0.0004343663412
0.0007213228683
0.001036895055
0.001533244403
0.002067017563
0.002865327178
0.0008432605507
0.001037241804
0.001165517125
0.001283800214
0.001488441516
0.001834560343
0.00249042081
0.00144249868
0.001495303015
0.001468280541
0.001497531886
0.001452018724
0.001817584827
0.002230161254
0.001984548172
0.001960629681
0.001805884938
0.001682694281
0.001445197513
0.001673626367
0.00207768901
0.002452380053
0.002445000518
0.002324840549
0.001909528473
0.001502863234
0.001648200537
0.001995644971
0.002542961894
0.002718199095
0.002606596747
0.002283639884
0.001865149174
0.001852404603
0.002161683902
0.002616808352
0.00276286478
0.002530374588
0.002288379665
0.00203737684
0.001916869341
0.002280288698
0.002691232131
0.002718096323
0.002451667475
0.002177300155
0.002123546749
0.002009085764
0.002454308782
0.002333951765
0.002448804162
0.002365396992
0.002253182066
0.002218656743
0.002480251058
0.002684228649
0.001790793623
0.001953723748
0.002178778215
0.002432078994
0.002560513601
0.003006787881
0.003275258455
0.001443030087
0.001667066992
0.002107676406
0.002746496682
0.003215466937
0.0037202824
0.00402794391
0.00118226884
0.001594696775
0.002255872125
0.003132724032
0.003714144175
0.00437770438
0.00497177649
0.001331017603
0.001723714814
0.002499901168
0.003356628476
0.004100215514
0.005028867853
0.005201307904
0.00624789925
0.006759514202
0.007759749394
0.009277893432
0.01129368307
0.0134603229
0.01488184382
0.006399664904
0.006843066552
0.007664002012
0.008862157087
0.01065850373
0.0127589327
0.01469948898
0.006559292
0.006938698776
0.007519755635
0.008431380888
0.009859049156
0.01137782729
0.01377709914
0.006637160968
0.006938366471
0.00739645647
0.008122196602
0.009317446037
0.01063419269
0.01316313204
0.006784716986
0.006990047921
0.007217232984
0.00786081462
0.008764527275
0.0100741619
0.01267537654
0.006974745685
0.007051064037
0.007123280455
0.007647307028
0.008439038555
0.009854769568
0.01232534853
0.007208147318
0.007264404346
0.007362469111
0.007612744448
0.008186801618
0.009573544766
0.01184552681
0.007088798399
0.00737354204
0.007540862908
0.007886033905
0.008443922792
0.01013664312
0.01216797368
0.007097019369
0.007315869309
0.007594113503
0.008045070321
0.008825466787
0.01024801901
0.01219657898
0.007264834703
0.007413021857
0.007584631202
0.008233426007
0.009143896324
0.01053872869
0.01238879813
0.007331159504
0.007592731471
0.007864877202
0.008465351634
0.009677871944
0.01124378633
0.01319371626
0.007477060951
0.007857526036
0.008426927905
0.00924252028
0.01039571498
0.01245468552
0.01462657473
0.007822634765
0.008317851644
0.009109343288
0.01048525507
0.01183685355
0.0142243956
0.01656261948
0.008298390736
0.008945986162
0.01013709578
0.01190454645
0.01371920097
0.01634442961
0.01843905837
0.00889828746
0.009579632397
0.01095574897
0.01293437575
0.0151323817
0.01786586865
0.01989285905
0.01285034577
0.01346745853
0.01464797773
0.01641140589
0.01866524263
0.02105855476
0.02261138175
0.01254141242
0.01303737852
0.01399218419
0.01556274157
0.01775433686
0.02006353452
0.02236481068
0.01205749227
0.01249629054
0.01323289753
0.01445555825
0.01639047044
0.01839479385
0.02130965441
0.01151291461
0.01184707955
0.01250347048
0.01363218745
0.01546912536
0.01745805733
0.02056745331
0.01107002442
0.01138976742
0.01186161474
0.01302833671
0.01468075192
0.01666132094
0.01996468116
0.0108327437
0.01096985515
0.01129033514
0.01239787216
0.01403695838
0.01643005542
0.02032742916
0.01077259245
0.01086238894
0.01124927538
0.01214242202
0.01376835535
0.01602241935
0.0202772489
0.01050492462
0.01078900176
0.01131990324
0.01230117428
0.01395878191
0.01671440808
0.02034406759
0.01043927356
0.01071854279
0.0114462234
0.01248853751
0.01435028509
0.01708624599
0.02017588528
0.01067768402
0.01100203029
0.011695816
0.01311066506
0.01486027658
0.01775255773
0.02055248327
0.0112825184
0.01165067126
0.01245493353
0.01392493334
0.01603350665
0.01892463518
0.02173803786
0.01227257366
0.01280334819
0.01373959762
0.01510691175
0.01738717322
0.02035909855
0.02399449696
0.01348440602
0.0141661368
0.01532078956
0.01696641975
0.01916900851
0.02235020176
0.02579309712
0.01483511007
0.01563697734
0.01710457002
0.01930241064
0.02179337739
0.02477477188
0.0276594582
0.01598319869
0.01689765651
0.0185871586
0.02124054554
0.02425165136
0.02706921606
0.02939764131
0.01813644966
0.01884738032
0.02003899377
0.02171339054
0.02368562951
0.0257637078
0.0271433998
0.01749249323
0.01803185681
0.01903454414
0.02072682162
0.02279606261
0.02462225853
0.02654143558
0.01637609466
0.0168141289
0.01767305725
0.01909049856
0.0212529491
0.02320296078
0.0255450505
0.015276141
0.01562854906
0.016399319
0.01774762005
0.01997471535
0.0222869219
0.0248517244
0.01417264274
0.0146429539
0.01531708486
0.01672304379
0.01879869485
0.02141489499
0.02405711916
0.0135483423
0.01376890259
0.01436623954
0.01574610267
0.01787844593
0.02086232464
0.02417022635
0.01325928482
0.01335737849
0.01404280786
0.01530773039
0.01754322207
0.02055720662
0.02499909843
0.01283048483
0.01306316959
0.01387570748
0.01520880157
0.01753132366
0.02075081654
0.02537279563
0.01281217234
0.01308731484
0.01401289983
0.01548307722
0.01794399251
0.02092977379
0.02513440254
0.01329211712
0.01366369148
0.01459560682
0.016151208
0.0185575431
0.02176394658
0.02548708807
0.01442164186
0.01477391217
0.01578762707
0.01744001173
0.01982705404
0.02350414501
0.02692002545
0.01604516652
0.01659432071
0.01759860724
0.01916141732
0.02190594209
0.02522301683
0.0286566787
0.01803007854
0.01874072111
0.01979977593
0.0214105656
0.02409038636
0.02681247509
0.02950506675
0.02020641222
0.02095357188
0.02210143648
0.0240356346
0.02645145901
0.02825904195
0.0302846244
0.02191866497
0.0226734703
0.02407136029
0.02619590753
0.02842651466
0.03031996444
0.0320083932
0.02193017599
0.0226461426
0.02375930237
0.02523141255
0.026857411
0.02837000305
0.02935771619
0.02104474897
0.02160323607
0.02260590078
0.02422377976
0.02601211938
0.02742073767
0.02867634192
0.01945168425
0.01988936256
0.02091196544
0.02240413336
0.0244264284
0.0262010445
0.02783633927
0.01790883133
0.01832892499
0.01921443119
0.02062194432
0.02289809806
0.02517414457
0.02703557157
0.01627399948
0.01684920427
0.01775263153
0.01920150005
0.02135865768
0.02429482397
0.02632183888
0.01536790087
0.01570801407
0.01661736913
0.01800707831
0.02026824465
0.02338071733
0.02587117379
0.01485044025
0.01506966048
0.01593956408
0.01732788132
0.01949325374
0.02285098074
0.02616071206
0.01437930316
0.01465093936
0.01559818862
0.01686509025
0.01942909861
0.02232120503
0.02676286508
0.01451226965
0.01492323433
0.01579784592
0.01722454887
0.01945629265
0.02281646536
0.0270668609
0.01527855226
0.01566632903
0.01658824751
0.0179992988
0.02034363019
0.02358514287
0.02756850555
0.01684432394
0.0171455377
0.01790230908
0.01930657093
0.02183497606
0.02468651194
0.02822848246
0.01892586855
0.01921935025
0.01976297455
0.02158461868
0.02382177422
0.02688926869
0.02962942094
0.02142337722
0.02179379727
0.02235482659
0.02396595072
0.02597204654
0.028566785
0.0302206888
0.02411690424
0.02441766361
0.02509361825
0.02628495392
0.02772362932
0.02960598631
0.03048768521
0.02615848656
0.02655554821
0.02723252269
0.02787448988
0.0291921954
0.02994568864
0.03107682142
0.02398816966
0.02477163468
0.02585013224
0.02717478143
0.0283950948
0.02934655051
0.02996171991
0.02306476254
0.02366267749
0.02473266727
0.02619671747
0.02763973808
0.02867325165
0.02928641164
0.02130649933
0.02175019533
0.02281314344
0.02421686059
0.02597549624
0.02750108488
0.02849714046
0.0193116817
0.01983140212
0.02076660587
0.02204580918
0.02395024343
0.02592750984
0.02734573315
0.01737998147
0.01803675007
0.01899147251
0.02036706436
0.02232992658
0.02477126571
0.02633318886
0.01619759357
0.01675056275
0.0176923236
0.0190689414
0.02100683621
0.0236575619
0.02582553877
0.01543413504
0.01589842212
0.01683343966
0.01825153907
0.02023741862
0.02276676126
0.02490398484
0.01507539694
0.01557952995
0.01646324328
0.01780293362
0.019642449
0.02216944574
0.02458868404
0.01541378227
0.01598056908
0.01674176952
0.01793845616
0.01970122272
0.02232940321
0.0259333044
0.01655064093
0.01700092565
0.01774928055
0.01882312061
0.02059869005
0.0231956981
0.02753264412
0.01813561309
0.01853981023
0.01900889825
0.02019280098
0.02189266237
0.02476078899
0.02810952212
0.0203693497
0.02045916142
0.02075783254
0.02230691872
0.0239464325
0.02635297257
0.02799893193
0.02292895169
0.02292714965
0.02321605838
0.02451666161
0.02617646038
0.02788769108
0.02921148495
0.02567037429
0.02559232582
0.025964317
0.02673751213
0.02792262951
0.02905691367
0.03009973075
0.02766594698
0.02779297557
0.0281285734
0.02826628575
0.02877620976
0.02951150743
0.03001278054
0.02423057555
0.02505170493
0.02614088442
0.02734998061
0.02834829842
0.02891142635
0.02900204739
0.0233535778
0.02403782516
0.02509721729
0.02638852304
0.02755823141
0.02830829009
0.02831728463
0.02155829823
0.02204648632
0.02295370702
0.0242958992
0.02577534418
0.02684311612
0.02716577351
0.01939486385
0.01992917155
0.02068835534
0.02194352371
0.02355252142
0.02475683154
0.02546817499
0.01733146211
0.01789213944
0.01866789011
0.02009540959
0.02186018332
0.02344504128
0.024220651
0.01593922766
0.0164726894
0.0172998327
0.01881456736
0.02053575867
0.02195383464
0.02309669496
0.01510329157
0.0155652211
0.0164933709
0.01796260694
0.01957934976
0.02103310995
0.0220466615
0.01483266327
0.01544321281
0.01630890707
0.0176326906
0.01867347314
0.02030156151
0.02156126562
0.01527017057
0.01596672928
0.01677754009
0.01758779454
0.01866443672
0.01948446425
0.02261390277
0.01640250265
0.01702367417
0.01761279607
0.01834224688
0.01902317699
0.0211991539
0.02410483033
0.01781878929
0.0183911094
0.01880355374
0.01957025852
0.02059945528
0.02152750583
0.02580140996
0.01992242028
0.01999020641
0.02026136129
0.02090007345
0.02211797597
0.02328941677
0.02691544606
0.02221113375
0.02203422711
0.02196805305
0.02275092281
0.02409316577
0.02455557642
0.02682810023
0.024642117
0.02442437562
0.02413555808
0.02444936587
0.02561436397
0.02646328396
0.02752646789
0.02640194977
0.02648795761
0.02640721466
0.02643712053
0.02698451063
0.02720458511
0.02726327195
0.02251510749
0.02329427194
0.02427669504
0.02537974669
0.02640046796
0.02693802348
0.02664859056
0.02163220203
0.02225943969
0.0231589835
0.02434379297
0.02539196701
0.02627384435
0.02617046125
0.01986671913
0.02026286618
0.02100044249
0.02235240689
0.02371766661
0.02465021545
0.02474514634
0.01767731469
0.01807957588
0.01885098257
0.02033030142
0.02200098207
0.02306968231
0.02336789186
0.01573337882
0.0160360771
0.0168811655
0.01863937287
0.02046808406
0.02170879369
0.02234908816
0.01438579381
0.01467100849
0.01564062451
0.01735737972
0.01899073425
0.02001721298
0.02140279891
0.01358246141
0.01391459146
0.01495109049
0.01666757439
0.01791052156
0.01923387846
0.02073582507
0.01343493584
0.01401685954
0.01506340034
0.01640899418
0.01760450968
0.01799533158
0.02057578055
0.01390809775
0.01451765322
0.01535117073
0.01651818296
0.01704090291
0.01797017693
0.0194874063
0.01488254431
0.01544662792
0.01596621589
0.01682630802
0.01739202424
0.01742369267
0.02026871638
0.01606825104
0.01650089719
0.01711951751
0.01728029213
0.01829316902
0.01866604118
0.02055488261
0.01765170315
0.01792253481
0.01835675925
0.01858400495
0.01949437272
0.01943406485
0.02099155639
0.01948229647
0.01971245202
0.01986621709
0.01999822836
0.02082611018
0.02143541997
0.02256315387
0.02118167307
0.02131658258
0.02123811297
0.02141284694
0.02250973794
0.02303895794
0.02410726352
0.02254763107
0.02271273103
0.0230821619
0.02336994137
0.02406687026
0.02468849749
0.02454507372
0.01879546595
0.0193391111
0.02016507969
0.02129469111
0.02264384109
0.02369979818
0.02354824903
0.01778760609
0.01816365124
0.01894995472
0.02026923291
0.02160035648
0.02288302706
0.02305620018
0.01605535608
0.01626747761
0.01705953374
0.01863160522
0.02030818701
0.02147541409
0.0219080597
0.01409532014
0.01426631454
0.01524265083
0.01705421683
0.01889047214
0.0202743662
0.02073949803
0.01252510783
0.01264175068
0.01372606174
0.01579035464
0.01772125019
0.01919822536
0.02060175296
0.01150627527
0.01171061223
0.01292887625
0.01482085221
0.01636678328
0.01804946682
0.02015605452
0.01096629598
0.01135191503
0.01262841449
0.01423868668
0.01521107934
0.01693555285
0.01934111428
0.01108272125
0.01158716383
0.01275395889
0.01388516941
0.01500671671
0.01609302322
0.01867508747
0.01153689066
0.01194461631
0.01277512995
0.01423773463
0.01491081899
0.01567149076
0.01805354332
0.01239021092
0.01270040173
0.01354654675
0.01422287961
0.01536491707
0.01525710124
0.01606623366
0.01332083365
0.01342465831
0.0141608553
0.01469111003
0.01547782129
0.01594728814
0.01616106846
0.01420254955
0.01471750867
0.01525682059
0.01510773799
0.01581183347
0.01669531207
0.01670756254
0.01511859659
0.01583759131
0.01646056897
0.01659837833
0.01689380722
0.01801238193
0.01884462952
0.01611905707
0.01694513234
0.01767480335
0.01808537983
0.0186408722
0.02010965007
0.02098087427
0.01691628752
0.01760687623
0.01850112023
0.01983571638
0.02090563297
0.02203952402
0.02271353751
0.01347305001
0.01372156747
0.01445597242
0.01577910274
0.0174519779
0.0189407494
0.0193042882
0.01234472305
0.01252136563
0.01328202617
0.01479638777
0.01659282203
0.0183421293
0.01902448588
0.01086820626
0.0110128128
0.01194807128
0.01375636644
0.01587244509
0.01750209122
0.01867272861
0.00953076036
0.00964877643
0.01078300982
0.01272477051
0.01474158232
0.01666206205
0.01800565833
0.008611612645
0.008747160349
0.009950794806
0.01193510883
0.01391052729
0.0159907261
0.01805370666
0.008122453365
0.008462889385
0.009755793151
0.01138372251
0.012934206
0.01541427365
0.01720427878
0.008053718991
0.008543662757
0.009991647207
0.01108749818
0.01252753889
0.01432135461
0.01709909823
0.008366279899
0.008875635363
0.01006766804
0.01097909482
0.01224273641
0.0136858049
0.01552502628
0.008909828761
0.009122908475
0.009936651269
0.01088608063
0.01227468447
0.01311902851
0.01426649824
0.009200360944
0.009210951975
0.009991379485
0.01088706599
0.01181622247
0.01297397606
0.01326145352
0.009612815886
0.009819424931
0.01012112201
0.01113941242
0.01150184741
0.01355906616
0.01317216313
0.009802153974
0.01032772162
0.01083104786
0.01112107689
0.01149912091
0.01302609525
0.01381482677
0.01008053333
0.01083523472
0.01135528
0.0117792919
0.01210277816
0.01417010644
0.01568209184
0.01035683019
0.01122328925
0.01209472071
0.01328214524
0.01433026128
0.0161422081
0.01791649745
0.01060347289
0.01137732
0.01269748929
0.01469854288
0.01651229387
0.01879253575
0.02026968977
0.007805810285
0.007873554777
0.008484604533
0.009676916602
0.01133845654
0.01281140426
0.01343768191
0.00677791714
0.006954918242
0.00765016604
0.008901474469
0.0103980206
0.01210170256
0.01315884135
0.005882873197
0.006010186459
0.006789604835
0.008235815925
0.01001475046
0.01152588153
0.01281323866
0.005244551737
0.005356566606
0.006267311203
0.007815417801
0.009613904317
0.01129488832
0.01252070561
0.00494811718
0.005198720784
0.006122694112
0.007538910818
0.00922578936
0.01099238735
0.01213022266
0.00497553092
0.005392355966
0.006350864825
0.007422284532
0.008914335627
0.01062321971
0.01129462281
0.005235040795
0.005699570469
0.006712523912
0.007370799576
0.009000274423
0.01017881887
0.01134268223
0.005556570444
0.006095290645
0.006981775742
0.007755482354
0.009042609273
0.009817314533
0.01095344682
0.005597741009
0.005917302149
0.006456857416
0.007491633901
0.008580975268
0.01023087816
0.009665610409
0.005754110207
0.005911431129
0.006283760019
0.007433901232
0.008262941544
0.009742383012
0.009546597667
0.005518912552
0.005616979566
0.006113213711
0.007465513959
0.008202346928
0.01005607781
0.010127194
0.005481640975
0.005539808569
0.005950474956
0.007126422138
0.00837405655
0.009686406072
0.01099276471
0.005280815352
0.005470743459
0.006038108108
0.007488142877
0.008644658206
0.01002252593
0.01149714918
0.005443864618
0.005446259305
0.006527651865
0.008270111375
0.009454243857
0.01150024217
0.0131893429
0.005441824697
0.00534614188
0.006870008506
0.009122570765
0.01117021089
0.01311374962
0.01447789883
0.002391963127
0.00235623787
0.002515031513
0.002973998079
0.00361785495
0.004165386812
0.00442506178
0.001890507472
0.001962752419
0.002264446534
0.002872785221
0.003485971156
0.004123589365
0.0043292904
0.001631298457
0.001718166259
0.002074175318
0.002650441984
0.003366541578
0.003899330612
0.004292176676
0.001486798917
0.001561926992
0.001907240773
0.00245248424
0.003118982455
0.003625245218
0.003927290051
0.001480712532
0.001629765597
0.001810353657
0.00222955731
0.002869091783
0.003251486339
0.003570546891
0.001612046925
0.001785453596
0.001931512278
0.002193635444
0.002914876371
0.003170723341
0.003475161526
0.001634653192
0.001886137013
0.002010520723
0.002232775677
0.002730925427
0.003176987243
0.003587531924
0.001589032728
0.00188775106
0.002107547206
0.00245403768
0.002783768837
0.003357699644
0.002926276953
0.001478370087
0.001910152847
0.002427124714
0.002659661597
0.00262888409
0.003345848553
0.003224283815
0.001313103356
0.001727466928
0.002473473849
0.002395290237
0.002917185659
0.003064438118
0.002790925071
0.001157018436
0.001428425954
0.001905738186
0.002317617477
0.002586016251
0.002772463846
0.003214738874
0.001380273766
0.001510493437
0.001732962895
0.002128642917
0.002753217106
0.00339604931
0.00348434027
0.001475925352
0.001567384443
0.001716222803
0.002238587038
0.002998423
0.003673366817
0.004036273972
0.001660591359
0.001588875298
0.00209565634
0.002732428069
0.003391376123
0.004288803746
0.004619496046
0.001652205681
0.001571298484
0.002243187958
0.003055311833
0.004029235848
0.004834851485
0.005091395649
-0.01533599237
-0.01615939013
-0.01727759024
-0.01911349415
-0.0232462117
-0.0286394102
-0.02615047096
-0.01395453581
-0.01486206373
-0.01627936049
-0.01698877233
-0.01762709462
-0.02506713894
-0.03118664845
-0.01208842686
-0.01270159521
-0.01422566678
-0.01614766237
-0.01595902226
-0.01660853954
-0.02635464905
-0.01014976858
-0.01100553783
-0.01221358028
-0.01404346454
-0.01641853309
-0.01500713955
-0.01962844158
-0.00830615251
-0.009246149926
-0.01056804364
-0.01233778783
-0.0148892841
-0.01528375965
-0.01662282522
-0.007875655875
-0.00798799538
-0.008910172917
-0.01092551434
-0.01315358868
-0.01442114914
-0.01558005421
-0.008285399034
-0.008050689279
-0.00861628321
-0.01007340254
-0.01197317638
-0.01341576755
-0.0150486839
-0.00816723592
-0.008450822488
-0.009223634299
-0.0100305747
-0.01142541471
-0.01302881923
-0.01495870585
-0.008074886385
-0.008670387216
-0.009657548703
-0.01034016461
-0.0114075988
-0.01313441915
-0.01523016065
-0.008803266672
-0.009242794206
-0.009979186943
-0.01066865492
-0.01183856535
-0.01367145792
-0.01589307345
-0.01008104162
-0.01025479744
-0.01064414227
-0.01141022701
-0.01281394389
-0.01485742021
-0.01720213669
-0.0113380855
-0.01143629245
-0.01183886659
-0.01281438993
-0.01450828156
-0.0166554715
-0.01905631003
-0.0124781665
-0.01278555737
-0.01353334056
-0.01486166999
-0.01677925879
-0.01890433926
-0.02109799501
-0.01384955225
-0.01439236808
-0.01547707295
-0.01709674562
-0.0192009689
-0.02121789919
-0.0228580037
-0.01494527367
-0.0156061537
-0.01694527535
-0.01881497222
-0.02103996454
-0.02291861364
-0.02390477284
-0.01578096269
-0.01643152856
-0.0179322947
-0.01999040428
-0.02232971338
-0.02512466446
-0.02563311126
-0.01427556841
-0.01471029573
-0.01592893213
-0.0178239332
-0.01956525989
-0.02268164275
-0.02634560171
-0.01232045271
-0.013285125
-0.01437355484
-0.01556854706
-0.01786702229
-0.01923952624
-0.02359797273
-0.009733411653
-0.01078885009
-0.01248794015
-0.01340495281
-0.01616299129
-0.01758324287
-0.02036795556
-0.00842572302
-0.008764068633
-0.01017682558
-0.01177688907
-0.01420560047
-0.01615623999
-0.01831344688
-0.008558540381
-0.008457579893
-0.009143165355
-0.01072224041
-0.01287353635
-0.01492443189
-0.01717345766
-0.008734693721
-0.008902073655
-0.009441267039
-0.01047072599
-0.01216869315
-0.01406909956
-0.01645381445
-0.008598944469
-0.00926794736
-0.01008848322
-0.01069426828
-0.01195538097
-0.01377503793
-0.01612859944
-0.008902147499
-0.009523297262
-0.01039148476
-0.0110032485
-0.01212781692
-0.01394129557
-0.01634117997
-0.009668146148
-0.009987714226
-0.01056471344
-0.01132427211
-0.01270052755
-0.01460329116
-0.01694530701
-0.01058440975
-0.01073990402
-0.01117750235
-0.01215941106
-0.0138049255
-0.01589090663
-0.01802870005
-0.01165797146
-0.01182620892
-0.01244028434
-0.01365877596
-0.01546141798
-0.01753596243
-0.01945117844
-0.01293150715
-0.0133375527
-0.01420297557
-0.01557919641
-0.017332741
-0.01922523634
-0.02076400379
-0.01442385279
-0.01499422536
-0.01598887905
-0.01740377552
-0.01916651868
-0.02078273109
-0.02191705977
-0.01557124304
-0.0161102659
-0.01718261911
-0.01872784225
-0.02059734543
-0.02221404739
-0.02277329787
-0.01600126465
-0.0164901051
-0.01781573709
-0.01971624996
-0.02142723371
-0.02323384195
-0.0246679126
-0.01419846322
-0.01489239249
-0.01578574962
-0.01740266553
-0.01946932565
-0.02152212666
-0.02410959423
-0.01147874016
-0.01241992264
-0.01361833914
-0.01453516469
-0.01715113241
-0.01971502289
-0.02266035257
-0.009826572398
-0.01024575607
-0.01170198228
-0.01259111101
-0.01504575371
-0.01810041974
-0.02107051654
-0.009263019723
-0.009287442206
-0.01040546493
-0.01159855882
-0.01373704976
-0.01649318871
-0.01966146707
-0.00912599506
-0.009254671731
-0.01007475712
-0.01112446969
-0.01311452715
-0.01545710829
-0.01864716564
-0.009037463226
-0.009554498911
-0.01025500593
-0.01104208813
-0.01277028773
-0.01486858588
-0.01786037585
-0.00924799256
-0.01000321694
-0.01068779972
-0.01124439638
-0.01259993367
-0.01457838357
-0.01749059893
-0.009919980007
-0.01050047661
-0.01106866536
-0.01164874527
-0.01284322404
-0.01477961382
-0.01770928934
-0.0105950218
-0.01091223879
-0.01133688653
-0.01219914588
-0.01355097123
-0.01541515213
-0.01812755557
-0.01114548896
-0.01134389318
-0.01189867213
-0.01302266525
-0.01459971863
-0.01649681782
-0.01865110179
-0.01188155414
-0.01219504038
-0.01296152714
-0.01423801312
-0.01585592424
-0.01768157657
-0.01929252044
-0.01303236394
-0.01354113671
-0.01439584994
-0.0156162959
-0.01711974282
-0.01877951723
-0.01981345229
-0.01446270738
-0.01494940311
-0.01577272097
-0.01693303328
-0.01839964789
-0.01971808529
-0.02018292919
-0.01558846508
-0.01593172106
-0.01674780157
-0.01790181116
-0.01924863836
-0.0205079472
-0.02068995521
-0.01518457817
-0.01588332348
-0.01705014209
-0.01861284344
-0.02022462619
-0.02204211221
-0.02366477164
-0.0129317278
-0.01363504542
-0.01486182426
-0.01651875179
-0.01859539268
-0.02079940346
-0.02287230407
-0.01105476041
-0.01140828737
-0.01261271776
-0.01409696139
-0.01650589455
-0.01940792039
-0.02185678714
-0.009664213092
-0.009832635437
-0.01090051935
-0.01231479318
-0.01451154195
-0.01764580469
-0.02074531353
-0.008692449041
-0.009000370937
-0.01003532204
-0.01137715042
-0.01328764705
-0.01597427975
-0.0195554607
-0.008370670061
-0.0088552424
-0.009881944102
-0.01095112944
-0.01260804711
-0.01498283866
-0.01868910506
-0.008562442547
-0.009157887455
-0.01000529492
-0.01077988373
-0.01229131722
-0.01453905192
-0.01799543236
-0.009198840329
-0.009748360375
-0.01022873497
-0.01074934757
-0.01211048717
-0.01430960144
-0.01761785363
-0.009899483993
-0.01026589278
-0.0105248976
-0.01099480337
-0.0123077681
-0.01453073655
-0.01768648644
-0.01031332899
-0.01049931218
-0.01076021468
-0.01145108888
-0.01285383164
-0.01498046692
-0.01780839172
-0.01046627801
-0.01064250524
-0.0111757922
-0.01212729985
-0.01358479862
-0.01555432623
-0.01778792685
-0.01079415712
-0.01114968854
-0.01189238175
-0.01298253664
-0.01439716343
-0.01624455236
-0.01801303495
-0.01161731113
-0.01204390909
-0.01276906584
-0.01389351877
-0.01534176355
-0.01709335838
-0.01831057817
-0.01271743344
-0.01305781545
-0.01383326845
-0.01494982073
-0.01631600412
-0.01753755242
-0.01822502925
-0.01371966242
-0.01399147216
-0.01473470905
-0.01567054399
-0.01647767151
-0.01736070752
-0.01799137988
-0.01317441087
-0.01382738562
-0.01495891547
-0.01636214007
-0.01776860535
-0.01975727055
-0.02147452207
-0.01131132598
-0.01185054174
-0.01314779016
-0.01485129071
-0.01654364322
-0.01845610668
-0.0206560708
-0.009513431543
-0.009860945754
-0.01105100035
-0.01281307461
-0.0149035594
-0.0171978923
-0.01968008505
-0.007977546628
-0.008292882802
-0.009269650828
-0.01089960428
-0.01287114894
-0.01559246094
-0.01845043617
-0.006967016524
-0.007392256567
-0.008296764919
-0.009642335636
-0.01130062654
-0.01383568678
-0.01727646514
-0.00679808651
-0.007238437396
-0.008071081279
-0.009128638972
-0.01040037406
-0.01271534541
-0.0162344725
-0.007119154783
-0.007431744748
-0.008119646913
-0.008845050819
-0.009933912913
-0.01220132888
-0.01573168141
-0.00753347149
-0.007718703064
-0.008017001319
-0.008516518179
-0.009653821369
-0.01207214048
-0.01530097578
-0.007616096687
-0.007753413895
-0.007846936829
-0.008270748193
-0.009619809158
-0.01196357017
-0.0149634669
-0.007449526667
-0.007524013369
-0.0076434943
-0.008252384736
-0.009733405588
-0.01192966301
-0.01460024319
-0.007314583187
-0.007427674164
-0.007771212625
-0.00848389537
-0.009976872155
-0.01192348255
-0.01457397298
-0.007421617314
-0.007682999569
-0.008188825692
-0.009010144824
-0.01039646037
-0.01236644815
-0.0149812413
-0.007917752239
-0.008178427275
-0.00877508063
-0.009838537925
-0.01133585877
-0.01313736846
-0.01488080714
-0.008705314308
-0.008918525724
-0.009763761867
-0.01092361674
-0.01221144627
-0.01358336377
-0.01456917352
-0.009566485693
-0.0098438426
-0.01062634041
-0.01141472226
-0.01216691344
-0.01347751832
-0.01446726672
-0.009986664452
-0.01041601022
-0.01102118734
-0.01178264552
-0.01291239155
-0.01475141189
-0.01700889359
-0.008382573608
-0.008898069564
-0.009758427405
-0.01072139321
-0.01161202434
-0.01337785348
-0.0160348052
-0.00672081456
-0.007133291841
-0.008051043781
-0.009251334849
-0.01034882681
-0.01186425691
-0.01499160942
-0.005505453937
-0.00578553219
-0.006396502887
-0.007475242847
-0.008799419487
-0.01049365869
-0.01391920366
-0.004649831256
-0.004933852282
-0.005320854026
-0.006070009139
-0.007195032815
-0.009153063962
-0.01246582437
-0.00435431984
-0.004546265279
-0.004664944995
-0.005195568371
-0.005951515821
-0.00804399234
-0.01111131719
-0.004296756874
-0.004297613384
-0.004300796347
-0.004520023028
-0.005294430402
-0.007341142642
-0.010248204
-0.003975043092
-0.003839835871
-0.003730111673
-0.004046194953
-0.004805655243
-0.007052037114
-0.009669055873
-0.003186739525
-0.00306396509
-0.003014700606
-0.003414131299
-0.004539234022
-0.006421095618
-0.009031613244
-0.002402249233
-0.002304201325
-0.002418864407
-0.002951012841
-0.004141019884
-0.005856048848
-0.008339859419
-0.001995353021
-0.001966006486
-0.002119684785
-0.002738676835
-0.004038269891
-0.005557224679
-0.008292150586
-0.001953855558
-0.0020286854
-0.002155717703
-0.002827843066
-0.004282475316
-0.006195194688
-0.008462395979
-0.002275291583
-0.002300227311
-0.00256594015
-0.003502221164
-0.004888744474
-0.006851712811
-0.008105813599
-0.002860116455
-0.002961149312
-0.00345708479
-0.00429568733
-0.005421443075
-0.007031633174
-0.00792207881
-0.003504994874
-0.003751801055
-0.004264418289
-0.004678290186
-0.005988432477
-0.007591349469
-0.008707405088
-0.004988384853
-0.004985576595
-0.004863476152
-0.004854172575
-0.005360092709
-0.006372359629
-0.008380113796
-0.003987131108
-0.004102903773
-0.004026808428
-0.003869716482
-0.004029209271
-0.005055272563
-0.007628380185
-0.002915073627
-0.003071735524
-0.003066290527
-0.002914230923
-0.002856743056
-0.003414687959
-0.006095480422
-0.00199413868
-0.002144082486
-0.001953505348
-0.001825378547
-0.00207044388
-0.002262111247
-0.004574698814
-0.001155670279
-0.001258217959
-0.0008688122154
-0.0006736196377
-0.001018840549
-0.001587023305
-0.00339103096
-0.0006393567797
-0.0004004976065
0.0002928890494
0.0005166179925
0.0001034107161
-0.001111130311
-0.002671680026
-0.0001859534732
0.0003167445692
0.001162046684
0.001425333517
0.001218109828
-0.0004840688675
-0.002112578712
0.0007603782407
0.001270972925
0.002017471583
0.002063163664
0.001782497759
0.0002702764726
-0.001353532
0.002102801919
0.002530811003
0.002902413222
0.002840913032
0.002258586464
0.001200970577
-0.0006409300247
0.003247119782
0.003529709073
0.003564722784
0.003528986361
0.002821536527
0.002145902423
0.0001690236311
0.004008194448
0.00408478846
0.004096147989
0.00383886635
0.003188899474
0.002438886343
0.001077444588
0.004376949298
0.00438498169
0.004470304672
0.003977304582
0.002975190812
0.001929898852
0.001924262854
0.004307359961
0.004315929659
0.004185026249
0.003582188621
0.002849497679
0.002304597069
0.001944203595
0.003859148048
0.003844579932
0.003752896769
0.00367756712
0.002966625787
0.002602556044
0.001418217418
0.003476907948
0.003545469262
0.003393267709
0.003079327277
0.002423896971
0.001769992356
0.0008084838617
0.001680976762
0.002009795781
0.002916049227
0.003804133609
0.004622772634
0.005426686057
0.005146547685
0.002067908362
0.002366859043
0.003306232054
0.004568488045
0.005382608021
0.006075593269
0.005516875366
0.002364449485
0.002703032714
0.003748867625
0.00511431789
0.006006560951
0.006953727833
0.006437210922
0.002892141174
0.003097178366
0.004233329826
0.005557892797
0.006141278199
0.007320564123
0.007377627206
0.00364676355
0.003857541629
0.004853466929
0.006023572821
0.006533214132
0.007472482461
0.007635324541
0.00422557
0.004857614746
0.005927986243
0.006781682272
0.006966387945
0.007406655604
0.007508795828
0.004877059359
0.00572825366
0.006940890404
0.007529124916
0.00788681659
0.007631997113
0.007831026436
0.005932732131
0.006801804333
0.007648088651
0.008124460037
0.008266194004
0.008884963421
0.008591650127
0.007121751733
0.007957677142
0.008494690349
0.008748078595
0.008907503443
0.009612713441
0.009416025227
0.008208563486
0.008741287572
0.009076432474
0.009504452297
0.009540056124
0.01050072241
0.01031425783
0.009233979059
0.009393129966
0.009643428328
0.009912166686
0.01024107912
0.01086937123
0.01202452518
0.01003050316
0.01010681948
0.01030490285
0.01036309543
0.01065649914
0.01165633797
0.01293967522
0.01042815157
0.01045731396
0.01046730577
0.01074733822
0.01151610785
0.01289804189
0.01396884319
0.01043259823
0.01062679397
0.01087488567
0.01157702031
0.01253042265
0.01341038674
0.01381070003
0.01058786928
0.01108134931
0.01152567926
0.0120876903
0.01268141465
0.01272660181
0.01329412428
0.009191060489
0.009875315999
0.01125547127
0.01323306311
0.01549826288
0.01803981425
0.02027977028
0.009023107521
0.009761284363
0.0111524454
0.01338671767
0.01511683574
0.01750905871
0.01997198519
0.008616788269
0.009387184254
0.01097482973
0.01310492075
0.01481807434
0.01707853813
0.01945963422
0.008616213202
0.009227046333
0.01079589085
0.01271578816
0.01420388202
0.01649577511
0.01882486499
0.008886500822
0.009468668669
0.01062601249
0.0123350729
0.01371182869
0.01585335888
0.01760997454
0.009331708295
0.01004802909
0.01091585016
0.01236531581
0.01337009434
0.01564004921
0.01720526931
0.010039808
0.01080110635
0.01164891455
0.01271563112
0.01376331028
0.01554490507
0.01748912085
0.0107944862
0.01163109546
0.01213381358
0.01304417599
0.01390316843
0.01616637083
0.01808621219
0.01141281171
0.0122679266
0.0127911062
0.01337097224
0.01453750797
0.01673753541
0.01878793875
0.01211342168
0.01267580556
0.01332974048
0.01391544475
0.01502051661
0.01738516145
0.01964701358
0.01303004316
0.01327319978
0.01386902778
0.01474677083
0.0159722258
0.01807725222
0.02096887307
0.01408932277
0.01430908034
0.01472224311
0.01561004696
0.01735617286
0.01941963021
0.0228477768
0.01513037323
0.0152763757
0.01573951351
0.01707921821
0.0189418252
0.0208323568
0.02402826687
0.01590342064
0.0163305291
0.01708235249
0.01863881436
0.02065659383
0.02251516128
0.02516450143
0.01677243674
0.01730522723
0.01835778008
0.01991568233
0.02150105169
0.02319944118
0.02559591792
0.01635463982
0.01726190045
0.01888003877
0.02156639601
0.02465608251
0.02743430967
0.0305094936
0.01583987163
0.01665551994
0.01810225418
0.02076108011
0.02316721014
0.02581158329
0.02913784596
0.01487911238
0.01564339784
0.01722266908
0.019320422
0.02177877121
0.02395214458
0.02730831571
0.0142778645
0.01499754213
0.0164254188
0.01799073421
0.02013775123
0.02234720069
0.02515317883
0.01388843302
0.01456748225
0.01551828651
0.01700398654
0.01860568137
0.02080579142
0.02391995136
0.0140332528
0.01438951704
0.01506152248
0.01652685379
0.01794227313
0.02040310015
0.02331207784
0.0144803263
0.0146101612
0.01506747311
0.01649232547
0.01747428075
0.0206471728
0.02462295731
0.01473730979
0.01496011823
0.01528217396
0.01653404324
0.01784597073
0.02130419223
0.02548866921
0.0148892088
0.015133416
0.01556846544
0.01669264643
0.0186755044
0.02186704318
0.02606884129
0.01506826921
0.01527524601
0.01581125495
0.01673153239
0.0197012283
0.0221845836
0.02754253948
0.0157722423
0.01600308351
0.016556937
0.01799812523
0.02050165406
0.02378077223
0.02870930802
0.01680154269
0.01716099968
0.01775148625
0.01973856389
0.02216924752
0.02583783051
0.03002850779
0.01837870127
0.0186767581
0.01965676986
0.02164927768
0.02407363711
0.0279024518
0.03137538916
0.01999192761
0.02057070766
0.02208096068
0.02386756619
0.02652278797
0.0298044375
0.03252261735
0.02153495892
0.02224938857
0.02386978556
0.025808514
0.0288203837
0.03166950814
0.03335038707
0.02250451578
0.0233019183
0.02465527337
0.02704635226
0.02899999336
0.03064666757
0.03303067671
0.02184555853
0.02262837721
0.0237671364
0.02557882186
0.02760043
0.02906984672
0.03201454348
0.02042166895
0.02103550646
0.02232268801
0.02343555152
0.02563846759
0.02702171653
0.02997436638
0.0192274555
0.01983756379
0.02096415735
0.02155271574
0.02351102187
0.0250760657
0.02886667616
0.01831399634
0.01899393961
0.01964379273
0.02034999339
0.02170239
0.02361154113
0.02767116726
0.01815297425
0.01834682223
0.01878903195
0.0194994363
0.02107595795
0.0226853197
0.02710089261
0.01805498344
0.01778744109
0.01790938931
0.01879851274
0.02059860515
0.02382080033
0.02781514471
0.01791558897
0.01753651138
0.01789131525
0.0185427071
0.02130977622
0.02449810369
0.02960378405
0.01772571858
0.01749983503
0.01766427014
0.01880220526
0.02170970354
0.02533571345
0.0310221606
0.01743160811
0.01737369348
0.01774886242
0.01945188654
0.02263828121
0.02613438921
0.0314567918
0.01805159681
0.01815374145
0.01857460595
0.02068248371
0.02359755745
0.02729754972
0.03114772078
0.01920454218
0.01957913467
0.02042085687
0.0226731831
0.02536217424
0.02997801301
0.03186457375
0.02100442916
0.02147389779
0.02305635587
0.02497985505
0.02779249282
0.03146580259
0.03338174894
0.02311432227
0.02372341078
0.02549676057
0.02689805657
0.02995645585
0.03278512856
0.03495512403
0.02469305268
0.02560197615
0.02724779739
0.0290303074
0.03202258336
0.03427993004
0.03556859014
0.02676325721
0.02741990048
0.02807630223
0.02855201568
0.02950910985
0.03009585614
0.03073600387
0.02597497131
0.02660141957
0.02745431107
0.0278151346
0.02870083618
0.02904595219
0.029988011
0.02488019035
0.0253158101
0.02593502926
0.02598801562
0.02688160083
0.02742729046
0.02857906541
0.02328895946
0.0239803897
0.02415680747
0.02391240347
0.02518568668
0.02625314215
0.02819839457
0.02195229713
0.02277236965
0.02283658626
0.02253071497
0.02368366893
0.02526306333
0.02806770421
0.02142446494
0.02182521979
0.02205858321
0.0217156085
0.02335653746
0.02452604454
0.02875071233
0.0207663236
0.02063492427
0.02089540975
0.02104536956
0.02261432164
0.02488508535
0.02877554549
0.02032693447
0.01980765806
0.02015622547
0.02048070897
0.02306012143
0.02611443953
0.03000750827
0.0198530344
0.01970644411
0.01966928494
0.0208289511
0.02355349788
0.02724122667
0.03125007619
0.01947474274
0.01953273219
0.01993336385
0.0214093975
0.02407888967
0.02856930161
0.03173372733
0.0199553385
0.02010072762
0.02097712979
0.02256901739
0.02544134941
0.02983739571
0.03192106743
0.02127787774
0.02173539197
0.02273549351
0.02439383575
0.02741618958
0.03110497798
0.03310772978
0.02312555054
0.02386143401
0.02545341436
0.02705172311
0.02976055598
0.03189076134
0.03432961495
0.02549300458
0.02616843596
0.02759226736
0.02927802458
0.03133818942
0.03300312985
0.03503808625
0.02720562447
0.02798372767
0.02898312236
0.03061737042
0.0324925222
0.03467431792
0.03547891462
0.02860747651
0.029007285
0.02908417714
0.02864341106
0.02833380917
0.02839600384
0.02871853886
0.02797479582
0.02867875315
0.02892427274
0.0281346738
0.02805518666
0.0277360539
0.02800595585
0.02678586379
0.02761892737
0.02780562765
0.02689997946
0.02680992678
0.02695169567
0.02764323003
0.02522760731
0.02611338361
0.02607726083
0.02508459189
0.02521210952
0.02610829231
0.02792495634
0.0240471025
0.02467180009
0.02458909158
0.02379133796
0.024356233
0.02559757817
0.02800117404
0.02326599271
0.02367340073
0.02358083324
0.02304976833
0.02371233639
0.02568200752
0.028076406
0.0221665542
0.0222932811
0.02251285758
0.02213120064
0.02320723608
0.02565247574
0.02868652507
0.02127027884
0.02137348129
0.02150773126
0.02174877736
0.02288247761
0.02605414414
0.02889045453
0.02074825406
0.02113608515
0.02129367164
0.02194748138
0.02351629428
0.02721911444
0.02964520396
0.02073745128
0.02107824372
0.02170695118
0.02251972543
0.02423944805
0.02760238271
0.02986013325
0.02140015283
0.02180257916
0.02268463045
0.02348799771
0.02545176706
0.02834247207
0.03070060405
0.02252057831
0.02331290021
0.02418245659
0.02506978506
0.02735898196
0.02964202483
0.03197897293
0.02467456433
0.025450492
0.02667281851
0.02769847636
0.02948310085
0.03108421669
0.03228345234
0.02713937267
0.02779404921
0.02861794987
0.02965743293
0.03035222591
0.03183646848
0.03218149572
0.02885308272
0.02938408199
0.02955335048
0.03076353995
0.03133845257
0.03247002976
0.03222996556
0.02722014718
0.02775523614
0.0280281681
0.02710497823
0.02671666637
0.02678086939
0.02725537592
0.02655406688
0.02734302917
0.02791090907
0.0271862163
0.02647162649
0.02631958672
0.02690453618
0.0256890174
0.02649220271
0.0268859269
0.02639930143
0.02575213361
0.0259788023
0.02668296473
0.02471509787
0.02514296748
0.02524380785
0.02478958199
0.02476586914
0.02536129121
0.02668184714
0.0236555601
0.02371289644
0.02355797227
0.02333846448
0.0237789661
0.02469084204
0.02644232707
0.02246041788
0.02260803112
0.02234698026
0.02247259892
0.02287109777
0.0245080956
0.02714259365
0.02112917671
0.02125759418
0.02147410364
0.02159982335
0.02228711255
0.0238344761
0.02768828123
0.02007430945
0.02041356007
0.02056307659
0.02109364865
0.02122541553
0.02383079179
0.02675517813
0.02004726661
0.02022496158
0.020631388
0.02134504863
0.02247470118
0.02523607308
0.02697772361
0.0205967253
0.02080551446
0.02152174294
0.022102013
0.02327407766
0.02561241612
0.02698236543
0.02141222796
0.02179889612
0.02228233078
0.02337299818
0.02401413534
0.02543535474
0.02804198868
0.02250599861
0.0231620161
0.02370261829
0.0244489463
0.02597655445
0.02635718067
0.02783379932
0.0248251086
0.02523042808
0.02599695957
0.02654184363
0.02707641348
0.02803962265
0.02795560992
0.0269762696
0.02738244017
0.02733469334
0.02767953833
0.02807494739
0.02887001712
0.02902657378
0.02831245086
0.02856179033
0.02834022257
0.02851435892
0.0283486204
0.02879703066
0.0294428303
0.02310273659
0.02360127725
0.02421176494
0.02433939514
0.024644042
0.02523597388
0.02516063352
0.0222492899
0.02300371227
0.02367759849
0.02418956084
0.0243740219
0.02552984956
0.02588247137
0.0215112366
0.02187477772
0.02244163098
0.02336738263
0.0237881552
0.02513062288
0.02573932934
0.02097497275
0.0207640337
0.02106378265
0.02215566731
0.02316971646
0.02438746707
0.02503352543
0.0198769514
0.01956521879
0.01984698227
0.02095649119
0.02216367549
0.0234940185
0.02428710016
0.0184555394
0.01843776279
0.01881083868
0.0200044666
0.02137365703
0.02237009958
0.02391635564
0.01715646659
0.01741521004
0.01809869469
0.01928431379
0.02040745506
0.02092593226
0.02349106395
0.01650101671
0.01673861512
0.01756788585
0.01868981987
0.02051603483
0.02077045769
0.02356058774
0.01716509343
0.01721422083
0.01788286029
0.01868162171
0.02146576112
0.02277045066
0.02370247053
0.01798157914
0.01833145268
0.01877612813
0.01948511435
0.02178429038
0.0221845934
0.02303383643
0.01878751626
0.01923797809
0.01948452147
0.02119659897
0.02182007845
0.02211526818
0.02377176984
0.02036027997
0.02067147121
0.02092402907
0.02226747889
0.02307406488
0.02310936071
0.02451869274
0.02281627297
0.0226315191
0.02274122852
0.02353054794
0.02383754481
0.02438426468
0.02505469585
0.02439492065
0.02434691956
0.02381320235
0.02464108327
0.02527249659
0.02562110516
0.02620153318
0.02539948131
0.02539901144
0.02522836566
0.02518555002
0.02591121043
0.02647996469
0.02682891243
0.01664442568
0.01751035768
0.01882443474
0.02060750002
0.02234624252
0.02326413876
0.02286967354
0.01620365363
0.01671921496
0.01775325414
0.02030636388
0.02185501948
0.0237356094
0.02315041037
0.0155623799
0.01558105918
0.0163679472
0.01875500632
0.02104231485
0.02314643507
0.0229988384
0.0148983237
0.01464379768
0.0152747181
0.01780294577
0.01989127635
0.02220583015
0.02193766696
0.01359057717
0.01360222748
0.0144240953
0.01687416031
0.01892346115
0.02115947174
0.02109631082
0.01227054485
0.01263718646
0.01375320772
0.01606298778
0.01802360418
0.0203694535
0.02070890376
0.0114606679
0.0120987287
0.01335955019
0.01539713919
0.01714784909
0.01824536937
0.01945900821
0.01136648013
0.01193368645
0.01338097389
0.01501328863
0.01797393095
0.01759020175
0.02075212961
0.01197101169
0.0126410349
0.01346868913
0.01524434665
0.01869757557
0.02002712798
0.02122632846
0.01279998439
0.01366548771
0.01422797985
0.01550185496
0.01839553319
0.01888930285
0.02026921719
0.01392894007
0.014551756
0.01530884086
0.01669732517
0.01847803143
0.01917052836
0.02046169816
0.01571444529
0.01581318473
0.01660975376
0.01815670341
0.01918138192
0.0207500097
0.02196349158
0.01833854626
0.01803380962
0.017911284
0.01878217185
0.02019380068
0.02135509637
0.02245658104
0.01947117408
0.01966513266
0.01955071785
0.02012625796
0.0212839656
0.02205358846
0.0222474751
0.02049647727
0.02054670443
0.02064164327
0.02082992988
0.02149926246
0.02144922695
0.02142030853
0.01059820411
0.0111537916
0.01246715812
0.01553423578
0.0181992606
0.02013503387
0.02080398796
0.01022559245
0.0106312163
0.01173804886
0.01441687931
0.01732483117
0.02019046213
0.021016338
0.009502112489
0.009549035622
0.01054277464
0.01358352889
0.01660775503
0.01928300859
0.02035352172
0.008545728918
0.008576996774
0.009963291736
0.01300124057
0.015585502
0.01794959729
0.01849103311
0.007433785569
0.007683568916
0.009192682829
0.01235851835
0.01482480002
0.01732883015
0.01705257563
0.006632989232
0.007107134261
0.008552854328
0.01157571815
0.01411110989
0.01731428388
0.01649401782
0.006495202882
0.00699763596
0.008384175278
0.01096003178
0.01347188521
0.01691445418
0.01575097622
0.006537074029
0.007165347652
0.008385014936
0.01128550921
0.01326656746
0.01688911838
0.01735072711
0.006663428644
0.007476735922
0.008942014458
0.0116911238
0.01397358802
0.01737474389
0.01807056737
0.007116760951
0.007976320129
0.009592996385
0.01196295486
0.01366740151
0.01672245136
0.01820638816
0.007989653398
0.008895230906
0.01030084201
0.01206728977
0.01395520589
0.01606083977
0.0183630231
0.009545255194
0.01020932408
0.01151268173
0.01294364536
0.01423422272
0.01635890019
0.01799318617
0.01169725934
0.01196815517
0.01241065682
0.01354390416
0.01544905969
0.01761478666
0.01780556909
0.0130883147
0.01355990917
0.01413035366
0.01446501429
0.01606341968
0.01723466951
0.0170995172
0.01444448097
0.0141280865
0.01389089963
0.01415230351
0.01548910006
0.01658322653
0.01707456223
0.005400008187
0.005355435049
0.006586355403
0.009358617903
0.01176067099
0.0139978925
0.01517382074
0.005123638081
0.004850333212
0.005931646732
0.008234502766
0.01126818961
0.01382886472
0.01518869824
0.004684256077
0.004292517077
0.005379457932
0.007732606602
0.01049251251
0.01266691676
0.01403008116
0.00382740715
0.003582930563
0.00489740725
0.007344894571
0.009839383414
0.01140717055
0.01234505625
0.002785844814
0.002965500112
0.004478557461
0.007028812642
0.009121372066
0.01062640581
0.01121638671
0.002579876519
0.002733063849
0.004070646917
0.006619287352
0.008733446127
0.01055514203
0.009944388212
0.002637705716
0.002675072945
0.003878006717
0.006560918541
0.008980881367
0.01104400959
0.009554413596
0.002704285724
0.003011719338
0.00417032841
0.007127560106
0.009058910708
0.0129594346
0.01015466847
0.002689580788
0.003094267308
0.004860892947
0.007309003359
0.008747570348
0.0125197821
0.01119794986
0.002545626093
0.003335041861
0.005364580116
0.007676334967
0.008235808087
0.01143682109
0.01182058653
0.002949349542
0.003729304256
0.005635750867
0.007628636681
0.008905898277
0.01084751766
0.01163848378
0.004341158069
0.004851225211
0.006058021097
0.007664973512
0.008839636891
0.01151630289
0.01133544736
0.005731313622
0.005971719928
0.006817676177
0.007872125287
0.009492887373
0.01080559549
0.01100154717
0.006890959355
0.007206225499
0.007770339011
0.00798711966
0.009344134425
0.01055942881
0.009417388527
0.008191874455
0.008129912821
0.008047685809
0.008439389973
0.009085858938
0.009987984353
0.01000610044
0.001549867804
0.001439128339
0.001947208691
0.002958048342
0.004248370098
0.005300484081
0.005283159074
0.00152417757
0.001210310178
0.001655061868
0.002533490293
0.003919974542
0.005181551602
0.00546924513
0.001351868175
0.001089083299
0.001496967863
0.002437341464
0.003732915852
0.004701448497
0.004992924128
0.0006174417545
0.0006914219521
0.001405351102
0.002406461511
0.00343693735
0.004153752862
0.004177705259
0.0002059603799
0.000492543682
0.001285386059
0.002183734551
0.003015038539
0.003766618734
0.003772163368
0.0004111761738
0.0005124207403
0.001254486724
0.001989396514
0.00285249101
0.00359174828
0.003453377642
0.0005899935523
0.0006855998671
0.001283002678
0.002126018822
0.002950442442
0.003010807629
0.003280282488
0.0005229084935
0.000615296028
0.001421316127
0.002458403614
0.003103420577
0.00367101114
0.003659039967
0.0006257269427
0.0006896714578
0.00132825288
0.002221825881
0.002860071145
0.004324501087
0.004833953621
0.0005879352123
0.0007000828088
0.001190273137
0.002116741909
0.00299705536
0.004294264552
0.003353408318
0.0008737144493
0.001007160485
0.0008832351069
0.001893468458
0.002729882439
0.003796491791
0.003243548069
0.001525280688
0.001429226809
0.001146749477
0.001930701798
0.002650216384
0.003102939778
0.00359977627
0.002219940445
0.002071738585
0.001649928613
0.002052780201
0.002600439046
0.002315410448
0.003127991157
0.002380084449
0.002352137946
0.001600365533
0.002047088135
0.002741493553
0.002869353966
0.00244209571
0.002392390583
0.002244799847
0.00217493919
0.002354824963
0.002247897484
0.002652629022
0.002190126339
-0.02790047365
-0.02856482146
-0.02944278515
-0.03069082047
-0.03181630176
-0.03266393213
-0.03281929689
-0.02629386604
-0.02685432061
-0.02755344017
-0.02876153407
-0.03005299467
-0.03123418603
-0.03179971941
-0.02376004301
-0.02433950966
-0.02497270439
-0.02621936969
-0.0277754129
-0.02915512003
-0.03005082804
-0.02120908855
-0.02163658025
-0.02246231716
-0.023812295
-0.02568221397
-0.02739606685
-0.02841242465
-0.01900480344
-0.01932091643
-0.02023866777
-0.02182743036
-0.02377590317
-0.02592702243
-0.02721460216
-0.01744337572
-0.01782648579
-0.0188415364
-0.02072163778
-0.02269080899
-0.02491260713
-0.02671708335
-0.01659636635
-0.01706359957
-0.0181441679
-0.02002079533
-0.02224327094
-0.02448869322
-0.02651856924
-0.01599801431
-0.01671636416
-0.01799736775
-0.0197545639
-0.02211344041
-0.02441649131
-0.02654692488
-0.01543521588
-0.01623309957
-0.01771417923
-0.0197144625
-0.02212460617
-0.02455344106
-0.02656270682
-0.01514511441
-0.01585483967
-0.01744793974
-0.01967587697
-0.02219804363
-0.0246460799
-0.02628290776
-0.01515701181
-0.01586074333
-0.01748835579
-0.01976859352
-0.02233396032
-0.02471560285
-0.02585778048
-0.0156111774
-0.01633094433
-0.01793902997
-0.02022573355
-0.02275687027
-0.02491927623
-0.02563110675
-0.01674281975
-0.01748756172
-0.01897545889
-0.02115936353
-0.02349290048
-0.02524246625
-0.02564178703
-0.01837611696
-0.01924393156
-0.02067068084
-0.02263975215
-0.02457331093
-0.02578849069
-0.02582804163
-0.0199212501
-0.02068928598
-0.02213070507
-0.02398972179
-0.02551012302
-0.02620874313
-0.02588551921
-0.02745309212
-0.02795650492
-0.02893363537
-0.03039392235
-0.03192018297
-0.03325083228
-0.03372286008
-0.02579367665
-0.02615906598
-0.02703853699
-0.0284478827
-0.03011769165
-0.03180909905
-0.03269130665
-0.02329073041
-0.02366221445
-0.02454013652
-0.02598004601
-0.02786953264
-0.02981526025
-0.03103893644
-0.02078489275
-0.0210829375
-0.0220571837
-0.023691314
-0.02584730166
-0.02790523576
-0.02959269541
-0.01887166949
-0.01915818751
-0.02010571441
-0.02184675694
-0.02414918629
-0.02647634878
-0.0283983161
-0.01755722457
-0.01796166266
-0.01892749503
-0.02079706232
-0.0230675907
-0.02560069702
-0.02787784567
-0.01675273826
-0.01726313376
-0.01837202413
-0.02024658813
-0.02258270008
-0.02518076038
-0.02768956738
-0.01615479372
-0.01682236013
-0.01819324377
-0.02002807353
-0.02240268582
-0.0250000548
-0.02761186139
-0.01574872679
-0.01645993682
-0.01800464689
-0.02001505234
-0.02237610941
-0.02490848111
-0.02728837013
-0.01546036121
-0.01618556311
-0.01782621848
-0.01997105025
-0.02237536454
-0.02478223877
-0.02676990063
-0.01545465835
-0.01617071647
-0.01774850864
-0.01998112757
-0.02248130972
-0.0247997667
-0.02637421197
-0.01598473487
-0.01671248307
-0.01818043021
-0.02043622585
-0.02298144312
-0.02516503964
-0.02637774228
-0.01722585766
-0.01791446763
-0.01935573537
-0.02152452859
-0.02392265247
-0.02590185143
-0.02672949501
-0.0188151713
-0.01959004374
-0.02100623125
-0.0230403073
-0.02515266947
-0.02671083875
-0.02720425021
-0.0201630752
-0.02084811197
-0.02228576173
-0.02421755145
-0.02610784796
-0.0273438142
-0.02757790203
-0.02548305998
-0.02600507494
-0.02716892504
-0.02888803187
-0.03098329709
-0.03303480779
-0.03404431297
-0.02396966987
-0.02439944228
-0.02546768844
-0.02719493439
-0.02924105999
-0.03147638432
-0.03312657457
-0.02197738907
-0.02237504005
-0.02335786008
-0.02501579006
-0.02719521043
-0.02983320877
-0.03188468115
-0.01986874316
-0.02023395742
-0.02132657964
-0.02303636938
-0.02531778026
-0.02812043629
-0.03070800821
-0.01827526851
-0.01874397614
-0.01980739114
-0.02161626496
-0.02405584241
-0.02689272685
-0.02960243279
-0.01723677457
-0.01768006094
-0.0188214547
-0.02081871335
-0.0232638524
-0.02615508121
-0.0289039346
-0.01676525584
-0.01714220102
-0.01834342877
-0.02028065875
-0.02270142161
-0.02556749557
-0.02839726788
-0.01640567867
-0.01695172974
-0.01821741294
-0.02002454181
-0.02231841199
-0.02504697639
-0.02790769369
-0.01599206998
-0.0167302275
-0.01812109426
-0.0199140391
-0.02207995777
-0.02460839449
-0.02724539331
-0.01575902229
-0.01657826228
-0.01801423698
-0.0198709693
-0.02202332273
-0.02436807446
-0.02665992275
-0.01595720955
-0.01665432058
-0.01801295302
-0.01990932595
-0.0221982094
-0.02447039226
-0.02642491211
-0.01660347354
-0.01720953904
-0.0184381051
-0.02032418671
-0.02269195791
-0.02500522456
-0.02670608244
-0.01783735786
-0.01834837739
-0.01951646989
-0.02137809229
-0.02367920687
-0.02593035617
-0.0274200457
-0.0191985564
-0.01979523521
-0.02103840898
-0.02286732056
-0.02497848238
-0.02697419463
-0.02813469402
-0.02004002376
-0.0206905275
-0.02209221211
-0.02395485914
-0.02602423142
-0.02793799799
-0.02878598941
-0.02255314186
-0.02311467443
-0.02434240957
-0.02623327438
-0.02860437482
-0.03114887041
-0.03282191472
-0.02143595038
-0.02195910278
-0.02308900964
-0.02495129836
-0.02720135232
-0.02968211076
-0.03184950069
-0.01987296118
-0.02036957249
-0.02146953394
-0.02327946659
-0.02576893516
-0.0284175103
-0.03095038828
-0.01834470278
-0.01880086069
-0.0198858124
-0.02172585345
-0.02427722643
-0.02712492066
-0.02997319473
-0.01711446623
-0.01767413234
-0.01882670998
-0.02070256715
-0.0231936644
-0.02607063511
-0.02902396783
-0.01647151518
-0.01697158734
-0.01816477652
-0.02014261617
-0.02243022341
-0.02525903146
-0.02808954912
-0.01626814715
-0.01659218003
-0.01770629123
-0.01958106626
-0.02176167788
-0.02445672369
-0.02730107234
-0.01604917532
-0.01648253747
-0.01756519475
-0.01918562106
-0.02119697638
-0.02365596428
-0.02653672601
-0.01572862148
-0.01635533847
-0.01744121128
-0.01888259486
-0.02065979951
-0.02296107941
-0.02564706006
-0.01574222361
-0.01644514778
-0.01745926227
-0.01878479616
-0.02043819295
-0.02261317559
-0.02507519039
-0.01616456619
-0.0167146997
-0.01767060555
-0.01900914421
-0.02069573406
-0.02276760546
-0.02494725163
-0.01685781684
-0.01725732067
-0.01809423361
-0.01945099033
-0.02124272511
-0.02337788897
-0.02537556248
-0.01781952119
-0.01816841128
-0.0189242517
-0.02028587921
-0.02223621889
-0.02448372512
-0.02619032387
-0.01879539197
-0.01924178088
-0.02014317207
-0.02155576288
-0.02347970614
-0.02563565939
-0.02697703144
-0.01913884029
-0.01973655545
-0.020929982
-0.02248533076
-0.02449947737
-0.0267296271
-0.02792769381
-0.01885677969
-0.01944818043
-0.02055341964
-0.02220869968
-0.02442577651
-0.02673221478
-0.02869121165
-0.01828297234
-0.01879790638
-0.01984225915
-0.02145508658
-0.02347137169
-0.02562308745
-0.02783941526
-0.01721063018
-0.01763982491
-0.01874172028
-0.02035134125
-0.02252371822
-0.02470495805
-0.0273421076
-0.01617270441
-0.01659355885
-0.0176280393
-0.0192537757
-0.02144759663
-0.02370588484
-0.02663831794
-0.01525681154
-0.01584004581
-0.0168783802
-0.01847327542
-0.02055432231
-0.02271400755
-0.02574001534
-0.01473990623
-0.01525454915
-0.01626330533
-0.01786098033
-0.01969950589
-0.02185193362
-0.02470704004
-0.0144869984
-0.01491261713
-0.01583673489
-0.01724344947
-0.01879777118
-0.02097927276
-0.02369233921
-0.01428766621
-0.01477114077
-0.01561263088
-0.0167557248
-0.01808716984
-0.02005768959
-0.02271305228
-0.01415956784
-0.0146850669
-0.01543487316
-0.01629843606
-0.01744222791
-0.019086763
-0.02156908229
-0.01437491885
-0.0148245915
-0.01544528223
-0.01611482581
-0.01715468746
-0.01870565448
-0.02096096854
-0.01492901537
-0.01528105835
-0.0157770323
-0.01640734449
-0.01737605145
-0.01888576309
-0.02094533588
-0.01558988606
-0.01590644138
-0.01630638833
-0.01694954475
-0.01785548542
-0.01936540687
-0.0212989114
-0.01631921956
-0.01661607286
-0.01694271254
-0.01759120622
-0.01864415798
-0.02028071317
-0.02202541513
-0.01704171809
-0.01731838047
-0.01769985118
-0.0183815252
-0.01961494513
-0.02135778005
-0.02285754067
-0.0170142248
-0.01737551251
-0.01796561223
-0.0188579915
-0.02034042184
-0.02240856062
-0.02371072421
-0.01437214886
-0.01478705995
-0.01540161946
-0.01639071912
-0.017898447
-0.01953835871
-0.02114808224
-0.01412183747
-0.01451146445
-0.01507297084
-0.01601306211
-0.01731639912
-0.01874151006
-0.02070339876
-0.01349967584
-0.01381379633
-0.01441162723
-0.01537933884
-0.01674953155
-0.01799667935
-0.0201954219
-0.01270228949
-0.01308232776
-0.0137345624
-0.01473267172
-0.016109865
-0.01730188932
-0.01987502822
-0.01184677414
-0.01234639542
-0.01308564044
-0.01406854332
-0.01533738468
-0.01650913655
-0.01917491985
-0.01131064081
-0.01172865843
-0.01245471362
-0.01336331565
-0.01444544896
-0.0156735698
-0.01826248161
-0.01100427151
-0.01141878304
-0.01201216299
-0.01267962792
-0.01354237753
-0.01470864793
-0.01711503492
-0.01084288428
-0.0112586738
-0.01170420107
-0.01213494312
-0.01282182375
-0.01398709369
-0.01602881259
-0.0109581674
-0.01126996037
-0.01154498711
-0.01174192842
-0.01221598547
-0.01306327914
-0.01484622853
-0.01126987309
-0.01150526831
-0.01158264647
-0.01153829112
-0.01184051816
-0.01251181753
-0.01409872688
-0.01178204313
-0.01196370661
-0.01191971874
-0.01172137328
-0.01183578143
-0.01235035115
-0.01393594753
-0.01233628186
-0.01253823376
-0.01238583482
-0.01210616922
-0.01197825712
-0.01256571968
-0.01419311294
-0.01287232024
-0.01302574777
-0.01270413201
-0.0123658781
-0.01236454501
-0.01310873378
-0.01462517841
-0.01321745626
-0.01321121075
-0.01278509384
-0.01252425726
-0.01282912213
-0.01387681937
-0.01507870706
-0.0128439975
-0.01276627173
-0.01254828423
-0.01258104662
-0.01323602436
-0.01476857479
-0.01618482157
-0.008482337752
-0.008551095725
-0.008494274251
-0.008571775767
-0.008857939272
-0.009222443364
-0.009851008323
-0.008364505768
-0.008412158829
-0.008404942176
-0.008467779266
-0.008669055773
-0.009004939883
-0.009879690506
-0.00797693754
-0.008007092114
-0.008055476269
-0.008218144369
-0.008426707399
-0.008634893164
-0.009768456399
-0.007266147309
-0.007434681874
-0.007658054225
-0.007841312189
-0.008203701979
-0.008425374712
-0.009611316228
-0.006462521778
-0.006708142362
-0.007078707458
-0.00726357778
-0.007658308724
-0.00792194574
-0.009333635231
-0.005934952551
-0.006134476747
-0.006475820514
-0.006568703543
-0.00696971574
-0.007279015976
-0.008595658352
-0.005648594232
-0.005945516335
-0.006102805215
-0.006063986833
-0.006292766576
-0.006544579189
-0.007750618221
-0.005658862789
-0.005834489573
-0.005752906041
-0.005607977371
-0.005710739762
-0.005907445727
-0.006855686416
-0.005982489582
-0.00593503482
-0.005626810447
-0.005334436383
-0.005180082646
-0.00523374723
-0.005792364137
-0.006361774682
-0.006268850099
-0.005796056119
-0.00518183397
-0.004705786111
-0.004505938986
-0.004941090299
-0.006711873384
-0.006591056738
-0.005957082534
-0.005032891306
-0.004300289214
-0.003745629402
-0.004356662611
-0.006989895088
-0.006850734834
-0.00605580945
-0.004898332215
-0.004020682319
-0.00339879062
-0.004298604309
-0.007102612485
-0.006842386669
-0.00584456753
-0.004690199482
-0.003860257934
-0.003603678456
-0.004218679773
-0.006806920535
-0.006326126667
-0.00521654178
-0.004124965938
-0.003623394384
-0.003562578884
-0.003993874325
-0.005989732755
-0.005412411067
-0.004472469534
-0.003637411438
-0.003371598265
-0.003668094607
-0.004314274039
-0.001266813226
-0.001012087456
-0.0003642719417
0.0005274831265
0.001574718603
0.002564071461
0.00309699357
-0.001200706598
-0.000936347505
-0.0004315663519
0.0003639185653
0.001370266365
0.002140383885
0.002596327049
-0.0008489846792
-0.0006635030084
-0.0002972189878
0.000290596862
0.001127364565
0.001973216182
0.002346083013
-0.0002991939482
-0.0002678429981
-0.0001364564364
0.0003984671578
0.0008534113877
0.00171226805
0.00238402754
0.0002856624062
0.0003405006342
0.0003586349253
0.000842662444
0.00104310274
0.001619265441
0.002171504916
0.0006869641237
0.0007598236396
0.0008457917877
0.001325506629
0.00143682563
0.001926427332
0.002040994093
0.0009010489224
0.0008420094596
0.001013252313
0.001436164724
0.001662975615
0.002279742378
0.002580246088
0.0007233118168
0.0008357880992
0.001198966501
0.001654393486
0.002105724928
0.002889624676
0.003405907105
0.0002785973435
0.0006944323268
0.00125275744
0.001824548706
0.002509838081
0.00345508673
0.004142762201
-5.438609821e-05
0.0004146049843
0.001159346344
0.002046083723
0.00300300458
0.004199667234
0.005043530884
-0.0001215373891
0.0003988991494
0.001412876748
0.002672343
0.00397212895
0.005395197661
0.006106713311
2.526486226e-05
0.0006347491428
0.001851620631
0.003372119222
0.00488415871
0.006291535984
0.007046013698
0.0004904997095
0.001189119702
0.002547526466
0.004106062242
0.005482796552
0.006787500342
0.007786952256
0.001537340938
0.002347356837
0.003626182349
0.005199329645
0.006385884582
0.007620502803
0.008436092078
0.002764158555
0.00355629782
0.004813658091
0.006367054921
0.007611441078
0.008631680806
0.009012910622
0.006282363765
0.006826985849
0.007868065402
0.009451379424
0.01136070356
0.01317343297
0.01466348589
0.006365626777
0.006844614142
0.007653698679
0.009028868998
0.0108697403
0.01232545073
0.01403160674
0.006581348773
0.00691738107
0.007558966758
0.008656655587
0.01022186735
0.01166783723
0.01352207513
0.006840747683
0.007052400929
0.007491228262
0.008452804619
0.009490004135
0.01104441139
0.01334981092
0.007084295447
0.007385316924
0.00771454151
0.008469482964
0.009151075627
0.01053544689
0.0127430815
0.007182769606
0.007495520073
0.007869924359
0.008534949868
0.009133680565
0.01033512425
0.01226131176
0.00736019773
0.007528778829
0.007840663402
0.008443475043
0.00901520255
0.01028508545
0.01222759075
0.007235498358
0.007494400919
0.007848180301
0.008437914221
0.009173010052
0.01074722196
0.01294460943
0.006890795785
0.007452216016
0.007830874601
0.008544188285
0.009571696348
0.01129624914
0.01328971583
0.006759818994
0.007449956618
0.008105110325
0.008903151323
0.01013644577
0.01212905222
0.01402774325
0.007019095973
0.007752469722
0.00884981084
0.009893823421
0.01125136314
0.01336791686
0.0152851791
0.007683072732
0.008525585787
0.009753303942
0.01119180563
0.01277579876
0.01491040951
0.01717330961
0.0087974824
0.009704199807
0.01087838186
0.01262122745
0.01451356417
0.01673599473
0.01892582055
0.01054013631
0.01136784615
0.01245240612
0.01419483385
0.01622150377
0.01855438573
0.0201638572
0.01197691008
0.01267472528
0.01390788704
0.01580661467
0.01793824347
0.01994401755
0.0219460645
0.013080576
0.01375550756
0.01496096644
0.01674301811
0.01884174251
0.02077139557
0.0225776704
0.01302995552
0.01356315073
0.01453871711
0.01607601748
0.01806968382
0.01957785676
0.02178275509
0.01294529987
0.01329922732
0.0141038213
0.01539989804
0.01713495278
0.01860376875
0.02121723438
0.01272611848
0.01301604189
0.0136065871
0.01471548775
0.0161176824
0.01791073081
0.02101265823
0.01250669967
0.01296415158
0.01348986018
0.01425415978
0.01523970831
0.01702594063
0.02033299572
0.01226405809
0.01270454835
0.01321422816
0.01384219087
0.01474548701
0.01634512662
0.01978856249
0.01233977314
0.01255875531
0.01294187508
0.01360073035
0.01455130332
0.01619281976
0.01929554598
0.01238473193
0.0126139345
0.01281169686
0.01350238373
0.01452630696
0.01657680111
0.01955312636
0.0123715895
0.01278940098
0.01296610047
0.0136882346
0.0148684401
0.01700286656
0.02017469365
0.01264710193
0.01318229521
0.01369738408
0.0143737753
0.01564543787
0.01769564783
0.02080071425
0.01333020964
0.0140142883
0.014715824
0.01541478835
0.01664903268
0.01877683936
0.02201211351
0.01462003013
0.01528091373
0.01613077449
0.0170214014
0.01829976015
0.02068721659
0.02389523364
0.01635475515
0.01697834441
0.01777924218
0.01920065495
0.02079465628
0.02320412536
0.02574902775
0.01838164665
0.01896848456
0.01967059398
0.0211322312
0.02321009811
0.02534790639
0.0274968868
0.01981441469
0.02026718482
0.02125010909
0.02288952274
0.02495232767
0.02683682482
0.02864287432
0.01846795306
0.01914032808
0.02030854784
0.02196034442
0.0238108991
0.02560235091
0.02736322667
0.01807080285
0.01858674692
0.01957948922
0.02103197144
0.02275254824
0.02403261188
0.02633212782
0.01736329266
0.01771969714
0.01853550299
0.01990229195
0.02157061948
0.02286662107
0.02541774714
0.01657413839
0.01687542473
0.0174919237
0.01853201564
0.02020789092
0.02186795794
0.02472777876
0.0157704254
0.01625074221
0.01680053276
0.01743164602
0.01891418621
0.0208106426
0.02435456621
0.01509648573
0.01555143776
0.01613912606
0.01672368213
0.01801282696
0.01981202717
0.02404609026
0.01506796511
0.01513052582
0.01558805654
0.01632159817
0.01775333609
0.01942551161
0.02386627246
0.01524653134
0.01523839
0.01545540401
0.01610139791
0.01751853273
0.01947888781
0.02363667815
0.01562619433
0.01579884933
0.01595925768
0.01656393256
0.0179411263
0.02025860293
0.02398059878
0.01636267552
0.01661925347
0.01692012913
0.01760912311
0.01874882608
0.02101120823
0.02437851986
0.01770602958
0.01806188416
0.0183588453
0.01878594922
0.02001433112
0.02185747533
0.02564268036
0.0196061701
0.01999549966
0.02015626844
0.02058608637
0.02184418986
0.02370490681
0.02664813546
0.0218771921
0.02205803519
0.02239117792
0.02318444404
0.02443930584
0.02594242592
0.02812693882
0.02394448026
0.0241518061
0.02447003554
0.02556403454
0.02706963617
0.02827690922
0.0299746762
0.02526532539
0.02550354254
0.02613361254
0.02730780725
0.02866317117
0.03022702913
0.03213395471
0.0221240959
0.02276923502
0.0238230727
0.02521752865
0.02667181777
0.02819191441
0.02949459886
0.021197233
0.02172919722
0.02274422558
0.02412571371
0.02554781876
0.02672332264
0.02857715383
0.01976881144
0.02014866933
0.02099964642
0.02228157862
0.02403461316
0.02545358868
0.02757048333
0.01832747309
0.01865488292
0.01932389015
0.02037518795
0.02235767553
0.02424009815
0.02679331626
0.01682922725
0.01736441505
0.01805677519
0.01889828591
0.02096374333
0.023055838
0.02626132522
0.01578790572
0.01624956847
0.01701762384
0.01785587722
0.01988123716
0.02199938369
0.02643859596
0.01557105901
0.01568731252
0.01638599718
0.01731031067
0.01964420119
0.02166885053
0.02626948723
0.01589164533
0.01596356372
0.01648795768
0.01742464206
0.01948632446
0.02156441347
0.02611414491
0.01662973348
0.01670094237
0.01724417514
0.0177333512
0.01967731084
0.02213273945
0.02610095321
0.01786932595
0.01818829968
0.01839017219
0.01894633546
0.02035861355
0.0226587117
0.02645765929
0.01981545755
0.02002073461
0.02020467247
0.02038515011
0.02171632968
0.02366198888
0.02654444887
0.02230859162
0.0223247925
0.02214663218
0.02245963104
0.02343440508
0.02532066466
0.02755211584
0.02495460328
0.02481199742
0.02461807597
0.02505670931
0.02615619607
0.0273307132
0.02926351706
0.02703893592
0.02699578559
0.02701112015
0.02746330142
0.02862474623
0.02934836953
0.03101749789
0.02835688324
0.02838032583
0.02847647969
0.02921069317
0.03021973797
0.03099261708
0.03192226779
0.02401970291
0.02468799737
0.02573416267
0.026976249
0.02813444132
0.02931093549
0.02993762893
0.02265818381
0.02320462538
0.02423622864
0.0255889893
0.0268251783
0.02817752872
0.02913706824
0.02058017312
0.02101632457
0.02196703097
0.02332217352
0.02501302235
0.02678839622
0.0281621013
0.01848181744
0.01889274542
0.0197869085
0.02113569878
0.02330846702
0.02528828982
0.02686306391
0.01650446906
0.01708365976
0.01797043679
0.01940219082
0.02188314777
0.02442223393
0.02640568813
0.01526615134
0.01574787359
0.01681464414
0.01815917873
0.02079722823
0.02352372084
0.0262978331
0.01478446172
0.01520099496
0.01614952097
0.01750226309
0.02009956799
0.02316949517
0.0266064176
0.01503491937
0.01545452752
0.01661667723
0.01784842911
0.02039436891
0.02331631064
0.02734143096
0.01596681884
0.01641854426
0.01733054508
0.01823002381
0.02055855848
0.02338383869
0.02767612534
0.01770243824
0.01807018639
0.0187136344
0.01949726732
0.02118911731
0.02372135882
0.02750187122
0.01994547823
0.02018585859
0.02030088049
0.02102340276
0.02267227962
0.02494801337
0.02749262997
0.02251404495
0.02240644473
0.02251617801
0.02295658209
0.02456452262
0.02636391543
0.02858958201
0.02532017127
0.02516440808
0.02502994392
0.02568503657
0.02688857842
0.02815235112
0.0300268724
0.02738862515
0.02757773168
0.02767127998
0.02831297861
0.02902745466
0.0301715879
0.03130040499
0.02915746716
0.02942789261
0.02965803122
0.03034101169
0.03086714046
0.03132487558
0.03173758385
0.02417603667
0.02487833878
0.02592461044
0.02712194124
0.02811777023
0.02900256223
0.02892184643
0.02263647673
0.023255228
0.02428986
0.02555016271
0.02664017351
0.02785792138
0.02808030166
0.02024153658
0.02074868841
0.02180583749
0.02319424963
0.02461535553
0.0263222723
0.02691490013
0.01782713147
0.01825076771
0.01931082603
0.02088235837
0.02281848468
0.02491566746
0.02556534898
0.01565865581
0.01617649899
0.01720901632
0.01900959499
0.02136864728
0.02391837205
0.02479960208
0.01428683602
0.01478156802
0.01595022367
0.01766738128
0.02004979881
0.02335709734
0.02464560963
0.01354915351
0.01428325878
0.01537678605
0.01716534825
0.01921118869
0.02290510383
0.02515864976
0.01364192491
0.01434881952
0.01594574864
0.01729398334
0.01955205869
0.02263808624
0.02613758763
0.0145035251
0.01527705088
0.01628013968
0.01800887691
0.01925687348
0.02266966941
0.02625677138
0.01608363679
0.0165444637
0.0177172933
0.01878246267
0.0209688833
0.0224147973
0.0263604291
0.01816755477
0.01839659911
0.01891873323
0.02038050639
0.02213824685
0.02443921103
0.02755470692
0.02038832141
0.02039704235
0.02067689598
0.02180183349
0.02364063608
0.02563738307
0.02760130598
0.02299506985
0.02300858943
0.02315581362
0.02389773854
0.02511277765
0.02709075927
0.0283542603
0.02530929759
0.02553177099
0.02613635867
0.02661809545
0.02718907938
0.02838567964
0.02888684173
0.02744513142
0.02788342099
0.02867506319
0.02899369079
0.02922239579
0.029799403
0.0300264267
0.02254396454
0.02320649567
0.02412579907
0.02513577183
0.02599744265
0.02683057545
0.02652229937
0.02113615497
0.02170213561
0.02264272636
0.02376032162
0.02465577157
0.02571875644
0.02561167627
0.0189703259
0.01944752959
0.020429166
0.02166879613
0.02274460332
0.02420825853
0.02432430625
0.01667570587
0.0170927461
0.01806554513
0.0195347851
0.02104681218
0.02296831938
0.02337533538
0.0147106165
0.01514510803
0.01616258325
0.01788340732
0.0195907112
0.02194061372
0.0227915999
0.01334926449
0.01388487235
0.01492835758
0.01670484475
0.01854553791
0.02105708161
0.02251998887
0.01257107938
0.01330320378
0.01452602081
0.01626333838
0.01781485353
0.01983981568
0.02276557158
0.01234876122
0.0132081556
0.01471499567
0.01632491487
0.01801810285
0.01984981034
0.02219031663
0.01292653223
0.01367319908
0.01494010341
0.01672302506
0.01833483623
0.01966494499
0.02259852336
0.01403743571
0.01444939058
0.01586463629
0.01713589191
0.01956318027
0.02094437792
0.02237296351
0.01525951737
0.01566620052
0.01661294937
0.0182083475
0.02045742253
0.02182869781
0.02306524292
0.01696387407
0.01716626728
0.01782280811
0.01983339554
0.02150355493
0.02340992208
0.02436402797
0.01904362785
0.01927184483
0.01998926294
0.02130087298
0.0230880715
0.02480363086
0.02544082671
0.02129369035
0.02163707391
0.02274333491
0.02354562229
0.02459454288
0.02612402162
0.02663242776
0.02294687813
0.02381622964
0.02500404905
0.02556745624
0.02621859895
0.02727657928
0.0273161344
0.01894422495
0.01945869134
0.0202543945
0.02128863733
0.02231258538
0.02326708619
0.02301099298
0.01799544723
0.01842917467
0.01917228341
0.02020513153
0.02109650286
0.02196461562
0.0219060993
0.0164033742
0.01680665015
0.017620328
0.01865107434
0.01935139624
0.02052244235
0.02060962191
0.01465794502
0.01505656
0.01586761431
0.01710599954
0.01797105382
0.01929577945
0.01950754982
0.01315201231
0.01358301856
0.01446690317
0.01585539229
0.01679520549
0.01825434316
0.01873083581
0.01200051474
0.01261644311
0.0135484206
0.01499554789
0.0159676109
0.01719847842
0.01796567081
0.01138167488
0.01196688196
0.0131332962
0.01443368633
0.01568051978
0.01622541619
0.01676373386
0.01102366921
0.01170854795
0.01290462829
0.01445847011
0.01553338871
0.01607074758
0.01666411237
0.01113392385
0.01174600732
0.01331610219
0.01420564646
0.01688988466
0.01642856767
0.01715434119
0.01144474337
0.01210085888
0.01304723483
0.0146806638
0.01618674426
0.01810478458
0.01809972233
0.01162268896
0.01259192848
0.01354473987
0.01510129279
0.01681727833
0.01860581844
0.01839500799
0.0125509827
0.01335958096
0.01437290196
0.01638464402
0.01776745242
0.01940040601
0.01991725619
0.01403558546
0.01457212137
0.01595798398
0.0176826045
0.01919502168
0.02107155967
0.02162446798
0.01594341989
0.01651296847
0.01772859895
0.01931213445
0.02126193128
0.02318259436
0.02340059598
0.01710691182
0.01808141193
0.01958150371
0.0212983807
0.02304872302
0.02437317077
0.02367391542
0.01382087014
0.01412797534
0.01480568781
0.0160964391
0.01741531064
0.01840356677
0.01860545815
0.0134366428
0.01372015641
0.01431540915
0.01545620247
0.01654851752
0.0171966222
0.01739048543
0.01258828389
0.01287230839
0.01351376543
0.01445796158
0.01520012131
0.01609694083
0.01649199064
0.01153654486
0.01186418779
0.01248986752
0.0135275464
0.01403462562
0.01500844155
0.01559499111
0.01056999717
0.01097172636
0.01157935714
0.01268405892
0.01324250142
0.01424704147
0.01474146375
0.009858331386
0.01031689287
0.0109512512
0.01229334384
0.01289161848
0.01344448532
0.01413754046
0.009414815578
0.009830874039
0.01058888687
0.0117707819
0.0127021913
0.01304429109
0.01355538995
0.009026880859
0.009458804403
0.01001962357
0.01129219131
0.01241003219
0.01301230998
0.01291862053
0.0084980282
0.009012531488
0.01002466007
0.01152256516
0.012694313
0.01442351341
0.01431165648
0.007884402312
0.008795626865
0.009488031428
0.011370302
0.01259445661
0.01489439855
0.01561904211
0.007267947441
0.008277689783
0.00969766591
0.01167750321
0.0126146992
0.01482619498
0.01616217172
0.007337319372
0.008387990544
0.009765031697
0.01161928542
0.01341738909
0.01540979378
0.0161214496
0.008208883837
0.008796004144
0.01062311471
0.0126814318
0.01461333287
0.01659788174
0.01715941512
0.009867809582
0.01043444492
0.0116309423
0.01371238996
0.01644398063
0.01834043061
0.01838542005
0.01147419474
0.01207204089
0.01314498964
0.01522043869
0.01787632919
0.01982311926
0.01952745061
0.008219122266
0.008478686947
0.008958658203
0.01004649096
0.0111824648
0.01233659023
0.01303822206
0.008256761644
0.008438558606
0.008853763165
0.00982382263
0.01089325158
0.01169803847
0.01260772465
0.00797578333
0.008102646584
0.008599510174
0.009482019994
0.0103715476
0.01113093985
0.01211707158
0.00752803561
0.007738291316
0.008213727057
0.009226841068
0.009809637393
0.01055284946
0.01150317147
0.007110772975
0.007450505645
0.007963676986
0.009011336187
0.009599380968
0.01024769738
0.01140227046
0.006934841707
0.007196153915
0.007581628804
0.008892898452
0.00946105629
0.01019671924
0.01123849264
0.006682215487
0.006958248881
0.007141618486
0.008699960311
0.009388069955
0.01047096189
0.01054936972
0.006274427543
0.006544009738
0.007073669746
0.00822387182
0.009137660857
0.0100180305
0.01055817887
0.005589620374
0.005894649462
0.006522013786
0.008639836209
0.008912096631
0.01109402696
0.01113011952
0.004427379591
0.004947304179
0.006094979549
0.007946234895
0.008835080704
0.01071149662
0.01185611225
0.003515868504
0.004058888664
0.005406419035
0.007599293517
0.00915161713
0.0103411863
0.01232235362
0.002962369097
0.003487604954
0.005285655008
0.007274580749
0.009162235736
0.01047853286
0.01219522749
0.003807328822
0.003730072814
0.005479677762
0.007774525272
0.009625386396
0.01115210887
0.01213100559
0.00454806899
0.004670102599
0.006065863272
0.008232898263
0.01026795521
0.01180694189
0.01262474341
0.00605205035
0.006086096668
0.007105701252
0.008912641457
0.01089891738
0.01256482826
0.01343217562
0.002519132508
0.002566848802
0.002755241317
0.003228961446
0.003592767467
0.003991938265
0.004222216164
0.002615823093
0.002604210065
0.002800073806
0.003150242903
0.00353739752
0.003760011671
0.004131170607
0.002551393621
0.002531706842
0.002736540566
0.003059719625
0.003391282223
0.003614551005
0.004194259002
0.002426748055
0.00248190038
0.00269016819
0.00302443662
0.003103932966
0.00328709267
0.003639838321
0.002430126213
0.002531902658
0.002735016818
0.003081909538
0.002898561784
0.003029417756
0.003597182489
0.002470333638
0.00253856451
0.002708848548
0.003023376693
0.002924315179
0.002946976739
0.003708507254
0.00245878989
0.002448388289
0.002468213197
0.002748289324
0.00273721898
0.00332421205
0.003960750361
0.002264718838
0.002192432555
0.0023537905
0.002576541018
0.002915912418
0.003517279796
0.003735753999
0.002110400593
0.002018268666
0.002080004725
0.002666750333
0.002782652277
0.003266467183
0.003254849065
0.001650893914
0.001454534496
0.001709472089
0.002115342637
0.002810251552
0.003025499159
0.003624783557
0.001093156877
0.001000967082
0.001184836802
0.001952491312
0.002599007351
0.003223384867
0.003383022952
0.0008686335052
0.000857501628
0.001241871531
0.002108206729
0.002626833389
0.0034293541
0.003469730811
0.001011430431
0.0009944025223
0.001564769205
0.002271769489
0.00313234335
0.003777690475
0.003839843319
0.000949625057
0.001136779332
0.001863700754
0.002513351791
0.003293441656
0.004007105965
0.004447425058
0.001608043876
0.001584674359
0.002160352439
0.002767576185
0.003668426502
0.004357227523
0.004603682532
-0.03218397901
-0.0312262226
-0.03003984926
-0.02880692505
-0.02789776866
-0.02774326637
-0.02786615808
-0.02787717127
-0.02744341062
-0.02670321415
-0.02580421563
-0.02525479141
-0.02496269862
-0.02488124981
-0.0250081746
-0.03115267728
-0.03039853532
-0.0296372132
-0.02918088836
-0.02885255463
-0.02878681625
-0.02873672483
-0.02843587868
-0.02764564453
-0.02663102786
-0.02529162093
-0.02425522751
-0.02356701177
-0.02365729664
-0.02424132478
-0.03007740048
-0.0296314922
-0.02917094545
-0.02921930276
-0.02937547199
-0.02937880121
-0.02909947002
-0.02842994578
-0.02714519629
-0.02582437328
-0.0243221618
-0.02313176814
-0.0223061669
-0.02245146423
-0.02312621581
-0.02896246675
-0.02917584485
-0.02918547286
-0.02949967473
-0.02978054648
-0.02966530251
-0.02904940684
-0.02794737441
-0.0261605866
-0.02456776129
-0.02316773347
-0.02218867396
-0.02161462463
-0.02166495821
-0.0217493309
-0.02807211368
-0.02886421745
-0.02940701439
-0.02985728187
-0.02995738281
-0.02946502968
-0.02851328881
-0.02726638329
-0.02528386065
-0.02341536545
-0.02217449937
-0.02161714051
-0.02140260652
-0.02126307127
-0.02088283368
-0.02751691234
-0.02866909697
-0.0293985688
-0.02982987421
-0.02970015436
-0.02886692944
-0.02757463897
-0.02638726353
-0.02478467559
-0.02303925613
-0.02178991823
-0.02136705927
-0.02147060248
-0.02148476749
-0.02076401084
-0.02689797812
-0.02823809055
-0.02899398338
-0.02931802441
-0.02914971993
-0.02833461243
-0.02668496853
-0.02524130474
-0.02406346929
-0.02295043023
-0.02209238283
-0.02184162232
-0.02199222455
-0.02192974321
-0.02113815508
-0.02620970502
-0.02763681352
-0.02834069969
-0.0284003555
-0.02816660206
-0.02773852938
-0.02616238811
-0.02420270149
-0.02302467061
-0.02251180122
-0.02225057148
-0.02235671245
-0.02265817324
-0.02240190734
-0.02130492914
-0.02522773459
-0.02674924178
-0.02776824536
-0.02753573148
-0.02690239991
-0.02654067389
-0.02567672306
-0.02387278039
-0.02248970836
-0.022196736
-0.02243004627
-0.02292109396
-0.02341888488
-0.02304619994
-0.0214922328
-0.02428990823
-0.02542594287
-0.02672802013
-0.0266325383
-0.02556027746
-0.02460866575
-0.02401813324
-0.02313320095
-0.02214088409
-0.02191768606
-0.02236625813
-0.02310537429
-0.0237690666
-0.02352162292
-0.02197985673
-0.02396549563
-0.02383751887
-0.02411284022
-0.02505878997
-0.02437594951
-0.02308505003
-0.02217842545
-0.02199946979
-0.02186921837
-0.02192908552
-0.02239327099
-0.0230981856
-0.02370026411
-0.02353845216
-0.02214211031
-0.02393818555
-0.02372838898
-0.02163059565
-0.0230636373
-0.02383138261
-0.02296334937
-0.02140444964
-0.02076911589
-0.02090530577
-0.02141874408
-0.02221195075
-0.02297105064
-0.02344903374
-0.02346138561
-0.0224267362
-0.02263680266
-0.02524723649
-0.02313432124
-0.02185558061
-0.02124809572
-0.02085660002
-0.02028548876
-0.02003400861
-0.02016637869
-0.02061644964
-0.0215055533
-0.02241877526
-0.02291782959
-0.0232011231
-0.02269157126
-0.02017434761
-0.02408801631
-0.02549002162
-0.02371926234
-0.0209677149
-0.01928054587
-0.01862405611
-0.01856968191
-0.01883235519
-0.01944213382
-0.02058458689
-0.02185341097
-0.02263651868
-0.02314779985
-0.02312282057
-0.02094266772
-0.02454336283
-0.02653435019
-0.02339458559
-0.01953978128
-0.01762902096
-0.01701266172
-0.0169394197
-0.01708634346
-0.01772702333
-0.0191023618
-0.02083650935
-0.0221657705
-0.02304220783
-0.02328018533
-0.0335327281
-0.03268654203
-0.0314662513
-0.03076311015
-0.03017883921
-0.02986348726
-0.02967854614
-0.02933557298
-0.02867411131
-0.02780910724
-0.02697038566
-0.02644625183
-0.02634212769
-0.02660394328
-0.02695388219
-0.03232425257
-0.03220997672
-0.03149735746
-0.03144244599
-0.03137888293
-0.03121505069
-0.03092682734
-0.03032195277
-0.02935501543
-0.02819580368
-0.02703838372
-0.02617418352
-0.02558971932
-0.02573108233
-0.02603913984
-0.03157365473
-0.03169682894
-0.03160782458
-0.03196644115
-0.03224215558
-0.03205829145
-0.03145429818
-0.03048045083
-0.02927990036
-0.02802096431
-0.02657238575
-0.0254381567
-0.02467190204
-0.02463280294
-0.02483970808
-0.03086069493
-0.03162614604
-0.03207197591
-0.03248907004
-0.03268227024
-0.03235467524
-0.03144107265
-0.03004397916
-0.02849805077
-0.02720961109
-0.0259363333
-0.0248798769
-0.02415829383
-0.02390202522
-0.02361940449
-0.03026744372
-0.03169159842
-0.03257062932
-0.03285656478
-0.03281276827
-0.03226562537
-0.031164507
-0.02954248044
-0.02774136716
-0.02626859816
-0.02530232971
-0.02467039447
-0.02416547351
-0.02365538856
-0.02282008132
-0.02963085239
-0.03122921224
-0.03232205984
-0.03259700089
-0.03229437695
-0.03154275769
-0.03048094232
-0.0289758644
-0.02730507912
-0.02582644201
-0.02498161312
-0.02461680074
-0.02431389339
-0.02369130606
-0.02246875565
-0.02893204413
-0.03043913011
-0.03155180292
-0.0318731298
-0.03138809883
-0.03043479049
-0.02942217203
-0.02817485969
-0.02677931255
-0.02561473304
-0.02510476209
-0.02499346842
-0.02479077294
-0.02397992006
-0.02243100126
-0.02799558913
-0.02938882602
-0.03042048305
-0.03097023173
-0.03041990886
-0.02928412685
-0.0280854637
-0.02706699925
-0.02613868071
-0.02546089368
-0.02527781847
-0.02533607203
-0.02517428684
-0.02411280184
-0.02236662027
-0.02689039973
-0.02829644888
-0.02924684482
-0.03003912054
-0.02959252524
-0.02848796543
-0.02732941727
-0.02638183326
-0.02563188198
-0.02530284134
-0.02538303793
-0.02561873323
-0.02549862057
-0.02433790241
-0.02231946274
-0.02579021586
-0.02720886446
-0.02788809835
-0.02854035209
-0.02840854616
-0.02733075853
-0.02626855936
-0.02558214494
-0.02509072399
-0.02499285788
-0.02525714308
-0.02562705865
-0.02554772916
-0.0244510122
-0.02243794442
-0.02481283234
-0.02564516732
-0.02603855053
-0.02641420175
-0.02649552866
-0.02584991087
-0.0251195668
-0.02482312538
-0.02471783109
-0.02478345614
-0.02505902728
-0.02530873143
-0.02509315483
-0.02407590434
-0.022254707
-0.02413464026
-0.02431717533
-0.02432272414
-0.02525812877
-0.0257509661
-0.02521074907
-0.02423869978
-0.02378946206
-0.02385367334
-0.02411148201
-0.02451710241
-0.02465004928
-0.02429677671
-0.02345986206
-0.02216469168
-0.02376654119
-0.0247842628
-0.02407500262
-0.02372965215
-0.02353272923
-0.02330864238
-0.0229097773
-0.02268653482
-0.02273620378
-0.02295026993
-0.02340463845
-0.02358929243
-0.02319689803
-0.0227806211
-0.02205815215
-0.02322838169
-0.02493061208
-0.02487438102
-0.02371140533
-0.02243450649
-0.0216116982
-0.021107978
-0.02089742894
-0.02101579671
-0.02137634807
-0.02201617558
-0.02243790551
-0.02250799894
-0.02244170467
-0.02212851226
-0.02382594202
-0.02503658925
-0.0248608363
-0.02279541788
-0.02069367453
-0.01960814203
-0.01905706135
-0.01880549096
-0.01892546936
-0.01948200088
-0.0203025
-0.02116957278
-0.02171285721
-0.02203583855
-0.02231815174
-0.03405605889
-0.03369779391
-0.0330779595
-0.03258587916
-0.03213243152
-0.03160396755
-0.03101086254
-0.03022379456
-0.02929849336
-0.0283856887
-0.02777608337
-0.0276751546
-0.02799142871
-0.02828573821
-0.02848143509
-0.03322277252
-0.0336361199
-0.03341834918
-0.03334868971
-0.03328177478
-0.03294584945
-0.03240592215
-0.0314627348
-0.03039437924
-0.02929405707
-0.0284940427
-0.0280508583
-0.0279205153
-0.02794962542
-0.02781206156
-0.03296811308
-0.03364901703
-0.03401805741
-0.03430684174
-0.03437729063
-0.03387965877
-0.03314196173
-0.03209004316
-0.03117637312
-0.03004476964
-0.0288652716
-0.02795083243
-0.02746444768
-0.02722527685
-0.02672230472
-0.03245518247
-0.03364662608
-0.03433969606
-0.03481122536
-0.03483591626
-0.03421149208
-0.03323667576
-0.03193103092
-0.03102695551
-0.0301118213
-0.02897527946
-0.02791494892
-0.02714080157
-0.02657264099
-0.02557825474
-0.03205519635
-0.03375531248
-0.03466145411
-0.03501136968
-0.03499919221
-0.03424133024
-0.03306634835
-0.03154084335
-0.03043091893
-0.02962033907
-0.02893778213
-0.02821298223
-0.02739028078
-0.02625961149
-0.02471882597
-0.03139887732
-0.03319680015
-0.03416738263
-0.03448027396
-0.03443077809
-0.03365950533
-0.03246545251
-0.03101771943
-0.02989756912
-0.02908114261
-0.0286151174
-0.02821960518
-0.02740290518
-0.02588462495
-0.02379440844
-0.03033939295
-0.032087072
-0.03304728962
-0.03324198849
-0.0331660612
-0.03265046965
-0.03175455278
-0.03048902017
-0.0294187831
-0.02873324156
-0.02845829455
-0.02812658001
-0.02723678373
-0.02542094821
-0.02293595745
-0.02892808093
-0.03063078119
-0.03164465068
-0.03175719789
-0.03151655464
-0.0310570515
-0.03056236029
-0.02983219809
-0.02910966828
-0.02858139524
-0.02835558105
-0.02789008806
-0.02676952895
-0.02471474755
-0.02202510327
-0.02737537071
-0.02916525458
-0.03050043894
-0.03067673374
-0.03031418162
-0.02985625518
-0.02964410702
-0.02930988076
-0.0288863543
-0.02849407378
-0.02818078525
-0.02760796728
-0.02627826685
-0.02403049851
-0.02135890144
-0.0259451741
-0.02774841994
-0.02923450723
-0.02966518975
-0.0294935661
-0.02895945625
-0.02877078466
-0.02862842072
-0.02842485119
-0.02819511941
-0.02784713696
-0.02718754781
-0.02574714457
-0.02345336529
-0.02082858453
-0.02483290108
-0.02620495623
-0.02743099526
-0.02799365766
-0.02834390026
-0.02823841677
-0.02812730094
-0.02807477476
-0.02794824035
-0.02771988552
-0.02731197248
-0.02652770852
-0.02498352306
-0.02274558928
-0.0204771906
-0.0242862233
-0.02497976368
-0.02572567883
-0.02664058813
-0.02744062367
-0.02766387648
-0.02738185509
-0.02710333524
-0.02697935962
-0.02681768575
-0.02644013598
-0.02552575874
-0.02401713673
-0.02200685924
-0.02037774726
-0.02437164463
-0.02495328087
-0.02494875277
-0.02526438146
-0.02594310986
-0.02622528472
-0.02598844823
-0.02570362278
-0.02553122086
-0.02540212419
-0.02508179882
-0.02414701205
-0.02289626321
-0.02144349781
-0.02062259259
-0.02430964291
-0.02506837897
-0.02501700157
-0.02461574372
-0.02449050708
-0.02428909031
-0.02382760145
-0.02352445763
-0.02346729593
-0.02346762814
-0.02325383335
-0.02256346494
-0.02188883622
-0.02095435211
-0.02049748541
-0.02423368073
-0.02455648834
-0.02402199594
-0.0232309889
-0.02248602128
-0.02183250749
-0.02122516502
-0.02093482598
-0.02101842184
-0.02113307099
-0.02122596037
-0.02111831642
-0.02104244172
-0.02033954492
-0.02041383333
-0.03282036025
-0.03277918808
-0.03263514528
-0.03239084723
-0.0319624994
-0.03122338693
-0.03025927568
-0.02919073159
-0.02832486387
-0.02759352156
-0.02726971519
-0.02723083988
-0.02757023741
-0.02770602408
-0.02790155647
-0.03274056103
-0.03324679733
-0.03341699468
-0.03331715028
-0.03316568341
-0.03265286924
-0.03189274112
-0.0307929642
-0.02981923692
-0.02915938147
-0.02879284633
-0.02838431167
-0.02826149766
-0.02813621364
-0.02769575779
-0.03268457679
-0.03350730468
-0.03404555321
-0.03415862774
-0.0340576453
-0.0336282382
-0.03301674024
-0.03204241063
-0.03123360872
-0.03054662956
-0.02995349768
-0.02912810203
-0.02859829433
-0.02804139317
-0.02716711764
-0.03230400828
-0.03350035319
-0.03430788684
-0.03458783795
-0.03449082635
-0.03393661256
-0.03325449357
-0.0322978863
-0.03169823018
-0.03105631356
-0.03034630479
-0.02943232333
-0.02853764953
-0.02765764903
-0.02620720442
-0.03172260072
-0.03328628847
-0.03427294728
-0.03457632235
-0.03446203313
-0.03379672428
-0.03302000481
-0.03207727875
-0.03153194092
-0.0310288171
-0.03047927605
-0.02971931144
-0.02864996472
-0.02704522825
-0.02494434218
-0.03102377529
-0.03256679308
-0.03357190507
-0.03389893456
-0.03385589047
-0.03305165423
-0.03217509028
-0.03134973444
-0.0308834235
-0.03048448898
-0.03014965903
-0.0294677974
-0.02824326038
-0.0260409382
-0.02340738197
-0.02967378573
-0.03113307487
-0.03206084836
-0.03238740212
-0.03259495315
-0.0320445592
-0.03126449883
-0.03051569585
-0.03008689133
-0.02978587261
-0.02949243802
-0.02878102164
-0.0273351628
-0.02485828423
-0.02199834702
-0.02803621607
-0.02939100872
-0.03022180993
-0.03046638645
-0.03081984491
-0.03065348186
-0.03029781166
-0.02989476824
-0.02963575094
-0.02935507857
-0.02886873865
-0.02780283856
-0.02595975451
-0.02341797482
-0.02053085829
-0.02633916945
-0.02781868226
-0.02885949759
-0.02904161309
-0.02932863231
-0.02939650385
-0.02952107252
-0.02948122259
-0.02938333481
-0.02901876451
-0.02823058753
-0.02677459506
-0.02464757887
-0.02190886628
-0.0190542678
-0.02487344093
-0.02654764623
-0.02796907375
-0.02816991678
-0.02844152861
-0.02852141791
-0.02884039286
-0.02898006758
-0.02892674679
-0.02847486877
-0.02753112333
-0.02584857394
-0.02353245331
-0.02068322061
-0.01782876192
-0.02401392622
-0.02538161019
-0.02688191357
-0.02729980171
-0.02781122952
-0.02815738997
-0.02840008148
-0.02845547946
-0.02829910867
-0.02783410627
-0.02672787366
-0.02497166004
-0.0226447933
-0.01992511476
-0.0172472338
-0.02359240976
-0.02441303272
-0.02552202187
-0.02635029618
-0.02728041298
-0.02774815303
-0.02782293604
-0.02763377302
-0.02729710222
-0.02674587812
-0.02560800849
-0.02395755408
-0.02185938785
-0.01947303059
-0.01722368292
-0.02394994006
-0.02436049229
-0.02498710195
-0.02549197706
-0.02647342085
-0.02690068509
-0.02668589893
-0.02639168988
-0.02603963497
-0.02544941351
-0.02436436394
-0.02284291839
-0.02110565956
-0.01944634006
-0.0176422697
-0.02409585796
-0.024563642
-0.02486034656
-0.0248480344
-0.02509438101
-0.02498449306
-0.02453690017
-0.02421078118
-0.02392782821
-0.02339936404
-0.02253704815
-0.02134860684
-0.0203026995
-0.01941030302
-0.01799736182
-0.02412881474
-0.02419952234
-0.02415556715
-0.02380990686
-0.02322879282
-0.02258330776
-0.02199244965
-0.02178209271
-0.02155513818
-0.02105271985
-0.02053977983
-0.01994811004
-0.0197815635
-0.01871440674
-0.01784484781
-0.02877579976
-0.02878747331
-0.02881626067
-0.02887630887
-0.0282079241
-0.02732878838
-0.02642469903
-0.0254561623
-0.02456410963
-0.02401622324
-0.02381483437
-0.02382291356
-0.0240979574
-0.02402418099
-0.02421734578
-0.02933845438
-0.02995813199
-0.03040345209
-0.03034555175
-0.03002119722
-0.02918902068
-0.02820290633
-0.02723832404
-0.02656469646
-0.0262813341
-0.02601777468
-0.02547643783
-0.02531670041
-0.02522161308
-0.02458978648
-0.02915191533
-0.03009814088
-0.03054313882
-0.03078859337
-0.03067958353
-0.03023209285
-0.0295317928
-0.02875451832
-0.02823096411
-0.02807348747
-0.02790304695
-0.02705849563
-0.02630980971
-0.02563599204
-0.02459684299
-0.02903336206
-0.03020737059
-0.03093569474
-0.03114459825
-0.03103541844
-0.03066256395
-0.02997959865
-0.0293032721
-0.02890107217
-0.02871100639
-0.0285799671
-0.02781756073
-0.02679846287
-0.02534408864
-0.02393235119
-0.02820085846
-0.02974009818
-0.03059550894
-0.03084008807
-0.0307121011
-0.03024317139
-0.02949128545
-0.0289970675
-0.02870720629
-0.02840814431
-0.02813885273
-0.02769391313
-0.02663628207
-0.02453413819
-0.02248506989
-0.02733340928
-0.02879373608
-0.02978137674
-0.03001349415
-0.02975033866
-0.02906783436
-0.02825826494
-0.02790060221
-0.02776446165
-0.02765777163
-0.02736589392
-0.02677613342
-0.02571002885
-0.0233523277
-0.02060792149
-0.02592121111
-0.0271981101
-0.02817729289
-0.02830377847
-0.02814953292
-0.02751251651
-0.02684187613
-0.02652009434
-0.02644920974
-0.02633753799
-0.0260930458
-0.02530143376
-0.02411220537
-0.02175507657
-0.01897633306
-0.0243368104
-0.02541320876
-0.026368
-0.02655024132
-0.02665318077
-0.02621533484
-0.02576076032
-0.02541253629
-0.0253886234
-0.02521086188
-0.02462609223
-0.02349895666
-0.02204236033
-0.01976279223
-0.01707623855
-0.02277161653
-0.02400106341
-0.02508047547
-0.02527410741
-0.02534345277
-0.02505743312
-0.02490669852
-0.02465672043
-0.02453053601
-0.02433728895
-0.02354534385
-0.02210439311
-0.02036456974
-0.01802287397
-0.01512502214
-0.0217266324
-0.02326173129
-0.02463414064
-0.02487516212
-0.02464569719
-0.02432364593
-0.02426646481
-0.02428528012
-0.02411798546
-0.02380124611
-0.02286947698
-0.02119409187
-0.01910496007
-0.01677468691
-0.01350287791
-0.02137165261
-0.02274851799
-0.02433934764
-0.02476507071
-0.02468919401
-0.02441492164
-0.02422413839
-0.02410359156
-0.02387443909
-0.02343200098
-0.02254066421
-0.02079349834
-0.01842298369
-0.01647044707
-0.01342761841
-0.02177002091
-0.02241347566
-0.02380075551
-0.02434297469
-0.02494678015
-0.02475517411
-0.02432349355
-0.02378355972
-0.02330896348
-0.02263976699
-0.02165688645
-0.02001436362
-0.01772323232
-0.01651685957
-0.01364694162
-0.02252129765
-0.02303759149
-0.02363172354
-0.02391425472
-0.02442895369
-0.02446511011
-0.02400725359
-0.02354698342
-0.02286325691
-0.02193584891
-0.02075847182
-0.01915934734
-0.01751517187
-0.01664527491
-0.01422246031
-0.02277549077
-0.02368229636
-0.02393633941
-0.0233771016
-0.02286647895
-0.022545054
-0.02204516823
-0.0216684438
-0.02095222657
-0.02011438035
-0.01915610905
-0.01826277346
-0.01713341456
-0.01579578551
-0.01464327411
-0.02234799628
-0.02270362612
-0.02290299524
-0.02246282102
-0.02152838604
-0.02044509258
-0.01972821402
-0.01941136653
-0.01862969206
-0.01794905089
-0.01743634869
-0.01740761579
-0.01653746532
-0.01557386768
-0.01449800534
-0.02117333533
-0.02159135256
-0.02143006213
-0.02130357569
-0.02084295742
-0.02005432689
-0.01928036504
-0.01846031421
-0.01743127258
-0.0168260427
-0.01664895888
-0.01672209382
-0.0165527477
-0.01665939065
-0.0163909509
-0.02183424284
-0.02284505764
-0.02315696562
-0.0233275023
-0.02291967618
-0.02208827307
-0.02100019453
-0.02020733394
-0.01946811786
-0.01910192244
-0.01899657112
-0.01874973174
-0.01898044769
-0.01812854197
-0.01734496718
-0.02160463427
-0.02294747489
-0.0231378721
-0.02338875054
-0.02339035046
-0.02280769557
-0.02187211516
-0.02130471528
-0.02080419479
-0.02078866411
-0.020765834
-0.02027263671
-0.01985123538
-0.01957292472
-0.01771410225
-0.0215384706
-0.02294466145
-0.02332298845
-0.02372782287
-0.023539907
-0.02305424201
-0.02211221349
-0.02178444303
-0.02152081536
-0.02155388341
-0.02162160811
-0.02108803885
-0.02039499103
-0.01961586571
-0.0175123135
-0.02075728551
-0.02229312566
-0.02295762703
-0.02316894049
-0.02279233959
-0.02222816999
-0.02115634416
-0.02086173458
-0.02078108771
-0.0207947545
-0.0208158585
-0.02064014662
-0.01991625534
-0.01873463305
-0.01660499143
-0.02004594327
-0.02156658921
-0.02217074392
-0.02219627677
-0.02157848214
-0.02075356486
-0.01966505677
-0.01930598688
-0.0193197713
-0.01947184968
-0.01935224885
-0.01912999158
-0.0184773452
-0.01728615034
-0.01538861721
-0.01901622042
-0.02025997308
-0.02069865864
-0.02038941118
-0.01961658513
-0.01882115271
-0.01791426241
-0.01741469679
-0.01731246023
-0.01737323423
-0.01744099362
-0.01703496736
-0.01643589017
-0.01515783465
-0.01343132008
-0.01804820215
-0.01894267847
-0.01935512713
-0.01924251039
-0.01850835294
-0.01762005796
-0.01654992984
-0.01573711972
-0.01549043725
-0.01541734427
-0.01547744697
-0.01511589393
-0.01434795197
-0.01301443486
-0.01109227939
-0.01686891821
-0.01796171623
-0.01846342012
-0.01850721824
-0.01769359145
-0.0167345726
-0.01576023832
-0.01480365344
-0.01423154843
-0.01417747959
-0.01420873176
-0.01384302364
-0.01315756175
-0.01168974945
-0.009308539162
-0.01651573879
-0.01780072655
-0.0185454865
-0.01841576896
-0.01742059252
-0.01634627402
-0.01543890974
-0.01470826333
-0.0140984817
-0.01390351122
-0.01370394237
-0.0129378539
-0.01174690436
-0.01048705258
-0.008038021296
-0.01681081304
-0.01813033943
-0.01906417818
-0.0189829846
-0.01786062863
-0.01667045571
-0.01588409415
-0.01517461685
-0.01466751435
-0.01424980994
-0.01371166888
-0.01255767163
-0.01109353534
-0.00954862311
-0.008143476276
-0.0174829008
-0.01871518355
-0.0195066741
-0.01952038429
-0.01869360339
-0.01751803692
-0.01646267855
-0.01566310806
-0.01499066556
-0.01431013464
-0.01342784165
-0.01233316802
-0.01035515756
-0.009700246334
-0.00836376413
-0.01810211258
-0.01960581534
-0.01970218639
-0.01955884233
-0.01879099469
-0.01783109182
-0.01679305414
-0.01602947168
-0.01522123057
-0.01425227834
-0.01296054336
-0.01167162529
-0.01069615706
-0.009968802437
-0.008721008225
-0.01850187915
-0.01969466516
-0.02009036187
-0.01916255957
-0.01799374575
-0.01682107505
-0.01584192422
-0.01498788089
-0.01399014748
-0.01307259266
-0.01169221265
-0.01103634428
-0.01065114468
-0.009227291122
-0.008702221753
-0.01737250086
-0.01803029619
-0.01779103639
-0.01680196443
-0.01560406722
-0.01479927489
-0.01419460771
-0.0132911523
-0.01209300781
-0.01127675077
-0.01022271213
-0.01024237941
-0.009626721546
-0.008920991776
-0.008406474196
-0.009746979528
-0.01017753884
-0.01044326402
-0.0102959043
-0.009801418642
-0.009170327854
-0.008680998012
-0.00789157033
-0.006983760015
-0.006021103898
-0.005540868833
-0.005443647758
-0.005274738058
-0.004836724257
-0.004323229148
-0.0101413131
-0.01103951686
-0.01108450152
-0.01104285405
-0.01056447458
-0.01059940755
-0.009797199187
-0.009224528174
-0.008329574687
-0.007885280848
-0.007578648897
-0.007031429343
-0.007410600302
-0.006842506087
-0.005376904065
-0.009976392801
-0.01066511423
-0.01097053968
-0.01079249992
-0.01093199004
-0.01065972545
-0.00987999441
-0.009200531177
-0.008528928793
-0.00852238852
-0.008456784585
-0.008058935424
-0.008125700287
-0.008060260422
-0.006396311383
-0.009626633347
-0.01036270959
-0.01071254824
-0.01110989567
-0.01097056462
-0.01054166517
-0.009592918047
-0.009206899652
-0.008768856048
-0.008581482135
-0.008743736001
-0.008458157171
-0.00801422321
-0.008355666393
-0.006312556044
-0.009310463073
-0.01031998941
-0.01046939674
-0.01071915035
-0.01002758277
-0.009186455738
-0.007890028082
-0.007657780686
-0.00770427125
-0.007599422552
-0.007666370404
-0.007760433646
-0.007391785518
-0.007286089661
-0.005639921447
-0.009097971619
-0.009976656527
-0.01010065633
-0.009962476326
-0.008748179581
-0.007744627224
-0.006343419142
-0.005704891549
-0.005740901283
-0.005948620053
-0.006084909094
-0.00641993065
-0.00606612055
-0.00596805742
-0.004654444441
-0.008685272669
-0.009381484201
-0.009048617695
-0.008499839181
-0.007034875157
-0.006009107655
-0.004627169842
-0.003523591506
-0.003158696523
-0.003665356512
-0.004157314624
-0.004646618947
-0.00436418677
-0.00422945953
-0.003829718923
-0.00846793413
-0.008844489542
-0.008304630107
-0.007786861028
-0.006297969094
-0.004931106025
-0.003376879432
-0.002041699073
-0.001219759466
-0.001477182716
-0.002395468476
-0.003185584147
-0.003157220751
-0.002846179615
-0.002547593948
-0.007886550721
-0.008594903655
-0.008060555715
-0.007579268721
-0.006177690587
-0.004719105074
-0.002991416242
-0.001468731787
-0.0003124803864
-0.0001976815298
-0.001211446039
-0.002095552661
-0.002472346579
-0.00178714851
-0.001704919876
-0.007566340595
-0.008913118056
-0.008531284124
-0.007901409025
-0.006196694361
-0.00478757583
-0.003265426436
-0.001823484899
-0.0006334693922
-9.991467184e-05
-0.0005892357349
-0.001174184176
-0.001248000866
-0.0006763892445
-0.0003745805876
-0.007909451862
-0.009066505932
-0.008938337842
-0.008538097097
-0.006887520766
-0.005185570607
-0.003761331248
-0.002557386279
-0.001767109233
-0.001150561645
-0.0008342855497
-0.0006211629636
-0.0003148891504
0.001360411625
0.0004973076341
-0.008527501455
-0.008930872063
-0.008703819864
-0.008807142686
-0.00756223685
-0.006181479951
-0.004612097899
-0.003636383947
-0.00290732781
-0.00217875374
-0.001045456493
-0.0003202087636
0.0007140176663
0.001860199874
0.0008724541913
-0.008659722158
-0.009805423654
-0.008615674603
-0.007854740187
-0.007208319832
-0.006219313232
-0.004915177572
-0.003984275542
-0.003315201977
-0.002214730111
-0.0006919266564
0.0005245031369
0.001135452533
0.001866823514
0.00173000905
-0.008468664942
-0.009605010994
-0.008895864778
-0.007408420261
-0.006488927689
-0.005866064421
-0.004767702263
-0.003684267454
-0.002985018152
-0.001911900071
-0.0001621391283
0.001356054401
0.001760066246
0.001589284183
0.001375886458
-0.007293837645
-0.007833523917
-0.007070812846
-0.005647632851
-0.004286639114
-0.004042030055
-0.003718576894
-0.002533115446
-0.001503780392
-0.0003925127846
0.001636721158
0.00268732496
0.00270817954
0.001675461443
0.001034790955
0.003484300203
0.003086917437
0.003021943422
0.003485028086
0.003671518859
0.003830377017
0.003745678955
0.004345107218
0.005293310806
0.006337258985
0.007346712323
0.00829969873
0.008644453287
0.008691117903
0.009283056063
0.003341020479
0.003760748522
0.003880771262
0.004515800382
0.004698030156
0.004044257241
0.004029612312
0.004416547887
0.005322150457
0.006191741907
0.006700278336
0.008072591631
0.0091147211
0.008858867199
0.009249114206
0.003740712982
0.004949136648
0.00489402609
0.004858382094
0.00469866251
0.00484430916
0.005142872185
0.005582330994
0.006447289395
0.006856566883
0.006919569519
0.007561699909
0.008438560515
0.008864438348
0.009021517724
0.004018581424
0.005331375008
0.004938905495
0.004955572254
0.005179647255
0.005414410715
0.006171165546
0.006476616397
0.007029092413
0.007933346749
0.007866463572
0.007720326318
0.008406816724
0.008836700805
0.008798619735
0.003649040017
0.004550518286
0.005024750337
0.00543361046
0.005982792906
0.006708178539
0.007712358877
0.008234595008
0.008416704587
0.008698171165
0.009199032924
0.00879812017
0.009045098643
0.009150135881
0.009141713121
0.003374642175
0.004177848487
0.005065096631
0.00591477522
0.006978498934
0.007906059065
0.009170043766
0.009986373595
0.01037205475
0.01036458841
0.01024315035
0.009624328347
0.009829960409
0.00941154353
0.009631519463
0.003300263886
0.003942414361
0.005328568325
0.006397044116
0.007838764664
0.009020901498
0.01057728575
0.01190429653
0.01232147054
0.01211244531
0.01154730873
0.0106719734
0.01011166166
0.009796415108
0.008926507611
0.003304730317
0.00392907701
0.005433321087
0.00623406181
0.008047063112
0.009606090948
0.01121179542
0.01269518317
0.01361941174
0.01355509977
0.0128015384
0.01132837658
0.01036379131
0.009830326674
0.008933843129
0.003561501985
0.003882657023
0.005407469916
0.005897494827
0.007504958989
0.009402826998
0.01111651868
0.01253980154
0.0138847798
0.0143543675
0.01369669464
0.01187441193
0.01046589673
0.009954678108
0.008906420266
0.003669673399
0.003672811097
0.004953772911
0.005936465188
0.007187892458
0.00878646371
0.01062558733
0.01211810295
0.01344168874
0.01408417698
0.01351616544
0.01198334463
0.01069126245
0.009821706001
0.008777337061
0.004434103343
0.004027582836
0.004703389915
0.00547583853
0.006857106016
0.008125873681
0.00986628768
0.01154618581
0.01263627346
0.01296646134
0.01271269503
0.01231423094
0.01171957876
0.01229478844
0.01026441973
0.005159843208
0.005370114953
0.005969758884
0.005540843342
0.006570205242
0.007792752929
0.009358493675
0.01042054097
0.01129627763
0.0115683426
0.01190812267
0.01232616328
0.01360072885
0.01438887456
0.01210350454
0.005693471854
0.00675639973
0.007607553225
0.007717897043
0.007507359995
0.008108943399
0.009223658164
0.01040290595
0.01091242602
0.01164664632
0.01232356807
0.01362687031
0.01582007477
0.0157936832
0.01360470376
0.006230286613
0.006787821858
0.008814056019
0.009624262242
0.008770028206
0.008127136739
0.008535849121
0.009442637543
0.01023294327
0.01121683165
0.01222973077
0.01531428415
0.01618754439
0.01537456997
0.01401784626
0.006795302072
0.007010889926
0.008367432514
0.009291078389
0.009948903697
0.008992162889
0.008937532734
0.009689520643
0.01065623779
0.01122614404
0.01294126316
0.0156170747
0.0157226927
0.0149136459
0.01354763777
0.01511070824
0.01530318018
0.01515816531
0.01553228769
0.0155811153
0.01488279089
0.01515996247
0.01574970208
0.01642710772
0.01710440091
0.0185064986
0.01999621425
0.02119459546
0.02089172266
0.02180685642
0.0155081432
0.01700220999
0.01766874504
0.01840420902
0.01787266127
0.01721094638
0.01714489253
0.01745176089
0.01824199445
0.01886753936
0.0193544621
0.02260892349
0.02389159856
0.02286742807
0.02211040377
0.01544765746
0.01780665619
0.019055632
0.01946484386
0.01901929757
0.01903286315
0.0191788815
0.01931837004
0.02010608966
0.02084766231
0.02086778509
0.0215589009
0.02496666667
0.02482284385
0.0229438301
0.01549366548
0.01799486014
0.01905445546
0.01969698567
0.02018863252
0.02061506087
0.02079142013
0.0208943234
0.02155456941
0.02275315464
0.02271913911
0.02201194791
0.0238837329
0.02560077521
0.02342156949
0.01496613566
0.01743522845
0.01882847292
0.02021820699
0.02116794074
0.02172682562
0.02192300366
0.02213118114
0.0226423486
0.02385980222
0.02433862649
0.023075146
0.02270069643
0.02431325488
0.02314112846
0.01484333166
0.01748212822
0.0193035264
0.02065862585
0.02153962526
0.02210491828
0.02266578995
0.02325839958
0.02385383674
0.02437103137
0.02492600803
0.02422149178
0.02290320389
0.02218489275
0.02125578226
0.01483979477
0.0172446264
0.0191317909
0.02023037399
0.02103736263
0.02198610372
0.02308375242
0.02389952709
0.02425277514
0.02461568409
0.02505424282
0.02476639653
0.02326183626
0.02157072727
0.0202259258
0.01502604098
0.01698932093
0.01835931414
0.0193436216
0.0204841092
0.02172531385
0.02288050135
0.02396038798
0.02437663219
0.02467790967
0.02517747617
0.02469625361
0.02323809758
0.02114426161
0.01951865611
0.01498122518
0.01632306269
0.01798368983
0.01883392429
0.01966687511
0.02104280769
0.02243803266
0.02367507964
0.02462899212
0.0251152821
0.02541331608
0.02462229525
0.02304126612
0.02127810455
0.01897544154
0.01500606395
0.0161621328
0.0177608278
0.01891764793
0.01955036217
0.02029816031
0.02194761368
0.02364353607
0.02505618841
0.025447346
0.02479039859
0.02343809569
0.02228409616
0.02077871158
0.0190207316
0.01652841895
0.01683375158
0.01767298869
0.01868437083
0.0194440046
0.02018960136
0.02170195427
0.02366954338
0.02509959171
0.02539374534
0.02432051242
0.02297914459
0.02200309379
0.02103671734
0.02042122496
0.01832058514
0.01965326046
0.0189544365
0.01866909823
0.01947978594
0.02056040779
0.02183552751
0.02346463695
0.02417560487
0.02414335336
0.0231822567
0.02304313848
0.02250164438
0.02343548756
0.0224134194
0.01985470289
0.02179366322
0.0217224901
0.02010801882
0.01941783758
0.02099347165
0.02230698093
0.0234526187
0.02379311541
0.0235932698
0.02297230907
0.02444422774
0.02398293002
0.02540957474
0.02399434628
0.02105555879
0.02276642302
0.02305153643
0.02144734216
0.01996337288
0.01986164303
0.02126175405
0.02193474603
0.02246376503
0.02252068564
0.02322398901
0.02481654261
0.02568204937
0.02590813201
0.02538718521
0.02128038016
0.02203145698
0.02208524006
0.02147837216
0.01966431136
0.01955741119
0.01990438818
0.02068677245
0.02143847966
0.02150204081
0.02271764152
0.02510342313
0.02556758557
0.02608750336
0.02533839721
0.02252609947
0.02290393204
0.0231839632
0.02319768242
0.02324315635
0.02299721875
0.02311808425
0.02342193947
0.02387931167
0.02416069004
0.02533027823
0.02693230374
0.02826258093
0.02875535727
0.02913319268
0.02329796707
0.02481797234
0.02579098187
0.02622061744
0.02590524518
0.02643946837
0.02628888164
0.02657132515
0.02698925796
0.02718533918
0.02747852344
0.02874559692
0.03010123615
0.03030850681
0.02979739425
0.0232246769
0.02503766451
0.02634549485
0.02736935276
0.02814712617
0.02874255586
0.028705912
0.02883356602
0.02954165862
0.03010692271
0.0297826822
0.0298933945
0.03067891855
0.03140782716
0.02996093233
0.02320660444
0.02555390307
0.02752120426
0.02906656308
0.03009396714
0.03049513764
0.03017128563
0.03038456791
0.03086317785
0.03227938725
0.0325968555
0.03140185042
0.03077578596
0.03097009423
0.02954390584
0.02214451095
0.02544047233
0.02766813729
0.0297388056
0.03072104306
0.03076114549
0.03028788233
0.03050650701
0.03107015837
0.03246361486
0.03378394096
0.0329537175
0.03122770073
0.03016440652
0.02895837959
0.02307631818
0.0263449278
0.02865577566
0.03022070731
0.03049969039
0.03031171443
0.03004317402
0.03026889967
0.03056250918
0.03172546007
0.03334170682
0.03413257922
0.03226678729
0.03034506053
0.02794107101
0.02349709831
0.02676767305
0.02852165003
0.02914847124
0.02902468741
0.02923345689
0.029393172
0.02984568527
0.0300166141
0.03094203611
0.03240490569
0.03360741461
0.03273583751
0.03050507677
0.02835575013
0.02396287409
0.02665872066
0.02801015257
0.02807053048
0.02786705344
0.02838814156
0.0288850339
0.02934536818
0.0298268409
0.03069437842
0.03216529997
0.03312097252
0.03243139963
0.03044350594
0.02807024686
0.02338410735
0.02584058165
0.02720508719
0.02766786202
0.02742990802
0.02761670403
0.0283361412
0.0290119257
0.0298578466
0.03119054648
0.03238748165
0.03316604792
0.03259693194
0.03038681235
0.02843967752
0.02325452333
0.02551475738
0.02721389975
0.02819273993
0.02790666563
0.02758284892
0.02837598557
0.02971281503
0.03070846273
0.03193673525
0.03249987232
0.03237665348
0.03144482385
0.02980547809
0.02777399652
0.02451120571
0.02560003616
0.02670554409
0.02828358964
0.02865455634
0.0284782253
0.02925194125
0.03124395318
0.03259521807
0.03319003675
0.03302428854
0.03198218933
0.02949994514
0.02912755476
0.02834294475
0.02679333052
0.02720136952
0.02689883275
0.02764677362
0.02920552839
0.02985767307
0.03066933434
0.032409266
0.03381954516
0.03352810986
0.03284821233
0.03084617434
0.02936772071
0.02993425165
0.02988934342
0.02853615962
0.02900812304
0.02794420993
0.02751356626
0.02810262567
0.03008183002
0.03124175642
0.03251898625
0.03366648703
0.03315877139
0.03181128906
0.03014052162
0.03079113844
0.03038858873
0.0309624852
0.02930139048
0.03028683888
0.02936391444
0.02755082195
0.02707138821
0.02893690463
0.03047129001
0.03124758956
0.03220050053
0.03188816836
0.03096676614
0.03164171389
0.03182543433
0.03211823731
0.03215799983
0.02951041731
0.02922261111
0.02769096055
0.02665857251
0.02600650063
0.02715105761
0.02855338119
0.02903962405
0.02946682346
0.02979572925
0.02913590537
0.03037031481
0.03171953844
0.03258902322
0.03301618966
0.02681173475
0.02695108161
0.02694770215
0.02638388776
0.02642724543
0.02706363222
0.02823784999
0.02837137648
0.02786932359
0.02797514404
0.02828091877
0.02946706774
0.0299244775
0.0308737049
0.03186526679
0.02748883664
0.02818511993
0.02938339563
0.02963546772
0.0300039634
0.03120090321
0.03206142456
0.03233262412
0.03161465544
0.03113515161
0.03098301058
0.03149207793
0.03155296496
0.03185649048
0.03177845566
0.02750775021
0.02779394215
0.02983511694
0.03041697239
0.03226303244
0.03350145314
0.03403704169
0.03440563928
0.03415375682
0.03385861001
0.03289543529
0.03256507215
0.03323208923
0.03275838464
0.03181079606
0.02740485615
0.02836616065
0.03107664634
0.03296633578
0.03480018081
0.03506143551
0.03462967452
0.03525878172
0.03557131029
0.03565651104
0.0354559574
0.03445311379
0.03317618139
0.03357814696
0.03129732974
0.02699432002
0.02907951887
0.03190017982
0.03379235825
0.03481275074
0.03439697179
0.03312815158
0.03363722289
0.03471759721
0.03604803519
0.03642569766
0.03643330621
0.03419529779
0.03327197673
0.03208106126
0.02743052607
0.03066626205
0.03283479062
0.03359353019
0.03346965632
0.03300011699
0.03193246926
0.03210403809
0.03306405484
0.03478487612
0.03659255781
0.03761302613
0.03632768976
0.03453037901
0.0327823611
0.02818027594
0.03151408968
0.032771871
0.03232900426
0.03129256598
0.0312877316
0.03102061675
0.03085851225
0.03171076934
0.03339926471
0.03518388682
0.03725848518
0.03713546807
0.03588222616
0.03308579527
0.02865749412
0.03163591407
0.03275760216
0.03229056173
0.03059123037
0.03005397113
0.0303378678
0.03028238869
0.03089826526
0.03274368236
0.03454589586
0.03653455848
0.03726291074
0.03590135083
0.0335289896
0.02822242653
0.03114853706
0.03267193311
0.03303715897
0.03156171956
0.03047530909
0.03033089214
0.03072830253
0.03144097085
0.03324279241
0.03525587825
0.03718464941
0.03783350705
0.0365466703
0.03344425925
0.02805311031
0.03056271454
0.03227491107
0.03398529235
0.03353129928
0.03256623461
0.03184866666
0.03225255296
0.03338189065
0.03495395615
0.03669471278
0.03815173187
0.03781179316
0.0365782305
0.03354363893
0.02887079939
0.02978366689
0.0311078489
0.03374362997
0.03511714968
0.03495550286
0.03415248505
0.03479443149
0.036267909
0.03734945816
0.03832422911
0.03836265846
0.03780153953
0.03388359874
0.03359070059
0.03060826769
0.03045583844
0.02962389389
0.03196978409
0.03486061834
0.03667314478
0.03651703483
0.03741463162
0.03909294199
0.03949162634
0.03946791995
0.03849485671
0.03667642631
0.03386526756
0.03402169692
0.03103339625
0.03172965709
0.02985348938
0.03024982876
0.03271297307
0.03532586239
0.03655517627
0.03803474789
0.03975326504
0.03967557972
0.03836230478
0.03697512497
0.03579913138
0.03506884196
0.03423471447
0.03079521257
0.03196377688
0.03169458736
0.03068846379
0.03171463608
0.03399570844
0.03572622247
0.03724169448
0.03839991186
0.03837872924
0.03647868255
0.03522531462
0.03526294439
0.03545072281
0.03501677791
0.03034333876
0.03078346495
0.02944989584
0.02828703965
0.02869572141
0.03097069007
0.03272160943
0.03347119912
0.03409052073
0.03390040939
0.03391935911
0.03372524654
0.0343253984
0.03524989647
0.03568835014
0.02902874298
0.02896339952
0.02858706794
0.02839333493
0.02828548389
0.02861520669
0.02970748249
0.03026085346
0.02991315444
0.02941578654
0.02820819213
0.02903151077
0.03002110667
0.03193831819
0.03197260309
0.0294333903
0.02975203212
0.02998572206
0.03066352424
0.03194581658
0.03358349819
0.03452977027
0.03465288145
0.03410698548
0.03331953403
0.03171646773
0.0301160207
0.03109776592
0.03195998705
0.03219946307
0.02933133796
0.02978287684
0.03080373612
0.03166123791
0.03362869557
0.03547725308
0.03568875033
0.03605644791
0.03584466965
0.03510033695
0.0338665644
0.03309122002
0.03180961215
0.03322529602
0.03169271153
0.02904608483
0.03029274313
0.03228007958
0.03372794597
0.03513750003
0.03605152604
0.03555675685
0.03597646024
0.0364401625
0.0360977082
0.03528341845
0.0348739415
0.03388043046
0.03362489633
0.0323285486
0.02938829795
0.03083207883
0.03333143665
0.03431332409
0.034635333
0.03456374621
0.03362138741
0.03395383798
0.03491496303
0.03557122932
0.03566896235
0.0363676345
0.03566306583
0.03545267478
0.03266989565
0.03018186722
0.03149825707
0.03345154721
0.03404281104
0.03331853078
0.03220266394
0.03138367719
0.03156143658
0.03280166139
0.03461653863
0.03579258068
0.03732813483
0.03708222676
0.03694794486
0.03499748707
0.03063543369
0.03247945467
0.03325257961
0.03325543896
0.03174153204
0.0303500093
0.02932329283
0.02970676372
0.03099147525
0.03294243226
0.03452694826
0.03669116286
0.0371460404
0.03741239688
0.03583260934
0.03086942422
0.03300603847
0.033365351
0.03334212626
0.0314674926
0.03016243818
0.02880444709
0.02859058833
0.02978757831
0.03154555837
0.0332386624
0.03593101198
0.03737185628
0.0371659313
0.03579068514
0.03115560267
0.03314118916
0.03371612929
0.03437086156
0.03316154397
0.03199308402
0.03056977918
0.02959904997
0.0300742689
0.03190167365
0.03375222494
0.03621427761
0.038001301
0.0377586892
0.0367193718
0.03092149251
0.03364711931
0.03460606898
0.03564070865
0.03526051378
0.03462791592
0.03338250856
0.03215768697
0.03207226616
0.03360536056
0.0357877865
0.03761755565
0.0390204445
0.03820299588
0.03713077902
0.03085521971
0.0334182494
0.03455687636
0.0361922562
0.03715443612
0.03734572173
0.03606562294
0.0348056531
0.03489226052
0.03576342426
0.03720951049
0.03772227215
0.03815831971
0.03800665829
0.03655896769
0.02986701938
0.03208635309
0.0331314372
0.03530577126
0.03731081034
0.03872109186
0.0383290907
0.03776336868
0.03798477051
0.03851915317
0.03860582755
0.03820429846
0.03757451561
0.03652053238
0.03609178192
0.02984271161
0.03099078544
0.03222851648
0.03347984468
0.03537730639
0.03726373723
0.03809593308
0.03867884465
0.03915473319
0.03917154652
0.03880963588
0.03752343944
0.03674695143
0.03636751427
0.03576288062
0.0299795727
0.03084654626
0.03178544579
0.03318348858
0.03359801516
0.03470165813
0.03660576752
0.03802682812
0.03846467538
0.03753201294
0.03714168567
0.03614310847
0.03615520922
0.03588200435
0.03558315693
0.0299263658
0.03011306927
0.03046518052
0.03063608112
0.03026062892
0.03062224566
0.03317574201
0.03522184828
0.03562654436
0.03564817844
0.03549782725
0.03555365432
0.03575975273
0.03572901582
0.03540008711
0.02996836297
0.02948864771
0.02869642855
0.02834317386
0.02880061145
0.02948119727
0.02971744572
0.03021222286
0.03049025305
0.03013900309
0.02951575432
0.02973410041
0.03072138302
0.03200476362
0.03208604158
0.02951878276
0.02906202712
0.0285181165
0.02899183467
0.0297299586
0.03143457596
0.03267578588
0.03297670981
0.03257649561
0.03230727634
0.03134645438
0.03032344211
0.03103571037
0.03205264102
0.03240298847
0.02907566852
0.02927452966
0.02917984276
0.02986485086
0.03026223324
0.03248281838
0.03339148493
0.03378080114
0.03270260125
0.03276992589
0.03178066379
0.03151462927
0.03068802732
0.0317655643
0.03232954162
0.02825336797
0.0288070285
0.02931263907
0.03032419324
0.03085430234
0.03203535084
0.03274094403
0.0328222487
0.03269331295
0.0324611907
0.03205100002
0.03209139892
0.03175441276
0.03194467938
0.03266064807
0.02817069654
0.02898193495
0.02984545593
0.03092014323
0.03087354582
0.03087795807
0.03109826076
0.03065739129
0.0312147362
0.03148933856
0.03180047253
0.03290232337
0.0326237475
0.03279074114
0.03234607206
0.02914074153
0.03017535431
0.0303101657
0.03108975289
0.03064058994
0.02984899396
0.029538613
0.02920515317
0.02960983227
0.03084590586
0.03156489738
0.03321031392
0.033715777
0.03353172972
0.03266186335
0.02917330236
0.03088703883
0.03085779221
0.03156782585
0.03087426643
0.02975158314
0.02861035559
0.02843632435
0.02872938209
0.02988230796
0.03107472805
0.03284450108
0.03392623164
0.03371807975
0.03258819557
0.02902350459
0.03070733342
0.03144036899
0.03225818374
0.03189562849
0.03055985192
0.02877814415
0.02823497684
0.02857362147
0.02963411149
0.03073908807
0.03241964156
0.03427017734
0.03524322911
0.03375713396
0.02966863851
0.0319266279
0.03256114457
0.03323856049
0.0329425434
0.03199152806
0.03052550662
0.02982082028
0.02958457715
0.0304590317
0.03109943929
0.03248464161
0.03478577536
0.03595908561
0.03461336017
0.03059663917
0.03292675405
0.03329647523
0.03412949222
0.03433877445
0.03394526561
0.0328306006
0.03169293721
0.03106552277
0.03233098031
0.03343629855
0.03377003694
0.03524832182
0.03675046668
0.03668290995
0.0297993922
0.03320663093
0.03442372782
0.0349574187
0.03541090198
0.03562997769
0.03490704343
0.03331389402
0.0319098703
0.03328433553
0.03462861319
0.03496229266
0.03645979367
0.03606640327
0.03664788252
0.02938887903
0.03197860609
0.03395694578
0.03515446979
0.03560789593
0.03581981779
0.03566496597
0.03435880889
0.03337498259
0.03412052635
0.0352479208
0.03527522889
0.03533171105
0.03618230579
0.03519354408
0.02913270055
0.0306865828
0.03311392858
0.03461026442
0.03496499175
0.03476612778
0.03535251463
0.03471162064
0.03392179843
0.03371476597
0.03447614399
0.03448861303
0.03544396714
0.03469042242
0.03423385669
0.02903468759
0.0297184654
0.03087648405
0.03244786708
0.03281275401
0.03325247985
0.03351486996
0.03411413014
0.03379720877
0.03343364396
0.03414186342
0.03300387498
0.03406548364
0.03388536635
0.03295023589
0.02948001454
0.02944633269
0.03052436365
0.03137096496
0.03072792636
0.02993705513
0.03059136327
0.03193767622
0.03259383371
0.03302491754
0.03324202529
0.03282165652
0.03352691879
0.0328050915
0.03273400904
0.0292391164
0.02820592095
0.02736727557
0.02643902585
0.02615165501
0.02693924057
0.02713786493
0.02813143019
0.02896388097
0.02947745612
0.0289533963
0.02873504256
0.02877495192
0.02847520849
0.02962889571
0.02773209972
0.02679214127
0.02596248508
0.02553125258
0.02614030067
0.02665072423
0.02834739565
0.0285982713
0.02982259542
0.03047602828
0.02966285187
0.0299746794
0.02921636921
0.0285848984
0.02904972587
0.02685097484
0.02617507223
0.02538959559
0.02580058956
0.02605953839
0.0272860866
0.02900033611
0.0289971106
0.03007787077
0.0300808476
0.02956906965
0.02912576669
0.02960603221
0.0280929393
0.02907922945
0.02530793857
0.02533732131
0.02448094965
0.0250689047
0.02573220038
0.02727846686
0.02839427412
0.02854389584
0.02821992127
0.02884047684
0.02830334165
0.02844285685
0.02863580297
0.02870359516
0.02928191766
0.02457930944
0.02535629868
0.02552446583
0.02590078608
0.02660891136
0.027121675
0.02809259671
0.02770166784
0.02721069717
0.02777771488
0.02779943642
0.02792438263
0.02904741383
0.02881248561
0.02982924373
0.02357043753
0.02591647269
0.02615464514
0.02662195668
0.02732254358
0.0271545454
0.02745973757
0.02685247029
0.02678806128
0.02734610925
0.02806517961
0.02830456089
0.02937689835
0.02927495146
0.02895914934
0.0242841306
0.02652507983
0.0277615486
0.02825662515
0.02845233037
0.02795656164
0.02743624096
0.02651962202
0.0262995536
0.02721439929
0.02800269673
0.02883047543
0.03029878469
0.02990319438
0.02900830532
0.02400159108
0.0271418198
0.02823822808
0.02881268221
0.02937739857
0.02919819561
0.02861564233
0.02765001993
0.02686316015
0.02737594897
0.02824497364
0.02897599943
0.03119563189
0.03137044105
0.02992468185
0.02541419981
0.02810355032
0.0289736626
0.029869879
0.03061798536
0.03028896797
0.02959392849
0.02890061032
0.02798858148
0.02802941299
0.02882425557
0.02976002885
0.03182205871
0.03165281382
0.03073710569
0.0276725956
0.02997408467
0.03132826424
0.03089867192
0.03106612915
0.03094933479
0.03032585071
0.02982003042
0.02880528557
0.02869984578
0.02932766415
0.03025472561
0.03321562101
0.03166081825
0.02864892213
0.0288111458
0.03037854771
0.03212616315
0.03181962861
0.03163109297
0.03190991978
0.03130929213
0.02981281911
0.02857027322
0.02874005892
0.02963418485
0.03087599195
0.03266155799
0.03324118692
0.03023992886
0.0280396629
0.02971514183
0.03144678861
0.03176613486
0.03152904039
0.03167776409
0.03121997549
0.02979880945
0.02852042621
0.02827460935
0.02972011901
0.03026861858
0.03316883464
0.03170238696
0.02961857469
0.02836932591
0.02912950107
0.03077775632
0.03188087942
0.03155273307
0.0315758312
0.03091871092
0.02963252765
0.02841657884
0.02786039819
0.02976343346
0.03016257747
0.03130918989
0.0313533714
0.02968328842
0.02775872009
0.02783643095
0.02930237844
0.0303294452
0.03037135012
0.03017891213
0.03032733965
0.02936923041
0.02881529413
0.02839313976
0.02873152613
0.02917844197
0.03001261369
0.03023499837
0.02967536662
0.02816551675
0.02775026754
0.02836645472
0.02926010544
0.02961535527
0.02903622609
0.02890655373
0.02867448646
0.02818151709
0.02795446811
0.02864362399
0.02852378578
0.02931258541
0.02988938181
0.02969368859
0.02663164557
0.02532395717
0.02418945166
0.02347093566
0.02289359122
0.02318643814
0.02401599658
0.02473683282
0.02525912149
0.02443130165
0.02561095897
0.02454584465
0.02530113855
0.02569281614
0.0268605723
0.02503461014
0.02389329095
0.02308673692
0.02233868619
0.02196238728
0.02200249027
0.02291447465
0.02417044626
0.02487115302
0.02551870227
0.02518223788
0.02455312857
0.02508125161
0.02473733856
0.02587271233
0.02376215183
0.02290469412
0.02224503962
0.02213379506
0.02212542431
0.02180146454
0.02366135334
0.02422175443
0.02521587685
0.02496415751
0.02465153202
0.02444230044
0.0250241874
0.02432806319
0.02406332666
0.0223809714
0.02229930999
0.02144665793
0.02128881542
0.02186124843
0.0228204448
0.02403685294
0.02450122202
0.0248757554
0.02449899387
0.02413092189
0.02349480579
0.02466131168
0.02331616404
0.02211986772
0.02204799495
0.0228810315
0.02265558911
0.0223360613
0.02342121903
0.02464804881
0.0258871602
0.02610530879
0.02527890657
0.02477616174
0.02413382909
0.02312024523
0.02399422628
0.02359487506
0.02200604967
0.02132669337
0.02320381694
0.02352233107
0.02388477838
0.02511190201
0.02652470238
0.02754765705
0.02700520869
0.02570956372
0.02519324216
0.025135606
0.02437773014
0.02522312778
0.0244791747
0.02251430932
0.02188930429
0.02338661178
0.02436756509
0.02601058696
0.02728294109
0.02779310992
0.02848338129
0.02786885915
0.02665679963
0.02583794674
0.02614703891
0.02601890637
0.02722744129
0.0266370942
0.0247098172
0.02187932513
0.02333128832
0.02551991158
0.02675474051
0.02826026656
0.02850623162
0.02873784824
0.02856703756
0.02780322769
0.02704006696
0.02717575655
0.02745469311
0.02815487025
0.02782714411
0.02575304822
0.02245979657
0.02421660844
0.02640051185
0.02670506893
0.02779999835
0.02808167025
0.02825030302
0.02869057706
0.02843477237
0.02780498003
0.02823004165
0.02817863873
0.02796107377
0.02801679944
0.02472511513
0.02336172133
0.02468723083
0.02635245249
0.02652551367
0.02681302672
0.02681528434
0.0267503577
0.02727487459
0.02725870531
0.02683215788
0.02792062957
0.02871151594
0.02840703646
0.0275783353
0.02564480056
0.02389694231
0.02482880416
0.02546867074
0.02543798581
0.02555269953
0.02558194946
0.02546126425
0.02585106056
0.02601228681
0.02505603594
0.0269677317
0.02843253656
0.02891622592
0.02780444791
0.02569087527
0.02526863926
0.02561308421
0.02564153116
0.02470584943
0.02434327069
0.02465545947
0.02478110735
0.02496198638
0.02489887974
0.02470338324
0.0264725309
0.02808869235
0.02673560062
0.02739526306
0.02634829868
0.02530153343
0.02584714871
0.02570198542
0.02472404446
0.02439345353
0.0242037265
0.02403712344
0.02455931588
0.02484579833
0.02492606082
0.02578062881
0.02691663596
0.02645165751
0.02716980118
0.02668135503
0.02606931631
0.02644027211
0.02630294275
0.02560324927
0.02436830844
0.02394124814
0.02389225238
0.02410954958
0.02513111498
0.02453942611
0.02579938455
0.02683296975
0.02662064909
0.02670698578
0.0263079095
0.02666242963
0.02703131161
0.02687767746
0.02671055308
0.02607370964
0.02597794017
0.02427547463
0.02411233174
0.02541458259
0.02429353864
0.02460779354
0.0262500197
0.02672253768
0.02663212644
0.02655546128
0.02321043516
0.02181561641
0.02074194417
0.01991856623
0.01955101691
0.01919411304
0.01989862541
0.01973878697
0.02013630876
0.01919475785
0.01982258307
0.02078051585
0.02139005749
0.02274689302
0.02345327268
0.02200556282
0.02067125581
0.01997054653
0.01935639832
0.01896532459
0.01902359972
0.01953361317
0.02035216523
0.02075356851
0.01937768555
0.02000460869
0.01994249259
0.02055675004
0.02109746696
0.02192471657
0.02112646496
0.02042542971
0.02030553369
0.01944724267
0.01927432725
0.01905063918
0.02001494376
0.02085527895
0.02083211029
0.02058641771
0.01996121247
0.01948295679
0.01992497467
0.02019336267
0.02070158414
0.02067795629
0.02050532677
0.02053418974
0.0194699526
0.01973866329
0.02018935264
0.02169170271
0.02125085151
0.02119245622
0.02040384057
0.01953797722
0.01905292233
0.01987245988
0.02062804472
0.01995238092
0.02069508136
0.02164052373
0.02110829345
0.02013343028
0.02112305363
0.02294869238
0.02397105165
0.02330101295
0.02231445218
0.02105004891
0.02033523483
0.01967761289
0.02029166954
0.02000175305
0.01934591502
0.02091222101
0.02216866467
0.02169944023
0.02146983301
0.02279184583
0.02483863831
0.02542371315
0.02491145304
0.02374099412
0.02226962596
0.02134513879
0.02075044165
0.02103988998
0.02146905656
0.02181528765
0.02082025769
0.02149819983
0.02189011939
0.02247039274
0.024362417
0.02566120249
0.02620159833
0.025994609
0.02530581608
0.02379851412
0.02301262521
0.02280857915
0.02263471802
0.0233614458
0.02283728407
0.0210515613
0.02094804948
0.02230327002
0.02313786614
0.0244938111
0.02532068028
0.02609054062
0.02630237848
0.02626037709
0.02531587053
0.0249162704
0.02467525504
0.02345648986
0.02394997732
0.02304732176
0.02011897926
0.02130138622
0.02280707377
0.02374447608
0.02395801524
0.02376922965
0.02433578898
0.02512418607
0.02574726181
0.0250934563
0.02504695028
0.02511637335
0.02439666462
0.02420733299
0.02320306637
0.01924141035
0.0203958626
0.02190092898
0.02228425599
0.02285095674
0.02224061419
0.02214233114
0.02293601068
0.02366234567
0.02369941782
0.02497789778
0.02535443184
0.0241589781
0.02449269284
0.02337971726
0.01910419214
0.01950935339
0.02005365816
0.02001764283
0.02073467486
0.02092245919
0.02086081764
0.02116415836
0.02280926505
0.0233340445
0.02407493027
0.02554942777
0.02405841941
0.02425581173
0.02351634003
0.01900409917
0.01946080848
0.01925045046
0.01915296213
0.01927122462
0.01942387218
0.01960072722
0.01993867098
0.02222495262
0.02317471065
0.02300114471
0.02425643082
0.0239166054
0.02426951183
0.02337689607
0.02142480021
0.02073694007
0.01992239408
0.01922933932
0.01926833158
0.01953729228
0.01935361386
0.02085943637
0.02243469901
0.0233786434
0.02328595317
0.02362044548
0.0234242567
0.02364673761
0.02237195745
0.02297266288
0.02219847931
0.02129598015
0.02035509043
0.02022767998
0.02023923877
0.01992130711
0.02090082587
0.02256288687
0.02374767425
0.02330165842
0.02376626723
0.02376163121
0.02292216807
0.02191283525
0.02396255082
0.02342681987
0.0227745229
0.0222322889
0.02231876593
0.02225078723
0.02161169379
0.02178115013
0.02217394546
0.02238144609
0.02241516465
0.02304413982
0.02330950151
0.02229001468
0.02165589672
0.01905831117
0.01817069099
0.01729468661
0.01632524716
0.01611669575
0.01582789738
0.01538422225
0.01444888743
0.01436270961
0.01617691015
0.016463469
0.01697205423
0.01714624439
0.01761988445
0.01900582902
0.01856875484
0.01794238079
0.01784891864
0.01669314577
0.01668465825
0.01669278595
0.01688602278
0.01597235714
0.01439327361
0.01416310178
0.01545296691
0.01626498845
0.0156912111
0.01651002403
0.01761049258
0.01844082625
0.01853681237
0.01865143835
0.01740493152
0.01750022779
0.01736607202
0.01775728746
0.01688277031
0.01569338787
0.01497956339
0.01570871283
0.01547714081
0.0149582893
0.01571098483
0.01707464928
0.01877064624
0.019068526
0.01932191136
0.01877081266
0.01835607777
0.01783439375
0.01797652263
0.01754191922
0.01730757342
0.0166533225
0.01610195711
0.01568854626
0.01508707691
0.01577192112
0.01682626892
0.0186144816
0.0188107489
0.01876939034
0.01895047534
0.01920363718
0.01961201121
0.02003303392
0.0194842689
0.01921345817
0.01820386785
0.01742102997
0.0156641677
0.0152230385
0.01591167057
0.01652256122
0.01822632706
0.0172812918
0.0174336124
0.01849805356
0.02022645006
0.02111887809
0.02102168142
0.02085995091
0.02067931934
0.01989402837
0.01821075836
0.01725524764
0.01663949196
0.01627512745
0.01698247942
0.01715534214
0.01684927766
0.01748382892
0.01850288799
0.02069269975
0.02170257661
0.02139578382
0.02160534752
0.02164875879
0.0210337492
0.01968084682
0.0194459971
0.01803576471
0.01744881173
0.01808463831
0.01636908733
0.0167735183
0.01742933826
0.01777925231
0.01941758771
0.02063957167
0.02128625865
0.02143096213
0.02204023662
0.02145662335
0.02054765126
0.02056765302
0.019820883
0.01886792498
0.01812499101
0.01542442695
0.01625088767
0.01707457531
0.01644522815
0.01751148929
0.01859693862
0.02006302472
0.02043614515
0.02104158292
0.02083321491
0.02087841806
0.02146713463
0.02085207114
0.02045614724
0.01917050556
0.01359259569
0.01495366562
0.01586750886
0.01546977257
0.0156097502
0.01656580749
0.01784892124
0.01909501835
0.02004830669
0.01968172572
0.0193227391
0.01985734658
0.02037730624
0.02131042982
0.0200929753
0.01318634619
0.01385802855
0.01490664059
0.0147487544
0.0145399003
0.0150651418
0.01614887403
0.01796866997
0.01933443299
0.01957417761
0.01937399307
0.01979068333
0.0201039785
0.02122287608
0.01979803276
0.01543502697
0.01408942831
0.01393950915
0.01385196238
0.01403883635
0.01413890725
0.01454731796
0.01573524339
0.01774542007
0.01974322835
0.01892769265
0.01975010849
0.02003928101
0.02109425631
0.01969578213
0.01693716037
0.0162535992
0.01500102836
0.01476367168
0.01487937899
0.01453113199
0.01532543567
0.01709292729
0.01856254566
0.02003510857
0.01969933894
0.01977269296
0.02023913848
0.0201832873
0.01899903177
0.01918396001
0.01820337832
0.01734180597
0.01609965012
0.01547380707
0.01585956972
0.01605168098
0.01692512528
0.01816044164
0.02027522739
0.01962502883
0.01949677449
0.01889347223
0.01803604174
0.01798131155
0.02039577158
0.01986645706
0.01877953999
0.01764601837
0.01764270909
0.01732071526
0.01721241012
0.01823654277
0.01837811939
0.01941279584
0.01943786395
0.02010921782
0.01896362746
0.01793262103
0.01679405308
0.01311828607
0.01321024769
0.01286935108
0.01177676674
0.01131866397
0.01117828599
0.01084087571
0.009910769744
0.009750856613
0.01258105817
0.01224475672
0.01233108472
0.01147386158
0.01215532444
0.01298994136
0.01292843725
0.01267057101
0.01277330032
0.01191527785
0.01166493441
0.01099153454
0.01122175349
0.009929721675
0.009555222044
0.01016264324
0.01042531908
0.0116203995
0.01072586873
0.0110356798
0.01187931768
0.01265485791
0.01208727137
0.01202869487
0.01204418789
0.01236675949
0.01195683963
0.01275367967
0.01146710574
0.01044602187
0.009711934076
0.01079442859
0.01135606301
0.01119426431
0.01018997006
0.01073500208
0.01304548497
0.01144739731
0.01130113965
0.01188893078
0.01245908015
0.01306039199
0.01311652343
0.01259330906
0.01174378357
0.01116827879
0.01113838286
0.01126115382
0.01089472857
0.009430727803
0.00996767826
0.0123347355
0.01126050478
0.01136091382
0.01210718344
0.01353460535
0.01415044408
0.01408269411
0.01349332746
0.01293125053
0.01290626628
0.01234599521
0.01180207405
0.01106788625
0.00987624408
0.01048956406
0.01142949534
0.01016936129
0.01170470392
0.0121223701
0.01376810994
0.01393616864
0.01401856592
0.0136948044
0.01409103573
0.0138213807
0.01340709497
0.01269472331
0.01173001868
0.01142275465
0.0111986203
0.0109823351
0.01061926787
0.01069686077
0.01174657281
0.01387952522
0.01428760166
0.01423635492
0.01405924847
0.01463792976
0.01448573615
0.01395339218
0.01318106639
0.01253758136
0.01160553361
0.01136980441
0.01009984735
0.009925202717
0.010135991
0.01096771249
0.01270468348
0.01382300222
0.01385964839
0.01368705198
0.01387485099
0.01415023
0.01427166098
0.01342313732
0.01231647456
0.01154928463
0.01139043543
0.009485761786
0.0096133866
0.009229474912
0.009650679445
0.01087746384
0.01221935674
0.01273427567
0.01281996201
0.01283266486
0.01302507974
0.01328038486
0.01307445236
0.01294658071
0.01282017464
0.01262911708
0.009202665697
0.008322980619
0.008599212385
0.008648321642
0.00948785393
0.01021039082
0.01118980784
0.01199463206
0.01172913949
0.01250802329
0.01272268837
0.01237108609
0.01261837614
0.01316971943
0.01396401393
0.009608856622
0.00834336947
0.00849555167
0.008499161597
0.00882914608
0.009090014304
0.01006583564
0.01132559579
0.01259765737
0.01429039802
0.01325505286
0.01244454092
0.01213382425
0.01299444975
0.01409082374
0.01009056004
0.008404608532
0.00835939099
0.008502226806
0.008483635009
0.008761480401
0.009330836856
0.01042661633
0.01288924358
0.01287607285
0.01184207786
0.01307804415
0.01204684727
0.01161276287
0.01227681473
0.01107926114
0.0097688569
0.009259463315
0.009174986031
0.009342356857
0.009039339796
0.009863169907
0.01094060709
0.01225648316
0.01299337358
0.01336403023
0.01368011451
0.01193987601
0.01066557895
0.01137942372
0.01312674383
0.01190758693
0.0111639054
0.01032655996
0.009869347464
0.009812590953
0.00966295488
0.01100826679
0.01168224528
0.01254447559
0.01257570565
0.0124873084
0.01111761384
0.01004838861
0.01075062772
0.01414650725
0.01354123338
0.01223564483
0.01123823275
0.01096022174
0.009934639192
0.01096222738
0.01180497746
0.01234149351
0.01304490308
0.01312622786
0.01250181605
0.0113066983
0.01012269993
0.009612532006
0.004323919973
0.004544193102
0.004077170862
0.003627938281
0.003792156694
0.003977788518
0.003910191104
0.004358340649
0.004526408894
0.003184575295
0.003026393027
0.002895521313
0.003214180208
0.003844646466
0.00418835398
0.004390364432
0.004227517263
0.003743060809
0.003439831449
0.003841590935
0.004090552852
0.00389318941
0.003522549261
0.004455150376
0.004536338659
0.004306936337
0.003335916646
0.002801668587
0.003395774029
0.003953211232
0.004239447248
0.003874774909
0.003275536775
0.003608725504
0.004027213755
0.004618909347
0.003957387779
0.004502630045
0.005320831519
0.004930283308
0.004340853126
0.004407142372
0.002867081056
0.003078215656
0.003586690537
0.003960697026
0.003027995003
0.003058862978
0.003695251748
0.004343519124
0.004687946865
0.005187530741
0.005936306848
0.005475181977
0.004033498405
0.004030709443
0.004391687431
0.003461535092
0.003006486257
0.002593632514
0.003702058087
0.002721623331
0.003453157062
0.003742777453
0.005005906193
0.005030666035
0.006126416926
0.006425883226
0.0059930601
0.00474084471
0.004341645485
0.004308979807
0.003904876668
0.002915185056
0.002161296598
0.003634294723
0.00348253022
0.004292967158
0.004872783312
0.0055160633
0.005333996645
0.006198749972
0.00674948335
0.006421212223
0.005593396166
0.004943682093
0.004260077433
0.003905911036
0.003573182039
0.002659344246
0.003407034037
0.004631796505
0.004916184839
0.005786843377
0.005588526438
0.005489893325
0.005915794277
0.006172110395
0.006058402764
0.005798654364
0.005354139432
0.004274089651
0.004094289661
0.003836352038
0.003066818209
0.00430366704
0.004487694465
0.004837610226
0.00469280709
0.004548792712
0.00495436919
0.005199200507
0.005449957359
0.00573972684
0.005991420165
0.006035447547
0.004851729856
0.004270545439
0.003655091431
0.003551138076
0.003385262892
0.003213989581
0.003476015038
0.003661083158
0.003915948618
0.004499881179
0.004780212537
0.005160031019
0.005350772998
0.006183142371
0.006229762145
0.006054590434
0.005050788389
0.004222757767
0.004704875477
0.002635555372
0.002469903519
0.002633131069
0.002851184614
0.003244794898
0.003868256807
0.004315423475
0.004816701325
0.0051469395
0.004541630251
0.005198472953
0.005483389226
0.004238792153
0.004038421483
0.005026398167
0.002764200692
0.002546964145
0.002245994851
0.002572152491
0.002725231334
0.002915343323
0.003832915819
0.004740938677
0.003685162007
0.003292320144
0.004759581148
0.004248543046
0.003145857508
0.003297783146
0.003737426003
0.00310946575
0.002846438396
0.002377506622
0.002366971919
0.002646750049
0.002655636029
0.002891202987
0.003293775518
0.003557452873
0.004497312169
0.004857831811
0.003287380398
0.002725287194
0.00233199661
0.002576034066
0.003659466994
0.003290951014
0.002908855727
0.002444027288
0.002148898205
0.002310381071
0.002903801814
0.003918436638
0.004230661155
0.004092738017
0.004371427667
0.003626934396
0.002820320119
0.002044021641
0.002000046449
0.00441921765
0.00432157897
0.004172150231
0.002859198839
0.002525194802
0.003461677541
0.003868653975
0.00398663521
0.003775304876
0.003899747144
0.004044400251
0.003615574213
0.002453564802
0.001829924237
0.00216602007
0.004779074508
0.00489046572
0.004470869063
0.003984215241
0.00387290261
0.003854746986
0.003903859285
0.004478227735
0.004646355503
0.004301790413
0.00402914998
0.003239808773
0.002511948517
0.002170357
0.002210173049
)
;

boundaryField
{
    wall
    {
        type            calculated;
        value           uniform 0;
    }
    inlet
    {
        type            calculated;
        value           uniform 0;
    }
    outlet
    {
        type            calculated;
        value           uniform 0;
    }
}


// ************************************************************************* //
