/*--------------------------------*- C++ -*----------------------------------*\
| =========                 |                                                 |
| \\      /  F ield         | OpenFOAM: The Open Source CFD Toolbox           |
|  \\    /   O peration     | Version:  2406                                  |
|   \\  /    A nd           | Website:  www.openfoam.com                      |
|    \\/     M anipulation  |                                                 |
\*---------------------------------------------------------------------------*/
FoamFile
{
    version     2.0;
    format      ascii;
    arch        "LSB;label=32;scalar=64";
    class       volScalarField;
    location    "0.9";
    object      ddt0((porosityF*thermo:psi),p);
}
// * * * * * * * * * * * * * * * * * * * * * * * * * * * * * * * * * * * * * //

dimensions      [1 -3 -1 0 0 0 0];

internalField   nonuniform List<scalar> 
27660
(
-0.0006330180196
-0.0006289392975
-0.0006229574001
-0.0005969206978
-0.000550358407
-0.0004890484795
-0.0004294281088
-0.0006315605063
-0.000631364574
-0.0006308461337
-0.0006074730102
-0.0005624385758
-0.0005138374709
-0.0004659026878
-0.0006253832653
-0.0006301285873
-0.0006387575893
-0.0006282865062
-0.0005938227281
-0.0005641342077
-0.0005717999408
-0.0006250129166
-0.0006261749222
-0.0006284961184
-0.0006215404245
-0.0005964919663
-0.0005834520311
-0.000645406318
-0.0006252620508
-0.0006185792742
-0.0006068977868
-0.0005999907753
-0.0005979849229
-0.000620967463
-0.0007035464447
-0.0006257446101
-0.0006143401933
-0.0005935348376
-0.000584137944
-0.0006028485776
-0.0006570553283
-0.00072335735
-0.0006210246612
-0.0006115823995
-0.0005935797754
-0.000586425141
-0.0006111167779
-0.000666107523
-0.0006892152219
-0.0006106486447
-0.0006039413961
-0.0005953827235
-0.0005979925623
-0.0006222680274
-0.000660435731
-0.0006470853522
-0.0005987676528
-0.0005914975167
-0.0005869568498
-0.00059447844
-0.0006173229081
-0.0006496641443
-0.0006493703149
-0.0005901336214
-0.0005813466176
-0.0005707641871
-0.0005698796816
-0.00058871447
-0.0006361207108
-0.0007061476093
-0.0005903462057
-0.0005801307076
-0.0005567984333
-0.000538024047
-0.0005471041408
-0.0006135282309
-0.0007625317626
-0.000602320838
-0.0005896832678
-0.0005535013407
-0.0005162501517
-0.0005084300338
-0.0005695612218
-0.0007328262511
-0.0006207453755
-0.0006052845142
-0.0005626092314
-0.0005135793161
-0.0004828324496
-0.0004993338309
-0.0005822826785
-0.0006355584231
-0.0006183575893
-0.0005764027329
-0.0005215012022
-0.0004625386382
-0.0004062851849
-0.0003704410554
-0.0006425132338
-0.0006248273393
-0.0005853810285
-0.000523781063
-0.0004330831586
-0.0003132193323
-0.000216711643
-0.0006363975563
-0.0006354943582
-0.0006349572914
-0.0006134130945
-0.0005612597158
-0.0004909525085
-0.0004408885167
-0.0006262350533
-0.0006324111705
-0.0006462839606
-0.0006378464549
-0.0005948998836
-0.0005310138685
-0.0004837864185
-0.0006237394847
-0.0006297871287
-0.0006435988429
-0.0006410646648
-0.0006092266988
-0.0005692522615
-0.0005669477461
-0.0006257589731
-0.0006262604328
-0.000626528519
-0.0006199946411
-0.0006020244805
-0.0005979480234
-0.0006540048423
-0.0006297152911
-0.0006221761975
-0.0006043059188
-0.000588549638
-0.000586643602
-0.0006199379333
-0.0007081911557
-0.0006333273461
-0.000622385223
-0.0005956591957
-0.0005760554353
-0.0005873560967
-0.0006408525
-0.0007142656298
-0.0006313990117
-0.0006216383185
-0.0005991445072
-0.0005868608678
-0.000605662954
-0.0006554883888
-0.0006832235181
-0.0006228953024
-0.0006136395659
-0.0005996374827
-0.0005980863144
-0.0006195402769
-0.0006567903808
-0.0006521839879
-0.0006108110376
-0.0006010466275
-0.0005903557273
-0.0005913458722
-0.0006111599252
-0.0006475035836
-0.0006635156946
-0.0006004528347
-0.0005899208627
-0.0005738727003
-0.0005650855966
-0.0005784586406
-0.0006294822497
-0.0007171479842
-0.0006002337255
-0.0005876453496
-0.0005603496533
-0.0005346025176
-0.0005358202088
-0.0005987490663
-0.0007522639479
-0.0006137315003
-0.0005981406137
-0.0005609051207
-0.0005204296621
-0.0005043061548
-0.0005504028257
-0.0006930437815
-0.0006329610956
-0.0006157375672
-0.0005767796558
-0.0005304843839
-0.0004928060059
-0.0004829733483
-0.0005238788901
-0.0006461573926
-0.0006300383939
-0.0005970297573
-0.000549699933
-0.0004833244915
-0.0003942470364
-0.0003150591936
-0.0006509786388
-0.000638254828
-0.0006115879018
-0.0005578642471
-0.0004561358074
-0.0003046950828
-0.0001778874599
-0.0006346055515
-0.0006377014031
-0.000648574262
-0.0006428476114
-0.0006031950287
-0.0005353963749
-0.0004838333676
-0.0006251574031
-0.0006347054645
-0.000657753148
-0.0006641939898
-0.0006343390134
-0.0005716086488
-0.0005224572991
-0.000619424394
-0.0006291107889
-0.0006514586052
-0.0006610894159
-0.0006422744269
-0.0006039090743
-0.0005902768333
-0.000623469002
-0.0006272024894
-0.000632043032
-0.0006286553603
-0.000616705467
-0.0006137633459
-0.0006536877975
-0.0006351243048
-0.0006314779708
-0.0006136858005
-0.0005927681081
-0.0005860350128
-0.0006142016119
-0.0006875571269
-0.0006474411972
-0.0006377080139
-0.0006065124732
-0.0005785757455
-0.0005793073747
-0.0006226163502
-0.0006881315925
-0.0006546972001
-0.000640697223
-0.0006086135357
-0.0005855237352
-0.000593199134
-0.0006340211948
-0.0006649620325
-0.0006514848124
-0.0006365907933
-0.0006111181822
-0.000596384427
-0.0006068249192
-0.0006384562596
-0.0006459814689
-0.0006373222385
-0.0006245729045
-0.0006053886124
-0.0005942825504
-0.0006029077874
-0.0006337600246
-0.0006623015024
-0.0006214984699
-0.0006105561173
-0.0005914395325
-0.0005753909715
-0.0005780563377
-0.0006189905055
-0.0007075635555
-0.000616405522
-0.0006050169704
-0.0005806851431
-0.0005545264502
-0.0005472449501
-0.0005929953381
-0.0007262357319
-0.000625672498
-0.0006130817066
-0.0005851398654
-0.0005518690352
-0.0005312303388
-0.0005540504997
-0.0006559256105
-0.0006403171853
-0.000628435296
-0.0006045895517
-0.0005719346183
-0.0005331128273
-0.0004967157039
-0.0004894044975
-0.0006490847768
-0.0006405024174
-0.0006264228091
-0.0005952274004
-0.0005271675829
-0.0004114986286
-0.0002935632622
-0.0006516922161
-0.0006483578724
-0.0006419392677
-0.0006026139053
-0.0004961451921
-0.0003218454398
-0.0001708218663
-0.0006369158897
-0.0006449961897
-0.0006684973368
-0.0006749574271
-0.000640533826
-0.0005717034018
-0.0005123248265
-0.0006238305728
-0.0006387737782
-0.0006755521
-0.000698215615
-0.0006804687522
-0.0006216818493
-0.0005622671644
-0.0006175720198
-0.0006342652375
-0.0006714341787
-0.0006980231594
-0.0006929100729
-0.0006550440696
-0.0006217627852
-0.0006207700634
-0.000633428182
-0.0006534164835
-0.000665003057
-0.0006624437624
-0.0006531962118
-0.0006658070004
-0.0006375354957
-0.0006398161808
-0.0006328695786
-0.0006222122463
-0.0006190702236
-0.0006371655433
-0.0006845012542
-0.0006633328112
-0.0006532241204
-0.0006229947362
-0.0005953485715
-0.0005920897439
-0.0006249582731
-0.0006761396006
-0.0006839776506
-0.0006664129393
-0.000626752525
-0.000593882049
-0.0005910874105
-0.0006229166773
-0.0006533231051
-0.0006861041846
-0.0006681110447
-0.00063268644
-0.0006042919559
-0.0006017667035
-0.0006260859168
-0.0006414912389
-0.0006695437765
-0.0006549243985
-0.0006290664463
-0.00060734359
-0.000604362608
-0.0006276199431
-0.0006626113358
-0.0006472897962
-0.000636030045
-0.000617262647
-0.0005984911749
-0.0005936396918
-0.0006238798694
-0.0007058117746
-0.0006334550931
-0.0006244286901
-0.0006092419837
-0.0005905334582
-0.0005816393853
-0.0006121821893
-0.0007189959936
-0.0006330373646
-0.0006263126409
-0.0006158611832
-0.0005995484152
-0.0005830620585
-0.0005869767842
-0.0006471591686
-0.0006391185144
-0.0006361533377
-0.0006352227544
-0.0006248939254
-0.0005925328214
-0.0005356575988
-0.0004861071127
-0.0006422981273
-0.0006441863672
-0.0006542100857
-0.000644599866
-0.0005803855007
-0.0004459781558
-0.0003000379099
-0.0006424307036
-0.0006501987919
-0.0006666881819
-0.0006453256129
-0.0005398310483
-0.000352470991
-0.0001882024673
-0.0006428342924
-0.000657320171
-0.0006933352151
-0.0007075639228
-0.0006652503788
-0.0005742807155
-0.0004917484655
-0.0006258891262
-0.0006492617551
-0.0007034966961
-0.0007420691465
-0.0007259935131
-0.000650796207
-0.0005631269189
-0.0006122798221
-0.0006395222009
-0.0007016409427
-0.0007556630481
-0.0007642069483
-0.0007145511569
-0.0006452098557
-0.0006121874509
-0.0006348427868
-0.0006811253706
-0.0007231015461
-0.0007383644178
-0.0007197684158
-0.0006958434809
-0.0006342048312
-0.00064353967
-0.0006559165676
-0.0006671316064
-0.0006767036535
-0.0006865705333
-0.0007058127573
-0.0006710240024
-0.0006653109481
-0.0006433866383
-0.0006234419968
-0.0006226232231
-0.0006473235066
-0.000683475852
-0.0007035015768
-0.0006876388093
-0.0006462155816
-0.0006089098973
-0.0005998081553
-0.0006240154652
-0.0006516147537
-0.0007145185028
-0.0006951433116
-0.0006522828875
-0.0006135488573
-0.0006008551841
-0.0006188568778
-0.0006386968427
-0.0006997711642
-0.0006824795086
-0.0006502699031
-0.0006199932153
-0.0006083574572
-0.0006260184311
-0.0006641824903
-0.0006700498461
-0.0006581167045
-0.0006408287862
-0.0006225602432
-0.0006153946285
-0.0006394610221
-0.0007134995972
-0.0006421789772
-0.0006369039136
-0.0006347138163
-0.0006296884169
-0.0006274979953
-0.0006500599296
-0.0007322149169
-0.0006271912848
-0.0006289966927
-0.0006421022293
-0.0006512963065
-0.0006486516855
-0.0006413860877
-0.0006634627932
-0.0006235423741
-0.0006324260955
-0.000660572704
-0.0006806298338
-0.0006623472605
-0.0005897850897
-0.0005005848749
-0.0006236822769
-0.0006384645487
-0.0006767728908
-0.00069351692
-0.0006360148825
-0.0004828767956
-0.0003092424968
-0.0006247866697
-0.0006451835285
-0.000686140795
-0.0006834140777
-0.0005772427956
-0.0003740053378
-0.0001965543844
-0.0006588809062
-0.0006804673738
-0.0007297307372
-0.0007474871171
-0.0006846927356
-0.0005521399548
-0.0004322249884
-0.000637444347
-0.0006697829201
-0.0007447376065
-0.0007995036124
-0.0007777725978
-0.0006696985843
-0.0005386329201
-0.0006129925515
-0.0006520916938
-0.0007462639404
-0.0008337437963
-0.0008553335643
-0.0007840942747
-0.0006673697256
-0.0006027999386
-0.0006388470003
-0.0007208020512
-0.0008018128689
-0.0008383144835
-0.0008070291885
-0.000742281481
-0.0006229461594
-0.0006448157748
-0.0006860122998
-0.0007284883358
-0.0007567396051
-0.0007599422068
-0.0007511662263
-0.0006691090746
-0.0006721526413
-0.0006652771455
-0.000660867029
-0.0006692577043
-0.000690139547
-0.0007123217063
-0.0007185946297
-0.0007056140186
-0.0006646621303
-0.0006267660271
-0.0006162568446
-0.0006373808715
-0.000662738721
-0.000744683376
-0.0007232174052
-0.0006717457658
-0.0006227812968
-0.00060233177
-0.0006175807125
-0.000641982854
-0.0007335630046
-0.0007127084378
-0.0006720726817
-0.0006324338729
-0.000614310564
-0.0006304180311
-0.00067277161
-0.0006938911021
-0.0006808405686
-0.0006641543223
-0.0006475523456
-0.0006426782742
-0.0006669058506
-0.0007359620046
-0.0006482496293
-0.0006469707254
-0.0006592203482
-0.0006723401284
-0.0006845053334
-0.0007070454721
-0.0007678927283
-0.000616876774
-0.0006284218689
-0.0006687626521
-0.0007102956974
-0.0007297400615
-0.0007168087141
-0.0007004615398
-0.0006054759322
-0.0006283806156
-0.0006901916334
-0.0007468806301
-0.0007469053053
-0.000656515831
-0.00052034014
-0.0006076002177
-0.0006377128891
-0.0007075476444
-0.0007525258025
-0.0006978623779
-0.000514522462
-0.0003012371099
-0.0006146212471
-0.0006492761011
-0.0007148432156
-0.0007264432487
-0.0006080669386
-0.000373203542
-0.0001726017808
-0.0006736310752
-0.0007027502321
-0.0007666623899
-0.0007863773804
-0.0006969817424
-0.0005142878035
-0.0003518967262
-0.0006456297322
-0.0006882103125
-0.0007873621479
-0.0008595332983
-0.000828922208
-0.0006804224823
-0.0004997365914
-0.0006061819565
-0.0006597102838
-0.0007911435734
-0.0009157404583
-0.0009502232592
-0.0008529233082
-0.000684767464
-0.0005800070002
-0.0006332090773
-0.0007567580108
-0.0008819659466
-0.0009422950671
-0.0008978903593
-0.0007920685656
-0.0005951674161
-0.0006326563039
-0.0007073916663
-0.0007862147061
-0.0008375349108
-0.0008372311225
-0.0008028324548
-0.0006530380516
-0.0006660386737
-0.0006760747728
-0.0006900898911
-0.0007118740034
-0.0007335645327
-0.0007448614171
-0.0007248088946
-0.0007145870312
-0.0006730025326
-0.0006344559868
-0.0006251368317
-0.0006474051815
-0.0006730764244
-0.0007700564181
-0.0007456749002
-0.0006825497581
-0.0006213558062
-0.0005946401211
-0.0006111015917
-0.0006426693001
-0.0007637700059
-0.0007379672171
-0.0006853498738
-0.0006343350727
-0.0006118978683
-0.0006316145782
-0.0006819397589
-0.0007127053523
-0.000697040615
-0.0006784597118
-0.0006634462363
-0.0006654067741
-0.0006969284497
-0.0007657450412
-0.0006468953095
-0.0006488297119
-0.0006753332795
-0.0007095403593
-0.0007429412399
-0.0007727277026
-0.0008151481245
-0.0005985169724
-0.0006203779434
-0.0006903582226
-0.0007695004589
-0.0008175903911
-0.0008018162448
-0.0007437372852
-0.0005821753574
-0.0006209148714
-0.0007200951155
-0.0008180474115
-0.0008379433222
-0.0007235069581
-0.0005292734169
-0.0005915621148
-0.0006390065308
-0.0007427169343
-0.0008158044516
-0.0007568286307
-0.0005280270416
-0.0002608567416
-0.0006089634748
-0.0006587167813
-0.0007479138055
-0.0007674259327
-0.000622619431
-0.0003381290353
-0.0001034683192
-0.0006904469894
-0.0007273199953
-0.0008063920954
-0.0008284788939
-0.0007121723628
-0.0004798161619
-0.000276096564
-0.0006545102943
-0.0007081520942
-0.0008325580485
-0.0009229379994
-0.0008832236761
-0.0006944071059
-0.0004649843658
-0.0005973949366
-0.0006667131287
-0.0008365958913
-0.0009991544135
-0.001046518563
-0.0009237545546
-0.0007056178332
-0.0005537563122
-0.0006249720115
-0.0007903540616
-0.000960063347
-0.001044849222
-0.0009893031076
-0.0008447220453
-0.0005651134703
-0.0006181481275
-0.0007249999886
-0.0008392470668
-0.0009144425717
-0.0009136028261
-0.0008561768186
-0.0006376673103
-0.0006599712198
-0.0006839547008
-0.0007141702328
-0.000749708763
-0.0007750831949
-0.0007776719184
-0.00073501952
-0.0007263910314
-0.0006801025708
-0.0006377951785
-0.0006294970828
-0.0006553988482
-0.0006831271451
-0.0008018008286
-0.0007726152074
-0.0006931511935
-0.0006163103525
-0.0005831923178
-0.000603596511
-0.0006442709119
-0.0008008425987
-0.0007676940009
-0.0006985464781
-0.0006333512441
-0.0006075346218
-0.0006347779091
-0.000695569148
-0.0007368069265
-0.0007162874587
-0.0006923845038
-0.0006778894433
-0.0006895472615
-0.0007335341846
-0.0008044740902
-0.0006487977121
-0.0006525768282
-0.0006919119871
-0.0007485329539
-0.0008075344706
-0.0008491713389
-0.0008733309254
-0.0005829785255
-0.0006149823318
-0.0007153241252
-0.0008350409567
-0.0009153068927
-0.0008972955446
-0.0007933879544
-0.0005638549778
-0.0006191167263
-0.0007573285252
-0.0008986620771
-0.0009377028229
-0.0007934503762
-0.0005332946782
-0.0005840734049
-0.0006494184418
-0.0007873809638
-0.0008868662519
-0.0008169225948
-0.0005321814425
-0.0002032652364
-0.0006144304903
-0.0006788470078
-0.0007894552144
-0.0008110890853
-0.0006298015136
-0.0002852674935
-1.120119349e-05
-0.0006959957022
-0.0007403858249
-0.0008340948603
-0.0008589490624
-0.000719094236
-0.000443655152
-0.0002052565534
-0.0006520372706
-0.0007165883187
-0.0008652198985
-0.0009733435506
-0.0009267688744
-0.0007032865683
-0.0004320980093
-0.0005778151887
-0.0006623779404
-0.0008683095321
-0.001066526229
-0.001127398976
-0.0009838434192
-0.0007228803737
-0.0005181741813
-0.0006062746042
-0.0008097077378
-0.001020235987
-0.001129295434
-0.001066887243
-0.0008899158872
-0.0005278139595
-0.0005948283891
-0.0007291872746
-0.0008745994364
-0.0009733066475
-0.0009757187005
-0.0009003074329
-0.0006174249014
-0.0006470419243
-0.0006801602382
-0.0007225448464
-0.0007716131417
-0.0008039092788
-0.000801385854
-0.0007422318175
-0.0007327893481
-0.0006772125951
-0.0006276585285
-0.0006204440226
-0.0006527909388
-0.0006851985423
-0.0008311178918
-0.0007945268641
-0.0006946523519
-0.0005993672346
-0.000560432503
-0.0005877017825
-0.0006395693219
-0.0008343231369
-0.0007913918242
-0.000702320766
-0.0006210116186
-0.0005932846982
-0.0006315234439
-0.0007045724591
-0.0007552812256
-0.0007279149171
-0.000696164251
-0.0006813349372
-0.0007051415544
-0.0007654701498
-0.000839965146
-0.0006433449425
-0.0006476334455
-0.0006982988727
-0.0007774612957
-0.0008647912208
-0.0009213710307
-0.000928263994
-0.0005597153757
-0.0006012124889
-0.0007312843678
-0.0008919269985
-0.001005861971
-0.0009866956239
-0.0008380513509
-0.0005387175071
-0.0006102185809
-0.0007869328249
-0.0009708371622
-0.001028159794
-0.0008536069673
-0.0005304828372
-0.0005709861393
-0.0006536632253
-0.000824403012
-0.0009476766067
-0.000864608468
-0.0005247385701
-0.0001395950414
-0.0006147576283
-0.0006925793553
-0.0008220584123
-0.0008427197997
-0.0006242732597
-0.0002231625749
8.474936765e-05
-0.0007001700531
-0.0007509906269
-0.0008565330667
-0.0008828951504
-0.0007223416694
-0.0004108242653
-0.000143578018
-0.0006490474269
-0.0007230812941
-0.0008920154611
-0.001015140587
-0.0009627258082
-0.000710475932
-0.0004041173674
-0.0005595546867
-0.000657356724
-0.0008936725797
-0.001122596731
-0.001195743744
-0.001035846663
-0.0007384090544
-0.0004860902469
-0.0005884561891
-0.0008229973342
-0.001068109298
-0.001199121995
-0.001133148882
-0.0009289289184
-0.000495993666
-0.0005738948595
-0.0007285827968
-0.0008989639284
-0.001018639664
-0.0010266885
-0.0009366822578
-0.0006038325509
-0.000637429302
-0.00067315152
-0.0007224137998
-0.0007828401574
-0.0008236005723
-0.0008179019263
-0.0007561504524
-0.0007426752865
-0.0006723844738
-0.0006115434155
-0.0006037782157
-0.0006436907971
-0.0006813901194
-0.0008659244814
-0.0008191124149
-0.0006944670951
-0.0005777354559
-0.0005318912347
-0.0005668059992
-0.0006294285515
-0.0008715853953
-0.0008165047051
-0.0007038203293
-0.0006040208213
-0.0005736002662
-0.0006234816667
-0.000707490656
-0.0007758664897
-0.0007396597883
-0.0006965772085
-0.0006790608831
-0.000714117548
-0.0007910365537
-0.0008676899397
-0.0006390675068
-0.0006421301584
-0.000700495615
-0.0007993394055
-0.0009132953768
-0.0009847689401
-0.0009743466186
-0.0005373455814
-0.0005867144309
-0.0007424904257
-0.0009401541386
-0.0010849658
-0.001065064541
-0.0008755864824
-0.0005145083929
-0.000600499211
-0.0008111587649
-0.001032845389
-0.001105695491
-0.0009043840356
-0.0005277001068
-0.0005584946686
-0.0006564147064
-0.0008551131413
-0.0009979945807
-0.000902263172
-0.0005162442934
-8.747156431e-05
-0.0006149537121
-0.0007039184455
-0.0008480569901
-0.0008663660195
-0.0006164299658
-0.0001712326959
0.0001606814901
-0.0006943080556
-0.0007501143749
-0.0008653259474
-0.0008923954959
-0.0007142222387
-0.0003727554273
-8.334634706e-05
-0.0006380577294
-0.0007195733134
-0.0009055289059
-0.001041213332
-0.0009847418529
-0.0007093134242
-0.0003750733979
-0.0005350677002
-0.0006437028019
-0.0009060207963
-0.001161679231
-0.001247492218
-0.001075710546
-0.0007490257276
-0.0004493008985
-0.000563153604
-0.0008238546694
-0.001099105212
-0.001252018785
-0.001186600686
-0.0009613170224
-0.0004600023903
-0.0005458236039
-0.0007160917711
-0.0009075446972
-0.001048480672
-0.001065894752
-0.000966377082
-0.0005855262146
-0.0006202693949
-0.0006547679808
-0.0007081785172
-0.0007809181285
-0.0008336559357
-0.0008285568619
-0.0007638576647
-0.0007439984075
-0.000656355024
-0.0005826340348
-0.0005758893968
-0.0006263201252
-0.000672084718
-0.0008930051953
-0.0008341294307
-0.000682971439
-0.0005439533257
-0.000492956033
-0.0005380274303
-0.0006131652713
-0.0008999747781
-0.0008312262368
-0.0006934115058
-0.0005742300796
-0.00054252043
-0.0006058905227
-0.0007020551164
-0.0007872218158
-0.0007406420137
-0.0006842124635
-0.000662282447
-0.0007089706405
-0.0008039592695
-0.0008844885117
-0.0006255430866
-0.0006256025409
-0.0006886590334
-0.0008039006497
-0.0009435052829
-0.00103132468
-0.001008093685
-0.0005057999813
-0.0005608266836
-0.0007381866784
-0.0009680530565
-0.001141983468
-0.001124627844
-0.000903629035
-0.0004806780979
-0.0005784640273
-0.0008181749913
-0.001072446959
-0.001160630402
-0.0009401188635
-0.0005244724801
-0.0005353708145
-0.0006456358005
-0.0008677132166
-0.001027121352
-0.0009231048878
-0.0005040902038
-4.743046276e-05
-0.0006033253055
-0.0007007994993
-0.0008566198742
-0.0008735315799
-0.0006014860158
-0.0001271400627
0.0002169837058
-0.000686003065
-0.0007469469129
-0.0008686197053
-0.000894232346
-0.0006964446104
-0.0003229955282
-7.691214322e-06
-0.0006267729227
-0.0007150850284
-0.0009142257006
-0.001059701926
-0.0009968939439
-0.000696298521
-0.0003313225079
-0.0005123198613
-0.0006301279107
-0.0009142215275
-0.001193919224
-0.001290499421
-0.001105637642
-0.0007469377509
-0.0004149058768
-0.0005377729684
-0.0008203049202
-0.001123058384
-0.001296668503
-0.001231099102
-0.0009826095608
-0.0004257907729
-0.0005165294691
-0.0006982372743
-0.0009081599999
-0.001069319855
-0.00109601955
-0.0009852531656
-0.0005676357261
-0.0006003311231
-0.000629701555
-0.000684570969
-0.0007684335179
-0.000833118296
-0.0008274169865
-0.00077095687
-0.0007416303796
-0.0006328953694
-0.0005435496353
-0.0005361304083
-0.0005970736122
-0.0006494733334
-0.0009191628724
-0.0008452570859
-0.000663849466
-0.0004994033591
-0.000441004356
-0.0004956006573
-0.0005818506587
-0.0009279919178
-0.0008426554362
-0.0006756396535
-0.0005334149784
-0.0004974897882
-0.0005735905097
-0.0006809353336
-0.0007988921121
-0.0007388515058
-0.0006643547254
-0.0006335285132
-0.0006885697686
-0.0008008455532
-0.0008856360573
-0.0006126365014
-0.0006065061858
-0.000668713092
-0.0007953142317
-0.0009573441884
-0.001061780677
-0.001027360479
-0.0004741326191
-0.0005317499556
-0.0007245832446
-0.000981572736
-0.00118229961
-0.001169256425
-0.0009194876277
-0.0004452626746
-0.0005522167296
-0.0008151118724
-0.001097971928
-0.001200855644
-0.0009647468272
-0.0005120920106
-0.0005088924748
-0.0006297713124
-0.0008705447882
-0.001044520019
-0.0009338877474
-0.0004854660713
-6.610738274e-07
-0.0005871707888
-0.0006926282238
-0.0008568976675
-0.0008724371848
-0.0005807611086
-7.933289201e-05
0.0002794715392
-0.0006705393252
-0.0007382176522
-0.0008696223984
-0.0008926490454
-0.000673034024
-0.0002622265415
8.294444458e-05
-0.0006099522583
-0.0007072619696
-0.0009223468133
-0.001077170792
-0.001006985136
-0.0006775865552
-0.0002776849356
-0.0004851632908
-0.0006144960473
-0.0009233180791
-0.001228099119
-0.001337045135
-0.001137719332
-0.000743378681
-0.0003760877102
-0.0005100048193
-0.0008168105515
-0.001149298211
-0.001346730747
-0.001282303381
-0.001008463444
-0.000385914905
-0.0004831447772
-0.0006773661156
-0.0009081186674
-0.001093579314
-0.001132523231
-0.001010830594
-0.0005432540094
-0.0005751366121
-0.0005989283515
-0.0006568017207
-0.0007555472259
-0.0008361162246
-0.0008314491259
-0.0007721147492
-0.0007339810747
-0.0006025218026
-0.0004975631306
-0.0004921898246
-0.0005670561212
-0.0006293191372
-0.0009411837654
-0.0008528503598
-0.000638433348
-0.0004472496097
-0.0003827501205
-0.0004502359625
-0.0005517726414
-0.0009541838541
-0.0008527957376
-0.0006530445278
-0.0004852709407
-0.0004457872027
-0.0005380082535
-0.0006621566788
-0.0008101122684
-0.0007376181675
-0.0006411764208
-0.0005987385185
-0.0006629006514
-0.000797309056
-0.0008924628154
-0.0005992460919
-0.00058786523
-0.0006462220508
-0.0007819554095
-0.0009683698463
-0.001095136141
-0.001055058889
-0.0004407751022
-0.0005016934804
-0.0007087612625
-0.000992039697
-0.001222919691
-0.00121962259
-0.0009423590197
-0.0004058429387
-0.0005226901545
-0.0008096213457
-0.001121725565
-0.001243400439
-0.0009935536882
-0.0004997141777
-0.0004760581715
-0.0006086637823
-0.0008707978666
-0.001060749602
-0.000945409708
-0.0004642747657
5.68965629e-05
-0.0005633251218
-0.0006780704097
-0.0008545867836
-0.0008688652514
-0.000555930975
-2.019358252e-05
0.0003602553795
-0.0006394682268
-0.0007192283558
-0.0008645807898
-0.0008880922555
-0.0006408253891
-0.0001779707166
0.0002129491682
-0.0005778722529
-0.0006899885514
-0.0009260751025
-0.001094228202
-0.001013740329
-0.0006431053548
-0.000193520201
-0.0004435031984
-0.0005896923538
-0.0009284964234
-0.001264202201
-0.001386547419
-0.001165620684
-0.0007227080234
-0.0003242132067
-0.0004724470217
-0.0008080864163
-0.001175496601
-0.001400163464
-0.001333408344
-0.001025657321
-0.0003334205368
-0.0004392928916
-0.0006490449561
-0.0009031569805
-0.001115673568
-0.001166028564
-0.001028247502
-0.0005064417433
-0.0005391952917
-0.0005587172784
-0.0006183597301
-0.0007327709216
-0.0008283111521
-0.000822920708
-0.0007629251242
-0.0007179870881
-0.0005626074346
-0.0004375803842
-0.0004318021912
-0.0005191220388
-0.000590677491
-0.0009556510893
-0.0008554625069
-0.0006051738787
-0.0003797849801
-0.0003043059635
-0.0003820137787
-0.000500490587
-0.0009769761254
-0.0008620672444
-0.0006255206949
-0.000423144674
-0.0003740659693
-0.000481026515
-0.0006256739391
-0.0008197094855
-0.0007374478459
-0.0006153589908
-0.0005525092033
-0.0006215526877
-0.0007788522429
-0.0008897823314
-0.0005838827646
-0.0005706417188
-0.0006221441348
-0.0007618330476
-0.0009721045815
-0.001124597717
-0.001080183826
-0.0004035281954
-0.0004705111302
-0.0006911220277
-0.001000939097
-0.001265880726
-0.001273973374
-0.0009611192507
-0.0003589494061
-0.0004884403275
-0.0008018387867
-0.001148581144
-0.001293365399
-0.00102407849
-0.0004676214884
-0.0004317350463
-0.0005795221101
-0.0008681218667
-0.001080695509
-0.0009599700158
-0.0004285765465
0.0001567966002
-0.0005249184711
-0.0006535852262
-0.000847822895
-0.0008651610671
-0.0005221193741
7.192601784e-05
0.0004981514059
-0.0005968498916
-0.0006978020182
-0.0008650396657
-0.0008952735442
-0.0006219653485
-0.0001033114907
0.0003420077654
-0.0005318013097
-0.0006699244098
-0.0009349543904
-0.001123676429
-0.001036371956
-0.0006243309719
-0.0001155813157
-0.0003912787321
-0.0005626266192
-0.0009383665857
-0.001313220413
-0.001456545716
-0.0012178447
-0.0007189525494
-0.0002664273524
-0.0004338119171
-0.0008031590989
-0.001214380563
-0.00147565905
-0.001414179966
-0.001067794384
-0.0002744317102
-0.0003948799665
-0.0006235027718
-0.0009092393376
-0.001158487119
-0.001229236879
-0.001074910484
-0.0004579805211
-0.0005037710734
-0.0005209280453
-0.0005893346782
-0.0007263293668
-0.0008461726811
-0.0008420286911
-0.0007393590851
-0.0007040144791
-0.0005258599188
-0.0003845246984
-0.0003819505245
-0.000489702489
-0.0005755837363
-0.0009552657359
-0.0008637198505
-0.00057694754
-0.0003179647759
-0.0002318460424
-0.000327417407
-0.0004694519335
-0.0009877633545
-0.0008806316294
-0.000604754494
-0.0003657436606
-0.0003061669269
-0.0004358678323
-0.0006098789111
-0.0008214713225
-0.0007499703088
-0.0005978512034
-0.0005123229265
-0.0005868247675
-0.000777829156
-0.0009123913094
-0.0005704282052
-0.0005663574578
-0.0006074173587
-0.0007503072127
-0.0009898003753
-0.001180777395
-0.001135547713
-0.0003714243707
-0.0004499006782
-0.00068320612
-0.001023301761
-0.001331778762
-0.001362827086
-0.001007028518
-0.0003126113947
-0.0004598040767
-0.0008035102179
-0.001193139276
-0.001371810789
-0.001086667029
-0.000449322487
-0.000380747611
-0.000550920976
-0.0008738398872
-0.00111930875
-0.0009987883512
-0.0004102903475
0.0002632730656
-0.0004760033323
-0.0006264133574
-0.0008483047949
-0.0008770696471
-0.0005028824022
0.0001633981116
0.0006547570343
-0.0005374227267
-0.0006312885575
-0.0008297489839
-0.0008830159519
-0.0005981296403
-1.45594167e-05
0.0005025220915
-0.0004743747166
-0.000602891416
-0.0009035673136
-0.001126415484
-0.001048418005
-0.0005904317658
-1.21186621e-05
-0.0003345123383
-0.0004955336901
-0.0009068960823
-0.001329897403
-0.001511098684
-0.00125802993
-0.0007013451925
-0.0002038213715
-0.0003649689738
-0.0007645740849
-0.001224536789
-0.00153767683
-0.00148740215
-0.001106548618
-0.000213397543
-0.0003269226624
-0.0005756752732
-0.0008957381553
-0.001192679268
-0.001287662722
-0.001122183909
-0.0004129596383
-0.0004459903254
-0.0004669779608
-0.0005463608815
-0.0007139362464
-0.0008586589657
-0.0008609985001
-0.0007174132864
-0.0006670253201
-0.0004747778863
-0.0003186485587
-0.0003245200133
-0.0004506938759
-0.0005547997618
-0.0009590317984
-0.0008478679118
-0.0005331229138
-0.0002393179399
-0.0001456976775
-0.000255848583
-0.0004270997785
-0.001004473191
-0.0008739621848
-0.0005654893561
-0.0002861471699
-0.0002177525828
-0.0003698148488
-0.0005824732943
-0.0008387830096
-0.000736254794
-0.0005581757472
-0.0004445356744
-0.0005281480377
-0.0007579284519
-0.0009299817281
-0.0005680097728
-0.0005362395502
-0.0005667351186
-0.0007089086763
-0.0009870615555
-0.001228019118
-0.001194147059
-0.0003438991657
-0.0004023877613
-0.0006439641787
-0.001015896127
-0.00138638091
-0.001454889926
-0.001057870607
-0.0002659817456
-0.0003996242909
-0.0007703728123
-0.001212901869
-0.001450059571
-0.001156955915
-0.0004213574958
-0.0003207844443
-0.0004829727523
-0.0008449184613
-0.001141509733
-0.001044790181
-0.0003908475371
0.0004028804975
-0.0004090396601
-0.0005562404398
-0.0008168259735
-0.0008789005334
-0.000487754324
0.0002735260856
0.0008625836067
-0.0005000869481
-0.0006051993462
-0.0008233788988
-0.0008970105789
-0.000602120334
2.490299197e-05
0.0006061907076
-0.0004328518736
-0.0005754462684
-0.0008953584185
-0.001145120017
-0.001072721865
-0.0005887620585
5.395667992e-05
-0.000287909105
-0.0004653176839
-0.0008980412916
-0.001358657656
-0.001567014386
-0.001314929116
-0.0007030729411
-0.0001534709107
-0.0003282566146
-0.0007485860805
-0.001250345596
-0.001603728083
-0.00157365144
-0.001157175428
-0.0001671877912
-0.0002873295436
-0.0005498747937
-0.0009059902975
-0.001243445419
-0.001369982512
-0.00118775688
-0.0003814335996
-0.0004126883969
-0.00043457688
-0.0005352260087
-0.0007330469943
-0.000909669495
-0.0009105726994
-0.0007074262767
-0.0006449027199
-0.0004390964047
-0.0002856912043
-0.0003055150747
-0.000460698962
-0.0005761042371
-0.000969879965
-0.0008365038287
-0.0004928894805
-0.0001863190122
-9.62019316e-05
-0.000236781352
-0.0004328204518
-0.001023626614
-0.000869516577
-0.0005239824379
-0.0002219069953
-0.0001564137821
-0.0003509262016
-0.0006001231617
-0.0008523601388
-0.0007294715534
-0.0005140309774
-0.0003844085877
-0.0004882341681
-0.0007788205645
-0.0009858539345
-0.0005642156431
-0.0005190028963
-0.0005251366859
-0.000674440937
-0.0009991589332
-0.001311795534
-0.001284458491
-0.0003199229735
-0.0003758664983
-0.0006147202137
-0.001022658298
-0.001458856301
-0.001582444062
-0.001138895639
-0.0002276148282
-0.0003692327892
-0.0007597841129
-0.001256958957
-0.001552512366
-0.001268983415
-0.0004333126245
-0.0002764197097
-0.0004531895039
-0.0008476507146
-0.001196260046
-0.001123342852
-0.000422837804
0.0004869686412
-0.0003616829372
-0.0005269529953
-0.000823473363
-0.0009218260061
-0.0005166086295
0.0003200239197
0.001001403919
-0.0004509424159
-0.0005429826207
-0.0007797484971
-0.0008548122087
-0.0005869167527
4.87097e-05
0.0006557192898
-0.000372221252
-0.0005001691467
-0.0008305759141
-0.001074965708
-0.001033520342
-0.0005588038635
9.644652067e-05
-0.0002354246697
-0.0004051965315
-0.0008431283968
-0.001297656658
-0.001534841001
-0.001293934156
-0.0006919793148
-0.0001117015086
-0.0002856966193
-0.0007147207858
-0.001222615908
-0.001605233389
-0.001580266629
-0.001171623106
-0.0001301193571
-0.0002507507118
-0.0005251787938
-0.0008951780582
-0.001257504584
-0.001385202847
-0.001211725431
-0.0003421584928
-0.0003731656749
-0.0004084648083
-0.0005260929248
-0.0007437108171
-0.0009205978914
-0.0009289151557
-0.0006630927823
-0.0005968571111
-0.0004018924442
-0.0002608619399
-0.0002993316773
-0.00045651807
-0.0005820291798
-0.0009198282108
-0.0007772315362
-0.0004297484908
-0.0001378880466
-7.080523933e-05
-0.0002220111526
-0.0004365676531
-0.0009713441939
-0.0008047474389
-0.0004511684306
-0.0001494617155
-0.0001127945953
-0.0003392547343
-0.0006280254664
-0.0007992033989
-0.0006621756552
-0.0004332157795
-0.0003070365326
-0.0004536432014
-0.0007982415988
-0.001054529264
-0.000513159397
-0.0004530432848
-0.0004506582674
-0.0006151449531
-0.001004031698
-0.001376677226
-0.001383165468
-0.0002701067528
-0.0003140801125
-0.0005583491693
-0.0009945950642
-0.001505459011
-0.001674413205
-0.001226757353
-0.000178073705
-0.0003110637404
-0.0007175971492
-0.001238684054
-0.001596718316
-0.001332184842
-0.0004650184136
-0.0002279497735
-0.0003961764638
-0.0008137847601
-0.001176621703
-0.001147961985
-0.000444834261
0.0005190752968
-0.0003178251043
-0.0004800520717
-0.0008099384651
-0.0009217711251
-0.0005403111352
0.0003330560466
0.001062409047
-0.0004291664975
-0.0005198512114
-0.0007226229939
-0.000800091369
-0.0005569731875
-1.408495924e-05
0.0005360695762
-0.0003498214049
-0.0004837039593
-0.0007771446943
-0.001014973551
-0.0009693836649
-0.0005605760894
5.024634444e-05
-0.000229248799
-0.0004085175961
-0.0008131987212
-0.00123579733
-0.001449086522
-0.001231196939
-0.0006594186182
-0.0001228007488
-0.0003105890488
-0.0007164447079
-0.001185051377
-0.001516925557
-0.001480344694
-0.00108323887
-0.000143038936
-0.000281016552
-0.0005513389131
-0.0009024869889
-0.001214439153
-0.001310630039
-0.00110889567
-0.0003341570741
-0.0003792482936
-0.0004341961847
-0.0005642433866
-0.0007522726026
-0.0009009623358
-0.0008581267881
-0.0006204993612
-0.0005585308283
-0.0003991943679
-0.0002983319368
-0.0003411587673
-0.000489201286
-0.0005653627376
-0.0008452006006
-0.0006950271064
-0.0003953052348
-0.0001560905596
-0.000113984815
-0.0002889762054
-0.0004801683865
-0.0008782260787
-0.0006946210352
-0.0003760536845
-0.0001404043576
-0.0001591568877
-0.0004408284095
-0.0007072020396
-0.0007101573994
-0.0005554269611
-0.0003531349423
-0.000292007958
-0.000503964802
-0.0009110158187
-0.00113106924
-0.0004473691081
-0.0003776828429
-0.0003941600321
-0.0006149633153
-0.001056818181
-0.001462644292
-0.001407120809
-0.0002343279637
-0.0002830227902
-0.0005397116264
-0.001009925079
-0.001538326221
-0.001694046445
-0.001186511527
-0.0001680968733
-0.0003187529466
-0.0007245350102
-0.001250749136
-0.001587349525
-0.001290754383
-0.0004055385631
-0.0002329447691
-0.0004233757966
-0.000816908369
-0.001160362016
-0.001079245297
-0.0003966352648
0.0005057858422
-0.0003276265533
-0.0005051885065
-0.0007977648974
-0.0008839165703
-0.000495579708
0.0002799555026
0.0009163114211
-0.0006050398566
-0.0005996686934
-0.0005923308886
-0.0005789894503
-0.0005550198672
-0.0005226204678
-0.0004920192121
-0.0006110331691
-0.0006078722366
-0.0005977793604
-0.0005805246646
-0.0005550163936
-0.0005264257852
-0.0005147726967
-0.00062378881
-0.0006182340949
-0.000596507541
-0.0005658784137
-0.0005366875665
-0.0005284802733
-0.0005842748168
-0.000636611125
-0.0006247414522
-0.0005864595781
-0.0005405039029
-0.0005127208848
-0.000541866174
-0.000685097795
-0.0006443305774
-0.0006259594952
-0.0005773299779
-0.0005277656319
-0.0005128909199
-0.0005767728658
-0.0007483022448
-0.000647000877
-0.0006261251314
-0.0005823124909
-0.0005456671473
-0.0005478538721
-0.0006147293635
-0.0007194600963
-0.0006413818304
-0.000624689509
-0.0006005138057
-0.0005874921434
-0.0006002099458
-0.0006360099835
-0.0006369127042
-0.0006275969041
-0.0006193434712
-0.0006186732032
-0.0006277033761
-0.0006419247661
-0.0006417015747
-0.0005799882576
-0.000610534384
-0.0006102642795
-0.0006238492312
-0.00064210478
-0.0006522265576
-0.0006358221931
-0.0005725404257
-0.0005997935562
-0.0006033193212
-0.0006142785955
-0.0006238589665
-0.0006250965655
-0.0006132980689
-0.0005848277529
-0.0006021757952
-0.0006032890936
-0.000595339406
-0.0005808660514
-0.0005689365135
-0.000572851082
-0.0005953448851
-0.0006157583706
-0.0006085930129
-0.0005737849581
-0.0005310760464
-0.0005104138884
-0.0005420480261
-0.0006223325617
-0.0006284112089
-0.0006102755026
-0.0005532624845
-0.0004943512996
-0.000485583306
-0.0005663534712
-0.000703434729
-0.0006288804953
-0.0006027664697
-0.0005403537856
-0.0004909434239
-0.0005193893329
-0.0006548503484
-0.0008143152026
-0.0006167027805
-0.0005908798231
-0.0005438184385
-0.0005283046812
-0.0005969156185
-0.0007449476575
-0.0008672703409
-0.0006108033314
-0.0006083643293
-0.0006064976647
-0.0005944682795
-0.0005599235138
-0.0005021351279
-0.000443425042
-0.0006183715497
-0.0006179641427
-0.0006130666192
-0.0005970284745
-0.0005626834475
-0.0005125524822
-0.0004770030419
-0.0006332971695
-0.0006281987561
-0.0006088798771
-0.0005784240545
-0.0005432694158
-0.0005219636851
-0.0005676967559
-0.0006471233396
-0.000633000578
-0.0005938271922
-0.0005463356302
-0.0005150982634
-0.0005401144908
-0.0006856110369
-0.0006551585426
-0.0006328867879
-0.0005812187977
-0.000528633942
-0.0005118389682
-0.0005765286097
-0.0007532982094
-0.0006563496133
-0.000632667079
-0.0005861270471
-0.0005464279927
-0.0005472137575
-0.000615853434
-0.0007259280485
-0.0006478802359
-0.0006311468562
-0.0006060588747
-0.00059112552
-0.0006033503547
-0.0006425277701
-0.0006528054514
-0.0006309703868
-0.0006251631364
-0.0006252768608
-0.0006336975853
-0.0006491473078
-0.0006554238425
-0.0006074858824
-0.0006124467626
-0.0006155420923
-0.0006304109816
-0.0006487379575
-0.0006612908745
-0.0006530915154
-0.0006036331632
-0.0006033400885
-0.0006086379402
-0.0006195187665
-0.0006284525043
-0.0006319958328
-0.0006285532109
-0.0006119246747
-0.0006105457158
-0.0006096562984
-0.0005982356903
-0.0005804972513
-0.0005697334658
-0.0005831752987
-0.0006178849185
-0.0006300353514
-0.0006170138617
-0.0005747253015
-0.0005253880348
-0.0005041620922
-0.0005461095897
-0.0006394151481
-0.0006462570905
-0.0006206764588
-0.0005549748624
-0.0004890937245
-0.0004778928141
-0.0005618056024
-0.0007014374583
-0.0006456663957
-0.0006133112829
-0.0005453116153
-0.0004930357917
-0.0005163677
-0.0006374499061
-0.0007805637467
-0.0006307735266
-0.0006009667477
-0.0005510019071
-0.0005328573458
-0.0005881059716
-0.0007083181541
-0.000811885446
-0.000621213394
-0.0006223550635
-0.0006292687738
-0.0006200370895
-0.0005718099626
-0.0004832965501
-0.0003925774994
-0.0006289227362
-0.0006337334166
-0.0006399874347
-0.0006302896578
-0.0005867040892
-0.0005081790632
-0.0004349591354
-0.0006439341343
-0.000644774233
-0.0006388384871
-0.0006191656637
-0.0005806966829
-0.0005347407896
-0.0005387232145
-0.0006572056083
-0.0006483508304
-0.0006214810079
-0.0005844234393
-0.0005515098844
-0.0005556915552
-0.0006658464092
-0.0006645178392
-0.0006457864203
-0.0006016978528
-0.000554380773
-0.0005344572644
-0.0005846560669
-0.0007450800918
-0.0006652421255
-0.0006430636292
-0.0005979066497
-0.0005569089248
-0.0005531431378
-0.000616644757
-0.0007336163453
-0.0006577304024
-0.0006405805295
-0.0006115652991
-0.0005906546974
-0.000598945599
-0.0006424119098
-0.0006739255709
-0.0006428056155
-0.0006354121671
-0.0006290596928
-0.0006301439497
-0.0006437280187
-0.0006599603317
-0.000635355587
-0.0006257742217
-0.0006271010108
-0.0006362772125
-0.0006489984445
-0.0006616363921
-0.0006644281
-0.0006352169711
-0.0006171638704
-0.0006212178005
-0.0006295647718
-0.0006363998386
-0.0006410191479
-0.0006456952618
-0.0006451663294
-0.0006245093413
-0.0006233996122
-0.0006136113404
-0.0005977678076
-0.0005877720029
-0.0006023957118
-0.0006439454794
-0.0006447115194
-0.0006326733569
-0.0005957005557
-0.0005511675456
-0.0005277533674
-0.0005581351399
-0.0006410233478
-0.0006632036919
-0.0006396264506
-0.0005808657194
-0.0005191952345
-0.0004971480799
-0.0005490906568
-0.0006568098284
-0.0006659592547
-0.0006359380734
-0.0005731911251
-0.0005190635999
-0.0005177495429
-0.0005864618668
-0.0006843698695
-0.0006535094804
-0.0006250811008
-0.0005758705066
-0.0005467587091
-0.0005672844035
-0.0006301747291
-0.0006915829508
-0.0006312625527
-0.0006372485077
-0.0006571140926
-0.000655093577
-0.0005960807626
-0.0004779984575
-0.0003555687718
-0.0006366628367
-0.0006489568782
-0.0006732600557
-0.0006775357089
-0.000629771334
-0.000523708468
-0.0004092080647
-0.0006495320056
-0.0006596333247
-0.0006774428476
-0.0006801660593
-0.0006461355098
-0.0005754742119
-0.0005280530036
-0.0006596782439
-0.0006608159934
-0.0006585245785
-0.0006452502657
-0.0006191424306
-0.0006008478971
-0.0006621488856
-0.000666201871
-0.0006558874733
-0.000629941896
-0.0005989599614
-0.0005823090934
-0.0006153277169
-0.0007465348076
-0.0006707906266
-0.0006534064865
-0.0006150352287
-0.0005778652966
-0.0005716406748
-0.0006268619182
-0.0007417778373
-0.0006713537947
-0.0006547731957
-0.0006213443016
-0.0005928809939
-0.0005944845931
-0.0006385195057
-0.0006870314176
-0.0006643664755
-0.000654301485
-0.0006372335703
-0.000625395823
-0.0006313829841
-0.000653342348
-0.0006517761984
-0.0006505470341
-0.0006479468218
-0.0006471340219
-0.0006492398499
-0.0006569554373
-0.000666769076
-0.0006586810219
-0.0006390134038
-0.000640314768
-0.0006456832626
-0.0006504938854
-0.0006555535457
-0.0006651641361
-0.0006782138391
-0.0006398582839
-0.0006393507182
-0.0006370146172
-0.0006305949647
-0.0006261831535
-0.0006382038519
-0.0006761003644
-0.0006548148616
-0.0006476448738
-0.0006279698844
-0.0006019818147
-0.0005840042899
-0.000595398589
-0.0006472909557
-0.0006729166847
-0.0006573998087
-0.0006207268021
-0.0005783746678
-0.0005513569994
-0.0005602777008
-0.0006105623448
-0.0006804280415
-0.000658900131
-0.0006149050776
-0.00056923159
-0.0005432827685
-0.0005485075533
-0.0005819469718
-0.0006745485991
-0.0006527614012
-0.000614310681
-0.0005785406699
-0.0005590217149
-0.0005563657847
-0.0005653630324
-0.0006358077452
-0.0006481370886
-0.0006841810538
-0.0006925543648
-0.0006239003238
-0.0004754854385
-0.0003211753874
-0.000636407723
-0.000658096772
-0.0007054225713
-0.0007290574421
-0.0006803336834
-0.0005467707207
-0.000390499401
-0.000642186259
-0.0006647776736
-0.0007144661156
-0.0007490191619
-0.0007264982833
-0.0006334476394
-0.0005337900619
-0.0006459833251
-0.0006613765683
-0.0006934171265
-0.0007153647041
-0.0007052270355
-0.0006682145012
-0.0006788047264
-0.0006531120325
-0.0006554278029
-0.0006559231399
-0.0006509367253
-0.0006455685856
-0.0006644216538
-0.0007623116982
-0.0006678288852
-0.0006583292692
-0.0006309618328
-0.0006024338329
-0.0005976633329
-0.0006447224382
-0.0007514581357
-0.0006846783445
-0.0006698326203
-0.0006314271977
-0.0005947086885
-0.0005887499278
-0.000630318014
-0.0006898050409
-0.0006918020756
-0.0006782294704
-0.0006466426845
-0.0006176501012
-0.0006123212728
-0.0006355707047
-0.0006524361025
-0.0006819377212
-0.0006737500411
-0.0006592105254
-0.0006468534537
-0.0006466814261
-0.0006599118892
-0.0006684457978
-0.000662048615
-0.0006598129663
-0.0006621003504
-0.0006655642305
-0.0006722942263
-0.00068552026
-0.0007053728358
-0.000647807071
-0.0006491381549
-0.0006597633949
-0.0006699851758
-0.0006776812498
-0.0006879052354
-0.0007121521072
-0.0006504667234
-0.0006517106421
-0.00065984021
-0.0006647208592
-0.0006616270154
-0.0006550333645
-0.0006639664133
-0.0006658038226
-0.0006638219644
-0.0006621775596
-0.000652681117
-0.0006287005785
-0.0005937327026
-0.000575884564
-0.0006795738255
-0.0006730955839
-0.0006605389268
-0.0006347065564
-0.0005877934177
-0.000526246434
-0.0004888589166
-0.0006827155086
-0.0006739402641
-0.0006573772817
-0.0006239227761
-0.0005650752944
-0.0004931551715
-0.000448051827
-0.0006442127037
-0.0006640547838
-0.0007169602318
-0.0007347752391
-0.0006529904365
-0.0004695580803
-0.0002807025461
-0.0006371937627
-0.0006694306961
-0.0007420215506
-0.0007864286404
-0.0007356748872
-0.0005714220193
-0.0003715148608
-0.0006306969492
-0.0006677322931
-0.0007542668774
-0.0008260792757
-0.0008185453431
-0.0007039247297
-0.0005523337484
-0.0006246013069
-0.0006568783371
-0.0007295491426
-0.0007944002884
-0.0008069731193
-0.0007553699235
-0.0007168049065
-0.0006330984852
-0.0006506501676
-0.0006828092899
-0.000710785701
-0.0007239131065
-0.0007335949498
-0.0007981285927
-0.0006631998987
-0.0006631595684
-0.0006491116821
-0.0006330676659
-0.0006346240007
-0.0006766279598
-0.0007723267011
-0.0007033358249
-0.0006901412261
-0.0006457396982
-0.0006007696714
-0.0005885943409
-0.000628083669
-0.0006942072488
-0.0007294125238
-0.0007108947946
-0.0006616192617
-0.0006129166123
-0.0005951756857
-0.0006186595313
-0.0006496978898
-0.000723482076
-0.0007079134929
-0.0006765653138
-0.0006472335889
-0.0006381907276
-0.0006542522174
-0.0006753825059
-0.0006904979849
-0.0006838065161
-0.0006822821924
-0.0006846523631
-0.0006945591826
-0.0007124264794
-0.0007344885833
-0.000654052667
-0.0006581773229
-0.0006847990585
-0.0007163095078
-0.0007410572747
-0.0007518319791
-0.0007567429937
-0.0006380753276
-0.0006508133532
-0.0006934551555
-0.000737899377
-0.0007570807241
-0.0007348783097
-0.0006944549374
-0.0006478479083
-0.0006639229559
-0.000705987524
-0.0007396409892
-0.0007259845988
-0.0006483145557
-0.000557088838
-0.0006694466994
-0.0006826828212
-0.0007098147892
-0.0007125718342
-0.0006495549611
-0.0005212612829
-0.0004108810885
-0.0006851440854
-0.0006930086379
-0.0007043710936
-0.0006789598427
-0.0005837117387
-0.0004434185293
-0.0003451836894
-0.0006521059854
-0.0006799391527
-0.0007485006033
-0.0007723668063
-0.0006714967506
-0.0004456910857
-0.000217144979
-0.0006350571965
-0.0006784181571
-0.0007766691215
-0.0008408623808
-0.0007845560303
-0.000583637356
-0.0003353070371
-0.0006115974165
-0.0006645396505
-0.0007906991107
-0.0009024390447
-0.0009108864157
-0.0007727868273
-0.0005667000261
-0.0005919200579
-0.0006430017727
-0.0007601473802
-0.000872792455
-0.0009127171632
-0.000848730083
-0.000760810274
-0.0006011196026
-0.0006354001303
-0.0007023571427
-0.0007683075959
-0.0008062202092
-0.0008113731243
-0.0008427123173
-0.0006493546211
-0.0006591573185
-0.0006596440351
-0.0006594802175
-0.0006729468185
-0.0007145014157
-0.0007983686878
-0.0007171531442
-0.0007048002162
-0.0006535100774
-0.0006013503278
-0.0005864332147
-0.0006270027416
-0.0006984396927
-0.0007654129818
-0.0007404506849
-0.0006712676922
-0.0006021530347
-0.000573632783
-0.0005993306839
-0.0006433427247
-0.0007636527701
-0.0007392863679
-0.0006888367734
-0.0006415585267
-0.0006249733889
-0.0006457664358
-0.0006782203566
-0.0007147824444
-0.0007029879045
-0.0006964914314
-0.0006981823215
-0.0007139926237
-0.0007392636133
-0.0007617059896
-0.00065193682
-0.0006593032426
-0.0007025961123
-0.0007581128601
-0.0008047230736
-0.0008196387165
-0.0008028439987
-0.00061406607
-0.0006397492201
-0.0007193433724
-0.0008079176453
-0.0008552573249
-0.0008207920228
-0.0007287481332
-0.0006175601544
-0.000653681128
-0.0007427078523
-0.0008241019234
-0.0008255180035
-0.0007070837368
-0.0005417293542
-0.0006489391499
-0.0006836770469
-0.0007529799397
-0.0007867507114
-0.0007097275308
-0.000515810578
-0.0003344534502
-0.0006801871271
-0.0007056658725
-0.000745330573
-0.0007274984948
-0.0005962804209
-0.0003898964271
-0.0002426028132
-0.0006681932131
-0.000703441652
-0.000785628895
-0.0008119426082
-0.0006859376419
-0.0004101428097
-0.0001352011652
-0.0006396416684
-0.0006939930742
-0.000817215808
-0.000899385769
-0.0008332549739
-0.0005889133836
-0.0002851202495
-0.0005963276254
-0.0006658513356
-0.0008324996829
-0.0009849477908
-0.001008449018
-0.0008433160225
-0.0005770970404
-0.000560348009
-0.0006310553505
-0.0007939699561
-0.0009566880444
-0.001026016923
-0.0009497461649
-0.0008091937364
-0.0005688191196
-0.0006200967233
-0.0007224908059
-0.0008289729259
-0.0008955368031
-0.0008989819727
-0.0008952371105
-0.0006356660199
-0.0006547413165
-0.0006692993199
-0.0006869566422
-0.0007164672535
-0.0007612405055
-0.0008317848733
-0.0007327960877
-0.0007200432721
-0.0006603971391
-0.0006019865774
-0.0005876514463
-0.0006326231203
-0.0007082150172
-0.0008047961704
-0.0007718585577
-0.0006806733248
-0.0005911740952
-0.0005542799042
-0.00058508387
-0.0006413986025
-0.0008077570275
-0.00077315243
-0.0007013528298
-0.000635750804
-0.0006137547664
-0.0006422504393
-0.0006855150047
-0.0007423557259
-0.0007243391538
-0.0007108842183
-0.0007117108735
-0.000735927152
-0.0007718443919
-0.0007938827136
-0.0006520777282
-0.0006619715604
-0.0007204735499
-0.000800265237
-0.0008714911503
-0.0008935347165
-0.0008540276686
-0.0005919025112
-0.000630179878
-0.0007456896513
-0.0008786294329
-0.0009559809326
-0.0009109670363
-0.0007670360094
-0.0005899847212
-0.0006459783288
-0.0007807248685
-0.0009089769778
-0.0009251120816
-0.0007662604136
-0.0005287248906
-0.0006328247642
-0.0006887038767
-0.0007978132557
-0.0008597244387
-0.0007664783579
-0.0005077169395
-0.0002601733319
-0.0006810250409
-0.000723241406
-0.0007873618866
-0.0007729727319
-0.0006039562844
-0.0003343491374
-0.0001432043074
-0.0006781268233
-0.0007200929326
-0.0008149785964
-0.000842172371
-0.0006889914531
-0.0003603719165
-3.660829995e-05
-0.0006377929654
-0.0007029965051
-0.0008508711773
-0.0009502119895
-0.0008729524345
-0.0005826174138
-0.0002206449552
-0.0005740769288
-0.0006603397668
-0.0008673366442
-0.001060339425
-0.001098975293
-0.0009059850894
-0.0005781822401
-0.0005209414574
-0.000611161919
-0.0008192414167
-0.001032182528
-0.00113259436
-0.001045686668
-0.0008526270512
-0.0005279112316
-0.0005955050462
-0.000732032481
-0.0008792575748
-0.0009774896499
-0.0009828681201
-0.0009449044556
-0.0006131741571
-0.0006403158818
-0.0006672445872
-0.0007030494457
-0.0007522895725
-0.000804744994
-0.0008626038058
-0.0007398618515
-0.0007252249419
-0.0006555527492
-0.0005913158569
-0.0005812727184
-0.0006349690285
-0.0007153545713
-0.0008359289764
-0.0007934968975
-0.0006789038786
-0.0005694947123
-0.0005277260005
-0.0005677552877
-0.0006374143933
-0.0008436960852
-0.0007974608508
-0.0007030864399
-0.0006195857089
-0.0005955115387
-0.000635722532
-0.0006911159821
-0.0007618485468
-0.0007363945397
-0.0007147268005
-0.0007149112871
-0.000750512735
-0.0008006939557
-0.0008234047612
-0.00064446635
-0.0006558785408
-0.0007280816602
-0.0008317904726
-0.000929538031
-0.000961064195
-0.0008999288535
-0.0005628474142
-0.0006128420275
-0.0007622272965
-0.0009379967637
-0.001045263159
-0.0009906037702
-0.0007973868656
-0.0005566610628
-0.0006315250317
-0.0008090136927
-0.0009807738722
-0.001009570064
-0.0008112885312
-0.0005079477916
-0.0006119252565
-0.0006874261258
-0.0008321699833
-0.0009174979425
-0.0008061059989
-0.0004865547907
-0.0001825774032
-0.0006774401597
-0.0007342086159
-0.0008179688821
-0.0008027944036
-0.0005968050534
-0.0002711067871
-4.49147865e-05
-0.0006871115069
-0.0007347256347
-0.0008410735428
-0.0008688783664
-0.0006895731806
-0.0003103933042
6.127230156e-05
-0.0006352194712
-0.0007105405472
-0.0008814308244
-0.0009971659202
-0.0009092148574
-0.0005748416904
-0.000156062442
-0.0005521333537
-0.0006541536798
-0.0008985690678
-0.001129930381
-0.00118327301
-0.0009646201983
-0.0005775693786
-0.0004827496888
-0.0005909465325
-0.0008397922856
-0.001099542131
-0.001230484403
-0.001135821524
-0.0008932657346
-0.0004889856558
-0.0005708147901
-0.0007362180277
-0.0009203547117
-0.001049945448
-0.001060664927
-0.0009908677647
-0.0005931483751
-0.0006260013892
-0.000660136576
-0.0007106277051
-0.0007796728361
-0.0008428966571
-0.0008892374826
-0.0007495087667
-0.0007306692481
-0.0006466400182
-0.0005740347531
-0.0005686146364
-0.0006335893715
-0.0007187684778
-0.0008690458513
-0.000815054347
-0.0006737693284
-0.0005428644259
-0.000496817321
-0.0005480728473
-0.0006307581302
-0.0008807703841
-0.0008211217561
-0.0007016362958
-0.0005993522476
-0.0005739436874
-0.0006276256713
-0.0006946109728
-0.0007817818528
-0.0007473258798
-0.0007151137889
-0.0007138195884
-0.0007612726221
-0.0008267833384
-0.0008493784655
-0.0006374324158
-0.0006488871101
-0.0007321207503
-0.0008581984289
-0.0009817403291
-0.001022818928
-0.0009394004812
-0.0005352006547
-0.000595334696
-0.0007751186639
-0.0009906203271
-0.00112530873
-0.001060483337
-0.0008197789287
-0.0005257807693
-0.0006175557337
-0.0008332243388
-0.001043739926
-0.001081765516
-0.0008454249836
-0.0004825145266
-0.0005939004216
-0.0006864767266
-0.0008614450365
-0.0009650642853
-0.0008340186132
-0.0004593596034
-0.0001084063062
-0.0006765634674
-0.0007449773722
-0.0008431509533
-0.0008238918942
-0.0005833160512
-0.0002100879382
4.349973456e-05
-0.0006828515764
-0.0007351273588
-0.000852837668
-0.0008827818071
-0.0006821875426
-0.0002597530349
0.0001523372943
-0.0006201911034
-0.000704434588
-0.0008972465886
-0.001029486484
-0.0009348478694
-0.0005636895357
-9.665148568e-05
-0.0005192383467
-0.0006353140666
-0.0009141335057
-0.001181462818
-0.00125170128
-0.001013970577
-0.000577567696
-0.0004354598008
-0.0005593311309
-0.0008441461967
-0.001146521985
-0.001309170487
-0.001213559544
-0.0009314881713
-0.0004426957719
-0.0005360644327
-0.0007246227224
-0.0009408937112
-0.001102824353
-0.001125395116
-0.001032396129
-0.0005670342575
-0.0006028304749
-0.000638725667
-0.0006996524495
-0.0007896288334
-0.0008693293125
-0.0009099988087
-0.0007531982949
-0.0007276959922
-0.0006250113008
-0.0005408891022
-0.0005415096605
-0.0006220990058
-0.000715760637
-0.000895353397
-0.0008277677569
-0.0006568924819
-0.0005026474838
-0.0004540441325
-0.0005200888436
-0.0006184013193
-0.0009094378227
-0.000834711209
-0.0006883255421
-0.0005664007675
-0.0005417403557
-0.0006120271003
-0.0006930113909
-0.0007919652009
-0.0007470057778
-0.0007030321324
-0.0006999102021
-0.0007613336233
-0.0008451771799
-0.0008699080661
-0.0006199040638
-0.0006299264402
-0.0007230232486
-0.0008708712534
-0.001021816919
-0.00107484148
-0.0009719651073
-0.0004971534042
-0.0005658027015
-0.0007744536193
-0.001028318202
-0.001191149651
-0.001118502899
-0.0008347093155
-0.0004848261875
-0.0005915697708
-0.0008432259579
-0.001090387894
-0.00113829129
-0.0008675680582
-0.0004523439511
-0.0005658658843
-0.0006732436718
-0.0008758698958
-0.0009960279359
-0.0008475334261
-0.0004242567571
-3.484166065e-05
-0.0006655132304
-0.0007432541916
-0.0008536239047
-0.0008300332199
-0.0005590546085
-0.0001456602453
0.000128316188
-0.0006729009222
-0.000730401531
-0.0008573340158
-0.000889037197
-0.0006682576384
-0.0002047951602
0.0002478441718
-0.0006002221207
-0.0006930119939
-0.0009047852397
-0.001052406976
-0.0009518202064
-0.0005461340369
-3.191921423e-05
-0.000483010468
-0.0006115005271
-0.0009202285143
-0.001221105176
-0.001308357394
-0.001054497232
-0.0005710049754
-0.0003865820249
-0.0005232429928
-0.0008379629024
-0.001179073929
-0.001373370891
-0.001280404423
-0.0009625749827
-0.0003966373033
-0.0004977254989
-0.0007023824431
-0.0009456913512
-0.001139249567
-0.001177639153
-0.001065440158
-0.0005426540403
-0.0005770915021
-0.0006073058116
-0.0006727480848
-0.0007819700903
-0.0008812408229
-0.0009195043098
-0.0007596348581
-0.0007231767324
-0.0005946079953
-0.0004928631044
-0.0004967472558
-0.0005949105716
-0.0006985057504
-0.0009244655907
-0.0008392090223
-0.0006321786324
-0.0004486390173
-0.0003941944378
-0.0004756849007
-0.0005901660635
-0.0009401768863
-0.0008466451023
-0.0006676330054
-0.000520909921
-0.0004939578264
-0.0005814737323
-0.0006768746626
-0.0008027522131
-0.0007438777975
-0.000683355526
-0.000674456055
-0.0007481092209
-0.00085122719
-0.000878685307
-0.0006012967038
-0.0006070119932
-0.0007061712248
-0.0008736075579
-0.001051901624
-0.001118471087
-0.0009953974194
-0.0004562998124
-0.0005313832879
-0.000766131219
-0.001057884012
-0.001250132759
-0.001170748471
-0.0008408998304
-0.0004398232936
-0.0005603781898
-0.0008462615755
-0.001130796453
-0.001189831298
-0.0008842197522
-0.0004105803134
-0.0005330299073
-0.0006550094846
-0.0008841097524
-0.001021551624
-0.0008556342196
-0.0003803112533
5.511024005e-05
-0.0006496851343
-0.0007374276182
-0.0008585065664
-0.0008300793975
-0.0005264724092
-6.816559474e-05
0.0002326126775
-0.0006557997778
-0.0007202833369
-0.0008593298071
-0.0008918428513
-0.0006500169821
-0.0001422868425
0.0003536679108
-0.0005734356217
-0.0006767191014
-0.0009099821215
-0.001072932881
-0.0009668101978
-0.0005250690182
3.914956276e-05
-0.0004401355745
-0.0005828342025
-0.0009238066731
-0.00125938629
-0.001366786088
-0.001098038774
-0.0005662448757
-0.0003313741515
-0.0004818988026
-0.0008276283874
-0.001209307417
-0.001440080857
-0.00135470829
-0.001002866008
-0.0003445470307
-0.0004535959828
-0.0006732802673
-0.0009449006184
-0.001175727977
-0.001237235016
-0.001111118776
-0.0005133424842
-0.0005460837428
-0.0005673916109
-0.0006370529358
-0.0007702368567
-0.0008971259084
-0.0009393808865
-0.0007631437283
-0.0007147698472
-0.0005555718703
-0.0004337441553
-0.0004436829929
-0.000565919093
-0.0006863418213
-0.000952808835
-0.0008490221203
-0.0006000178812
-0.0003831834477
-0.0003236353693
-0.0004259345553
-0.0005631516083
-0.0009715957958
-0.0008586786871
-0.0006410076684
-0.0004648102586
-0.0004357784302
-0.0005452681524
-0.0006618522083
-0.0008138834995
-0.0007414714246
-0.0006592238112
-0.0006410980935
-0.0007283045168
-0.0008566316631
-0.0008924451932
-0.0005811857169
-0.0005834962742
-0.0006861703549
-0.0008722937728
-0.001081756275
-0.00116810871
-0.001027749849
-0.0004115174511
-0.0004943984016
-0.0007562943353
-0.00108822987
-0.001315649918
-0.001233955401
-0.0008546023295
-0.0003883418613
-0.0005247431268
-0.0008490865881
-0.001175277774
-0.001250826811
-0.0009089737177
-0.0003673074008
-0.0004919921364
-0.0006312877113
-0.0008926288952
-0.0010510127
-0.0008685714137
-0.0003334312438
0.000160077818
-0.0006252854929
-0.0007256785484
-0.0008628838788
-0.0008296616142
-0.0004892677383
2.448400247e-05
0.0003606241165
-0.0006271966078
-0.0007038383624
-0.0008579096268
-0.0008924769328
-0.0006213997987
-5.110131265e-05
0.0005086164407
-0.0005351867126
-0.0006539856156
-0.0009132062229
-0.001094805292
-0.0009785083297
-0.0004842038152
0.000151133028
-0.000385325718
-0.00054649364
-0.0009253086616
-0.001302555869
-0.001431473768
-0.001138261115
-0.0005390559607
-0.0002643942824
-0.0004308601984
-0.0008129396753
-0.001242666618
-0.001515731472
-0.0014346747
-0.001036622327
-0.0002799953542
-0.0003980553007
-0.0006363676639
-0.0009411991243
-0.001215573807
-0.001302107647
-0.001156932001
-0.000471322966
-0.0005030943979
-0.0005166756621
-0.0005908801665
-0.0007521842657
-0.0009098124016
-0.0009569907912
-0.0007563560382
-0.0006971360981
-0.0005051313644
-0.0003590334079
-0.0003748110201
-0.0005234403612
-0.0006632697651
-0.0009742556218
-0.0008536267244
-0.000558054311
-0.0002994510631
-0.0002307389221
-0.0003537080271
-0.000517187656
-0.001000716114
-0.000870101128
-0.0006075925972
-0.0003911161735
-0.0003537819928
-0.0004849206098
-0.0006262852165
-0.0008245208325
-0.0007404477007
-0.0006308220818
-0.0005929822081
-0.0006889526574
-0.0008430204392
-0.0008908057413
-0.000560013678
-0.0005614465573
-0.0006633915202
-0.0008621626257
-0.00110171977
-0.001209949151
-0.001050979071
-0.0003634661933
-0.0004561149559
-0.0007441916567
-0.001116644289
-0.001382455916
-0.001297910346
-0.0008588889782
-0.0003295090202
-0.0004843200467
-0.0008501028048
-0.001223708886
-0.001318859283
-0.0009327459759
-0.0003016177
-0.0004392084216
-0.0005999146266
-0.0008993065174
-0.001085094326
-0.000884091224
-0.0002710057745
0.0003057127733
-0.0005858707779
-0.0007045967792
-0.0008635479706
-0.0008290459489
-0.0004430826403
0.0001471479857
0.0005385265691
-0.0005933985411
-0.0006912606708
-0.0008664157386
-0.000905537009
-0.0006006388113
4.388406838e-05
0.0006827815685
-0.0004906859548
-0.0006354576088
-0.0009278801024
-0.001133510134
-0.00100560835
-0.0004500241742
0.0002750117203
-0.0003270553415
-0.0005140005754
-0.000938764301
-0.001366898929
-0.001522927774
-0.001202172974
-0.0005179185472
-0.000195891535
-0.0003822820565
-0.0008080899202
-0.00129793744
-0.001623576766
-0.001550461332
-0.001093091932
-0.0002100974239
-0.000342251581
-0.0006055497955
-0.0009561587267
-0.001286941376
-0.001406941084
-0.001237339699
-0.0004160639422
-0.0004584626448
-0.000469027512
-0.0005589681258
-0.0007595494159
-0.0009592995969
-0.001011620433
-0.0007320456592
-0.0006785573282
-0.0004568283588
-0.000293318442
-0.0003225415478
-0.0005084558878
-0.0006725875877
-0.0009779507565
-0.0008615711669
-0.0005195377955
-0.0002212935219
-0.0001463416562
-0.0002996173463
-0.0004955141216
-0.001016500325
-0.000889922315
-0.0005794882481
-0.0003205399675
-0.0002744566698
-0.0004351400573
-0.0006082438036
-0.0008282226726
-0.0007526617034
-0.0006095616225
-0.000547994909
-0.0006514568011
-0.0008394750442
-0.0009041178777
-0.0005438027602
-0.0005539835065
-0.0006489665197
-0.0008563721703
-0.001127498669
-0.001266046905
-0.001090367323
-0.0003248213287
-0.0004306356062
-0.0007407957218
-0.001152994709
-0.001461519232
-0.001382071463
-0.0008792889025
-0.0002756124593
-0.0004518311023
-0.000859404953
-0.001283645588
-0.001404699458
-0.0009785948357
-0.0002500874425
-0.0003829112066
-0.0005711071264
-0.0009131848334
-0.001132591817
-0.0009177795215
-0.0002274741417
0.000441562237
-0.0005375002474
-0.0006821785375
-0.0008702868708
-0.0008412280118
-0.0004128290285
0.0002554854884
0.0007083900023
-0.0005476379215
-0.0006384323747
-0.0008414468199
-0.0008967904919
-0.0005679177328
0.000161897561
0.0008966281503
-0.0004419667594
-0.0005791569401
-0.0009090298262
-0.001148904904
-0.00102129552
-0.0003951635912
0.000434980896
-0.0002701066543
-0.0004515896016
-0.000919384986
-0.001405661307
-0.001602255003
-0.001251374908
-0.0004720457139
-0.000125261111
-0.0003108642406
-0.0007767244642
-0.001331618075
-0.001723258097
-0.001659008593
-0.001138107827
-0.0001368766235
-0.0002659010601
-0.0005571317424
-0.000958242054
-0.001356425826
-0.001510505463
-0.001315429048
-0.0003600155405
-0.0003903436314
-0.0004073681591
-0.0005189988661
-0.0007687876065
-0.001009967579
-0.001068612211
-0.0007042190645
-0.0006333680522
-0.0003944840519
-0.0002195076384
-0.0002704424431
-0.0004918215595
-0.0006816593785
-0.0009813529568
-0.000841595652
-0.0004648873091
-0.0001296873926
-5.448657167e-05
-0.0002352047201
-0.0004669914529
-0.001035890858
-0.0008822424268
-0.0005324597248
-0.0002293464328
-0.0001774602677
-0.0003664926476
-0.0005780072081
-0.0008479440566
-0.0007389787535
-0.0005659822612
-0.0004744225716
-0.0005872852747
-0.0008114167039
-0.0009047198554
-0.0005412484326
-0.0005239018857
-0.0006081888273
-0.0008160174611
-0.001122924583
-0.001299064623
-0.001120230438
-0.0002953172045
-0.0003836252459
-0.0007045630169
-0.001150659386
-0.001513167078
-0.001450955137
-0.000894553326
-0.0002276591055
-0.0003934584308
-0.0008312218127
-0.001307588413
-0.001473305051
-0.001018920347
-0.0001921893365
-0.0003244832751
-0.0005066917476
-0.0008891768797
-0.001153940507
-0.0009486038992
-0.0001853841351
0.0005870341477
-0.000475807787
-0.0006171183554
-0.000841454239
-0.0008367730591
-0.0003864293841
0.0003631895511
0.0008892080113
-0.0005249119845
-0.0006261680582
-0.0008430101059
-0.0009087225128
-0.0005584840915
0.0002259752914
0.00103384908
-0.0004137516899
-0.000566477927
-0.0009163556001
-0.001179729985
-0.001047629245
-0.0003773149223
0.0005382422664
-0.0002300036589
-0.0004310469919
-0.0009275922501
-0.00145690887
-0.001678721417
-0.001314033739
-0.0004519862438
-7.185154755e-05
-0.0002746121132
-0.0007718542425
-0.001380869891
-0.001820953401
-0.001771724531
-0.00119012817
-8.011588813e-05
-0.0002186016155
-0.0005332253586
-0.0009848773692
-0.001438594878
-0.001629350239
-0.001401695436
-0.0003153057815
-0.000344842788
-0.0003688668273
-0.0005141520987
-0.0008111002876
-0.00109658036
-0.001148793808
-0.0006830495576
-0.0005989529169
-0.0003486576139
-0.0001848390715
-0.0002645356161
-0.000529317016
-0.0007325888369
-0.0009853766304
-0.0008207757274
-0.0004145161833
-7.160667534e-05
-1.04401403e-05
-0.0002327284187
-0.0004916602038
-0.001052532603
-0.0008724021345
-0.0004829574452
-0.0001589010144
-0.0001160153445
-0.0003519306436
-0.0005968609911
-0.0008621706435
-0.0007310846509
-0.0005184134992
-0.0004105272404
-0.0005432016345
-0.0008221227131
-0.0009404393195
-0.0005403238372
-0.0005095542346
-0.0005685653505
-0.0007805607598
-0.001124790313
-0.001355383465
-0.001171844493
-0.0002765579
-0.0003637464637
-0.0006815277653
-0.00115600581
-0.001565652227
-0.001535968367
-0.0009324104725
-0.0001975083954
-0.0003731436839
-0.0008279264525
-0.001345429643
-0.001546691704
-0.001087663745
-0.0001820851504
-0.0002911714962
-0.0004885974639
-0.0008962360991
-0.001196235551
-0.0009993914383
-0.0001987933524
0.0006490872814
-0.0004414245688
-0.0005981987343
-0.0008458781383
-0.0008621025536
-0.0004000250958
0.000390733011
0.0009664478492
-0.000484199489
-0.0005705422144
-0.0007996713425
-0.0008591278819
-0.0005353202097
0.0002505051222
0.001070475049
-0.0003684794828
-0.0005064899439
-0.0008625558847
-0.001114076754
-0.00101052815
-0.0003509789745
0.0005764120446
-0.0001917442928
-0.0003864199658
-0.0008865834808
-0.001405507633
-0.001652344638
-0.001295326022
-0.0004364281692
-3.532134517e-05
-0.0002392164991
-0.0007476902692
-0.001364446227
-0.001834555014
-0.001787137982
-0.001204696452
-3.920284516e-05
-0.0001798444654
-0.0005120798064
-0.0009851583081
-0.001469772496
-0.001661910535
-0.001436141087
-0.000265931789
-0.0002963169848
-0.0003406095262
-0.0005137659904
-0.0008409329107
-0.001130987066
-0.001186933283
-0.0006251020937
-0.0005380436868
-0.0003059704893
-0.0001673567858
-0.0002783494695
-0.0005518258708
-0.0007634615974
-0.0009212476134
-0.000747836482
-0.0003457563804
-2.895751713e-05
-3.573125305e-06
-0.0002433348826
-0.0005177470306
-0.0009893435288
-0.0007965608029
-0.000403493249
-8.95291163e-05
-8.474901315e-05
-0.0003544450462
-0.0006323233015
-0.0008049774791
-0.0006595413086
-0.0004345827263
-0.0003335495306
-0.0005095320248
-0.0008346947256
-0.000992720857
-0.0004942296564
-0.0004487479772
-0.0004970588839
-0.0007188494225
-0.001114878099
-0.001387218712
-0.00123137685
-0.0002402864615
-0.0003159800486
-0.0006325611401
-0.00111916209
-0.001579623996
-0.001575236369
-0.0009748446443
-0.0001670992565
-0.0003331326711
-0.0007920547312
-0.00130960989
-0.001548785307
-0.001103232151
-0.0001920942584
-0.000260873362
-0.0004457630351
-0.0008623381268
-0.001154900554
-0.0009916781754
-0.0002057569466
0.0006578409367
-0.0004095595433
-0.0005556338754
-0.0008208552538
-0.000836073401
-0.0004047979558
0.0003856186686
0.0009656565727
-0.0004610497724
-0.0005441951609
-0.0007362433069
-0.0008005965512
-0.0005140641326
0.0001619372073
0.0009294044689
-0.0003578853712
-0.0005001031272
-0.0008103743703
-0.001048183664
-0.0009440332673
-0.0003633857178
0.0005234779211
-0.0001992709831
-0.0004031237403
-0.0008619161403
-0.001336998508
-0.001553921177
-0.001223999651
-0.0004053230981
-5.687603157e-05
-0.000277078938
-0.0007572179032
-0.001322140857
-0.001726533338
-0.001659842951
-0.001104857012
-5.697742478e-05
-0.0002194487222
-0.0005483412698
-0.0009969813963
-0.00141638487
-0.001561046683
-0.001314743848
-0.0002558776541
-0.0003047691337
-0.0003763510262
-0.0005673488662
-0.000859208737
-0.001106018936
-0.001104662523
-0.0005726606633
-0.0004931785495
-0.0003094440445
-0.0002258033791
-0.0003473074257
-0.000603899021
-0.0007491573399
-0.0008310878659
-0.0006518478193
-0.0003106598634
-6.493279554e-05
-7.972448199e-05
-0.0003410238709
-0.0005701995583
-0.0008806587407
-0.0006715302744
-0.0003257518403
-9.50832543e-05
-0.0001573981743
-0.0004772272189
-0.0007108724029
-0.0007075645667
-0.000544998545
-0.0003527745976
-0.0003246067657
-0.0005660840493
-0.0009398849891
-0.001047072332
-0.0004323070408
-0.0003785976583
-0.0004434084122
-0.0007138766493
-0.001146107976
-0.001431217072
-0.00121645674
-0.0002203124013
-0.0003021782352
-0.0006202365895
-0.001117580789
-0.001566700212
-0.001536210092
-0.000902956953
-0.0001788094564
-0.000362043842
-0.0008023016122
-0.001294485409
-0.00148801374
-0.001021950573
-0.0001347518413
-0.0002842962153
-0.0004869837453
-0.0008588710357
-0.001109571817
-0.0008958533651
-0.0001680817162
0.0006055600066
-0.0004227394943
-0.0005741955038
-0.0007884575622
-0.0007787370304
-0.0003677482779
0.0002890707461
0.0007781767161
-0.0006062574728
-0.0005872494029
-0.0005556289856
-0.0005534795138
-0.0006099248582
-0.0007261301696
-0.0008384422679
-0.0006112248979
-0.0005928390466
-0.0005505126904
-0.0005232602186
-0.0005447857559
-0.000634266248
-0.0007536146582
-0.000631807004
-0.0006085770182
-0.0005457575911
-0.0004856930882
-0.0004765238074
-0.0005531726054
-0.0006724899845
-0.0006599702221
-0.0006327121758
-0.0005590973831
-0.0004839710132
-0.0004577105248
-0.0005201427793
-0.0006250955045
-0.0006829514196
-0.0006548243823
-0.0005873956948
-0.0005211174551
-0.0004965269866
-0.0005387250877
-0.0006069347634
-0.0006872131996
-0.0006622051685
-0.0006150917335
-0.0005756014581
-0.0005664872332
-0.0005916641873
-0.0006082911374
-0.0006673989068
-0.0006499622647
-0.0006301518061
-0.0006212634596
-0.0006306503871
-0.0006453613048
-0.0006180357223
-0.0006318196478
-0.0006244525571
-0.000628208764
-0.0006421934852
-0.0006632082403
-0.0006742120423
-0.0006293483739
-0.0005969607588
-0.0005965562272
-0.0006100218134
-0.0006318760896
-0.0006571084135
-0.0006759805145
-0.000658822967
-0.0005787154336
-0.0005789185524
-0.0005846551006
-0.0005971447113
-0.0006202566851
-0.0006606505248
-0.0007169214842
-0.000582507808
-0.0005783576011
-0.0005655336399
-0.0005569752742
-0.0005703385951
-0.0006309404389
-0.0007639914174
-0.0006028446975
-0.0005930436862
-0.0005632290388
-0.0005336370098
-0.0005287489078
-0.0005814329886
-0.0007255668072
-0.0006273130065
-0.0006136956393
-0.0005772359063
-0.0005349190939
-0.0005030541331
-0.0005037784962
-0.000565887844
-0.0006438795576
-0.0006286245603
-0.0005936490019
-0.0005426682114
-0.000474103837
-0.0003932488089
-0.0003423639202
-0.0006482277947
-0.0006324355728
-0.0005971295286
-0.0005322521209
-0.0004244493201
-0.0002810511449
-0.000181686623
-0.0006202615483
-0.0005972871569
-0.0005602390914
-0.0005510227791
-0.0005948316982
-0.0006889918217
-0.0007854883581
-0.000626865586
-0.0006030563377
-0.0005548694564
-0.0005210158918
-0.0005339700976
-0.0006103632458
-0.0007234192424
-0.0006484391268
-0.0006190157047
-0.000553268575
-0.0004911818242
-0.0004779344515
-0.0005447201802
-0.0006646351002
-0.0006764020649
-0.0006432438242
-0.0005690502483
-0.0004953304651
-0.000469374798
-0.0005265203198
-0.0006341695709
-0.000695480495
-0.0006631595629
-0.0005964200163
-0.0005324522216
-0.0005106920031
-0.0005549259414
-0.0006294277316
-0.0006938840575
-0.0006679827496
-0.000622325133
-0.0005839077619
-0.0005769610078
-0.000607618269
-0.000634193993
-0.0006694755892
-0.0006547345471
-0.0006363762396
-0.0006271973376
-0.0006366982181
-0.0006552338645
-0.0006367938969
-0.0006325895486
-0.0006290631435
-0.0006324311069
-0.0006444154311
-0.0006644686004
-0.0006782435417
-0.0006418909694
-0.0006002787524
-0.0006019215457
-0.0006114754855
-0.000627892287
-0.0006505442494
-0.0006734149374
-0.0006696154127
-0.0005862776133
-0.0005853929344
-0.0005842241017
-0.0005877350428
-0.0006052132013
-0.0006491798782
-0.0007221213806
-0.0005937168534
-0.0005859040447
-0.0005662764996
-0.0005487397543
-0.0005541708175
-0.0006125656739
-0.0007519904888
-0.000615791371
-0.0006019895037
-0.0005697049681
-0.0005364869891
-0.0005244459821
-0.0005640888433
-0.0006899273746
-0.0006398624878
-0.0006249308065
-0.0005933768712
-0.0005555734086
-0.0005184900469
-0.0004943886741
-0.0005155516296
-0.0006543964977
-0.0006428549693
-0.0006196965814
-0.0005779880559
-0.0005027858636
-0.0003906206554
-0.0002962760952
-0.000656414355
-0.000648983015
-0.0006282509275
-0.0005711619712
-0.0004524460524
-0.0002798695071
-0.0001500303973
-0.0006438488335
-0.0006218302777
-0.000585992722
-0.0005667331605
-0.0005819912208
-0.000627174332
-0.0006785343743
-0.0006497382496
-0.0006290656764
-0.00059000999
-0.0005580414512
-0.0005548722652
-0.0005902939829
-0.0006558223284
-0.0006657318554
-0.0006427005197
-0.0005942492267
-0.0005455386522
-0.0005270040388
-0.0005596427263
-0.0006392140079
-0.0006840435063
-0.0006579949558
-0.0006032069267
-0.0005469063155
-0.0005229764362
-0.0005572849513
-0.0006403331748
-0.0006960247052
-0.0006692585424
-0.000616722819
-0.0005654835665
-0.0005473633477
-0.000582564922
-0.0006515591448
-0.0006935101443
-0.0006712943578
-0.0006315245153
-0.0005968455272
-0.0005906735242
-0.0006216531461
-0.0006574449172
-0.0006742767238
-0.0006607481359
-0.000640200407
-0.0006266850444
-0.0006327848629
-0.0006545055526
-0.0006516433889
-0.0006464878458
-0.0006412000895
-0.0006362887274
-0.0006379548538
-0.0006506807104
-0.0006661263536
-0.0006464522482
-0.0006222970787
-0.0006205212801
-0.0006192332944
-0.0006220642227
-0.0006338165622
-0.0006545171275
-0.0006648826034
-0.0006111399675
-0.0006070738066
-0.0005970270711
-0.0005882183771
-0.0005933975705
-0.0006299597946
-0.0007075739105
-0.0006154695014
-0.0006060633549
-0.0005837464673
-0.0005608614916
-0.0005572684984
-0.0006031143337
-0.0007286352926
-0.000630491815
-0.0006177415921
-0.0005916889812
-0.0005641923777
-0.0005505895666
-0.0005738415594
-0.0006647841438
-0.0006466598774
-0.0006363034595
-0.0006200894238
-0.0005984877506
-0.000566209882
-0.0005225896877
-0.0004975155602
-0.0006558834471
-0.0006526446571
-0.0006507445106
-0.0006291197204
-0.0005577046402
-0.0004232670745
-0.0002880728551
-0.0006562387193
-0.0006609204829
-0.0006615841122
-0.0006194615819
-0.0004971384978
-0.0003033096994
-0.0001482402755
-0.0006675337266
-0.0006521352452
-0.0006281313156
-0.0006046212291
-0.0005859854691
-0.000572396346
-0.0005678353956
-0.0006681056794
-0.0006577350902
-0.0006428622877
-0.0006251077145
-0.0006063936173
-0.0005913063731
-0.0005918251569
-0.000672262791
-0.0006627658405
-0.0006489500387
-0.0006304093013
-0.0006126348652
-0.0006053334088
-0.0006243052828
-0.000677801942
-0.0006658494431
-0.0006460167994
-0.0006226903049
-0.0006078511199
-0.000616013497
-0.0006572981451
-0.0006832909477
-0.0006687213462
-0.0006420670069
-0.0006149271927
-0.0006056138168
-0.0006282087354
-0.0006789370553
-0.0006855153278
-0.0006709243275
-0.0006429820589
-0.0006180440675
-0.0006153623591
-0.0006434222219
-0.0006802790021
-0.0006814877945
-0.0006697066315
-0.0006469938983
-0.000629138381
-0.000631389748
-0.0006541724627
-0.0006636305013
-0.0006710316595
-0.0006630233574
-0.0006469218986
-0.0006347668828
-0.0006371585016
-0.000652387082
-0.0006486399084
-0.0006571551531
-0.0006510063598
-0.0006370014079
-0.0006239317215
-0.0006224591978
-0.0006392415876
-0.0006616609586
-0.0006455134033
-0.0006379919524
-0.0006206695214
-0.0006017197973
-0.000596337996
-0.000625369244
-0.0007027112647
-0.0006400881885
-0.0006301119226
-0.0006105156088
-0.000589341159
-0.0005833968398
-0.0006195764975
-0.0007261155165
-0.0006408533121
-0.0006317139558
-0.0006196970137
-0.0006077822531
-0.0006021094858
-0.0006146178162
-0.0006697824877
-0.0006438576895
-0.0006414792381
-0.0006483726075
-0.0006524145142
-0.0006339590272
-0.0005779646259
-0.0005120472461
-0.0006455056726
-0.0006535431976
-0.0006784005172
-0.0006836989719
-0.0006233276575
-0.0004749984427
-0.0003088927597
-0.000644447614
-0.000663283721
-0.0006885879459
-0.0006661788203
-0.0005470689874
-0.0003419081367
-0.000171944868
-0.0006791122402
-0.0006753365829
-0.0006728588432
-0.0006543003497
-0.0006043551378
-0.0005297692131
-0.0004679394602
-0.0006722327728
-0.0006763538849
-0.0006954451248
-0.0007026981466
-0.0006743350979
-0.0006082958431
-0.0005408914033
-0.0006606881552
-0.0006696585335
-0.0007013455796
-0.0007249618139
-0.0007159805043
-0.0006699205239
-0.0006226836818
-0.0006514276482
-0.0006592379795
-0.0006850642575
-0.0007064641816
-0.0007091039353
-0.0006929198034
-0.0006849438565
-0.0006540490876
-0.0006561939964
-0.0006631535987
-0.0006691472462
-0.0006754898338
-0.0006866681657
-0.0007115778839
-0.0006697084382
-0.0006652610991
-0.0006523510609
-0.0006413533012
-0.0006455602315
-0.0006701786832
-0.0007017104425
-0.0006891612778
-0.0006801721028
-0.0006550821418
-0.0006329036676
-0.0006313551811
-0.0006531899431
-0.000670111735
-0.0007002189504
-0.0006893430233
-0.0006606236547
-0.0006333242262
-0.000624425422
-0.0006375977747
-0.000646101269
-0.0006960958485
-0.0006847162459
-0.0006573520952
-0.0006285456271
-0.0006147633242
-0.000627837416
-0.0006593938955
-0.0006790608241
-0.0006677808884
-0.0006449271598
-0.0006193280459
-0.0006080498425
-0.000632940938
-0.0007082605245
-0.0006567413728
-0.0006474448563
-0.0006353039346
-0.0006229459251
-0.0006229266497
-0.0006555367927
-0.0007433542495
-0.0006374918048
-0.0006346027243
-0.0006433243226
-0.0006561267494
-0.0006678393034
-0.0006759279519
-0.0006971298849
-0.0006259689439
-0.0006346128728
-0.0006710428868
-0.0007088791786
-0.0007111967481
-0.0006461055482
-0.0005409214201
-0.0006230903732
-0.0006448771786
-0.000700449336
-0.0007368056253
-0.0006892272067
-0.0005260385051
-0.0003297802337
-0.0006246640826
-0.0006588374602
-0.0007099064431
-0.0007068971053
-0.0005883906867
-0.0003690088764
-0.0001853069569
-0.0006864701792
-0.0006964505698
-0.0007194518999
-0.0007098155097
-0.000631819309
-0.0004991780614
-0.0003827559043
-0.0006706823415
-0.0006911346878
-0.0007477854464
-0.0007842464563
-0.0007507288876
-0.0006375710665
-0.0005051089566
-0.0006413412008
-0.0006713115303
-0.0007525706644
-0.0008232612892
-0.0008287140933
-0.000748618794
-0.0006367483271
-0.0006174210178
-0.0006476650003
-0.0007231918842
-0.000794491273
-0.0008204970441
-0.0007845997568
-0.0007267666901
-0.0006211491638
-0.0006418727058
-0.000685220261
-0.0007283376347
-0.0007550969182
-0.0007580435209
-0.0007543641033
-0.0006562947701
-0.0006627347922
-0.0006655565491
-0.0006702742302
-0.0006838862368
-0.0007061239208
-0.0007282683519
-0.0007042314988
-0.0006976116372
-0.0006690185984
-0.0006422427837
-0.0006374365947
-0.0006579243753
-0.0006782972736
-0.0007384318872
-0.0007234475839
-0.0006802858979
-0.0006368191463
-0.0006166961394
-0.0006277113027
-0.0006455421985
-0.0007413263717
-0.0007234972692
-0.0006818023003
-0.0006374322005
-0.0006130631262
-0.0006244137358
-0.0006639316498
-0.0007132413311
-0.0006978138
-0.0006704862202
-0.0006412252289
-0.0006289986643
-0.0006546421133
-0.000728561522
-0.0006687696805
-0.0006609828081
-0.0006596709543
-0.0006621958228
-0.0006758653296
-0.0007112088221
-0.0007812636399
-0.0006277683391
-0.0006331330803
-0.0006676026569
-0.0007127019749
-0.0007493993293
-0.0007565855389
-0.0007417056609
-0.0006046945383
-0.0006270818809
-0.000698053664
-0.0007756167176
-0.0008015306779
-0.0007233929892
-0.0005711959605
-0.0006034972217
-0.0006414511594
-0.0007304849437
-0.0007984812079
-0.0007580660928
-0.0005677165074
-0.0003305402512
-0.0006133168237
-0.0006638284517
-0.000739879783
-0.0007502805072
-0.0006194367386
-0.0003704084006
-0.000164716807
-0.0006877453212
-0.0007118828053
-0.000759104784
-0.000756716403
-0.0006511240705
-0.0004638175679
-0.0002973857858
-0.000662015739
-0.0006994907266
-0.0007924254196
-0.000856877725
-0.0008191573634
-0.0006625291691
-0.0004700528699
-0.0006137683626
-0.0006655226918
-0.0007955361363
-0.0009129661286
-0.0009348694575
-0.0008250923101
-0.0006535470955
-0.00057584376
-0.0006288619708
-0.0007533265654
-0.0008747868365
-0.000927072975
-0.0008761708225
-0.0007721135127
-0.0005828238062
-0.0006219541195
-0.0007006124987
-0.0007810789251
-0.000831210339
-0.0008299495669
-0.0007991562763
-0.0006399364476
-0.0006565987818
-0.0006736514073
-0.0006938739238
-0.0007190465007
-0.0007415298219
-0.0007538202266
-0.0007179678754
-0.0007125696819
-0.0006785929183
-0.0006464433946
-0.0006396601384
-0.0006603463686
-0.0006829485901
-0.000774768749
-0.0007543608287
-0.0006948543437
-0.0006343594069
-0.0006042958401
-0.0006150500495
-0.0006417224844
-0.000781692363
-0.0007563710109
-0.0006990936474
-0.0006392943089
-0.0006071276085
-0.0006205636566
-0.0006693079469
-0.0007385359569
-0.0007185537802
-0.000686898233
-0.0006562604517
-0.0006484718975
-0.0006809487836
-0.0007560385867
-0.0006693204884
-0.0006635615015
-0.0006751191869
-0.0006973522783
-0.0007320791876
-0.0007763011809
-0.0008297241037
-0.0006075328971
-0.000622739661
-0.0006867110392
-0.0007703054989
-0.0008383071241
-0.0008461708875
-0.0007908611706
-0.0005776432711
-0.0006160757649
-0.0007256773867
-0.0008474642015
-0.0008976487816
-0.0007992246655
-0.0005888594159
-0.0005844888584
-0.0006404872638
-0.0007649657592
-0.0008635784132
-0.0008221279564
-0.0005891085224
-0.0002976169425
-0.000607282735
-0.0006743639089
-0.0007736178966
-0.0007897019746
-0.0006314314315
-0.0003353139366
-9.793780103e-05
-0.000695410185
-0.0007324687521
-0.0007994548351
-0.0008003013842
-0.0006660880802
-0.00042745672
-0.0002153632953
-0.0006600301197
-0.0007131338945
-0.0008378912592
-0.0009263904932
-0.0008831454073
-0.0006860526992
-0.0004384570045
-0.0005929985416
-0.0006648606266
-0.0008390842701
-0.0009993517646
-0.001036539865
-0.0009003792177
-0.0006745415829
-0.0005409910582
-0.0006148581985
-0.0007837332323
-0.0009518008514
-0.001029941806
-0.0009677147172
-0.0008221395398
-0.0005511632098
-0.0006066782399
-0.000716450984
-0.0008313340972
-0.0009050718318
-0.000903084197
-0.0008481125591
-0.0006302088129
-0.0006551195289
-0.000682764611
-0.0007161696768
-0.0007533194643
-0.0007786906225
-0.0007821694036
-0.0007378854044
-0.0007319450388
-0.000689512054
-0.0006501233996
-0.0006417532508
-0.0006645708151
-0.0006893744706
-0.0008159566192
-0.000788642651
-0.0007101529723
-0.0006311914334
-0.0005919420688
-0.0006046380665
-0.0006402413855
-0.0008248807982
-0.0007908570728
-0.0007158116735
-0.0006399274928
-0.0006019307055
-0.0006210252613
-0.0006799907735
-0.0007645996007
-0.0007391819635
-0.0007018177659
-0.0006705737835
-0.0006709891802
-0.0007152653572
-0.0007929133718
-0.0006698418643
-0.0006657800673
-0.0006901691382
-0.0007346598264
-0.0007953521872
-0.0008528847366
-0.0008894099048
-0.0005887476992
-0.0006141893003
-0.0007090645702
-0.0008346402309
-0.0009375785649
-0.0009465709727
-0.0008467099463
-0.0005557750702
-0.000611111127
-0.0007611249142
-0.000929191639
-0.001002743835
-0.0008782296769
-0.0006019748512
-0.0005747464747
-0.0006492681876
-0.0008093520238
-0.0009365323022
-0.0008872478085
-0.0006012918578
-0.0002477699327
-0.0006126969186
-0.0006957413573
-0.0008155588628
-0.0008310465808
-0.0006353136906
-0.0002822088195
-8.011394459e-06
-0.0006990463168
-0.0007466607807
-0.0008288688057
-0.0008297393376
-0.0006687301457
-0.0003852817062
-0.0001346411784
-0.0006548708476
-0.0007211590512
-0.0008729658348
-0.0009816177073
-0.0009332419465
-0.0007009593345
-0.0004059157281
-0.0005696506792
-0.0006588567204
-0.0008717567732
-0.001069929516
-0.001121744184
-0.0009639577827
-0.0006922280254
-0.0005033842519
-0.0005951248126
-0.0008026207565
-0.001012237996
-0.001115566136
-0.001046735234
-0.0008674233469
-0.0005159106288
-0.0005849366647
-0.0007206699431
-0.0008657492277
-0.0009630578483
-0.0009647839769
-0.0008917102672
-0.0006158689677
-0.0006465630844
-0.0006808364274
-0.0007245075537
-0.0007742719339
-0.0008063826908
-0.0008050362013
-0.0007521990164
-0.0007438059275
-0.0006900907947
-0.0006416509579
-0.0006327931712
-0.0006609611146
-0.0006903522365
-0.0008506968151
-0.0008150242109
-0.0007154018926
-0.000616823913
-0.000569903921
-0.0005876777809
-0.0006338542226
-0.000860780893
-0.0008168545004
-0.0007221076947
-0.0006293711405
-0.0005876342558
-0.0006160018341
-0.0006867685032
-0.0007827576477
-0.0007507986803
-0.0007059301373
-0.0006737260316
-0.0006850562754
-0.0007452106217
-0.0008271729583
-0.0006623188449
-0.0006590184891
-0.0006948105456
-0.0007616110795
-0.0008509980117
-0.0009253294164
-0.0009467680418
-0.0005626561915
-0.0005976882551
-0.0007225177771
-0.0008900583471
-0.001029415112
-0.00104128235
-0.0008989318219
-0.0005279418406
-0.0005997210387
-0.0007892216296
-0.001002467507
-0.001098792608
-0.0009485349248
-0.0006098770451
-0.0005600526474
-0.0006523470282
-0.0008463554651
-0.00099961728
-0.0009410414385
-0.0006036398985
-0.0001932318605
-0.0006131192373
-0.0007106912534
-0.0008484280555
-0.0008606977289
-0.0006277562926
-0.0002214576988
8.481385679e-05
-0.0007057176798
-0.0007611131929
-0.0008539137858
-0.0008526254178
-0.0006677296045
-0.000346787416
-6.375151361e-05
-0.0006537173698
-0.0007303569745
-0.0009039038507
-0.001029052402
-0.0009760722556
-0.0007142092215
-0.0003785550511
-0.0005511261645
-0.0006544862155
-0.0008995152232
-0.001130160543
-0.001195207624
-0.001020377535
-0.000709731195
-0.0004706318534
-0.0005767764702
-0.0008158250667
-0.001060959278
-0.00118743492
-0.001115750663
-0.0009088492189
-0.0004848352647
-0.0005639918109
-0.0007192156638
-0.0008891810338
-0.001008238193
-0.001016777665
-0.0009300453717
-0.0006046475786
-0.0006382261871
-0.0006739367864
-0.000723864222
-0.0007849770228
-0.0008261194112
-0.0008226172864
-0.0007689120219
-0.0007557988587
-0.0006868463874
-0.0006265364269
-0.0006163132522
-0.0006514706793
-0.0006864640991
-0.0008875647901
-0.0008417650998
-0.000717688832
-0.0005971848675
-0.000541797606
-0.0005656234063
-0.0006221697319
-0.0008990489158
-0.0008436192617
-0.0007257548331
-0.0006136870945
-0.000567159364
-0.0006054254432
-0.0006871867055
-0.0008035518672
-0.0007633571233
-0.0007069899149
-0.0006706145359
-0.0006912681701
-0.0007676316369
-0.0008535488827
-0.0006576576943
-0.000653226969
-0.0006957440429
-0.0007807026739
-0.0008963490306
-0.000987969108
-0.0009959049286
-0.0005393269452
-0.0005818802205
-0.0007314505493
-0.0009358496909
-0.001108573247
-0.001124917528
-0.0009456500041
-0.0005024033118
-0.0005883823935
-0.0008119197388
-0.001065010326
-0.001181932484
-0.001010951425
-0.0006200841317
-0.0005465711837
-0.0006542542174
-0.0008770661111
-0.001052646434
-0.0009864687204
-0.0006074961307
-0.0001520910213
-0.0006133430486
-0.0007229641835
-0.0008746507506
-0.0008835727245
-0.0006205454069
-0.0001734619771
0.0001565262523
-0.0007030971214
-0.0007640913641
-0.0008653452567
-0.0008617251368
-0.0006566872004
-0.0003044915926
4.473427918e-06
-0.0006449639009
-0.0007296225087
-0.0009218702029
-0.001061610906
-0.001006077323
-0.0007198987857
-0.0003505696732
-0.0005263118151
-0.0006412634127
-0.0009144472905
-0.001174174537
-0.001253284289
-0.001065924249
-0.0007234947906
-0.0004318238107
-0.0005497087041
-0.0008161102936
-0.00109314468
-0.001243295855
-0.001173129118
-0.0009451025274
-0.0004467436465
-0.0005335030514
-0.0007045527377
-0.0008965684176
-0.001038412278
-0.0010579036
-0.0009630458522
-0.0005850033759
-0.0006193234048
-0.0006538444408
-0.0007083823357
-0.000782516927
-0.0008366093836
-0.0008351456225
-0.0007760821511
-0.0007566251123
-0.0006707464079
-0.0005977217564
-0.0005881102168
-0.0006334196925
-0.000677044104
-0.0009148723875
-0.0008576360219
-0.0007077317567
-0.0005645566206
-0.0005023218878
-0.0005346247608
-0.0006035613104
-0.0009285403097
-0.0008602776301
-0.0007174008405
-0.0005844055662
-0.000533751663
-0.0005835008698
-0.0006779934046
-0.0008168137373
-0.0007666512246
-0.0006957031774
-0.0006520270602
-0.000681273657
-0.0007752330474
-0.0008679814868
-0.0006462277967
-0.0006383806693
-0.0006831143388
-0.0007812255701
-0.000921147962
-0.001032020397
-0.001032656903
-0.0005091951568
-0.0005564128773
-0.0007250946658
-0.0009600742997
-0.001164067114
-0.001189384139
-0.0009841551174
-0.0004689672397
-0.0005659095178
-0.0008175119845
-0.001104585857
-0.001242451924
-0.001059674545
-0.0006318421378
-0.0005233072816
-0.0006431820722
-0.0008899145538
-0.001085134781
-0.001016819334
-0.0006099872489
-0.0001245798191
-0.0006019660924
-0.0007205758463
-0.0008835569266
-0.0008913357747
-0.0006087311436
-0.0001353467464
0.0002079444353
-0.0006972668629
-0.0007644397541
-0.0008715672954
-0.0008635602149
-0.0006353127182
-0.0002480830136
9.168028988e-05
-0.0006355046066
-0.0007279269481
-0.0009356913665
-0.001087667475
-0.001026953485
-0.0007132535229
-0.0003059077646
-0.0005028261918
-0.0006282717855
-0.0009262568389
-0.001213099329
-0.00130442038
-0.001102397392
-0.0007239614251
-0.0003946240045
-0.0005224509617
-0.0008129553863
-0.001120256068
-0.001293261953
-0.001223318702
-0.0009709074536
-0.0004090288955
-0.0005010882142
-0.0006849915618
-0.0008976168807
-0.001061855143
-0.001092026972
-0.0009865880682
-0.0005639108092
-0.0005963743592
-0.0006269048999
-0.0006845030156
-0.0007712016244
-0.0008382435765
-0.0008371777987
-0.0007807900205
-0.0007522800752
-0.0006465758736
-0.0005589834263
-0.0005488713978
-0.0006043588343
-0.000654838919
-0.0009399615201
-0.000868397459
-0.0006893071056
-0.0005207189758
-0.0004495944776
-0.0004896490472
-0.0005693245583
-0.0009572770595
-0.0008730375818
-0.0007008670557
-0.0005430202063
-0.0004850246699
-0.0005453210021
-0.0006516655606
-0.0008310012583
-0.0007673220316
-0.0006762799147
-0.0006199188971
-0.000653832115
-0.0007646233558
-0.0008653067209
-0.0006367766006
-0.0006217458858
-0.000661971879
-0.0007669657501
-0.0009273368249
-0.001058270604
-0.001054519525
-0.0004806448775
-0.0005289240705
-0.0007094219456
-0.0009688313431
-0.001201663225
-0.001238766562
-0.001011535419
-0.0004356217215
-0.0005405333853
-0.0008135093469
-0.00113007411
-0.001288685572
-0.001098666814
-0.0006361632245
-0.000497982803
-0.0006281549672
-0.0008938302671
-0.001106821884
-0.001038429331
-0.0006073683509
-9.124560261e-05
-0.0005864171458
-0.0007133416364
-0.0008846021546
-0.0008916983627
-0.0005919305712
-9.35664628e-05
0.0002658153246
-0.0006840628149
-0.0007597743023
-0.0008766153884
-0.0008622406895
-0.0006061373876
-0.0001753995299
0.0002019537378
-0.0006207412176
-0.0007236951665
-0.0009503769418
-0.001114082216
-0.001046076866
-0.0006990222676
-0.0002462094965
-0.0004757420939
-0.0006146231964
-0.0009412163206
-0.001256662638
-0.001361241846
-0.001141259059
-0.0007204357069
-0.0003539912869
-0.0004943988113
-0.0008124414566
-0.001153095506
-0.001352138765
-0.001282452273
-0.001001281518
-0.0003663949166
-0.0004659110506
-0.0006648347138
-0.0009015139739
-0.001092721233
-0.001135888376
-0.001018595231
-0.0005364166703
-0.0005687354505
-0.0005959100309
-0.0006593513127
-0.0007631665185
-0.0008469022162
-0.0008467749457
-0.0007787759126
-0.0007421231921
-0.0006159527818
-0.0005150842115
-0.000508146476
-0.0005772955456
-0.0006370908097
-0.0009593263191
-0.000874025214
-0.0006637926876
-0.0004696542244
-0.0003918830992
-0.0004432781779
-0.0005373473091
-0.000982182629
-0.0008823066048
-0.0006778132331
-0.0004934907979
-0.0004295718751
-0.0005041228121
-0.0006277540295
-0.0008428896677
-0.0007664458182
-0.0006515753602
-0.0005802747256
-0.0006201380817
-0.0007530591612
-0.000867995787
-0.0006257801176
-0.0006042631971
-0.0006368017551
-0.0007465207507
-0.0009296655496
-0.001087004297
-0.001084858011
-0.0004504259887
-0.0005002961573
-0.0006910173273
-0.0009739057873
-0.00123922206
-0.00129416865
-0.001046511152
-0.0003992398049
-0.0005127378161
-0.0008076179917
-0.001154153977
-0.001337703435
-0.001142546396
-0.0006411716778
-0.000467489711
-0.0006090271524
-0.0008961027818
-0.001127924648
-0.001061041708
-0.0006022764915
-4.737978956e-05
-0.0005637058711
-0.0007001626611
-0.0008834525265
-0.0008894340158
-0.0005700950562
-3.936382763e-05
0.0003424749201
-0.000654760705
-0.0007451914482
-0.0008764684484
-0.0008577503361
-0.0005655392978
-7.439373735e-05
0.0003575011975
-0.0005907047948
-0.0007103035263
-0.0009612533011
-0.001140557208
-0.001061739854
-0.0006683497187
-0.0001541979415
-0.0004348969405
-0.0005926172667
-0.0009533431567
-0.001303330046
-0.001421637193
-0.00117551916
-0.0006980804113
-0.0003019607819
-0.0004581568581
-0.0008084681577
-0.001187717264
-0.001415758716
-0.00134189265
-0.001022103138
-0.0003130054069
-0.0004222118408
-0.0006394077665
-0.0009028821379
-0.001123601682
-0.001178191114
-0.001042741295
-0.0004979166057
-0.0005319739769
-0.0005575775599
-0.0006261777508
-0.0007480918706
-0.0008471902106
-0.0008453269529
-0.0007668142195
-0.0007242276867
-0.00057718247
-0.0004595584693
-0.0004540323446
-0.0005353104488
-0.0006030962703
-0.0009701515074
-0.0008738439872
-0.0006306855989
-0.0004048602306
-0.0003166103032
-0.0003768838893
-0.0004864214022
-0.001001344716
-0.0008885328488
-0.0006489282237
-0.0004305696592
-0.0003558115844
-0.0004435695129
-0.0005878596695
-0.0008499889928
-0.0007637817636
-0.0006226319529
-0.0005289724811
-0.0005715271277
-0.0007277194722
-0.0008624290286
-0.0006098148046
-0.0005856116126
-0.0006083973166
-0.0007186750007
-0.0009248238966
-0.001112506426
-0.001113935025
-0.0004143880402
-0.000468949159
-0.0006696858614
-0.000976853669
-0.001279165979
-0.001354364154
-0.001079224232
-0.0003547926318
-0.0004796420285
-0.0007989461304
-0.00118109383
-0.001394369081
-0.001189129814
-0.0006284137419
-0.000425507558
-0.0005817887458
-0.0008952555715
-0.00115248838
-0.001086328239
-0.000582725722
3.78084313e-05
-0.0005261779253
-0.0006771353741
-0.0008779737967
-0.0008863766315
-0.0005372711434
5.007416404e-05
0.0004771348114
-0.0006123648843
-0.0007268814382
-0.0008808884807
-0.0008644846462
-0.000539266546
1.286596934e-05
0.0005049002976
-0.0005450557129
-0.0006923285845
-0.000975212219
-0.001177150611
-0.001092270826
-0.0006555432355
-7.367688491e-05
-0.0003828993256
-0.0005669797914
-0.0009676898013
-0.001359081595
-0.001498428604
-0.001231859873
-0.0006937866668
-0.000244803851
-0.0004206485021
-0.00080642927
-0.001230929716
-0.001495827445
-0.001426004014
-0.001065577359
-0.0002551794674
-0.0003791560233
-0.0006164190897
-0.0009126148564
-0.001170324216
-0.001244745976
-0.001092210948
-0.0004502484367
-0.0004978657484
-0.0005228630469
-0.0006019389483
-0.0007467229945
-0.0008691811028
-0.000867983962
-0.0007427227379
-0.0007107731833
-0.0005437537672
-0.0004124038789
-0.0004103459765
-0.0005102801838
-0.0005909663492
-0.00096767075
-0.0008814034764
-0.0006050119739
-0.0003481723947
-0.0002490341672
-0.0003247290436
-0.0004562243672
-0.001008870345
-0.0009053297852
-0.000628779539
-0.0003748929714
-0.0002882534391
-0.0003966303768
-0.0005706704212
-0.0008482100769
-0.0007738350097
-0.0006030196113
-0.0004854626417
-0.0005314211519
-0.0007216532636
-0.0008847525156
-0.0005936545978
-0.0005786453717
-0.0005891634771
-0.0006999693006
-0.0009347376847
-0.001165948251
-0.001175698068
-0.0003809273554
-0.0004459515087
-0.0006566535626
-0.0009924658217
-0.001341727992
-0.001449642713
-0.001141032199
-0.0003082891657
-0.0004495047168
-0.0007974342027
-0.001223914181
-0.001478381162
-0.00126784767
-0.0006307917948
-0.0003745708904
-0.0005526686618
-0.0009006552324
-0.00119378331
-0.001134444042
-0.0005801490871
0.000128867725
-0.0004764813613
-0.0006505619716
-0.0008793001047
-0.0008981405705
-0.0005173506766
0.000140478542
0.0006308540902
-0.0005516816572
-0.0006606503274
-0.0008473730291
-0.0008513499545
-0.0005113089066
0.0001020453881
0.0006589720351
-0.0004869692858
-0.0006243890321
-0.0009439638922
-0.001181346959
-0.001109505034
-0.0006351592397
1.044743649e-05
-0.0003253596361
-0.0004989908107
-0.0009343598558
-0.001373129596
-0.001550704719
-0.001273520869
-0.0006840058778
-0.0001823140627
-0.0003518330729
-0.0007648205217
-0.001234395159
-0.001548960782
-0.001492214566
-0.001102930573
-0.0001962585911
-0.0003131224212
-0.0005673454217
-0.0008932194469
-0.001194676356
-0.00129305137
-0.00113347944
-0.00040898515
-0.0004440191148
-0.000471428611
-0.0005580636894
-0.0007286956537
-0.0008732442935
-0.0008802647451
-0.0007249794617
-0.0006789166388
-0.000498730112
-0.000351224398
-0.000352945308
-0.0004662852162
-0.0005644956227
-0.0009751927303
-0.0008707984845
-0.0005688631216
-0.0002768929261
-0.000165583418
-0.0002496643504
-0.0004087386279
-0.001028486653
-0.0009029453001
-0.0005958560015
-0.0003006640809
-0.0002001162594
-0.0003253225321
-0.0005385952222
-0.0008673675826
-0.0007622412196
-0.0005658070488
-0.0004172720888
-0.0004673993792
-0.0006944010117
-0.0009012582491
-0.0005910538328
-0.0005475493192
-0.0005459714011
-0.0006521192141
-0.0009230291518
-0.001208883326
-0.001242512058
-0.0003509176082
-0.0003946504127
-0.000611220773
-0.000976430149
-0.001390610716
-0.001547633474
-0.001212025272
-0.0002576253381
-0.0003841185772
-0.0007574760112
-0.001238286267
-0.001559708484
-0.00135499988
-0.0006281402538
-0.0003103189447
-0.0004799632243
-0.0008673887188
-0.001215686199
-0.001188007793
-0.0005762743573
0.00025135057
-0.000405807145
-0.0005785215463
-0.0008481262372
-0.0009002390662
-0.0004998827449
0.0002534462924
0.0008383826282
-0.0005153149378
-0.0006379222319
-0.0008434397858
-0.0008647885147
-0.0005182513801
0.0001206837963
0.0007212702112
-0.0004477906685
-0.0005993895866
-0.0009357943955
-0.001197341918
-0.001135500188
-0.0006536313294
3.516777355e-05
-0.0002804002051
-0.0004689979907
-0.0009206078741
-0.001390360087
-0.001593299433
-0.001327681818
-0.0007034912578
-0.0001337847678
-0.0003140435489
-0.0007404402185
-0.001242367535
-0.001591077467
-0.001559190341
-0.001150375208
-0.0001538905324
-0.0002746732565
-0.0005352963122
-0.0008872930338
-0.001220706048
-0.001349468569
-0.001182871838
-0.0003846542109
-0.0004166745334
-0.0004393950559
-0.0005384396654
-0.0007295340768
-0.0009000832979
-0.0009091013998
-0.0007254989241
-0.0006679088926
-0.0004711185635
-0.0003187016855
-0.0003237176116
-0.0004570589114
-0.0005657753505
-0.0009985152531
-0.0008738500671
-0.0005417023113
-0.0002299908221
-0.0001108224062
-0.0002149459094
-0.0003972260893
-0.00105980053
-0.0009127186359
-0.0005675306779
-0.00024268691
-0.0001332698171
-0.0002917767108
-0.0005432947602
-0.0008902630145
-0.00076561531
-0.0005292127228
-0.0003572870896
-0.0004180430999
-0.0007019992447
-0.0009523939943
-0.000591059127
-0.0005330579486
-0.0005030078688
-0.0006099523789
-0.0009233636334
-0.001286041042
-0.001341098045
-0.0003239294008
-0.0003627126189
-0.0005731760673
-0.0009721586274
-0.001456044025
-0.00168125284
-0.00131390462
-0.000211343063
-0.0003436493458
-0.000736551906
-0.001275624444
-0.001665549214
-0.001484258892
-0.0006642590411
-0.0002572050679
-0.000441637021
-0.0008646257584
-0.001271153636
-0.001275456876
-0.0006235876953
0.0003204373939
-0.0003523947465
-0.0005482027622
-0.0008576206028
-0.0009464958928
-0.0005285614397
0.0003024141466
0.0009774224404
-0.0004736390443
-0.0005836496175
-0.0008047377946
-0.0008245189288
-0.0005114643953
0.0001146393488
0.0007079902089
-0.0003965573129
-0.0005317542182
-0.0008715540325
-0.001118375565
-0.001089843577
-0.000642036073
2.0464621e-05
-0.0002358122285
-0.0004133932489
-0.0008601106712
-0.00131180904
-0.00154115617
-0.001303422303
-0.0007204226263
-9.762063975e-05
-0.0002730237116
-0.0006976191858
-0.001192287944
-0.00156254443
-0.001544846994
-0.001165869043
-0.000121926963
-0.0002397446453
-0.0005038862508
-0.0008572028221
-0.001204580728
-0.001335050851
-0.001189541675
-0.0003529032355
-0.0003825912585
-0.0004125383911
-0.0005180968997
-0.0007163200537
-0.000880820835
-0.0009007833984
-0.0006938358132
-0.0006317302334
-0.0004402587132
-0.0002896758808
-0.0003003991273
-0.0004252703329
-0.000542337061
-0.0009659107105
-0.0008322827379
-0.0004897247566
-0.0001819669572
-7.145074873e-05
-0.0001743756683
-0.000373004962
-0.001025526689
-0.0008667577252
-0.0005077285981
-0.0001709278357
-7.567447973e-05
-0.0002563000108
-0.0005495211901
-0.0008503975681
-0.0007112259794
-0.0004551973039
-0.0002755191741
-0.0003680684211
-0.0007027484181
-0.001011593262
-0.000544833472
-0.0004696366786
-0.0004254831593
-0.0005406556287
-0.0009149732937
-0.001344044022
-0.001447435247
-0.0002696261608
-0.0002936825188
-0.0005067452675
-0.0009339694462
-0.001498420254
-0.001781584203
-0.001423322763
-0.0001523154999
-0.0002749897914
-0.0006847947587
-0.001252815142
-0.001714063366
-0.001562582233
-0.0007171685555
-0.0002010256895
-0.000378486965
-0.00082801984
-0.001252759143
-0.001305545047
-0.000654012397
0.0003437664617
-0.000305075705
-0.0005031760644
-0.0008508632862
-0.0009535062741
-0.000554622631
0.0003191672938
0.001041163244
-0.0004681518808
-0.0005769445255
-0.000751612608
-0.0007663002241
-0.000487234118
1.697509863e-05
0.0005260532796
-0.0003905863576
-0.0005285286195
-0.0008161282629
-0.001042936913
-0.001007624616
-0.0006448674725
-6.975656894e-05
-0.0002414719809
-0.0004240848199
-0.000824163817
-0.001232355645
-0.001437472527
-0.001237416303
-0.0007118668104
-0.0001160445959
-0.000302308527
-0.0006941975122
-0.001140050141
-0.001459311516
-0.001440293613
-0.001086425921
-0.0001387158676
-0.0002725973708
-0.0005277974304
-0.0008546875476
-0.001149148853
-0.001253029826
-0.00108486941
-0.0003482974171
-0.0003912273642
-0.0004385679259
-0.0005502857806
-0.0007135187932
-0.0008485014656
-0.0008185238036
-0.0006581925467
-0.0005989615502
-0.000439309453
-0.0003220902766
-0.0003288683203
-0.0004390855527
-0.0005062836514
-0.0009031777483
-0.000759938542
-0.0004586091617
-0.0001931690216
-9.672285969e-05
-0.0002183923356
-0.0003958990883
-0.0009455355118
-0.0007665430289
-0.0004334693923
-0.0001504657775
-0.0001021991621
-0.00033831756
-0.0006175480328
-0.0007698693626
-0.0006084186223
-0.0003713431324
-0.0002486836898
-0.0004046618962
-0.0008108140687
-0.001094539906
-0.0004796462712
-0.000389941346
-0.0003612116498
-0.0005333563224
-0.0009685274757
-0.001444356614
-0.001490490309
-0.0002275354023
-0.0002537164168
-0.0004809337585
-0.0009513883103
-0.001546269413
-0.001823863777
-0.001396866951
-0.0001350253786
-0.0002768501689
-0.0006915667484
-0.00127392355
-0.001720821038
-0.001531243237
-0.0006535303822
-0.000204459589
-0.0004089753302
-0.0008382231837
-0.001242849406
-0.001233839874
-0.0005933720865
0.00034283144
-0.0003233541863
-0.0005458029896
-0.0008499295148
-0.0009138264666
-0.000500882304
0.0002700805124
0.0008915637875
-0.0006041046294
-0.0006012060808
-0.0005942481576
-0.0005783195673
-0.0005470385806
-0.0005023717554
-0.0004646888731
-0.0006116079567
-0.0006083223233
-0.0005956574782
-0.000572734566
-0.0005377993854
-0.0005003818627
-0.0004894153801
-0.0006214245914
-0.0006152640661
-0.000591964938
-0.0005574828638
-0.0005211168932
-0.0005061196536
-0.0005639311796
-0.0006271238397
-0.0006155920865
-0.0005801041631
-0.000535892191
-0.0005062844392
-0.0005323618316
-0.0006782186218
-0.0006302189437
-0.0006136773589
-0.0005713419921
-0.0005273294296
-0.0005143838763
-0.0005788086933
-0.0007539950143
-0.0006321256758
-0.0006143861616
-0.0005761233776
-0.0005439766525
-0.0005482461853
-0.0006177271504
-0.0007270380559
-0.0006306920801
-0.0006161052505
-0.000591323136
-0.0005763920277
-0.0005884223425
-0.0006290031335
-0.0006392463304
-0.0006224563576
-0.0006132298227
-0.0006037825377
-0.0006033243722
-0.0006159142459
-0.0006273461155
-0.0005889266086
-0.0006065645091
-0.0006017492665
-0.0006018651773
-0.0006089036244
-0.0006240790062
-0.0006352188093
-0.0006165681256
-0.0005906769491
-0.000588119714
-0.0005894053339
-0.0005966045996
-0.0006180816312
-0.000652655237
-0.0006816579979
-0.0005851407318
-0.0005830542193
-0.0005796213444
-0.0005824436458
-0.0006070511137
-0.0006627998414
-0.0007254994546
-0.0005955810916
-0.0005924366587
-0.0005833324743
-0.0005798820863
-0.0005951273039
-0.0006455739914
-0.000715360695
-0.0006170042449
-0.0006123520172
-0.0006000592297
-0.0005890293199
-0.0005801897519
-0.0005876663395
-0.0006217984713
-0.0006364133777
-0.0006303673998
-0.000616172431
-0.0005962825447
-0.0005596226518
-0.0005042085443
-0.0004826095799
-0.0006416495986
-0.0006364578424
-0.0006230803076
-0.0005927101334
-0.0005278429324
-0.0004394930466
-0.0004044745537
-0.0006110115453
-0.0006112955213
-0.0006095373387
-0.0005933341781
-0.0005495274074
-0.0004787351382
-0.0004127963536
-0.0006206817656
-0.000619909478
-0.0006115448418
-0.0005879761264
-0.0005427506806
-0.0004838661646
-0.0004498782257
-0.0006305848854
-0.0006253986541
-0.0006053180506
-0.0005704579785
-0.0005263456284
-0.0004969563765
-0.0005456073185
-0.000636393473
-0.0006237851874
-0.0005891344572
-0.0005438045731
-0.0005094010296
-0.0005296536811
-0.0006784792089
-0.0006390664957
-0.0006201444075
-0.0005766412056
-0.0005305020184
-0.0005150415353
-0.0005788427378
-0.0007597941106
-0.000640744249
-0.0006209187059
-0.0005806503979
-0.0005453782104
-0.0005475929901
-0.0006178144964
-0.0007326305862
-0.0006392393479
-0.0006241545769
-0.0005972288823
-0.0005782898007
-0.000588147105
-0.0006318063864
-0.0006509796655
-0.0006304071728
-0.0006220564234
-0.000610056869
-0.0006048106821
-0.0006155611922
-0.0006346992773
-0.0006107072238
-0.0006138761949
-0.0006101966868
-0.0006068813918
-0.0006084972432
-0.0006215654841
-0.0006425493674
-0.0006423366874
-0.0005976902533
-0.0005952298663
-0.0005923210309
-0.0005941468796
-0.0006118361219
-0.0006519554645
-0.0007005142659
-0.0005927607856
-0.0005889814587
-0.0005814606969
-0.0005798929526
-0.0005985091439
-0.0006494198731
-0.000725296711
-0.0006041862797
-0.000598136234
-0.0005860321567
-0.0005801037992
-0.0005895714152
-0.0006244626782
-0.0006891200849
-0.0006259326032
-0.0006184772379
-0.000604416414
-0.0005921216311
-0.0005799523457
-0.0005733221335
-0.000597434942
-0.0006434682926
-0.0006363988136
-0.0006218565892
-0.000599696876
-0.000561129586
-0.0005080722412
-0.0004873463708
-0.0006452184018
-0.0006421847632
-0.0006305010503
-0.0006002176599
-0.0005404897894
-0.000457124391
-0.0004072563415
-0.0006214280388
-0.0006265026372
-0.0006337867439
-0.0006194348265
-0.0005610134205
-0.0004597230677
-0.0003621151019
-0.0006313968378
-0.0006361213835
-0.0006391970955
-0.0006218539761
-0.0005675992006
-0.0004810303181
-0.0004089162119
-0.0006405068119
-0.0006416831529
-0.0006357458632
-0.0006116236642
-0.000563098317
-0.0005076690602
-0.0005139602263
-0.0006446765303
-0.0006379584816
-0.0006166635609
-0.0005819644609
-0.0005447033474
-0.0005423083583
-0.0006545341609
-0.000646131309
-0.0006313213568
-0.0005965071555
-0.0005560936357
-0.0005366978784
-0.0005847288802
-0.0007486466714
-0.0006486134219
-0.0006308473473
-0.0005928568917
-0.0005565043618
-0.0005531807784
-0.0006173606357
-0.000740303086
-0.0006507284945
-0.0006357513283
-0.0006053048432
-0.0005797326052
-0.0005832828552
-0.000629078965
-0.0006719323723
-0.0006473153322
-0.0006375478265
-0.0006184532174
-0.0006036245001
-0.0006072961847
-0.0006298701865
-0.0006282797692
-0.00063520578
-0.0006293900291
-0.0006183292526
-0.0006101770786
-0.0006148104652
-0.0006332776686
-0.0006425476422
-0.0006200146775
-0.000615358087
-0.0006063621394
-0.0006004492331
-0.0006090371468
-0.0006391614296
-0.0006831069953
-0.0006124054998
-0.000606829622
-0.0005958289282
-0.0005889411532
-0.0005991525097
-0.0006364453872
-0.0007006510234
-0.0006188966448
-0.0006122105918
-0.000599255943
-0.0005896444764
-0.0005925349715
-0.0006152413338
-0.0006661110833
-0.0006346770387
-0.0006283319429
-0.0006162583089
-0.0006024518679
-0.0005874184697
-0.0005750376705
-0.0005874218704
-0.0006469574233
-0.0006429353581
-0.0006338119964
-0.0006135940516
-0.0005759571559
-0.0005277267303
-0.0005066543988
-0.0006441058417
-0.0006470572575
-0.0006449924065
-0.0006218915884
-0.0005697648779
-0.0005013237961
-0.0004572604359
-0.0006310275965
-0.0006426198569
-0.0006635456766
-0.0006561408679
-0.0005866543296
-0.0004564590582
-0.0003271093924
-0.0006391561443
-0.0006516525745
-0.0006735400092
-0.0006710864242
-0.0006140715231
-0.0005012853689
-0.0003864330341
-0.000644831458
-0.0006557239095
-0.0006744748696
-0.0006734027849
-0.0006291850579
-0.0005482621381
-0.0005018142925
-0.0006451341607
-0.0006486619843
-0.0006525212765
-0.0006417059729
-0.0006103542137
-0.0005840494072
-0.0006461362965
-0.0006455122656
-0.0006393472197
-0.0006232884197
-0.000599342877
-0.00058226301
-0.0006113646929
-0.0007452890778
-0.0006523810317
-0.0006397913113
-0.0006098639329
-0.0005783752219
-0.0005721888815
-0.0006259693521
-0.000746286761
-0.0006643712024
-0.000650523159
-0.0006177417411
-0.0005866101926
-0.0005834279238
-0.0006264818056
-0.0006837740763
-0.0006721161623
-0.0006604496035
-0.0006329599797
-0.0006070298419
-0.0006019057552
-0.000623844978
-0.0006367652081
-0.0006671919665
-0.0006583357697
-0.0006387077554
-0.0006195950309
-0.0006147038205
-0.0006289871232
-0.0006422002169
-0.0006520521609
-0.0006452637602
-0.0006323801221
-0.0006200994867
-0.0006199869687
-0.0006406042099
-0.0006757453722
-0.0006376471591
-0.0006322861896
-0.0006241666063
-0.000617436976
-0.0006214778266
-0.0006458375775
-0.0006914809528
-0.000634028224
-0.0006301460099
-0.0006257424619
-0.000621795624
-0.0006216195931
-0.0006315337736
-0.0006610205416
-0.000641015377
-0.0006392221943
-0.0006386113864
-0.0006334343233
-0.000617378016
-0.0005945609396
-0.0005900898947
-0.0006490402714
-0.0006505250846
-0.0006535395186
-0.0006429000301
-0.0006047926915
-0.0005473889827
-0.0005150989831
-0.0006464110868
-0.0006561900822
-0.0006660729039
-0.0006522173435
-0.0006000293055
-0.0005255976419
-0.0004784146193
-0.0006347630247
-0.0006544227517
-0.0006923628682
-0.0006952166495
-0.0006161163255
-0.0004566091692
-0.0002954608419
-0.000638307582
-0.0006605408524
-0.0007065942001
-0.0007253372216
-0.0006701504826
-0.0005323293765
-0.0003744287075
-0.0006357292695
-0.0006596390755
-0.0007113372899
-0.0007432192324
-0.0007114116843
-0.0006082218582
-0.0005084334089
-0.00062928697
-0.0006474333837
-0.0006859000835
-0.0007102526591
-0.0006945391582
-0.0006487465086
-0.0006587134912
-0.0006298976327
-0.0006365640425
-0.0006470159658
-0.0006489134543
-0.0006426331994
-0.0006564148411
-0.0007552783115
-0.0006466746261
-0.0006421057236
-0.0006241754668
-0.0006025230849
-0.0005982824944
-0.000642765204
-0.0007525615352
-0.0006752161196
-0.0006635933131
-0.0006285932455
-0.0005924509268
-0.0005834030107
-0.0006225684878
-0.0006867695687
-0.0006985076999
-0.0006845947823
-0.0006470205293
-0.0006086150687
-0.000593951408
-0.0006141327444
-0.0006378530556
-0.0007008453536
-0.0006883030388
-0.000659626294
-0.0006299681901
-0.0006167383376
-0.0006281493228
-0.000646133355
-0.0006817761454
-0.0006733023471
-0.0006598794726
-0.0006465790965
-0.0006434552451
-0.0006583774268
-0.0006870735748
-0.0006554347117
-0.0006526972518
-0.0006557276849
-0.0006607065712
-0.0006687465227
-0.0006830143869
-0.0007071439247
-0.0006387689321
-0.0006420670986
-0.0006585219717
-0.0006764948141
-0.0006848678248
-0.0006780421701
-0.0006702918677
-0.0006378182355
-0.0006459871967
-0.000669868966
-0.0006890724098
-0.0006793449382
-0.0006317206099
-0.0005827898642
-0.0006458901848
-0.0006575394545
-0.0006815782772
-0.0006881522287
-0.0006468343901
-0.0005595912196
-0.0004903688996
-0.0006488050623
-0.000667618818
-0.0006915545023
-0.0006836204779
-0.0006189651172
-0.0005177229464
-0.0004488813985
-0.0006425774347
-0.0006711358785
-0.0007265802636
-0.0007386876743
-0.0006466566949
-0.0004533111587
-0.0002575710214
-0.0006377797845
-0.000671032864
-0.000743860892
-0.0007860902072
-0.0007331075941
-0.0005684866793
-0.0003659135719
-0.0006220347257
-0.0006611634207
-0.0007508977571
-0.0008216161705
-0.0008068074908
-0.0006835087877
-0.0005314253964
-0.000606000804
-0.0006414617049
-0.0007203410419
-0.000787307513
-0.0007945998436
-0.0007348193689
-0.000695158321
-0.000608241421
-0.0006300513706
-0.0006711803078
-0.00070502642
-0.0007168772927
-0.0007215652244
-0.0007861495492
-0.0006398413453
-0.0006444401658
-0.000639560305
-0.0006304671735
-0.000632925634
-0.0006723824774
-0.0007696971788
-0.0006901740545
-0.0006803917051
-0.0006412260897
-0.0005993749561
-0.0005861141169
-0.0006233460571
-0.0006919408717
-0.0007312982769
-0.0007136078077
-0.0006626942641
-0.0006097904115
-0.0005862150109
-0.0006062985439
-0.0006400818062
-0.0007385477929
-0.0007206518932
-0.0006809628979
-0.0006408115381
-0.0006224942527
-0.0006351299451
-0.0006590073693
-0.0007098408373
-0.0006989754366
-0.0006866057554
-0.0006773079167
-0.0006797751146
-0.0006966846223
-0.0007198998285
-0.0006660214313
-0.0006668867199
-0.000687116939
-0.000714398722
-0.0007396232879
-0.0007526794318
-0.0007531918012
-0.0006347351085
-0.0006480329672
-0.0006948861123
-0.0007482665205
-0.0007775510332
-0.0007575391051
-0.0007044170685
-0.0006299785738
-0.0006523377865
-0.0007110058301
-0.0007653764912
-0.0007656275678
-0.0006846782699
-0.0005762908572
-0.0006456875092
-0.0006717881711
-0.0007240257955
-0.0007501440744
-0.0006959696073
-0.0005588314028
-0.0004370504139
-0.0006604541326
-0.0006908532332
-0.0007304776645
-0.000721901699
-0.0006267944773
-0.0004772513102
-0.0003754962402
-0.0006500888684
-0.000687544811
-0.0007592055655
-0.0007772752925
-0.0006665972093
-0.0004321321208
-0.000196297182
-0.0006335405976
-0.0006784574623
-0.0007787987529
-0.0008443355304
-0.0007914487239
-0.0005955323824
-0.0003436929578
-0.0006004515801
-0.0006562598065
-0.000786798622
-0.0008994209821
-0.0009036368864
-0.0007598459853
-0.0005540734802
-0.0005721640243
-0.0006265915725
-0.0007490606737
-0.0008632125059
-0.0008986994854
-0.000828710857
-0.0007410731272
-0.0005764770313
-0.0006144996898
-0.0006881388728
-0.0007578101046
-0.0007939476721
-0.0007954248329
-0.0008279778662
-0.0006260561115
-0.0006397488978
-0.0006473743747
-0.0006524406816
-0.0006664859506
-0.0007063804392
-0.0007922689948
-0.0007016813159
-0.0006923873486
-0.0006461504188
-0.0005975775285
-0.0005828704446
-0.0006224468962
-0.0006960238797
-0.0007616905435
-0.0007379726587
-0.0006695133687
-0.0005996133474
-0.0005688424911
-0.0005932218167
-0.0006389433412
-0.0007712294754
-0.0007456479941
-0.0006912040219
-0.000638765795
-0.0006181838625
-0.0006381415366
-0.0006716187571
-0.0007278408193
-0.0007132156868
-0.000700567511
-0.0006965053434
-0.0007101014488
-0.0007366940973
-0.0007583257206
-0.0006618468671
-0.0006668166447
-0.0007067263601
-0.0007617254489
-0.000811986022
-0.0008305762459
-0.0008085943386
-0.0006142544368
-0.0006401986908
-0.0007236944171
-0.0008209414791
-0.0008783636724
-0.0008470295603
-0.0007449923069
-0.0006081816028
-0.0006487834944
-0.0007501968987
-0.0008476458195
-0.0008602593427
-0.0007407072026
-0.0005661342387
-0.0006369578321
-0.0006813977403
-0.0007681836553
-0.0008172890899
-0.0007459248125
-0.0005486298493
-0.0003679099714
-0.0006688626477
-0.0007132513077
-0.0007712710923
-0.0007605209891
-0.0006270612654
-0.0004189655105
-0.0002793298297
-0.0006655330234
-0.0007111385112
-0.0007970766132
-0.0008176754075
-0.0006825455635
-0.0003993851288
-0.0001164547535
-0.0006352829932
-0.0006917723699
-0.0008191181097
-0.0009067218039
-0.0008506688201
-0.0006178479064
-0.0003100688571
-0.0005823142382
-0.000655323335
-0.0008273990425
-0.000982911731
-0.001005961014
-0.0008392883098
-0.0005753581056
-0.000539759624
-0.0006136338859
-0.0007804598953
-0.0009438130917
-0.001010023587
-0.0009311298299
-0.0007938377007
-0.0005459798402
-0.0006000402995
-0.0007058497724
-0.0008130265358
-0.0008772225875
-0.0008793165115
-0.000879801876
-0.000615291085
-0.0006370180189
-0.0006551947782
-0.0006746893013
-0.0007035504257
-0.0007480955259
-0.0008230025055
-0.0007185141524
-0.0007078981342
-0.0006511040886
-0.0005942873683
-0.0005797736213
-0.0006251473744
-0.000704478516
-0.0007983080823
-0.0007663707658
-0.0006759116914
-0.0005861349766
-0.0005485264148
-0.0005801375461
-0.0006392255345
-0.0008086325403
-0.0007732748948
-0.0006996090106
-0.0006318640596
-0.0006093757125
-0.0006398975315
-0.0006847640241
-0.0007471817658
-0.000727294731
-0.0007110204534
-0.00071049561
-0.000736770712
-0.0007766482329
-0.0007979262529
-0.0006556772935
-0.0006642427494
-0.0007225113789
-0.0008057209049
-0.0008837344503
-0.0009107373893
-0.0008660339431
-0.0005902672788
-0.0006294578708
-0.0007504236577
-0.0008936956806
-0.0009817343313
-0.00093979383
-0.0007875302985
-0.000583688691
-0.0006438464063
-0.0007899800689
-0.0009327427918
-0.0009584186457
-0.0007990910793
-0.0005577785285
-0.0006275633003
-0.0006915739991
-0.0008144505229
-0.0008874498267
-0.0007981910737
-0.0005401398044
-0.0003020101169
-0.0006782699696
-0.0007374062718
-0.0008144728201
-0.000801712205
-0.0006299122375
-0.0003644686859
-0.0001884755018
-0.0006744090011
-0.000727531475
-0.0008269105866
-0.0008486388028
-0.0006872153326
-0.0003525547793
-1.988649965e-05
-0.0006299732939
-0.0006978563046
-0.0008518069982
-0.0009607369129
-0.00090053953
-0.0006288751822
-0.0002629025803
-0.0005565779206
-0.0006467101912
-0.0008599468391
-0.001058131864
-0.001100380732
-0.0009106592016
-0.0005879311377
-0.0004992329935
-0.000592103342
-0.0008023529817
-0.001014918828
-0.001113734855
-0.001028216519
-0.0008423191877
-0.0005075148835
-0.0005765812736
-0.0007128724595
-0.0008574655952
-0.000952646092
-0.0009593716782
-0.0009296035124
-0.0005977111342
-0.0006259527594
-0.0006524020782
-0.0006859445594
-0.0007326246554
-0.0007861498646
-0.0008515893843
-0.0007300933395
-0.0007163629306
-0.0006463348897
-0.000580334694
-0.0005682820548
-0.0006230064637
-0.00070939242
-0.0008307435359
-0.0007887268
-0.0006733015837
-0.0005620109098
-0.0005188869256
-0.0005605153477
-0.0006343402855
-0.0008416142584
-0.0007947229693
-0.0006986682147
-0.000613429019
-0.000589780876
-0.0006332248393
-0.0006907830217
-0.0007607078847
-0.0007339882052
-0.0007109639999
-0.0007116709261
-0.00075122622
-0.0008065038429
-0.0008282804717
-0.0006418002917
-0.0006526634018
-0.000726519969
-0.0008358216227
-0.0009420385197
-0.0009790552634
-0.0009126169651
-0.0005571830249
-0.0006086079593
-0.0007647534514
-0.0009520474992
-0.001070608512
-0.00101944246
-0.0008196493589
-0.0005494558748
-0.0006283306367
-0.0008171917748
-0.001003108205
-0.001041504811
-0.0008450056041
-0.0005431473511
-0.0006080822605
-0.000690791545
-0.0008478879412
-0.000943020566
-0.0008370196798
-0.0005240329229
-0.0002370306357
-0.0006769495319
-0.0007499111593
-0.0008447053829
-0.0008299036399
-0.0006238511927
-0.0003089605802
-0.0001038734755
-0.0006818113189
-0.0007416034675
-0.0008531839252
-0.0008758608899
-0.0006893117326
-0.0003054548891
7.605694023e-05
-0.0006237475089
-0.0007021866614
-0.0008807946806
-0.001009821953
-0.0009454674069
-0.0006367999448
-0.0002144744754
-0.0005307917824
-0.0006368402936
-0.0008879501301
-0.001126243046
-0.001186984572
-0.0009764465138
-0.0005976440262
-0.0004594568343
-0.0005695318655
-0.0008186693835
-0.001076977651
-0.00120777522
-0.001118508433
-0.0008871979342
-0.0004707277322
-0.00055252988
-0.0007142446554
-0.0008926801286
-0.001018560692
-0.001033181329
-0.0009755089837
-0.0005828056979
-0.0006150900583
-0.0006450325084
-0.0006895062931
-0.0007539917386
-0.0008191558975
-0.0008760596666
-0.0007454394596
-0.0007261747753
-0.0006388072775
-0.0005611423639
-0.0005514191303
-0.0006172319835
-0.000710229305
-0.0008676611675
-0.0008133432812
-0.0006693752691
-0.0005343451262
-0.0004852092572
-0.0005376118108
-0.0006252527029
-0.0008793552634
-0.0008188914929
-0.0006969279219
-0.0005917990031
-0.0005659494689
-0.0006225329088
-0.0006916145101
-0.0007786526219
-0.0007431689291
-0.0007095154205
-0.0007084749881
-0.0007596534343
-0.0008300015385
-0.0008511082827
-0.000631639145
-0.0006429116989
-0.0007279841019
-0.0008596895921
-0.0009916700592
-0.001038190502
-0.0009494343628
-0.0005267245884
-0.0005884938344
-0.000775070922
-0.001001987504
-0.001148133179
-0.001087845102
-0.0008425395993
-0.0005165564806
-0.0006121979171
-0.0008389398144
-0.001063499369
-0.001112371652
-0.000881442836
-0.0005246790328
-0.000588454051
-0.0006878148327
-0.0008746708884
-0.0009886247784
-0.0008664738679
-0.0005049559542
-0.0001766371546
-0.0006742774218
-0.0007590566393
-0.0008681465669
-0.0008504456988
-0.0006142465661
-0.0002581047706
-2.971939696e-05
-0.0006758777341
-0.0007413440471
-0.0008649048946
-0.0008899905724
-0.0006831467906
-0.0002573568412
0.0001653588222
-0.0006053037018
-0.0006930261964
-0.0008947251303
-0.001043206035
-0.0009776994421
-0.000638489909
-0.0001685794184
-0.000494430462
-0.0006145343638
-0.0009000304961
-0.001175403438
-0.001256117374
-0.001030851608
-0.00060586302
-0.0004106484497
-0.0005355433947
-0.0008186848231
-0.001118390882
-0.001281974005
-0.001195281176
-0.0009282634754
-0.0004260502671
-0.0005179028725
-0.0006997821696
-0.0009077083044
-0.001065307326
-0.001093887619
-0.001016424654
-0.0005606767061
-0.000594335565
-0.0006232426828
-0.0006753138977
-0.000759080856
-0.0008412000309
-0.0008947260344
-0.0007536450429
-0.0007265050033
-0.0006185463135
-0.0005271064329
-0.0005215405314
-0.0006023654793
-0.0007049184699
-0.0008973652597
-0.0008287875712
-0.0006541277812
-0.0004942043434
-0.0004409064685
-0.0005071101114
-0.0006104639561
-0.00090967014
-0.0008339235446
-0.0006843582631
-0.0005584496386
-0.0005320945775
-0.0006043209375
-0.0006868370649
-0.000789140567
-0.0007431578918
-0.0006969697029
-0.0006929967134
-0.0007570875735
-0.0008450506427
-0.0008676483497
-0.0006137700908
-0.0006235685693
-0.0007174133851
-0.0008696079376
-0.001028146135
-0.001086645448
-0.0009787595411
-0.0004880194226
-0.0005580459785
-0.0007721561278
-0.001036173234
-0.001210404571
-0.001144097283
-0.0008580773937
-0.000474374345
-0.0005845141686
-0.0008460426382
-0.001106742518
-0.001167349913
-0.000906575133
-0.0005019218252
-0.0005582774512
-0.0006719559832
-0.0008858721499
-0.001017342079
-0.0008821115936
-0.000478796036
-0.0001167309384
-0.0006605922447
-0.0007547925496
-0.0008762197826
-0.0008559610181
-0.0005942512491
-0.0002038676149
4.16255474e-05
-0.0006643295366
-0.0007360298686
-0.0008692253102
-0.0008961036595
-0.0006697200847
-0.0002039125066
0.0002599210063
-0.0005827501703
-0.0006792780661
-0.000900587168
-0.001066576013
-0.00099968191
-0.0006314929747
-0.0001153285529
-0.0004559009245
-0.0005883256934
-0.0009031656873
-0.001212350631
-0.001312232261
-0.001074572812
-0.0006056505218
-0.000361173185
-0.0004980258706
-0.0008089169857
-0.001145644919
-0.001341233286
-0.001260011212
-0.0009607962749
-0.0003816064025
-0.000479858518
-0.0006752000756
-0.0009076991811
-0.001096013167
-0.001141916628
-0.001048154657
-0.0005390320353
-0.000570035087
-0.0005913640486
-0.0006459906699
-0.0007476406354
-0.0008494704503
-0.0009022467055
-0.0007624098514
-0.0007234168185
-0.0005888738112
-0.0004788877445
-0.0004754278388
-0.0005731436827
-0.0006860907237
-0.0009275994059
-0.000840958711
-0.0006302562621
-0.0004408594099
-0.0003809409634
-0.0004616531303
-0.0005807594544
-0.0009406228516
-0.0008459876317
-0.0006638932896
-0.0005129741556
-0.0004836304428
-0.0005721651302
-0.0006682139978
-0.0008001449795
-0.000740139173
-0.0006767368833
-0.0006660130655
-0.0007413418917
-0.0008478725849
-0.0008725777758
-0.0005958731785
-0.0006009574281
-0.0006991498357
-0.0008689692892
-0.001053623749
-0.001125809357
-0.0009986042579
-0.0004479720674
-0.0005236277227
-0.0007613831497
-0.001060870163
-0.001263942345
-0.001193104564
-0.000864587726
-0.0004293382995
-0.0005522195364
-0.0008455382544
-0.001141954664
-0.001215260032
-0.0009250061314
-0.0004681406792
-0.0005239298083
-0.0006511953764
-0.0008899838969
-0.001038919624
-0.0008907250437
-0.000443516013
-4.228464858e-05
-0.000642418858
-0.0007462727869
-0.0008778778276
-0.0008542427483
-0.0005653744409
-0.0001376208467
0.0001296147704
-0.0006462172442
-0.0007257392226
-0.0008712688548
-0.0008984934182
-0.0006511307748
-0.0001417231828
0.0003658601465
-0.0005543203766
-0.0006614609121
-0.0009044272779
-0.001087295617
-0.001018989741
-0.0006201098577
-5.473267262e-05
-0.0004122768536
-0.0005585940709
-0.0009045164642
-0.001247812217
-0.001369114815
-0.001119764055
-0.0006057248674
-0.0003068349152
-0.0004565936816
-0.0007958942906
-0.001170748823
-0.001402245148
-0.001330761158
-0.001001049645
-0.0003319032203
-0.0004368656662
-0.0006445777041
-0.0009026231502
-0.001126683316
-0.00119656791
-0.001091572601
-0.0005122037564
-0.0005404838398
-0.0005514704104
-0.0006086446728
-0.0007328163352
-0.0008620058593
-0.0009201195205
-0.0007670501118
-0.0007156557665
-0.0005506693668
-0.000420503826
-0.0004223683781
-0.0005433481014
-0.0006732416635
-0.0009553942231
-0.0008502659009
-0.0005988193458
-0.0003770961133
-0.0003119852247
-0.0004125231205
-0.0005535399424
-0.0009707563437
-0.0008569940222
-0.0006373753111
-0.0004578127695
-0.0004262355792
-0.0005355905202
-0.0006514175198
-0.0008106589029
-0.0007371652036
-0.000651959543
-0.0006314642197
-0.0007193051088
-0.0008497446087
-0.0008817534041
-0.0005764724398
-0.0005776363453
-0.0006774643518
-0.0008634693816
-0.001077170689
-0.001168463274
-0.00102514118
-0.0004045253406
-0.0004867671755
-0.0007482463796
-0.001084006672
-0.001320143648
-0.001248819559
-0.000876301573
-0.0003784348068
-0.0005154238005
-0.0008432215665
-0.001177636176
-0.00126764683
-0.000947603274
-0.0004330276826
-0.0004817099035
-0.0006245072345
-0.0008923158283
-0.001060691295
-0.0009002498468
-0.0004044554614
4.267635541e-05
-0.0006159287141
-0.000731383053
-0.0008774775461
-0.0008498371942
-0.0005309676115
-5.92343063e-05
0.0002340009203
-0.0006171706477
-0.0007096562729
-0.0008704213622
-0.0008988705897
-0.0006215044372
-4.94054279e-05
0.0005226050458
-0.0005153050831
-0.0006376879105
-0.0009063934944
-0.001109226262
-0.001035248484
-0.0005903047796
4.458789313e-05
-0.0003579120725
-0.0005218046212
-0.0009038734689
-0.001287688451
-0.001431435907
-0.001160937524
-0.0005833937491
-0.000241820659
-0.0004061215282
-0.0007786298688
-0.001198327917
-0.001470838659
-0.001405543207
-0.001033474149
-0.0002705031287
-0.0003831583136
-0.0006064475213
-0.0008942995375
-0.00115965579
-0.001254986304
-0.001133694896
-0.0004733575033
-0.0004998559614
-0.0005015029535
-0.0005611572907
-0.0007114699123
-0.0008707350761
-0.0009350275359
-0.0007621270414
-0.0006998529453
-0.000502323896
-0.0003476877445
-0.0003543638329
-0.0005005515205
-0.0006497416993
-0.0009771432481
-0.0008557618254
-0.0005593027899
-0.0002969211422
-0.0002223389757
-0.0003420899221
-0.000508065431
-0.000999430601
-0.0008687652821
-0.0006059236579
-0.0003871216891
-0.0003466850525
-0.0004757147268
-0.0006141465983
-0.0008213183628
-0.000736659478
-0.0006243866014
-0.0005835891208
-0.0006782937859
-0.0008319127894
-0.0008740720302
-0.0005564337621
-0.0005563429008
-0.0006535081626
-0.0008489790407
-0.001089210571
-0.001200344524
-0.001039596987
-0.0003579901301
-0.0004485590324
-0.0007320441951
-0.001102978158
-0.00137367077
-0.001300643017
-0.0008757278664
-0.0003202134433
-0.000473241397
-0.0008371589811
-0.001213531504
-0.001322070407
-0.0009652102045
-0.0003752791587
-0.0004276872543
-0.0005893891788
-0.0008906150174
-0.001083444212
-0.0009086495144
-0.0003488246366
0.0001648110216
-0.0005744859666
-0.0007069232141
-0.0008723414612
-0.0008437663352
-0.000487004019
4.704160288e-05
0.000383231544
-0.0005833070922
-0.0006979032463
-0.0008801760908
-0.0009122123896
-0.0006000267001
4.655776596e-05
0.0006987392879
-0.0004705007461
-0.0006180467442
-0.0009197601902
-0.001148372236
-0.001068503013
-0.0005703614132
0.0001527586705
-0.0003001332381
-0.0004881031795
-0.0009145106467
-0.001348435309
-0.001520877644
-0.001227085575
-0.000569116821
-0.000174601338
-0.0003569104899
-0.0007699468544
-0.001246589833
-0.001570691416
-0.001515942169
-0.001089353864
-0.0002031860331
-0.0003283990181
-0.0005733584993
-0.0009030631218
-0.001222306699
-0.001351959903
-0.001209907546
-0.0004215298217
-0.0004580570151
-0.0004545322684
-0.0005268550556
-0.0007136416887
-0.0009142667767
-0.000985585159
-0.0007413403919
-0.000685091968
-0.0004573336684
-0.0002838214102
-0.0003017114127
-0.0004834470082
-0.0006570411663
-0.0009840046996
-0.0008677197598
-0.0005254957749
-0.0002231899539
-0.000140688703
-0.0002884813659
-0.0004855788202
-0.001018026795
-0.0008923836417
-0.0005824614042
-0.0003208617934
-0.0002697496901
-0.0004255654411
-0.0005936558168
-0.0008276049094
-0.0007520022207
-0.0006060769194
-0.000539884565
-0.0006391340321
-0.0008237935819
-0.0008814292258
-0.0005423429997
-0.0005506219103
-0.0006387561302
-0.0008391713981
-0.001107102655
-0.001246911969
-0.001071298215
-0.0003204704097
-0.0004225946683
-0.0007241366772
-0.001129745619
-0.001439999686
-0.001374258187
-0.0008929306101
-0.0002659878187
-0.0004378472013
-0.0008386357208
-0.001261169795
-0.001395815437
-0.001007022925
-0.0003321179273
-0.0003696136726
-0.0005563814853
-0.0008962877078
-0.00112086209
-0.0009369757682
-0.0003124375549
0.0002803776528
-0.0005242780573
-0.0006821545564
-0.0008749376343
-0.0008522136078
-0.0004590791332
0.000142313634
0.0005311939724
-0.0005371317212
-0.0006455732255
-0.0008567584765
-0.0009053313129
-0.0005685820688
0.0001642770247
0.0009146941297
-0.0004209784928
-0.0005610376714
-0.0009003278214
-0.00116588937
-0.001093564199
-0.000535510381
0.000288995274
-0.0002413565594
-0.0004239279437
-0.0008922542879
-0.001385163004
-0.001602074677
-0.001284705154
-0.0005378866971
-0.0001020202573
-0.0002830558862
-0.0007334836113
-0.00127319187
-0.001664483404
-0.001623656239
-0.001139858545
-0.0001298288014
-0.0002508480204
-0.0005202337998
-0.0008964846121
-0.001281784593
-0.001448570723
-0.001286648382
-0.0003681740048
-0.0003918084284
-0.000391455792
-0.0004808269142
-0.0007133662745
-0.0009558074659
-0.001037223439
-0.0007185906842
-0.0006448859661
-0.0003975489141
-0.0002083808951
-0.0002435679571
-0.0004588335481
-0.0006598323429
-0.0009938154992
-0.0008544241196
-0.000475954811
-0.0001331657082
-4.589168402e-05
-0.0002181577919
-0.0004515775418
-0.001043718175
-0.0008912596394
-0.0005405743142
-0.0002315357287
-0.0001705036592
-0.0003521467824
-0.0005592650119
-0.0008521024979
-0.0007428909798
-0.0005651792277
-0.0004655983157
-0.0005712135489
-0.0007915087687
-0.0008801669208
-0.0005417509579
-0.0005216479965
-0.0005966764053
-0.0007944417023
-0.001097289281
-0.001277855349
-0.001103658357
-0.000289835413
-0.0003731702811
-0.0006831127885
-0.00112108038
-0.001487990844
-0.001446328917
-0.0009164110861
-0.0002147427266
-0.0003752398798
-0.0008048322645
-0.001280651771
-0.001465968296
-0.001056748636
-0.0002857211275
-0.0003075754187
-0.0004885431439
-0.0008691692759
-0.001142193861
-0.0009735307927
-0.0002797985221
0.0004187473711
-0.0004600257338
-0.0006163892913
-0.0008470523436
-0.000850704621
-0.0004360674666
0.0002498895947
0.0007169690025
-0.0005128930402
-0.0006338646278
-0.0008607981942
-0.0009213958201
-0.0005647002069
0.0002220390226
0.001048513143
-0.0003917575213
-0.0005476360404
-0.0009095196746
-0.001203383705
-0.001134531649
-0.00054288296
0.0003647078166
-0.0001979424439
-0.0003995295709
-0.0008987408874
-0.001438854358
-0.00168762669
-0.001365367073
-0.0005422460942
-4.364904416e-05
-0.0002403624055
-0.0007221017789
-0.001317520221
-0.001761934471
-0.001744565285
-0.001208392548
-6.936371256e-05
-0.000198010213
-0.0004881563191
-0.0009133259219
-0.001355759558
-0.001565519197
-0.001379300456
-0.0003238710467
-0.0003450564536
-0.0003470863551
-0.0004653401855
-0.0007429196564
-0.001032205025
-0.001113350099
-0.0007028360149
-0.0006145500199
-0.0003501092496
-0.000164864688
-0.000223457784
-0.0004813889571
-0.0006995912774
-0.001006484293
-0.0008410817722
-0.0004272499688
-6.858635878e-05
1.164386413e-05
-0.0002002424569
-0.0004642928398
-0.001068584875
-0.0008883905883
-0.0004928049589
-0.0001553449492
-9.729823969e-05
-0.0003261416245
-0.0005726194971
-0.0008709660543
-0.0007379093948
-0.0005160634776
-0.0003951153585
-0.0005191008302
-0.0007999974281
-0.0009232270512
-0.000540226257
-0.0005045330232
-0.0005515684877
-0.0007530829585
-0.001099051412
-0.001346445064
-0.001177245939
-0.0002655211845
-0.0003459813539
-0.0006535525892
-0.001125993324
-0.00155322789
-0.001558742516
-0.000982914887
-0.0001767697194
-0.0003469110935
-0.0007987591342
-0.001327722102
-0.00156423224
-0.001157568935
-0.0002929468278
-0.0002671113034
-0.0004656564993
-0.0008794740162
-0.001200230872
-0.001048218404
-0.00030828493
0.0004918768558
-0.0004196113818
-0.0005965604916
-0.0008574230892
-0.0008875035455
-0.0004555505478
0.0002925388589
0.0008328667545
-0.0004720969077
-0.0005797281677
-0.0008210658078
-0.0008785434551
-0.0005518476244
0.0002346480764
0.001076129886
-0.0003485501337
-0.0004914182554
-0.0008616721564
-0.001146358101
-0.001110068047
-0.000538451556
0.0003719701019
-0.0001586755829
-0.0003549727501
-0.0008603261005
-0.001395323847
-0.001677270449
-0.001373204765
-0.000562286081
-2.105756792e-06
-0.0002000517481
-0.0006944639795
-0.001301629186
-0.001783266746
-0.001778914151
-0.001250798038
-2.28466208e-05
-0.0001529658837
-0.0004600375548
-0.0009066595096
-0.001383577749
-0.001603103437
-0.001427034738
-0.0002719154581
-0.0002927206614
-0.000311835495
-0.0004544295708
-0.0007612192217
-0.001059274919
-0.001149896639
-0.0006476437953
-0.0005540987014
-0.000301716402
-0.0001346293395
-0.0002204265941
-0.0004876017192
-0.0007181471714
-0.0009495045073
-0.0007722413415
-0.000354356712
-1.237452595e-05
3.869666925e-05
-0.0001908301844
-0.0004760405028
-0.001012326916
-0.00081642061
-0.0004092273465
-7.27248652e-05
-4.795230328e-05
-0.0003144037
-0.0006043575168
-0.0008158983632
-0.000665317778
-0.0004252296476
-0.0003062377146
-0.0004757020352
-0.0008143555495
-0.0009922990095
-0.0004897800759
-0.0004365627787
-0.000471072365
-0.0006855789083
-0.001095408824
-0.001403434818
-0.001274643917
-0.0002199109892
-0.0002879949715
-0.0005985467605
-0.001095836282
-0.001594481914
-0.001643355142
-0.001069022681
-0.0001364837602
-0.0002993514423
-0.000765012347
-0.001312564259
-0.001606576273
-0.001217487557
-0.0003234772546
-0.0002296085873
-0.0004209278193
-0.0008555226984
-0.001184762953
-0.001073393228
-0.0003298252404
0.0005249789303
-0.0003797215186
-0.0005524235606
-0.0008411341981
-0.0008783296314
-0.0004694792663
0.0003094321516
0.0008920832347
-0.0004523311021
-0.0005587730308
-0.0007615316178
-0.0008257960482
-0.0005414197947
0.0001287571915
0.0009156694631
-0.0003434659053
-0.0004919480873
-0.000816145399
-0.001086164377
-0.001046181551
-0.0005551348591
0.0002964162731
-0.0001689844923
-0.0003757398492
-0.0008404541556
-0.001334539353
-0.001590464313
-0.001317141025
-0.0005569196356
-2.255069742e-05
-0.0002382426015
-0.0007056683464
-0.001265724306
-0.001689640189
-0.001672475593
-0.001175650174
-3.663883415e-05
-0.0001896916939
-0.0004946633092
-0.000919882563
-0.00133812741
-0.001517421155
-0.001322663972
-0.0002579249816
-0.000297006001
-0.0003435399545
-0.0005042950153
-0.0007789491726
-0.001038632468
-0.001073948036
-0.0005938298807
-0.0005054129623
-0.0002986748995
-0.000184597904
-0.0002801445677
-0.0005335297476
-0.0007006621393
-0.0008609814851
-0.0006737911694
-0.0003112422798
-3.479323812e-05
-2.263189594e-05
-0.0002775616344
-0.0005228079186
-0.0009056492199
-0.000688894552
-0.000322704679
-6.457551517e-05
-0.0001075883509
-0.0004311896812
-0.0006856635029
-0.0007173472255
-0.0005458454047
-0.0003344876933
-0.0002877772862
-0.0005286058052
-0.000928087603
-0.001064909333
-0.0004224102215
-0.0003589966671
-0.0004106324894
-0.0006804626984
-0.001139215357
-0.001474089665
-0.001290212289
-0.0001919927517
-0.0002672949084
-0.0005851714367
-0.001106726688
-0.001609696092
-0.001640565632
-0.001024973702
-0.00014166184
-0.0003260957992
-0.0007831494089
-0.00131997421
-0.001578890893
-0.001163103638
-0.0002719954902
-0.0002496860435
-0.0004651836289
-0.0008650512272
-0.001161914784
-0.0009987313771
-0.0002945547805
0.0004954532278
-0.0003890778013
-0.0005746899927
-0.0008173673971
-0.0008331172221
-0.0004402842307
0.0002265441394
0.0007425350275
-0.0004774339589
-0.0005699264563
-0.000790746935
-0.0009775529836
-0.0009346354023
-0.0006931451663
-0.0004784468572
-0.0004445330286
-0.0005552910918
-0.0006883451734
-0.0007627568983
-0.0007752372698
-0.00070191674
-0.0005462298729
-0.0004354190344
-0.0005810715276
-0.0008285178805
-0.001117921074
-0.001136877177
-0.0008075268793
-0.0004044533464
-0.000221507947
-0.0002938209093
-0.0004789645829
-0.00064631758
-0.0007439438444
-0.0007941131213
-0.0007865601726
-0.0006840271131
-0.0005674380216
-0.0007989507462
-0.001117169623
-0.001215563556
-0.0008918786264
-0.000372494985
-5.153118142e-05
-5.973573518e-05
-0.0002373398859
-0.0004138912645
-0.000549073947
-0.0006554500756
-0.0007445385552
-0.0008035134986
-0.0007880816027
-0.0007046443
-0.0009740810443
-0.001129996011
-0.0008919357355
-0.0003703583126
3.093654078e-05
6.473620743e-05
-0.0001477264225
-0.0003407451703
-0.0004065976057
-0.0004309018702
-0.0005075612447
-0.0006308139149
-0.0007468845539
-0.000810096006
-0.0007834479805
-0.000925263686
-0.000805861429
-0.0003894434902
4.648839623e-06
7.297211741e-05
-0.0001674460271
-0.0004549857754
-0.0005645148159
-0.0004816626444
-0.0003639309528
-0.0003609754755
-0.0004802528479
-0.0006348849619
-0.0007485905894
-0.000778825733
-0.000692031871
-0.0004249593369
-0.0001037343333
-1.304102449e-05
-0.0002352751174
-0.0005850572702
-0.0008138965161
-0.0008083679445
-0.0006223978793
-0.0004069021552
-0.0003059419564
-0.0003581333923
-0.00049698609
-0.0006293573467
-0.0007030423092
-0.0004847872639
-0.0002609997305
-0.0001472215918
-0.0002814905646
-0.0006072054035
-0.0009237558608
-0.001061471833
-0.000988590157
-0.0007791089888
-0.0005377444793
-0.0003599593488
-0.0003009553924
-0.0003567811128
-0.0004720421854
-0.0005864781009
-0.0004276900006
-0.0003108296817
-0.0003245458567
-0.0005057630363
-0.0007832209405
-0.001024852859
-0.00112688644
-0.001069554562
-0.0008960373823
-0.000661456804
-0.0004226201685
-0.0002501201517
-0.000211943605
-0.0003194273814
-0.0004984651014
-0.0004706944644
-0.0004065447865
-0.0004206978828
-0.0005326566301
-0.0007124560568
-0.0008990495748
-0.001024147587
-0.001036101425
-0.0009141661898
-0.0006706231591
-0.0003677873012
-0.0001299574043
-9.032313429e-05
-0.0002751690362
-0.0005365065768
-0.000527694598
-0.000455261733
-0.0004005250064
-0.0004146657683
-0.0005118817871
-0.0006664895085
-0.000819646344
-0.0008852968583
-0.0007848853232
-0.0005100831633
-0.0001766615896
3.594190505e-06
-0.0001197898257
-0.0004628397792
-0.0007362922546
-0.0005821454733
-0.0004935193236
-0.0003688548196
-0.00029776498
-0.0003310911949
-0.0004545340162
-0.000597546379
-0.0006532971629
-0.0005294826312
-0.000247882011
-5.643733137e-06
-5.754713865e-05
-0.0004426212773
-0.0008636832126
-0.0009690865175
-0.0006560755213
-0.000573437436
-0.0004222152078
-0.0002961298427
-0.0002697924381
-0.0003409245767
-0.0004296984364
-0.0004258095489
-0.000275856488
-8.04067963e-05
-8.545076212e-05
-0.0004466793133
-0.0009622491183
-0.001201238213
-0.001002691862
-0.0007649463673
-0.0006940777886
-0.0005571116726
-0.0004189402025
-0.000344029871
-0.0003458503871
-0.0003597335403
-0.000302212449
-0.0001872250065
-0.0001795001728
-0.0004624082371
-0.000961873652
-0.001291760498
-0.001158609755
-0.0007519351195
-0.0008690673594
-0.0008012142021
-0.0006897381637
-0.0005735649214
-0.0004862232914
-0.0004364490881
-0.0003949540813
-0.0003330072272
-0.0003175566908
-0.000488895021
-0.0008643350915
-0.001190027733
-0.001150000583
-0.0007674991626
-0.0004059705415
-0.0009005000083
-0.0008334587109
-0.0007427432578
-0.0006576767317
-0.0005915887856
-0.0005415058272
-0.000499266208
-0.0004784740573
-0.0005442537786
-0.0007400137656
-0.0009599507567
-0.0009867022333
-0.0007359991602
-0.0003960556014
-0.0002115585902
-0.0004186343307
-0.0005322100049
-0.0007857765626
-0.0009887925204
-0.0009484429467
-0.0007150471504
-0.0005123635034
-0.0004798721413
-0.000582878368
-0.0007130146386
-0.0007859020383
-0.000774554922
-0.0006842625944
-0.0005510726952
-0.0004434724617
-0.0005444038848
-0.0008203938603
-0.001129622268
-0.001150423156
-0.0008298949004
-0.0004497364423
-0.0002795339741
-0.0003372796511
-0.0004959168277
-0.0006563151862
-0.0007703784891
-0.0008184030585
-0.0007859075851
-0.0006781525266
-0.000558858051
-0.0007943713006
-0.001128208355
-0.001228802422
-0.0009123529294
-0.0004186997978
-0.0001197921394
-0.0001228426668
-0.0002715490364
-0.0004145306666
-0.0005359123656
-0.0006619336022
-0.0007767527538
-0.0008313095053
-0.0007912936117
-0.0006947245313
-0.0009837894954
-0.001141244093
-0.0009099511392
-0.0004153010735
-4.402440133e-05
-1.006074688e-05
-0.0001904091663
-0.0003482369785
-0.0003930324263
-0.0004086390436
-0.0004938072594
-0.0006436127951
-0.000777982195
-0.000825916958
-0.0007839251469
-0.0009349542488
-0.0008234219968
-0.0004304664581
-6.624395419e-05
-7.235682314e-06
-0.0002210742863
-0.0004626823524
-0.0005416470438
-0.0004588884597
-0.0003536504271
-0.0003582319541
-0.0004871367387
-0.0006556596244
-0.0007691313588
-0.0007870407515
-0.0007085252616
-0.0004611673599
-0.0001632311567
-8.065133762e-05
-0.0002845584323
-0.0005984061376
-0.0007925001307
-0.000772555027
-0.0006013627817
-0.0004150651631
-0.0003317435167
-0.000383613047
-0.0005166635076
-0.0006449740161
-0.0007092365062
-0.000516539982
-0.000306919577
-0.0001947264464
-0.0003112149732
-0.0006062459642
-0.0008981568715
-0.001029168418
-0.0009663523314
-0.0007784327741
-0.0005619421437
-0.00039898266
-0.0003369235023
-0.0003793718537
-0.0004859196085
-0.0005934475756
-0.0004684060829
-0.0003481776318
-0.0003394987424
-0.0004892674197
-0.0007407024775
-0.0009766637966
-0.001097370244
-0.001070532842
-0.0009204249727
-0.0006926177317
-0.0004481745308
-0.0002697717189
-0.0002330036115
-0.0003454677748
-0.0005188193713
-0.0005094409447
-0.0004327813611
-0.0004154791751
-0.0004935884748
-0.000655771184
-0.000850116156
-0.001003873995
-0.00104808056
-0.0009395451515
-0.0006831027837
-0.0003608685874
-0.0001291020049
-0.0001245153112
-0.0003345797316
-0.0005780577703
-0.0005608621811
-0.0004813176053
-0.0004044556968
-0.0003897139004
-0.0004707116018
-0.0006332528965
-0.0008091387714
-0.0008901192123
-0.0007812008732
-0.0004839637329
-0.0001501381983
-1.768778829e-05
-0.0002061024184
-0.0005618245398
-0.0007809537096
-0.00061142008
-0.0005258137845
-0.0003982979888
-0.0003119523275
-0.0003277648045
-0.0004466345647
-0.0005939707723
-0.0006423790466
-0.0004949265512
-0.0002064804187
-1.32319295e-05
-0.0001535315507
-0.0005845159487
-0.0009551355929
-0.00097339435
-0.0006804704654
-0.0006085217137
-0.0004699452934
-0.0003468111241
-0.0003090988541
-0.0003629158515
-0.0004336671427
-0.0004073714974
-0.000242895
-7.963792872e-05
-0.0001714538883
-0.0006013900545
-0.001081548364
-0.001208124028
-0.0009424007117
-0.000769460805
-0.0007192080441
-0.0006040283853
-0.0004815886079
-0.00040775393
-0.000391643805
-0.0003762833066
-0.0002963824368
-0.0001916837785
-0.000243264224
-0.0005921431895
-0.001077814272
-0.001298473948
-0.00106447974
-0.0006570255193
-0.0008379912063
-0.0008036167266
-0.0007221184451
-0.00062521735
-0.0005458020359
-0.0004870304662
-0.0004227578383
-0.000349761416
-0.0003573872364
-0.0005710118944
-0.0009476858114
-0.001196251428
-0.001057632672
-0.000645981303
-0.0003285731743
-0.0008404105855
-0.0008060343819
-0.0007483739046
-0.0006861662395
-0.0006318795959
-0.000580196149
-0.0005259984645
-0.0005010170873
-0.0005775745182
-0.0007764504911
-0.0009623357399
-0.0009299712329
-0.0006462259939
-0.000322097877
-0.0001706509604
-0.0003531224972
-0.0004600240456
-0.0007168313621
-0.0009459590413
-0.0009549012179
-0.0007674524746
-0.0005793599164
-0.0005292010779
-0.0006000319525
-0.0007015094159
-0.0007615645652
-0.0007468701725
-0.0006620501947
-0.0005566097081
-0.0004794636786
-0.0004726774592
-0.0007330172645
-0.001062425494
-0.001147743037
-0.0009036190343
-0.0005618094062
-0.0003786568841
-0.0004004793354
-0.0005250721821
-0.0006577896129
-0.0007551706954
-0.0007925373503
-0.0007546191741
-0.0006645000417
-0.0005715089523
-0.000727699366
-0.001061786234
-0.00122116708
-0.0009965854327
-0.0005645201414
-0.0002592279766
-0.000213277797
-0.0003213797957
-0.0004483529765
-0.0005582845415
-0.0006669418245
-0.0007617861325
-0.0007996739079
-0.0007604475944
-0.0006804745768
-0.0009435833904
-0.001136918218
-0.0009894819463
-0.0005675025349
-0.0002029612765
-0.0001140935173
-0.0002303117323
-0.0003624784113
-0.0004212748913
-0.0004531710511
-0.0005301348749
-0.0006540031512
-0.0007617375031
-0.000793456286
-0.0007530854793
-0.0009411268984
-0.0008885997175
-0.0005599384716
-0.000209006084
-0.0001006162817
-0.0002433948525
-0.0004400527839
-0.0005211608585
-0.000476925549
-0.000411746135
-0.0004246819978
-0.000530224661
-0.0006654306036
-0.0007509333861
-0.0007575522072
-0.0007554501677
-0.0005566816601
-0.000273253613
-0.0001466615671
-0.0002753642084
-0.000535199382
-0.0007234058658
-0.0007362284212
-0.0006151104934
-0.0004749792119
-0.0004113221991
-0.0004494435215
-0.0005505662567
-0.0006477417167
-0.0006943540359
-0.0005759705946
-0.0003859164065
-0.0002483581618
-0.0002976324478
-0.000521603333
-0.0007828806898
-0.0009371520058
-0.000927695845
-0.0007921959919
-0.0006132928279
-0.0004687308063
-0.000404165827
-0.0004282186534
-0.0005116500309
-0.0005995724303
-0.0005202667493
-0.0003990468827
-0.0003543639542
-0.0004450175152
-0.0006424204452
-0.0008585063288
-0.001004012971
-0.001028278499
-0.000924028938
-0.0007225803329
-0.0004925848343
-0.0003259538691
-0.0002951690009
-0.0003988186882
-0.0005467965322
-0.0005576802634
-0.0004793624479
-0.0004366749208
-0.0004735740991
-0.0005959156306
-0.0007687920778
-0.0009280763376
-0.0009985035614
-0.0009183721766
-0.0006832770672
-0.0003858137989
-0.000190062006
-0.0002143529127
-0.0004169298296
-0.0006164115951
-0.0006140022054
-0.0005470251045
-0.0004653795004
-0.0004256997424
-0.0004724548692
-0.0006053445167
-0.0007631102547
-0.0008391360826
-0.0007390522063
-0.000469914352
-0.0001890688683
-0.0001175190954
-0.0003307891895
-0.0006481908421
-0.0007993833316
-0.0006593368352
-0.0006040487712
-0.0004970585596
-0.0004041017335
-0.0003896312623
-0.0004696514113
-0.0005808960665
-0.0006048247083
-0.0004605063801
-0.0002184823739
-0.0001025860075
-0.0002968812165
-0.0007045580837
-0.0009897951281
-0.0009414512405
-0.0006983217543
-0.000669107927
-0.0005730735786
-0.000465540598
-0.0004094789341
-0.000423315994
-0.0004509911043
-0.0003988412307
-0.0002485428236
-0.0001457724686
-0.0003024517352
-0.0007304249826
-0.001123656327
-0.001152985313
-0.0008647109682
-0.0007322951784
-0.0007308989006
-0.0006711164767
-0.0005835947396
-0.0005110496368
-0.0004672532374
-0.0004160871946
-0.0003211601228
-0.000241328326
-0.000340481368
-0.0007004893024
-0.001118263314
-0.001234738642
-0.0009509184634
-0.000575150621
-0.0007432079003
-0.0007576579043
-0.0007356474695
-0.0006840688739
-0.0006217718897
-0.0005533617152
-0.0004694395001
-0.0003922348881
-0.0004179823786
-0.0006414599865
-0.0009779173601
-0.001144458424
-0.0009482914099
-0.000547849224
-0.0002786648449
-0.0007169250233
-0.000726181075
-0.0007239065607
-0.000707298341
-0.0006757479942
-0.0006249545975
-0.0005617043691
-0.0005325122913
-0.0006081511035
-0.0007895959886
-0.000933675523
-0.0008619300642
-0.0005744782566
-0.0002780474021
-0.0001535370565
-0.000301052024
-0.0003963228043
-0.0006489815371
-0.0008991176355
-0.0009544703558
-0.000809446093
-0.0006330524313
-0.0005676342617
-0.0006154216318
-0.0006966412249
-0.0007412541025
-0.0007201253839
-0.0006426853296
-0.0005529077956
-0.0004978132804
-0.0004092558943
-0.0006410682627
-0.0009820058757
-0.001130771815
-0.0009643372602
-0.0006613898751
-0.0004674087086
-0.000459451902
-0.0005603101927
-0.0006732594998
-0.0007479672094
-0.0007651452438
-0.0007214145323
-0.0006432781815
-0.0005768032082
-0.0006633828246
-0.0009837777088
-0.00119772971
-0.001067034295
-0.0006985680516
-0.0003904615669
-0.0003034589414
-0.000380267908
-0.0005003475903
-0.0006061411474
-0.0006940356522
-0.0007564622161
-0.0007692769223
-0.0007282759789
-0.0006693344639
-0.0009024296741
-0.00112258928
-0.001058358781
-0.0007096442599
-0.0003519355605
-0.0002147418533
-0.0002821721745
-0.000402728125
-0.00048131892
-0.0005309759439
-0.000597578739
-0.0006851567672
-0.0007528027288
-0.0007645339029
-0.0007311835801
-0.0009437602491
-0.0009462979819
-0.0006831717665
-0.0003456569739
-0.0001874114051
-0.0002655578563
-0.0004347634481
-0.0005363538225
-0.0005359938139
-0.0005047190383
-0.0005191484382
-0.0005935868641
-0.0006843547814
-0.0007372485818
-0.0007362360801
-0.0007941274016
-0.0006435374548
-0.0003792336075
-0.0002137836595
-0.0002704376877
-0.000478974528
-0.0006692938203
-0.000727597387
-0.0006625439198
-0.0005615393065
-0.0005070439767
-0.0005255045448
-0.0005907301281
-0.0006545372641
-0.0006840420925
-0.000624044186
-0.0004568742198
-0.0003026691563
-0.0002956484532
-0.0004566928726
-0.0006871400904
-0.0008579973131
-0.0008972337719
-0.0008137171195
-0.0006702413026
-0.000539671551
-0.0004716817002
-0.0004798087553
-0.0005404675303
-0.0006070083644
-0.0005643132746
-0.0004502371074
-0.0003813352542
-0.0004246590554
-0.0005757896588
-0.0007694030325
-0.0009237587735
-0.0009782054151
-0.0009083663251
-0.0007358291338
-0.0005295384092
-0.0003828125532
-0.0003612519949
-0.000453425708
-0.0005730159829
-0.000605844248
-0.0005375126868
-0.0004837683904
-0.0004899167255
-0.000574575601
-0.0007176481963
-0.0008631403746
-0.0009352375892
-0.0008694094592
-0.000663163382
-0.0004101465284
-0.0002615400802
-0.0003089984791
-0.0004930131674
-0.0006482831843
-0.0006721633719
-0.0006286468649
-0.0005577964481
-0.0005042079185
-0.0005156524077
-0.0006049156541
-0.0007242050927
-0.0007778088514
-0.0006824912497
-0.0004546403644
-0.0002429720332
-0.0002300633265
-0.0004481759411
-0.0007151810287
-0.000810345455
-0.0007102887573
-0.0006921297397
-0.0006196618477
-0.00053189696
-0.0004880903677
-0.0005167286783
-0.0005749544624
-0.0005672361211
-0.0004339972738
-0.0002507675908
-0.0002096849605
-0.0004344529872
-0.0007962945679
-0.001001300922
-0.0009134251069
-0.00070905465
-0.0007255396293
-0.000683440557
-0.0006023753797
-0.0005320028676
-0.0005008646117
-0.0004779866905
-0.0004014534
-0.0002752350059
-0.0002328553049
-0.000431573004
-0.0008291851347
-0.001133551685
-0.001094365998
-0.0008115771502
-0.0006778345985
-0.0007251417586
-0.0007291277469
-0.0006854793544
-0.0006191978379
-0.0005494809184
-0.0004647578506
-0.0003601276741
-0.0003071338171
-0.0004397571276
-0.0007859034439
-0.001128240604
-0.001165533727
-0.0008654881328
-0.000532093821
-0.0006299097464
-0.0006901815941
-0.0007312615149
-0.0007319947517
-0.0006921740499
-0.0006183293365
-0.0005201710165
-0.0004422997637
-0.0004810410938
-0.0007001719977
-0.0009893274437
-0.001090639643
-0.0008673452224
-0.0004940326427
-0.0002663542733
-0.0005815239999
-0.0006335521534
-0.0006894209604
-0.0007220352601
-0.0007150883069
-0.0006662531672
-0.0005962242742
-0.0005638060826
-0.0006360110533
-0.0007990400077
-0.0009111636423
-0.0008194582548
-0.000542191902
-0.0002719225687
-0.000165071055
-0.0002532498512
-0.0003450412456
-0.0005990897557
-0.0008651567394
-0.000951742404
-0.0008341953544
-0.0006648292151
-0.0005917595911
-0.00063210073
-0.0007091725616
-0.0007439560159
-0.0007037686536
-0.0006082912849
-0.0005119666958
-0.0004631217328
-0.0003569353131
-0.0005644171438
-0.0009121461559
-0.001108356508
-0.001001949447
-0.0007304924705
-0.0005307302572
-0.0005041542766
-0.0005942768817
-0.0007019908893
-0.0007635405295
-0.0007565729757
-0.000690689851
-0.0006050061526
-0.0005497439172
-0.0006158796318
-0.000916890996
-0.001168598883
-0.001111348451
-0.0007959443864
-0.0004899913174
-0.0003758164016
-0.0004334907974
-0.0005540962113
-0.0006646236986
-0.0007427720476
-0.0007780724944
-0.0007604845878
-0.0007038185213
-0.0006552960435
-0.0008745475389
-0.001105956954
-0.001105374888
-0.0008182704794
-0.0004698439812
-0.0002964867576
-0.0003289762333
-0.000447105972
-0.0005482480636
-0.0006178634978
-0.0006813381848
-0.0007413325996
-0.0007718209479
-0.0007586102672
-0.0007282102142
-0.0009471110809
-0.0009874157458
-0.0007801112916
-0.0004608353066
-0.0002663447908
-0.0002907894653
-0.0004366676597
-0.0005590611308
-0.0006012108263
-0.000602309889
-0.000620733571
-0.0006714021691
-0.0007245366935
-0.0007472965314
-0.0007392406367
-0.0008211629172
-0.0007092114192
-0.0004682784869
-0.0002813412824
-0.0002843580563
-0.0004478172526
-0.0006327178844
-0.0007246250345
-0.0007076856333
-0.0006424791689
-0.000597813948
-0.0006017017625
-0.0006382322087
-0.0006745895729
-0.0006899435321
-0.0006555667414
-0.000512528346
-0.0003548997505
-0.0003122005919
-0.0004275406895
-0.0006300862862
-0.0008040342738
-0.0008712667272
-0.0008244157525
-0.0007108548837
-0.0005956898741
-0.0005286023315
-0.0005260243089
-0.0005690523857
-0.0006177305745
-0.000592801236
-0.0004938539629
-0.0004166157692
-0.0004307928572
-0.0005489037458
-0.0007214571003
-0.0008715916017
-0.0009345558637
-0.0008811501608
-0.0007307713415
-0.0005499858528
-0.000425818164
-0.0004137874035
-0.000495768662
-0.0005918319362
-0.000640034279
-0.0005892856503
-0.0005393623918
-0.0005306598386
-0.0005881810654
-0.0007024908395
-0.0008246974159
-0.0008824595581
-0.0008173031881
-0.0006341341638
-0.0004242375882
-0.0003186881563
-0.0003828071387
-0.000548140061
-0.000670036436
-0.0007170894343
-0.0006982350658
-0.0006492522036
-0.0005966772507
-0.0005836440935
-0.0006319402856
-0.0007080656057
-0.0007314079168
-0.0006345060819
-0.0004426541653
-0.0002908351736
-0.0003225969256
-0.0005368763565
-0.0007608670034
-0.0008198971795
-0.0007500124574
-0.0007620608559
-0.0007284670126
-0.0006581446268
-0.0005970071476
-0.0005805983319
-0.0005869407778
-0.0005467385756
-0.0004221396386
-0.0002885621768
-0.0003040064525
-0.0005424411573
-0.0008598681256
-0.001005741987
-0.0009007560569
-0.0007120172071
-0.0007623091081
-0.0007714511398
-0.0007234444052
-0.0006494559411
-0.0005826976157
-0.0005155936436
-0.0004174732196
-0.0003113325818
-0.0003146913626
-0.0005365822853
-0.0008991483462
-0.001133703836
-0.00105264385
-0.0007859462845
-0.0006204159243
-0.0007043393928
-0.000765040853
-0.0007657065002
-0.0007119780742
-0.0006249040657
-0.0005144440139
-0.000402863843
-0.0003700364526
-0.0005224776059
-0.0008482417998
-0.001129187822
-0.001113742214
-0.0008116268078
-0.0005124173007
-0.0005196413879
-0.000617628125
-0.0007135923738
-0.0007627568833
-0.0007467321527
-0.0006718078215
-0.0005641876503
-0.0004864666079
-0.0005332651817
-0.0007445274865
-0.0009956143673
-0.001052666592
-0.000816742595
-0.0004647642618
-0.000260828116
-0.0004544848379
-0.0005466831148
-0.0006554047391
-0.0007318999423
-0.0007464914213
-0.00069848178
-0.0006218997683
-0.0005866535856
-0.0006570588035
-0.0008090948705
-0.0009030505249
-0.0008018602607
-0.000530956841
-0.0002715839113
-0.0001691457085
-0.000200516463
-0.0003019244005
-0.0005701480557
-0.0008533743794
-0.000960038076
-0.000856699602
-0.0006888224092
-0.0006118949083
-0.0006546034905
-0.00073891049
-0.0007714538702
-0.0007082909927
-0.0005751467296
-0.000447490658
-0.0003886312206
-0.000310776667
-0.0005051761998
-0.0008629393454
-0.00109579928
-0.001032969084
-0.0007829752499
-0.0005778388415
-0.0005397739496
-0.0006291070345
-0.0007424516555
-0.0008003489874
-0.0007717838882
-0.000673895079
-0.0005633524065
-0.0005048348645
-0.0005863857288
-0.000869024231
-0.001147830305
-0.001147524716
-0.000874532621
-0.0005693579888
-0.0004313891045
-0.0004745478564
-0.000602496496
-0.000728269948
-0.0008091328048
-0.0008259240367
-0.0007769325344
-0.0006948519813
-0.0006473944746
-0.0008669179238
-0.001098304026
-0.001144468783
-0.0009094709566
-0.0005730366961
-0.0003696909441
-0.0003677300457
-0.0004796816069
-0.0006032506914
-0.0007008000785
-0.0007747854897
-0.0008197465093
-0.0008188305716
-0.0007784867441
-0.0007472392972
-0.0009625987859
-0.00102558159
-0.0008631891166
-0.0005652348027
-0.0003471667748
-0.000326014792
-0.0004436582846
-0.0005742594179
-0.000650482683
-0.0006865009312
-0.0007203078868
-0.0007605040876
-0.0007857384392
-0.0007821078449
-0.0007675697728
-0.0008498337529
-0.0007678683076
-0.0005509951664
-0.0003540289836
-0.0003172230625
-0.0004408796471
-0.0006122708187
-0.000721402896
-0.0007387484395
-0.0007057107409
-0.0006771735686
-0.0006769538002
-0.0006945621986
-0.0007099378488
-0.0007141168037
-0.0006819522424
-0.0005629650046
-0.0004112091002
-0.0003468264714
-0.0004269146696
-0.0006032279395
-0.0007722008503
-0.0008530477737
-0.0008288323566
-0.0007378515555
-0.0006387695342
-0.0005776009172
-0.000570107956
-0.0006008767755
-0.0006357226503
-0.0006129411322
-0.0005318749592
-0.0004577617212
-0.0004571650764
-0.0005517017056
-0.0007044158562
-0.0008445551247
-0.0009062306002
-0.0008588681757
-0.0007227408461
-0.0005632398386
-0.0004596786342
-0.000456806509
-0.0005315513908
-0.0006101815229
-0.000664454518
-0.0006303362959
-0.0005923457483
-0.0005828106719
-0.0006253482341
-0.0007161123069
-0.0008135461561
-0.0008519933534
-0.0007811627912
-0.000613442921
-0.0004374377905
-0.0003658817384
-0.0004421224859
-0.0005929816394
-0.0006923225263
-0.0007529987221
-0.000751552146
-0.0007263137632
-0.0006861924168
-0.0006634204492
-0.0006816187741
-0.0007189861938
-0.0007115482734
-0.0006088577118
-0.0004436870554
-0.0003374896731
-0.0004013122998
-0.0006099953256
-0.0008020339423
-0.0008398541159
-0.0007846831622
-0.0008150989508
-0.0008158967259
-0.0007691152232
-0.0007041039029
-0.000656695413
-0.0006205107647
-0.0005506433121
-0.0004300879457
-0.0003337614888
-0.0003901099373
-0.0006347664452
-0.0009163461189
-0.001020520827
-0.0009097305245
-0.0007160291375
-0.0007874284348
-0.0008392876011
-0.0008241890017
-0.0007550438849
-0.00066525345
-0.0005646036246
-0.0004485282303
-0.0003565594017
-0.0003930651623
-0.0006291291919
-0.0009621169987
-0.001144443583
-0.001034574146
-0.0007819710659
-0.0005708118682
-0.000681143597
-0.0007891377258
-0.0008294333275
-0.0007905807509
-0.0006936897616
-0.0005652243693
-0.0004488317559
-0.0004308656315
-0.0005967128888
-0.0009054652866
-0.001140403729
-0.001085944171
-0.0007787064298
-0.0004976339443
-0.0004223280216
-0.0005524440738
-0.0006957482847
-0.0007869739006
-0.0007924105801
-0.0007180082311
-0.0006037574607
-0.0005266844634
-0.0005802686604
-0.0007868235315
-0.00101152745
-0.001036413849
-0.00078579212
-0.0004367443924
-0.0002367539891
-0.0003428623662
-0.0004740478128
-0.0006320615228
-0.0007469270022
-0.0007780983352
-0.0007279575585
-0.0006438650186
-0.0006065202111
-0.0006791042408
-0.0008290169746
-0.0009142205378
-0.0008029089977
-0.0005222983064
-0.0002517130961
-0.0001408117736
-0.0001243711085
-0.0002469752582
-0.0005433895681
-0.0008505737582
-0.000974248291
-0.0008776950888
-0.0007059211829
-0.0006245638897
-0.0006735167196
-0.0007711185787
-0.0008056248222
-0.0007181409061
-0.0005396619423
-0.0003703283201
-0.0002939239366
-0.0002510757341
-0.000442484567
-0.0008171553655
-0.00108466358
-0.001058813379
-0.0008254644158
-0.0006130484345
-0.0005633528228
-0.0006542385907
-0.0007788445649
-0.0008396798288
-0.000792967657
-0.0006603877621
-0.0005175458719
-0.0004489819989
-0.0005559511898
-0.0008228827726
-0.001124479136
-0.001173501943
-0.0009395278849
-0.0006365696729
-0.0004752710492
-0.0005012159793
-0.0006348734419
-0.0007797277068
-0.0008716380519
-0.0008778520579
-0.0008000586698
-0.0006894102961
-0.0006392954978
-0.0008645019019
-0.001089546374
-0.001172667688
-0.000985324141
-0.000664899138
-0.0004372370406
-0.0003999462054
-0.00049852447
-0.0006382327789
-0.0007645438837
-0.0008567263083
-0.0008963351126
-0.0008705376965
-0.0008047307309
-0.0007726122097
-0.0009810102223
-0.001057077232
-0.0009335901879
-0.0006603779105
-0.000427508689
-0.0003655265085
-0.0004504014138
-0.0005785164901
-0.0006796171955
-0.000748462546
-0.0008027299665
-0.000840804579
-0.0008458342055
-0.0008207314696
-0.0008022023942
-0.0008760557181
-0.0008175987613
-0.0006261357435
-0.0004280820583
-0.0003601771989
-0.0004453946915
-0.0005961987324
-0.0007116075676
-0.0007539443143
-0.0007493747592
-0.0007388566208
-0.000739563471
-0.0007441030652
-0.0007436665185
-0.0007398497232
-0.0007019799994
-0.000604493575
-0.0004638006625
-0.0003876687044
-0.0004398197691
-0.0005899839946
-0.0007479572982
-0.0008341916938
-0.0008256484606
-0.0007531674762
-0.0006691219266
-0.0006146475966
-0.00060423635
-0.0006258940156
-0.0006500249846
-0.0006245254837
-0.0005592024942
-0.0004921477849
-0.0004850972039
-0.0005635927039
-0.0006993698254
-0.0008277540225
-0.0008844906225
-0.0008392461893
-0.0007135744923
-0.0005712674008
-0.0004844839696
-0.0004887266078
-0.0005577246859
-0.0006231001546
-0.0006788317715
-0.0006565749359
-0.0006306516702
-0.0006261745097
-0.0006625696754
-0.0007373480903
-0.0008141119477
-0.0008342361436
-0.0007563500111
-0.000599679749
-0.0004501338273
-0.0004047787406
-0.0004895601657
-0.000629019422
-0.0007129105639
-0.0007790238248
-0.0007870462765
-0.0007817816757
-0.0007571120197
-0.0007334514351
-0.0007324393738
-0.0007398444302
-0.0007063304742
-0.0005973013489
-0.0004526247381
-0.0003818056738
-0.0004694341194
-0.0006724401994
-0.0008404212663
-0.0008660436329
-0.0008121297692
-0.0008513969906
-0.0008799336793
-0.0008563763183
-0.0007940186197
-0.0007263800544
-0.0006581962211
-0.0005647236419
-0.0004470797176
-0.000380123488
-0.0004679238764
-0.0007159565201
-0.0009688141387
-0.00104182607
-0.000930231289
-0.0007172341706
-0.0008012913052
-0.0008880684014
-0.0009023321947
-0.0008406044589
-0.0007353678119
-0.000609837211
-0.0004807152141
-0.0004008862676
-0.0004640848455
-0.0007110799772
-0.001020449742
-0.001161417069
-0.00102731941
-0.0007835250485
-0.0005225071762
-0.0006541847975
-0.0008025852511
-0.0008770442871
-0.0008517483179
-0.0007481029825
-0.0006062451369
-0.0004874601467
-0.0004829925595
-0.0006611905725
-0.0009580906908
-0.001157190121
-0.001068287173
-0.0007473306662
-0.0004695245138
-0.0003282908366
-0.0004894159401
-0.0006760591822
-0.0008042007544
-0.0008274416997
-0.0007525450758
-0.0006322156823
-0.0005565321909
-0.0006182904393
-0.0008252844925
-0.001032368391
-0.001029678615
-0.0007557778874
-0.0003904953457
-0.0001781101117
-0.0002337748181
-0.0004056576746
-0.0006125355783
-0.000762776789
-0.0008063735478
-0.0007506999631
-0.0006574245154
-0.000618971949
-0.0006983243441
-0.0008537685189
-0.0009352550512
-0.0008079861196
-0.0004993044889
-0.0001968946016
-6.731039275e-05
-2.778350872e-05
-0.0001787578092
-0.0005133723874
-0.0008510891614
-0.0009930411597
-0.0009015007889
-0.0007238297265
-0.0006362707843
-0.0006903420864
-0.0008011622044
-0.000838863808
-0.0007287579307
-0.0005069647872
-0.0002978575027
-0.0002048269723
-0.0001768166207
-0.0003703741448
-0.000766895506
-0.001070245605
-0.001080966248
-0.0008651281004
-0.0006464551709
-0.0005837859153
-0.0006734302574
-0.0008077964846
-0.0008730592067
-0.0008117741031
-0.0006484442738
-0.0004760252484
-0.0003984628353
-0.0005198558676
-0.0007707649697
-0.001092668765
-0.001188425797
-0.0009953710599
-0.0007000122491
-0.0005185133044
-0.0005244741187
-0.0006580662165
-0.0008182020855
-0.0009220582161
-0.0009220986404
-0.0008210210609
-0.0006860074769
-0.0006356389025
-0.0008620569766
-0.001074459211
-0.001188153464
-0.001047865152
-0.0007502192488
-0.0005063001632
-0.0004357958374
-0.0005154380779
-0.0006628916013
-0.0008121616257
-0.000922016737
-0.0009600271183
-0.0009152155169
-0.0008295766118
-0.0008004191043
-0.001000296833
-0.001080844441
-0.0009919895679
-0.00074788657
-0.0005098808654
-0.0004137012647
-0.000464639412
-0.0005826876382
-0.0006996242101
-0.0007950284979
-0.0008679319657
-0.000905922877
-0.0008956171533
-0.0008548565072
-0.000836798289
-0.0009022038561
-0.0008606732445
-0.0006944087385
-0.0005023377458
-0.0004118716901
-0.0004618493531
-0.0005887015427
-0.0007030699492
-0.0007633383076
-0.000782031957
-0.0007871821893
-0.0007889615069
-0.0007831901363
-0.0007714430585
-0.0007635710015
-0.0007217939366
-0.0006418174014
-0.0005134389075
-0.0004313120241
-0.0004610768202
-0.0005865389557
-0.0007307503979
-0.0008182053263
-0.00082160345
-0.0007647290448
-0.0006932361978
-0.0006437802488
-0.0006305405019
-0.0006453978989
-0.0006619073242
-0.0006358915676
-0.0005825986144
-0.0005219891472
-0.0005109794151
-0.0005769811483
-0.0006980618777
-0.0008155454811
-0.0008674026591
-0.0008244758262
-0.0007081435886
-0.0005802223193
-0.0005062993409
-0.0005152252757
-0.0005793404493
-0.0006348129532
-0.0006925175057
-0.0006766683895
-0.0006590857771
-0.0006592615039
-0.0006922676086
-0.0007556561532
-0.0008165697909
-0.0008227273314
-0.0007404833895
-0.000594393872
-0.0004668441663
-0.0004416696417
-0.000531653907
-0.0006616893035
-0.0007354790004
-0.0008039336382
-0.0008143027455
-0.0008228130473
-0.0008110367116
-0.0007886395847
-0.0007742696524
-0.0007594226172
-0.0007065209175
-0.0005947039201
-0.0004686233798
-0.0004268913726
-0.0005320176321
-0.00072854395
-0.0008779355395
-0.0008984820109
-0.0008393175221
-0.0008803111701
-0.0009292906476
-0.000924630446
-0.0008655315638
-0.000782933626
-0.0006906616547
-0.000580481143
-0.0004680234529
-0.0004268133845
-0.0005397828885
-0.000788452194
-0.001016892545
-0.001066491875
-0.0009592687546
-0.0007202640136
-0.0008120072956
-0.0009267353304
-0.0009646649214
-0.0009086816194
-0.0007909043236
-0.0006463880701
-0.0005090697551
-0.0004419332971
-0.0005281978441
-0.000783570124
-0.001072452921
-0.001179304822
-0.001025501224
-0.0007894255908
-0.0004786414068
-0.0006298443872
-0.0008134103064
-0.0009160182522
-0.0009006900616
-0.0007903366371
-0.0006377296755
-0.0005187093065
-0.0005276079338
-0.0007174294219
-0.001005252765
-0.001174624007
-0.001054927313
-0.0007167298259
-0.0004350143217
-0.0002405261408
-0.0004332811699
-0.0006605534835
-0.0008209401283
-0.0008578002201
-0.0007802761251
-0.0006537287162
-0.0005799013886
-0.0006509421191
-0.0008613574312
-0.001055932879
-0.001028402587
-0.0007266984715
-0.0003350098289
-0.0001018097438
-0.0001306444017
-0.0003451080914
-0.00060059198
-0.0007836721556
-0.0008361975716
-0.0007720773022
-0.000668378828
-0.0006294972637
-0.0007187286186
-0.0008843376222
-0.0009649001363
-0.0008177669417
-0.0004702265091
-0.0001245314887
2.862784108e-05
8.63168415e-05
-9.651259645e-05
-0.0004740808323
-0.0008451663013
-0.001005450753
-0.000918754742
-0.0007356336911
-0.0006418333987
-0.0006987735814
-0.0008198936641
-0.000859626836
-0.0007297853659
-0.0004711018488
-0.0002292954314
-0.0001231923532
-8.810962954e-05
-0.0002858294616
-0.0007049736494
-0.001042462519
-0.001088693935
-0.0008929745263
-0.0006721432369
-0.0005977241923
-0.0006828707579
-0.0008224679014
-0.0008903255539
-0.0008174794028
-0.0006301344659
-0.0004350194596
-0.0003518088752
-0.0004736421666
-0.0007062303984
-0.001042996317
-0.001181229657
-0.001031036734
-0.000751241308
-0.0005565122574
-0.0005432113
-0.0006711959896
-0.0008398334356
-0.000951967891
-0.0009477181201
-0.0008294081783
-0.0006771467219
-0.0006302109537
-0.0008517434203
-0.001044133564
-0.001180039626
-0.001085085217
-0.0008180319792
-0.0005694568282
-0.0004723402644
-0.0005314100992
-0.0006787082902
-0.0008425041283
-0.000964790245
-0.001001267032
-0.000942231149
-0.0008435115236
-0.0008215495422
-0.001011137254
-0.001087103774
-0.001026880508
-0.0008155705799
-0.0005836433481
-0.0004641450235
-0.0004849052644
-0.0005888301328
-0.0007131497283
-0.0008265099519
-0.0009122226629
-0.0009488548805
-0.0009261409674
-0.0008753516904
-0.0008619004039
-0.0009196249243
-0.0008881383388
-0.0007456180026
-0.0005659754155
-0.0004628519472
-0.0004847713645
-0.0005882580075
-0.0006975700862
-0.0007688842481
-0.0008044973372
-0.000820096355
-0.0008207766875
-0.0008057650084
-0.0007862546826
-0.0007776451073
-0.0007343073256
-0.0006680268259
-0.0005525137655
-0.0004693921605
-0.0004827644818
-0.0005868499129
-0.0007174312114
-0.0008039304935
-0.0008165285999
-0.0007719019759
-0.0007094888899
-0.0006620324995
-0.0006448782852
-0.0006541283462
-0.0006651381464
-0.0006420713477
-0.0005978280376
-0.000542948241
-0.0005295462663
-0.0005853425746
-0.0006939012522
-0.0008017864929
-0.0008506315302
-0.0008110819127
-0.000704184296
-0.000587826847
-0.000522507941
-0.0005325725718
-0.0005911959646
-0.0006387414764
-0.00070144476
-0.0006879948324
-0.0006753466841
-0.0006785244779
-0.0007086635344
-0.0007630328421
-0.0008123813631
-0.0008096297986
-0.0007274987016
-0.0005929777333
-0.0004838952947
-0.0004723150987
-0.0005625173404
-0.0006829336209
-0.0007503654589
-0.0008231356895
-0.0008309207934
-0.0008477935452
-0.000845217812
-0.0008234943026
-0.0007991383905
-0.0007680817107
-0.0007032974008
-0.0005935619151
-0.000485961595
-0.0004669961156
-0.0005818232153
-0.0007683380073
-0.0009023187913
-0.00092404158
-0.0008597672188
-0.0008983538232
-0.0009615702263
-0.0009708225331
-0.0009134025691
-0.0008189006427
-0.0007091444265
-0.0005894032669
-0.0004855032766
-0.0004668257454
-0.0005971202559
-0.0008406102474
-0.001045998577
-0.00107950551
-0.0009831075617
-0.0007177875566
-0.0008150773482
-0.0009520045766
-0.001007741613
-0.0009547094259
-0.0008261173672
-0.0006674956558
-0.0005269749579
-0.0004728773308
-0.0005773826005
-0.0008350838378
-0.001102955239
-0.001182163168
-0.001016826191
-0.0007918751136
-0.0004331133066
-0.0006035978038
-0.0008174883443
-0.0009423647913
-0.0009330776472
-0.0008158639793
-0.000654773043
-0.0005374107206
-0.0005580947815
-0.0007558357439
-0.001033256127
-0.001177359404
-0.001034248439
-0.0006837896606
-0.0003979874289
-0.0001559035571
-0.0003803351639
-0.0006447501007
-0.000832411621
-0.0008787876052
-0.0007969699592
-0.0006641378012
-0.0005920418815
-0.0006708907268
-0.0008840917831
-0.00106863419
-0.001021357249
-0.0006959456689
-0.0002789621773
-2.38251107e-05
-3.229924665e-05
-0.0002888457536
-0.0005903613638
-0.0008029064704
-0.0008611514208
-0.0007867725078
-0.0006718386875
-0.0006323297332
-0.0007315357184
-0.0009087444722
-0.0009907112732
-0.0008256284472
-0.0004397938261
-5.097501666e-05
0.0001258395561
0.0002000199179
-1.358812956e-05
-0.0004330549808
-0.0008350453458
-0.001010701447
-0.0009268007002
-0.0007388222541
-0.0006397166766
-0.0006990932444
-0.0008280803388
-0.0008686917868
-0.000721644126
-0.000433254823
-0.0001666010952
-5.206840535e-05
8.502105572e-07
-0.0001997006737
-0.0006377264602
-0.00100333389
-0.00108027478
-0.0009043822546
-0.000685053547
-0.0006016778138
-0.0006816151705
-0.0008230807086
-0.000891801375
-0.000810048952
-0.000605657376
-0.0003954313232
-0.0003108363949
-0.0004262354898
-0.0006364711401
-0.0009799098846
-0.001151777539
-0.00104182938
-0.0007822578194
-0.0005819557971
-0.0005527219913
-0.0006727772425
-0.000844306368
-0.0009615368872
-0.0009545764625
-0.0008255539239
-0.0006634416633
-0.0006242088798
-0.0008375505367
-0.00100228756
-0.001149272656
-0.001092724295
-0.0008590174534
-0.0006155793194
-0.0005010239118
-0.0005411531151
-0.0006838332391
-0.0008544800528
-0.0009843257682
-0.001019684962
-0.0009517973992
-0.0008471270895
-0.0008367812404
-0.00101458176
-0.001076345144
-0.001035525449
-0.0008552237447
-0.0006373312073
-0.0005057466739
-0.0005031420005
-0.0005921331497
-0.000717853636
-0.0008414166904
-0.0009344103602
-0.0009686260409
-0.0009377918184
-0.000883054827
-0.0008787298667
-0.0009271918692
-0.0008975595008
-0.0007740010775
-0.000609618582
-0.0005028537325
-0.0005048705269
-0.0005886553153
-0.0006899589326
-0.0007674568603
-0.0008134677154
-0.0008352903225
-0.0008331834676
-0.0008113659132
-0.0007886751953
-0.0007832239222
-0.0007377882418
-0.0006796807296
-0.0005756232312
-0.0004950850736
-0.0004979545419
-0.0005851826904
-0.0007031337723
-0.000787112515
-0.0008060512243
-0.0007706744656
-0.0007143831534
-0.0006671422696
-0.000646224327
-0.00065193912
-0.0006605211502
-0.0006412570893
-0.0006021072855
-0.0005515258303
-0.0005368138616
-0.0005848317821
-0.0006823188478
-0.0007823997105
-0.0008286665874
-0.0007940524531
-0.0006959227437
-0.0005894926832
-0.0005294302501
-0.0005383290987
-0.0005915416506
-0.0006338357401
-0.0007046486948
-0.0006894081257
-0.0006783563722
-0.000682817619
-0.0007099758129
-0.000756725777
-0.0007974128688
-0.0007900837591
-0.0007119634429
-0.000589998599
-0.000496018423
-0.0004923517113
-0.0005785903402
-0.0006895715746
-0.0007544093115
-0.0008355915589
-0.0008363706367
-0.0008563069886
-0.0008588158463
-0.0008368225466
-0.0008040401937
-0.0007619965972
-0.0006912224809
-0.0005886911742
-0.0004985827014
-0.0004966255376
-0.0006134254653
-0.0007869506887
-0.0009087261186
-0.0009371655399
-0.0008725222409
-0.000904883532
-0.0009766125326
-0.0009943092017
-0.0009366411791
-0.0008323126843
-0.0007106755848
-0.0005875325631
-0.0004950640436
-0.0004951939063
-0.0006348292458
-0.0008669776592
-0.001050889606
-0.001075443391
-0.0009964333392
-0.000709265978
-0.0008097194792
-0.0009632634031
-0.001030969976
-0.0009778067538
-0.0008394808817
-0.0006715503868
-0.0005316545277
-0.0004904891908
-0.0006071368775
-0.0008606881729
-0.001106621857
-0.001164923945
-0.0009977961616
-0.0007901497939
-0.0003876843901
-0.0005756051513
-0.0008146828551
-0.0009558405365
-0.0009490287271
-0.0008244350184
-0.0006570820883
-0.000542247506
-0.0005722590757
-0.0007727452909
-0.001037647322
-0.001160685485
-0.001003954479
-0.0006512915487
-0.0003672423425
-7.886257145e-05
-0.0003324674361
-0.0006290346358
-0.000838441009
-0.0008905484346
-0.0008028194017
-0.0006635569861
-0.0005918737279
-0.0006758758828
-0.0008894472256
-0.001065694395
-0.001005480073
-0.0006665238774
-0.0002337990877
3.760388402e-05
5.413595721e-05
-0.000240630752
-0.0005831199783
-0.0008202845965
-0.000881230729
-0.0007950202894
-0.0006681636075
-0.0006263543101
-0.0007336867045
-0.0009216310358
-0.001007709512
-0.0008313560127
-0.0004172533755
5.401478732e-06
0.0002013956167
0.0003042088372
6.109849939e-05
-0.0003976374978
-0.000826541026
-0.001011956472
-0.0009267975811
-0.0007329418011
-0.0006301637007
-0.0006928541261
-0.0008294616371
-0.0008704148653
-0.0007080792758
-0.000394011901
-0.0001068257674
1.525174495e-05
8.060407912e-05
-0.0001232709318
-0.0005758922286
-0.0009613201884
-0.001060598387
-0.000901359347
-0.000685517716
-0.0005969229696
-0.0006728471382
-0.0008153406908
-0.0008840924078
-0.0007954309241
-0.0005781593241
-0.0003567778555
-0.0002712176413
-0.0003856008069
-0.0005725405897
-0.0009135950829
-0.00110783337
-0.001031473423
-0.0007942306677
-0.0005945186154
-0.0005542853906
-0.0006665076836
-0.0008386474336
-0.0009589107024
-0.0009507223971
-0.0008148280975
-0.0006471190242
-0.0006160211114
-0.0008259591969
-0.0009580854547
-0.001104198541
-0.001076692487
-0.0008760084076
-0.0006454840475
-0.0005215972572
-0.0005468154142
-0.0006825504537
-0.0008562420901
-0.0009905041359
-0.001025103795
-0.0009516121564
-0.0008450930476
-0.0008475417422
-0.00101463785
-0.001054727905
-0.00102310008
-0.0008707377732
-0.0006725743712
-0.0005388729222
-0.0005200934503
-0.0005954088981
-0.0007184242776
-0.000847055019
-0.0009437615576
-0.000975396313
-0.0009385377485
-0.000883516895
-0.000889971707
-0.0009269518939
-0.0008926721624
-0.000783077168
-0.0006364189947
-0.0005338223515
-0.0005247743042
-0.0005926226807
-0.0006857016963
-0.0007644048578
-0.0008166019461
-0.0008408604369
-0.0008354242327
-0.0008078645511
-0.0007842573143
-0.0007834537105
-0.0007322527077
-0.000678774897
-0.0005852124086
-0.0005114600344
-0.0005104907931
-0.0005861017844
-0.0006932233264
-0.0007735307829
-0.0007963334855
-0.0007674065691
-0.0007146856212
-0.000665885861
-0.0006405807351
-0.0006433487574
-0.0006501340072
-0.0006332410248
-0.0005976679688
-0.0005515347945
-0.0005385445413
-0.0005823184974
-0.0006721060206
-0.0007650542901
-0.0008100224509
-0.0007799414734
-0.0006906711844
-0.0005912827077
-0.0005330734383
-0.0005374944068
-0.0005842219639
-0.0006215160434
-0.0007019502565
-0.0006837614178
-0.0006734324521
-0.0006796303723
-0.0007051661746
-0.0007463210395
-0.0007810168164
-0.0007722239223
-0.0007008652003
-0.0005915267851
-0.000508780135
-0.0005067969721
-0.0005841184709
-0.0006845706601
-0.0007478969571
-0.0008422375715
-0.0008344707498
-0.0008554235656
-0.0008620289693
-0.0008395319311
-0.0008008112595
-0.0007514543123
-0.000680221707
-0.0005874336596
-0.000513705356
-0.0005216500335
-0.0006328998756
-0.0007893126714
-0.0009003525251
-0.0009382292192
-0.0008789448968
-0.0009038069724
-0.0009811386078
-0.001005419113
-0.0009468083247
-0.0008346865684
-0.0007055096567
-0.0005838415972
-0.0005039186674
-0.0005184717358
-0.0006591313805
-0.0008740567977
-0.001036657448
-0.001057904467
-0.0009999112376
-0.0006961233633
-0.0007990738648
-0.0009662843551
-0.001043351233
-0.0009889353332
-0.0008424536718
-0.0006680760407
-0.0005316405288
-0.0005014402234
-0.0006243906581
-0.0008670490292
-0.001090012564
-0.001133215835
-0.0009728055264
-0.0007861469562
-0.0003417904572
-0.0005467228081
-0.0008078970993
-0.0009624094496
-0.000956082573
-0.0008246323042
-0.0006520383492
-0.0005396827129
-0.000575224445
-0.0007733855182
-0.001023397035
-0.001130043578
-0.0009690204719
-0.0006234755076
-0.0003449769976
-6.106442764e-06
-0.000287649898
-0.0006134216528
-0.0008416708519
-0.0008973271368
-0.0008030570656
-0.0006567253827
-0.0005836722214
-0.0006689298502
-0.0008803492738
-0.001050193843
-0.0009847793036
-0.0006425311415
-0.0002028402455
8.081706766e-05
0.0001352088034
-0.0001952078363
-0.0005755921869
-0.000835334808
-0.0008975691076
-0.0007989283949
-0.0006587995657
-0.0006124576552
-0.0007247611674
-0.0009225525346
-0.001015843636
-0.00083637891
-0.0004045769548
4.29450021e-05
0.0002557414821
0.0004145077773
0.0001433836585
-0.0003551348204
-0.0008111172512
-0.001004280894
-0.0009131860507
-0.0007098293072
-0.0006023688157
-0.0006706030585
-0.0008172615749
-0.0008598960876
-0.0006809943644
-0.0003388859777
-2.886985658e-05
0.0001008315299
0.0001670606975
-3.933105429e-05
-0.0005064789482
-0.0009095149048
-0.00102606263
-0.0008777183554
-0.0006629993478
-0.000569910041
-0.0006447158214
-0.0007903105536
-0.0008602178604
-0.0007642333945
-0.0005333973563
-0.000300420864
-0.000214595237
-0.0003389904863
-0.0005014816793
-0.0008372211109
-0.001047076297
-0.0009972778744
-0.0007781834884
-0.0005799031077
-0.0005312301649
-0.0006385654308
-0.0008128956552
-0.0009378479915
-0.0009293798114
-0.0007876830992
-0.0006147961894
-0.0005932315565
-0.0008084486646
-0.0009046563559
-0.001042516969
-0.001034725321
-0.0008615407223
-0.0006436264815
-0.0005142559359
-0.00052745753
-0.0006586189812
-0.0008360904506
-0.0009765055967
-0.001012004339
-0.0009348699652
-0.0008278744474
-0.0008450982519
-0.001006436257
-0.001018729473
-0.0009870822604
-0.000854890137
-0.0006750392501
-0.0005422889862
-0.0005117522578
-0.000575411426
-0.0006966621134
-0.0008304494789
-0.0009320879335
-0.0009625408399
-0.0009219185569
-0.000868486017
-0.0008881735992
-0.0009132707232
-0.0008673865721
-0.0007642790266
-0.0006315616052
-0.0005351191184
-0.000518408549
-0.0005737725254
-0.0006584601044
-0.0007390098318
-0.0007966844188
-0.0008245719417
-0.0008165473048
-0.0007851600367
-0.0007626397073
-0.0007690170504
-0.0007092113651
-0.0006548759454
-0.0005677372938
-0.0005001114545
-0.000497892665
-0.000564314467
-0.0006619051783
-0.0007380272137
-0.0007647456346
-0.0007422476911
-0.0006935965125
-0.0006433286674
-0.0006145381184
-0.0006158572711
-0.0006233625783
-0.0006065123385
-0.0005709171619
-0.0005271746361
-0.0005157044266
-0.000556934898
-0.0006391867372
-0.0007258610354
-0.0007681804706
-0.0007447700389
-0.0006640357274
-0.0005721249909
-0.0005144351515
-0.0005145290277
-0.0005561653792
-0.0005912549929
-0.0006829472712
-0.0006589269564
-0.0006474553376
-0.000654722475
-0.0006788875874
-0.0007141863523
-0.000742993195
-0.0007333925583
-0.0006700709025
-0.0005732981678
-0.0005003051664
-0.0004978652923
-0.0005663777241
-0.0006587339251
-0.0007238825562
-0.0008352835148
-0.0008157094666
-0.000835463632
-0.0008447912961
-0.0008214419215
-0.0007756289216
-0.0007194973398
-0.0006479242035
-0.0005662683404
-0.0005071038204
-0.000522832988
-0.0006266804485
-0.0007680524666
-0.0008724302229
-0.0009231590962
-0.0008730876767
-0.0008868713075
-0.0009683631843
-0.000998204305
-0.0009379364289
-0.0008167840989
-0.0006798077509
-0.000559338285
-0.0004912720385
-0.0005176330933
-0.00065739366
-0.000855730618
-0.001001410238
-0.001023691471
-0.000989289061
-0.0006687810051
-0.0007714873481
-0.0009525685787
-0.00103906104
-0.0009826700926
-0.0008261673812
-0.0006442707668
-0.0005093922063
-0.0004884511564
-0.0006153127291
-0.0008476907952
-0.001051112558
-0.00108411299
-0.0009332929694
-0.00076925205
-0.0002780289667
-0.0004990547098
-0.0007846057574
-0.0009537996145
-0.0009478129288
-0.0008074075755
-0.0006274598082
-0.0005148094384
-0.0005540940436
-0.000749546407
-0.0009877505222
-0.001082070811
-0.0009199296471
-0.0005824603872
-0.0003111123941
8.819360943e-05
-0.0002224783519
-0.0005808092057
-0.0008303783455
-0.0008901387224
-0.0007874737429
-0.0006314686936
-0.0005541685349
-0.0006400089766
-0.0008507683654
-0.001017889145
-0.0009501065599
-0.0006058978438
-0.0001599459466
0.0001344080414
0.0002385929356
-0.0001296440412
-0.0005520775564
-0.0008374398516
-0.0009020478656
-0.0007892939878
-0.0006332903637
-0.0005798034972
-0.000696999314
-0.0009064486331
-0.001010129633
-0.0008297069432
-0.0003815269648
9.033417763e-05
0.0003192119592
0.0005363162435
0.0002329033689
-0.0003136498834
-0.0008049193408
-0.00100899237
-0.0009102897111
-0.0006932047299
-0.0005788404702
-0.0006525047497
-0.0008109290324
-0.000855134812
-0.0006564762309
-0.0002795423701
6.015663221e-05
0.0002023390044
0.000260048991
4.712045802e-05
-0.0004412564526
-0.0008668423668
-0.001001260538
-0.0008616502703
-0.0006453109937
-0.0005473004907
-0.0006217611847
-0.0007720582306
-0.0008427970971
-0.0007368375896
-0.0004873704112
-0.000237526245
-0.0001478045106
-0.0002944720944
-0.0004350493429
-0.0007671156838
-0.0009926939281
-0.0009676368669
-0.0007655423952
-0.0005681759031
-0.0005125914179
-0.0006168911669
-0.0007958576228
-0.0009259858276
-0.0009158522497
-0.0007642228554
-0.0005819750752
-0.0005675998641
-0.000801211779
-0.0008608724543
-0.0009873497541
-0.0009958811601
-0.0008479525206
-0.0006431512873
-0.0005095231232
-0.0005135971147
-0.0006425558889
-0.0008271753235
-0.0009751284478
-0.001010954316
-0.00092661812
-0.0008152711121
-0.0008458926912
-0.001011280466
-0.0009927197311
-0.0009555866327
-0.0008397931902
-0.000676955845
-0.0005467422019
-0.0005062329678
-0.0005610241283
-0.0006831675709
-0.0008256280054
-0.0009339794975
-0.0009630763464
-0.0009154983046
-0.0008603436654
-0.0008918881731
-0.0009102634986
-0.0008494421896
-0.0007485594326
-0.0006277854857
-0.0005373506084
-0.0005150079509
-0.0005585550964
-0.0006380056958
-0.0007212604172
-0.0007882002828
-0.0008207864111
-0.0008100672296
-0.0007720071055
-0.000747732941
-0.0007597282611
-0.0006919042049
-0.0006351313545
-0.0005526260515
-0.0004910736522
-0.0004881017083
-0.0005462403271
-0.0006346311646
-0.0007076356966
-0.0007397408495
-0.0007257811792
-0.0006821109551
-0.0006299137686
-0.0005953269075
-0.0005932090622
-0.0005999378796
-0.0005831019966
-0.000547893248
-0.0005069328527
-0.0004984665771
-0.0005376415647
-0.0006135905299
-0.000692144152
-0.0007354004926
-0.0007145498
-0.0006455493057
-0.0005599563025
-0.0005024282125
-0.000496424057
-0.0005322376581
-0.0005644203936
-0.0006676788553
-0.0006390560728
-0.0006279789733
-0.0006384556267
-0.0006620798414
-0.0006908480823
-0.0007124991067
-0.0006996413503
-0.000645144078
-0.0005603903353
-0.0004964908795
-0.0004929931119
-0.0005524614772
-0.0006377437176
-0.0007052570561
-0.000834702284
-0.0008039812923
-0.0008248786287
-0.0008401434159
-0.0008170534175
-0.0007637086971
-0.0006976662279
-0.0006243978447
-0.0005506380555
-0.000505288056
-0.0005271368906
-0.0006240750071
-0.0007519462179
-0.0008522095881
-0.0009170749098
-0.0008737811147
-0.0008763149502
-0.0009651013184
-0.00100491982
-0.000944758687
-0.0008135429118
-0.0006652739931
-0.0005423954645
-0.0004831767656
-0.000519577062
-0.0006578819596
-0.0008415271017
-0.00097301076
-0.0009988034172
-0.0009884490695
-0.0006433792182
-0.0007459845567
-0.0009456502239
-0.001047254644
-0.0009914802163
-0.0008242240075
-0.0006309716469
-0.0004940403329
-0.0004790024754
-0.0006090608224
-0.0008320080485
-0.001018481718
-0.001042730905
-0.0009010612796
-0.0007578224452
-0.0002061044224
-0.0004457512455
-0.0007620384978
-0.0009527641211
-0.0009505012597
-0.0008010743256
-0.0006105754206
-0.0004946592179
-0.0005358780783
-0.000729779219
-0.0009582654126
-0.001041615075
-0.0008759464256
-0.0005417526918
-0.0002727656209
0.0002013476355
-0.000143947136
-0.0005431961909
-0.0008218116854
-0.0008899594131
-0.0007795302111
-0.0006116777381
-0.0005285398999
-0.0006150143325
-0.0008278821011
-0.0009943542749
-0.0009226810445
-0.0005697525285
-0.0001084950337
0.0002029164748
0.0003675070153
-4.657796854e-05
-0.0005215119368
-0.0008414333115
-0.0009126448632
-0.0007861357355
-0.0006120883364
-0.0005506493483
-0.0006740195337
-0.0008986721942
-0.001014040539
-0.0008288779431
-0.0003545669002
0.0001521453333
0.0004030562636
0.0007198707301
0.0003790649244
-0.0002307514508
-0.0007760843542
-0.001003877916
-0.0008994785951
-0.0006632302525
-0.0005353882357
-0.0006129065197
-0.0007846133436
-0.0008303187069
-0.0006046968156
-0.0001802175313
0.0001989638059
0.0003536288557
0.000410045693
0.000191853331
-0.0003306646284
-0.0007975148857
-0.0009619590894
-0.0008328339692
-0.0006104755701
-0.0005026430044
-0.0005755763939
-0.0007308028616
-0.0008006497511
-0.000678254051
-0.0004011528405
-0.0001298117811
-4.022463097e-05
-0.0002088206376
-0.0003235670156
-0.0006609908891
-0.0009140493691
-0.0009197419395
-0.0007336059221
-0.0005337732639
-0.0004685845313
-0.0005702794723
-0.0007551763064
-0.0008908093744
-0.0008756847227
-0.0007088858008
-0.0005148738126
-0.0005138171054
-0.0007723806944
-0.0007910914095
-0.0009081145323
-0.0009353267153
-0.000811786413
-0.0006169111405
-0.000476874691
-0.0004712971883
-0.0006010947129
-0.0007964715801
-0.0009548174653
-0.0009901227227
-0.0008953536751
-0.0007788070094
-0.0008282338548
-0.001007355932
-0.0009527042707
-0.0009058358037
-0.0008019648659
-0.000651588052
-0.0005202415074
-0.0004685538438
-0.0005160773888
-0.000643281048
-0.0007998417111
-0.0009188713697
-0.0009467650183
-0.0008902157231
-0.000833075854
-0.0008800113199
-0.0008996468665
-0.0008185814841
-0.000713035006
-0.0005977504838
-0.0005083334573
-0.0004765305659
-0.0005082310485
-0.0005829613681
-0.0006750329332
-0.0007555442796
-0.0007972180099
-0.0007842052764
-0.0007384861361
-0.0007127313388
-0.000731903198
-0.0006607288884
-0.0005974917524
-0.0005140382525
-0.0004535671411
-0.0004459043904
-0.0004931164058
-0.0005703910553
-0.0006431819257
-0.000681503101
-0.0006807941763
-0.0006449154845
-0.0005919938375
-0.0005520222456
-0.0005476374294
-0.0005545834005
-0.0005390421666
-0.000502089406
-0.0004607040411
-0.0004525644775
-0.000487948569
-0.0005538737039
-0.0006249308793
-0.0006635648383
-0.0006529584747
-0.0005926551334
-0.00051685241
-0.0004608535213
-0.000451464562
-0.0004845601911
-0.0005157445762
-0.000630974614
-0.0005959413992
-0.0005835517099
-0.0005971116394
-0.0006195639941
-0.0006401739269
-0.0006495834593
-0.0006359167884
-0.0005824353259
-0.0005113399898
-0.0004579593756
-0.0004574161807
-0.0005130505278
-0.0005969334532
-0.0006706046866
-0.0008153521707
-0.0007698697392
-0.0007909135285
-0.0008141489498
-0.0007925201062
-0.0007288940418
-0.0006484510785
-0.0005673996073
-0.0004989744423
-0.0004660879647
-0.0004975317956
-0.000593172332
-0.0007144658079
-0.0008170324883
-0.0009010042342
-0.0008558627209
-0.0008410333404
-0.0009378969631
-0.0009923438972
-0.0009349002543
-0.0007915435781
-0.00062615634
-0.0004955643375
-0.0004407287765
-0.0004877474554
-0.0006289806489
-0.0008041535962
-0.000926273989
-0.0009585737713
-0.000976787339
-0.0005904231238
-0.0006870687482
-0.0009093584013
-0.001033654607
-0.0009826477251
-0.0008032139687
-0.0005938828053
-0.0004498153076
-0.0004390864805
-0.0005745996007
-0.0007932173204
-0.0009657383172
-0.0009790837945
-0.000842535121
-0.0007222184536
-9.024596856e-05
-0.0003469201469
-0.0007026084404
-0.0009251570551
-0.0009325629365
-0.0007741232242
-0.0005700492092
-0.0004482327848
-0.0004924988522
-0.000688942548
-0.0009109101572
-0.0009794133366
-0.0007985995406
-0.0004562263884
-0.0001886266363
0.0003714339097
-1.339207651e-05
-0.0004655342832
-0.0007856317655
-0.0008688801815
-0.0007513502332
-0.0005696233289
-0.0004799823305
-0.0005708764622
-0.0007908377732
-0.0009566716728
-0.000870416708
-0.0004898022481
1.959390459e-06
0.0003344409087
0.0005534469886
8.279952652e-05
-0.0004589156265
-0.0008247093559
-0.0009069692758
-0.0007651151011
-0.0005702952063
-0.0005010196548
-0.0006361531642
-0.000882183664
-0.001008991186
-0.0008062515147
-0.000283872915
0.0002758606706
0.0005529225752
0.000927018833
0.0005431113753
-0.0001436083519
-0.0007589057088
-0.001024441767
-0.0009219302825
-0.0006661218759
-0.0005199507807
-0.0005948025456
-0.0007754428845
-0.0008194121704
-0.0005633037857
-8.657359884e-05
0.000337489698
0.0005060781965
0.0005790346085
0.0003563500267
-0.0002089808629
-0.0007308330951
-0.0009409094521
-0.0008328444045
-0.0006074449599
-0.0004868863595
-0.0005520425181
-0.0007059002485
-0.0007688330761
-0.000623929176
-0.0003148048419
-1.956122418e-05
6.63439933e-05
-0.0001176120819
-0.0002003628892
-0.0005458226301
-0.0008370344601
-0.0008878531282
-0.0007290363827
-0.0005310508886
-0.0004548496064
-0.0005487026463
-0.0007334406274
-0.0008677467477
-0.0008412298259
-0.0006553058787
-0.0004498483075
-0.0004692297878
-0.0007544008695
-0.0007234030297
-0.0008303484119
-0.000882731834
-0.0007943744291
-0.0006183475539
-0.0004756475895
-0.0004600259905
-0.0005872062402
-0.00078911219
-0.0009527207911
-0.0009822356153
-0.0008742159713
-0.0007532305595
-0.0008291216389
-0.001029251448
-0.0009310190167
-0.0008722422435
-0.0007830227274
-0.0006508884623
-0.0005232145921
-0.0004622101351
-0.0005019554985
-0.0006335793004
-0.0008026665283
-0.0009298515237
-0.0009532780723
-0.0008857848449
-0.0008271000253
-0.0008942448938
-0.0009232646723
-0.0008172923261
-0.0007055221428
-0.0005958924424
-0.0005091690416
-0.00046939515
-0.0004885582498
-0.0005597020534
-0.0006601953455
-0.000755451805
-0.0008053391256
-0.0007883915508
-0.0007338208153
-0.000705842893
-0.0007334867983
-0.0006636550616
-0.000592685487
-0.0005080871451
-0.0004483919481
-0.0004359495001
-0.0004711757761
-0.0005364677897
-0.0006059135354
-0.0006544165034
-0.0006677727775
-0.0006404854327
-0.0005862787374
-0.0005402842037
-0.0005322347158
-0.0005377607245
-0.0005239875233
-0.0004860431958
-0.000445697001
-0.000438819696
-0.0004705565853
-0.0005270989665
-0.0005858179146
-0.0006218302339
-0.0006176546809
-0.0005704491392
-0.0005040312406
-0.0004502217866
-0.0004372401681
-0.0004662142148
-0.0004944023974
-0.000616124903
-0.0005757592343
-0.0005645772225
-0.0005841076923
-0.00060856975
-0.0006225542754
-0.0006195087091
-0.0005989989162
-0.0005485496831
-0.0004893793692
-0.0004463876533
-0.0004485213869
-0.0005003515544
-0.0005824051365
-0.0006625791369
-0.0008126209027
-0.0007514170101
-0.0007750941246
-0.000810865684
-0.0007967757906
-0.0007276387484
-0.0006329903433
-0.0005425001265
-0.0004754644585
-0.0004527623271
-0.000491077929
-0.0005835101617
-0.0006977790737
-0.0008037713952
-0.000911751391
-0.0008506190755
-0.0008144475845
-0.0009203577106
-0.0009952471859
-0.0009491860839
-0.0008008278695
-0.0006209564562
-0.0004809603389
-0.0004273151472
-0.0004804308683
-0.000619280956
-0.0007810109951
-0.0008915695328
-0.0009327565651
-0.0009882555092
-0.00054697009
-0.0006307554077
-0.0008752984279
-0.001028447945
-0.000992713999
-0.0008102492396
-0.0005893807625
-0.0004387128304
-0.0004289415695
-0.0005642915763
-0.0007704334357
-0.0009202563103
-0.0009175843704
-0.0007872782167
-0.0006992352351
1.843649436e-05
-0.0002481469781
-0.0006421689008
-0.0009029324538
-0.000930814565
-0.000773269201
-0.0005610471499
-0.0004349811313
-0.0004798401275
-0.0006732446736
-0.0008790607329
-0.0009211843423
-0.0007162150185
-0.0003625406637
-0.0001008043828
0.000536040903
0.0001163640212
-0.0003896420528
-0.0007571828047
-0.0008651541372
-0.000748620564
-0.0005576034615
-0.0004632520688
-0.0005573163974
-0.0007805701971
-0.0009376247075
-0.0008242973368
-0.0004030523309
0.0001299606188
0.0004857591792
0.0007325524627
0.0002051976572
-0.0004074961702
-0.0008248701608
-0.0009240666112
-0.0007708035913
-0.0005565209418
-0.0004806482207
-0.0006285036206
-0.0008966537361
-0.001030804242
-0.0007991180961
-0.0002114351315
0.0004183171126
0.0007275323484
0.001192881621
0.0007666483107
-4.190072477e-06
-0.000707334139
-0.00102484219
-0.0009317322242
-0.0006555159346
-0.0004872950221
-0.0005579962914
-0.0007492952402
-0.0007900526176
-0.000493345076
5.633735317e-05
0.0005361440216
0.0007118965407
0.0008114886956
0.0005967818745
-1.558772659e-05
-0.0006131969579
-0.0008876815038
-0.0008124380857
-0.0005863927205
-0.0004511881963
-0.0005049869257
-0.0006523020999
-0.0006975292219
-0.0005155832216
-0.0001599843975
0.0001569752213
0.0002208606358
3.166007232e-05
-2.978160114e-06
-0.0003575995048
-0.0007033394132
-0.0008147865148
-0.0006945723545
-0.0005024776848
-0.0004140098407
-0.0004940222731
-0.0006692138098
-0.0007896956701
-0.0007412196499
-0.0005310279085
-0.0003257358263
-0.0003883881488
-0.0006968856579
-0.0006018567318
-0.0006949922592
-0.0007806170095
-0.0007361928932
-0.0005874906418
-0.0004454151796
-0.0004185759348
-0.0005366962996
-0.0007368105693
-0.000896112915
-0.0009151991084
-0.0007956033397
-0.0006865016225
-0.0008093363632
-0.00102833951
-0.00087575211
-0.000797355901
-0.0007238136918
-0.0006129962076
-0.0004940656163
-0.0004261524546
-0.0004569817876
-0.0005881191201
-0.0007637440266
-0.0008935231889
-0.0009122062445
-0.0008389959561
-0.0007946632652
-0.0008955623741
-0.0009350545083
-0.0007967527187
-0.0006698257932
-0.000563733595
-0.0004792308702
-0.0004341557985
-0.000441524314
-0.0005078957056
-0.0006133047229
-0.0007204671421
-0.0007756338645
-0.0007574746912
-0.0006998300889
-0.0006820014705
-0.000724219157
-0.0006564551788
-0.0005729866727
-0.0004796678999
-0.0004179035625
-0.000399516999
-0.0004241125931
-0.0004788217
-0.0005443383328
-0.0006007362524
-0.0006250793739
-0.0006051861226
-0.0005527420112
-0.0005056503492
-0.0005020063112
-0.0005075939766
-0.0004949037881
-0.0004529605147
-0.0004070134964
-0.000399090451
-0.0004264226504
-0.0004755593581
-0.000523443074
-0.000557347731
-0.0005541312967
-0.0005198602065
-0.0004620462258
-0.0004134139413
-0.0004001679724
-0.0004310867056
-0.0004570722023
-0.0005824758535
-0.0005322744901
-0.0005138966964
-0.0005370837591
-0.0005653841961
-0.0005764768068
-0.0005659910508
-0.0005345280117
-0.0004895814566
-0.0004382281954
-0.0004043503144
-0.0004097831234
-0.0004603154244
-0.0005473901303
-0.0006383753545
-0.000787988693
-0.0007009717041
-0.0007150078015
-0.0007621931529
-0.000760164435
-0.0006940311477
-0.0005912443468
-0.0004929449443
-0.0004254343749
-0.0004093159662
-0.0004495620626
-0.0005376491891
-0.0006458591457
-0.0007642690034
-0.0009066596969
-0.0008190058752
-0.0007433195491
-0.0008437933894
-0.0009400307504
-0.0009138640093
-0.0007721803855
-0.0005874661136
-0.0004411555196
-0.0003877180707
-0.0004405580991
-0.0005696390491
-0.0007127879721
-0.0008097879743
-0.0008685001746
-0.0009777092675
-0.0004701658526
-0.0005182914047
-0.0007725933426
-0.0009597091113
-0.000951135979
-0.000780329168
-0.0005584231164
-0.0004057126034
-0.0003947360936
-0.0005229516337
-0.0007057336607
-0.0008226608502
-0.0007952353239
-0.0006752774607
-0.0006378140209
0.0001705483329
-8.676825125e-05
-0.0005130091966
-0.0008213023026
-0.0008831523426
-0.0007403958397
-0.0005292051182
-0.0004020610533
-0.0004455243234
-0.000628807677
-0.0008059278114
-0.0008055607106
-0.0005589688314
-0.0001909777553
5.046369497e-05
0.0007410025491
0.0002967208376
-0.0002633102
-0.0006892583948
-0.0008323110458
-0.0007253698826
-0.0005289019912
-0.0004307988741
-0.0005273936958
-0.0007504113502
-0.0008874710644
-0.0007277729505
-0.0002417957547
0.0003411748823
0.0007124695826
0.0009351228526
0.0003526076106
-0.0003315603614
-0.0008057774937
-0.0009235782598
-0.0007593371045
-0.0005245413879
-0.0004421553899
-0.0006057059694
-0.0008993703574
-0.001037280966
-0.0007610029011
-8.088006153e-05
0.0006343799284
0.0009715345721
0.001361061709
0.0009057517781
7.403256729e-05
-0.0006898176409
-0.00105080434
-0.0009712269247
-0.0006877697429
-0.0005079308042
-0.0005772273705
-0.0007747893963
-0.0008096149416
-0.0004734373761
0.0001371127708
0.0006672057665
0.0008478458215
0.0009636465251
0.000762762454
0.0001274235211
-0.0005188587839
-0.0008500937631
-0.000814929594
-0.0006034941797
-0.0004642507216
-0.0005074369376
-0.0006409327133
-0.0006616499365
-0.0004395553495
-4.370442762e-05
0.0002899205537
0.0003285565602
0.0001281992612
0.0001485860764
-0.0001960570535
-0.0005772651937
-0.0007505379306
-0.0006820111736
-0.0005125791157
-0.0004203115418
-0.0004836861747
-0.0006372785774
-0.0007314147787
-0.0006526505333
-0.0004228755516
-0.0002242987818
-0.0003377377776
-0.0006634901892
-0.0004974867087
-0.0005654465709
-0.0006764673672
-0.0006848576277
-0.0005794066784
-0.0004539361115
-0.0004195841456
-0.0005219542231
-0.0007037744418
-0.0008446858293
-0.0008458064477
-0.0007210671976
-0.0006323028094
-0.0008105894796
-0.001045898015
-0.0008323750126
-0.0007311476219
-0.0006727801889
-0.0005950315638
-0.0004992122611
-0.0004346401626
-0.0004564060361
-0.0005765024996
-0.0007435090078
-0.0008647378012
-0.000875444126
-0.0008055085888
-0.0007833597462
-0.0009270204567
-0.0009755083592
-0.0008001423645
-0.0006593589116
-0.0005585865365
-0.0004866464883
-0.0004441279605
-0.0004459435077
-0.0005013704476
-0.0006047622362
-0.0007108513047
-0.0007670931633
-0.000747696277
-0.0006963832798
-0.0006941983373
-0.0007576055262
-0.0006964895585
-0.0005962548161
-0.0004956785218
-0.0004324113523
-0.0004132374226
-0.0004316131629
-0.0004761728442
-0.0005363581381
-0.0005922011947
-0.0006223431238
-0.0006081096946
-0.0005593808448
-0.0005178803408
-0.0005209006736
-0.0005303229521
-0.0005236311763
-0.0004725424457
-0.0004200022191
-0.0004074267269
-0.0004329756991
-0.0004748964942
-0.0005186710711
-0.000546519111
-0.0005488583763
-0.0005185708574
-0.0004701924834
-0.0004246891521
-0.0004146119584
-0.0004468455553
-0.0004731517836
-0.0006026890416
-0.0005358419257
-0.0005067321352
-0.0005275061402
-0.000559923664
-0.0005740696189
-0.0005625176824
-0.0005325788374
-0.0004888840822
-0.0004436336551
-0.0004122800006
-0.0004148975605
-0.0004624820403
-0.0005528209717
-0.0006600442375
-0.0008030027573
-0.0006824846341
-0.0006799986448
-0.000729177526
-0.0007422164344
-0.0006886165249
-0.0005938316868
-0.0004970966007
-0.000434203208
-0.0004163142337
-0.0004479259054
-0.000518587503
-0.0006176272383
-0.0007493975276
-0.0009373790073
-0.0008192558071
-0.0006950956398
-0.0007775256372
-0.0008832490544
-0.0008826488307
-0.000764810044
-0.0005949873557
-0.0004560976042
-0.0004025166504
-0.0004435501521
-0.000545112846
-0.0006541534707
-0.000736342154
-0.0008201023037
-0.001000009686
-0.0004341439548
-0.000434346994
-0.0006776293984
-0.0008837789342
-0.0009096036113
-0.0007696868825
-0.0005685334491
-0.0004240627314
-0.0004089993779
-0.0005131452588
-0.0006534587072
-0.0007239399525
-0.0006768183425
-0.0005828429238
-0.0006148232297
0.0002485687065
2.186507602e-05
-0.000408387797
-0.000745007579
-0.0008457958373
-0.0007346428082
-0.0005425895441
-0.0004216792038
-0.0004568935685
-0.0006129700394
-0.0007454184539
-0.0006958952736
-0.0004213075408
-5.844920696e-05
0.0001446260055
0.0008442942976
0.0004031705961
-0.0001787933729
-0.0006405844554
-0.0008184016643
-0.0007322317774
-0.000543846846
-0.000446562792
-0.0005385324713
-0.000747940061
-0.0008566189984
-0.0006527666711
-0.0001199147488
0.0004960677991
0.0008708696812
0.0010254498
0.0004203821965
-0.000304895485
-0.0008131363119
-0.000948215716
-0.0007802524029
-0.0005347834094
-0.0004493994932
-0.0006254154821
-0.00093816528
-0.001078268536
-0.0007617812538
-6.073573149e-06
0.0007836696936
0.001140493962
0.001431301069
0.0009761886687
0.0001320710956
-0.0006622207847
-0.001042033838
-0.0009696476031
-0.0006838926706
-0.0005086037839
-0.0005956350209
-0.0008166338256
-0.0008502084229
-0.000470639306
0.0002139920095
0.0007814422376
0.000946197062
0.001053745871
0.0008872490225
0.0002504852659
-0.000429603182
-0.0007985627147
-0.0007909428313
-0.0005904343282
-0.0004581317761
-0.0005106113723
-0.0006472711494
-0.0006441958262
-0.0003713391017
7.796239786e-05
0.0004202245645
0.0004149051111
0.0002166981595
0.0002869081813
-4.225260344e-05
-0.0004543083576
-0.0006700062265
-0.0006382171078
-0.0004853599353
-0.0003980645538
-0.0004593408673
-0.0006033187215
-0.0006700496864
-0.0005545316251
-0.0002952268356
-0.000113380944
-0.0002781993641
-0.0006089200751
-0.0003903050364
-0.0004359021275
-0.0005672541022
-0.0006108862982
-0.000536601712
-0.0004228028933
-0.0003888047484
-0.0004839763752
-0.0006556622889
-0.0007764323214
-0.000756062111
-0.0006212188453
-0.0005597048341
-0.000785658422
-0.001022783849
-0.0007713245881
-0.0006476851208
-0.0005998560796
-0.0005413717199
-0.0004615157455
-0.0003996785176
-0.000417977839
-0.0005325770998
-0.000693439344
-0.0008026366197
-0.0008033740107
-0.0007341739687
-0.000741540358
-0.0009153298653
-0.0009743490747
-0.0007786351916
-0.0006208591869
-0.0005224160904
-0.0004537753024
-0.0004135741965
-0.0004094252724
-0.0004618133955
-0.0005605743268
-0.0006659379568
-0.0007153812782
-0.0006944367956
-0.0006495343883
-0.0006712594801
-0.0007464332249
-0.0007034113317
-0.0005937746934
-0.0004796040359
-0.0004125283831
-0.0003877091798
-0.0004002203662
-0.0004368967039
-0.000491051025
-0.0005466807397
-0.000578376187
-0.0005641380861
-0.0005197818556
-0.0004863486507
-0.000505676262
-0.000515687697
-0.0005348435882
-0.0004755131777
-0.0004075465955
-0.0003875610138
-0.0004050562221
-0.0004436153593
-0.0004779660435
-0.0005010500832
-0.0005032088375
-0.0004805660625
-0.0004349513671
-0.000397832271
-0.0003938069802
-0.0004376244437
-0.0004658845395
-0.0006184054484
-0.0005358598881
-0.0004823006874
-0.0004932468646
-0.000522474714
-0.0005372055954
-0.0005235647658
-0.0004907003994
-0.0004501820465
-0.0004107754956
-0.000384190332
-0.000391489227
-0.000441870988
-0.0005473724597
-0.0006713118126
-0.0008224213181
-0.0006700381512
-0.0006331115027
-0.0006742397435
-0.0006913594518
-0.0006481080284
-0.0005570314238
-0.0004663646692
-0.0004055497041
-0.0003928276506
-0.000420229003
-0.0004851349201
-0.0005812020618
-0.0007374644472
-0.0009680011355
-0.000825318268
-0.0006526505332
-0.0006979906708
-0.0008019994256
-0.0008140740648
-0.0007139896887
-0.0005575687548
-0.0004293937741
-0.0003818850165
-0.0004202101321
-0.0005040173325
-0.0005912665894
-0.0006636833065
-0.000780161551
-0.001024966192
-0.0004051682623
-0.0003523826508
-0.0005700049854
-0.0007856499155
-0.000831700583
-0.000715436654
-0.0005329352329
-0.0004043653989
-0.00039364564
-0.0004874301892
-0.000596101925
-0.0006311116311
-0.0005657368273
-0.0005002245703
-0.000598387565
0.0003198143998
0.0001305723126
-0.0002916220176
-0.000650731148
-0.0007749332854
-0.0006856248892
-0.0005093834828
-0.0004016845089
-0.000440837
-0.0005855297619
-0.0006843674194
-0.0005937648381
-0.0002870882042
6.458792036e-05
0.0002267186372
0.0009111074154
0.0004897898508
-0.0001001225259
-0.0005853976252
-0.0007796661224
-0.0007022836421
-0.0005174887669
-0.0004279778602
-0.0005306129396
-0.0007438039336
-0.0008333897649
-0.0005885912077
-7.721481496e-06
0.0006252435954
0.0009833643306
0.001049166866
0.000444059898
-0.0002841070087
-0.0008016908978
-0.0009305740684
-0.0007513985411
-0.0004979455078
-0.0004219028133
-0.0006255766671
-0.0009727432741
-0.001122256554
-0.0007707448277
5.770131007e-05
0.0008905763801
0.001241190708
0.001277269374
0.0008625123914
6.909693976e-05
-0.0006731471546
-0.001012808158
-0.0009273621634
-0.0006613177402
-0.0005291133037
-0.0006535841419
-0.0008802729467
-0.0008821472787
-0.0004711762595
0.0001961361863
0.0006950636563
0.0007853042961
0.0009535306589
0.0007937903364
0.0001821268734
-0.0004538852219
-0.0007814542951
-0.0007512632162
-0.0005567828758
-0.0004546649982
-0.0005431147707
-0.0007018014157
-0.0006967105305
-0.0004098962313
4.087338463e-05
0.0003676627013
0.0003177881847
0.0001742922983
0.0002286419955
-8.252081762e-05
-0.0004596288625
-0.0006468599141
-0.0006013343223
-0.0004544785956
-0.0003929789811
-0.0004893498451
-0.0006607628861
-0.0007296344518
-0.0005919351761
-0.0003103939974
-0.0001239962428
-0.0003035759186
-0.000598031555
-0.0004015225412
-0.0004369089345
-0.0005496520864
-0.0005831487587
-0.0005078993952
-0.0004034303409
-0.0003927639388
-0.0005158887258
-0.0007051570714
-0.0008147299422
-0.0007604352073
-0.0005989479354
-0.0005323247768
-0.0007531461694
-0.0009795133572
-0.0007476262913
-0.0006245326391
-0.0005747571993
-0.0005192842091
-0.0004462569028
-0.0003949314661
-0.0004305343031
-0.0005600555396
-0.000721183677
-0.0008059737716
-0.0007726833413
-0.0006862352348
-0.0006955020099
-0.0008561611804
-0.0009304451339
-0.0007436248992
-0.0005927379814
-0.0005027397783
-0.0004439445743
-0.0004133337481
-0.0004167520317
-0.0004776538698
-0.000576726767
-0.0006689390507
-0.000690341708
-0.0006455883122
-0.0005969315269
-0.0006273775091
-0.000695891496
-0.0006883247961
-0.0005717825914
-0.0004622868803
-0.0004055383378
-0.0003916158206
-0.0004115090694
-0.0004495603521
-0.0005028084738
-0.0005487128093
-0.000564931797
-0.0005314521111
-0.0004781234665
-0.0004511764704
-0.0004832574553
-0.0005027685958
-0.0005620514901
-0.0004803351478
-0.0004112639468
-0.0003992970265
-0.0004234396259
-0.0004633524119
-0.0004914924253
-0.0005063075062
-0.0004994818832
-0.0004697821881
-0.0004198830707
-0.0003855949034
-0.0003899949057
-0.0004471157257
-0.0005033655055
-0.0006704526426
-0.0005629043908
-0.0005075322454
-0.000521224584
-0.0005482896817
-0.0005547302786
-0.0005292046653
-0.0004898358356
-0.0004486113599
-0.0004165642738
-0.0003975335537
-0.0004098036705
-0.0004640288105
-0.0005803992324
-0.0007403476986
-0.0008643475065
-0.00070462423
-0.0006721714879
-0.0007084859394
-0.0007102681911
-0.0006502180169
-0.0005483482176
-0.0004614344705
-0.0004150260262
-0.0004203819821
-0.000455604681
-0.0005168971858
-0.0006077053345
-0.0007709279184
-0.001028843642
-0.00083026656
-0.00068263172
-0.0007372408884
-0.0008236422952
-0.0008081280304
-0.000688158389
-0.0005299992865
-0.0004207402198
-0.0003999299208
-0.0004575448164
-0.0005393333039
-0.0006093798437
-0.0006703714039
-0.0007918059574
-0.001042239674
-0.0003909274602
-0.0003817591996
-0.0006000611692
-0.0007843666996
-0.0007987743218
-0.0006675793247
-0.000493781176
-0.0003944370245
-0.0004137582781
-0.000521037123
-0.0006163090082
-0.0006253002351
-0.0005497351699
-0.0004933248989
-0.000582889806
0.0002866870893
7.519130877e-05
-0.0003231477569
-0.0006399283094
-0.0007328501843
-0.0006328926662
-0.0004695110987
-0.0003916517865
-0.0004591836902
-0.0006130683799
-0.0006960841355
-0.0005819992141
-0.0002743696646
5.438155997e-05
0.0002099033991
0.0007778818658
0.000390260387
-0.0001484923169
-0.0005805736399
-0.0007406728812
-0.0006519851737
-0.0004803068823
-0.0004219290989
-0.0005550947524
-0.0007791110163
-0.0008536557136
-0.0005886151935
-1.85052573e-05
0.0005687643353
0.0008715754631
0.0008283208421
0.0002913631653
-0.0003471403165
-0.0007877689975
-0.0008740623016
-0.0006894314728
-0.0004643237989
-0.0004394467074
-0.0006872651227
-0.00104218769
-0.001153877306
-0.0007599063222
5.03762019e-05
0.0007904923881
0.001037422847
0.001150523535
0.000820392475
0.0001046213637
-0.0005050148776
-0.0007202773002
-0.0005765444266
-0.0003219566658
-0.0002257982573
-0.0003658521838
-0.0005677944655
-0.0005594097006
-0.0002271544134
0.000279542316
0.0006383326234
0.0005515161804
0.0008922856383
0.000676886406
0.000160026214
-0.0003254780496
-0.0005299320129
-0.0004468907706
-0.0002586396504
-0.0001812583464
-0.000286781606
-0.0004589750883
-0.0004962792307
-0.0002945141805
6.594866527e-05
0.0003751093914
0.0002652276365
0.0001919197534
0.0001990379831
-4.449389192e-05
-0.0003129390141
-0.0004178767366
-0.0003414312555
-0.0002029141407
-0.0001601840768
-0.0002717236756
-0.000457555302
-0.0005527361359
-0.0004517718295
-0.0002057422649
-1.865727362e-05
-0.0001957480985
-0.0004415239409
-0.0002813351425
-0.0002943278186
-0.0003608968246
-0.0003624625393
-0.0002818499487
-0.0001900968856
-0.0001895522458
-0.0003132686052
-0.0004913740295
-0.0005893370695
-0.0005316440031
-0.0003867655852
-0.0003450825105
-0.0005000248897
-0.0006920632806
-0.0005020766235
-0.0004007441804
-0.0003570035451
-0.0003092631373
-0.0002483468273
-0.0002081755897
-0.0002409049845
-0.0003510702213
-0.0004769570892
-0.0005274689534
-0.00047785922
-0.0004069990862
-0.00045302425
-0.000529978007
-0.0005801997979
-0.0004425918931
-0.0003375349316
-0.0002808079259
-0.0002481917137
-0.0002331899557
-0.0002410611752
-0.0002839281711
-0.0003554933183
-0.0004064392289
-0.0003968370095
-0.0003423491645
-0.0003077841239
-0.0003632851092
-0.0003815897721
-0.0003461542784
-0.0002742700181
-0.000212962959
-0.0001945750092
-0.0002068998702
-0.0002372785424
-0.0002716658952
-0.0003053399
-0.0003261419718
-0.0003149286931
-0.0002670015801
-0.0002137622158
-0.0001922590931
-0.0002233125181
-0.0002425537087
-0.0002536009065
-0.0002049782509
-0.0001765724446
-0.0001937083421
-0.0002329407104
-0.0002707808954
-0.0002975424488
-0.0003028316151
-0.0002868373314
-0.0002477689592
-0.0002025339674
-0.0001699596531
-0.0001680475622
-0.0001990319852
-0.0002733445005
-0.0003780903427
-0.0003040081959
-0.0002843110576
-0.0003111642089
-0.0003344899387
-0.0003339960877
-0.0003104711913
-0.0002820408161
-0.0002530897316
-0.0002328133918
-0.0002200922493
-0.000225455472
-0.0002607660389
-0.0003382301926
-0.0004801690033
-0.0005536234041
-0.0004615647077
-0.0004617641362
-0.0004845078139
-0.0004594474943
-0.0003875203817
-0.000302624756
-0.0002438488798
-0.0002333727368
-0.0002563281626
-0.0002918766392
-0.0003333575354
-0.0003980930375
-0.0005245638239
-0.0006889028707
-0.0005240228381
-0.0004886564181
-0.0005551784186
-0.0005892795759
-0.0005238823682
-0.0003940556542
-0.0002680200222
-0.0002060839354
-0.0002235411537
-0.0002935000855
-0.0003651682091
-0.0004113158599
-0.0004496564339
-0.0005529691103
-0.0006626987992
-0.000182219819
-0.0002840617922
-0.000462985758
-0.0005516588385
-0.000499252847
-0.0003614126021
-0.00022778247
-0.0001771516212
-0.0002273576133
-0.000335117403
-0.0004158987898
-0.0004134205904
-0.0003378798787
-0.0003016972277
-0.0003024145576
0.0003283362422
7.723719509e-05
-0.0002298145934
-0.0004280332292
-0.000448099346
-0.0003374361033
-0.0002049568984
-0.0001643537878
-0.0002509260062
-0.0003988522947
-0.0004698353821
-0.0003641142477
-9.614704651e-05
0.0001578445584
0.0002564469959
0.0006938807303
0.0003810738701
-5.795908871e-05
-0.0003942097765
-0.0004908719109
-0.0003806138631
-0.0002152965365
-0.0001688713314
-0.0003065709656
-0.0005247210803
-0.0006030503534
-0.0003802218294
9.965992155e-05
0.000570824075
0.0007001320939
0.0005713286589
0.0002292331532
-0.0002370419925
-0.0005272296051
-0.000541587456
-0.0003740505736
-0.0002090290514
-0.0002197068111
-0.0004389807727
-0.0007040702093
-0.0007487015339
-0.0004228419019
0.0001595115672
0.0006538067425
0.0005429648059
0.0003996348185
0.0003001994043
-1.761980893e-05
-0.0001772443308
-0.0002165853025
-0.0002181345306
-0.0001976709076
-0.0002036443307
-0.0002094445448
-0.0002234824374
-0.0001972326285
-0.000144809277
9.441494577e-06
0.0002702910741
0.0002766846801
0.0003170810659
0.0002067113532
3.913782105e-05
-8.111693129e-05
-0.0001619939557
-0.0001924956599
-0.0001919856907
-0.0001848655704
-0.0002014742476
-0.000204737912
-0.0001711316806
-9.692814479e-05
8.678519493e-06
0.0001326772771
0.0001848801448
9.936648343e-07
4.882981382e-05
-2.410033536e-05
-0.000102556218
-0.0001691313926
-0.0001913665362
-0.0001859987923
-0.0001811365062
-0.0001986240688
-0.0002122037066
-0.0002010086913
-0.0001405579904
-6.714688748e-05
-1.061185445e-05
-8.280032468e-05
-0.0001703086889
-8.031454249e-05
-0.0001025689182
-0.0001470729892
-0.0001802930081
-0.0001995805172
-0.0002013120647
-0.0001972435055
-0.0002190241595
-0.0002313785212
-0.0002204028379
-0.0001851245531
-0.000133962019
-0.0001101059377
-0.0001952119671
-0.0002100661974
-0.0001593534076
-0.0001680631458
-0.0001797410397
-0.0001978238403
-0.0002129408676
-0.0002219177849
-0.0002226834872
-0.0002413308159
-0.000247431483
-0.0002337700895
-0.0002055093406
-0.0001821728821
-0.0001660448901
-0.0001964033017
-0.0002191112223
-0.000194120942
-0.0001865782095
-0.000196012193
-0.0002123858286
-0.0002344695955
-0.0002478213619
-0.0002534109471
-0.0002617619336
-0.0002574300088
-0.0002358363159
-0.0002094952564
-0.0001912619739
-0.0001928159077
-0.0001979424528
-0.0001999420483
-0.0001935774743
-0.0001844144004
-0.0001982356744
-0.0002190751873
-0.0002458107997
-0.0002641787263
-0.0002728381112
-0.000270216663
-0.0002561773476
-0.0002290304874
-0.0002044111387
-0.0001880816425
-0.0001948345471
-0.0001907813531
-0.0002029418751
-0.000183706482
-0.000178426335
-0.0001929509403
-0.0002173206858
-0.0002490383951
-0.0002711516925
-0.0002798608034
-0.0002688063814
-0.0002472959876
-0.0002155874792
-0.0001931922508
-0.0001822602502
-0.0001907722044
-0.0002102860085
-0.0002019928785
-0.0001955802002
-0.000193819045
-0.000212893469
-0.0002333662871
-0.0002552038998
-0.0002667931893
-0.0002702057179
-0.0002610481456
-0.0002452203366
-0.0002202622183
-0.0002034765079
-0.0001931825195
-0.0002067136329
-0.0002214353262
-0.0002063495386
-0.000192139835
-0.0002066414574
-0.0002242590233
-0.0002359310563
-0.0002500824581
-0.0002515733047
-0.0002463440323
-0.0002447561369
-0.0002351060089
-0.000211962541
-0.0002017981314
-0.0001966135508
-0.0002038882284
-0.0002330258957
-0.0001710776772
-0.0001536618933
-0.0001883724658
-0.0002103154955
-0.0002248421306
-0.0002296903885
-0.0002259900183
-0.0002156138435
-0.0002217701164
-0.0002178586596
-0.0002006030381
-0.0001803630643
-0.0001689206173
-0.0001621783982
-0.0002027981524
-9.514349131e-05
-6.856689235e-05
-0.000123688133
-0.0001745738044
-0.0001982056947
-0.0002079459964
-0.0002032587084
-0.0001927135142
-0.0002032556557
-0.0002020205044
-0.0001815543111
-0.0001474169431
-9.908581838e-05
-6.843857217e-05
-0.0001280119889
4.913050801e-05
3.440056708e-05
-5.396392805e-05
-0.0001228127963
-0.0001759490348
-0.0001921137166
-0.0001859436743
-0.0001800969788
-0.0001916199666
-0.0001958512925
-0.0001751110644
-0.0001081726361
-2.93946755e-05
4.777616043e-05
2.084563135e-05
0.0003105353753
0.0001519424822
-6.895444358e-07
-9.650947185e-05
-0.0001585583623
-0.0001842151202
-0.0001871508332
-0.0001842289324
-0.0002029397286
-0.0002083054545
-0.0001755958329
-9.314804955e-05
3.393623093e-05
0.0001965228354
0.0002935527995
0.0003287330454
0.0002211870172
-6.782178294e-05
-0.0001798347153
-0.0001887251117
-0.0001878379632
-0.0001804355244
-0.0002004519566
-0.0002169617754
-0.0002409788499
-0.0002251138242
-0.0001737214471
-5.153913079e-06
0.000290282895
0.0002986621658
0.0006323281291
0.0004306304998
0.0002078988618
9.197723311e-05
2.955162879e-05
-3.363000088e-05
-6.569426658e-05
-7.578184339e-05
-6.972846078e-05
-4.281157965e-05
1.387845332e-05
6.25036864e-05
0.0001916279158
0.00041876397
0.0006051963604
0.000433221541
0.0004610194065
0.0002961707701
0.0001771047899
5.297121827e-05
-4.027149813e-05
-7.566850486e-05
-9.054267618e-05
-7.737147864e-05
-4.759300784e-05
3.589162618e-05
0.0001468170046
0.0002685893595
0.0004340487865
0.0004031314912
0.0002086274461
0.0002965842873
0.0002311581675
0.000110468742
-3.969830013e-06
-8.255076457e-05
-0.0001098728189
-0.0001118164142
-0.0001081886383
-8.105869892e-05
-1.49760629e-05
8.870638991e-05
0.0002080047155
0.0002713054185
0.0001835793692
7.433539463e-05
0.0001640719311
0.0001056692041
2.488755058e-05
-5.941121079e-05
-0.0001184622008
-0.000141586888
-0.0001438882663
-0.0001378988813
-0.0001149199838
-6.261317431e-05
1.166451656e-05
8.75823808e-05
0.0001441070912
5.565039316e-05
2.361142474e-05
4.780506076e-05
-7.099806121e-06
-5.979897767e-05
-0.0001219533559
-0.0001630801154
-0.0001825310507
-0.0001778806851
-0.0001777870748
-0.0001585200004
-0.000118824981
-6.617366233e-05
-1.968101218e-05
3.12520958e-05
7.250253067e-06
-3.635289133e-05
-4.313201523e-05
-7.527928213e-05
-0.0001138142773
-0.0001605522523
-0.000195598538
-0.0002142190728
-0.0002145574057
-0.0002105938582
-0.0001916566587
-0.0001572590466
-0.0001180641761
-8.484228017e-05
-5.735150726e-05
-5.16809902e-05
-6.414720795e-05
-7.489807906e-05
-0.000105793041
-0.0001374745956
-0.0001794547397
-0.0002129635808
-0.0002332057594
-0.0002389153989
-0.0002311948163
-0.0002121749719
-0.0001795824585
-0.0001425202295
-0.000114328099
-8.650482714e-05
-7.672270721e-05
-6.838661594e-05
-8.368795138e-05
-0.0001043008345
-0.0001376649219
-0.0001730534986
-0.000212333962
-0.0002387341941
-0.000248500311
-0.0002367190286
-0.000213722875
-0.0001755679822
-0.0001437799539
-0.0001119561182
-9.300821785e-05
-7.833895403e-05
-5.622247377e-05
-6.472997018e-05
-9.734957295e-05
-0.0001294104356
-0.0001719455215
-0.0002077399477
-0.0002308702094
-0.0002398735164
-0.0002319250406
-0.0002112891685
-0.0001754305499
-0.0001355707295
-0.0001034475856
-7.208277422e-05
-6.523057306e-05
-2.356349687e-05
-3.035322481e-05
-6.709316592e-05
-0.000104935519
-0.0001502100307
-0.0001880328113
-0.0002102094547
-0.0002142582504
-0.000211145689
-0.0001896592582
-0.0001481878211
-0.0001083146759
-7.055289293e-05
-3.565994582e-05
-3.38124935e-05
3.967121045e-05
5.762900651e-05
4.06713442e-06
-4.836915627e-05
-0.0001098826216
-0.0001547463596
-0.0001776738861
-0.0001764131656
-0.0001774967821
-0.0001541256048
-0.0001096398747
-5.042145903e-05
1.34044868e-06
5.268355909e-05
2.673204138e-05
0.0001092786193
0.0001791632907
0.000113400552
3.157412365e-05
-5.238377638e-05
-0.0001133063743
-0.0001390140496
-0.0001433729976
-0.0001368736128
-0.0001099401268
-5.101927495e-05
2.892716006e-05
0.0001086736147
0.0001717186991
9.380441693e-05
0.0002273262116
0.0002985134551
0.0002310430743
0.00011202769
-2.116929786e-06
-8.18345609e-05
-0.0001099271408
-0.0001116859292
-0.0001058475687
-7.4762592e-05
-2.076356157e-06
0.0001043566501
0.0002198935755
0.0002867186813
0.000211020376
0.0004539080183
0.0004649693803
0.0002979199082
0.0001772113507
5.104688161e-05
-4.358213679e-05
-7.846698153e-05
-9.160004541e-05
-7.458215513e-05
-4.023372175e-05
4.784682205e-05
0.0001618776666
0.0002849848996
0.0004548105977
0.0004431248479
0.0006489825626
0.0004415824421
0.0002132734085
9.394116768e-05
2.76140888e-05
-3.837087259e-05
-6.918267686e-05
-7.632996182e-05
-6.760205621e-05
-3.955493209e-05
1.867248751e-05
7.127197725e-05
0.0002065023189
0.0004449067601
0.0006527371105
0.001054162266
0.0007622365673
0.0005266905717
0.0003466454516
0.0002103013678
0.0001017214081
5.423883494e-05
5.206990596e-05
5.089667756e-05
9.261325657e-05
0.0001922797477
0.0003123859611
0.0005004383453
0.0007474257826
0.001023276927
0.0007634830996
0.0007784271071
0.0005750929301
0.0003880993916
0.0002107601847
8.529042573e-05
4.066388285e-05
2.448183571e-05
3.824808065e-05
7.865651082e-05
0.0001946844594
0.000359282891
0.0005464124855
0.000753056309
0.0007257971877
0.0005207145362
0.0005703995734
0.0004919175789
0.0002922238672
0.0001399023993
2.925643131e-05
-1.190362581e-05
-1.819964133e-05
-1.264840912e-05
2.644715194e-05
0.0001290966295
0.0002706104921
0.0004659561298
0.0005464719294
0.0004939761531
0.0003197096617
0.0003714907308
0.0002865838142
0.000173329592
5.431182573e-05
-3.085523116e-05
-6.529482778e-05
-7.120349449e-05
-6.476813845e-05
-3.161942179e-05
4.804636316e-05
0.0001588514967
0.0002673716745
0.0003504233114
0.0002955507983
0.0002006882473
0.0002044662089
0.0001374432863
5.420186655e-05
-3.103022111e-05
-9.95262487e-05
-0.0001295092156
-0.0001277095546
-0.0001285349779
-0.0001004538523
-3.641782137e-05
4.31752403e-05
0.0001218971404
0.0001851603513
0.0001780798556
9.835430143e-05
8.539726512e-05
3.630849292e-05
-2.664074615e-05
-9.730007691e-05
-0.0001522341019
-0.0001804054087
-0.0001844056046
-0.0001790784058
-0.0001521028314
-9.964931669e-05
-3.535991627e-05
2.316580378e-05
6.801210798e-05
7.714014858e-05
5.543082564e-05
4.133851558e-05
-8.270031444e-06
-6.222884042e-05
-0.0001278550482
-0.0001797733485
-0.0002086871074
-0.0002172558962
-0.0002074095507
-0.0001805134085
-0.000131308037
-7.048820701e-05
-1.971604529e-05
2.656949242e-05
3.758366319e-05
5.982036607e-05
3.155703848e-05
-1.069195741e-05
-6.565636594e-05
-0.0001243821886
-0.0001831859051
-0.0002175495923
-0.0002287936158
-0.0002145127529
-0.0001836091615
-0.0001276745867
-7.324721667e-05
-2.040295505e-05
1.935560034e-05
4.516951522e-05
6.493170264e-05
5.112588226e-05
-1.126640888e-06
-5.64637165e-05
-0.0001237347398
-0.0001773943449
-0.000208141613
-0.0002179252147
-0.0002074767823
-0.0001788205932
-0.0001268108983
-6.384304488e-05
-9.512718336e-06
4.091194272e-05
5.186277601e-05
0.0001109995243
9.367110911e-05
4.232557357e-05
-2.116426144e-05
-9.336387373e-05
-0.0001495397559
-0.0001797327804
-0.0001851612743
-0.0001793379904
-0.0001497786688
-9.281620927e-05
-2.741924116e-05
3.527494345e-05
8.500383244e-05
9.758351195e-05
0.0002171956335
0.0002158633978
0.0001466305196
6.18175311e-05
-2.754505678e-05
-9.754306235e-05
-0.0001300774502
-0.0001292845258
-0.000129567462
-9.71108837e-05
-2.942360226e-05
5.53847004e-05
0.0001394009491
0.0002072994333
0.0002019284054
0.000354259701
0.0003911005755
0.000297488803
0.0001799310312
5.580648527e-05
-3.17275844e-05
-6.794251015e-05
-7.436819612e-05
-6.68811214e-05
-3.046406339e-05
5.433759586e-05
0.0001724050222
0.0002886263044
0.0003804643576
0.0003361356022
0.0005359141714
0.0005773377648
0.0004959475184
0.0002943362524
0.0001375418857
2.536231022e-05
-1.661631195e-05
-2.208943758e-05
-1.452902728e-05
2.770526539e-05
0.0001360747982
0.0002845703753
0.0004857957534
0.0005639966161
0.0005151479788
0.0007780797138
0.0007895922359
0.0005797355141
0.0003872406671
0.0002047586143
7.630400218e-05
3.259983593e-05
1.85271176e-05
3.559416908e-05
7.976703318e-05
0.0002024927733
0.0003737501767
0.0005662554886
0.0007732653663
0.0007646402756
0.00105658879
0.0007601694743
0.0005270335917
0.0003415432286
0.0002007729871
8.932942396e-05
4.37319117e-05
4.469762514e-05
4.674676577e-05
9.109193034e-05
0.0001957131474
0.0003234818621
0.0005207350609
0.0007690059267
0.00106990843
0.001340066244
0.0009968731222
0.0007766878107
0.0005451289026
0.0003426084245
0.0002063433421
0.0001458589904
0.000144037693
0.0001405626555
0.0001953300427
0.0003248931832
0.0005135114757
0.0007465759568
0.00097470143
0.00130352844
0.001001394491
0.0009583867331
0.0007505454421
0.0005203486858
0.00031196428
0.0001760677972
0.0001242480488
0.000106069848
0.0001190013657
0.0001656482332
0.0002948002548
0.0004925573576
0.0007203832139
0.0009299573937
0.0009622617266
0.0007774575446
0.0007479034197
0.0006199693219
0.0003967255835
0.0002233195926
0.0001060312458
5.887651512e-05
4.898157281e-05
5.43697918e-05
9.637400625e-05
0.0002089404413
0.00037375022
0.0005919840425
0.0007220510647
0.0007507507913
0.0005214412934
0.0005068715666
0.0003920372335
0.0002590057672
0.0001240571652
3.133026308e-05
-8.738607211e-06
-1.782391629e-05
-1.195545234e-05
2.48900347e-05
0.000112961132
0.0002412639554
0.0003707046682
0.0004831280315
0.0004951290405
0.0003344605836
0.000306753719
0.0002214459827
0.0001240574818
2.355044839e-05
-5.315835262e-05
-8.940331341e-05
-9.101327444e-05
-9.110487713e-05
-5.721087501e-05
1.460651078e-05
0.000108995493
0.0002032236408
0.0002847565231
0.0003100944431
0.0002022105938
0.0001740129867
0.000109799363
3.405828778e-05
-5.125558196e-05
-0.0001140169097
-0.00014765958
-0.000154657182
-0.0001484359445
-0.0001169932648
-5.714500087e-05
2.168806066e-05
9.411131547e-05
0.0001537281622
0.0001787817371
0.0001455668757
0.0001235635077
6.083628364e-05
-6.916578517e-06
-8.747500914e-05
-0.0001472743831
-0.0001812547137
-0.0001918547893
-0.0001807608777
-0.0001491371463
-9.2269721e-05
-1.769347504e-05
4.70694401e-05
0.0001055530031
0.0001241800347
0.0001502232879
0.0001116825361
5.483950426e-05
-1.363945116e-05
-8.800348857e-05
-0.0001542413003
-0.0001926528328
-0.000204745562
-0.0001898008197
-0.0001542172027
-9.099925609e-05
-2.256516805e-05
4.320334259e-05
9.600774189e-05
0.0001312046058
0.0001529339283
0.0001307974713
6.456655115e-05
-5.007899554e-06
-8.72239841e-05
-0.0001480620561
-0.0001826678835
-0.0001930240432
-0.0001812694187
-0.0001482975477
-8.981190195e-05
-1.316280655e-05
5.444814416e-05
0.0001170868567
0.0001354057816
0.000211573566
0.0001807833796
0.0001114935982
3.342149159e-05
-5.34290777e-05
-0.0001166922962
-0.000150495851
-0.0001572323193
-0.0001497711909
-0.0001166554764
-5.509852376e-05
2.596628594e-05
0.0001024615161
0.0001684543727
0.0001942038727
0.0003466623105
0.0003136060447
0.0002238351745
0.0001234533982
2.021221824e-05
-5.741650738e-05
-9.38487669e-05
-9.465004772e-05
-9.35779602e-05
-5.775670062e-05
1.76759436e-05
0.0001160737092
0.0002151237803
0.0003015336189
0.0003275444323
0.0005496696472
0.0005203639986
0.0003966354093
0.0002572448187
0.0001170696184
2.248347779e-05
-1.807426412e-05
-2.621808174e-05
-1.833594299e-05
2.145420908e-05
0.0001139206266
0.0002487153047
0.0003867464625
0.0005068426156
0.0005264578534
0.0007841770357
0.0007488826001
0.0006214818942
0.0003924786264
0.0002137371638
9.495196876e-05
4.732034976e-05
3.88454449e-05
4.675149596e-05
9.244990871e-05
0.0002098383706
0.0003823745595
0.0006109880595
0.0007331629255
0.0007550993247
0.001030282077
0.0009632401675
0.0007498832624
0.0005127643281
0.000298896919
0.0001603263236
0.0001085309668
9.217516449e-05
0.0001082855047
0.0001591906984
0.0002940955441
0.0004999379186
0.0007353252849
0.000942881086
0.0009808765015
0.001336822245
0.0009824015497
0.0007714200557
0.0005336016981
0.0003270912748
0.0001874672714
0.0001273142759
0.0001276541965
0.0001270053902
0.0001849821614
0.0003197521948
0.0005173411736
0.0007607019374
0.0009831976178
0.001327186483
0.001453372517
0.00113961868
0.0009114784655
0.0006571783613
0.0004217108805
0.0002736237514
0.0002043089163
0.0001961126864
0.0001969203469
0.0002596608002
0.0004008565278
0.0006242478564
0.0008759614241
0.001096000373
0.001416632931
0.001151213456
0.001012773391
0.0008079296289
0.0005676797509
0.0003618882491
0.0002304158433
0.0001743939112
0.0001538850754
0.0001670785334
0.0002166072255
0.000341565781
0.0005381509984
0.0007754636254
0.00097802862
0.00112224959
0.0009315483662
0.0008152855742
0.0006303445491
0.0004304290778
0.0002626381015
0.0001523123509
0.0001023679102
8.942418771e-05
9.590237407e-05
0.0001388521299
0.000244579265
0.0004053509221
0.0006042004877
0.0007855532471
0.0009081046547
0.0006470058231
0.000562645964
0.0004272893657
0.0002916713401
0.0001598340173
6.92556615e-05
2.742923365e-05
1.647634515e-05
2.30255858e-05
6.023530861e-05
0.0001458849528
0.0002710842607
0.0004037840316
0.0005342237659
0.0006197749487
0.0004190023144
0.0003599680955
0.0002610117827
0.0001597701846
5.700174277e-05
-2.084678939e-05
-5.791711038e-05
-6.26849478e-05
-5.993520457e-05
-2.627199452e-05
4.731198624e-05
0.0001422340059
0.0002401774353
0.0003334750076
0.0003928746393
0.0002704584332
0.0002278110018
0.0001522498416
7.005667542e-05
-2.059082785e-05
-8.466471755e-05
-0.0001191025986
-0.0001279750011
-0.0001206508267
-8.880552744e-05
-2.799184016e-05
5.518668284e-05
0.0001337567447
0.0002031669096
0.0002448906453
0.0002031274828
0.0001727565838
0.0001021806284
2.732531258e-05
-5.92430355e-05
-0.0001197359625
-0.0001543050584
-0.0001659181721
-0.0001546114434
-0.0001225464367
-6.518581226e-05
1.450986411e-05
8.61154807e-05
0.0001505919109
0.0001792596161
0.0002003392832
0.0001574885539
9.269978216e-05
1.82265405e-05
-6.321584148e-05
-0.00012930571
-0.0001675051276
-0.0001800167401
-0.0001661133597
-0.0001302715845
-6.828210271e-05
7.549504142e-06
7.931491545e-05
0.0001381042649
0.0001789760707
0.0002064891226
0.0001763354686
0.0001031777027
2.710607851e-05
-6.02970058e-05
-0.0001226867477
-0.0001578784508
-0.0001687979095
-0.0001569283152
-0.0001234545807
-6.450892358e-05
1.777308357e-05
9.199192932e-05
0.0001595117681
0.0001872377522
0.0002721128919
0.0002289856504
0.0001503590519
6.498253298e-05
-2.617166594e-05
-9.146861032e-05
-0.000126166383
-0.0001345082831
-0.0001257819105
-9.215820191e-05
-3.028726447e-05
5.656620886e-05
0.0001407916019
0.0002139026247
0.0002539294932
0.0004173544247
0.0003560936984
0.0002565247358
0.0001514083154
4.832421967e-05
-3.147877919e-05
-6.945494812e-05
-7.356381656e-05
-6.938101031e-05
-3.232472139e-05
4.51281571e-05
0.0001435214044
0.0002474081987
0.000341267292
0.0003982979061
0.000650125887
0.0005578524297
0.0004185156712
0.000278342957
0.0001442875775
5.241729765e-05
1.060573404e-05
1.130687359e-06
1.012731485e-05
5.056782834e-05
0.0001400561713
0.0002692640634
0.000408422
0.000542238111
0.0006295215616
0.0009050661892
0.0007941826724
0.0006160061471
0.0004144674176
0.0002450235756
0.00013320863
8.318049991e-05
7.217812281e-05
8.178022564e-05
0.0001290203629
0.0002390663804
0.0004034907926
0.0006042693508
0.000777347739
0.0008808224641
0.001134436259
0.0009942177175
0.0007903400632
0.0005468729755
0.0003375984095
0.0002051207418
0.0001491775943
0.0001307470867
0.0001474914864
0.0002014131422
0.0003302911611
0.0005329210423
0.0007750503038
0.0009745724699
0.001101984673
0.00143449353
0.001112258256
0.0008979305746
0.0006371295746
0.0003976878582
0.0002471099447
0.0001778132054
0.0001717430513
0.0001754243411
0.000241445478
0.0003868798995
0.0006186511765
0.0008789124858
0.001102505802
0.00141931524
0.001435429947
0.001159273415
0.0009478569457
0.0007044066739
0.0004641224334
0.0003116014144
0.0002398649741
0.0002232371799
0.0002307610771
0.000294832748
0.000440710624
0.000671367667
0.0009137427956
0.001118249159
0.001394338064
0.001178478055
0.0009669609292
0.0007855634015
0.0005670757166
0.0003821023117
0.0002588166431
0.0002023618822
0.0001800873301
0.0001935102832
0.0002425003833
0.0003590405802
0.0005351819709
0.0007501323209
0.0009246792825
0.001138592314
0.0009897676341
0.0008048425975
0.0005966960922
0.0004258663122
0.0002802327026
0.0001791377766
0.0001303388878
0.0001147397135
0.0001222435051
0.0001629760657
0.0002586857333
0.0003968708735
0.0005660102755
0.0007685353051
0.0009607614871
0.0007115292923
0.0005723901351
0.0004251359639
0.0002907544417
0.0001795105855
9.93247345e-05
6.002748074e-05
4.69723148e-05
5.35912374e-05
8.692114987e-05
0.0001608535981
0.0002661041193
0.0003968999556
0.0005366060281
0.0006783756256
0.000469680878
0.0003856239195
0.0002809898993
0.0001799756502
9.364695849e-05
2.446648848e-05
-1.127758096e-05
-2.211714398e-05
-1.743764881e-05
1.377975766e-05
7.474821749e-05
0.0001576702799
0.0002557895151
0.0003528206595
0.0004388536016
0.0003127809017
0.0002583923994
0.000177775759
9.935315153e-05
2.417954776e-05
-3.320560959e-05
-6.492354747e-05
-7.552424982e-05
-6.848219207e-05
-4.064593062e-05
1.108989753e-05
8.072963998e-05
0.0001556321394
0.0002282190866
0.000283371586
0.0002399401185
0.0002013415074
0.0001295519331
5.954709951e-05
-1.107522321e-05
-6.549688205e-05
-9.684794405e-05
-0.0001086999078
-9.861310138e-05
-7.065864711e-05
-2.180903338e-05
4.407585547e-05
0.0001111685675
0.0001747915372
0.0002132093426
0.0002261591332
0.0001821389825
0.0001160757816
4.72144069e-05
-2.242272281e-05
-7.742196671e-05
-0.0001105665498
-0.0001224262175
-0.0001108490067
-7.969148556e-05
-2.877250624e-05
3.547239843e-05
0.0001018220716
0.0001597272412
0.0002033010656
0.0002369283763
0.0001989676622
0.0001258533898
5.478964897e-05
-1.796830112e-05
-7.140476771e-05
-0.0001023316835
-0.0001127428
-0.0001018838135
-7.261763291e-05
-2.248668676e-05
4.551692959e-05
0.0001149469582
0.0001803011319
0.0002176694536
0.0003020360051
0.0002476051419
0.0001679477275
8.719433591e-05
1.08299661e-05
-4.51011174e-05
-7.550605826e-05
-8.446471525e-05
-7.531585488e-05
-4.603981853e-05
6.120938918e-06
7.933999371e-05
0.000159325365
0.0002313050146
0.0002851158934
0.0004495514279
0.0003663043029
0.0002617275536
0.0001600867846
7.142193814e-05
5.178182125e-06
-2.784999303e-05
-3.525748709e-05
-2.780171457e-05
4.272541397e-06
6.73342634e-05
0.0001528434814
0.000253906117
0.0003507752373
0.0004331973758
0.000684444749
0.0005457897255
0.0004008697515
0.0002650728957
0.0001533959548
7.474247283e-05
3.772574091e-05
2.764497887e-05
3.747135386e-05
7.331278754e-05
0.0001494117523
0.000256785692
0.0003919693471
0.0005295452653
0.0006686452307
0.0009295687515
0.0007608968241
0.0005647636026
0.0003975417978
0.0002516868496
0.0001518018559
0.0001053148001
9.303676036e-05
0.0001042872634
0.0001485096364
0.0002463912508
0.0003869443164
0.0005539072925
0.0007419281881
0.0009098454598
0.001120975109
0.0009307843084
0.0007516011322
0.0005325476822
0.0003463920806
0.0002226258968
0.0001689345133
0.0001499235894
0.0001673190033
0.0002189446232
0.0003388617676
0.0005186669769
0.0007351255255
0.0009056836618
0.001107940985
0.001415855871
0.001146851736
0.0009304228172
0.0006768397974
0.0004321777589
0.0002778545583
0.0002071042883
0.0001933708085
0.0002044595459
0.0002716166134
0.0004199319305
0.0006556563638
0.0009001494136
0.001102940092
0.001383711014
0.001300280397
0.001056194844
0.0008995247715
0.0006932084803
0.0004727983696
0.0003371329314
0.0002738142226
0.0002499012709
0.0002622622893
0.0003160181154
0.0004441535391
0.0006561345958
0.000864099494
0.001006839993
0.001248567681
0.001065071947
0.0008486112222
0.0007080583294
0.0005326774228
0.0003787487661
0.0002758599617
0.0002304643313
0.0002088896315
0.0002196069427
0.0002549190496
0.000350114941
0.0004949290505
0.0006655701272
0.000794582429
0.001009909605
0.0009514685055
0.0007323974488
0.0005162440484
0.0003973430899
0.0002744972002
0.0002006862454
0.0001628582693
0.0001478163178
0.0001535682193
0.000181855089
0.0002486261927
0.0003630068369
0.0004755099671
0.0006837174333
0.000909520803
0.0007120623171
0.0005452904679
0.0003994242122
0.0002844448186
0.0001945918391
0.0001348130141
0.000104054044
9.160795766e-05
9.738059334e-05
0.0001206149129
0.000173628572
0.0002553292496
0.0003640762734
0.0004986646298
0.0006686381689
0.0004842792195
0.0003864797046
0.0002771544425
0.000195646394
0.0001204138781
7.306317586e-05
4.646901947e-05
3.677306579e-05
4.374148964e-05
6.39713115e-05
0.0001062972312
0.0001712559961
0.0002467985675
0.0003448430654
0.000445403005
0.0003418963631
0.0002775287311
0.0001999219505
0.0001351317692
7.286278578e-05
3.214512845e-05
8.101614558e-06
-1.488059162e-06
4.782469563e-06
2.447903205e-05
6.086772892e-05
0.0001146597301
0.0001742429501
0.0002407442248
0.0003065194127
0.0002759949957
0.0002315731417
0.0001629037433
0.0001038826213
4.498081923e-05
7.357001704e-06
-1.622818373e-05
-2.617005834e-05
-1.804566371e-05
2.391687304e-06
3.70610996e-05
8.812289087e-05
0.0001425956774
0.0002003033371
0.0002454924526
0.0002529631771
0.0002116931197
0.0001491022749
9.158076676e-05
3.487359699e-05
-3.368735277e-06
-2.786130024e-05
-3.761476221e-05
-2.901265582e-05
-5.890943794e-06
2.848817746e-05
8.018127229e-05
0.0001344166679
0.0001866889621
0.0002289379014
0.0002669207148
0.000224565504
0.0001559756546
9.752309219e-05
4.123673377e-05
2.027091017e-06
-2.117367721e-05
-2.968336042e-05
-2.078412962e-05
1.145960738e-06
3.699456953e-05
8.969921017e-05
0.0001461934836
0.0002052927056
0.0002492201826
0.0003208758151
0.000261084704
0.0001845960438
0.0001196237099
6.088234328e-05
2.060833328e-05
-1.766824215e-06
-9.762598129e-06
-1.170847779e-06
2.056583171e-05
5.76093348e-05
0.0001142561377
0.0001782162894
0.0002457820119
0.000307903633
0.0004476871213
0.0003541273592
0.0002490566452
0.0001700753011
0.0001002492799
5.522138681e-05
3.158310246e-05
2.306364888e-05
3.261419108e-05
5.612732156e-05
9.956358366e-05
0.0001663027751
0.0002443199958
0.0003408627963
0.0004373202073
0.0006610957823
0.0005000255109
0.0003623635321
0.0002504093309
0.00016458138
0.0001085931043
8.195762606e-05
7.325137861e-05
8.29028131e-05
0.0001091545841
0.0001633146372
0.0002459630751
0.0003565691765
0.0004866804423
0.0006520332551
0.0008709261115
0.0006710145632
0.0004773443789
0.0003592820902
0.0002403398406
0.0001701834609
0.0001368429968
0.0001265868988
0.000137153243
0.0001693721666
0.0002374555734
0.0003522996737
0.0004663335718
0.0006539483179
0.0008567765765
0.001012723924
0.0007987521264
0.0006604474295
0.0004852225637
0.0003343388499
0.0002356348803
0.0001941172558
0.0001775850318
0.0001935438403
0.0002332515704
0.0003292297452
0.0004755128505
0.000645979304
0.0007728110638
0.0009904167744
0.0012830667
0.001033507481
0.0008688092991
0.0006538184144
0.0004331145004
0.0002992993469
0.0002386795971
0.0002194082388
0.0002371161901
0.0002949395361
0.0004239203109
0.000638028433
0.0008421766741
0.0009849688421
0.001237765202
0.001153222732
0.000933030262
0.0008292036364
0.0006658905467
0.0004791750002
0.0003560996178
0.0003053162695
0.0002759991086
0.0002878142105
0.000324278447
0.0004371400389
0.0006140451695
0.0007748109509
0.0008362926091
0.001066490618
0.0009350018451
0.0007232351203
0.000622108036
0.0004970815578
0.0003839561771
0.0003002565521
0.0002630940208
0.000241120865
0.0002477287099
0.0002708751791
0.0003436620388
0.0004462395585
0.0005624388762
0.0006422458268
0.0008514912471
0.0008736867593
0.0006451913804
0.0004245021457
0.0003619068143
0.0002809737705
0.0002301049263
0.0002030358167
0.0001877871953
0.0001900738273
0.0002048382948
0.0002455074332
0.0003171006601
0.0003693221791
0.0005755738065
0.0008084445267
0.0006864940655
0.0005121176919
0.0003659860426
0.0002824629907
0.0002225673713
0.0001826596174
0.0001610699796
0.0001478872746
0.0001508569506
0.0001625482191
0.0001931577402
0.0002438551859
0.0003184893432
0.0004498527019
0.0006268611841
0.0004920181045
0.0003942845349
0.0002860572232
0.0002245968867
0.0001813597374
0.0001514074704
0.0001334183789
0.0001175618478
0.0001224264781
0.0001336705465
0.0001560358865
0.0001919414988
0.0002449473245
0.0003395298065
0.0004397312835
0.0003647440056
0.0003065097858
0.0002325157875
0.0001848910164
0.0001514738762
0.0001240257198
0.000108026234
9.838661674e-05
0.0001020673304
0.000112135322
0.0001318427957
0.0001585782144
0.0001989017711
0.0002593394657
0.0003182286215
0.000311748653
0.0002694237854
0.0002071272143
0.0001637649772
0.0001337879632
0.000108279358
9.285629311e-05
8.431547993e-05
8.941909423e-05
0.0001006389719
0.0001193218739
0.0001443202313
0.0001812981035
0.0002304145441
0.0002730718984
0.000282534634
0.0002484609913
0.0001929909474
0.0001512088042
0.0001199862422
9.875567895e-05
8.388107675e-05
7.647617199e-05
8.171887707e-05
9.507475053e-05
0.000111950638
0.0001386402985
0.0001757578336
0.0002191972229
0.0002546897993
0.0002946336305
0.0002561215466
0.0001956837479
0.0001540721373
0.0001252122913
0.0001027113402
8.884972008e-05
8.272124211e-05
8.897649691e-05
0.0001017250298
0.0001214879697
0.0001471688155
0.0001860176588
0.0002361648806
0.0002781887831
0.0003300759546
0.0002805235781
0.0002099307315
0.0001648783288
0.0001350376821
0.0001125841391
0.0001000122307
9.380407593e-05
0.0001007142188
0.0001131308305
0.0001335066041
0.0001620575342
0.0002059568727
0.0002679100164
0.0003226274442
0.000437274464
0.0003473987842
0.0002466475818
0.0001926735762
0.0001551783912
0.0001312163589
0.000118491266
0.0001100178376
0.0001196940835
0.0001331241749
0.000156561111
0.0001925112672
0.0002459184701
0.0003392405477
0.0004358694388
0.0006113463852
0.0004474571434
0.0003142504064
0.0002403037972
0.0001893922753
0.0001575162758
0.0001430608678
0.0001363073414
0.0001445723421
0.0001596731943
0.0001908500034
0.0002404182141
0.0003135991386
0.0004403264216
0.0006112286374
0.0007701722648
0.0005629646428
0.0003689676846
0.0003124968292
0.0002412368565
0.0001996655023
0.0001806553958
0.0001730715218
0.0001819567961
0.0002011841911
0.0002419565797
0.0003115850542
0.0003625366565
0.0005518251641
0.0007618303009
0.0008627726538
0.0006469523723
0.0005536923361
0.0004355011248
0.0003322359238
0.0002596271115
0.0002293892452
0.0002156228391
0.0002299431595
0.000259648778
0.0003315206629
0.0004332721701
0.000546378934
0.0006275403878
0.0008304762712
0.001107312518
0.0008681448485
0.0007679405647
0.0006083017032
0.0004300461861
0.0003156239017
0.0002714571005
0.0002504773776
0.0002713923808
0.0003146351206
0.0004270899019
0.0006037963679
0.0007567334051
0.0008365608027
0.001059793528
0.0009860717858
0.0007781582903
0.0007237384371
0.0006066851672
0.0004675121433
0.0003684321208
0.0003407634595
0.0003094495021
0.0003125324979
0.000321566441
0.0004109719043
0.0005411973414
0.0006508611896
0.0006647393478
0.0008444218854
0.0007756491249
0.0005792079214
0.000524265555
0.0004468301362
0.0003811498923
0.0003198970885
0.000300900161
0.0002794962373
0.0002785500433
0.0002806095791
0.0003294968273
0.0003838820306
0.0004472883636
0.0004735246587
0.0006423382387
0.0007488840003
0.0005418973947
0.0003707686379
0.0003288643634
0.0002960715594
0.0002647979679
0.0002491036914
0.0002348635043
0.0002321835869
0.0002328546944
0.0002524681074
0.0002734028479
0.0003029583277
0.0004521686891
0.0006468966942
0.000618641965
0.0004592676139
0.0003328025395
0.0002787597389
0.0002500356808
0.0002301449033
0.0002176341614
0.0002065968825
0.000206206426
0.0002066036986
0.0002155893537
0.000231620363
0.0002719840461
0.0003804118411
0.0005350062931
0.0004781399736
0.0003928873438
0.0003023511977
0.0002533939438
0.0002193018354
0.0002066854412
0.0001957922035
0.0001865775923
0.0001904895446
0.0001915203183
0.0001964789712
0.0002150169836
0.0002499101328
0.0003230420393
0.0004059058681
0.0003817983659
0.0003345517745
0.0002730674902
0.000236299198
0.0002088936179
0.0001990173024
0.000190352595
0.0001835689183
0.0001854054268
0.0001877887907
0.0001916647403
0.000206306938
0.0002298293842
0.0002735273842
0.0003172917565
0.0003558720961
0.0003167458618
0.0002613885162
0.0002267076718
0.0002034203515
0.0001933046368
0.0001851809354
0.0001795076915
0.0001822141237
0.0001860306305
0.0001903851255
0.0002055826771
0.0002285023119
0.0002669587504
0.00030144689
0.0003236500066
0.0002963965033
0.0002488576137
0.0002170879653
0.0001939249882
0.0001882209902
0.0001812460764
0.000176316649
0.0001784993412
0.0001837156259
0.0001856098798
0.0002031193984
0.0002271534564
0.0002612637238
0.0002878869619
0.0003258564128
0.0002951253168
0.0002465239809
0.0002176055644
0.000199836107
0.0001924248683
0.0001861123275
0.0001819133376
0.0001848787958
0.000189345862
0.0001939485274
0.0002092210632
0.0002346721302
0.0002745619712
0.0003109822476
0.0003289198942
0.0002920238915
0.0002453576222
0.0002177510276
0.0002024182824
0.0001965491341
0.000191965392
0.0001870381261
0.0001905764137
0.0001939874349
0.0001981464149
0.0002138481605
0.000241378113
0.0002831974395
0.0003305675234
0.0004079118313
0.0003356236541
0.0002603263698
0.0002245917409
0.0002066386027
0.0002014420671
0.0001979446136
0.0001903954943
0.0001966201087
0.0001996717202
0.0002043162609
0.0002244219642
0.0002620893527
0.0003346291622
0.0004193301371
0.0005314667084
0.000385125441
0.0002765978209
0.0002373695493
0.0002240742864
0.000216278626
0.0002144555333
0.0002095948385
0.0002136472666
0.000216106815
0.0002250391525
0.0002403432894
0.0002804747639
0.0003849096525
0.0005386901518
0.0006338480063
0.0004468406671
0.0002967645231
0.0002754459721
0.0002589993898
0.0002420754146
0.0002391572769
0.0002345442068
0.0002393104968
0.0002433973584
0.0002622981891
0.0002799102748
0.0002994799452
0.0004399384334
0.0006221180058
0.0006714689577
0.0004801219648
0.0004378636474
0.0003767311935
0.0003284951231
0.0002821513077
0.0002777534525
0.0002687865781
0.0002788059565
0.0002851933448
0.0003338397966
0.0003833168371
0.0004386002411
0.0004627915246
0.000633401733
0.000888542917
0.0006783551001
0.0006271949061
0.0005308772461
0.0004113905524
0.0003272608687
0.0003124822478
0.0002950307654
0.0003146136504
0.0003314683459
0.0004178530331
0.0005378796476
0.0006246471334
0.0006357161581
0.0008148623223
0.00086382067
0.0006325171349
0.000600849864
0.0005205551176
0.0004301179313
0.0003710223955
0.0003575288267
0.0003247758872
0.0003098388887
0.0003010452163
0.0003629036415
0.0004474293441
0.0005065007376
0.0004762592226
0.0006118078823
0.0006067380394
0.0004028036181
0.0003795944773
0.0003592365021
0.0003467859696
0.000320114981
0.0003156790335
0.0002939465021
0.0002812563192
0.0002658957824
0.0002897365679
0.0002945906134
0.0002930204344
0.000270038832
0.0003979239396
0.0005921646265
0.0003866779234
0.0002833792983
0.0002580089163
0.0002751776058
0.0002738221042
0.0002691306061
0.0002550793793
0.0002453718282
0.0002341852254
0.0002268319563
0.000196836611
0.0002015585101
0.0002709868135
0.0004255715692
0.0005118758667
0.0003633311478
0.0002604831521
0.0002477054113
0.0002505377315
0.0002488687072
0.0002432884145
0.0002337063267
0.0002292531116
0.0002218242306
0.0002115088772
0.0001935038883
0.0001837108894
0.0002633025844
0.0003891567278
0.0004357880318
0.000358225912
0.0002831459891
0.0002559865827
0.0002505224583
0.0002430364544
0.0002366741472
0.0002266740022
0.0002271416908
0.0002228390237
0.0002095746197
0.0002088155679
0.0002134869266
0.0002671384067
0.0003310164318
0.0003954846728
0.0003443032263
0.0002919374143
0.0002621467901
0.0002510425285
0.0002418812565
0.0002366667349
0.0002311188016
0.0002320154378
0.0002306782647
0.0002276592144
0.0002266494537
0.0002339061501
0.0002632639972
0.000299569961
0.0003912999886
0.0003489422537
0.0002962895528
0.0002631408919
0.0002488853736
0.0002426580974
0.0002379174659
0.0002338149855
0.0002357016465
0.0002363373826
0.0002360529153
0.0002391645554
0.0002518518794
0.0002823758011
0.0003076432484
0.0003574852777
0.0003313023018
0.000287347376
0.0002591784936
0.0002467964439
0.0002432137631
0.0002391631632
0.0002349579276
0.0002354723529
0.0002366024813
0.0002348559253
0.0002408232829
0.000256828599
0.0002860954333
0.0003057119391
0.000341657256
0.0003185410252
0.0002794831135
0.0002587173186
0.0002525991349
0.0002500670118
0.0002465555335
0.0002419157455
0.0002416466431
0.0002406517333
0.0002399040442
0.000243397089
0.000259919455
0.0002944042119
0.0003262126024
0.0003217595194
0.000295086215
0.0002649843953
0.0002512288056
0.0002508457287
0.0002532711248
0.0002522866085
0.000246002883
0.0002445806298
0.0002407079635
0.0002371390432
0.0002388413935
0.0002540503762
0.0002864511474
0.0003315296703
0.0003577623568
0.000304005337
0.0002509753101
0.0002382369168
0.0002423983655
0.0002530691001
0.0002562565094
0.0002480169708
0.0002476246779
0.0002409985124
0.0002328219459
0.0002333179945
0.0002507972432
0.0003085907156
0.0003806020228
0.0004338898338
0.0003002813417
0.0002163983171
0.0002174561888
0.0002374926621
0.000253764707
0.0002625149851
0.0002584803413
0.0002552252371
0.0002461601694
0.0002363374776
0.0002242974604
0.0002251937253
0.0003058043323
0.0004342517002
0.0004814867623
0.000294911513
0.0002123346349
0.0002077370935
0.0002453264026
0.0002644465818
0.0002788487967
0.0002775514773
0.0002750916876
0.0002640851642
0.0002549341039
0.0002255501338
0.0002285116836
0.0002901864628
0.000436276146
0.0004772820244
0.0002827621299
0.0002747908252
0.0002810041919
0.0002950115736
0.0002918368628
0.0003112763202
0.0003090593651
0.0003120002634
0.0002999074363
0.0003161123014
0.0003112524243
0.0002951479102
0.0002638559119
0.0003926947054
0.0006520556515
0.0004363113153
0.0004368259825
0.0004124828748
0.0003630608189
0.0003308610663
0.0003388822584
0.000329831575
0.0003449475001
0.0003457395334
0.0003893530207
0.0004432279095
0.0004509937799
0.0003905609639
0.0005196218893
0.0009602494719
0.0007028584888
0.0005827574832
0.0004315366438
0.000334981953
0.0003069005796
0.0003478819922
0.0003430348181
0.000289645932
0.0002219796675
0.0002620110722
0.0003149687656
0.0003887434091
0.0003858164052
0.0004929251123
0.0006176945179
0.0003391327612
0.0002866707249
0.0002475245594
0.0002355793177
0.0002407264596
0.000274530303
0.0002762072807
0.0002483486158
0.0001979832578
0.0001902772762
0.0001850349577
0.0001817726251
0.000156486243
0.0002651349452
0.000509396554
0.0002829629962
0.000189706547
0.0001728555299
0.0001932377219
0.0002198478843
0.0002366394788
0.0002367776648
0.0002193947545
0.0001878870326
0.0001558894
0.000115992318
9.564796088e-05
0.0001332530218
0.0002448857787
0.0003777637766
0.000247135728
0.0001795408323
0.0001892381399
0.0001992125133
0.0002112302939
0.0002084152758
0.0002134648197
0.0002062386257
0.0001890439858
0.0001670960714
0.0001332718303
9.051695438e-05
0.0001311484791
0.0002076810851
0.000336928734
0.0002567395289
0.0002136531151
0.0002092575229
0.0001958649898
0.0002084060919
0.0002124151431
0.0002052785
0.0002040569693
0.0001936192466
0.0001762250807
0.0001593230723
0.000131512935
0.0001568002463
0.0001819291442
0.000359868041
0.0002860118982
0.0002543669982
0.0002326985925
0.0002164210543
0.0002214957344
0.000219434008
0.000216557659
0.000216008807
0.000210657631
0.000198946445
0.0001922188726
0.0001836683174
0.0001976805677
0.0002077704017
0.0004091654225
0.0003309020512
0.0002822073876
0.0002350838393
0.0002320071278
0.0002295030274
0.0002266816759
0.0002247090106
0.0002258078899
0.0002237178118
0.0002168458223
0.00021925568
0.0002252212064
0.0002518882156
0.0002664612238
0.0003746557807
0.0003308405761
0.0002862633039
0.0002465958218
0.0002341041363
0.000236604684
0.0002340372654
0.0002319832605
0.000231887694
0.0002307176498
0.0002232613245
0.0002284723717
0.0002424436848
0.0002711559411
0.0002894192603
0.0003236253547
0.0003031995859
0.0002716833642
0.0002524217365
0.0002410805348
0.000245640313
0.0002444509653
0.0002420163363
0.0002410704939
0.0002379037799
0.0002302828884
0.0002351327644
0.0002401267324
0.0002629710439
0.0002841240777
0.0002505881212
0.0002456029103
0.0002372448725
0.000235943258
0.0002343448222
0.0002465576498
0.0002504474773
0.0002477917166
0.0002456422926
0.0002393831449
0.0002284074282
0.0002277556783
0.0002207247019
0.0002216962996
0.0002210826458
0.0002194999407
0.0002135911221
0.0001904699586
0.0002072932473
0.0002149996139
0.0002362696888
0.000248029637
0.0002461866701
0.0002446119404
0.0002359726508
0.0002243696386
0.0002225453565
0.0002052104051
0.0002246945575
0.0002278363127
0.0002927360472
0.0002030212102
0.0001482023684
0.0001720075444
0.0002005030114
0.0002328880995
0.0002556275411
0.0002600679285
0.0002551440469
0.000242343325
0.0002300625105
0.0002206575888
0.0002019922124
0.0002445325247
0.0002906866078
0.0003731002851
0.0002085607625
0.000134069778
0.0001336653536
0.00017722894
0.0002286697532
0.0002657640121
0.0002749340787
0.0002655256764
0.00024220453
0.000221138812
0.000211973144
0.0002262153989
0.0002751665713
0.0003670683922
0.0004123076964
0.0002085399326
0.0001754406826
0.0001821449269
0.0002105982282
0.0002453801576
0.0002968237095
0.0003059054202
0.0002915550367
0.0002505652291
0.0002501310334
0.000270746839
0.0002947523242
0.0002982738705
0.0004376747122
0.0005983195647
0.0003873722205
0.0003405926153
0.000299414014
0.0002641074492
0.0002707951568
0.000324073695
0.0003267094728
0.0003153804614
0.0002538903133
0.0002607982427
0.0003327983199
0.0004150792501
0.0004558112032
0.0006419430166
0.002443312879
0.00213312862
0.001370054012
0.0004511986135
-0.0001258690183
-0.0002554040934
-3.320992168e-05
0.0001126442351
-4.751255941e-05
-0.0003531994951
-0.0003708449419
9.322101588e-06
0.000853779753
0.001612439987
0.001950633442
0.002048084995
0.001767733939
0.00120735389
0.0004791674631
-4.201544192e-05
-0.0001977976322
-6.706785683e-05
2.389086605e-05
-8.249553186e-05
-0.0002751441567
-0.0002185513383
0.0002204098815
0.0009164091511
0.001412519303
0.001587360158
0.001371937509
0.001276137424
0.0009443002457
0.0005077368551
0.0001446985658
-4.440155345e-06
2.232762769e-05
3.53597355e-05
-4.760944724e-05
-0.000133194194
-2.5754992e-05
0.0002908496024
0.0006828589857
0.0009142661985
0.0008802514978
0.0004895898931
0.0005891008802
0.0005680294408
0.0003875079634
0.0001937646085
9.40727394e-05
7.977197151e-05
5.203435613e-05
-1.534264593e-05
-6.270481624e-05
3.624674761e-06
0.0001589148564
0.0003098321903
0.0003074721156
0.0001242545434
-1.798871448e-05
8.279225449e-05
0.0002301079033
0.000227146935
0.0001575941681
0.0001219097797
0.0001002592506
6.876008015e-05
7.676004754e-06
-5.098272936e-05
-4.535506297e-05
-1.880963796e-05
-1.248240942e-05
-0.000104200135
-0.0003053304492
-0.0001001947008
-7.2956658e-05
8.402520639e-05
0.0001437755241
0.0001421113182
0.0001338617033
0.0001172947704
8.604971641e-05
3.267222843e-05
-2.906720937e-05
-7.033372224e-05
-9.366114766e-05
-0.0001278767701
-0.0001887763408
-0.0002935930571
9.295704655e-05
3.40746312e-05
0.0001020046175
0.0001341764791
0.0001354778378
0.0001345950527
0.0001243970067
0.0001113687177
7.826212535e-05
3.00013044e-05
-1.50679661e-05
-4.965920215e-05
-7.776387774e-05
-8.569893474e-05
-8.680588043e-05
0.0001678247462
0.0001079222809
0.0001080484261
0.0001112776547
0.0001077398456
0.000115234323
0.0001265817894
0.0001348311731
0.0001329203029
0.000109649124
7.317016508e-05
3.285334997e-05
-1.220705306e-05
-3.941496029e-05
-4.556232032e-05
2.481002427e-05
6.818306057e-06
2.549898169e-05
3.73064277e-05
4.244422236e-05
6.508310116e-05
0.0001044676484
0.0001493380675
0.0001789240321
0.0001796452908
0.0001519254684
9.188641653e-05
-2.276662711e-05
-0.0001778305679
-0.0003429837868
-0.0002776959776
-0.0001850849338
-7.558333185e-05
-3.579089235e-05
-3.491760202e-05
-4.897482071e-06
6.069598861e-05
0.0001372956027
0.0001960604203
0.0002187440706
0.0002052243326
0.0001378917955
-4.234661644e-05
-0.000365120035
-0.0008072223348
-0.0004257094966
-0.0001717818765
-1.741934251e-05
-1.111701928e-05
-6.865282429e-05
-6.31953699e-05
1.121111967e-05
0.0001050764534
0.0001801591766
0.0002239351032
0.0002543802901
0.000257287019
0.0001317766695
-0.0002086409297
-0.0007936024305
5.065701008e-05
0.0003012258039
0.0003189576281
0.0001519953431
-3.459245827e-05
-8.992143018e-05
-2.635243733e-05
6.340166909e-05
0.0001252402876
0.0001752557541
0.0002874234285
0.0004810559596
0.0006317865304
0.0005547331968
0.0001308133304
0.000986105233
0.001080986297
0.0007708715223
0.0003443195527
2.214363571e-07
-0.0001099409958
-5.255503543e-05
1.163642635e-05
1.197114835e-05
1.506998639e-05
0.0002084931545
0.0006996846247
0.001324464253
0.001778287475
0.001826911785
0.001856581081
0.00166833927
0.001073478927
0.000411863375
-3.48714495e-05
-0.0001436315675
-5.286769377e-05
-2.589976426e-05
-0.0001531520641
-0.0002950167744
-8.432689968e-05
0.0007132245425
0.001897912358
0.002890551968
0.003467321497
0.00236039321
0.002022410828
0.001177341106
0.000345256083
-0.0001503992703
-0.0002011866448
-3.029141918e-05
-4.484025468e-05
-0.0003361651882
-0.0007380826044
-0.0006334783115
0.0003754175373
0.002066240136
0.003575650577
0.004461420487
0.01252157011
0.01076563431
0.005602470819
0.0001590553649
-0.002639391889
-0.002640041037
-0.0009310935531
0.0002883615793
-0.0008254137952
-0.002937777453
-0.003284572446
-0.0007568345553
0.005079084551
0.0101184415
0.01092087441
0.01048697888
0.008953466122
0.005612194192
0.001509561256
-0.001261304135
-0.001849381675
-0.001115192318
-0.0005897932722
-0.001159133806
-0.002057547359
-0.001388372536
0.001821416832
0.006218198218
0.008930669564
0.008051181213
0.006049674583
0.006064948427
0.004431747568
0.001877270145
-5.109707148e-05
-0.0006754731802
-0.0004949047179
-0.0004119262458
-0.0008100784657
-0.00110700802
-0.0001726288484
0.002200274406
0.004771727144
0.005567625481
0.003384159989
0.0005646633743
0.00216726533
0.002195073869
0.001188910584
0.000254421522
-9.890794314e-05
-0.0001109143417
-0.000229723633
-0.0005968360051
-0.000807214638
-0.0002721859875
0.0009335122595
0.00197740001
0.00163349215
-0.0009387496328
-0.002101165284
-0.000704690816
0.0002574915092
0.0003399311547
0.0002014273551
0.0001270141687
6.782659195e-05
-0.0001433795554
-0.0005484651017
-0.0008746457191
-0.0008199711643
-0.000473994006
-0.0003110373334
-0.0009774432506
-0.002723006348
-0.00213806889
-0.001561264249
-0.000515828659
-3.12808036e-05
0.0001637613542
0.0002284527934
0.0001799660352
-2.929423862e-05
-0.0004139328429
-0.000807070652
-0.00102238953
-0.001082067598
-0.001215130478
-0.001632287534
-0.002106833752
-0.0008325761865
-0.001087579488
-0.0004740964221
-9.182357351e-05
0.0001061466754
0.0002039935051
0.0002142576078
0.0001121176242
-0.0001415373482
-0.0004558148639
-0.0007144589112
-0.0008967488159
-0.001071079682
-0.001203186494
-0.0009506662342
-0.000305925805
-0.0007280518818
-0.0004664360733
-0.0002534200661
-0.0001310011179
3.997470155e-06
0.0001422423339
0.0002454972651
0.0002107994096
5.6202602e-05
-0.0001669164998
-0.0004363761781
-0.0007847326584
-0.001105917561
-0.0009879784055
-0.001243882821
-0.001256937688
-0.0009153314596
-0.0007119623505
-0.0006121804004
-0.0004093202091
-9.228482927e-05
0.0002542671762
0.0004590482855
0.0004724239286
0.0002913117076
-0.0001192323649
-0.0008865086399
-0.002017725786
-0.003157912138
-0.002919831589
-0.001948842725
-0.00120298704
-0.001021770524
-0.001058129635
-0.000865042071
-0.0004082414523
0.0001381775356
0.0005307067299
0.0006929261817
0.0006088561969
0.0001765625381
-0.0009169352315
-0.002976831091
-0.005977043947
-0.00372585535
-0.001161073597
-0.0002773714696
-0.0005941497858
-0.001132793288
-0.001169894055
-0.0007086501514
-8.629414683e-05
0.0003865736148
0.0006794454539
0.0008876953573
0.0009299970452
0.0002947741917
-0.001764333339
-0.005706201132
-0.0003390653721
0.002196964457
0.00216990975
0.0006494207462
-0.0007820227812
-0.001261173469
-0.0009369872839
-0.0003920763591
-2.115400564e-05
0.0003223249934
0.001066296679
0.002352298084
0.003498289827
0.003150667193
0.0001261377252
0.00594166774
0.006905057829
0.004974794751
0.00189831205
-0.0004718474832
-0.001342468232
-0.001138308122
-0.0008009080626
-0.0008162788858
-0.0006899115551
0.000652764885
0.003825461132
0.007942097644
0.0107737081
0.01054675344
0.01140614097
0.009922373738
0.006087285349
0.001844100177
-0.0009103854894
-0.001638044642
-0.00127518562
-0.001233438292
-0.002049912321
-0.0027158147
-0.001173814202
0.003911500612
0.0112983057
0.01738246106
0.01970225194
0.01307630512
0.009799483979
0.004320662485
-0.0001998443137
-0.002219664045
-0.001900384889
-0.0009231967118
-0.001273445098
-0.003339852831
-0.00573458491
-0.004952941552
0.001307970198
0.01159388578
0.02009404573
0.02227291275
0.0003611252735
-0.0003881225907
-0.002443152219
-0.003451892105
-0.0008366357363
0.006239683092
0.01425265333
0.0007670177474
-0.0001970601568
-0.002731011611
-0.004808914857
-0.003935793014
0.00130060746
0.009028787862
0.001724242573
0.0005158763096
-0.003036675839
-0.007072012682
-0.009121798507
-0.006743408666
1.444900079e-05
0.002988460314
0.001630179963
-0.002178352566
-0.006979248076
-0.01069332576
-0.01072892693
-0.006169404756
0.003629370143
0.00248480834
-0.0003237406422
-0.004168698157
-0.008034312206
-0.009678054206
-0.0076460935
0.002876020628
0.002276707269
0.001392763451
-0.0002890304543
-0.002907226238
-0.005064355405
-0.005054872634
0.0008799098221
0.001006174838
0.002240596945
0.003038042633
0.002291439882
0.0003094638197
-0.00129335006
-0.001317184254
-0.0004813554372
0.002366080445
0.0050418981
0.005657241381
0.003610939331
0.0002855621865
-0.002432338182
-0.00110829341
0.00232330209
0.005465209802
0.00595542139
0.002661176133
-0.002440816135
-0.001826354493
-0.0004030280335
0.002309491376
0.004089785815
0.002424792037
-0.003247291699
-0.009186245201
0.0001359958143
0.001148886794
0.001920840222
0.0006107856596
-0.004631719243
-0.01228836213
-0.01544021892
0.002285754359
0.002405605592
0.0004663607239
-0.004611250877
-0.01279596809
-0.01909475457
-0.0143447038
0.003419316265
0.002403970641
-0.002045887172
-0.009623419434
-0.01724374302
-0.01681540155
-0.001813994269
0.003080006855
0.001161039926
-0.004403574902
-0.01116351405
-0.01313005919
-0.002815716105
0.0175811232
0.002035100171
-0.0002218282586
-0.005081410882
-0.007978795078
-0.002461804583
0.01360467744
0.03045256782
0.0006118360472
-0.000336595525
-0.002361329373
-0.00323918426
-0.0005797667941
0.006031077782
0.01275458195
0.001092525108
-0.000156835797
-0.002904876202
-0.005169276837
-0.004580696376
0.0004886114695
0.007698992208
0.002195458616
0.0006293911494
-0.00309520165
-0.007282748723
-0.009412294721
-0.006927712784
-0.0003072678189
0.003459906167
0.001859988692
-0.001907397759
-0.006697190825
-0.01040425565
-0.01026687366
-0.00566196103
0.003811834883
0.002659383428
9.912300776e-05
-0.003573923484
-0.007284343312
-0.008725423062
-0.006570644983
0.002560898317
0.002210768048
0.001715645677
0.0002754236034
-0.002110776691
-0.004043728417
-0.003871773555
0.0001509328206
0.0007114279794
0.002345633473
0.003427028958
0.00294254037
0.001073404517
-0.0003512264569
-0.00216589803
-0.0008354674922
0.002364106602
0.005271131536
0.006018840962
0.003900093995
0.0007502753844
-0.003054929537
-0.001308561886
0.00240260421
0.005620435221
0.005939296964
0.002275039563
-0.002573141457
-0.002011236529
-0.0003502654051
0.002495030049
0.004079993032
0.001890892254
-0.004093963425
-0.009074149689
0.000409966623
0.001398002088
0.002072612454
0.0002984839357
-0.005417313102
-0.01259774498
-0.01411085365
0.002846521591
0.002682691424
0.000439804756
-0.005034467564
-0.0129521876
-0.01770851772
-0.01183736376
0.004024824242
0.002592626873
-0.002106594259
-0.009495465957
-0.01577150798
-0.01370350577
-0.0001248242328
0.003581188712
0.00132433747
-0.004091796796
-0.009903679418
-0.01040371109
-0.0004513137135
0.01543862517
0.002472605881
0.0001124512081
-0.004226010537
-0.006266556404
-0.0008616166602
0.01231918522
0.02437042982
0.000742336053
-8.794897028e-05
-0.001750519661
-0.002490288192
-0.0003547619649
0.004461568426
0.009524203474
0.001163694403
6.455101605e-05
-0.002223253005
-0.004102833107
-0.003559808815
0.0002277648764
0.00583381515
0.002141340708
0.0007761787994
-0.002324093542
-0.005715947814
-0.007285772998
-0.005328111819
-6.650052224e-05
0.003133397471
0.001775676881
-0.001335727114
-0.005149978781
-0.007957635315
-0.007683190033
-0.004020255143
0.00316796888
0.002205755029
0.0001563279728
-0.00275665912
-0.005556275278
-0.006445070648
-0.004649913387
0.001769016746
0.001527231176
0.001220042617
0.0001568214756
-0.00154474325
-0.002788022596
-0.002495345286
-0.0005393434737
3.295203497e-05
0.00154399663
0.00256928997
0.002365853674
0.001201731169
0.0002838948734
-0.002594971149
-0.001334526747
0.001529782156
0.004098660135
0.004846159592
0.003439176286
0.001195980435
-0.003224103837
-0.001597225093
0.001719126046
0.004543274437
0.004892868117
0.002263419224
-0.001233908329
-0.00205632749
-0.0005254015522
0.002048515754
0.003519229818
0.001883334677
-0.002481446292
-0.005995797932
0.0003172115389
0.001227399412
0.001954691222
0.0006988642463
-0.003562749468
-0.008626839
-0.009644717554
0.002633111676
0.002517534907
0.0008109618245
-0.003322691316
-0.009055414526
-0.01208563276
-0.008165523597
0.003763575728
0.00255444718
-0.001108380729
-0.006580098309
-0.01088350634
-0.009143220223
-0.0005190234863
0.003409074684
0.00155699864
-0.002594864864
-0.006784760061
-0.007002567449
-0.0003849262019
0.009256647911
0.0024666791
0.0005755761821
-0.002734266034
-0.004305432935
-0.0008098293074
0.007390835477
0.01453619776
0.0005387207368
-7.548522876e-05
-0.00123454532
-0.001704227607
-0.0003573428782
0.002546881694
0.005565540386
0.0008729571614
8.83168766e-05
-0.00153616488
-0.002771880701
-0.002462815765
-6.595226385e-05
0.003435357708
0.001639973048
0.0006713387393
-0.001534334753
-0.003765568805
-0.004806548521
-0.003462845578
-0.0002130823051
0.002307881614
0.001341114988
-0.0008571625914
-0.003351731623
-0.005248843933
-0.004917310944
-0.002591819712
0.002133225586
0.001461342297
2.475102045e-06
-0.001892492275
-0.003734981726
-0.00413106002
-0.00293667579
0.0008406270902
0.0007024210675
0.0004919719596
-0.0001424985193
-0.00120040076
-0.001793215905
-0.001454917138
-0.001056371782
-0.0005806504049
0.0005430545603
0.001343812085
0.001347144942
0.0008023573512
0.000420646151
-0.00264668082
-0.001631429336
0.0004948761678
0.002417191333
0.00312119539
0.002428870866
0.001303784997
-0.003038955614
-0.00175978555
0.0007592024523
0.002904161539
0.003432720511
0.001906344332
-4.684241584e-05
-0.002018042554
-0.0008171410575
0.001209370736
0.002517025911
0.001751636136
-0.0007924417224
-0.002842871625
-7.801121889e-05
0.0006453469659
0.001409946125
0.000915545576
-0.00147682212
-0.004411240036
-0.005132892328
0.001779613846
0.001743171335
0.0008419662067
-0.001516195335
-0.004773622317
-0.006480576681
-0.004560992443
0.002707200235
0.001894151446
-0.0003153959697
-0.003517004491
-0.005899483428
-0.004979756689
-0.0006917992151
0.002489048216
0.00124968211
-0.001288950437
-0.003737152442
-0.003856803569
-0.0004670083709
0.004173071926
0.001819838471
0.0005632505519
-0.001485418435
-0.002501657039
-0.0007444999224
0.003285357039
0.006672690815
0.0001561773599
-0.0002097990724
-0.000814465965
-0.0009945653493
-0.0003791745489
0.001104356117
0.00220516915
0.0003984701101
-5.531326331e-05
-0.0009156355016
-0.00150787156
-0.001406858025
-0.0001650609283
0.001108787088
0.0009073367381
0.0003404070355
-0.0008456175185
-0.001936153285
-0.002534596949
-0.0016930297
-0.0007051923797
0.001292863343
0.0007424683427
-0.0004645302897
-0.001744059719
-0.002754565159
-0.002419781827
-0.00174545217
0.001074574762
0.0007125481021
-7.072015177e-05
-0.001040522486
-0.002027341989
-0.002045265057
-0.001751373208
0.0001101392557
8.69228627e-05
-2.272256185e-05
-0.0003157454521
-0.0008324469516
-0.001020080056
-0.0008532455501
-0.001205445183
-0.0008518575631
-0.0001820575979
0.0003513491565
0.0004329691148
0.0003468165254
0.0002237368029
-0.002262452782
-0.001578370587
-0.0002847758543
0.0009150294004
0.001484648477
0.001347212964
0.001009578686
-0.002517341413
-0.001668022159
-8.318324397e-05
0.001344502408
0.001868009525
0.001348716293
0.0004913100414
-0.001854938336
-0.001057310353
0.0003230413627
0.001369906498
0.001281823864
0.0002656648785
-0.0006848775592
-0.0005904636927
-8.064146943e-05
0.0006466335435
0.0007867930058
-7.053853949e-05
-0.001326205246
-0.001792308978
0.0006232984125
0.000684290681
0.0005054776813
-0.0002893921582
-0.001563883924
-0.002297121093
-0.001831719892
0.001256763513
0.0008810389079
2.038218101e-06
-0.001227060954
-0.002138422722
-0.001831414389
-0.0006633717096
0.001177956295
0.000569710324
-0.0005057228434
-0.001440335553
-0.001490635502
-0.0003726741264
0.0008184634288
0.0008161995123
0.0002074223777
-0.0006727825067
-0.001080124115
-0.0005495935564
0.0006670314712
0.001483077073
-0.000222791551
-0.0003761503846
-0.0004799018637
-0.0004557041893
-0.0003007213037
4.933398601e-05
0.0001723207928
-6.818455883e-05
-0.0002468049614
-0.0004168485378
-0.0004900037845
-0.0004768636302
-0.0001370436301
3.315234047e-05
0.0002148373934
-2.699398129e-05
-0.0002613635504
-0.0005074255542
-0.0006222851165
-0.0003645454442
-0.0001380569525
0.0003532327772
0.0001387228334
-0.0001271684852
-0.0003967626372
-0.0006694370008
-0.0004090308888
-0.0002478073955
0.0001700274853
5.505803056e-05
-0.0001085874826
-0.0003343142387
-0.0006045847077
-0.000352471935
-0.0003698764521
-0.0003730287304
-0.0003199556138
-0.0003015256492
-0.0003339751042
-0.0005319506946
-0.0003056973573
-0.0004188844861
-0.001064736268
-0.0008446707006
-0.000549105605
-0.0003166968872
-0.0002469853919
-1.765867651e-05
-4.400308695e-05
-0.001630657397
-0.001266083736
-0.0007263279061
-0.0001866421652
0.0001186211086
0.0003675208119
0.0003004532478
-0.001812125252
-0.00137592401
-0.0006316647708
7.132290594e-05
0.0005102316724
0.0006324096893
0.0004582064444
-0.001562521821
-0.001137648354
-0.0003920527039
0.0003325791997
0.0006082416041
0.0006030475008
0.0003770652678
-0.0009958265882
-0.0006877648839
-6.932942392e-05
0.0004368442936
0.0005953188711
0.000467494804
0.0002039081549
-0.0004207394764
-0.0002763762675
6.202287149e-05
0.0003534746754
0.0003797967733
0.0003051435121
-0.0002533044837
-7.67882801e-05
-9.013457778e-05
2.961930425e-05
0.0001877051001
0.0002295918923
0.0001028914617
-0.0007182542918
-4.455343583e-05
-0.0001342150648
-0.000114531948
2.139333843e-05
-1.999087082e-05
-0.0003816991841
-0.001315754984
-0.0001376389079
-0.0002214667703
-0.0002086673836
-0.0001635663342
-0.0004290704403
-0.0010130875
-0.001730073898
-0.0004757280835
-0.0004458135728
-0.0002508359393
-0.000103165431
-0.0002156697394
-0.0005650222425
-0.0008981005793
-0.0004254405278
-0.000359517073
-0.0001018832176
0.0001732664076
0.0001537113386
1.346746701e-05
-0.000432771514
-0.0003457847796
-0.0002730189244
6.668111715e-05
0.0004239790641
0.0006203062116
0.0006265068449
0.0003527307309
-0.000366176049
-0.0002823569774
3.182360181e-05
0.0004008708402
0.00058578692
0.0008665962389
0.0005392574435
-0.0004737096957
-0.0003823278085
-0.000158027584
7.867046178e-05
0.0001476576257
0.0003699357806
-3.711242202e-05
-0.0006309901386
-0.0005177584879
-0.0004397886775
-0.0003322135875
-0.0003861042059
-8.750560085e-05
-0.0005753711518
-0.0007901597821
-0.0006753960996
-0.0006816617525
-0.0006839776127
-0.0007423988283
-0.0003919830838
-0.0006604448251
-0.0009464913515
-0.0008310382554
-0.0008645377708
-0.000828609644
-0.0007825494014
-0.0003826209797
-0.0004952199241
-0.001082980316
-0.0009692789359
-0.0008707953422
-0.0007132230011
-0.0004858206269
2.472356838e-05
0.0001489665789
-0.001163906739
-0.001031325473
-0.0007749115812
-0.0003551135008
4.135051843e-05
0.0005110116791
0.0006222762944
-0.001168122844
-0.001004715926
-0.000523370308
0.0001352656491
0.0008308454582
0.001184421975
0.001110981186
-0.001095877968
-0.0008923224608
-0.0002516103107
0.0006488211382
0.001397277696
0.001586848577
0.0006607268896
-0.0009903572763
-0.0007493810162
-9.540511503e-06
0.0009472935754
0.001476220355
0.0009570652602
-0.0007835311649
-0.0008863135612
-0.0006242187715
8.095515096e-05
0.000810519213
0.0007216695017
-0.0005514625802
-0.0025693624
-0.0007945541758
-0.0005306124776
3.141100144e-05
0.0003180012209
-0.0004543505297
-0.002067269129
-0.00361469081
-0.0006405205732
-0.000528330542
-0.0001741244293
-8.512574485e-05
-0.0002134541601
-0.001102273141
-0.001311214572
-0.0006716568242
-0.0004918389331
7.49855064e-06
0.000327298694
0.0004186289354
-0.0003104496583
-0.0006327121706
-0.0007652510593
-0.0005488640049
0.0001324764941
0.0006362905534
0.001101618268
0.0004196337788
0.0004969306594
-0.0009028765597
-0.000676661303
-1.178138022e-05
0.0005190333144
0.001019179367
0.0004216431299
0.0007327064562
-0.0009360280692
-0.0007572711929
-0.0003002974693
-1.418084488e-05
0.0003777711904
-0.000168400588
0.0002502612425
-0.0007931097334
-0.0006979094372
-0.0005740013073
-0.0005980180328
-0.0004855590069
-0.0007925262219
-0.0005639096901
-0.0005545627139
-0.0005630531293
-0.0007335180464
-0.001061977388
-0.001126124814
-0.001232625444
-0.0009135620966
-0.0004113749789
-0.0005017492801
-0.0008741195739
-0.001296881966
-0.001384433149
-0.001155332969
-0.0009661602918
-0.0004892168281
-0.0006146848602
-0.0008983842451
-0.001230162863
-0.001095799357
-0.0007253505105
-0.0003257623862
-0.0007732994556
-0.0008325895443
-0.0009028277491
-0.0008173355709
-0.0003266042732
0.0001687269592
0.0004140912693
-0.001146494646
-0.001089049837
-0.0007517845815
-8.380487719e-05
0.0007423014996
0.001244067549
0.0008332429153
-0.001398907045
-0.00117072155
-0.0004288474733
0.0007049300604
0.001652105151
0.001933107711
0.0005668055516
-0.001455877074
-0.001080356219
-7.160533332e-05
0.001206174455
0.001810087449
0.001187092415
-0.001223508354
-0.001326527308
-0.0008770998625
0.000117809885
0.001080471986
0.0008138657232
-0.0007744789971
-0.003432861113
-0.001136114505
-0.0006960914566
9.767195233e-05
0.0004689161851
-0.000611570588
-0.002590207052
-0.004591584386
-0.0007446065272
-0.0005798847174
-0.0002863033475
-0.0001288472763
-0.00057775441
-0.001208816882
-0.001924475082
-0.0008293303803
-0.000588388487
-8.975762579e-05
0.0003129559525
0.0001630674751
-0.0004974406196
-0.001235921918
-0.001052764854
-0.0007666025305
-6.560899133e-05
0.0005492553436
0.0006934431242
0.0001118404236
-0.0007379106609
-0.001251182189
-0.000963644818
-0.0002610676398
0.0003282064336
0.0006565749282
-5.869407776e-05
-0.0003636633757
-0.001216394926
-0.001004222392
-0.0005268082079
-0.000213061097
0.0001536328217
-0.0005855055619
5.019403465e-05
-0.0008837190506
-0.0008010467758
-0.0007086626329
-0.0008030320311
-0.0005694996342
-0.00116531614
6.655781391e-06
-0.000412646905
-0.0004899222639
-0.0007687876963
-0.001255418858
-0.001225224949
-0.001721764639
-0.000389504437
-7.85792231e-05
-0.0002780081194
-0.0008167577423
-0.001509125587
-0.001520443592
-0.001641846212
-0.0003935935877
-0.0001167791851
-0.0003747828566
-0.0008597021606
-0.001435440535
-0.001362393553
-0.001454935922
1.687505352e-05
-0.0004865062358
-0.0006836743444
-0.0008358338227
-0.001036255696
-0.000403011677
-0.0004729305141
0.0004820521485
-0.001038412069
-0.00106258648
-0.000795797708
-0.0003305271815
0.000565902826
0.0007001450699
0.0006607587863
-0.001454328286
-0.001255476608
-0.0005139633089
0.0004928938301
0.00140311973
0.001448468963
-0.0001746393205
-0.001597659399
-0.001206144056
-0.0001548558782
0.001016510362
0.001543717138
0.0007507811049
-0.001614966118
-0.001468620936
-0.0009921034151
5.751375737e-05
0.0008914089466
0.000580352471
-0.001210739915
-0.003596117986
-0.001246316894
-0.000785633342
4.988532427e-05
0.0002965382281
-0.0007436963858
-0.002893027032
-0.004668125094
-0.0007835340099
-0.0006441631372
-0.0003857870637
-0.0003705678563
-0.0008980212166
-0.001812890956
-0.002648042405
-0.0009185333748
-0.0007046592832
-0.0002478438343
2.323649068e-05
-0.0002905710993
-0.001014556823
-0.002336822953
-0.001191663774
-0.0009042986316
-0.0002408600343
0.0003028496028
0.0002846549491
-0.000205996328
-0.001566545719
-0.001420776446
-0.001128727459
-0.000479413548
0.0001303351317
0.0002157148705
0.0001246047136
-0.001261373247
-0.001364991341
-0.001148000112
-0.0007638514461
-0.0003921546385
-0.0003429084125
-0.0002480959976
-0.001372137765
-0.0009647719447
-0.0008956902233
-0.000893732356
-0.0009012940004
-0.0009460193026
-0.0007963486525
-0.001308171066
-0.0004011321032
-0.0005127692136
-0.0008777832592
-0.001264956582
-0.001520074872
-0.00136239853
-0.001228781653
3.911916754e-06
-0.0002409566521
-0.0008556377266
-0.001540330668
-0.001758261103
-0.001553517927
-0.0008826584319
1.125428174e-05
-0.0003027149599
-0.0008836521953
-0.001428283923
-0.001612037781
-0.001293543135
-0.0006066167856
-0.0003808594875
-0.000622766285
-0.0009219459756
-0.001072799318
-0.0007934730587
-0.0007563837073
8.07510058e-06
-0.0009560256345
-0.001002041336
-0.0009001467275
-0.0004837577339
-4.544956255e-05
0.0001861019319
0.0001357243226
-0.001403937804
-0.00122884667
-0.0006768159404
0.0001485647295
0.0006186823211
0.0005087086409
-0.001016648427
-0.001564952446
-0.001212517536
-0.0003526587492
0.0005443187539
0.0007628696103
-0.0004025616411
-0.002199382826
-0.001438089078
-0.001005939197
-0.0001543478743
0.0004293305469
-4.487385136e-05
-0.001975787926
-0.003736571488
-0.001227019729
-0.0008249539595
-0.0001432193152
-7.502634106e-05
-0.001048750744
-0.003250943081
-0.00452499596
-0.0007133607373
-0.0005723074893
-0.0003719037442
-0.000364232357
-0.001052127306
-0.002069928215
-0.002872326782
-0.0008531435227
-0.0006344495618
-0.0002242368715
6.867930071e-05
-0.000273991796
-0.001185913017
-0.002124669879
-0.001148640003
-0.0008488612964
-0.000244258321
0.000365985062
0.0003515122639
-0.0002111912461
-0.001114595458
-0.001387960699
-0.001089160351
-0.0004571697723
0.0001825390069
0.0004273196821
0.0003786073676
-0.0002860457645
-0.00134954326
-0.001146994595
-0.0007719972244
-0.0003171511909
-6.58686415e-06
0.0002517247975
-0.0002425737671
-0.0009852694956
-0.0009393419284
-0.0009439451645
-0.0008294959243
-0.0007461720129
-0.00021258948
-0.0004678804091
-0.0004531384411
-0.0005717841227
-0.0009258844447
-0.001193102447
-0.001401647621
-0.0008423673234
-0.0007532642274
-5.884660936e-05
-0.0003003878476
-0.0008690437382
-0.001411960642
-0.001773732798
-0.001293370667
-0.0005351201611
-2.528045528e-05
-0.0003030368057
-0.000933029447
-0.001235088402
-0.0015642192
-0.001232507208
-0.0009525532637
-0.0003567277823
-0.0005840667957
-0.0009143061885
-0.00104569197
-0.00111463268
-0.0006902526993
-0.0006471981548
-0.0008751521437
-0.0009414006765
-0.0009205859306
-0.0006551469232
-0.0006167672574
0.0001076314173
-0.000516316099
-0.001264306078
-0.001140528077
-0.0007572634591
-0.0002042252374
-8.986048772e-05
-4.335314742e-05
-0.001619037474
-0.00138490362
-0.001106841911
-0.0004879310191
8.242302987e-05
7.728746056e-06
-0.001087306446
-0.002141248722
-0.001257084445
-0.0009273041285
-0.0003205509213
-2.858937661e-05
-0.0006386877487
-0.002254652594
-0.003862320504
-0.001073777207
-0.0007784254514
-0.0003090407689
-0.0004049930419
-0.001329395013
-0.00317535033
-0.004349036389
-0.0006252724344
-0.0004875479887
-0.0002707326442
-0.0003266676631
-0.001191969024
-0.002393950858
-0.003678350567
-0.0007784672113
-0.0005613431961
-0.0001388243385
0.0001146971907
-0.0003378798388
-0.001337642975
-0.002506073155
-0.00106955714
-0.0007382408802
-0.0001444825337
0.0004985333546
0.0004649202774
-4.915683819e-05
-0.0008811971848
-0.001309723776
-0.0009786679753
-0.000379293311
0.0003747343354
0.0006326912328
0.0006524145427
0.000413117277
-0.001303327332
-0.001067886842
-0.000711730254
-0.000142980827
0.000222862987
0.0006230074483
0.0009487730402
-0.001021180554
-0.00096358215
-0.0009422711994
-0.0005778178165
-0.0003077769583
0.0002732859343
0.0009938012129
-0.00055358976
-0.000658862182
-0.0009018203887
-0.001001243771
-0.000982210248
-0.0004441722325
0.0005166570069
-0.0002323121166
-0.0004243388295
-0.000889813185
-0.001181134842
-0.00145374527
-0.001279764192
-0.0002733135923
-0.0001776677087
-0.0004166186172
-0.0008975266648
-0.001165791595
-0.001440307624
-0.001331923233
-0.0009501773114
-0.000416221948
-0.000603813273
-0.0008860033108
-0.001008703934
-0.001110066942
-0.000666424898
-0.001193973874
-0.0008146382032
-0.0008892426277
-0.0009003342059
-0.0008562130613
-0.0007063369481
-0.0003593871287
-0.00139647714
-0.001077935951
-0.00101306885
-0.0007388804708
-0.0005476942713
-0.0003727589887
-0.001146580575
-0.001031862768
-0.00113588353
-0.0009575404397
-0.0005491071601
-0.0003359811168
-0.0005086257508
-0.00164425235
-0.002310803445
-0.0009825821253
-0.000771392783
-0.0003968076522
-0.000436685673
-0.0009968315514
-0.002598009327
-0.003805295505
-0.000842330512
-0.0006606526608
-0.0004152689214
-0.0006771372853
-0.001528684573
-0.003111001874
-0.004181558768
-0.0005302691292
-0.000392817776
-0.0001109573786
-0.0002001083782
-0.00105218622
-0.002516470532
-0.003809342575
-0.0007019174875
-0.0004907734761
-6.948494081e-06
0.0002159049168
-0.0002872060214
-0.00143986034
-0.002734514117
-0.000965915399
-0.0006544255894
-7.825092757e-06
0.0006040778344
0.0005610637438
1.019245071e-05
-0.0009705357886
-0.001208009423
-0.0008903514664
-0.000269697979
0.0004243762835
0.0006194321223
0.0005854245303
6.831409253e-05
-0.001217676731
-0.001001811172
-0.0006098470101
-0.0001077647912
0.0001914240591
0.0005052072655
0.0005450669211
-0.001021922116
-0.0009530754981
-0.0009236110188
-0.0006391145821
-0.0007894057826
0.0001156708308
0.0002369381871
-0.0006541781873
-0.0007410783084
-0.0009019368234
-0.0008696321504
-0.0009315071776
-0.0004971231795
-7.663159562e-05
-0.00034141218
-0.0005013095501
-0.000804595848
-0.0009473712558
-0.001039045569
-0.0009600467702
-0.001128872126
-0.0002711631038
-0.0004348067027
-0.0007480304998
-0.0007610597095
-0.0007515537771
-0.0008412370359
-0.001296483909
-0.0004400701378
-0.0005495436713
-0.0008002483525
-0.0006345428812
-0.0008493276946
-0.0006438047792
-0.0008115527791
-0.0006873802839
-0.0007133998059
-0.0007831716189
-0.0005590783248
-0.000746672287
-0.0007151189903
0.0001244635173
-0.0008354713204
-0.0007593578637
-0.0006448971327
-0.0004319376489
-0.0006363302457
-0.0008775280316
-0.0001737864002
-0.0008041924637
-0.0006702274991
-0.0004927974357
-0.0004075922634
-0.0008220435499
-0.00152889343
-0.002140055858
-0.0006334791362
-0.0004951044214
-0.0003667075392
-0.0005118506102
-0.001174322779
-0.002201458736
-0.003012597149
-0.000526327263
-0.0004297872178
-0.0004092254077
-0.0007279564494
-0.001591807499
-0.002742316538
-0.003604328197
-0.0005172614101
-0.0003568527208
-4.286364439e-05
-5.877182399e-05
-0.000810119769
-0.002176646061
-0.003502318606
-0.0006871853841
-0.0004478082068
2.150391071e-05
0.0003116183944
-0.000160639509
-0.001132290746
-0.002429287019
-0.0009176634933
-0.0005998016322
4.394415161e-05
0.0006608133195
0.0006081538062
7.106871209e-05
-0.001013841084
-0.001125866008
-0.0008190214736
-0.000196794896
0.0004361073227
0.0006364721986
0.0005946280337
4.571027501e-05
-0.001152505336
-0.000925044953
-0.0005478650489
-0.0001300828764
0.0002434390542
0.0003416359187
0.0003615083625
-0.0009544332389
-0.0008954020002
-0.0007917983624
-0.0007748141496
-0.0005879074116
-0.0002149353336
2.296367432e-05
-0.0006636441517
-0.0007124492892
-0.0008706465336
-0.0009329639523
-0.00118470494
-0.0004873646116
-0.001038987493
-0.0004333743001
-0.0005285549491
-0.0007620625393
-0.0008419562657
-0.0008188659577
-0.000616131021
-0.001622280061
-0.0002948121995
-0.0003972875743
-0.0005080642727
-0.0005324998009
-0.0003539115789
-8.605829406e-05
-0.0006020302442
-0.0003706425137
-0.0004334107342
-0.0004496361899
-0.0004081146472
-0.0001052372267
-2.244854693e-05
0.0002186100982
-0.0005074869317
-0.0005074043723
-0.0004737946109
-0.0003964767834
-0.0002425382078
-0.0002663355555
0.0002374400118
-0.000537210049
-0.000515199452
-0.0003923087911
-0.0003950382371
-0.0004087105521
-0.0007127457604
-0.0004312150486
-0.0004590361243
-0.0004209875879
-0.0003498384155
-0.0004838619659
-0.0008308802082
-0.00131279768
-0.001226592518
-0.0002808556941
-0.000243856789
-0.0002971930071
-0.0006534519841
-0.001260241868
-0.002009644446
-0.00220765057
-0.0002115728388
-0.0002133745534
-0.0003635782693
-0.0008214973042
-0.001551544468
-0.002397199288
-0.002891384385
-0.0004841309202
-0.0003164079813
-1.088621326e-05
8.382502688e-05
-0.0005039688388
-0.001454577617
-0.00257745667
-0.0006452573022
-0.0004009761485
4.889693638e-05
0.0003704312005
3.875454127e-05
-0.0007359483995
-0.001903385449
-0.0008441745945
-0.0005445301851
5.891849303e-05
0.0006111439401
0.000601404593
0.0001182496229
-0.0009686747448
-0.001023468074
-0.0007512652997
-0.0001691306281
0.0003496708336
0.0005525058017
0.0004163934312
-0.0003805443725
-0.001014137841
-0.0008042049077
-0.0004704242082
-4.922299392e-05
0.0002404993416
0.0003469034554
-3.196810044e-05
-0.000841879888
-0.000787482973
-0.0006270482257
-0.0006632538952
-2.685227223e-05
-0.000452931175
-0.0005348858175
-0.0005394766871
-0.0005838302122
-0.0006576586658
-0.0009418719914
-0.0008808219738
-0.0006049044106
-0.00102200717
-0.0003445214435
-0.0004318195697
-0.0006257357553
-0.0006605779924
-0.0007507142344
-0.0001446612225
-0.0004943102424
-0.0002411281403
-0.000356690825
-0.0005420241925
-0.0003667827611
-0.0002728472713
0.0003179024048
9.203462631e-05
-0.0002778340536
-0.0003157060991
-0.0003506697041
-0.0001842383749
0.000152746753
0.0004055672145
0.0007958501119
-0.0003191645885
-0.0003470963864
-0.0002935523225
-0.0001430670291
-3.767052057e-05
0.0003313558322
0.00111373481
-0.0002746942102
-0.0002747718495
-0.0002508570708
-0.0003096376275
-0.0004261931546
-0.0003109227292
0.0008862388658
-0.0001427518113
-0.0001478988983
-0.0002673663225
-0.0005441697007
-0.0008892837823
-0.0009995103445
-9.774906393e-05
5.929999361e-06
-3.09441274e-05
-0.000291803479
-0.0007710948407
-0.001259543368
-0.001556415335
-0.001120296826
3.825789657e-05
-4.163691821e-05
-0.0003735275983
-0.0008666877902
-0.00142927798
-0.001754686207
-0.001866872306
-0.0004392502084
-0.0003095770182
3.258906381e-05
0.000132526106
-0.0001513884799
-0.0009770834725
-0.001574228543
-0.0006171042854
-0.0004080130342
1.786708555e-05
0.0003765436725
0.0001859065863
-0.0004655029843
-0.001377113921
-0.0007769227436
-0.0005139689403
2.099107744e-05
0.0004915526076
0.0005814102719
5.036053168e-05
-0.0007132909138
-0.000908156809
-0.0006583923606
-0.0001891488178
0.00030938533
0.0004032139593
0.0002637851579
-0.000618369638
-0.0008560648324
-0.0006727929077
-0.0003828118179
-7.466593557e-05
-5.317537462e-06
0.0003087634436
-0.0003949201553
-0.0006550241723
-0.0006055579629
-0.0004503314309
-0.0003853454145
9.65755516e-05
-0.0001705440631
-9.566821618e-05
-0.000368432396
-0.00038672768
-0.0003537275714
-0.0005145510367
0.0004773380594
-0.0002257758628
0.0002286685684
-0.0001590245231
-0.0002132929137
-0.000242733735
-0.0004267922323
0.0001852146214
0.0002830541688
0.000417979695
-6.525788739e-05
-0.0001274699126
-0.0001369577919
-0.0001969682847
0.0005529582696
0.0005709514598
0.0009659911617
-8.783165547e-05
-0.000147604976
-0.0001320374074
-0.0001574215833
0.0003016872704
0.0007118686068
0.001336706421
-0.0001361687413
-0.0001871053511
-0.0002306431719
-0.0002950107382
-6.668964642e-05
0.0004562192798
0.00149762494
-5.943033926e-05
-8.92077814e-05
-0.0002386280741
-0.0004758081151
-0.0006383082058
-0.000210737555
0.001175395748
7.66965234e-05
-1.476882856e-05
-0.0003315813818
-0.0007391693306
-0.001029019621
-0.0007205104824
0.0005042587972
0.0002168380167
8.557587865e-05
-0.0003610491974
-0.0008771572969
-0.001180314896
-0.0008796272992
2.233066922e-05
0.0002249158217
7.767576868e-05
-0.0004007619315
-0.000867526593
-0.001117842988
-0.0008548972998
-0.0005101662108
-0.0003606399008
-0.0002260006129
1.663664123e-05
0.0001930510012
1.026985364e-05
-0.0006021017365
-0.001022448378
-0.0005102848509
-0.00031256113
2.384983419e-05
0.0003294623752
0.0002889141859
-0.0002660034298
-0.0009715806076
-0.0006402165002
-0.0004125686602
-6.986250792e-06
0.0004360348108
0.0005254009989
-2.127493769e-07
-0.0003875789673
-0.0007164466702
-0.0004930955347
-0.0001370759622
0.0002492357724
0.0003002025424
5.552316537e-05
-0.0002825612279
-0.0006360130095
-0.0004648972761
-0.0002864992697
-6.634942363e-06
-1.49383613e-05
0.0002004407908
-0.0002018061925
-0.0004606361367
-0.0003949992914
-0.0003490197757
-0.0002740464801
-0.0003259385886
-1.885273371e-05
-2.814274858e-05
-0.0002222616111
-0.0002362066232
-0.000251054189
-0.0003325249894
0.0002111779097
-0.0004215478169
0.0009533496882
-4.554833236e-05
-0.0001063640176
-6.850938053e-05
-8.809105998e-05
0.0008997452503
0.0002617834739
0.001788629566
4.224696287e-05
-1.450846342e-05
8.309247287e-05
0.0001151561029
0.0009162934625
0.0008228620899
0.001891884269
6.067025519e-06
-5.366216855e-05
6.710813703e-06
-3.474435421e-05
0.0006876853178
0.0004796104945
0.001740004972
-4.567992596e-05
-0.0001339339517
-0.0002149407784
-0.0004558826706
-2.603260059e-05
-6.748068112e-05
0.00179180974
2.092062033e-05
-0.0001107263109
-0.0003495709893
-0.0007223954224
-0.0006912241067
-0.0003414732834
0.001714539549
0.0001205974712
-6.794585203e-05
-0.0004625292489
-0.0009797294353
-0.001036720868
-0.000448469435
0.001430399768
0.0002104927892
-2.401056261e-05
-0.0004619282908
-0.0009581785341
-0.0009081640103
-0.0002641421088
0.001183544973
0.0001911814992
-4.340321175e-05
-0.000490269575
-0.0007871219427
-0.00063830833
5.51515937e-05
0.0007277339473
-0.0002966735492
-0.0002228009374
-2.326298721e-05
9.37838721e-05
4.622897372e-05
-0.000352641331
-0.00063639447
-0.0003856198576
-0.0002884852798
-6.637750392e-06
0.0002081594722
0.0002656622425
-0.0001235947183
-0.0005496219309
-0.0004429768394
-0.0003094461203
-8.444805076e-06
0.0002547143669
0.000319137706
-1.106901273e-05
-0.0004943047083
-0.0004630030624
-0.0003066566536
-4.0196683e-05
0.0001683784372
0.0002677467961
-0.0001981348787
-0.0003178885278
-0.000389393728
-0.0002544213472
-0.0001773013968
2.641140787e-05
-0.0001571462461
-1.771504396e-05
-0.0004737936365
-0.0002472666059
-0.0001851146709
-0.0002063895237
-2.484796518e-05
-0.0003490808665
0.0003036925556
-0.000733433136
-7.460400653e-05
-5.832254172e-05
-0.0001371310865
-5.072708406e-05
-0.0002520157697
0.0002584613703
-0.000318136244
4.58661091e-05
4.865027337e-05
-3.445523662e-05
0.0001137855632
0.0002628071571
0.0005586359125
0.0006029503224
0.000125719852
0.0001453667789
0.000135799521
0.0003987307948
0.0007404970365
0.001347878395
0.001006212765
0.000107507107
0.0001056325368
2.800300898e-05
0.0001897539796
0.0004150801857
0.001002409823
0.001303991443
0.0001162649358
3.133078992e-05
-7.616302081e-05
-0.0002083377298
3.106934491e-05
0.0005223965401
0.001663611396
0.00017906941
5.421342059e-05
-0.0002064861848
-0.0004423015763
-0.0002672669556
0.0001596899809
0.00185973293
0.0002565938711
5.652594652e-05
-0.0002704864985
-0.0005007215798
-0.0003710061613
0.0003086064082
0.002038223051
0.0003215930839
8.120213195e-05
-0.0002182101279
-0.0003681830874
9.933161589e-07
0.0008021895601
0.002176283632
0.0003122749769
0.0001550035684
-0.000145415803
-0.0001457155182
0.000182210351
0.0009927305984
0.001741211952
-0.0001481463601
-0.0001094609596
-1.597004336e-05
8.009850221e-05
6.411262679e-05
-5.77546967e-06
-0.0001786895432
-0.0001793059625
-0.0001186660894
-1.419140638e-05
0.0001326567874
0.000143371964
0.0001007328465
-9.561598163e-05
-0.0001818146206
-0.0001177444147
1.240879748e-05
0.0001341108934
0.0002014222476
0.0001075275639
-0.0001398685893
-0.000169516412
-0.0001023347914
9.55487151e-06
0.000113734377
0.0001646699027
2.234718408e-05
-0.0001005617333
-0.0001255779631
-8.100321432e-05
-8.340811022e-07
3.803143836e-05
9.33277475e-05
-0.0001751604318
-0.0003882525917
-6.960232749e-05
-6.110833062e-05
-1.133609694e-05
-1.453862393e-05
0.0001288443438
-0.0001605352893
-2.734885016e-05
-1.374085885e-05
-2.090152924e-05
-1.99350029e-05
3.205861823e-06
0.0001425114895
0.000172770338
-0.0003623211441
1.864499537e-05
8.930247373e-07
2.326463909e-05
6.684136228e-05
0.0002565863415
0.0005573915047
-0.0006471038885
1.685723435e-05
1.290913954e-05
4.726796542e-06
4.877958231e-05
0.0002551045318
0.0004889399758
-0.0001899612308
2.526902127e-05
-2.523268835e-05
-3.49125543e-05
-0.0001220865744
0.0001180445043
0.0002793782886
0.0002583921425
1.418201737e-05
-4.889375127e-05
-0.000142161937
-0.0002473373918
-0.000197514169
0.0002444940924
0.0002613215065
2.781206034e-05
-5.128308437e-05
-0.0001880144525
-0.000308552977
-0.0002436098298
0.0002487376593
0.000622041225
5.403097551e-05
-8.038953543e-05
-0.0002616472736
-0.000370682208
-0.0002611393181
0.0002730907062
0.0007480540574
3.736254821e-05
-4.937660036e-05
-0.0002387980154
-0.0002991122053
-0.0002237238625
0.0002836128409
0.0006539890704
2.311779194e-05
-9.799180176e-05
-0.0002586365674
-0.0001623995146
-4.985242002e-05
0.0003239997306
0.0004859050929
-0.000649929753
-0.001146569605
-0.002542489761
-0.002735967496
0.0007234291868
0.008005663991
0.01605535161
-1.175688124e-05
-0.0008927470332
-0.003316385968
-0.00495768787
-0.003041343595
0.003258910304
0.01218203298
0.00128884713
-8.152957371e-05
-0.004131714338
-0.008204301075
-0.009652745189
-0.005885609254
0.002529653325
0.003030999067
0.001346813366
-0.003370958263
-0.008838555338
-0.01256838861
-0.01181589808
-0.005843559724
0.004231954459
0.002697707582
-0.001154125584
-0.006128934759
-0.0106797155
-0.01241220892
-0.009631259467
0.003936750612
0.002991436351
0.001201110679
-0.001757038453
-0.005435044409
-0.008512233201
-0.00858731051
0.002017474278
0.00191626109
0.002489723673
0.002194085539
0.0002590586065
-0.002861219792
-0.004759784785
-0.0005295114841
0.0001921397372
0.002606079115
0.004454112337
0.004177891808
0.001449723652
-0.001556587277
-0.002335252734
-0.001048538493
0.002078411658
0.004786488195
0.004943985505
0.002355033704
-0.001501942454
-0.002487692622
-0.001061272951
0.001514210654
0.003341051832
0.00244758756
-0.001039945132
-0.004844325208
-0.001133074931
-8.23397422e-05
0.0008441902246
0.0003673988536
-0.002699807099
-0.006994277606
-0.008742731346
0.0007346755833
0.0009893703325
-0.0002912685435
-0.003583073867
-0.008531836712
-0.01166705278
-0.008335943854
0.001942389574
0.001251434573
-0.001943838832
-0.006970133194
-0.01141674735
-0.01008929927
-0.000424274332
0.001838916849
0.0004681116024
-0.003422864281
-0.007682447854
-0.008406025455
-0.001092048854
0.01147151939
0.0008936808279
-0.0005727539865
-0.003572243709
-0.005003342945
-0.00129125607
0.008528585503
0.01816489758
-0.0004032635498
-0.001065697162
-0.00258176859
-0.002610409764
0.001225698253
0.008157958183
0.01637379909
0.0003860369819
-0.0008261604682
-0.003552521403
-0.005351308897
-0.003399896117
0.002711113329
0.01182120565
0.001891418242
0.0001266800231
-0.00425630045
-0.008442137711
-0.01008368657
-0.006456184129
0.002369942367
0.003687418857
0.001731287918
-0.003102102914
-0.008486138599
-0.01258825058
-0.01200434803
-0.005401264999
0.004617993308
0.003098599681
-0.0006297680382
-0.005335208648
-0.01012457426
-0.01186945647
-0.008775189699
0.003822975658
0.003188501403
0.001688001223
-0.0009439013954
-0.004721713025
-0.007666626473
-0.007674513011
0.001464735266
0.00188196614
0.002748688847
0.002735482259
0.0007436120897
-0.002123553754
-0.004053068424
-0.00120412213
9.127481645e-05
0.002705204541
0.004702851352
0.004399276673
0.001828608953
-0.001275174208
-0.002800425145
-0.001050143271
0.002131135765
0.004878681317
0.004627813851
0.002094495123
-0.001629460545
-0.002514324652
-0.000874957298
0.001600710687
0.003198070523
0.001708476296
-0.001577186088
-0.005011421846
-0.0007541679336
0.0002227269777
0.0008620912738
-3.658351027e-06
-0.003543640764
-0.007292507127
-0.007916778171
0.001344216402
0.001303742551
-0.000371462147
-0.003931562957
-0.00871463946
-0.01057049659
-0.006287027641
0.002530080756
0.001473797201
-0.002012644689
-0.006767069137
-0.01029995138
-0.007608246628
0.001362194759
0.002255270696
0.0006602529644
-0.003146761164
-0.00671950103
-0.00633141154
0.0009560256914
0.01098519734
0.001204338914
-0.0003454116601
-0.003034366214
-0.003925577293
-0.0001371839174
0.008181938414
0.01546026995
-0.0001756811319
-0.0007885261068
-0.002074446034
-0.002094859539
0.0008172921207
0.006423528486
0.01218697554
0.0005790405105
-0.0004961799002
-0.002884100489
-0.004351703432
-0.003104089187
0.001776900988
0.008305360441
0.001924888755
0.0003160543932
-0.003354200056
-0.006966871793
-0.008332736434
-0.005549188247
0.0005705348131
0.003395523361
0.001659486482
-0.002349796711
-0.006949965649
-0.01017689006
-0.009868734612
-0.005400722077
0.003964336014
0.002622418817
-0.0003877816831
-0.004380879871
-0.008143348069
-0.01003703495
-0.007756678337
0.002978350664
0.00244633206
0.001295962996
-0.0008764788067
-0.003826989256
-0.006721856795
-0.006443428394
0.0007539705495
0.001144737902
0.001993354883
0.001959146577
0.000600684575
-0.002244073963
-0.003455644451
-0.001557639895
-0.000413156846
0.001905352548
0.003520606757
0.003475981819
0.0009951419567
-0.001093970203
-0.002772023863
-0.001271392284
0.001527815096
0.003647118422
0.003758162762
0.00134583407
-0.001361203285
-0.002303282745
-0.0008935241756
0.001242208739
0.002477591639
0.001459308599
-0.001339629752
-0.003568850605
-0.0005575761134
0.0002392386888
0.0008388892745
8.726343374e-05
-0.002532047936
-0.005378205719
-0.005918508866
0.001411600956
0.001338488695
-2.989941714e-05
-0.002851179959
-0.006322376214
-0.007512525894
-0.004652454575
0.002505416648
0.001565847645
-0.001207207935
-0.004876956645
-0.00727571943
-0.005181877004
0.0007195195759
0.0023043215
0.0009054018123
-0.002057862002
-0.004693531962
-0.004278704757
0.0008576237948
0.00736382334
0.001384712825
8.565816884e-05
-0.002025925863
-0.002772329181
-7.565934757e-05
0.005612502623
0.01035582035
3.720382855e-05
-0.0004611629967
-0.001283559975
-0.001282076532
0.0004759384772
0.004079207533
0.007202244368
0.0005755840635
-0.0002278629913
-0.001772814236
-0.002765341489
-0.001908101517
0.001264521077
0.004776368317
0.001534036813
0.0004127026254
-0.001978178465
-0.004287610093
-0.004931621951
-0.003195976795
9.471297155e-05
0.002479568265
0.001282198534
-0.001281707506
-0.004238345079
-0.005882515403
-0.00578573697
-0.003772971548
0.002638638294
0.001753571948
-0.0001213390334
-0.002678161191
-0.004656809334
-0.00566166713
-0.005294879686
0.001679811923
0.001365338537
0.0007365618213
-0.0006124516926
-0.00205201604
-0.003649172712
-0.004404227614
-9.45661827e-05
0.0002713718657
0.0009740556591
0.001122201159
0.000690153484
-0.0008772813757
-0.002252014447
-0.001792450049
-0.0008096583266
0.0008488171354
0.002135785899
0.00247685383
0.00133939952
-0.0007009126233
-0.002526697093
-0.001308083944
0.000688306535
0.002343532207
0.002379473043
0.001532707852
-0.001148913338
-0.001934835139
-0.0008219913223
0.0007108903976
0.001749922476
0.0009121765318
-0.000401714102
-0.002894129931
-0.0004239430223
0.0001593577326
0.0006296558552
0.0002464594907
-0.001499724478
-0.003021572871
-0.004364149217
0.001147505545
0.00105011306
0.0001455723603
-0.001694648618
-0.004005577962
-0.004692899309
-0.003537205733
0.001987107461
0.001253562759
-0.0006220066322
-0.003060202501
-0.004633576557
-0.003274486994
8.662440034e-05
0.001810678168
0.0007911222121
-0.001234015321
-0.003001375706
-0.002720930816
0.0004443690062
0.004465662146
0.00108551042
0.0001616476178
-0.001303367108
-0.001844749069
-9.783697118e-05
0.003404783948
0.006456657536
9.554743385e-06
-0.0002534448838
-0.0006177645341
-0.0006480110321
-0.00012781017
0.0008985711399
0.00173092006
0.0003197555688
-0.0001127323905
-0.0007455001755
-0.001161354158
-0.0009092629439
5.413891988e-05
0.00136986862
0.0008467038747
0.0002280258318
-0.0007049702227
-0.001563006783
-0.001689408889
-0.001013786488
0.000514667814
0.001232987237
0.0005823949555
-0.0003791844669
-0.001419593016
-0.001849879442
-0.001520023506
-0.0001705503816
0.00108425834
0.0006120074386
-2.609586382e-05
-0.0008758089336
-0.001371162912
-0.001318718325
-0.0003376963564
0.0003086298934
0.0001775306186
0.0001168864342
-0.0002113400902
-0.0004915131635
-0.0005258194111
-0.0001091448683
-0.0007988374399
-0.0005354884044
4.237651322e-05
0.0003670027389
0.0004517331753
0.0004200840269
0.0005854144476
-0.00169019049
-0.001097787735
-3.281118746e-05
0.0008334593155
0.001191693637
0.0009105191993
0.001371746137
-0.001936432295
-0.001195188733
4.454488172e-05
0.0009972551741
0.001158309527
0.0004823984356
0.0001142954474
-0.001385661481
-0.0007207565713
0.0002490502946
0.0009174470505
0.0004422188646
-0.0002492098774
-0.001620704279
-0.0003445532922
-3.664570213e-05
0.0003285105639
0.0001062318482
-0.0008502281555
-0.001588425613
-0.002543654437
0.0006536834459
0.0005517964701
5.725573921e-05
-0.001028672975
-0.002352139709
-0.002641099269
-0.002322331302
0.001125057203
0.000642742151
-0.0004740494301
-0.001910340143
-0.002754491594
-0.001919862419
1.191557944e-05
0.000936332586
0.0002888621547
-0.0009139444306
-0.001918267327
-0.001629820327
0.0002593244154
0.002666607269
0.0004514296873
-0.0001309327277
-0.0009481626935
-0.001196429492
-3.727518186e-06
0.002060810618
0.0039809534
-0.0001154305661
-0.0001333876191
-2.382251283e-05
5.177198456e-05
-0.000471196441
-0.001402234537
-0.002822893963
-3.275989555e-05
-4.474629773e-05
0.0001370362811
0.000346717015
6.402636327e-05
-0.0006386989362
-0.002072360383
3.930120863e-05
1.443651508e-05
0.0003229687264
0.0008300276582
0.001009411719
0.0008815725559
-0.000485312622
-7.389286299e-05
-8.612389494e-05
0.0002954526738
0.0009282873866
0.001434157258
0.001659789054
0.0007301983642
-0.0004157478965
-0.0003756702674
-5.354558669e-06
0.0005957664085
0.001164066225
0.001748500083
0.001341864784
-0.0008639184247
-0.0007326896711
-0.0004234079834
0.0001132499025
0.0005627634026
0.00137144054
0.001238189953
-0.001219694665
-0.0009860905489
-0.0006751126665
-0.0001901258403
0.0002133543572
0.001004275654
0.001015769297
-0.001343959554
-0.001014502658
-0.0006459443895
-0.0001239911328
8.322119692e-05
0.000622233326
0.0002373056975
-0.001179503048
-0.0008302429701
-0.0004134166735
3.777058284e-05
-1.779044122e-05
4.22182818e-05
-0.001049200413
-0.0007647902437
-0.0004759296279
-0.0001175512308
0.000164768429
-0.0001584045799
-9.580517255e-05
-0.001160407329
-0.0002525054334
-0.0001221565464
-4.549535864e-07
-0.0001115587559
-0.0006599154687
-0.0006638461233
-0.00106560049
0.000143915105
8.096528502e-05
-0.000156740505
-0.0006559072339
-0.001313806118
-0.001302585626
-0.0007436997372
0.0002332273529
-2.954222025e-05
-0.0005422571904
-0.001184833445
-0.00146685688
-0.0009729545342
0.0004047934373
3.439922734e-05
-0.0003075817166
-0.0008370778766
-0.001217543769
-0.0008776681914
0.0001022042225
0.001529859734
-0.0002670913275
-0.0005734081908
-0.0008805666318
-0.0008672760601
-5.139262708e-05
0.0009815975786
0.002170888232
-0.0003670310879
-0.0001957185436
0.0003643181378
0.0005623802587
-0.000529683719
-0.002838325104
-0.00530756881
-0.000500575374
-0.0001959506509
0.000699206117
0.001411065037
0.0009672394759
-0.0008720194815
-0.003418471918
-0.0007966074073
-0.0003818543372
0.0009351855481
0.002450571564
0.0030950062
0.002247973646
5.181986367e-05
-0.001273141055
-0.0008003693229
0.0006089228508
0.002464239168
0.00377588986
0.00390766961
0.002564403537
-0.00166293861
-0.001241561702
-0.0001263784817
0.001443453214
0.00291286662
0.003846780821
0.00367525991
-0.001733576796
-0.001437735619
-0.0008557751967
0.0001645667996
0.001285482099
0.002537739494
0.002987960354
-0.001417830488
-0.001252176713
-0.001146113538
-0.0007257417462
-1.160361396e-05
0.00110136269
0.001846710308
-0.0009123559322
-0.0008340963654
-0.00100351318
-0.0009128373928
-0.0007050279497
-2.586053887e-05
0.0001349432514
-0.0004575818772
-0.0004450010101
-0.0006526692591
-0.0007533689952
-0.0007934041507
-0.0006826376574
-0.0009248204639
-0.0002145171733
-0.0002087592351
-0.0003235806831
-0.0004214266406
-0.0006297901522
-0.0003542996084
-0.000649232019
-0.0001557888838
-0.0001705008006
-0.0001670324808
-0.0002892563287
-0.0004443589563
-0.0005095452846
-0.0002225193351
-0.0002460746532
-0.0002812292224
-0.0002453988213
-0.0003476162921
-0.0004361326739
-0.0006049085198
-8.723919007e-05
-0.0004196557792
-0.0004995126852
-0.0005053251594
-0.0005712955233
-0.0004788962429
-0.0005592109557
-0.0001210705182
-0.0006110153107
-0.0007057956503
-0.0007171337312
-0.0007009262837
-0.0004708539485
-0.0004438546847
-0.0002222362617
-0.0007244111439
-0.0008135591674
-0.0007761785262
-0.0006564554354
-0.0004099883476
-0.0003551543127
-0.0001378607366
-0.0006263374882
-0.0003228326716
0.0004826380523
0.000673418685
-0.0008445697179
-0.004206858586
-0.007589783127
-0.0009314281039
-0.0004136958137
0.0008641961203
0.001762706528
0.001048251795
-0.001784863842
-0.005622088459
-0.001489108171
-0.0007861483481
0.001074515844
0.003011156851
0.00365794766
0.002036213435
-0.001505279506
-0.0021590089
-0.001390190037
0.0005491371391
0.002888486023
0.004349233932
0.003956701971
0.001554040997
-0.002506370045
-0.001877896939
-0.0004237663438
0.001503013303
0.0031480148
0.003734813403
0.002958381157
-0.002240658359
-0.001893139045
-0.001274865291
-0.0001950112959
0.001056480354
0.002124514399
0.00258052439
-0.001441453902
-0.001374421991
-0.001547933284
-0.001294175946
-0.0007794045571
0.0004689177167
0.001033622603
-0.0005299930146
-0.0006641157352
-0.001272047572
-0.001569075385
-0.001530621218
-0.0007137602516
-0.0003710471069
5.725861283e-05
-0.0001709841927
-0.0008289111672
-0.001228715115
-0.001389093337
-0.0009769343942
-0.0006226801728
0.0001371173761
-5.189363662e-05
-0.0004442530331
-0.0007089192549
-0.0007457353839
-0.0005461992499
0.0001091708809
-9.464717114e-05
-0.0001779044197
-0.0001816627141
-0.000174703943
1.798983237e-05
5.442423272e-05
0.0006059608717
-0.0004625510489
-0.0004241643581
-0.0001368915553
0.0001611298131
0.0004455899745
0.000248652447
0.0002647485048
-0.0007224958131
-0.0006078622379
-0.0002126514777
0.0001694698146
0.0003922238533
-7.912810615e-05
-0.0006316117534
-0.0008022561106
-0.000679014283
-0.0003216281653
-8.125823898e-05
-0.0001991616175
-0.0009945773451
-0.001703626927
-0.0007435892443
-0.0006336220233
-0.0004009991448
-0.0003673868863
-0.0007798587075
-0.0017166238
-0.002314486286
-0.0007752122626
-0.0003724492669
0.0005207587028
0.0006928663324
-0.0009932507698
-0.004875668406
-0.008555343921
-0.001173084106
-0.0005332765845
0.000884553163
0.001816760965
0.0009544729359
-0.00243046634
-0.006493664576
-0.001870785878
-0.001004745036
0.00104670493
0.003064169991
0.003605874173
0.001455744187
-0.002356760655
-0.002603046926
-0.001679087235
0.0004495863482
0.00281721388
0.004193363228
0.003234144256
0.0007799777312
-0.002883582418
-0.002163209104
-0.00062619021
0.00128396816
0.002784799405
0.002825859653
0.001660981332
-0.002418637957
-0.002078865091
-0.001518579983
-0.0005604688945
0.0005730316265
0.001115051551
0.001176982334
-0.001377521691
-0.001427572898
-0.001738575059
-0.001756136777
-0.001153153075
-0.0007000545427
0.0003456079217
-0.0003259495918
-0.0006417069612
-0.00145764719
-0.00200767853
-0.002010409811
-0.001340731306
-0.0006955240201
0.0002516425997
-0.0001442812703
-0.0009619364111
-0.001479374923
-0.001624853419
-0.0007542660545
-0.000395147281
0.0001837970368
-0.0001025765147
-0.0005804291142
-0.0007878023892
-0.0008199943497
-0.0001566212685
0.0004150491326
-0.0002016530588
-0.0002884231415
-0.0002360139798
-4.566730899e-05
0.0002822087052
0.0006853837868
0.000871546706
-0.0006619750589
-0.0005347277011
-6.62297973e-05
0.0004800679305
0.0008594945328
0.0007758005648
0.0005064768591
-0.0008884510616
-0.0006273391989
-1.655369559e-05
0.0005570531101
0.0006169893302
-7.795467086e-05
-0.001050104245
-0.0008535657589
-0.0005793739733
-9.377180301e-05
0.0001459270429
-0.0003998559967
-0.001713629895
-0.002817399841
-0.0006683429633
-0.0004655294656
-0.000240201385
-0.0003867049589
-0.001379871186
-0.002796238913
-0.003847935863
-0.0008561931871
-0.0004474777706
0.0004023612538
0.0005158950582
-0.001230582168
-0.00495918484
-0.00871906221
-0.001271308348
-0.0006256490571
0.0007439741349
0.001585860325
0.0006537586829
-0.002710282642
-0.006901920181
-0.001972252323
-0.001101220106
0.0008762349766
0.002717810615
0.003055542939
0.0007816784993
-0.003171676149
-0.002663833804
-0.001757828295
0.0002792191303
0.002388075286
0.003503510668
0.002369600452
-0.000350617587
-0.002855722643
-0.002188623333
-0.0007684727243
0.0008457847557
0.002109511006
0.001745261944
0.0004362539629
-0.002309437348
-0.002064632285
-0.001599345952
-0.0009242823618
-1.188701157e-05
0.0002042329901
-0.0007012657198
-0.001263401358
-0.001418895018
-0.001837606302
-0.002037119905
-0.001658757321
-0.001283279096
-0.001671510217
-0.0002794296469
-0.0007218958326
-0.001561064731
-0.00228936811
-0.002206164331
-0.002214337805
-0.001865066643
0.0001710724128
-0.0003233891559
-0.001119302899
-0.001792266087
-0.001722523614
-0.001358725036
-0.001407599437
-1.776683393e-06
-0.0003277945956
-0.000751608557
-0.0009360340793
-0.0009740815218
-0.0002807349006
-0.000193667782
-0.0004176291221
-0.0004872209307
-0.0003824274156
-0.0001592976514
0.0001642036936
0.0004612576203
0.0005934391897
-0.0008435707958
-0.0006798605695
-0.0001579926612
0.0003488200206
0.0006922439219
0.0004738746974
0.0004595376256
-0.0009655670629
-0.0006638498693
-4.56741914e-05
0.0004353171534
0.0003911716807
-0.0003099565557
-0.0008617024543
-0.0008422570704
-0.0005694611695
-0.0001241735577
-3.146610283e-05
-0.0006331991199
-0.00179465458
-0.002622284091
-0.0006362624218
-0.0004538617307
-0.0003120538868
-0.0005409673526
-0.001554897384
-0.002741070968
-0.003533288127
-0.0008703566304
-0.0004967176014
0.000255991378
0.0004009315131
-0.001164780748
-0.004226326162
-0.007515979701
-0.001255028914
-0.0006618671789
0.0005504049792
0.001351009269
0.0004874697256
-0.00223123439
-0.005908657044
-0.001877776174
-0.001080111428
0.0006438320722
0.002279311359
0.002519438707
0.0007619904412
-0.002687414299
-0.002452317229
-0.001641929917
0.000101184241
0.001956306219
0.002801116476
0.002045562037
-0.0002629040392
-0.002562984073
-0.00197046257
-0.0008150414263
0.0005818320269
0.001587726036
0.001701655565
0.0005282308794
-0.00203256877
-0.00184319876
-0.001539791068
-0.0009597953961
-0.000150165904
0.0002860385057
-0.0002518138979
-0.001127153948
-0.001329305219
-0.001742724065
-0.001964095452
-0.001490532168
-0.001010037623
-0.001674442296
-0.0003526885568
-0.0007973891041
-0.001592281853
-0.0021966597
-0.001987921832
-0.001777191174
-0.002447428052
-9.182041587e-05
-0.0005673932102
-0.001299121717
-0.0019258624
-0.001817046881
-0.002083618057
-0.002142849807
-0.000338968979
-0.0006545460956
-0.001011321181
-0.00133366843
-0.001376822535
-0.001644782658
-0.001710920826
-0.000754135899
-0.0008411922408
-0.0007983515999
-0.000762219344
-0.0008554353669
-0.00129638842
-0.001087179132
-0.001103351984
-0.0009906445532
-0.0006657046856
-0.0004972518543
-0.0005533759717
-0.0012037164
-0.001368907295
-0.001158684049
-0.0009531241224
-0.0006278972417
-0.000519939373
-0.0009176657461
-0.001604393717
-0.002182254855
-0.0009957003323
-0.0008324263616
-0.0006945514421
-0.0008649817365
-0.001560686378
-0.002315183028
-0.002925843439
-0.0007991183065
-0.0007500409351
-0.0008028947048
-0.001141153751
-0.001941696266
-0.002717795578
-0.003170493143
-0.0008514602166
-0.0005567416018
5.782045527e-05
0.0001763264026
-0.0009785043257
-0.00323866169
-0.005616523786
-0.001164526596
-0.000686661374
0.0002960579385
0.0009304272344
0.0003573065888
-0.001684739346
-0.0042913876
-0.001657995048
-0.001018977468
0.0003213605316
0.001586912323
0.001793680411
0.0005747413108
-0.001800895757
-0.00207842009
-0.001436149304
-0.0001233140268
0.001287468539
0.001949485071
0.001557701409
0.0001705741231
-0.002098825238
-0.001652921416
-0.0008381514646
0.0001748384304
0.0009124637795
0.001330024738
0.0009195062264
-0.001623304878
-0.00151819926
-0.001373910156
-0.000981881169
-0.0004139327153
0.0006973208059
0.0006581913289
-0.0009025077902
-0.001104201195
-0.00150662911
-0.001747062201
-0.001322843576
-0.0001324360323
-0.0004514534368
-0.000364798555
-0.0007521501013
-0.001403973302
-0.001966512932
-0.001654897544
-0.0006502938977
-0.001490559061
-0.0002703908255
-0.0006320273967
-0.001215373835
-0.001752632722
-0.00169772692
-0.001462210532
-0.001990953339
-0.0005468658041
-0.0007913343299
-0.001045128995
-0.001454238433
-0.001504912258
-0.001844857193
-0.002301899485
-0.0009300910062
-0.001024713157
-0.001021649699
-0.001228385626
-0.001350710386
-0.002263917479
-0.002148785277
-0.001204915203
-0.001169230559
-0.001103268215
-0.001202974313
-0.001539139474
-0.002034182308
-0.002052895971
-0.001212396559
-0.001159302216
-0.001157309024
-0.001398151144
-0.001937757855
-0.002269968395
-0.002440178772
-0.001052675076
-0.001049877176
-0.001180856421
-0.00154749741
-0.002088121023
-0.002373098457
-0.002431953688
-0.0008981039116
-0.0009408382794
-0.001159692475
-0.00153334417
-0.002030690664
-0.002346796501
-0.002736218033
-0.0008198785149
-0.0006117851822
-0.0001725006383
-9.32198907e-05
-0.0007785016916
-0.002194039749
-0.003667703149
-0.001056860766
-0.0007186439116
-3.437204748e-05
0.0004166026851
6.616049083e-05
-0.001209429083
-0.002834833949
-0.001431840448
-0.0009871030381
-9.583868584e-05
0.0007266914143
0.0008880202067
0.0001676177403
-0.001073699408
-0.0016788137
-0.00123459762
-0.0004042721502
0.0004764333853
0.0008909624494
0.0007534408069
0.0003956200615
-0.001619776853
-0.001332837674
-0.0008897565124
-0.0002941646136
9.224971951e-05
0.0005081245797
0.001156001914
-0.00119310786
-0.001157579862
-0.001184782982
-0.001018619955
-0.0008221619812
8.321336997e-05
0.001197459223
-0.000664433509
-0.0008586373125
-0.001193870972
-0.001492821439
-0.001558522916
-0.0002653087842
0.0008137949744
-0.000310115652
-0.0006336133332
-0.001059939751
-0.001535968426
-0.001684314113
-0.0004616061661
-0.0003654713387
-0.0003395221864
-0.0006146705599
-0.0009256435715
-0.001316831682
-0.001412989392
-0.001186222023
-0.0008928213428
-0.000635753122
-0.0008289458936
-0.0009381974292
-0.001287140828
-0.001257368195
-0.001829035903
-0.00139879556
-0.0009801588846
-0.001068767238
-0.0011144123
-0.001345978561
-0.001487074796
-0.001935904328
-0.001503670723
-0.00117634899
-0.001195912311
-0.001291408434
-0.001499033419
-0.001931375501
-0.001645922691
-0.001660795215
-0.001162777287
-0.00120285247
-0.001385373768
-0.001718097181
-0.002202535368
-0.002015066697
-0.001860553049
-0.001000259851
-0.001066505763
-0.001363349438
-0.001684479596
-0.002142420264
-0.002036879481
-0.001866608931
-0.0008966502816
-0.00102270385
-0.001301549978
-0.001652722185
-0.001899949963
-0.002041010382
-0.002201786146
-0.0006732417702
-0.0005403843893
-0.0002717189189
-0.0002303227187
-0.0005162159514
-0.001251395882
-0.002028997802
-0.0008339619898
-0.0006351739641
-0.0001966441561
4.188109811e-05
-8.768501142e-05
-0.0007879396147
-0.001658772376
-0.001079401194
-0.00083082903
-0.0003599330281
1.771180339e-05
7.413330507e-05
-0.0003948236586
-0.000835809024
-0.001223927257
-0.001018875372
-0.0006232013718
-0.0003081268385
-0.0001946351023
-0.0002804349262
3.299533813e-05
-0.001064964293
-0.0009256665368
-0.0008058928871
-0.0006904250096
-0.0006818147508
-0.0006096427153
0.0004864859042
-0.0007289074619
-0.000757952878
-0.0009316202713
-0.001006481981
-0.001172461081
-0.0009682491542
0.0006933446547
-0.000363688167
-0.0005176354028
-0.0008377400429
-0.001089747349
-0.001525077532
-0.001243098504
0.0002692754555
-0.000212266427
-0.0003935477705
-0.0007306360052
-0.0009104067795
-0.001439178987
-0.001270913261
-0.0001057420734
-0.0003289409288
-0.000497915597
-0.0006647273667
-0.0007388171097
-0.001015678317
-0.001050874211
-0.0009328154186
-0.0006245488915
-0.0007091201228
-0.0007565053179
-0.0007942554568
-0.0008251722347
-0.001036398446
-0.001157577184
-0.0008917810934
-0.0009382531702
-0.0009748825911
-0.0009587408173
-0.001282686578
-0.0006900547864
-0.001534523735
-0.0009873000211
-0.001021528101
-0.001124079018
-0.001187454756
-0.001517264584
-0.001172447632
-0.00139483709
-0.0009282705954
-0.0009855388457
-0.001158625324
-0.001338321362
-0.001620437228
-0.001545814485
-0.001316145078
-0.000721466051
-0.0008363199614
-0.001083389155
-0.001380663227
-0.001636549467
-0.001761043469
-0.0017605722
-0.0006738392074
-0.0007718023158
-0.001014133127
-0.001336635749
-0.001488815079
-0.001653394026
-0.001669886248
-0.0005071100374
-0.000445084776
-0.0003042147857
-0.0003484522539
-0.0005046418796
-0.0008233887766
-0.001195588795
-0.0006021577128
-0.0005031415163
-0.0002999089735
-0.0002438448873
-0.0003517308462
-0.0005918335093
-0.001145995347
-0.0007130666891
-0.0005952955057
-0.0003388009201
-0.0002887958714
-0.0002574569655
-0.0005747773744
-0.0008626532539
-0.0007616917353
-0.0007467099509
-0.0006806567574
-0.0007319901013
-0.0007393560164
-0.0009435244051
-0.0006341118557
-0.0006055484038
-0.0006064637414
-0.0007047917065
-0.0009539802058
-0.0009776667631
-0.001219889114
-0.0005923211783
-0.0002865080067
-0.0003883053635
-0.0005613530813
-0.000939253727
-0.0009442142898
-0.001371536832
-0.0007001557952
-9.487137135e-05
-0.0002452005505
-0.0004729545637
-0.0008407986269
-0.0007160696139
-0.001564595067
-0.0009345309335
-9.618370056e-05
-0.0002045650927
-0.0003848191416
-0.0004860883207
-0.0003275784057
-0.001432112462
-0.0006273702414
-0.0002692392328
-0.000363673239
-0.0003675939557
-0.0002971511442
-0.0001013000411
-0.0004099831506
-0.0005335310714
-0.0005311621546
-0.0005651221626
-0.0004718497511
-0.0002319260122
5.616953206e-05
0.0004310847552
0.0001489296413
-0.0006942252696
-0.0006903972334
-0.0005438038076
-0.0003305355412
-1.458666324e-05
0.0004449817122
0.0003240154812
-0.0007102573724
-0.0006923942187
-0.0005611016379
-0.0004767484848
-0.0001298671455
-0.0001357941214
0.0003231050911
-0.0005660163192
-0.0005544221709
-0.0004988720359
-0.0005358329643
-0.0003910968478
-0.0004714904985
-0.0004353070512
-0.0004537600597
-0.0004869389815
-0.0005550823269
-0.0007194149708
-0.00069170546
-0.0009615201627
-0.0008296515203
-0.0003598176133
-0.0004061624175
-0.0004858339284
-0.0007125358491
-0.0008945031425
-0.00125528222
-0.001257359491
-0.0002641798021
-0.0002340960711
-0.0002037790059
-0.0003162730925
-0.0003628460849
-0.0004887442569
-0.0006870855994
-0.0002895735521
-0.0002269798151
-0.0001715966244
-0.000145977515
-0.0001832447229
-0.0002436118173
-0.0007208593113
-0.0003281953798
-0.0002833775403
-0.0002229692677
-0.0002804257167
-0.0002919823978
-0.0002287219255
-0.0006978974419
-0.000279523444
-0.0002890515451
-0.0003542288358
-0.0005134402733
-0.0006451951826
-0.0005716587625
-0.000513915272
-0.0002182412671
-0.0003352887055
-0.000515973225
-0.0008500243229
-0.0009271496231
-0.000928525055
-0.0006542600487
-7.677653512e-05
-0.000171004708
-0.0003667711469
-0.0007490632752
-0.0007230976099
-0.0008436377955
-0.0006202899174
5.700823285e-05
-9.29084929e-05
-0.0002360688108
-0.0005569356344
-0.0003284999773
-0.0006101379752
-0.0006953977126
-5.924630184e-05
-0.0001487667306
-0.0002267742387
-0.0003264970209
9.349203825e-05
-0.0002920630898
-0.000363586803
-0.0002684034262
-0.0003268645771
-0.000237410489
-0.0001838444645
0.0004486326564
2.318011865e-05
0.0003563880267
-0.0004763986116
-0.0004888932294
-0.0002413234149
9.84943975e-07
0.0007542268734
0.0007144391924
0.001602241779
-0.000577061047
-0.0005280700546
-0.0001954210952
0.0001130789868
0.0007175263942
0.0009690487391
0.002122243363
-0.000538364056
-0.0004599365597
-0.0001351539364
0.0001084021745
0.0006732759179
0.0006986765308
0.001353134891
-0.0004049719468
-0.0003241051067
-7.775758125e-05
3.19746832e-05
0.0002867970712
0.0001200268937
0.0004196420514
-0.0002939974207
-0.0002590679335
-0.0001119942388
-0.0001192356478
-0.0001937620199
-0.0006331033524
-0.0005277460838
-0.0002623954575
-0.0002250298185
-0.0001431872139
-0.00025133451
-0.0005784551871
-0.0009794486582
-0.001213227233
-0.0001722463525
-0.0002108688601
-0.0002324416543
-0.0005403475663
-0.0004873098384
-0.0008717388263
-0.0008993641615
-0.000175170082
-0.0001847321924
-0.0002355554955
-0.0003832572795
-0.0004654942965
-0.0006506562811
-0.0006590501544
-0.0001036561393
-7.615604653e-05
-0.0001073093135
-0.0002101552245
-0.0002382633716
-0.0002508973635
-0.0006130711807
-2.836741361e-05
-3.768226894e-05
-8.596874579e-05
-0.0001697559001
-5.520904987e-05
-0.0001008107816
-0.000406861177
7.937125422e-05
1.132625209e-05
-0.0001084850367
-0.0002936856794
-0.0002464854079
-0.0001302117661
-0.0001893014205
0.0001017755271
1.049166314e-05
-0.0001118112854
-0.0003747669859
-9.744398394e-05
-2.772368538e-05
0.0001176919325
0.0001233750869
3.882738427e-05
1.747889425e-05
-0.0002428574635
9.626537005e-05
0.0001173533336
0.0002787405414
-3.924774995e-05
-8.67839148e-05
-3.132701279e-05
-8.661177096e-05
0.0004397572172
0.0004413099209
0.0008406788496
-0.0002143817416
-0.000223238875
-1.93490562e-05
0.0001038401344
0.0008242580158
0.001081790828
0.001713490249
-0.0003794315478
-0.0003366791321
1.389730566e-05
0.0002485699962
0.001027954983
0.001283421916
0.002432050148
-0.0004227788191
-0.0003383546621
0.000107591232
0.0004434713036
0.001179834922
0.001503654315
0.002586200496
-0.0003671436486
-0.000248973387
0.0002122648486
0.0005375785972
0.001042826751
0.001276709985
0.001739128666
-0.0002611539994
-0.0001295613782
0.0002436999129
0.0004986291764
0.0007184674717
0.000726354284
0.0006470263401
-0.0001984563829
-9.640355954e-05
0.0001925922044
0.0003281323883
0.0002364157529
-3.137736401e-06
-0.0003304514913
-0.0002054523516
-0.0001124799443
8.796693362e-05
0.00017268306
-0.0001199825178
-0.0003297886689
-0.0008632548998
4.848446931e-06
2.869269782e-05
-1.051298544e-05
-0.0001347895151
-0.0001034253748
-0.0004163809213
-0.0003030730374
1.571726896e-05
1.035516101e-05
-5.257982069e-05
-0.0001450268116
-0.0001528046595
-0.0005745887268
-0.0002043817115
7.957527709e-05
0.0001114282638
-5.375283871e-05
-0.0001031426522
-0.0001866006705
-0.000316069884
1.460501164e-05
0.0001763112971
0.0002070266313
0.0001119310383
0.0001074910785
-1.325732362e-06
-0.0001478478995
6.268291969e-05
0.0002080385231
0.0002352637541
0.0001050357096
0.0002884612746
0.0001085821369
0.0001479635049
0.0001600911396
0.0001849706102
0.0001684652364
3.455260695e-05
6.704772065e-05
9.607566524e-05
0.000350097385
0.0006292311546
0.0001283555067
0.0001316009754
5.281336887e-05
4.662248435e-05
0.0002210328216
0.0006499355676
0.0008015382456
2.151260755e-05
-5.253306281e-06
3.776100093e-05
-3.850315737e-05
0.0003324363692
0.0003855492063
0.001003746594
-0.000146975316
-0.0001076642261
1.569839295e-05
0.0001391736974
0.0005613408299
0.0006751308894
0.0009082928822
-0.0002587110774
-0.0002030816417
1.165997455e-05
0.0002748823951
0.0006043566478
0.0008645276446
0.00101441562
-0.0002806945834
-0.0001618894562
0.0001273919519
0.0005093774706
0.0007747435724
0.001242985949
0.001354881392
-0.000257821118
-0.0001174456263
0.0002091405474
0.0005644888463
0.000796028526
0.0008611664923
0.001044719311
-0.0001941491952
-4.342226695e-05
0.0002583880868
0.0005482318006
0.0006305258105
0.0005007945946
0.0003693451205
-0.0001894391077
-5.918796993e-05
0.0001872306933
0.0003875541924
0.0003326865945
9.664795398e-05
-9.798405441e-05
-0.0002141374248
-8.925515376e-05
0.0001136156225
0.0002794456183
0.0001674542239
-2.972254642e-05
-0.0002518761062
3.736230499e-06
2.073407742e-05
9.392336653e-06
3.395197968e-05
-0.0001467863839
-0.0001637060594
1.888329349e-05
7.565244986e-06
-6.173295394e-06
2.245621456e-05
-1.573453833e-05
9.495471239e-06
-0.0001367699338
0.0002489919879
2.14225414e-05
-1.23839707e-06
1.369392868e-05
-0.0001241100758
-0.000148200144
-7.298532221e-05
0.000164189889
2.100393294e-05
-1.425649125e-05
-5.98919725e-05
-0.0002193578202
-0.0001843431077
-0.0001370467087
-0.0001521971472
3.541468473e-05
1.1883778e-05
-3.923451757e-05
-0.000115019555
-0.0001341140352
-8.703965852e-05
-0.0001925784312
5.312126927e-05
2.882963181e-05
-9.104731951e-06
-2.355143528e-05
-2.293625995e-05
-1.985584438e-05
-5.944827501e-06
-2.280266421e-05
-9.894358525e-06
-4.145890418e-05
-8.3410691e-05
-4.768492717e-05
4.714543483e-05
0.0002325396425
-5.746656116e-05
-6.083248881e-05
-7.165832638e-05
-8.299102463e-05
-7.554240838e-05
-7.417039919e-05
0.000382334656
-0.0001212560771
-0.0001154085065
-0.0001000354586
-9.69806508e-05
-4.411423088e-05
3.090761066e-05
7.046908937e-05
-0.0001437733838
-0.0001127452901
-4.992555737e-05
5.88044015e-06
7.447062982e-05
0.0001569692977
4.066465796e-06
-0.0001404858721
-8.706059412e-05
9.388564656e-06
0.0001123319456
0.0001316794274
0.0002604527068
-0.0001712296884
-0.0001166336404
-4.916138226e-05
6.763530522e-05
0.0001678435423
0.0001674431728
0.0001181268293
-0.0002222534571
-9.95439021e-05
-3.106026624e-05
9.506076989e-05
0.0001690339465
0.0001591476501
1.506658404e-05
-0.0002068925326
-9.530734977e-05
-3.146774725e-05
7.425598468e-05
0.0001221943642
6.841894136e-05
-9.446709911e-05
-0.0003326643541
-0.0001059252897
-4.148783105e-05
6.399548004e-05
0.0001005312629
6.884280102e-05
-6.721116545e-05
-0.0002203887326
0.000240111757
-0.000828938158
-0.002801421143
-0.003002528341
0.0008943404395
0.008730369865
0.0164629129
0.0005330529304
-0.0005032729601
-0.003120125522
-0.005034577267
-0.003826381814
0.00155814966
0.009230932515
0.001613785767
0.0002938082213
-0.003424616936
-0.007420147681
-0.009002854308
-0.006170813664
0.0006248152323
0.002953255369
0.00151506914
-0.002347286283
-0.007034701548
-0.01034921015
-0.009947488025
-0.005285406913
0.003551009278
0.002361690731
-0.0003840155022
-0.004060033169
-0.007530575325
-0.008847785473
-0.006752566746
0.002700634096
0.002081439699
0.001295139072
-0.0002275267406
-0.002516986201
-0.004452275658
-0.004465377148
0.0006993849119
0.0008156358415
0.002063721251
0.002894669977
0.002282953704
0.0004408020874
-0.001192803514
-0.001302096345
-0.0004966162645
0.002182016186
0.004669268485
0.005153778737
0.003115242457
-0.0001293945421
-0.002113104011
-0.0008817025748
0.002172703955
0.00485205199
0.004929499607
0.001594520847
-0.003241570515
-0.001283492526
-3.142784005e-05
0.002161365061
0.003294108159
0.001144566281
-0.004471690172
-0.00970292276
0.0006831185776
0.001473846479
0.001684569675
-0.0002667566394
-0.005807019714
-0.01302045049
-0.01505366416
0.002649398126
0.002550545844
0.0001568301845
-0.005323826672
-0.01335404895
-0.0186842432
-0.01280205242
0.003508969123
0.002348284958
-0.002304582018
-0.00978829322
-0.01658928612
-0.01488281474
0.0005735339149
0.002994781898
0.000991393875
-0.004409554005
-0.01036827043
-0.01090903534
0.0003223763011
0.01978202976
0.002045751295
-0.0006329437931
-0.005186856714
-0.006742111204
0.0004960112722
0.01685866788
0.03199080689
0.0005140151224
-0.0007018741112
-0.002693580409
-0.00308762803
0.0002971376585
0.006958155995
0.01353391484
0.0009335128103
-0.0004505779371
-0.003337853843
-0.005617384308
-0.004847764646
-8.265467861e-05
0.007074702531
0.002246785796
0.0005489033929
-0.00335588978
-0.007505502706
-0.009345548594
-0.006795730058
-0.0003664990597
0.003563386813
0.001924562685
-0.001876210023
-0.006454451938
-0.009789108956
-0.009526409719
-0.005242045543
0.003809515557
0.002667247716
0.000230229398
-0.003149105931
-0.006458751335
-0.007741642249
-0.005894291542
0.002399146622
0.002075833206
0.001722636704
0.0005889738537
-0.001430636086
-0.003178644823
-0.003267520934
-2.177644451e-05
0.0005353669828
0.0022456729
0.003469514401
0.003143563446
0.001498935913
-0.0001146014448
-0.002127647159
-0.0008585543867
0.002239367542
0.005057634637
0.005701811965
0.003661619543
0.0005333991554
-0.002702771343
-0.001101425413
0.002281944605
0.005127829472
0.005064819531
0.001509000141
-0.003100774003
-0.001443363489
-2.324830832e-06
0.002359434933
0.003359242794
0.000797911177
-0.004976909024
-0.009452975183
0.0009634261096
0.001703101087
0.001841313758
-0.0004739108555
-0.006359778389
-0.01308518743
-0.01395781755
0.003208276823
0.002823352576
0.0001456225755
-0.005665918691
-0.01343262477
-0.0174588412
-0.01109714133
0.004119645382
0.002546316627
-0.00236410987
-0.00970890009
-0.01548907782
-0.01278968457
0.0007689278555
0.003517277323
0.001201317187
-0.004123945169
-0.009489720819
-0.009340490211
0.0007288248908
0.01598115428
0.002456392744
-0.0002323550879
-0.004369339316
-0.005615514614
0.0006015096198
0.01362775884
0.02476665486
0.0007980665573
-0.0002431362289
-0.002016632112
-0.002514331666
-0.0002543726154
0.004465961105
0.009052541116
0.001245289067
2.384714222e-05
-0.00251576332
-0.004532454433
-0.004196496724
-0.0006771084837
0.004494328396
0.002413958867
0.0009545792823
-0.002336661125
-0.00578290953
-0.007369112706
-0.005457909629
-0.0007511099466
0.003438734949
0.002053506309
-0.00103056311
-0.004719051095
-0.007393178549
-0.007181847312
-0.004031476351
0.003311497014
0.002406256944
0.0005472999631
-0.002079894926
-0.004627846236
-0.005554906067
-0.004172066199
0.001702464544
0.001536481628
0.001464342796
0.0007644868722
-0.0006516307084
-0.001855479764
-0.001888629493
-0.0006822368046
-5.367300278e-05
0.001632226203
0.00293909558
0.002954920387
0.001869516771
0.0007153450194
-0.002582947034
-0.001326133511
0.001551404138
0.004194444655
0.005019123366
0.003630571249
0.001298216559
-0.002962830758
-0.001416351394
0.001721064956
0.004397344437
0.004611386526
0.001969097024
-0.001439625483
-0.001610465892
-0.000226771374
0.002038348252
0.003172340438
0.001352510168
-0.00294338052
-0.006249933873
0.0007780940422
0.00151226191
0.001863140331
0.0002366220028
-0.00418275047
-0.009072248075
-0.00982420636
0.00296441076
0.002673345074
0.0006288580374
-0.003803924227
-0.009562470554
-0.01237559181
-0.008281739592
0.003879630994
0.002547312571
-0.001346921303
-0.006953142245
-0.01118038903
-0.009307870432
-0.0006682976089
0.003377424147
0.001435276206
-0.002783374565
-0.006904713531
-0.006984052192
-0.0004176227129
0.009061989884
0.002415205974
0.0002391295384
-0.003011637226
-0.004164977449
-0.0002661581401
0.007834656127
0.01460452341
0.000686539853
-0.0001140703975
-0.001346216895
-0.001784038837
-0.0003222578744
0.002678912494
0.00563506297
0.001095148548
0.0001688028257
-0.001636431771
-0.003129201801
-0.002927262764
-0.0006602145841
0.002749040691
0.002039028816
0.0009337967695
-0.001406506947
-0.00387030167
-0.00496633809
-0.003728432192
-0.0006343452341
0.00269472032
0.001666833785
-0.0005084413715
-0.003115001024
-0.004944953258
-0.004830233375
-0.002734193771
0.002362596526
0.001721551585
0.0004475694569
-0.001381558173
-0.003106615025
-0.003724255158
-0.002805925228
0.0008695639889
0.0008146912827
0.0008530828901
0.0004236941824
-0.000475175796
-0.001227418316
-0.001188759487
-0.001129227581
-0.0005647414415
0.0007871784181
0.001840613628
0.002007800795
0.001406714698
0.0007379592137
-0.002651076976
-0.001593405213
0.0006626086882
0.002753057654
0.003545981051
0.002824678796
0.00146415047
-0.002892531864
-0.00162120613
0.0008861480769
0.003078196142
0.0035487544
0.002059997918
-5.054748384e-05
-0.001733074537
-0.0005961497676
0.001322583597
0.0025071995
0.001674276613
-0.0008625925932
-0.002992447652
0.0002452727739
0.0008746703866
0.001447170966
0.0007687692099
-0.001731738143
-0.004644685099
-0.005375911024
0.002039023896
0.001896797575
0.000785910448
-0.001770880761
-0.005127072268
-0.006827191602
-0.004908397707
0.002822202395
0.001918292033
-0.0004820897388
-0.003843774248
-0.006319459711
-0.005410282856
-0.001108047869
0.002483547948
0.001158214691
-0.001496990029
-0.004017114515
-0.004179747827
-0.0008246378928
0.003834171322
0.001746371212
0.0003145806853
-0.001735196281
-0.002566169378
-0.0006414046582
0.003341331807
0.006606196623
0.0002426679551
-0.0002518500745
-0.0009389401877
-0.001135176463
-0.000134257426
0.001674044466
0.003522166056
0.0005917826559
-5.703560786e-06
-0.001072539407
-0.001934550636
-0.00173781384
-0.0003387722013
0.001764844125
0.001236751395
0.0005126226525
-0.0009198824532
-0.002425507494
-0.003034408551
-0.002235127898
-0.0003559816363
0.001616910568
0.0009399221797
-0.0004159211649
-0.002016414373
-0.003100949461
-0.002994551848
-0.001751890759
0.001300239904
0.0009005103458
9.470557285e-05
-0.001070318515
-0.002141124407
-0.002492233956
-0.001977466999
0.0002009115692
0.0002070677564
0.000208224803
-0.0001187306851
-0.0007004986477
-0.001123580153
-0.001089915938
-0.001198881762
-0.0007745155172
5.536756473e-05
0.0006565893618
0.0007652685621
0.0004968158116
0.0001701062791
-0.002263295663
-0.001514101847
-6.859727127e-05
0.001247048943
0.00182487805
0.001565441285
0.0009395347805
-0.002455376788
-0.001563983812
0.0001076625473
0.001620811086
0.00214147057
0.001585253309
0.0005701742864
-0.001710967022
-0.0009105379232
0.0005022539018
0.001563681574
0.001509694378
0.0004148050049
-0.0007104605593
-0.000408451626
7.553526172e-05
0.0007632236662
0.0008872914784
-1.113205481e-06
-0.001285028242
-0.001931353332
0.0007917719252
0.0008112240666
0.0005724698475
-0.0002873377919
-0.001613610418
-0.002413260464
-0.002112546555
0.001352215173
0.0009284338007
-3.440094118e-05
-0.001344891311
-0.002358379776
-0.002126103207
-0.0009959471969
0.001195454522
0.0005419184187
-0.0006004191233
-0.001612451255
-0.001746962604
-0.0006910887168
0.0005718575825
0.0007524320425
8.711701818e-05
-0.0007979687965
-0.001168215303
-0.000625426258
0.0005621134619
0.001393206734
-0.0003267398008
-0.0005770672317
-0.0008234129209
-0.0007588986835
-0.0001361853198
0.0008087477593
0.001823520143
-9.394665827e-05
-0.0004112674815
-0.0008710590355
-0.00116076457
-0.0009346102094
-0.0001520042598
0.0009906918398
0.00031249949
-6.950006149e-05
-0.0007374237807
-0.001386235379
-0.00158935121
-0.001139213474
-0.0001301398807
0.0005046832312
0.0001385471151
-0.0005078621452
-0.001226615593
-0.001681003021
-0.001580591732
-0.0009402701786
0.0003324673481
0.000138623647
-0.000250845583
-0.0008539263076
-0.001383112764
-0.001554701693
-0.001279702123
-0.0002645356061
-0.0002325545647
-0.0002863579641
-0.0005427974066
-0.0009032536342
-0.001107197446
-0.00103382993
-0.001018098786
-0.0007683096916
-0.0004292617903
-0.000278885831
-0.0003028364972
-0.0003986955038
-0.0004232395613
-0.001620811923
-0.00119846801
-0.0005497303802
1.35129758e-05
0.0002801713183
0.0002984250292
0.0002088630931
-0.001804560384
-0.001314195925
-0.0004684813398
0.0003277521002
0.0007195923753
0.0007047620453
0.0005035064717
-0.001525330079
-0.001062434338
-0.0002119569961
0.0005932091955
0.00093958819
0.0008443312241
0.0004425465553
-0.0009364067784
-0.0006014000775
7.540686563e-05
0.000674830765
0.0008409100404
0.0006627767555
8.48918619e-05
-0.0003473798552
-0.0001918242473
0.0002006532478
0.0005416035235
0.0005820402613
0.0003822525246
-0.0003355099375
-2.204268954e-05
-3.231976809e-05
0.0001131057952
0.0002794147848
0.0002762869671
4.432552886e-05
-0.0008288477264
-1.631934341e-05
-0.0001037484844
-7.420475308e-05
1.325075581e-05
-9.146077759e-05
-0.0005401375983
-0.001372340414
-0.0001736251592
-0.0002250312654
-0.0002087466517
-0.0002199896207
-0.0005638957912
-0.001152103691
-0.00176518283
-0.0007195202997
-0.000780623318
-0.000742361468
-0.0005657748742
-0.0003543498761
-0.0003151708253
-0.0001411692288
-0.0005752682039
-0.0006524625362
-0.0006296626143
-0.0005011782776
-0.0003080410192
-0.0002196085647
-0.0001453773815
-0.0004265388017
-0.0005258284449
-0.0004435634751
-0.0003519455159
-0.0002577224872
-0.0001919360317
-0.0002474659688
-0.0003528543001
-0.0004276489135
-0.0003762339291
-0.0003588054104
-0.0003362133216
-0.0002764201713
-0.0003961333117
-0.0004230446832
-0.0004267930015
-0.0003905698816
-0.0004196797867
-0.0004928005014
-0.0005052591862
-0.000596995869
-0.0005856970215
-0.0005188652672
-0.0005272309575
-0.000610544003
-0.0007359347725
-0.0007551492922
-0.0007336435796
-0.0007873530249
-0.0006735792157
-0.0006696375914
-0.0007610715438
-0.0008470892191
-0.0007951558245
-0.0006417199401
-0.0009870008426
-0.0008362497264
-0.0007789818178
-0.0007419780963
-0.0007197560884
-0.0005496756606
-0.0002828092817
-0.001135447587
-0.0009725656566
-0.0007704538572
-0.0005494883495
-0.0002861012088
-5.428069831e-05
0.0002366146755
-0.001209847541
-0.001026065432
-0.0006471790261
-0.000146556085
0.0003628555653
0.0007693773157
0.0008429889521
-0.001180599723
-0.0009744119816
-0.000390584443
0.0003817873337
0.001112680495
0.001521733795
0.001091478515
-0.001083796404
-0.0008403589417
-9.569498015e-05
0.0009113126002
0.001709690814
0.001834331627
0.0006866728403
-0.0009572672446
-0.000683569107
0.0001490268272
0.001179925114
0.001736504545
0.0011859082
-0.0006524283596
-0.0008477102111
-0.0005476531645
0.0002174803082
0.0009556676511
0.0008500331568
-0.0004529245662
-0.002466671463
-0.0007970030344
-0.0004489544514
0.0001272513837
0.0003183058514
-0.0005418007346
-0.002149920409
-0.003590292584
-0.0006324412529
-0.0005799576999
-0.0003286143873
-0.0003178771492
-0.0006364923913
-0.001422620008
-0.001950180752
-0.0006194776428
-0.0005680270898
-7.748219858e-05
0.0002720346255
0.0002207589588
-0.0003404546939
-0.00105086818
-0.0007946317177
-0.0006772122702
-8.894020699e-06
0.0006648895909
0.0009727796004
0.000600229024
-3.722832563e-05
-0.0008768827646
-0.0006736621042
-3.914725761e-05
0.00060334414
0.0009653432586
0.0008399043442
0.0003912090313
-0.0009560272514
-0.0007995050177
-0.0003525022254
0.0001232742639
0.0004539391794
0.000486351241
0.0003593555926
-0.0008476209254
-0.0007297349922
-0.0005893858136
-0.0004217871382
-0.0003079102163
-0.0001840259836
-0.0001017492035
-0.0006796938043
-0.0006482547638
-0.0007654341221
-0.0009041790263
-0.0009401720212
-0.0008008616898
-0.0004562314188
-0.0005789996717
-0.0006075366512
-0.0008750741271
-0.001108715949
-0.001181430917
-0.0009940979301
-0.0005239928064
-0.0006535070023
-0.0007144854403
-0.0009084243731
-0.00104599422
-0.0008382172568
-0.0005686700517
-0.0001287984262
-0.0009149149293
-0.0009258698664
-0.0008915852417
-0.0006530536451
-0.0001822815639
0.0004398947684
0.0006177247986
-0.001217074046
-0.001115200217
-0.0006841459812
6.311647711e-05
0.0009300241436
0.00155803788
0.001190560324
-0.001424375264
-0.001159428828
-0.0003154586188
0.0008980335271
0.001939028602
0.002156909679
0.0008939989024
-0.001434299456
-0.00101934029
9.657815466e-05
0.001464161552
0.002189690543
0.001476318476
-0.000724724108
-0.001276305804
-0.0007784737951
0.0003137051065
0.001319966863
0.001142748264
-0.0005428877644
-0.003027162102
-0.001112472658
-0.0005662376094
0.0002541229475
0.000521527503
-0.0006142799622
-0.002646798467
-0.004487783615
-0.0005589440898
-0.000390889492
-0.0001203059962
-0.0002170641344
-0.0009963803621
-0.002335024191
-0.00347136219
-0.0006476675198
-0.0004026532052
0.0001593997209
0.0006058238102
0.0003100981327
-0.0006771551854
-0.001915427338
-0.0009284018525
-0.0006325026777
0.0002536481928
0.001146684349
0.001298756562
0.0007599304553
-0.00033573292
-0.001223778676
-0.0008584205667
4.549723637e-05
0.001036870146
0.001471991815
0.001274392104
0.000485839888
-0.001305447256
-0.00100908684
-0.0003720442487
0.0003823322443
0.0008143569602
0.000903216279
0.0006765495765
-0.00107334008
-0.0009010920102
-0.0006568274704
-0.0003046364528
-8.049969759e-05
0.0001332397959
0.0001938078435
-0.0006940019179
-0.0006835993454
-0.0008241503962
-0.000902871332
-0.0009017580887
-0.0007386177212
-0.0003984724652
-0.0004123045583
-0.0005273038114
-0.0009178251141
-0.001232894747
-0.001343211043
-0.00121407598
-0.000809463262
-0.0004095172494
-0.0005936909457
-0.0009651393587
-0.001287001348
-0.001142822554
-0.000890541822
-0.0005138266468
-0.000725213417
-0.000852757392
-0.001015906994
-0.0009777721524
-0.0006344315375
-1.361387689e-05
0.0002941877409
-0.001161769024
-0.001149285117
-0.0008672879299
-0.0003295594741
0.000441371862
0.0009499561654
0.0007588831383
-0.001504033409
-0.001275576537
-0.0005204575764
0.0005563165863
0.00152078349
0.001611640679
0.0005566013063
-0.001578384108
-0.001155234468
-5.032107437e-05
0.001221765193
0.001886398056
0.001042376746
-0.0009536664007
-0.001410559079
-0.0008853973327
0.0002386691263
0.001164438674
0.0009757594998
-0.0008406559378
-0.003126255104
-0.001204383763
-0.0006329245974
0.0002214872427
0.0004094612199
-0.000701106599
-0.002874510332
-0.00451551763
-0.000576678354
-0.0004163624709
-0.0002010402528
-0.0002880383934
-0.001021745848
-0.002193913882
-0.003071040002
-0.0006883636034
-0.0004141965868
0.0001462670912
0.000508593018
0.0002376718193
-0.0007604991886
-0.001713402702
-0.001043974176
-0.0006533050809
0.0001741451149
0.0008979768098
0.001058697391
0.0004401540449
-0.0003866042011
-0.00136382097
-0.0009612034748
-0.0001087404345
0.0007601816465
0.00106793423
0.0008404498915
0.0003123080623
-0.001437643947
-0.001113549615
-0.0004900258725
0.000137095636
0.0005019447128
0.000525785016
0.000434950458
-0.001161752022
-0.0009845248413
-0.0007531334395
-0.0004303552554
-0.0002552348159
1.045444839e-05
-5.189410424e-05
-0.0007073209001
-0.0007158695585
-0.0008447409848
-0.0009296972933
-0.0009117660472
-0.0007514636651
-0.0007362188676
-0.0003846222787
-0.0005296638524
-0.0009409338834
-0.001247727378
-0.001375255298
-0.001284852388
-0.001204951571
-0.0003470059707
-0.0005779773428
-0.0009843659834
-0.00139567574
-0.001323146977
-0.001155818865
-0.0009120443268
-0.000660258499
-0.0008371310358
-0.001101099962
-0.001220723584
-0.001079662711
-0.0006378156246
-0.0003074593999
-0.001104660292
-0.001152908846
-0.001036832576
-0.0007564884438
-0.0002523662869
2.455191095e-05
7.099475217e-05
-0.00145778263
-0.001305566423
-0.0007505554872
-2.472407099e-05
0.000632981054
0.0004889731977
-0.0001768281159
-0.00154543503
-0.001200205242
-0.0003239521241
0.0006084770353
0.001000290428
4.307867858e-05
-0.001653494021
-0.001384972952
-0.0009410362288
-1.07787386e-05
0.000638771775
0.0003716974845
-0.001463087067
-0.00339467847
-0.00117826032
-0.0006841610946
7.9625596e-06
6.831709511e-05
-0.0009909236369
-0.003092391587
-0.004650377883
-0.0007623473444
-0.0007009853323
-0.0006280048497
-0.0008798998839
-0.001564652335
-0.002342017571
-0.003124450435
-0.0008901054025
-0.0007388645482
-0.0004366786279
-0.0003891242266
-0.0008768626376
-0.001721527149
-0.002660480222
-0.001168813696
-0.0009218528421
-0.0004255007639
-0.0002215701622
-0.0005033062119
-0.001214914232
-0.001919213188
-0.001423349405
-0.001140980686
-0.0006436574935
-0.0003341007147
-0.000450151415
-0.0008786380133
-0.001353082067
-0.001424529728
-0.001202707294
-0.0008729625849
-0.0006742702736
-0.0005990503539
-0.0008546485337
-0.0009940000101
-0.00111521592
-0.00101774164
-0.0009569438476
-0.0009053504899
-0.0008757996588
-0.0009458685954
-0.001168618419
-0.0006809551159
-0.0007261817138
-0.0009211215039
-0.001113656395
-0.001146304943
-0.001134190431
-0.001643300717
-0.0003906452437
-0.0005367820214
-0.0009478910454
-0.001227643686
-0.001409247493
-0.001371075991
-0.001653947338
-0.0003779287892
-0.0006002829175
-0.0009891787692
-0.001462591334
-0.001486596885
-0.001373589656
-0.00139347246
-0.0006544657619
-0.0008245413951
-0.001149907121
-0.001355198983
-0.001440253937
-0.001167415439
-0.0007500366652
-0.001044606663
-0.00112050186
-0.001152361068
-0.001114483517
-0.0009140193955
-0.0007233084548
-0.0004213388727
-0.001336228558
-0.001253888297
-0.000946730526
-0.0005659767465
-0.0002629158947
-0.0004628645336
-0.0008129623581
-0.001389341528
-0.001151932303
-0.0005660497079
-6.25690125e-06
0.0001316513749
-0.0007463633605
-0.002028575653
-0.00123688729
-0.0009147835184
-0.0002609847015
0.0001060953325
-0.0002330285567
-0.001797109462
-0.003434591101
-0.001037320036
-0.0006762511827
-0.0001898988087
-0.0002737589188
-0.001224984084
-0.003064684378
-0.004437422922
-0.0008537218609
-0.0009040805818
-0.001009254346
-0.001373846275
-0.001810253452
-0.002444924933
-0.002671412798
-0.0009558804972
-0.0009397189139
-0.0009354352329
-0.001205512227
-0.001703496757
-0.002448807084
-0.002884324901
-0.001154358359
-0.001100983595
-0.000963460302
-0.001260232591
-0.001591966384
-0.00244630683
-0.002420599094
-0.0012853789
-0.001180980449
-0.001070058833
-0.001336164648
-0.001475210187
-0.002097417518
-0.001992018087
-0.001212540409
-0.001175067476
-0.001133100904
-0.001420061015
-0.001418935648
-0.001830964298
-0.001640236585
-0.0009406618233
-0.0009511303039
-0.001100687049
-0.001323149559
-0.001268112166
-0.001527481879
-0.00165725491
-0.0005811732666
-0.0006898565612
-0.0009392920426
-0.001300952718
-0.001298372556
-0.001441915911
-0.002089396267
-0.00039204375
-0.0005228701126
-0.0009728410773
-0.001219879779
-0.00150327988
-0.001371805597
-0.002119276427
-0.0004099907628
-0.0006217342154
-0.0009250052226
-0.001516987389
-0.001620413051
-0.00156750611
-0.001653547284
-0.0006542612653
-0.0008061174506
-0.001131773633
-0.001380160463
-0.001688093777
-0.001420055523
-0.0009235016671
-0.0009594974743
-0.001064990407
-0.001190494046
-0.00130153346
-0.001333563706
-0.001102002336
-0.0007393991599
-0.001172243724
-0.001148740319
-0.001065587356
-0.0009304667712
-0.0008945523962
-0.0009595733509
-0.00112879645
-0.001178170555
-0.001043431099
-0.0007208393992
-0.0004566595685
-0.0004990720086
-0.001081601059
-0.002058305851
-0.001024848054
-0.0008161764482
-0.0004339676761
-0.0002620471431
-0.0006844874398
-0.001924772045
-0.003384799181
-0.0008234199881
-0.0005903342384
-0.0003156399228
-0.0005131710829
-0.001394649554
-0.002963767153
-0.004246866448
-0.0008408874242
-0.0009630795689
-0.001151825613
-0.001537969455
-0.001829546719
-0.002300838441
-0.001924295368
-0.0009141419788
-0.001000194809
-0.001175966084
-0.001594011605
-0.001927262891
-0.00243960638
-0.002134265276
-0.001009670865
-0.001069201443
-0.001223770797
-0.001627477044
-0.001920388862
-0.002437122827
-0.001945957008
-0.001091055754
-0.001130245592
-0.001288860701
-0.001652254005
-0.001758404004
-0.002040312596
-0.00141529117
-0.0009596290461
-0.001026146364
-0.001194860071
-0.001624817
-0.00160094365
-0.001873010402
-0.001137360202
-0.0007568528863
-0.0008558947778
-0.001118567983
-0.001429438097
-0.001296975699
-0.001452540617
-0.0009564762705
-0.0004835556996
-0.0006112574143
-0.0008391145727
-0.001221568215
-0.0009999856956
-0.001585105145
-0.001226588413
-0.0003623329644
-0.0004893600772
-0.0008298378873
-0.001186595805
-0.001042353244
-0.001481456169
-0.001806379847
-0.000424377204
-0.0005842956104
-0.000817357179
-0.001318880663
-0.001659158627
-0.001325014109
-0.001459851333
-0.0006012628708
-0.0007451984583
-0.0009732046137
-0.001280438752
-0.001547118544
-0.001473594448
-0.0007347232466
-0.0008288315218
-0.0009372619968
-0.001099835259
-0.001265960078
-0.001397359945
-0.001118156361
-0.000197440018
-0.0009436664278
-0.0009912751952
-0.000982499656
-0.001020147831
-0.0009821328706
-0.0009400486236
-0.0004310393891
-0.0009092614658
-0.0008400507138
-0.0007084723203
-0.0005931088526
-0.0006702530185
-0.001031396369
-0.001427316975
-0.0007425964602
-0.000623828531
-0.0004165159469
-0.0003883000142
-0.0007720337255
-0.001745990289
-0.002726460225
-0.0005356237435
-0.00040212043
-0.0003051611987
-0.000558978816
-0.001359121251
-0.002620333601
-0.003605821499
-0.0006187619132
-0.0007209361395
-0.0008843235173
-0.001175012327
-0.001517953461
-0.001693705816
-0.002187273304
-0.0007223476935
-0.0007648511137
-0.0009273217128
-0.00115978362
-0.001409333112
-0.001633774185
-0.001896307897
-0.0007769429714
-0.0008270825981
-0.0009472596939
-0.001117492747
-0.001315799702
-0.001326725429
-0.001612370049
-0.0008717481299
-0.0009654068411
-0.001079421367
-0.001213208045
-0.001275037548
-0.0009640239626
-0.001117375601
-0.0007854090427
-0.0008558384185
-0.001044649189
-0.001205030025
-0.001253327817
-0.0007283449403
-0.0008625956247
-0.0006586191023
-0.0007782262346
-0.0009713510361
-0.001173178548
-0.001055812118
-0.0006351549264
-0.0007510839199
-0.0004748003719
-0.0006076906216
-0.0007392057268
-0.001049999034
-0.0008005497345
-0.0006752036831
-0.0007468062854
-0.0003709702976
-0.0005000482081
-0.0006276788778
-0.0009807956265
-0.000722260336
-0.0008474503834
-0.0007626095541
-0.0004292021714
-0.0005066133238
-0.0007259612598
-0.0009385227963
-0.001451455784
-0.001205670198
-0.0008775010961
-0.0005200774309
-0.0006434134691
-0.0007673815368
-0.001094316683
-0.001092507182
-0.001409449962
-0.000379922558
-0.0006637238362
-0.0007495947379
-0.0009502304937
-0.001093315193
-0.001304463073
-0.0009386595021
2.761851956e-05
-0.0007124048869
-0.000783682252
-0.0008484747905
-0.0009905027239
-0.000957138429
-0.000851070231
-0.0001281086323
-0.0006334522308
-0.000620739688
-0.0006137998781
-0.0006322537739
-0.0007409652083
-0.0008626843133
-0.0008393752944
-0.0004592047687
-0.0004088002304
-0.0003595045428
-0.0004651389532
-0.0008375862959
-0.001513597833
-0.002100953989
-0.0002409029625
-0.0002026335342
-0.0002705166879
-0.0006129848113
-0.001316560825
-0.002266767631
-0.002929426164
-0.0003940475047
-0.0004134244584
-0.0004591748858
-0.0005690410285
-0.0007961505642
-0.0009870097016
-0.001297408871
-0.0004961293433
-0.0004585439338
-0.0003983452505
-0.0003613809337
-0.0004155076234
-0.000624926849
-0.0009979838806
-0.0005992179979
-0.0005440770708
-0.000401527542
-0.0002239188361
-0.0001470881135
-0.0001249016958
-0.0003551318353
-0.0007152997643
-0.0007222389935
-0.0005966273075
-0.000420374186
-0.0001745460001
0.0001332236461
8.805058063e-05
-0.0007398482988
-0.0007572787204
-0.0007338042568
-0.0005981118541
-0.0003952327555
0.0002808366707
0.0001925192753
-0.0006570989946
-0.0007254151218
-0.0007594252758
-0.0007251160687
-0.000434469926
0.0002556030914
4.763292042e-06
-0.0005401486795
-0.0006135299202
-0.0007131742813
-0.0007153268673
-0.0006637503462
0.0002674570729
-0.0001130348743
-0.0003831936662
-0.0004797687802
-0.0004285383204
-0.0005936577514
-0.0004692539448
0.000120680979
-4.851322977e-05
-0.0004062260589
-0.0003833165123
-0.0006190119034
-0.0002524322042
-0.0009250062311
-0.0004114250302
0.0001189310739
-0.0004103296282
-0.0004958745335
-0.0005532377159
-0.0007125194732
-0.00047816679
-0.0006361234102
-0.0002967500695
-0.0004826502173
-0.0005353296226
-0.0007343774097
-0.0007909087068
-0.0009202713016
-0.0005869477628
0.0003295491221
-0.0004836012416
-0.0005535366127
-0.0006883638257
-0.00082776958
-0.0007978054965
-0.0005534904014
0.0002387310591
-0.0003911486847
-0.0004263430783
-0.0005273607097
-0.00063133306
-0.0007348497798
-0.0006402812526
-0.0001820391626
-0.0002164581757
-0.0002216966631
-0.0003404278199
-0.0005344056578
-0.000873466022
-0.001169503766
-0.001247797239
-9.465638858e-06
-5.948846044e-05
-0.0003028268589
-0.0006747241369
-0.00120212209
-0.001682738701
-0.001890555813
-0.0003002520258
-0.0002345634886
-0.0001225695144
-4.277671197e-05
-0.0002598301824
-0.000647534924
-0.0008999134749
-0.0004232960893
-0.000295173061
2.208761167e-06
0.0002823987594
0.0003299499961
-5.678344228e-06
-0.0002716449157
-0.0005758877941
-0.0004160962559
-2.193855924e-05
0.0004552856
0.0006600908965
0.0005605122556
0.0004174196945
-0.0007565994264
-0.0006197592755
-0.0002965691403
0.000182477699
0.0005729584677
0.0006680140711
0.0007836556085
-0.0008044827549
-0.0007240802299
-0.0005192711239
-0.0001439655641
0.0001833685774
0.0005454994508
0.0008734133761
-0.0007420221265
-0.0007275452203
-0.000624197421
-0.0004170563868
-1.670542608e-05
0.0002769150907
0.0008647276642
-0.0006034315134
-0.0005965548773
-0.0006520403935
-0.0004310601393
-0.0004760849283
3.28638348e-05
0.0007466892124
-0.0004277910904
-0.000499399533
-0.0004250738714
-0.0005677676302
-0.0002423971444
-0.0001707504753
0.0007559564455
-0.0003200493895
-0.000313533653
-0.0003981616163
-6.096506675e-05
-0.0001608290073
0.0001399029848
0.0006137734738
-0.0002704783176
-0.0003268504623
-0.0003497558463
-0.0004090631231
-1.374069702e-05
0.000254098608
0.0003046254116
-0.0002683892216
-0.0003325893341
-0.0004562423421
-0.0005615432825
-0.0004017768956
-9.829985324e-05
0.001077507293
-0.0002468935581
-0.0003219700896
-0.0004758517559
-0.0006805340142
-0.0006338122855
-0.0002622922194
0.000829950966
-0.000135602588
-0.0001982563469
-0.000396534966
-0.000663928714
-0.0007555050259
-0.0004664689504
0.0005985848778
2.704536663e-05
-2.995864274e-05
-0.0003032874747
-0.0006172374485
-0.0008774788579
-0.0007334349198
-0.0001639011018
0.0001884438782
6.640423214e-05
-0.0003420027931
-0.0007049598397
-0.0009566683025
-0.000837533636
-0.0005772202834
-0.0002690401014
-0.0001377457218
0.0001414187856
0.0003852977803
0.0002942346681
3.220580939e-05
-0.0004961438274
-0.0004063487653
-0.0001931374855
0.00025418816
0.0007606050238
0.0008765680803
0.0006556526044
3.054489968e-05
-0.0005829056777
-0.0003220898485
0.0002447489558
0.0008903121451
0.001164761587
0.001046681617
0.0005254148158
-0.0007399238518
-0.0005167566097
-3.79647533e-05
0.0005719824203
0.0009653806562
0.001036790741
0.0006785382217
-0.0007990316126
-0.0006353507864
-0.0002881610139
0.0001753816684
0.0005581872088
0.0007239843081
0.000703022157
-0.0007403774913
-0.0006342341146
-0.0004764175453
-0.000172369813
0.0001289511533
0.0003884736343
0.0006546267338
-0.0005739526687
-0.0005435186311
-0.000467645207
-0.0002968081981
-0.0001358112909
-5.13908585e-06
0.0005172725743
-0.0004110113397
-0.0004115217473
-0.0004236527455
-0.0003373181152
-0.0002976624497
-0.0005071690833
0.0001225222483
-0.0002499073358
-0.0002715456331
-0.0002291173682
-0.000232148322
0.0002133833168
-0.0002145001863
-7.812167707e-05
-0.000178623807
-0.0002040988096
-0.0002305069726
-0.0002786676938
0.0001633552254
0.0002073054029
0.0004484959287
-0.0001435779413
-0.0002007871401
-0.0003027486348
-0.0004406298891
-0.0001514576897
-5.3823788e-05
0.001238243432
-0.0001273687217
-0.0002030587652
-0.0004376071393
-0.0006206513326
-0.0005562989679
-0.0001641520817
0.001110502681
-4.399090498e-05
-0.0001406402808
-0.0004633005781
-0.0007125912276
-0.0007941982387
-0.0002925557573
0.001117097173
6.595619688e-05
-5.43610267e-05
-0.0004809013084
-0.0006780724617
-0.0007714447093
-0.000251185617
0.0008118532073
0.0001663387401
-4.499658017e-05
-0.0004874709719
-0.0006594682127
-0.0005659701054
1.369723335e-05
0.0006305075764
-0.000275728784
-0.0001195012951
0.000160652397
0.000450912092
0.0004665568777
0.0002398195975
-9.446552587e-05
-0.0003822622095
-0.0001564606993
0.0002517806972
0.0007711406903
0.0008385741148
0.0007468512691
6.194641157e-05
-0.0005060993085
-0.0002457198023
0.0002636549908
0.0008449721904
0.001007531448
0.0009712042875
0.0002524571743
-0.0006018620769
-0.0003529691147
9.974681381e-05
0.0006023372677
0.0008286214917
0.0008382599645
0.0002168286376
-0.0006059971263
-0.0004024022087
-0.0001121081267
0.0003251597718
0.0005016899277
0.0006635445705
0.0003391566034
-0.0005459256097
-0.0004010483864
-0.0002585642179
8.012796163e-05
0.0001371609615
0.0004803034485
0.000372848942
-0.0003836439801
-0.0002918349633
-0.0002144576012
2.823484831e-05
0.0001909691753
0.0003530241341
0.000576551971
-0.0002524050409
-0.0001811868566
-0.0002414047387
7.032585472e-05
-0.0001085155214
0.0003894948587
4.814040708e-05
-8.505555306e-05
-6.027899818e-05
-4.984906148e-05
1.055855583e-05
0.0003524205726
8.588106515e-05
-0.000328593891
5.700375128e-06
1.52674795e-05
-2.561245077e-05
6.083786355e-05
0.0002079512992
0.0005225049385
7.949739807e-05
6.059818485e-05
4.333962456e-05
-4.419754954e-05
-6.984926572e-05
2.596108356e-05
0.0003642228394
0.0008035094853
9.991898885e-05
5.951154139e-05
-0.0001191671398
-0.0002583825508
-0.0002858105138
0.0002808769859
0.001147295096
0.0001914870863
0.0001263041877
-0.0001236359925
-0.0004143348014
-0.0004402737828
0.0001946705126
0.001545239094
0.0002738134949
0.0002391632729
-0.000193821454
-0.0003714522885
-0.0003054908076
0.0004386869807
0.001702160927
0.0003016062304
0.0002517117772
-0.0002389595073
-0.0001162596428
0.0001489925416
0.0008782900652
0.001669225334
-0.0001353623183
-5.740996286e-05
8.838158932e-05
0.0001822967112
0.0001818744196
4.244413815e-05
-0.0001699632247
-0.0001842958178
-7.620227227e-05
0.0001070506721
0.0002819902631
0.0003190356134
0.0001920132237
-9.632346249e-05
-0.0002348505942
-0.0001137019855
9.754918197e-05
0.0003041475647
0.0003629592206
0.0002443422416
-0.0001368885434
-0.0002625017107
-0.0001504257542
3.753712897e-05
0.0002190244207
0.0002587592237
0.0001790721895
-0.0001551107346
-0.0002537295801
-0.0001629247838
-2.743749513e-05
0.0001149676217
0.0002155803424
0.0001563130708
-0.0001354356552
-0.0002134257392
-0.0001677248761
-7.054976666e-05
1.655578344e-05
6.951236541e-05
7.358487117e-05
1.586293266e-05
-0.0001494078429
-0.0001343033037
-6.309934485e-05
7.36533402e-06
5.050085398e-05
9.90251966e-05
0.0001248579808
-9.299816935e-05
-8.402510335e-05
-5.563073749e-05
2.073731571e-05
-3.238103024e-06
0.000108956242
0.0001716155151
-4.839149716e-05
-4.415805172e-05
-2.408963663e-05
1.662808982e-05
0.0001780851814
0.0001140388073
-0.0001266761767
-2.225470066e-05
-2.354125175e-05
-2.149966477e-05
1.803302862e-05
0.0001124948344
0.0003669636185
0.0001234437631
-1.946807784e-05
-3.308058522e-05
-7.901630076e-05
-7.537900142e-05
-4.675209973e-05
0.0003552100725
0.0002700152694
-1.641308843e-05
-4.615048592e-05
-0.0001585487298
-0.0002290152709
-0.0002759636757
1.288792783e-05
0.0002183595548
7.065909069e-06
-4.825907696e-05
-0.0002330719599
-0.0002971825987
-0.0002732052264
2.920876952e-06
0.0004702785641
2.446982877e-05
-8.36708356e-05
-0.0002634939298
-0.0002994649251
-0.0002354814593
0.0001529200832
0.0004948850956
3.46166547e-05
-0.000104523206
-0.0002797000869
-0.0001311506578
-1.214267978e-06
0.0002819543846
0.0005853804599
-0.0005606720843
-0.00131036118
-0.002903637924
-0.003193867431
0.0003114367769
0.007594579487
0.01584393606
0.0003248755988
-0.0007177572498
-0.003591928987
-0.005996568736
-0.005176036688
0.000208680143
0.009285585575
0.001927691171
0.0003632358363
-0.004040321531
-0.008823834308
-0.01102812474
-0.008068610648
5.629490247e-05
0.003820313112
0.001964682427
-0.002712678262
-0.00845700601
-0.01283438818
-0.01283969561
-0.007465292012
0.004703872371
0.003104388759
-0.0003934658804
-0.005042759235
-0.009974232006
-0.01228019669
-0.0104318239
0.003820711323
0.002904484653
0.001590800262
-0.0006778064957
-0.004363171221
-0.007627155944
-0.008615386238
0.001359610371
0.001334630689
0.002475299854
0.002723032659
0.001399973426
-0.001690902642
-0.004217754459
-0.001298543642
-0.0005669371567
0.002323658458
0.004729930222
0.005101622761
0.002630536122
-0.0006182528238
-0.00299704406
-0.001655013483
0.001707014554
0.004944394605
0.005676063708
0.003360179655
-0.0006107385907
-0.002815830102
-0.001393045495
0.001367898629
0.003674195274
0.003061230057
-0.0003190655195
-0.004831122313
-0.001166102156
-0.0001017542477
0.0009227421273
0.0008877416467
-0.002224336723
-0.006877079926
-0.009475582896
0.0009262405286
0.001220608116
7.717767504e-05
-0.002966513481
-0.008225731994
-0.01200281185
-0.009423999658
0.002171496959
0.001552788549
-0.001551258973
-0.006557866398
-0.0115863897
-0.01115104664
-0.002132224649
0.002078411228
0.0007208074833
-0.003124461832
-0.007543226888
-0.008793597964
-0.002318987089
0.009506378853
0.001078945774
-0.0005883261876
-0.003630064652
-0.005184018778
-0.001761826413
0.007369577127
0.01642880815
-0.0003082820135
-0.001244861458
-0.002991118586
-0.003212713476
0.0004981077539
0.007416067376
0.0161885534
0.000583244591
-0.0007973551193
-0.004008709172
-0.006453804293
-0.005594061421
-0.0003823800765
0.008939178399
0.002291502019
0.0003793310209
-0.004241937593
-0.0090714031
-0.01144866213
-0.008596814809
-0.0003865172544
0.004024010415
0.002045257337
-0.002490368777
-0.008179522099
-0.01267518832
-0.01283310483
-0.007263552011
0.004512536451
0.00305514779
5.961041871e-05
-0.004479901406
-0.009321398104
-0.01174666938
-0.009543072067
0.003227863286
0.002621489206
0.001998464537
3.60228661e-05
-0.003668775256
-0.006870479247
-0.007445836626
0.0005177911402
0.0009580944818
0.002429528461
0.00323085658
0.00182232241
-0.00108735547
-0.003491044966
-0.00221146715
-0.0008868575869
0.00213028778
0.004768756857
0.005121449637
0.002880581245
-0.0007870539553
-0.00357881293
-0.00183052779
0.001711476476
0.00483357219
0.005298383666
0.002765587447
-0.001481284396
-0.002951105298
-0.0013372378
0.001355518154
0.003391473108
0.002157064637
-0.00131754438
-0.004871778349
-0.0008734339857
0.0001241115275
0.0009106118392
0.0003523232442
-0.003311822035
-0.007505176946
-0.00873137088
0.001453909397
0.001466156709
-7.211197489e-05
-0.003618809256
-0.008892883778
-0.01147942588
-0.00771029273
0.002700028119
0.00170046097
-0.00176036432
-0.006869027838
-0.01115212738
-0.009340402571
-0.0004433225024
0.002464239893
0.0008278516115
-0.003067629888
-0.00704013436
-0.007416541445
-0.0006592431444
0.00929265122
0.001342472481
-0.0003747281516
-0.003187221732
-0.004310337535
-0.0009197359285
0.007259450292
0.0144072731
-0.0001200385698
-0.0009488115081
-0.002396605971
-0.002564063463
0.0001803717901
0.005782786227
0.01181398967
0.0007338383538
-0.0005810320106
-0.00320257527
-0.005294104406
-0.004816846538
-0.0005496570394
0.005978838985
0.00224533581
0.0004913668767
-0.003264913289
-0.007305660347
-0.009341570765
-0.007169188658
-0.001464968355
0.003635931911
0.001900273532
-0.001831969528
-0.006492129591
-0.01016260039
-0.01045684458
-0.006653870422
0.003814914174
0.002645423317
0.0001510311907
-0.003483826826
-0.007350249241
-0.009450790054
-0.008058004537
0.002344240064
0.002050330034
0.00153717526
-5.156012066e-05
-0.002741728521
-0.005466871567
-0.005915509255
-0.0002034315109
0.0004044445071
0.001840324856
0.002464518701
0.001484891348
-0.0009233058061
-0.00252150574
-0.002510482675
-0.001254666316
0.001520476864
0.003710349545
0.00406622708
0.002004467425
-0.0003922704641
-0.003453688213
-0.00187434495
0.001203570212
0.003784163597
0.004263452951
0.002097526837
-0.0009655815665
-0.002628572502
-0.001226809306
0.001082564992
0.002555286506
0.001632059835
-0.001384133176
-0.00390534003
-0.00056619534
0.0002632534215
0.0009046280807
0.000246695294
-0.002663974808
-0.005959723181
-0.006516253792
0.00156961025
0.001498184382
0.0001241476626
-0.002931040303
-0.006992676332
-0.008809310331
-0.005812023156
0.002675498744
0.001721644817
-0.001218057263
-0.005397944872
-0.008495869139
-0.006986467466
-0.0003389176959
0.002399542176
0.0009412992078
-0.002254422496
-0.005379707978
-0.005411938679
-0.0004215284897
0.006739270989
0.001357990796
-9.514630726e-05
-0.002323447058
-0.003188736788
-0.0004826808327
0.005320836916
0.01059593993
0.0001030082893
-0.0005179712505
-0.001474645812
-0.001609310627
-2.917836139e-05
0.003540415054
0.006828666257
0.0007500185317
-0.0001846157715
-0.001946465114
-0.003303561692
-0.003059660848
-0.0002649184248
0.003510379343
0.001815191
0.0005990637204
-0.001886265045
-0.004414597616
-0.005658134307
-0.004015046276
-0.0008462773927
0.002633823127
0.001475886589
-0.0009284911715
-0.003777955555
-0.005966889746
-0.005830878878
-0.004091453394
0.002438123729
0.001670678729
0.000190755713
-0.002000899418
-0.004193210567
-0.005220936429
-0.005070382344
0.001104931332
0.0009653918602
0.0008159038841
-2.759235399e-05
-0.001473728412
-0.002874175084
-0.003812692729
-0.0008575693118
-0.0003180434676
0.0007741523485
0.001437840962
0.00109708051
-3.064645078e-05
-0.001868651413
-0.002486670329
-0.001458572218
0.0005239657981
0.002206800988
0.002808083734
0.001864565438
-0.0005297823145
-0.002993137514
-0.001753887246
0.0004200588274
0.002420854745
0.002832474801
0.001880711125
-0.0008563648504
-0.002160422306
-0.00108255018
0.0005305711331
0.001731768673
0.0009548219428
-0.0005977699637
-0.002861862514
-0.0004667562271
0.0001491183716
0.0005558291731
0.0002537543075
-0.001889221694
-0.003885107499
-0.004574101447
0.001213620677
0.001118557373
0.0001331252946
-0.001939717899
-0.004638385741
-0.005735592913
-0.004076756092
0.002028668869
0.001279885832
-0.0008187468842
-0.003616488592
-0.005673380178
-0.004758656978
-0.0008667180851
0.001775553189
0.0006838939823
-0.001525771168
-0.003587582411
-0.003568125066
-0.0005325130616
0.003670430854
0.0009394488462
-8.027141388e-05
-0.001586991888
-0.00214817134
-0.0004636448197
0.002994224475
0.00603472794
4.192549326e-05
-0.0002499976861
-0.0006816493778
-0.0008155587497
-0.0004618004186
0.0005188469744
0.001447968271
0.0004342946762
-2.068996968e-05
-0.0008008347421
-0.001372274991
-0.001406704497
-0.0005719139201
0.0006621434581
0.0009981906979
0.000417884386
-0.0005879171237
-0.001525289931
-0.001978167372
-0.001448209358
-0.0002891691916
0.001281229638
0.0007620705966
-0.0001202691707
-0.001079698003
-0.001770184704
-0.001635366657
-0.0007682504764
0.0009164687804
0.0006555090361
0.0001789276048
-0.0004474244176
-0.001092755065
-0.001245871491
-0.000822604261
-5.669865098e-05
2.483429991e-05
0.0001623762022
9.318593166e-05
-0.0001789189475
-0.0003379438292
-0.0001978032218
-0.0012427973
-0.0007993137937
-9.705399114e-05
0.0005198554764
0.0006425862969
0.0007160323503
0.0003929455774
-0.002093726269
-0.001415018374
-0.000248831819
0.0008106784912
0.00144186981
0.00137189282
0.001130342433
-0.002216053651
-0.001436883885
-0.000166062556
0.001090679044
0.001488077588
0.001402585872
0.0006158042454
-0.001569531994
-0.0009033298893
8.994828542e-05
0.0008920267195
0.0005394044465
-0.0002253485519
-0.0009014999813
-0.0004330598232
-4.345728889e-05
0.0002893867892
0.0003006457373
-0.0008056640026
-0.001705930377
-0.002188330748
0.0006183453033
0.0005689128799
7.27087305e-05
-0.0009310665855
-0.002402884994
-0.003006964146
-0.002194708368
0.001110413949
0.0006602629897
-0.0004697796062
-0.001931355746
-0.003036636656
-0.002658709042
-0.0009622845906
0.0009020001968
0.0002631053841
-0.0009400197365
-0.002009044939
-0.002058983283
-0.0006972822298
0.001197584211
0.0003585662872
-0.000194405157
-0.0009696719055
-0.001249715672
-0.0004632647117
0.001095002664
0.002479112716
-0.0001344719539
-0.0001184248091
1.080249383e-05
3.072605016e-05
-0.0005911082018
-0.001666617533
-0.002975144333
-3.775808191e-05
-5.426439682e-05
0.000163890807
0.0004163607787
0.0001386179255
-0.0005826460906
-0.001908874693
8.100872072e-06
1.722891316e-05
0.0004279706323
0.001015989716
0.00118264442
0.0008796265039
-0.0003227106589
-0.0001720530944
-0.0001010353008
0.0004189959321
0.001162169655
0.001663334194
0.001775060454
0.0009124291532
-0.0005835172333
-0.0004275738495
5.227988783e-05
0.0007296904009
0.001329670595
0.001773743934
0.001303414923
-0.00105870442
-0.0008307966885
-0.0004651387951
6.70064263e-05
0.0006167519062
0.001281312104
0.001262162335
-0.001410713735
-0.001128582695
-0.0008275449237
-0.0003935484912
0.0001218580941
0.0007958301138
0.0009563549303
-0.001520827501
-0.001197242239
-0.0008719460536
-0.0003961583742
1.943001158e-05
0.0006273151564
0.0007132867787
-0.001355184993
-0.00101867158
-0.0006203849486
-7.940386311e-05
0.0001290816221
0.0002858084288
0.0001858500746
-0.0009578578196
-0.0006499423483
-0.0002528336188
0.000278411508
9.884039824e-05
1.011138757e-05
-0.0001587863552
-0.0004361093874
-0.0002254701104
5.238300594e-05
0.0003362877254
5.951649244e-05
-0.0002032419003
-0.0003305620491
1.599003451e-05
4.745203138e-05
2.248099595e-05
-0.0001174898443
-0.0006641948972
-0.0008316725163
-0.0008667751767
0.0002124644143
7.264556595e-05
-0.0002146467438
-0.0005895479749
-0.0009745869964
-0.0009714809586
-0.0006082890007
9.854695481e-05
-0.0001250275977
-0.0004776980226
-0.0007831337349
-0.000867999835
-0.0006142663439
-0.0002041495194
-0.0001760793047
-0.0003333168466
-0.0005406728112
-0.0006098969318
-0.0004996892237
-0.0002019850723
9.876861205e-05
-0.0004193848901
-0.0001627558636
0.0004776665261
0.00066591337
-0.0005011742042
-0.002883784858
-0.005378718755
-0.0005935549108
-0.0002551206545
0.0007862832132
0.001677632022
0.001430910721
-0.0002894211467
-0.002929413761
-0.0009759447161
-0.0004914719146
0.001021502923
0.002712070537
0.003484406961
0.002638187519
0.0003866197452
-0.00147945068
-0.000936659811
0.0006294574908
0.00257729896
0.003975447389
0.004082340402
0.002752489507
-0.001816587128
-0.001337670195
-0.0001875213463
0.001394722244
0.00286252066
0.003634280203
0.003365685129
-0.001781129354
-0.001472732942
-0.0009861187248
-0.0001318476224
0.0009623383582
0.002018670132
0.0023625205
-0.001383882483
-0.001255277357
-0.0013154014
-0.001112681764
-0.0004366057366
0.0004460191989
0.001104305296
-0.0008655851276
-0.0008691215656
-0.001179695644
-0.00130874953
-0.001015975589
-0.0005128327192
-0.0003237033825
-0.0004830745304
-0.0005188677072
-0.0007596520858
-0.0008730757793
-0.0006266228211
-0.0006474317433
-0.0003817976795
-0.0003197711304
-0.0003099844466
-0.0002975198456
-0.0001378963843
6.795749224e-05
-1.363287192e-05
0.0003492035765
-0.0003128707278
-0.0002318616831
2.141093024e-05
0.0003661836682
0.000698825805
0.0006974714537
0.0006311023924
-0.0003602593687
-0.0002559400558
9.083253199e-05
0.0004230552252
0.0006393081616
0.0004115374759
0.0005997693123
-0.0004037362006
-0.0002982874671
-6.556024513e-06
0.0002725331104
0.0003383954123
5.763080889e-05
-0.00025347182
-0.0004574290186
-0.0003799824788
-0.0001757433596
-3.489468712e-05
-0.0001801456497
-0.0005450833498
-0.0008689143448
-0.0005180180891
-0.0004131991004
-0.0002837620271
-0.0002262471487
-0.0005397605381
-0.0009162776619
-0.001231671695
-0.0007035761761
-0.0002746623547
0.0006478737524
0.0008675155829
-0.0006859993449
-0.004175320104
-0.007662925877
-0.001082918838
-0.0004942381247
0.001015762098
0.002215407705
0.001811964084
-0.0008811382525
-0.004729167842
-0.001772879602
-0.0009636435299
0.001168931233
0.003411130251
0.004285770251
0.002698368342
-0.0008277048991
-0.002456498021
-0.001610462729
0.0005377841124
0.003060392116
0.004718171997
0.004417931499
0.002007598259
-0.002680495517
-0.00202517731
-0.000529253357
0.001427043546
0.003135319166
0.003874293979
0.002621904534
-0.002222151513
-0.001903566671
-0.00140002021
-0.0004754418672
0.0007627671594
0.001846036543
0.002041587894
-0.00128021774
-0.00130603835
-0.001644684358
-0.00167043956
-0.001082810869
2.909123851e-05
0.0003380162863
-0.000332948545
-0.0005749856628
-0.001352018662
-0.00186797552
-0.001770369553
-0.001069755268
-0.0009683532793
0.0001790426795
-0.0001303236808
-0.0008189420285
-0.001386682974
-0.001257138845
-0.0009277938461
-0.0005760131099
0.0001735863993
-1.549718763e-05
-0.0003259786706
-0.0004480440838
-0.0002039795784
-1.49290482e-05
4.435471477e-05
-0.0001887378607
-0.0002085000797
-4.992699399e-05
0.0001803532577
0.0005923300964
0.0006454491125
0.0005634304939
-0.0005578860896
-0.0004063662195
5.505202133e-05
0.00058172847
0.00092550395
0.000852630655
0.0001891864981
-0.0007777396747
-0.0005548178143
-4.850916182e-06
0.0005171575372
0.0006206697583
0.0002931499646
-0.0004145705461
-0.0007890489965
-0.0005607345041
-0.0001212375033
0.0001700546967
-7.152793844e-05
-0.0006701277512
-0.001259577202
-0.000740402352
-0.0005373598359
-0.0002562005447
-0.0002196187319
-0.000741950904
-0.00138714882
-0.001950725566
-0.0008520219749
-0.0003085906859
0.0007146607276
0.0009323995627
-0.0008303713806
-0.004752365889
-0.008616211093
-0.001346483357
-0.0006001444904
0.001103585434
0.002390938918
0.001848848879
-0.001366289309
-0.005760010535
-0.002198310993
-0.001202065811
0.00117391698
0.003578062688
0.004346651994
0.002198040937
-0.001925764189
-0.002939047375
-0.001928175093
0.0004313594519
0.003093629203
0.004688141124
0.003671468596
0.0009001182748
-0.00307169899
-0.002327318632
-0.0007399948432
0.001264647283
0.002885687739
0.00287538421
0.00171020461
-0.002352954794
-0.00204431981
-0.0015630644
-0.000706660923
0.0004039565462
0.001026441895
0.000904445241
-0.001139450546
-0.001254233165
-0.001749674112
-0.001944419627
-0.001504423718
-0.0008188599451
-4.280219126e-05
1.322969913e-05
-0.0003851346733
-0.001358294162
-0.002134175035
-0.002139762519
-0.001383635622
-0.001189513057
0.0005606838541
0.0001115583922
-0.0008426538694
-0.001600462275
-0.00172291155
-0.001265762723
-0.0009214476577
0.0004438968898
0.0001229656922
-0.0003774983293
-0.0007825542117
-0.0006213185811
-0.0005917269681
-0.0004083152571
-0.0001001652954
-0.0001786828297
-0.00014629748
-4.267469481e-05
0.0002481696629
0.0003503276214
0.0001946615849
-0.0006483302527
-0.0005069653033
-6.435880341e-05
0.0003802138013
0.0007048678163
0.0005615166768
0.0003263603298
-0.0009452915489
-0.0006818354438
-0.0001350075503
0.0003668800052
0.0003359881476
-0.0001190465863
-0.0008359218608
-0.000965680264
-0.000701674289
-0.0002748731057
-3.789589102e-05
-0.0004203658467
-0.001208172376
-0.001748462279
-0.0008236728236
-0.0005885322236
-0.0003231385454
-0.0003366149197
-0.0009098769891
-0.001608644504
-0.00210063186
-0.0009252747366
-0.0003760651733
0.0005941450501
0.0007665937411
-0.001042248365
-0.004870240565
-0.00876664418
-0.001446666209
-0.0006819954608
0.00095336456
0.002135104223
0.001446998972
-0.001785693667
-0.006203241917
-0.002310016079
-0.001291536479
0.0009962838064
0.003214803376
0.00374944944
0.001430396664
-0.002676257017
-0.003015217506
-0.002001872594
0.0002747068528
0.002718401893
0.003955142651
0.002758058633
-0.0001151978569
-0.003074629311
-0.002346804076
-0.0008386604061
0.0009561306973
0.002230445769
0.002096356619
0.0008078030226
-0.002286917003
-0.002018829159
-0.001588312619
-0.0009008193005
-9.008734059e-05
0.0001694049137
-0.0001950043026
-0.001048671934
-0.00122891156
-0.001769942571
-0.002080395919
-0.001958283148
-0.001550993613
-0.001544171817
7.627298689e-05
-0.0003936794953
-0.001425394172
-0.002352439721
-0.002624477583
-0.002618698136
-0.00206199303
0.0005595139119
2.604481197e-05
-0.0009805304991
-0.001941066835
-0.00225361668
-0.002033703238
-0.001893062571
0.0003716990774
-1.860005122e-05
-0.0006384991162
-0.001254076789
-0.001363334803
-0.001294550263
-0.001196524081
-0.0002430295995
-0.0003904143648
-0.0004773315334
-0.0006194342897
-0.0004125077092
-0.0004067813988
-0.0005812662392
-0.0008027263614
-0.0006983428821
-0.0004039559938
-8.560766669e-05
-6.214268359e-05
-0.0001492410271
-0.0007367631507
-0.001088062442
-0.0008585647355
-0.0004139802718
-2.93385916e-05
-0.0002600490407
-0.0006113038402
-0.001603919672
-0.00104057899
-0.000799607557
-0.0004443302494
-0.000298054586
-0.0008310982123
-0.001690694812
-0.002531814568
-0.0008668362538
-0.0006656048468
-0.0004630549631
-0.0006032094235
-0.001302808149
-0.002271965353
-0.00293669314
-0.0009171321813
-0.0004220925025
0.0004166455365
0.0005943232441
-0.001046567912
-0.004203281916
-0.007568296305
-0.001379988587
-0.0006891106957
0.0007399432667
0.001756579251
0.001072330815
-0.001630840923
-0.005406481738
-0.002133585625
-0.001191479524
0.000772062112
0.002683829442
0.003004308933
0.001033324991
-0.002467128648
-0.002722366818
-0.001793176032
0.0001735229212
0.002228622796
0.003173692731
0.002165140065
-0.0001407052841
-0.002723802856
-0.002062201711
-0.0007765734638
0.0007601368334
0.001706194699
0.001550866057
0.0005437444746
-0.001985095368
-0.001752400444
-0.001389004984
-0.0008090319894
-0.0002062078677
2.073601255e-05
0.0001915219171
-0.0008955180184
-0.00106553443
-0.0015558259
-0.001797560526
-0.001793791795
-0.001403833346
-0.001541530574
5.001976725e-05
-0.0003889506147
-0.001310954496
-0.002050195665
-0.002493073917
-0.002274742832
-0.002366539658
0.0003771958455
-0.0001165329103
-0.001075312108
-0.001909513413
-0.002498885835
-0.002409293753
-0.002377966881
0.0001184283554
-0.0002555383186
-0.0008586435097
-0.001388565748
-0.001799735069
-0.00150925269
-0.001654002154
-0.000488259336
-0.0006381606711
-0.0007911544902
-0.0009214242469
-0.001081098637
-0.0007107556942
-0.0008632574943
-0.0009703848444
-0.0008720064638
-0.0006428459209
-0.0002345501087
-0.0004167124964
6.415880429e-07
-0.0006467535244
-0.001148121179
-0.000916668249
-0.0005185781321
-7.174161483e-05
-0.0003645215798
-0.0008177620954
-0.001545736603
-0.001009948535
-0.0007691555055
-0.0004091051411
-0.0002169386871
-0.0007844589412
-0.00175705746
-0.002454053149
-0.0007714596282
-0.0005636361831
-0.0003527312524
-0.0005190281823
-0.001341027957
-0.002604193585
-0.003308428719
-0.0008824027973
-0.0004998528734
0.0001738751769
0.0003066626404
-0.0008917226722
-0.003255633188
-0.005731638592
-0.001256639013
-0.0007163500787
0.0003909559595
0.001148947359
0.000591415903
-0.001431806317
-0.004055232622
-0.001826805298
-0.001101296425
0.0004259318837
0.001817765765
0.001991590274
0.0005493286946
-0.00193266943
-0.002261864274
-0.001510988997
-5.456382537e-05
0.001452015099
0.002073073478
0.0013165117
-0.0001289085396
-0.002180539519
-0.001668057304
-0.000676863532
0.0003638431083
0.001088394805
0.0009641725109
0.0006440517124
-0.001556133682
-0.001377763904
-0.001142345239
-0.0007500060099
-0.0003343748584
3.857277603e-05
0.0001293356392
-0.0006853508325
-0.0008441800491
-0.001229614832
-0.001465483017
-0.001430122517
-0.00111427524
-0.0004047208423
-1.178001157e-05
-0.000388176746
-0.001086817592
-0.001726866331
-0.001863021293
-0.001776845679
-0.001682432695
0.0001209963862
-0.0002669041549
-0.001026768775
-0.001511840134
-0.002079743191
-0.001557249654
-0.001329784833
-0.0002185468418
-0.0005302260449
-0.0009420472229
-0.001289411586
-0.001438723875
-0.001013911661
-0.0005249580845
-0.0007830079404
-0.0008660677271
-0.0009238321421
-0.000661495039
-0.0007913909825
6.59978391e-05
0.0003180716827
-0.001169904571
-0.001050927076
-0.0007568950099
-0.0001176734862
-0.0001409086462
-3.866854838e-06
0.0004135551932
-0.001210098027
-0.0009840904808
-0.000445628718
0.0001110572593
-2.393959172e-05
-0.0004074911739
-0.0006421021383
-0.0009698275524
-0.000720492969
-0.0002489697968
-6.406837932e-05
-0.0005571656647
-0.002370386434
-0.003436102734
-0.0006830220418
-0.0004682678374
-0.0001645082361
-0.0003977346754
-0.001311603193
-0.002955977955
-0.00385031639
-0.0008247367061
-0.0005656060711
-0.0001016264378
-2.872103738e-05
-0.0007539148475
-0.002146864037
-0.003761396691
-0.001082964122
-0.0007207983861
1.946209734e-05
0.0004795067847
0.0001207582178
-0.0011776714
-0.002682521878
-0.00144987933
-0.0009713586038
2.353551715e-05
0.0008391234127
0.0009576098179
-2.325173141e-05
-0.001330887559
-0.001684464388
-0.001195627981
-0.0002870322556
0.0005739614253
0.0008992993792
0.0004966096457
-6.498362354e-05
-0.001538524346
-0.001204708688
-0.0006522754821
-0.0001109329247
0.0002487388519
0.0002668967971
0.0005768135621
-0.001002722839
-0.0009110360805
-0.0008528350178
-0.0007177264483
-0.0004920233061
-0.0002312008238
0.0003243617344
-0.0003689425432
-0.0005169425405
-0.0008531364259
-0.001123489035
-0.001022499636
-0.0007731208787
-9.602771026e-05
3.676938058e-05
-0.000248946142
-0.0007855593238
-0.001183594146
-0.001249735703
-0.000914320677
-0.0005960997407
-2.745857776e-05
-0.0003455596217
-0.0008103122055
-0.001170348034
-0.001100197825
-0.001011926745
-0.0002843370678
-0.0004545553129
-0.0006590222934
-0.0009042838825
-0.0008294759282
-0.0007376055585
-0.0001305232779
0.0002996943794
-0.0009918295776
-0.001042263814
-0.0009281722713
-0.0004605851087
-0.0001017226012
0.0003301899167
0.001288995674
-0.001284390126
-0.001129431808
-0.000720565163
0.0001012901776
0.0006528443959
0.0004992761944
0.0004953421258
-0.001232501788
-0.001002524346
-0.0002861526334
0.0002206412965
0.0007891022124
-0.001172627235
-0.001154672648
-0.000918212709
-0.0006345920994
-2.024628456e-05
0.0002319873318
-6.64540751e-05
-0.002237550661
-0.003304009602
-0.0005979422222
-0.0003522136999
2.727637276e-05
-0.0002423043819
-0.001228052583
-0.003164917882
-0.004313414191
-0.0006631958635
-0.0005044538501
-0.0002335401769
-0.0002266104817
-0.0006213768842
-0.001263284366
-0.00209428927
-0.0008352699413
-0.0006288622281
-0.000235336348
-7.180373486e-05
-0.0001973571245
-0.0008872213239
-0.001480228331
-0.001038653697
-0.0007741574673
-0.0002847867171
6.470383581e-05
0.0001063219579
-0.0002925314446
-0.0007453767491
-0.001116110816
-0.0008704364247
-0.0004837523685
-0.000167085507
-1.875000481e-05
-0.0001236911996
4.369916544e-05
-0.0009176938204
-0.0007709545894
-0.0006342399115
-0.0005198832041
-0.000321312013
-3.181692338e-05
0.0005734540722
-0.0004859096345
-0.0004942882186
-0.0006403288018
-0.0007717130869
-0.0006544104278
-0.0002186360118
0.000549909726
-5.392251972e-05
-0.0002055905512
-0.000552371552
-0.000878049708
-0.0008049098558
-0.0003620445212
1.058277349e-05
0.0001263418735
-0.0001132651361
-0.0005081703718
-0.0008967349418
-0.0007207100841
-0.0004399840091
0.0001995341275
-8.010290071e-05
-0.0003152120917
-0.0005980456818
-0.000806416585
-0.0004250935338
0.0001508061805
0.0003577740507
-0.0005525930997
-0.000748649718
-0.0007159352534
-0.0007947210531
-6.902938359e-05
0.0003281987839
0.001126580083
-0.001065371638
-0.001103188442
-0.0007944856888
-0.0004078546384
0.0004568456303
0.0007299178259
0.00124039191
-0.001277692706
-0.001217096838
-0.0004480118033
-0.0001109974064
0.001593015953
7.735420909e-05
0.0005560727348
-0.001222754307
-0.0009756497825
-0.0001903320117
0.0004111086293
0.0008241988064
-0.0006493950571
-0.00192810633
-0.0008581109641
-0.0005799313025
0.000138562653
0.0003205686034
9.188181071e-05
-0.00157066946
-0.003261494098
-0.0005875218006
-0.0002939844294
8.058065709e-05
-6.442597887e-05
-0.001068157417
-0.002641816262
-0.004050677233
-0.0004876798129
-0.0004037544194
-0.0003381806686
-0.0003205484578
-0.0005517054724
-0.0007354029601
-0.001209481399
-0.000565410651
-0.0004793938952
-0.0003425834254
-0.0003834495004
-0.0005113517205
-0.0007959729577
-0.0008527322972
-0.0006352660804
-0.0005276852903
-0.0004117147509
-0.0003596456355
-0.0004019099281
-0.0004880663869
-0.0003897088342
-0.0005998330059
-0.0005350397378
-0.0005198426323
-0.0005657450875
-0.0005376334024
-0.0004045747233
0.0001770304707
-0.0003775686391
-0.0003830444461
-0.0005283157816
-0.0006908933404
-0.0005745107056
-0.0001896374865
0.0007611778488
-4.04025295e-05
-0.0001294218502
-0.0004027647679
-0.0006983676689
-0.0005726799292
-0.0001725455116
0.0008645594226
0.0002300547335
6.579211893e-05
-0.0002586876449
-0.0006057251974
-0.0004118623511
-0.0001444934572
0.000668246877
0.0002660623012
7.933413096e-05
-0.0002368883213
-0.0005270719297
-0.0003363339582
-0.0002211769275
0.0005493737806
-5.551909384e-06
-0.0001970506884
-0.0003530529197
-0.0005670162917
-0.0002101281228
-5.285630461e-05
0.0008848537808
-0.000460074078
-0.0005769165052
-0.0005260932564
-0.0005155904054
0.0001350074248
0.000219488364
0.001284251165
-0.0008705132406
-0.0009132386417
-0.0004500992602
-0.0002392548319
0.001006509297
0.0003973383041
0.0009717554525
-0.001069236851
-0.000925391862
-0.0002990292738
0.0002514376204
0.001121944135
0.00108614792
0.0001264537269
-0.001016440983
-0.0007649865738
-8.04204866e-05
0.0005324541097
0.0008625924982
0.0004899195323
-0.001689613552
-0.0007439174884
-0.0004519139268
9.603848698e-05
0.0004801493981
9.155433538e-05
-0.00078931909
-0.002468611753
-0.0005245758699
-0.0002285701208
8.253030725e-05
0.0001248346408
-0.0007764335217
-0.001760340164
-0.00306029158
-0.0002423162203
-0.0001844697042
-0.0002383526394
-0.0002377227204
-0.0004194423069
-0.0003510917088
-0.0005946962947
-0.0002891593434
-0.0002575194142
-0.0003008920808
-0.0003843141358
-0.0006033252831
-0.0006892761471
-0.000809899468
-0.0002948115213
-0.0002721622932
-0.0003574288375
-0.0004275956179
-0.0005730040827
-0.0005036939122
-0.0001177617839
-0.0002352610057
-0.0002644600213
-0.0004582468963
-0.0006250134671
-0.0007812739277
-0.0005558853924
7.609784291e-05
-5.903504494e-05
-0.0001425587382
-0.000455889977
-0.0007131293317
-0.0008649884831
-0.0005310013583
0.0006296036929
0.0001542757277
3.429832605e-05
-0.0003860454856
-0.0007340061894
-0.001020926911
-0.000616931017
0.0006281036324
0.0003079261583
0.0001617555699
-0.0002562052083
-0.0005877246498
-0.0008112121722
-0.0005303637336
0.0004384780755
0.0002948319481
0.0001739002732
-0.0002056751034
-0.0003369162884
-0.0005138685019
-0.0006483438365
-0.0001719822051
7.000076289e-05
-3.080996153e-05
-0.0002648666759
-0.0003155171291
-0.0002974735461
-0.0005183153733
0.0003487886498
-0.0002558023558
-0.0002773703322
-0.0003308175604
-5.330065703e-05
6.17831711e-05
0.000231393219
0.0006904775701
-0.0006038201021
-0.0005420749531
-0.0003464049974
0.0001390235699
0.0005052195387
0.001131179862
0.0003236858484
-0.0007711778513
-0.0006302430779
-0.0001967005189
0.0005533250084
0.000856119319
0.001656761034
-0.0003988523873
-0.0007668801298
-0.0005362790417
1.004601778e-05
0.000556267082
0.0005894473101
0.0004470619357
-0.0006956146412
-0.0005723433987
-0.0002782088547
0.0001392772691
0.0004242548705
5.950426158e-05
-0.0005147497535
-0.001675302058
-0.0004610264995
-0.000204297186
5.458529193e-05
0.0001312731818
-0.0004857238765
-0.001182017213
-0.002036833027
-0.0001540131191
-0.0001469863456
-0.000261631863
-0.0003926602949
-0.0005294782856
-0.0006878282751
-0.0006919849562
-0.0001259168613
-0.000127278772
-0.0002175797387
-0.0003427130789
-0.0006039796031
-0.000415938181
-0.0006065101063
-8.493113045e-05
-9.716232885e-05
-0.000234852238
-0.0003364759695
-0.0004802136318
-0.0002654357431
4.847328552e-05
-1.910885514e-05
-7.12812912e-05
-0.0002932421383
-0.0004520459722
-0.0006213929171
-0.0003103260541
0.0001710585309
8.175807683e-05
-2.272987795e-05
-0.0003304304743
-0.0005302865583
-0.0007476724738
-0.0001660796022
0.0004572495677
0.0001900923805
6.192276962e-05
-0.0003214129676
-0.0005977858484
-0.0009248513192
-0.0003612844556
0.0003449954297
0.0002449027391
9.830624571e-05
-0.0003035275653
-0.0006054024291
-0.0009730431933
-0.0004911526892
-0.000163128238
0.0002252883339
0.0001346280497
-0.0003083011431
-0.0003021827842
-0.0008722842312
-0.0007094947835
-0.0008039914925
0.0001043134956
3.219532364e-05
-0.0002949957552
-0.0001332069883
-0.0006132102072
-0.0003259519551
-0.0004631968459
-7.873378385e-05
-5.118593702e-05
-0.0002126646183
0.0002175322398
-0.0002110066663
0.0003636981113
-1.866103287e-05
-0.0001825917407
-0.0001026228801
0.0001529203333
0.0005068965037
0.0004131913691
0.001378389181
-0.0002227771035
-0.0002412453367
4.180065334e-05
0.0003229255741
0.0005604755267
0.0006873080628
0.0008713816912
0.0006429474149
-0.0002691770361
1.129916319e-05
8.66849102e-05
0.0004108632528
0.0002460367355
9.733083918e-05
-0.000595030379
-0.0002655933357
-6.365276938e-05
0.0001439464478
0.0003333541699
6.033789955e-05
-0.000497349689
-0.001033184869
-0.0003054025758
-8.569476064e-05
8.705490346e-05
0.000141999975
-0.0002097010276
-0.0007828182339
-0.001310962257
5.314013174e-06
4.401537498e-05
-2.396977299e-05
4.550554762e-05
-6.570341068e-06
-0.0004770772169
-0.0001558890747
1.224028287e-05
2.862016431e-05
-7.650170508e-06
-8.572486303e-06
-2.4118308e-05
-1.196749034e-05
0.0001232951449
2.701292994e-05
2.119245237e-05
-5.387948296e-05
-5.92236995e-05
-4.951069529e-05
5.641528345e-05
0.0004536797415
5.524691761e-05
1.709014349e-05
-8.391377514e-05
-0.0001512427782
-0.0001650455332
7.761121177e-05
0.0005385800169
8.852038134e-05
1.437076595e-05
-0.0001481062431
-0.0002418392854
-0.000297293919
0.0001860777247
0.0004794009462
0.0001322025659
5.994315328e-05
-0.0001612512873
-0.000237171779
-0.0003427807123
8.04720342e-05
0.0001525698014
0.0001526482493
5.081405646e-05
-0.0001733223737
-0.0004129243161
-0.000598563578
-5.583915563e-05
-0.0003811525384
0.0001631628077
0.0001072876482
-0.0001734965673
-0.000141783414
-0.0006462415748
-0.0002348616695
-0.0007191773656
0.0001701273332
0.0001156378712
2.085717199e-05
-6.980159024e-05
-0.0003656876365
3.85524593e-05
-0.0001726088366
0.0001738320369
0.0002662008068
4.446330882e-05
0.0001744490364
-0.0001492302853
0.0005391037057
1.194695439e-05
0.0001331998647
0.0002148165104
-3.946811462e-05
0.0003569241906
0.0002265730821
0.0004776109136
0.001031926877
8.248872904e-05
7.831932543e-05
0.0002575419161
0.000372221923
0.0001939801239
0.0001273448166
0.0002571286214
-5.755933884e-05
-4.405539372e-06
0.0002918049869
0.0003579890043
0.0001539025588
-0.0002058926424
-0.0004418368761
-0.0001450375127
-1.129214641e-05
0.000138758548
0.0001811631923
-1.354138152e-06
-0.0004403382933
-0.0006740270898
-0.0002272203385
-0.0001176294516
4.543234977e-05
8.563895787e-05
-5.673494041e-05
-0.000489042545
-0.0007118378904
8.537282716e-06
2.001977668e-05
1.872036799e-05
3.159453176e-05
-6.568195336e-05
-0.0001928777678
-8.993654482e-05
1.659903491e-05
2.730716442e-05
2.089378659e-05
2.192903482e-05
-3.075289798e-05
-0.000106716486
-3.692952069e-05
2.987948869e-05
2.873053601e-05
2.184722387e-06
4.477664989e-07
1.026373072e-05
-4.045312103e-05
0.0001481363759
4.171039883e-05
2.933044796e-05
3.041574275e-06
-2.016258078e-05
-3.327606699e-05
-6.781264217e-06
0.0001837536567
4.544395386e-05
2.060853408e-05
-2.063449224e-05
-5.022859736e-05
-3.770679919e-05
5.840017505e-06
0.0001699159757
5.526118668e-05
3.737470276e-05
-2.701141513e-05
-2.888315367e-06
-2.437872067e-05
6.933413945e-05
7.899432283e-05
5.700240105e-05
2.642108489e-05
-2.373928786e-05
-7.424133475e-05
-9.370899768e-05
-2.034336464e-05
-0.0001820636536
5.231598214e-05
2.05805326e-05
-7.017924072e-05
-0.0001347426486
-0.000256356253
-6.143610185e-05
-0.0003053020667
2.928101536e-05
2.057300464e-05
-0.0001432402546
-0.0001352040785
-0.0002316804439
-0.0001183343784
-5.901611927e-05
1.600435736e-05
-5.367321915e-05
-6.067824153e-05
-0.0001310937831
-0.0002230430459
-0.0001184694452
-0.0001154807658
-2.765563478e-05
3.449221678e-05
-1.80667549e-05
9.165134579e-05
3.275119525e-05
-1.235751957e-05
0.0001579178224
-9.552956502e-05
-6.726740565e-05
-0.0001268607898
-6.252141108e-05
-6.010708371e-05
-0.0001302818552
-0.0002286433262
-0.0001226737394
-8.285976536e-05
-1.730789934e-05
8.283597468e-05
7.592766981e-06
-0.0001306603033
-0.0002297350555
-0.0001272799202
-7.479188911e-05
-1.674973262e-05
4.003661391e-05
-1.103967093e-06
-0.0001240703829
-0.0002538135798
-0.0001428191897
-0.0001207163814
-1.832501084e-05
4.40131171e-05
1.15698238e-05
-7.486271736e-05
-0.0001693060799
0.02014915904
0.01550824686
0.006978236244
-0.0007745167204
-0.005078970535
-0.00483558804
-0.002138206681
-0.0003646232121
-0.001772443629
-0.00502236258
-0.006055247995
-0.001603738398
0.007706118799
0.01616473083
0.01843383937
0.01691439976
0.01525787233
0.009530364209
0.002618959904
-0.001822070784
-0.002676970632
-0.001447645353
-0.0006534400923
-0.001666587614
-0.0032360102
-0.002165434995
0.003016968297
0.01007714973
0.01453976187
0.01341790511
0.009189748542
0.01038092437
0.007588098807
0.003224118934
0.0001244525235
-0.000806479657
-0.000450677562
-0.0003689792565
-0.001174458482
-0.001830249579
-0.0003911158578
0.003369142127
0.007538400385
0.00899741568
0.00548224492
0.001127968295
0.003732686487
0.003663553189
0.001944053254
0.0005186829885
2.092969688e-05
4.296983749e-05
-0.0001929472797
-0.0009297427269
-0.001448311436
-0.0007041698112
0.001210408469
0.003012421806
0.002653352823
-0.001345597928
-0.003603593661
-0.0009378597228
0.0005964551116
0.0006685713579
0.0004690829097
0.0003826944236
0.0002868367967
-0.0001186172495
-0.0008961716483
-0.001565188927
-0.001564193688
-0.0009807390358
-0.0005716532656
-0.001480907367
-0.004160900814
-0.004081605845
-0.002255208992
-0.0005190089082
0.000163853582
0.0004587630349
0.0005539158451
0.0004499115467
4.833916176e-05
-0.0006668628411
-0.00138791839
-0.001764020054
-0.001807571679
-0.001907076251
-0.00247560315
-0.003257611685
-0.002012418079
-0.001413791511
-0.0003571260113
0.0001355760206
0.0003879705439
0.0005178862615
0.0005047143968
0.0002941539348
-0.0001686925136
-0.0007181391034
-0.001130576967
-0.00137088462
-0.001576320259
-0.001744435789
-0.001250778793
-0.0005604289547
-0.0008341311876
-0.0004146202434
-0.0001944651287
-5.993980637e-05
0.0001412649377
0.0003634444625
0.0005170256311
0.0004461975787
0.0001809536952
-0.0001691409358
-0.0005682220172
-0.001083535841
-0.001611741051
-0.001403253552
-0.001737269049
-0.00178474677
-0.001315024345
-0.001091399212
-0.0009684145892
-0.0006132557164
-4.998209332e-05
0.0005352873667
0.0008771026814
0.0008884936938
0.0005858689848
-7.84971028e-05
-0.001301026145
-0.003155251418
-0.005038236336
-0.004456600337
-0.003024548865
-0.001965107424
-0.001789677974
-0.001846001757
-0.001445809005
-0.0005991853063
0.0003404045438
0.0009941079581
0.001233026477
0.001052406904
0.0003034574784
-0.001479508808
-0.00478916556
-0.009560127933
-0.005314651073
-0.001815435299
-0.0006741891694
-0.001281904894
-0.002080633846
-0.001986619675
-0.001089725461
-1.369805619e-05
0.0007537845643
0.001169436406
0.001414197037
0.001382674573
0.0003140099496
-0.002956891917
-0.009434981757
-0.0004588228314
0.003501664972
0.003153757807
0.0006553721376
-0.001521999702
-0.002104171332
-0.001419589025
-0.000479468798
9.448176166e-05
0.00054135664
0.001597630687
0.003532120099
0.005323646077
0.00484707939
-0.0003754318984
0.009520296688
0.01103577836
0.00770292156
0.002755900428
-0.000915460649
-0.002140177034
-0.001682474977
-0.001110526337
-0.001183446271
-0.001123352357
0.0008603066283
0.00581214659
0.01238427666
0.01705347567
0.01617682526
0.01852340444
0.01589509973
0.009569785712
0.002788724567
-0.001496912335
-0.002520796818
-0.001862296139
-0.001805531784
-0.003194094099
-0.004386807947
-0.002067920486
0.005967420196
0.01782042125
0.02775930089
0.03129176616
0.02105519663
0.01469901219
0.006005205893
-0.001022339536
-0.003886863831
-0.003076464361
-0.001385190974
-0.001892472104
-0.005395788382
-0.009281256471
-0.0083412062
0.001338067953
0.01774929193
0.03190191554
0.03598527567
0.01875339155
0.0135802593
0.005681890314
-0.001737393109
-0.005722079781
-0.005256971311
-0.002742826681
-0.001076328632
-0.002131135758
-0.004618143075
-0.005214143206
-0.0009623567663
0.007183943231
0.01418932874
0.01610112591
0.01517206363
0.01323431097
0.007794229078
0.001512639649
-0.002390073796
-0.002861667396
-0.001573413703
-0.0008216713519
-0.001751888093
-0.003028917526
-0.002237772196
0.002033255949
0.007947594788
0.01204038722
0.01161076717
0.0077263224
0.00845115637
0.005478002591
0.001711031977
-0.0007740899582
-0.001191055797
-0.0006221524975
-0.0004597718576
-0.00129237166
-0.002178213203
-0.00144126634
0.00145859544
0.005195631332
0.006992429522
0.004606924648
0.0002327714781
0.002495524337
0.002226838924
0.0008193885612
-0.0002086203305
-0.0002844977318
-5.012464622e-05
-0.0002726359336
-0.001205595625
-0.002151792478
-0.002024344884
-0.0005167858732
0.001415966117
0.001751718933
-0.0012898481
-0.004390219966
-0.001608663306
-0.0002957566376
-7.51541756e-05
-6.558420151e-06
0.000184580875
0.0002378582544
-0.0001986245553
-0.001200747616
-0.002221147258
-0.002516807522
-0.001914973389
-0.001088815498
-0.001325842118
-0.003416234844
-0.004790135619
-0.002513990446
-0.0008941783829
-0.0001002132041
0.0003069238356
0.0005415531134
0.0004819834135
2.307698715e-05
-0.000838769525
-0.001713063974
-0.002110329978
-0.001905279793
-0.001544598677
-0.001658329654
-0.002207205771
-0.002817260062
-0.001528505031
-0.000487485336
0.000106718314
0.0004319217871
0.0006095866084
0.0005915980249
0.0003303049165
-0.0001997000442
-0.0007518503469
-0.001040155862
-0.0009874803192
-0.0008305675364
-0.0007397846645
-0.0003424106855
-0.001310589344
-0.0008865853434
-0.0004450140066
-0.0001654169907
-1.012132086e-06
0.0002580047532
0.0004961442136
0.0006274855389
0.0005211483763
0.0002922000322
7.330644723e-05
-9.782250621e-05
-0.0003613847179
-0.0006919649313
-0.000721978677
-0.002216534096
-0.001769974626
-0.00144813136
-0.001287086751
-0.001117343152
-0.0005969725517
8.377266882e-05
0.0006983514927
0.0009940870105
0.0009856716882
0.000720181472
0.0001674024981
-0.0008686395473
-0.002430071659
-0.00423511035
-0.00435771174
-0.003046697699
-0.002503245609
-0.002495995908
-0.002345228163
-0.001559620576
-0.000441504894
0.0005845443321
0.001147186358
0.001238939592
0.0009100088825
8.446144058e-05
-0.001604341406
-0.004446253798
-0.008456452674
-0.004530027464
-0.002223610028
-0.001973990731
-0.002652753696
-0.002906166326
-0.002139765349
-0.0008254084067
0.0003568088366
0.0009544385024
0.001045346545
0.0008710009354
0.0004495272346
-0.0007686552726
-0.00354202086
-0.008524353252
1.315736493e-05
0.00204856735
0.0008957306997
-0.001222391671
-0.002412574348
-0.002078008422
-0.0009120367615
8.907930159e-05
0.0003811588082
0.0003091582514
0.0006164057546
0.001703270075
0.002853373293
0.002498851771
-0.001008966333
0.008297016635
0.008198870054
0.004834429144
0.0008805579659
-0.001487682525
-0.001731169873
-0.0008460552611
-0.0002878576919
-0.0007185737701
-0.00131294338
-0.0003856587848
0.003170118045
0.008353696914
0.01227721802
0.01224419311
0.01524191407
0.01238117205
0.006915053293
0.001544033438
-0.001462306537
-0.001697780488
-0.000765838525
-0.0007554577505
-0.002430708659
-0.00419800042
-0.003035419752
0.003097140192
0.01263176605
0.0209122164
0.02391912125
0.01702449406
0.0117569068
0.004518706544
-0.001125605567
-0.003057020249
-0.001918388453
-0.0002666252964
-0.0008491982708
-0.004421127353
-0.008318959637
-0.007970105936
-0.0002341705183
0.01280533383
0.02404902073
0.02734148682
0.01304290947
0.009027147671
0.003062823353
-0.002760670971
-0.00577220649
-0.005188058211
-0.002565077324
-0.0009881768742
-0.00162975813
-0.00361587779
-0.004194562041
-0.001342735926
0.004523662368
0.0099048345
0.01172354593
0.0100222157
0.008484105099
0.003908108548
-0.0006731718045
-0.003291109797
-0.002813263057
-0.001193868128
-0.0003454616482
-0.001135212918
-0.0025542337
-0.002429359454
0.0002531769375
0.004614219246
0.008043551154
0.008283799064
0.004043641362
0.004419597236
0.00196099833
-0.0007921347401
-0.002150919819
-0.001657682891
-0.0005907270484
-0.0001789232272
-0.001047818836
-0.002262335192
-0.00229580242
-0.0004651768842
0.00241795303
0.004383558998
0.002967609174
-0.002122351933
-0.0002187907989
-0.0006036116714
-0.001056746689
-0.001293922104
-0.000720557588
-6.397137767e-05
-9.3482685e-05
-0.001063805805
-0.002350589076
-0.002771835437
-0.001744050382
-7.490618609e-06
0.0008788557547
-0.001108461746
-0.005730546099
-0.002985144483
-0.001943534939
-0.001253867538
-0.0008595659269
-0.0001293330045
0.0001664444306
-0.0001646010129
-0.001237471202
-0.002434971466
-0.002931643904
-0.002379166925
-0.001358255004
-0.001037098256
-0.002411354412
-0.00539322738
-0.002844565327
-0.001582393965
-0.0005918532051
1.595111697e-05
0.0004408312655
0.000460835901
2.138367813e-05
-0.0008777255914
-0.001777107284
-0.002135281267
-0.00175848882
-0.0011046523
-0.0008667712079
-0.001169555735
-0.003133843671
-0.001405921927
-0.000547256495
0.0001587546284
0.0004244697556
0.000644460369
0.0005688701037
0.0002609154007
-0.0002970147387
-0.0007774148345
-0.0008953227115
-0.0005765278824
-0.0001271846891
0.0001638327528
0.0004827056233
-0.001416220489
-0.0005038337806
-0.0001621657241
8.641153604e-05
0.000151396177
0.0003760799486
0.000501570298
0.0005441782648
0.0003953887913
0.0002513930128
0.0002280248787
0.0003572718029
0.0004173710901
0.0003499874365
0.0003185405015
-0.001782678402
-0.001289310097
-0.00114836767
-0.00106419084
-0.0009776394927
-0.000450844982
0.0001343528127
0.0006470308294
0.0008581319077
0.0008687126797
0.0007306945707
0.0004501896759
-0.0001522557745
-0.001136908119
-0.002335366185
-0.003342254597
-0.002647842887
-0.002574644942
-0.002603913106
-0.002354739793
-0.001411056185
-0.0002917428092
0.0006509564742
0.001067273594
0.001029911486
0.0006191876912
-0.0001101466652
-0.0013477643
-0.003232108634
-0.005754945595
-0.003878717926
-0.002699943807
-0.002909918471
-0.00332970156
-0.003138766743
-0.00197222061
-0.00052451683
0.0006115979669
0.0009982376576
0.0007459134559
0.0001139746727
-0.0006686033319
-0.001767073236
-0.003534320248
-0.006409989357
-0.0008915493234
-7.959757373e-05
-0.001209707244
-0.002520777689
-0.002803269336
-0.001814399183
-0.0003934260785
0.0006150431636
0.0006737974907
5.622906549e-05
-0.0005823198796
-0.0006101264022
-0.0002033951487
-0.0001889802743
-0.001840647452
0.004988420412
0.004326559166
0.001836285443
-0.000712637198
-0.001805881077
-0.001270515218
-8.49425815e-05
0.0005498509403
-1.899907685e-05
-0.00119931123
-0.001623769857
-0.0001044361677
0.003024880996
0.005962163495
0.006538900318
0.01001743409
0.007738379133
0.003819446129
0.0002634886186
-0.001399920845
-0.0009698750438
0.0001912373728
0.0003860605693
-0.001123129581
-0.003168888778
-0.003419637661
-8.337646829e-05
0.005992356556
0.01168043702
0.01396016514
0.01147153831
0.007740228013
0.002648283924
-0.001162118043
-0.002213604192
-0.0009271928693
0.0006764573982
0.0004033289023
-0.002423547784
-0.005816349458
-0.00639756432
-0.00184409298
0.006453504654
0.01379837328
0.01609060123
0.008066328334
0.005904397532
0.002071410115
-0.001445379577
-0.003030544596
-0.002506627835
-0.001069433642
-0.0002243407128
-0.001143194221
-0.00287430614
-0.003569292665
-0.002015203008
0.001429510645
0.005090692429
0.006376609495
0.006103438075
0.005142812033
0.002293370147
-0.0004120125657
-0.001755041618
-0.001538822057
-0.0002409614667
0.0003328755088
-0.0003604620146
-0.001797370797
-0.002302168347
-0.001048256805
0.001588936421
0.003914920665
0.004346623118
0.002272782688
0.002685380261
0.001077186161
-0.0004605921305
-0.001364964299
-0.0008022098829
5.786754769e-05
0.0002475530736
-0.0005707295526
-0.001872987702
-0.002510556454
-0.00171799853
0.0001195980891
0.001829842939
0.000979942249
-0.001298071528
5.140740091e-05
-0.0004911180283
-0.0009219118052
-0.001065354217
-0.00020163089
0.0004566038958
0.0003844279205
-0.0006084665963
-0.001963579143
-0.002740772628
-0.002293391001
-0.001076452072
-4.375368368e-05
-0.001199760239
-0.003070772809
-0.001358621721
-0.001208348112
-0.0008861755141
-0.0004431733077
0.0002636825216
0.0005781590808
0.0002742733021
-0.0007658470718
-0.002068131733
-0.002739795703
-0.00239045476
-0.001551200893
-0.0009569785131
-0.001799634885
-0.003195758847
-0.001691530886
-0.0009926670198
-0.0001829358143
0.0002658641024
0.0008293376907
0.0008353991263
0.0003777407863
-0.0005676104534
-0.001489546256
-0.001932997043
-0.001577408611
-0.000930417415
-0.0005365883769
-0.0007508746754
-0.001895309611
-0.0005831995604
-4.352803672e-06
0.0006608240442
0.0009015853014
0.001103609586
0.0009018779389
0.0004661600999
-0.0002001048531
-0.0007076191967
-0.0008318943534
-0.0004498847217
4.902011263e-05
0.0003809463096
0.0005495663279
-0.0004841805328
0.0002740336317
0.0003853763339
0.000723641346
0.0007556189557
0.0008840825517
0.0007860903756
0.0005980505822
0.0002954725577
0.0001237322965
0.00015754751
0.000400926719
0.0006295026734
0.0007386043055
0.00078945613
-0.001107368435
-0.0003790127536
-0.0005655837513
-0.0003191022894
-0.0002759163717
0.00011038363
0.0003916908656
0.0006268369087
0.0006610205685
0.0006386356806
0.0005668271828
0.0004930030571
0.0002407841047
-0.0002288960271
-0.0008367415198
-0.002827169961
-0.001837056764
-0.00206717445
-0.001925179577
-0.001669662933
-0.0008568317095
-3.00866826e-05
0.0006442103399
0.0008857505186
0.0007926955758
0.000416559643
-0.0001345598765
-0.0009095530154
-0.001881022876
-0.003103867073
-0.003459269945
-0.002513315795
-0.002924182301
-0.003000450088
-0.002664928551
-0.001496208886
-0.0002540601867
0.0006803268487
0.0009215801819
0.0005652686733
-0.000205979509
-0.001043950815
-0.001881613371
-0.002750596798
-0.003979589084
-0.001651229374
-0.001188867437
-0.002182038819
-0.002773202112
-0.00264067167
-0.001495128342
-0.0001449583063
0.0007809188247
0.0007875846045
3.959812148e-05
-0.0009851973978
-0.001622030489
-0.001719549432
-0.001521610229
-0.001959901707
0.002107793068
0.001657694816
-0.0001255076208
-0.001505547371
-0.001897045879
-0.001064861792
0.0001414183372
0.0008394576153
0.000423268456
-0.0007837269251
-0.001842742245
-0.00171660587
-0.0002942742365
0.001526216726
0.002192023099
0.005714590235
0.004167412506
0.001555336352
-0.0005725143414
-0.001416734218
-0.0007404293922
0.0004139709535
0.0008449326061
-0.0001402202329
-0.00185081671
-0.002802322079
-0.00160169161
0.001430968972
0.004586861086
0.006014552499
0.007050827457
0.004618088854
0.001303673639
-0.001221310597
-0.001816643948
-0.0007166104633
0.0007072229807
0.0008874461807
-0.0007929051747
-0.00317221536
-0.004121228159
-0.002177322489
0.001952989683
0.005889797176
0.007157564701
0.002223059543
0.001876060159
0.001101940257
0.000495616243
-8.806893355e-05
0.0003345660666
0.0009456660384
0.001105708679
0.0004475393351
-0.001003401463
-0.001927672659
-0.002031947729
-0.0004871758631
0.001276025946
0.002396280878
0.002276028368
0.002160916963
0.001332685929
0.0002816889955
-0.000220436242
-0.0003476654183
0.001009198967
0.0008188742088
0.0004801057843
-0.0007867152887
-0.0015642881
-0.001266638845
-0.0006202718052
0.0006775989803
0.001401115943
0.001615524546
0.001213566691
0.0006428752387
-0.0001056837262
-0.0003591309069
0.0001589758044
0.001094260945
0.0009075333262
0.0004929626952
-0.0008880483689
-0.001763070127
-0.001882408962
-0.0008402677536
-0.0001985113527
0.0002452921214
0.0004898212953
0.0001130802366
-6.748269681e-05
-0.000657247749
-0.0005661133184
0.0005682684498
0.0009562876001
0.000930216344
0.0003141542418
-0.001001303108
-0.001896500161
-0.002030861634
-0.001295476154
-0.0008530681173
-0.0006876097279
-0.0002638245513
-0.0007084929413
-0.0003063540148
-0.0006825436788
0.0003162411362
0.0009111958332
0.0009159269415
0.0008938884059
2.674748777e-05
-0.001110669813
-0.00180669469
-0.001889163598
-0.001221989943
-0.0009221378748
-0.0007679673272
0.0002262236086
-0.0002843708436
0.0001768777077
0.0004000287483
0.00104804216
0.0009538133708
0.001238531813
0.0007555474389
-8.069497529e-05
-0.0009491821823
-0.001306399543
-0.00123078906
-0.0007629374775
-0.0005204170882
-0.0003166461769
0.001207292953
0.0005842313685
0.001336340708
0.001260332846
0.001239484196
0.001490124306
0.001198304808
0.0006421575266
-4.836503802e-05
-0.0005582260427
-0.0006305871275
-0.0004040971528
1.566485745e-05
0.0002688869103
0.0004920414348
0.001760843849
0.001370661112
0.001434790557
0.001154353833
0.00139675078
0.001265344569
0.0009659986062
0.0005315949331
0.0001352439686
-6.723946931e-05
2.444370091e-05
0.0002692995022
0.0005613931054
0.000674869287
0.0008089800266
0.0006317994292
0.0001111122718
0.0005107545923
0.0004259211311
0.0005113212228
0.0005346517355
0.0004927308806
0.0004289985712
0.0003463651959
0.0003247954888
0.0003921226315
0.0004193847284
0.0003831943708
0.000236849016
7.292779811e-05
-0.0008159869259
-0.001073130096
-0.0009283138977
-0.001024435281
-0.0008189966801
-0.000423698691
3.469485719e-05
0.0004014209268
0.000557102832
0.0005285888936
0.000329402156
-7.280415719e-06
-0.0004244275114
-0.0008169950468
-0.001158596233
-0.001832563327
-0.001883022991
-0.002082460147
-0.002245099826
-0.001914555755
-0.001141689171
-0.000253548715
0.0004348248099
0.0006762931717
0.0004606768917
-0.0001015400073
-0.0008046725808
-0.001415826868
-0.001703594184
-0.001958340938
-0.00150406862
-0.001389427903
-0.002087995761
-0.002487820022
-0.002220481068
-0.001314413073
-0.0002440598999
0.0005561287829
0.0006904319392
0.0001665640438
-0.0007492005867
-0.001561257083
-0.001870537782
-0.001693924557
-0.001613934014
0.0005937434121
0.0003306055521
-0.0008971526608
-0.001735572601
-0.001863603457
-0.001137281382
-0.0001140404821
0.0006049043927
0.0005232657377
-0.0003231045732
-0.001343446141
-0.001868025858
-0.001535891723
-0.0008209631419
-0.000287583742
0.003055995598
0.002073935805
0.0003892116971
-0.000921289284
-0.001433526188
-0.0009042890272
4.113309837e-05
0.0006352908164
0.0002940621612
-0.000776203233
-0.001720556688
-0.00181775084
-0.0009080737384
0.000269165342
0.0009870793415
0.004043864368
0.002658671121
0.0004949168472
-0.001138530233
-0.001605562055
-0.000925114409
0.0001712764525
0.0006667103621
7.536183378e-05
-0.001165006847
-0.002031778958
-0.001741720645
-0.0004655748104
0.0009286330079
0.001437086594
-0.003026571328
-0.002236667684
-0.0006621719675
0.0006239977798
0.001199403393
0.001592003597
0.001384721347
0.001573441946
0.0006000552722
-0.0001597255953
-0.000854408885
-0.0009604333638
-0.0006668343712
-0.0001816855273
0.0003400062677
-0.002239028931
-0.001794206902
-0.0005414015185
0.0004675203256
0.001002714365
0.001291326224
0.001599979692
0.0009802312959
0.000836761702
5.50728841e-05
-0.0004971887014
-0.0009573912416
-0.0006606486716
-0.0004694025738
0.0002071280152
-0.0006891861339
-0.0007163090759
0.0001993642481
0.0008585923157
0.001045648055
0.001070547787
0.00230817275
0.000934090836
0.001131747138
0.0002393059135
-0.0004816152327
-0.00078185108
-0.0001848666931
-0.000201070388
0.0004799625668
0.0005884374208
0.0003612899888
0.0008700034631
0.001089338043
0.001121818506
0.001848317217
0.001629842832
0.001204008324
0.001060247444
0.0001230589647
-0.0005613973398
-0.0009709501421
-0.0003327804276
8.778776445e-06
0.0007971613155
0.001539640718
0.0009213838756
0.000752397217
0.0007233260167
0.0007497629503
0.002062425872
0.001617927757
0.001401436237
0.0008660580969
-8.753851604e-05
-0.0006979227786
-0.0009170641379
-0.0003915780747
-0.0002786106699
0.0009769835024
0.002088582926
0.001345762824
0.001063640948
0.001102435831
0.00219662794
0.002212414012
0.001752241314
0.001339624942
0.0005433596176
-0.0002975188194
-0.0007125232855
-0.0008078595451
-0.0003576436938
-0.0001860350979
0.0005175965396
0.002660220241
0.001892421927
0.002185957935
0.0025227642
0.002280932437
0.002097286096
0.001712054982
0.001029278269
0.0002438924805
-0.0003463841505
-0.0005446728561
-0.0004646383983
-9.634485723e-05
4.405763705e-05
0.0005435940624
0.002795298763
0.002507435041
0.002339234177
0.002028039457
0.002070504446
0.001870740134
0.00131257988
0.0006711606437
8.765022722e-05
-0.0002193403058
-0.0002167945047
-4.203632152e-05
0.0002303043648
0.0003244984444
0.0006171516925
0.0008625764246
0.0007750343898
0.00119682424
0.001375283931
0.001353196086
0.001095376523
0.0007191030642
0.0003439573389
8.993032131e-05
2.883344007e-05
0.0001293026896
0.0002520698671
0.0003677035736
0.0003466663321
0.0004906574004
-0.0003678258479
8.988870325e-05
0.0001964851939
0.0001330781628
0.000134266126
0.0001188362429
0.0001240873103
0.0001621333603
0.0002158627635
0.0002909291532
0.0003192665507
0.0002219509536
0.0001043392771
-6.891967851e-05
0.0001049556649
-0.000904714349
-0.0007708892117
-0.0009071407817
-0.001059901968
-0.0009706694628
-0.0006946831983
-0.0002803171415
0.0001056765801
0.0003657506335
0.0004262931982
0.0002439410352
-0.0001665311994
-0.0005296585892
-0.0007283278262
-0.0003551577439
-0.0005981567527
-0.0007230598755
-0.001221695081
-0.001519768558
-0.00147091654
-0.001047988278
-0.0004251498906
0.000154933195
0.0004497185119
0.0003493700498
-0.0001378250019
-0.000849924558
-0.001301176802
-0.001503958066
-0.000968250914
0.0003089957983
8.751735395e-05
-0.0007960927424
-0.001299050236
-0.00148507523
-0.001114561918
-0.0004733441974
0.0001331611782
0.0003659561766
9.089386741e-05
-0.0005917858687
-0.001354072028
-0.00168942385
-0.001913930747
-0.001490565826
0.001194938363
0.0008014485147
-0.0001198360544
-0.0008139666551
-0.001221582891
-0.001007110684
-0.0004183469594
0.0001469045939
0.0002846832297
-0.0001081543878
-0.000820594729
-0.001516641069
-0.001959458576
-0.002071874323
-0.001937113066
0.001917178744
0.001168312324
-0.0001125364474
-0.0009823829925
-0.001417264227
-0.001155583227
-0.0004815389639
0.0001028216233
0.0002557131046
-3.081469878e-05
-0.000535401305
-0.001164904223
-0.001589735836
-0.001946354542
-0.001954025301
-0.005771898596
-0.003785376782
-0.0005891214244
0.002101024378
0.003186890771
0.002702864018
0.001099779348
0.0005081036261
-0.0007534070589
0.0006196236289
0.0008331447728
0.00103821957
8.188113735e-05
-0.0003498166717
-0.0008469219099
-0.003810616928
-0.002430872251
0.0003608121875
0.002744027386
0.003816069121
0.003288968783
0.00105094818
-2.281172584e-05
-0.0001826045669
0.0005132499027
0.0009986220608
0.0006011080716
0.0008036917814
0.00045330113
0.0001080192338
-0.0006086437122
0.0004188690753
0.002238484135
0.003285729581
0.003347055064
0.002688831096
0.001350659011
-0.0007762191416
0.000426371548
0.00074520012
0.001034845753
0.001143594766
0.001099819713
0.001846879266
0.00118108606
0.002301346583
0.003137210666
0.003413774058
0.003175147904
0.004019239536
0.00242485294
0.0005689827002
-9.657611404e-05
0.0006627021894
0.0008054140723
0.0007269784518
0.0008389703705
0.0009830441559
0.001904710107
0.001641936885
0.003860474172
0.004385745997
0.003861078415
0.003978709972
0.003230514614
0.001886085545
0.0002888336981
0.0006111536156
0.0007215318553
0.0005012455333
0.0003099108087
0.0002839086368
0.0003817415543
0.0008014228281
0.0006956687609
0.003639638146
0.00417412901
0.004097921081
0.003560065784
0.002214636033
0.001516095722
0.0007700612397
0.0008387714576
0.0004138090468
9.604077577e-05
-0.0001428835583
-0.0002314876576
-0.0001651031913
-3.23146318e-05
-0.0001120615397
0.003071552593
0.003175747634
0.00306359092
0.002506049582
0.001514535315
0.001373983739
0.001042402398
0.0005529451328
0.0001028923811
-0.0002529788319
-0.0004162590672
-0.0004447430007
-0.0002932659128
-0.0002721418611
-0.0001321546102
0.0007107804689
0.001677841976
0.001413786268
0.0009498226281
0.001081593153
0.001274388422
0.0006640645446
0.0002021112681
-0.0002104993723
-0.0004104515653
-0.0003887928338
-0.0003082141049
-6.881246072e-05
-5.277131831e-05
0.0001110430973
-0.0007556179872
-0.0004661226124
0.0001786195889
0.0008822772788
0.00100839659
0.000710626219
0.0001751946428
-0.0001690126826
-0.0003476648632
-0.0003096219226
-7.924056212e-05
0.0001121413818
0.0003749613389
0.000338246856
0.0005993654953
-0.0003184712489
0.000131975445
0.0003842725984
0.0005059520365
0.0003271137539
3.505276613e-05
-0.0003096399177
-0.0003903728439
-0.0002965576239
6.592728611e-06
0.0003533688597
0.0005771652747
0.0006661816743
0.0005293398512
0.0008572480064
-0.0002234254638
-0.0002310973368
-9.831768052e-05
-0.000150811419
-0.0002886162941
-0.0004890802303
-0.0005919810533
-0.0004337254017
-8.212487214e-05
0.0003690433089
0.0007178126622
0.00072149022
0.0005542502454
0.0002168559275
0.000851489668
-0.0004599054785
-0.0004408778354
-0.0004764419325
-0.0005419168704
-0.0006633357412
-0.0007362646588
-0.000654496635
-0.0003342404299
0.0001183240042
0.0005760814074
0.0007026159047
0.0003715795425
-9.183478855e-05
-0.0006268948704
-0.0002989910702
-0.0006968984592
-0.0004876597705
-0.0005898213501
-0.0005970548817
-0.0007707011505
-0.0008143778783
-0.0006466037045
-0.0002548099393
0.0002331340771
0.0005552682385
0.0004443106028
-0.0002129896083
-0.001002238436
-0.001918309707
-0.002058650345
-0.0005413624808
-0.0005787236921
-0.0006621846668
-0.0006863252261
-0.0007963694418
-0.0008115274806
-0.0006365009911
-0.0002375653091
0.0002100087471
0.0004529109265
0.000124514998
-0.0006812633051
-0.001927445256
-0.003040311435
-0.003358049589
-0.0003019614347
-0.0003467105282
-0.0005008107236
-0.0005738139438
-0.0008123122081
-0.0008677840988
-0.0006565660083
-0.0002594054389
0.0003053636635
0.000647377969
0.0004947427105
-0.0004425796076
-0.001920182688
-0.003301541197
-0.003745782707
-0.008970234525
-0.00681719868
-0.003086509606
0.0002933080175
0.002449429678
0.001756073912
0.0004739959918
-0.0008544614472
-0.0005085628649
0.0002271135905
0.001204734707
0.001181425309
0.0001798076213
-0.0004796350928
-0.001698867925
-0.006993539035
-0.005854249362
-0.002459846437
0.0001920824652
0.001150430268
0.001032961994
-0.0009875842652
-0.0008719007012
-0.000334882249
0.0005361465364
0.001229846385
0.002220431075
0.001490498906
0.0009929505939
-0.0008254296991
-0.003232411608
-0.002623754371
-0.000960683471
0.001047326297
0.0005812147377
-0.0003317557144
-0.001895068475
-0.001426723096
-0.0001735457718
0.0005261729559
0.0008615263778
0.001778047919
0.001543972252
0.001666619288
-0.0002256863709
0.0006063525708
0.000150847268
0.001139894796
0.0007594610872
0.0009372926268
-0.001357464616
-0.002136591181
-0.001288457366
-0.0001968252431
0.0002997294089
0.000517127342
0.001016172773
0.0004950637858
0.0007248830329
-0.000589300803
0.00267906652
0.001658297344
0.000399386667
0.000821485332
0.0002205173671
-0.001829207646
-0.002037110823
-0.001063999462
-0.0003822067623
-0.0002470231325
-0.0001024048456
0.0001776925924
-0.000333215905
-0.000290290255
-0.001244015594
0.002190480101
0.001311946916
3.245663552e-05
-0.0003751987194
-0.001025812313
-0.00227062944
-0.00152668883
-0.0007596951793
-0.0005493376433
-0.0006614555302
-0.0006890152056
-0.0006032283304
-0.0009552866566
-0.0007809768487
-0.001851384598
0.001106532306
-0.0004458646764
-0.001847408099
-0.001739799178
-0.002023073791
-0.001590933845
-0.0009198503885
-0.0006674662558
-0.0007702517399
-0.0009981707716
-0.001141494692
-0.001086030814
-0.001259283126
-0.00106286402
-0.001812070409
-0.001217082173
-0.001907513266
-0.002308334083
-0.001762454599
-0.001290770378
-0.0008757511229
-0.0007210446992
-0.0007465343171
-0.0009572927099
-0.001149512832
-0.00121246048
-0.00107356367
-0.001002913848
-0.0007671050195
-0.001045317319
-0.00124999992
-0.001491101353
-0.001192902055
-0.0006222090286
-0.0005318709544
-0.0005684940795
-0.000751895004
-0.0009585063018
-0.00109744161
-0.001045119102
-0.000897763635
-0.0004811831027
-0.0001363831794
0.0001190548602
0.0001478618713
-0.0008577530594
-0.0002907475044
-0.0001802222449
4.945429702e-05
-0.0002323469744
-0.0005611126893
-0.0009938168926
-0.001193839176
-0.001117560661
-0.000717748231
-5.944508018e-05
0.000590273961
0.0008917041109
0.0008713523901
0.0008973373351
-0.000283668996
0.0001009340392
0.0003422339857
0.0004216197468
4.292513852e-05
-0.0005102584753
-0.001066582516
-0.001193868832
-0.0008899404354
-7.119536098e-05
0.0008961844354
0.001432539461
0.001449779087
0.0009845024397
0.0009722733233
-0.0004847477248
-7.393127206e-06
0.000290715827
0.0005198040404
0.0001371594886
-0.0004755118485
-0.001048815035
-0.001070423876
-0.0005164876706
0.0004962104761
0.001332704875
0.001555495588
0.0009570176081
0.0004306631206
0.0001787681913
-0.0009529286115
-0.0002599635851
0.0001911047722
0.0005130375039
0.0002375108973
-0.0003059109671
-0.0008081523478
-0.0007436546639
-0.0001512041745
0.0007409486688
0.001225268196
0.0008101434296
-0.0001724308697
-0.001457510113
-0.001978743587
-0.0016270617
-0.001004286499
-0.0001067390887
0.0004611000077
0.0003012287644
-0.0002329640074
-0.0006235008934
-0.0005201195166
9.586375477e-06
0.0007098413551
0.0008100802383
0.0001647512117
-0.001383971382
-0.003175787307
-0.003811191894
-0.00224782471
-0.001343899686
-0.0003308825256
0.0002835253887
0.0004182308559
-4.311892876e-05
-0.0004049971799
-0.0002304966356
0.0001334095697
0.0007365111867
0.0008894295335
-0.0002011376077
-0.00202293451
-0.003874653793
-0.004540850285
-0.01049321411
-0.008575225426
-0.005001017284
-0.001857380158
-0.0003878076513
-0.0006699582822
-0.001306811132
-0.001572731024
-0.001304242043
-8.96263827e-05
0.0007816470774
0.0008741927625
-0.0002253409867
-0.001459512143
-0.001951879483
-0.008815279366
-0.007659202037
-0.004681812688
-0.002061459177
-0.001870804023
-0.00180887113
-0.003060837027
-0.002750917309
-0.001975866683
-0.0004208109688
0.0002194869246
0.0004913168066
-0.0003444257066
-0.001355501419
-0.001648234949
-0.005207550463
-0.004741233184
-0.002902853903
-0.002469523045
-0.001878836345
-0.003171958574
-0.004243909589
-0.00362054444
-0.002217894914
-0.0007689860477
5.891940732e-05
2.226549101e-06
-0.0006887408813
-0.001408811813
-0.001677684319
-0.001817852865
-0.00221116299
-0.001421828798
-0.001556339187
-0.00286688938
-0.005311854023
-0.005710906859
-0.003951691373
-0.002454313177
-0.001103367649
-0.0002590596002
-0.0004232129978
-0.001180660686
-0.00184613474
-0.002573579554
-0.0002146017822
-0.001156021256
-0.001429106607
-0.002652279565
-0.004325013697
-0.00663542319
-0.005031287318
-0.003480300943
-0.002150232898
-0.001111758913
-0.0007710651252
-0.000799655331
-0.00145591388
-0.001805086377
-0.002980166328
-0.0005922033794
-0.001513710994
-0.002379220448
-0.004391151278
-0.006515245869
-0.005923959064
-0.004045278226
-0.002681398479
-0.001788552646
-0.001278507299
-0.001388348298
-0.001470197962
-0.001983283784
-0.001771496022
-0.002890774682
-0.001583329468
-0.002811963363
-0.003726279723
-0.00586715334
-0.005830716851
-0.004372274593
-0.002935825596
-0.001919058312
-0.001486628803
-0.001456932615
-0.001887677195
-0.002008214625
-0.002370275029
-0.00183070075
-0.002837928532
-0.001985901748
-0.002990594067
-0.003667480233
-0.004679656196
-0.003953460371
-0.003042644976
-0.002131742364
-0.001504705698
-0.001420978482
-0.001593800573
-0.002018841647
-0.001955859497
-0.002107155983
-0.00142497732
-0.002331394073
-0.0009075604579
-0.001662020781
-0.002327166128
-0.002510538651
-0.002396193939
-0.002064642705
-0.001712318701
-0.001498627468
-0.001538383788
-0.001545557856
-0.001487785252
-0.00101595259
-0.0009347554385
-0.0003111077967
-0.0009996005625
-9.330040353e-05
-0.0001811057515
-0.0004815781191
-0.0007137855981
-0.001032889394
-0.001315802754
-0.001594300755
-0.001708912211
-0.001650712375
-0.001167837957
-0.0005540853239
0.0002636954657
0.0004977198565
0.0008437711131
0.0001694234886
0.0005779414676
0.0008018303102
0.0007493707281
0.0006072253711
6.09557926e-05
-0.0007684336313
-0.001529452678
-0.001848076053
-0.001530785819
-0.0005543287152
0.0005236312209
0.00149303037
0.001465602075
0.0009610888311
-3.163405883e-05
-5.157320112e-05
0.0005881037207
0.001148921768
0.001371382856
0.0007415424563
-0.0003298413537
-0.001353566527
-0.001700137552
-0.001154798283
0.0001389175594
0.001351067292
0.001952198318
0.001209365971
0.0002689836255
-0.0009098739745
-0.001252184285
-5.920467621e-05
0.001091000774
0.001475318483
0.001094868951
0.0001100760036
-0.000925125673
-0.001269106624
-0.000611592882
0.000647152631
0.00143216743
0.001294564478
0.0002638430736
-0.001262503735
-0.002428595659
-0.002762022242
-0.00146163618
0.0004391853786
0.0012929563
0.001157091033
0.0003455977354
-0.0005914110849
-0.0008804080452
-0.0002160545618
0.0006470713727
0.0008779501771
0.0003470880217
-0.001223494158
-0.00311420318
-0.004082581995
-0.003577909313
-0.002145896548
-0.0002583115231
0.001035464297
0.001333578233
0.0007352826719
-0.0001826273953
-0.0006166754477
-0.0001251565903
0.0005385732001
0.0004004581832
-0.0004396482475
-0.002289525163
-0.004054790748
-0.004892888711
-0.01050199027
-0.008876982567
-0.005389801328
-0.002236664811
-0.0008792010659
-0.001393500832
-0.00241253016
-0.003091970383
-0.002292603554
-0.001678850877
-0.001078942653
-0.00146476551
-0.002224837102
-0.003239860046
-0.003287599379
-0.009030873605
-0.00792151797
-0.004841184014
-0.002207531701
-0.001414977191
-0.002672497117
-0.003661301635
-0.003498548301
-0.002853660159
-0.001985835442
-0.001497532041
-0.001852904622
-0.002233776866
-0.00320591965
-0.002544184365
-0.005639887411
-0.004914149406
-0.00273278342
-0.001346312974
-0.001886333839
-0.003177507981
-0.003960275125
-0.003829163855
-0.003088473671
-0.002023482748
-0.001246956118
-0.001665899327
-0.002103274902
-0.003348392599
-0.001408558163
-0.002400741559
-0.001822948545
-0.00124906441
-0.001917343343
-0.002865592668
-0.004003825792
-0.004203439736
-0.003836731926
-0.002982337826
-0.001934648389
-0.001228217703
-0.001367201112
-0.001374207823
-0.002684435931
-0.0003343980243
-0.0008814916005
-0.001384138485
-0.00177782247
-0.003042591184
-0.004136948904
-0.004222027559
-0.003892571737
-0.003207203672
-0.002513768236
-0.001883433326
-0.001570076491
-0.001659874852
-0.001517413025
-0.002184895154
-0.0005949753765
-0.001437896129
-0.002301368079
-0.003230042092
-0.004650705233
-0.004772528274
-0.003907021401
-0.003010599873
-0.002170522281
-0.001819756047
-0.001850740356
-0.00210309378
-0.00234406416
-0.002175700164
-0.002364774427
-0.001049292614
-0.002847705174
-0.003342024677
-0.004783688493
-0.00503898247
-0.004171351454
-0.003112742001
-0.001888966135
-0.001123664069
-0.001212579549
-0.00182316913
-0.002590132387
-0.003042976395
-0.002886314242
-0.002604851886
-0.001366358575
-0.003337117112
-0.003574365329
-0.004340228323
-0.004057276638
-0.003469773636
-0.002289723639
-0.001191387806
-0.0006997842931
-0.00105507529
-0.001920960647
-0.002840010764
-0.003192205205
-0.002953741056
-0.002204691189
-0.001555332733
-0.002103102885
-0.002460172293
-0.002674032377
-0.002691921652
-0.002349742635
-0.001705137276
-0.001158980903
-0.001015063729
-0.001459366886
-0.002144050829
-0.002667346173
-0.002533617511
-0.002035253366
-0.001198908242
-0.001058319082
-0.0005908398655
-0.0006790255445
-0.0007632646831
-0.0008566289962
-0.001177611784
-0.001419823565
-0.001605951136
-0.001823328346
-0.002121932874
-0.002199768407
-0.001917867467
-0.001065304255
-0.0003578572937
0.0001200381835
-0.0003947411965
0.0004884672772
0.0008028206877
0.001061223412
0.0008109109215
-0.0001509988159
-0.001167571126
-0.002044995071
-0.002525269354
-0.002509548716
-0.001810990316
-0.0006499360076
0.000657178063
0.0009686729618
0.0007569455858
-0.0006138625375
0.0003869016621
0.0009182431855
0.001675839286
0.001499286677
0.0005346056662
-0.0008603710916
-0.002154284994
-0.002711916311
-0.002327132499
-0.0009971746624
0.0005830953615
0.001598083553
0.001119063874
-0.0002300322307
-0.001740894375
-0.0002437927847
0.0002259266898
0.001310441548
0.00160107159
0.0008845488482
-0.000464926456
-0.001779595838
-0.002271204859
-0.001683313613
-0.0002269767525
0.001062570648
0.001285575093
-0.0002072323238
-0.00192576887
-0.00334603242
-0.001708249195
-0.0004126744535
0.0007626047119
0.001259850602
0.0009484727881
-0.0001769118951
-0.001327227192
-0.001723735249
-0.001110895364
8.14185185e-05
0.0006680324593
3.206619986e-05
-0.001749587313
-0.003503023618
-0.004918955048
-0.002764072346
-0.00143672998
0.0003267390781
0.001200985828
0.001078538995
0.000142319987
-0.0008306817188
-0.001222172414
-0.0007340784333
-6.929699044e-05
3.675974587e-05
-0.0009002956205
-0.002780350064
-0.004445031474
-0.005316575821
-0.008761254022
-0.007368964656
-0.0042469593
-0.001092760241
0.0003342059413
-0.0005643285416
-0.001461679845
-0.002549308754
-0.00253061293
-0.001885558381
-0.001561987573
-0.001213772359
-0.002400036965
-0.002558904909
-0.003507436768
-0.007340584358
-0.006189299118
-0.003038061896
-0.0003858514404
0.0006717108601
-0.001075662995
-0.002666191143
-0.003467827688
-0.003003816021
-0.001885627406
-0.001105056868
-0.0006966590167
-0.001619162641
-0.001707342943
-0.00246381307
-0.004126873851
-0.002999582635
-0.000759863877
0.000730560535
-0.0004330533768
-0.002030259561
-0.003774657553
-0.004135335113
-0.003419748921
-0.002118513107
-0.000825397663
-0.00020389286
-0.0006801339821
-0.0007880858826
-0.001416790974
-0.001032844235
-0.0002232767252
0.0003808853009
0.0001414427503
-0.00141777247
-0.003605525045
-0.004154691681
-0.004219526053
-0.003337205478
-0.002285227414
-0.0009864235659
-0.000195322236
-0.0001406228708
2.683469589e-06
-0.0002596016101
7.93002532e-05
0.0001838442618
-0.0003661181465
-0.001638419113
-0.003429591411
-0.003733106915
-0.003705960569
-0.003143798605
-0.002726685624
-0.002342595841
-0.001599604191
-0.001032251007
-0.0005279838795
-0.0001345726272
0.0001398537181
-0.0006136128791
-0.001153376094
-0.002593367587
-0.003752264705
-0.003939913817
-0.003347247277
-0.002160768492
-0.001548792625
-0.001548763681
-0.002061685236
-0.002223919617
-0.002282093493
-0.001719933609
-0.00125421536
-0.000216747192
-0.002332119978
-0.003296847684
-0.004423745125
-0.004709443015
-0.003880538681
-0.002184433949
-0.0006110716047
3.982263013e-05
-0.0004255756483
-0.001725451501
-0.002674452137
-0.003383005143
-0.002897922457
-0.002612024273
-0.0006732019463
-0.003330294167
-0.004117614675
-0.004824419773
-0.004500107273
-0.003291033602
-0.001448664643
0.0001756200045
0.0007172426985
8.896611098e-06
-0.001625399398
-0.002995348273
-0.00394960069
-0.003357222045
-0.003195261983
-0.0005086421971
-0.003067592003
-0.003276798795
-0.003721350399
-0.0034990801
-0.002704539474
-0.001356537945
-0.0001831883701
0.0001640416445
-0.0005440358538
-0.002023986112
-0.003140811925
-0.003677595225
-0.002809758141
-0.002183152757
-8.214313102e-05
-0.001593068332
-0.001653531491
-0.00196063176
-0.002174172104
-0.002181776221
-0.001783549777
-0.001340700738
-0.001287222366
-0.001786458829
-0.002573965279
-0.002816108308
-0.002417069204
-0.001157426566
-0.0004376458896
0.0004772913868
-0.0004119811763
-0.00021552447
-0.0003152594115
-0.0007786816195
-0.001579200367
-0.002191446703
-0.002582766042
-0.002843565258
-0.002951795243
-0.002697379162
-0.00171101159
-0.0004226816719
0.0008588311907
0.0007402954455
0.0004922510465
-0.0004250516987
0.0002302636606
0.0005546683847
0.0001184466404
-0.0009359347668
-0.002194739513
-0.003217134576
-0.00367536209
-0.003345436481
-0.002097476947
-0.0002199711323
0.001213135684
0.001468087098
0.0002323997316
-0.0008490743703
-0.00133442311
-0.0004962677368
0.0001461549992
0.0001829099319
-0.0006688950829
-0.001994699849
-0.003191220724
-0.003595819454
-0.002870611515
-0.001093226632
0.0006948978544
0.001280587561
0.000398975806
-0.001453116934
-0.003372017058
-0.002413034356
-0.001322745144
-0.0004828610574
-0.0001723805932
-0.0006789986059
-0.00163126356
-0.002667924387
-0.002874212284
-0.002021809909
-0.000383444998
0.000758288473
0.0004401745381
-0.001311586408
-0.003373091757
-0.004917230011
-0.003029303698
-0.002240214184
-0.001207813479
-0.0006017014141
-0.0007761135858
-0.001458207779
-0.002151810848
-0.002196925132
-0.001451338463
-0.0003401095859
-0.0001733911151
-0.001104969539
-0.002922174632
-0.004409757029
-0.005226088344
-0.006397326443
-0.005253572553
-0.002755159418
-0.0002011475424
0.0009931077523
0.001437391302
-0.001134692688
-0.001702397073
-0.001533816634
-0.0004907124
0.0004518708407
0.000243680345
-0.0008537751512
-0.003018633608
-0.003653495252
-0.005270769965
-0.003819581741
-0.001401074241
0.001086988704
0.001437122002
0.0007896321276
-0.00132012015
-0.002406006004
-0.002291401826
-0.000807820338
0.0006707540663
0.000868794259
0.0007517642232
-0.00128056241
-0.002075029316
-0.002484897881
-0.0009488351131
0.0009640526988
0.001891627944
0.001399343555
-0.001042095969
-0.002404620858
-0.00351654048
-0.002969387862
-0.001355340507
0.0004277420363
0.001347356029
0.001697798555
0.0007942740224
-2.516446581e-05
0.0001444433162
0.001578424656
0.002084224203
0.001676349457
-0.0001263595946
-0.001928071377
-0.00315916548
-0.003573354522
-0.00311445027
-0.001888553464
-0.0002961072824
0.0009712349685
0.001780210091
0.002123823745
0.001371690925
0.001457606957
0.002093669071
0.001133373446
-0.0001355721331
-0.001481542136
-0.00249023419
-0.002498339327
-0.002524121072
-0.002374541484
-0.002061004741
-0.00125009327
-0.0002839726593
0.0008292795292
0.001688285456
0.001643700827
0.0007486385373
0.0002783364644
-0.001004237533
-0.002126971166
-0.00228906377
-0.001599607547
-0.0007355895786
-0.0004748822177
-0.000939457114
-0.00180362554
-0.002088497808
-0.00186584248
-0.0008901243713
0.0003587414323
0.00103790785
-0.001108945795
-0.001898837367
-0.003109052099
-0.003304886936
-0.00220809488
-0.0004428997374
0.001157247448
0.001553253497
0.0005531973159
-0.001150004687
-0.002632762586
-0.0031908038
-0.002691405384
-0.001315136291
-9.982057447e-05
-0.002436767471
-0.003377971624
-0.00413211896
-0.003800978849
-0.002201105649
0.000114282333
0.002027376518
0.002438516533
0.001323084209
-0.0008738883425
-0.003004976987
-0.004217486833
-0.003750207749
-0.002342957949
-0.0007889008169
-0.002904457862
-0.00348244572
-0.00422623675
-0.003877881989
-0.002528703661
-0.0004953915018
0.001194760477
0.00170671254
0.0006823572119
-0.001388389735
-0.003366035244
-0.004368894013
-0.00368057218
-0.00238509427
-0.0005549195501
-0.002455791643
-0.002612234383
-0.003144284625
-0.003411559271
-0.003003420254
-0.001890270135
-0.0007176588006
-0.0002980198291
-0.001024874552
-0.00242634924
-0.003393006719
-0.00329765696
-0.001982727684
-0.0008108311686
2.86771843e-05
-0.00165861883
-0.001378390834
-0.001942265124
-0.002705838117
-0.00325635843
-0.003176215083
-0.002812859082
-0.00262945194
-0.002871857569
-0.003147995012
-0.002592201311
-0.001138467876
0.0005776078636
0.001069254417
0.0005030115428
-0.001158454583
-0.0005330043424
-0.0007143967978
-0.001608523325
-0.002805270433
-0.003640643553
-0.004099097771
-0.004180801909
-0.003850049865
-0.002825898978
-0.0008440685422
0.001182839956
0.002218498293
0.001210042616
-0.0006714356109
-0.001699811602
-0.001089646135
-0.0009305998744
-0.001327976362
-0.002325604127
-0.0034033009
-0.00425496152
-0.004426263131
-0.003577629449
-0.001629326338
0.000796343329
0.002286625754
0.001666379454
-0.0003183104852
-0.002878118523
-0.001977013173
-0.001611826568
-0.001038530285
-0.001148329665
-0.001915716872
-0.002879538376
-0.003747268538
-0.003708546294
-0.002584956073
-0.0006651558048
0.0009164142495
0.0007568970905
-0.0007209198066
-0.002816118031
-0.004286608659
-0.002812153015
-0.002197988333
-0.001701418371
-0.001330105176
-0.001717919681
-0.00233981725
-0.002914875162
-0.002750185585
-0.001746825138
-0.0004924815884
2.455670696e-05
-0.0005691169858
-0.002225567549
-0.003971942654
-0.004812833612
-0.00397431955
-0.003190695983
-0.001364255625
0.0004160187673
0.001343990082
0.0007562289152
0.0004396732423
-0.001099986223
-0.0006814987726
0.0003144275222
0.001194564738
0.0009514422569
-0.0009110397928
-0.003127768026
-0.003908948273
-0.003251920402
-0.001864661791
0.00019043274
0.001676332321
0.001616094829
0.0006913175851
-0.000853571702
-0.00169245172
-0.001261850574
3.620590915e-05
0.001581365535
0.001892946918
0.0006593259641
-0.001205910183
-0.002337353886
-0.001199835492
0.0003071644742
0.001969186616
0.00224179062
0.001062018331
-0.0002844036836
-0.002117162869
-0.002585632656
-0.002131637114
-0.0007645319918
0.001313599801
0.002303285309
0.002383775519
0.0008386068934
-5.460563235e-05
0.0008477361005
0.002144577557
0.002726080868
0.001485796125
-7.685907598e-05
-0.001427410072
-0.002535633041
-0.002755296957
-0.002386374097
-0.001416925248
0.0005150658171
0.001821351628
0.002793751789
0.001824818635
0.001133247398
0.001667350136
0.002262450325
0.001695164265
0.0001288538899
-0.0009815476177
-0.00138810422
-0.001550694781
-0.00156506062
-0.001800224535
-0.001687303561
-0.000524159919
0.0005864107649
0.001987096799
0.001720301572
0.001722408735
0.001173872969
0.0007036800199
-0.0004602134697
-0.001425456236
-0.001283761181
-0.0003104835713
0.0007062197567
0.0006814758125
-0.0001494558079
-0.001150801091
-0.001214082089
-0.0008690168851
0.0005693606807
0.0008754751781
0.001613260899
-0.0002264764808
-0.001448438464
-0.00250808964
-0.002446419519
-0.0008733409342
0.00129275997
0.002783925591
0.002790329007
0.001553461148
-0.0004121832295
-0.00170066685
-0.002321013714
-0.001252830451
-0.0005076319897
0.001143683851
-0.001665988856
-0.002900453624
-0.003587391556
-0.003080934619
-0.001117593241
0.001322804245
0.003265779174
0.003682372431
0.002366144093
-0.0001054911408
-0.002330340772
-0.003571647796
-0.003044688345
-0.001381161015
0.0001857173138
-0.001914119255
-0.003050831183
-0.003913163194
-0.003710152007
-0.002079726549
0.0002477475222
0.002282259402
0.002966577299
0.00183212238
-0.0007098167838
-0.003133751796
-0.004478796679
-0.003852608365
-0.002223287988
-0.0008842983241
-0.001597168664
-0.001999298115
-0.003151076892
-0.003728008361
-0.002965410314
-0.001440323903
9.813599851e-05
0.0006895749478
-0.0001733073256
-0.00216139409
-0.003724194374
-0.004032580936
-0.002539846668
-0.0008988558826
0.0001810729638
-0.0006937847249
-0.001012001892
-0.002091445566
-0.003217433317
-0.003617805955
-0.00317056405
-0.002422509448
-0.002124062737
-0.00262492858
-0.003381537592
-0.003268792175
-0.001941686562
0.0001380510613
0.001223812084
0.000646809451
2.469622068e-05
2.120140508e-05
-0.0007894908335
-0.002190239721
-0.00332526939
-0.003869120398
-0.004008528772
-0.004037656234
-0.0040273103
-0.003334076601
-0.001550482369
0.0006789313858
0.002268383063
0.001788970567
-0.0001826887776
-0.0003495322319
8.052219587e-05
-5.817196651e-05
-0.001053218929
-0.002403152948
-0.003578438871
-0.004409035135
-0.004591034076
-0.003929371791
-0.001976121398
0.000523075658
0.002216690868
0.002144723209
0.0003690834273
-0.001750949103
-0.001196006618
-0.0004571644033
-0.0002137221615
-0.0006114357056
-0.001522714082
-0.002605618994
-0.003554798997
-0.003758969545
-0.002889087322
-0.0003888730067
0.001497989438
0.001861231614
0.0005618394823
-0.001891257776
-0.00330089903
-0.002701872868
-0.001979984327
-0.00162677037
-0.001481444837
-0.001961980964
-0.00262995843
-0.003295546759
-0.002877301227
-0.001827567223
7.524094119e-05
0.001140916168
0.0004086032144
-0.001405609381
-0.0031420727
-0.003838340016
-0.002054617542
-0.00162733557
-0.0001447339545
0.001075282079
0.001599631684
0.001106324589
7.055550366e-05
-0.0005697790203
-0.0001062393531
0.0009348820486
0.001364896191
0.0006325556217
-0.001493561113
-0.002762940761
-0.003662047867
-0.001742945293
-0.0004980700685
0.001427716742
0.002224902131
0.001821344223
0.0004734485258
-0.0007367873925
-0.001508015963
-0.0008499592709
0.0004664897508
0.001408526815
0.001606195682
8.889594719e-05
-0.001092389084
-0.002068257079
-0.000271984307
0.001178735474
0.002692337948
0.002488985871
0.001018500559
-0.0007856871827
-0.001728390961
-0.0025081021
-0.001744459585
-0.0003314309029
0.001083051259
0.00207681072
0.001438436138
0.0006054442737
-0.0003839321355
0.001158002076
0.002268836016
0.002856849376
0.001458485093
-0.0003758946893
-0.001730535871
-0.001990224208
-0.002417501682
-0.001995430733
-0.001083796825
0.0002085265094
0.001816975338
0.001444464124
0.001242438331
0.0005469239574
0.00176138757
0.002006631524
0.001423922285
3.709580141e-05
-0.001062031055
-0.001240129081
-0.001119671205
-0.001217366338
-0.001408286267
-0.001365181524
-0.0005906726077
0.0008191179799
0.0008828861508
0.001519712075
0.0008752551548
0.0009856679096
0.0004264872822
-0.0003419459358
-0.001037588702
-0.0007366439028
0.0001282390002
0.001039048302
0.001022795481
1.232880442e-05
-0.0008258751652
-0.0010623637
-0.0002361651941
2.767651824e-05
0.001080374128
0.0005689317253
-0.000116808386
-0.001093461665
-0.001670252214
-0.001549012785
-0.0001603084997
0.001869815214
0.003214163561
0.003172173197
0.001871301657
0.0001639059668
-0.001211786366
-0.001352623509
-0.00104061867
2.651302131e-05
-0.0008148585144
-0.001040954697
-0.002091113267
-0.002529217013
-0.001816240674
1.199178118e-05
0.00232714114
0.004049055448
0.004212604397
0.00291424237
0.0006574328443
-0.001604787558
-0.003016556502
-0.002937223213
-0.002381278106
-0.001894876418
-0.001697742106
-0.002727363093
-0.003157874517
-0.002732837629
-0.001055829894
0.001137568931
0.00296661262
0.003466862548
0.002357572217
-1.707458023e-05
-0.002637811137
-0.004188049617
-0.004164014051
-0.002459619754
-0.001095140366
-0.001405649712
-0.002539678189
-0.003451505837
-0.003544455916
-0.002828387393
-0.001157878315
0.000554566886
0.001209472673
0.0003860297919
-0.001676639532
-0.003649757361
-0.004203891744
-0.002869322374
-0.0007985079765
-8.766247172e-05
-0.0007467257021
-0.00144634367
-0.002542217729
-0.003492257567
-0.003643772026
-0.00288922162
-0.001855581535
-0.001421453317
-0.00210587928
-0.0033113445
-0.003715848343
-0.002559049103
-0.0002032948375
0.001462181768
0.001328820895
-0.0004843060408
-0.0005924329493
-0.001436891512
-0.002557978707
-0.003350146884
-0.0035345547
-0.003381794907
-0.003403226525
-0.003691584498
-0.003452876756
-0.002022889629
0.0004728404265
0.00261560127
0.002700894258
0.001053192515
-0.0008085293845
-0.0002915779693
-0.0006041107039
-0.001478425478
-0.002490703314
-0.003341211992
-0.003917076795
-0.004131759809
-0.003878336241
-0.002170993274
0.0005244871974
0.002547853644
0.003141961457
0.001545002667
-0.0002756198531
-0.001724943138
-0.0009486546458
-0.0007200688445
-0.0009326981248
-0.001587484505
-0.002513046848
-0.003340069751
-0.003471152428
-0.00241278389
-0.0001656896358
0.002150702865
0.003076964265
0.002003292628
-8.842079372e-05
-0.001942654967
-0.001926800936
-0.001224880831
-0.0007218186437
-0.0004921861496
-0.0009343552457
-0.001787811116
-0.002654543625
-0.002715786856
-0.001627091065
0.0007314792738
0.001786605661
0.001799202804
-2.861638179e-05
-0.001795884588
-0.002776083946
-0.001058271332
-0.0007652433426
0.0003610418341
0.001583466696
0.002106381733
0.001516892182
0.0007282643564
-4.790519338e-05
1.222378397e-05
0.0008871791265
0.001128771664
0.0002176830028
-0.0008946322845
-0.002023430099
-0.00267078249
-0.001043518221
8.56791766e-05
0.001944911501
0.002546060156
0.002321386926
0.0009042501221
-0.0001815014202
-0.0009734309462
-0.0004799479045
0.0005490856292
0.001229294199
0.000762937138
4.138171926e-05
-0.0007978466695
-0.001757167741
-0.0001491552608
0.00138742875
0.00274690532
0.002574605442
0.00119850783
-0.0004927673183
-0.001511319533
-0.001798612753
-0.001263806744
-0.0001325268243
0.001026086956
0.001192108929
0.0008038056827
-0.0001388361797
-0.0007498733719
0.0008466358846
0.002051666221
0.002416458968
0.001177893291
-0.0003226907256
-0.001593968258
-0.002080225956
-0.002006113039
-0.001642178679
-0.0007502808895
0.0003798997624
0.0009378477427
0.001188805249
0.0003195885314
9.578174969e-05
0.001178925029
0.001589235911
0.001007331331
-0.0002624139315
-0.001129862031
-0.001500123648
-0.001184497536
-0.001288103491
-0.001144475647
-0.0009128136368
-0.0002714488718
0.0005182290343
0.0009170839855
0.0006117719486
0.0001758366632
0.0006322485972
0.0001134621125
-0.0005794681964
-0.001102230277
-0.0006980075757
3.945047097e-06
0.0006777369617
0.0006430922386
0.0001796874928
-0.000340902268
-0.0004880580468
-0.0001248025951
0.0001109803001
-8.249826362e-05
-0.0007746129872
-0.0004204402397
-0.000959300577
-0.001340988416
-0.001001475106
0.0001519105996
0.001649916602
0.00254634623
0.00249303053
0.001676005198
0.0004897007773
-0.0006210017365
-0.001233950593
-0.001561563184
-0.001853475691
-0.001803730786
-0.0009116357045
-0.001339542366
-0.001497627793
-0.0009398052261
0.0005133863088
0.002159140701
0.003338846803
0.003637193971
0.002790050824
0.00103267483
-0.0009782740821
-0.002648154971
-0.00346889474
-0.002607877025
-0.002196468834
-0.00080202554
-0.001292358137
-0.001615307073
-0.00125252899
-0.0002022396211
0.001509832842
0.0029884907
0.003521033968
0.002664330134
0.0005743827975
-0.002014682666
-0.003601437558
-0.00345058545
-0.002449543009
-0.001504160687
-0.0003272745964
-0.0008643338365
-0.001373652828
-0.001541392262
-0.0009735186547
0.0003024388124
0.001623367957
0.002134641069
0.001129506631
-0.001143882293
-0.003318234478
-0.003867530335
-0.002827973117
-0.0006595734862
0.0007890387602
-6.179074151e-05
-0.0002917958353
-0.0008857661418
-0.001443548531
-0.001488499092
-0.0008514154055
-7.667230268e-05
-4.493004091e-06
-0.001145626004
-0.002914053824
-0.003506234165
-0.002415818257
3.437616825e-05
0.002161751587
0.002160226922
-0.0003148726499
-0.000122463745
-0.000477119125
-0.001131408531
-0.001569601374
-0.001561852769
-0.001548430881
-0.001893693908
-0.002800363682
-0.003291731884
-0.002016509562
0.0004222557258
0.002961735928
0.003796206667
0.002390025331
-0.0005619792495
3.802723539e-05
0.0001317422579
-9.298235128e-05
-0.0007086202465
-0.0012239437
-0.001953557396
-0.002700691407
-0.003034276337
-0.001811804473
0.000582039875
0.003420083357
0.004604773948
0.003513941507
0.001357988444
-0.0009902838641
-0.000328947699
0.0001026438783
0.0001159561117
-0.0002393939149
-0.0009709108489
-0.001886874143
-0.002291451325
-0.002094908271
-9.670025688e-05
0.00261789713
0.004145978073
0.003466782953
0.001490018773
-0.0003287829743
-0.001137909494
-0.0004203813938
0.0002929445172
0.0007339914549
0.0007412061823
0.0002399354338
-0.0006156266137
-0.0008882950468
-0.0005482797002
0.0005506254935
0.001963149323
0.00213598098
0.001193557235
-0.0005448228604
-0.001341738104
-0.0006117331871
-0.0005925298184
0.0003295876295
0.001531155879
0.002044461137
0.001443359728
0.0005118604988
-0.000248098973
8.418723855e-05
0.0006823222714
0.0007489435986
0.0003029123851
-0.000519847014
-0.001204600162
-0.001996121111
-0.0006388111183
0.0002976191648
0.00157791955
0.002623143898
0.002336657853
0.001074377729
-1.127816084e-06
-0.0006433210661
-0.0001726958924
0.0005565270777
0.0008433881815
0.0002349835502
-0.0001724244752
-0.001237471994
-0.001915906123
-9.520769448e-05
0.001002491436
0.002130520595
0.002132229553
0.001262611121
-9.330149299e-05
-0.0007219941572
-0.001144484652
-0.0004279958156
0.0003794220406
0.0007302772661
0.0005160548535
3.331020988e-05
-0.0006657182318
-0.001188807829
0.0004965782544
0.001447534083
0.001532589915
0.0004843526485
-0.0003035523042
-0.001250819247
-0.001179326064
-0.001332252494
-0.0006536410884
-2.208931422e-05
0.0005362226443
0.000586521536
0.0006226519794
-0.0001073970618
-0.0004126704808
0.0003192046195
0.0007305321728
5.217008937e-05
-0.0008883350091
-0.001455725878
-0.001438675835
-0.001084477624
-0.0008815127879
-0.0005375879154
-0.0001813485883
0.0002414599346
0.0003876586428
0.0005557365276
-1.360190194e-05
-0.000391491052
-0.0001443271485
-0.0003288700294
-0.0009541700652
-0.001562069825
-0.001345928876
-0.0007475587729
-3.702846618e-05
0.0003043561558
0.0001404590454
0.000154204502
0.0002730777704
0.0002305259275
5.899230392e-05
-0.0005979324621
-0.000862526221
-0.0007007989161
-0.001022594344
-0.001438828657
-0.00125840333
-0.0007104099903
0.0004416434008
0.001087938472
0.001242679247
0.001183390234
0.0008492413782
0.0003953324781
-0.0002788260107
-0.0008680418628
-0.001287195268
-0.0009016647542
-0.0006207634144
-0.001102271549
-0.001216237155
-0.0008864511663
-0.0001017708587
0.0008641716687
0.001801587145
0.002396838332
0.002271463072
0.001569025141
0.0002883762362
-0.001005404706
-0.00201924195
-0.001990694717
-0.001007591204
0.0001837655871
-0.0001533207692
-0.0003334827533
-0.000123404097
0.0004307483076
0.001384060424
0.002362084264
0.002905839957
0.002631436837
0.001278630983
-0.000722224849
-0.002630015789
-0.0032398849
-0.002352738283
-0.00023329824
0.0009702002554
0.0006666751634
0.0003140902583
0.0003345617406
0.0006026774869
0.001342962122
0.002174632398
0.002522419075
0.001705456155
-0.0002088320987
-0.002484095147
-0.003565684751
-0.002528269465
-0.0002060118
0.001379360904
0.001294677456
0.00125714091
0.000766614676
0.0006361540793
0.0006468853609
0.001103840227
0.001571160258
0.001332501098
-0.0001046921312
-0.002146030578
-0.003385312355
-0.002900813814
-0.0002487745357
0.002246606173
0.002746575319
0.001041712067
0.001369889865
0.001081696134
0.001078720085
0.00105928451
0.001119432786
0.001003853192
-3.053669947e-05
-0.001856460251
-0.002909387553
-0.002396390827
-0.0001210574592
0.002875145383
0.004262152638
0.003391303789
0.0001938885142
0.0006380987622
0.0007599959409
0.0008828721244
0.001096982521
0.001066054879
0.0006589804134
-0.0004619209122
-0.002232934358
-0.002145489179
-5.592077404e-05
0.002821419435
0.004851971603
0.004498387705
0.00251559308
-0.0002330180859
0.0003304960335
0.0009443974121
0.001198314191
0.001254576435
0.001083615953
0.0004804788456
-0.000304433227
-0.001134067458
-0.0006445515778
0.001749774092
0.003777518499
0.004346430013
0.002817311781
0.001152507279
-0.0007714081113
-0.0002892520548
0.0003773730859
0.0007471364705
0.001052319123
0.00104370895
0.0009640052802
0.0001769666512
0.0002249031186
0.0007283515487
0.00179123132
0.002621104717
0.002248001156
0.000922817596
0.0001192407066
-0.0008690363147
-0.0004687513623
0.0008279852455
0.001396619042
0.001889052185
0.001264898015
0.0002700697868
-0.0003629208654
6.418564541e-05
0.0006512027211
0.0006993744638
0.0005665752084
-0.0007201939231
-0.001248991691
-0.001689019762
-0.000572436922
0.0003684271886
0.001779550671
0.002495358128
0.002062955962
0.001123951627
-2.052956296e-05
-0.0003102621344
0.0002441679014
0.0007280032746
0.0005925543632
0.0004629737475
-0.0009132465728
-0.001576144418
-0.001695047623
-0.0002460373138
0.0008755569153
0.001654516259
0.002135637533
0.001318874489
0.0003844666236
-0.0004047461632
-0.000162084064
0.0004495877741
0.0009310287883
0.0009430458366
0.0005938792161
-0.0005070337678
-0.0009139095591
-0.001501463867
0.0001872292056
0.0009044993925
0.00060517943
0.0003953407782
-0.0002480854548
-0.0008060524493
-0.0008572051676
-0.0004033689859
0.0004598473415
0.0008734224703
0.001140275587
0.000704878834
0.0003707500189
-0.0003557244132
-0.0006781099344
2.338162589e-05
0.0003553182146
-0.000507876441
-0.001292465095
-0.001640929246
-0.001613132845
-0.0009264110843
-0.000128736493
0.000460390628
0.0009762780868
0.001227209789
0.001354631122
0.00100507328
0.0001134013561
-0.0002981815768
-0.0002614100711
-0.0003215072535
-0.001346815881
-0.001808302441
-0.001907128078
-0.001593865309
-0.0008198521626
-4.719144362e-05
0.000356631617
0.001085036119
0.001260944428
0.001273713446
0.0008528112338
6.107439911e-05
-9.430837154e-05
-0.0003365599511
-0.00075072827
-0.001218890555
-0.001371280325
-0.001535722623
-0.0007227747379
-0.0002788092744
0.0003442140986
0.001144568002
0.001708929088
0.001798262507
0.001284293757
0.0005170139354
0.0001550059511
0.0003192344894
-0.0004447947567
-0.0003349144258
-0.0008110881169
-0.0006977869788
-0.0003997523209
-8.904794415e-05
0.0005531674878
0.001444311737
0.002067631667
0.002221150893
0.001736610781
0.0006606763334
-0.0002547645669
-0.0002544649628
0.0005918856084
0.0007349098397
0.0009353516526
0.0008078086726
0.0009089956004
0.0008590406665
0.001297317504
0.001882617481
0.002571663085
0.00274117038
0.002038353993
0.0004999165445
-0.001090858484
-0.001678394724
-0.0007663472979
0.0007734276066
0.001702358002
0.001840572284
0.001762323958
0.001843851814
0.001878881696
0.002248305797
0.002790882769
0.003124835629
0.002397811053
0.0004746823781
-0.001519730537
-0.0028031132
-0.002276515633
-0.0003105818906
0.001560508657
0.002419841866
0.002017356513
0.002178999436
0.002311436906
0.00247641179
0.002996174885
0.003235963568
0.002863147216
0.001100125705
-0.00154741338
-0.003007035311
-0.00280788999
-0.0007629165313
0.001716395446
0.002873195677
0.002029103203
0.001777468325
0.002062383471
0.002253450992
0.002505105422
0.003066698367
0.003219672038
0.002287440795
-0.0004735372219
-0.003184837122
-0.003237412847
-0.001028849154
0.002188702324
0.004025992226
0.003740872234
0.001382763153
0.001345565512
0.001473511161
0.001723006494
0.002053987224
0.0025309417
0.002288987047
0.001153133496
-0.0009406591173
-0.002841032169
-0.001630752586
0.001750506991
0.004449862544
0.004850630022
0.003350117941
0.0002777247228
0.0005073857228
0.0007827795585
0.001199464744
0.001831397853
0.00222274105
0.00228295921
0.0007517948097
-0.0007144195709
-0.001168535211
0.0002366211935
0.003248580147
0.004398110585
0.003745374517
0.002323764687
-0.000126302459
-3.693181995e-05
0.0002663137497
0.0006196346527
0.001135746662
0.001486934843
0.001542281122
0.001228734521
0.0002494331363
0.000237435015
0.001643041761
0.00292463209
0.002911960188
0.002077840197
0.001357202859
-0.0002084061182
0.0003191051476
0.0009088001495
0.001630189187
0.001279477065
0.0009991644882
9.273301032e-05
-1.821769088e-05
0.000315132963
0.0004935845992
0.000470359217
-0.0003689149692
-0.001245443924
-0.00132632117
-0.001237281292
7.896599179e-05
0.001084427404
0.001799076693
0.002474271328
0.001739164427
0.0008917668923
-0.0001115214572
-0.0001553627177
0.0005630638287
0.0007636569074
0.0003178191676
-0.0003819928971
-0.001580461972
-0.001512758161
-0.001355086127
0.0005647150976
0.001643950833
0.002125813507
0.002173723903
0.001522501025
0.0006227203044
-2.791481896e-08
-0.000100751402
0.0005139677306
0.001152047156
0.0006372627299
9.048252951e-05
-0.0008578028441
-0.001119319559
-0.001231848377
0.0004187430325
0.001142465912
0.001093249611
0.001147350511
0.0004835320207
0.0002910074404
-0.0003722687219
-0.0001512829329
0.0006024519962
0.001039674355
0.0008879082792
0.000698184531
-5.92505334e-05
-0.0006510735077
-0.00110776673
0.0001645385784
0.0003070890005
-0.0001694032048
-0.0001971040831
-0.0002219536743
-0.0003744176591
-0.0004349643257
-0.0001943608574
0.0003801084571
0.001342646879
0.001334843867
0.001255320626
0.0006621000513
-0.0001064703232
-0.0005341433415
3.790054766e-05
-0.0001379518161
-0.000958075852
-0.0008786281699
-0.0007937270983
-0.0006926371254
-0.0008150270599
-0.0002099002481
0.000580339088
0.001393043779
0.001765764527
0.001618391277
0.001307584904
0.000497313643
-0.0001699186193
0.0007638344814
0.0004855344796
-0.0005205321945
-0.0005743933798
-0.0006805460228
-0.0006079709205
-0.0005710836848
0.0002242912806
0.0009440710837
0.001562976083
0.002115849261
0.002138294849
0.001462388226
0.0005478092358
1.330896758e-06
0.001135240025
0.0009725889243
0.0003415157464
0.0001358155483
-0.0002704286147
-0.0004776555695
1.913004648e-05
0.0006307212007
0.001401013655
0.002308886807
0.002340070615
0.001558167036
0.0005591259171
0.0004662062067
0.0006809803744
0.001332476946
0.001727454467
0.001585683451
0.00145735931
0.001084283412
0.001055670394
0.001168068045
0.001692238868
0.002305004076
0.002492762402
0.001029890098
-0.0002362273156
-0.0007800528293
-5.11824685e-05
0.0008080712158
0.001123451474
0.001698061795
0.001878608321
0.002030871878
0.002005302669
0.002098814119
0.002479474382
0.00268729645
0.00235428345
0.0008881672911
-0.001258721468
-0.00237714689
-0.00193845812
-0.0001580185448
0.001261093012
0.000941273455
0.001576306161
0.001691332535
0.002347213048
0.002637305847
0.00301678656
0.003265167367
0.002883047498
0.001453987539
-0.001272357874
-0.003484017246
-0.003348729231
-0.001340681116
0.001384797004
0.002457954601
0.0005237144828
0.0005199659533
0.0009668896412
0.001851740636
0.00270006915
0.003428445619
0.003350105652
0.001920823575
-0.0001853599328
-0.002848644358
-0.004377903667
-0.002038410151
0.001016627685
0.003400948924
0.003328664834
0.0002349030942
-0.000128339486
0.0003737907026
0.001084092421
0.001961331998
0.002850079954
0.0029219201
0.00157437237
-0.001332323311
-0.003251607582
-0.003139558095
0.0002026534846
0.003019629117
0.004217723211
0.003456088615
-7.816186368e-05
-0.000158832528
-1.367675382e-05
0.0004999571125
0.001331222805
0.002088687171
0.001903198166
0.0009555007957
-0.001275505603
-0.002050244432
-0.0006941356489
0.00197578351
0.003787473077
0.003733156898
0.002965779006
-0.0001354105066
-0.0002219214832
-2.199367541e-05
0.00028848713
0.0008599972979
0.001353564142
0.00142470115
0.0006911196181
-0.000745444029
-0.0004891421578
0.001090598198
0.002213829093
0.002990523293
0.002756976654
0.002311619292
-3.19973661e-05
3.470323497e-05
0.0003470893345
0.0004104008344
0.000132213648
-9.320490112e-05
-9.588858068e-05
5.994858345e-05
0.0001784547719
0.000262333387
-0.0002241231901
-0.0004476246044
-0.0005639106401
-0.0004505490907
-0.0003042926594
0.0002446835135
0.0003931894057
0.000949569486
0.0007720097353
4.28276609e-06
-0.0003056781493
-0.0004591310882
2.178156189e-05
0.0001714210123
0.0003381146098
0.0002194698797
-0.0002260007017
-0.0004355302431
-0.0005152215689
-0.0003415463611
0.0005454367778
0.0006090715693
0.001097929876
0.0006726849101
-0.0002928157687
-0.0007584330213
-0.000467549556
0.0002410190449
0.0004573827023
0.0006027300587
0.000501785587
0.0003010630759
-0.0001783566184
-0.0005379798181
-0.0004211715317
0.000546239197
0.0006248143939
0.0008719484921
0.00040166882
-0.000462721558
-0.0008001019634
-0.00055879441
0.0001114030369
0.0005786725571
0.0008439674717
0.0009303674269
0.0007870417476
0.0002666239823
-0.0001276616736
-0.0004359049041
7.605782626e-05
0.0003955930352
0.0004207759893
6.313770965e-05
-0.0004582984408
-0.0005901046718
-0.0003080205474
0.00028610774
0.0002994220778
0.0007242169856
0.001354810707
0.001210516191
0.0007417169472
0.0004562195598
0.0001437752134
-0.0001068879049
0.0001027806934
0.000156502493
-4.439102909e-05
-0.0003588489713
-0.0002294972578
-7.52911989e-05
-0.0002661168457
0.0002155564757
0.001029371528
0.001821862322
0.001995142313
0.00138244789
0.0007895592177
0.000407566156
-3.94782801e-05
0.0006415603828
0.0005437658091
0.0003283844855
0.0002350187633
0.0001350585614
-0.0001221947575
-7.589502767e-05
0.0007468952353
0.001790956719
0.002074021176
0.001948244641
0.001370386583
0.0005841061099
0.0003066563255
0.0002842584222
0.000812294712
0.0008794896011
0.0008599404177
0.000669121073
0.0004902334929
0.0004739406571
0.001049142262
0.001792599285
0.002031446072
0.001515477173
0.0009347552048
0.0003558716812
-0.0001355309561
-0.0001893883025
0.0002748119575
0.0008529636638
0.001053351371
0.001252807809
0.001249634667
0.001239065216
0.001491307941
0.001936465265
0.002122618439
0.001369064204
0.0005957413421
-0.0001851648104
-0.0005052278461
-0.0005767660374
-7.025788849e-05
8.912326246e-05
0.0004798304456
0.0009983868059
0.0014053251
0.001634268472
0.001807276271
0.002048854165
0.002271140032
0.001859731335
0.0005188603906
-0.0009175819392
-0.001377987084
-0.001361715577
-0.0006808670242
0.0001478277625
-0.000269609689
0.0001248834702
0.0006135885679
0.001057211467
0.001475824713
0.001916229825
0.002274686099
0.002279168477
0.001186478782
-0.0007928668231
-0.002188191317
-0.001951106656
-0.001119541565
-4.05690184e-05
0.0006654167684
-0.0002289643237
-0.0002119106117
7.879937032e-05
0.0004937546913
0.0009808145785
0.001363956993
0.001614546543
0.001554661188
0.0002848205357
-0.001759555154
-0.002576325568
-0.001581737197
-0.0001551800441
0.0009441580433
0.001224291142
-0.0003094312995
-0.0003858696147
-0.0003499583157
1.773162956e-05
0.0005457227433
0.001019573032
0.001113780966
0.0005858450241
-0.000554770972
-0.001520826924
-0.001814628608
-0.0004916772313
0.0009457734073
0.001632140496
0.001435125192
-0.0003834377844
-0.0005759062448
-0.0006085056288
-0.0004152326141
1.913227242e-05
0.0004314481217
0.000514386782
2.514477937e-05
-0.0007143474505
-0.0008342411704
-0.0005791704555
0.0004873073155
0.001292799318
0.00145884655
0.00109368185
-0.0002696882488
-0.0003809690283
-0.0004267546068
-0.0003221063789
-2.347356793e-05
0.0002411761665
0.0001495076893
-8.833587364e-05
-0.0002906107595
4.653961834e-05
0.0004590132314
0.0007167266722
0.0009632743396
0.0009261115923
0.0007478059346
)
;

boundaryField
{
    wall
    {
        type            calculated;
        value           uniform 0;
    }
    inlet
    {
        type            calculated;
        value           uniform 0;
    }
    outlet
    {
        type            calculated;
        value           uniform 0;
    }
}


// ************************************************************************* //
