/*--------------------------------*- C++ -*----------------------------------*\
| =========                 |                                                 |
| \\      /  F ield         | OpenFOAM: The Open Source CFD Toolbox           |
|  \\    /   O peration     | Version:  2406                                  |
|   \\  /    A nd           | Website:  www.openfoam.com                      |
|    \\/     M anipulation  |                                                 |
\*---------------------------------------------------------------------------*/
FoamFile
{
    version     2.0;
    format      ascii;
    arch        "LSB;label=32;scalar=64";
    class       volScalarField;
    location    "0.9";
    object      p;
}
// * * * * * * * * * * * * * * * * * * * * * * * * * * * * * * * * * * * * * //

dimensions      [1 -1 -2 0 0 0 0];

internalField   nonuniform List<scalar> 
27660
(
193989.1559
193989.1504
193989.1516
193989.1489
193989.1492
193989.1476
193989.1477
193989.1555
193989.1501
193989.1513
193989.1487
193989.149
193989.1476
193989.1477
193989.1552
193989.1499
193989.1511
193989.1485
193989.149
193989.1473
193989.1477
193989.155
193989.1498
193989.1509
193989.1485
193989.1489
193989.1474
193989.1476
193989.1548
193989.1496
193989.1507
193989.1482
193989.1488
193989.1473
193989.1477
193989.1548
193989.1497
193989.1507
193989.1483
193989.1488
193989.1475
193989.1478
193989.1548
193989.1496
193989.1507
193989.1482
193989.1487
193989.1472
193989.1477
193989.155
193989.1498
193989.1508
193989.1484
193989.1489
193989.1475
193989.1477
193989.1549
193989.1497
193989.1507
193989.1483
193989.1488
193989.1473
193989.1477
193989.155
193989.1499
193989.1509
193989.1485
193989.149
193989.1476
193989.148
193989.155
193989.1499
193989.151
193989.1484
193989.149
193989.1475
193989.1481
193989.1553
193989.1502
193989.1512
193989.1487
193989.1492
193989.1478
193989.1483
193989.1556
193989.1503
193989.1514
193989.1488
193989.1493
193989.1477
193989.1481
193989.156
193989.1506
193989.1518
193989.1491
193989.1495
193989.1478
193989.1478
193989.1564
193989.1509
193989.1521
193989.1493
193989.1496
193989.1477
193989.1477
193989.1433
193989.1439
193989.1438
193989.143
193989.1432
193989.142
193989.1421
193989.1432
193989.1439
193989.1438
193989.1431
193989.1431
193989.142
193989.142
193989.1431
193989.1438
193989.1437
193989.1428
193989.143
193989.1418
193989.142
193989.1431
193989.1438
193989.1436
193989.1428
193989.143
193989.142
193989.1421
193989.1429
193989.1436
193989.1435
193989.1426
193989.1428
193989.1417
193989.1421
193989.1428
193989.1437
193989.1435
193989.1427
193989.1428
193989.1419
193989.1422
193989.1426
193989.1436
193989.1434
193989.1425
193989.1428
193989.1417
193989.142
193989.1427
193989.1437
193989.1435
193989.1427
193989.1429
193989.142
193989.1421
193989.1427
193989.1436
193989.1435
193989.1426
193989.1429
193989.1418
193989.1421
193989.143
193989.1439
193989.1436
193989.1429
193989.143
193989.1421
193989.1424
193989.1431
193989.1439
193989.1437
193989.1428
193989.143
193989.142
193989.1425
193989.1434
193989.1441
193989.1439
193989.1431
193989.1432
193989.1423
193989.1426
193989.1435
193989.1442
193989.144
193989.1431
193989.1433
193989.1421
193989.1423
193989.1437
193989.1444
193989.1443
193989.1434
193989.1435
193989.1422
193989.1421
193989.1438
193989.1445
193989.1444
193989.1435
193989.1435
193989.1421
193989.142
193989.1556
193989.154
193989.1544
193989.1532
193989.1535
193989.1525
193989.1527
193989.1556
193989.1539
193989.1544
193989.1532
193989.1535
193989.1525
193989.1526
193989.1554
193989.1537
193989.1543
193989.153
193989.1534
193989.1523
193989.1527
193989.1555
193989.1537
193989.1543
193989.1531
193989.1534
193989.1525
193989.1528
193989.1554
193989.1536
193989.1542
193989.1528
193989.1533
193989.1522
193989.1527
193989.1556
193989.1537
193989.1542
193989.153
193989.1533
193989.1525
193989.1528
193989.1556
193989.1536
193989.1542
193989.1528
193989.1533
193989.1523
193989.1527
193989.1557
193989.1538
193989.1543
193989.1531
193989.1534
193989.1525
193989.1528
193989.1556
193989.1537
193989.1543
193989.1529
193989.1534
193989.1524
193989.1528
193989.1557
193989.1539
193989.1544
193989.1532
193989.1535
193989.1527
193989.1531
193989.1557
193989.1538
193989.1544
193989.1531
193989.1535
193989.1525
193989.1531
193989.1558
193989.1541
193989.1546
193989.1533
193989.1537
193989.1528
193989.1532
193989.1559
193989.1541
193989.1547
193989.1534
193989.1538
193989.1526
193989.1529
193989.1561
193989.1544
193989.1548
193989.1537
193989.1539
193989.1527
193989.1526
193989.1562
193989.1545
193989.155
193989.1538
193989.1539
193989.1525
193989.1525
193989.1362
193989.1359
193989.1364
193989.1356
193989.1358
193989.1346
193989.1347
193989.1362
193989.136
193989.1365
193989.1356
193989.1358
193989.1346
193989.1346
193989.1361
193989.136
193989.1363
193989.1354
193989.1357
193989.1343
193989.1345
193989.1362
193989.1361
193989.1363
193989.1355
193989.1356
193989.1345
193989.1345
193989.1361
193989.1359
193989.1361
193989.1352
193989.1354
193989.1341
193989.1344
193989.1362
193989.1361
193989.1362
193989.1353
193989.1354
193989.1343
193989.1344
193989.1361
193989.136
193989.1361
193989.1351
193989.1353
193989.134
193989.1343
193989.1363
193989.1362
193989.1362
193989.1354
193989.1354
193989.1343
193989.1344
193989.1362
193989.1361
193989.1362
193989.1352
193989.1354
193989.1341
193989.1344
193989.1364
193989.1363
193989.1364
193989.1355
193989.1356
193989.1345
193989.1347
193989.1364
193989.1362
193989.1364
193989.1354
193989.1356
193989.1344
193989.1348
193989.1365
193989.1364
193989.1366
193989.1358
193989.1359
193989.1348
193989.1349
193989.1366
193989.1364
193989.1367
193989.1358
193989.136
193989.1346
193989.1347
193989.1367
193989.1365
193989.1369
193989.1361
193989.1362
193989.1348
193989.1345
193989.1367
193989.1365
193989.137
193989.1361
193989.1362
193989.1347
193989.1345
193989.1585
193989.1579
193989.1579
193989.1573
193989.1575
193989.1568
193989.157
193989.1585
193989.1579
193989.158
193989.1574
193989.1576
193989.157
193989.1571
193989.1584
193989.1577
193989.1578
193989.1573
193989.1576
193989.1569
193989.1572
193989.1585
193989.1578
193989.1579
193989.1574
193989.1577
193989.1571
193989.1574
193989.1584
193989.1576
193989.1578
193989.1571
193989.1575
193989.1568
193989.1574
193989.1587
193989.1579
193989.1579
193989.1573
193989.1575
193989.1571
193989.1575
193989.1586
193989.1577
193989.1578
193989.157
193989.1574
193989.1568
193989.1573
193989.1589
193989.158
193989.158
193989.1573
193989.1576
193989.1571
193989.1575
193989.1587
193989.1578
193989.1579
193989.1571
193989.1575
193989.1569
193989.1574
193989.1589
193989.1581
193989.1581
193989.1575
193989.1577
193989.1573
193989.1577
193989.1587
193989.1579
193989.158
193989.1573
193989.1577
193989.1571
193989.1577
193989.1589
193989.1581
193989.1582
193989.1577
193989.1579
193989.1574
193989.1577
193989.1588
193989.1581
193989.1582
193989.1577
193989.158
193989.1572
193989.1574
193989.1589
193989.1583
193989.1584
193989.1579
193989.158
193989.1572
193989.157
193989.1589
193989.1583
193989.1585
193989.1579
193989.1579
193989.1569
193989.1569
193989.1281
193989.1277
193989.1283
193989.1273
193989.1276
193989.1257
193989.1258
193989.1281
193989.1278
193989.1284
193989.1274
193989.1276
193989.1259
193989.1256
193989.128
193989.1276
193989.1283
193989.1272
193989.1275
193989.1255
193989.1255
193989.1281
193989.1278
193989.1283
193989.1273
193989.1274
193989.1257
193989.1255
193989.128
193989.1276
193989.1281
193989.1268
193989.1271
193989.1251
193989.1252
193989.1282
193989.1279
193989.1282
193989.127
193989.1269
193989.1253
193989.1252
193989.1282
193989.1278
193989.1281
193989.1266
193989.1267
193989.1247
193989.1249
193989.1284
193989.1281
193989.1283
193989.1269
193989.1268
193989.1251
193989.125
193989.1284
193989.1279
193989.1282
193989.1267
193989.1268
193989.1248
193989.125
193989.1285
193989.1281
193989.1284
193989.1271
193989.1271
193989.1254
193989.1254
193989.1283
193989.1279
193989.1284
193989.127
193989.1272
193989.1253
193989.1255
193989.1284
193989.1281
193989.1286
193989.1275
193989.1276
193989.126
193989.1258
193989.1284
193989.128
193989.1286
193989.1275
193989.1278
193989.1258
193989.1256
193989.1285
193989.1281
193989.1288
193989.1279
193989.128
193989.1261
193989.1255
193989.1285
193989.1281
193989.1288
193989.1279
193989.128
193989.1259
193989.1257
193989.1634
193989.163
193989.1631
193989.1624
193989.1627
193989.1619
193989.1623
193989.1635
193989.1631
193989.1631
193989.1626
193989.1629
193989.1624
193989.1626
193989.1634
193989.1629
193989.163
193989.1625
193989.1631
193989.1625
193989.163
193989.1635
193989.1631
193989.163
193989.1627
193989.1632
193989.163
193989.1634
193989.1634
193989.1629
193989.1628
193989.1623
193989.163
193989.1626
193989.1634
193989.1638
193989.1632
193989.1629
193989.1625
193989.163
193989.1629
193989.1635
193989.1637
193989.1631
193989.1628
193989.1621
193989.1627
193989.1624
193989.1633
193989.1641
193989.1635
193989.1631
193989.1625
193989.1629
193989.1628
193989.1635
193989.1639
193989.1632
193989.1629
193989.1622
193989.1628
193989.1624
193989.1634
193989.1641
193989.1635
193989.1631
193989.1627
193989.1631
193989.163
193989.1637
193989.1638
193989.1632
193989.163
193989.1625
193989.1631
193989.1628
193989.1637
193989.1639
193989.1634
193989.1632
193989.1629
193989.1634
193989.1632
193989.1637
193989.1637
193989.1632
193989.1633
193989.1628
193989.1634
193989.1628
193989.1631
193989.1638
193989.1634
193989.1635
193989.1631
193989.1634
193989.1626
193989.1625
193989.1638
193989.1634
193989.1636
193989.1629
193989.1631
193989.162
193989.1621
193989.1192
193989.1187
193989.1194
193989.1178
193989.118
193989.1146
193989.1146
193989.1193
193989.1188
193989.1195
193989.118
193989.1179
193989.1148
193989.1141
193989.1191
193989.1185
193989.1193
193989.1176
193989.1178
193989.1141
193989.1139
193989.1192
193989.1186
193989.1193
193989.1176
193989.1175
193989.1144
193989.1136
193989.1191
193989.1184
193989.119
193989.1169
193989.117
193989.1133
193989.1132
193989.1194
193989.1187
193989.119
193989.117
193989.1166
193989.1135
193989.1129
193989.1194
193989.1186
193989.1189
193989.1164
193989.1162
193989.1124
193989.1124
193989.1197
193989.119
193989.1191
193989.1168
193989.1162
193989.113
193989.1125
193989.1197
193989.1188
193989.1191
193989.1164
193989.1163
193989.1125
193989.1125
193989.1197
193989.119
193989.1192
193989.1171
193989.1167
193989.1135
193989.1131
193989.1195
193989.1187
193989.1192
193989.117
193989.1171
193989.1135
193989.1135
193989.1195
193989.1189
193989.1195
193989.1178
193989.1177
193989.1147
193989.1139
193989.1194
193989.1188
193989.1196
193989.1179
193989.1181
193989.1144
193989.114
193989.1195
193989.119
193989.1198
193989.1184
193989.1183
193989.115
193989.1139
193989.1195
193989.1191
193989.1199
193989.1183
193989.1184
193989.1147
193989.1144
193989.1699
193989.17
193989.1701
193989.1697
193989.1698
193989.1693
193989.1697
193989.1701
193989.1701
193989.1703
193989.1701
193989.1703
193989.1701
193989.1705
193989.17
193989.1699
193989.1701
193989.17
193989.1706
193989.1704
193989.1712
193989.1702
193989.1701
193989.1703
193989.1704
193989.171
193989.1713
193989.172
193989.17
193989.1698
193989.1699
193989.1697
193989.1706
193989.1708
193989.1721
193989.1706
193989.1703
193989.1702
193989.1701
193989.1707
193989.1713
193989.1724
193989.1704
193989.17
193989.1699
193989.1694
193989.1702
193989.1704
193989.172
193989.171
193989.1707
193989.1703
193989.17
193989.1705
193989.1711
193989.1724
193989.1707
193989.1702
193989.17
193989.1695
193989.1702
193989.1705
193989.1721
193989.171
193989.1706
193989.1704
193989.1702
193989.1707
193989.1714
193989.1727
193989.1705
193989.1701
193989.1701
193989.1698
193989.1707
193989.171
193989.1724
193989.1706
193989.1704
193989.1704
193989.1705
193989.1711
193989.1716
193989.1723
193989.1702
193989.1701
193989.1704
193989.1703
193989.171
193989.1707
193989.1713
193989.1703
193989.1704
193989.1706
193989.1705
193989.1707
193989.1702
193989.1703
193989.1702
193989.1703
193989.1706
193989.1702
193989.1701
193989.1692
193989.1695
193989.1109
193989.1098
193989.1104
193989.1064
193989.107
193989.0995
193989.0998
193989.1109
193989.1098
193989.1102
193989.1064
193989.1062
193989.0995
193989.0981
193989.1106
193989.1092
193989.1099
193989.1055
193989.1057
193989.0977
193989.0974
193989.1106
193989.1093
193989.1095
193989.1056
193989.1048
193989.098
193989.0963
193989.1105
193989.1088
193989.1091
193989.1042
193989.104
193989.0958
193989.0955
193989.1108
193989.1092
193989.109
193989.1043
193989.1031
193989.096
193989.0946
193989.1109
193989.1089
193989.1088
193989.1032
193989.1026
193989.0942
193989.0938
193989.1113
193989.1095
193989.109
193989.1038
193989.1024
193989.095
193989.0938
193989.1112
193989.1092
193989.109
193989.1033
193989.1026
193989.0942
193989.094
193989.1112
193989.1095
193989.1091
193989.1043
193989.1031
193989.0961
193989.0948
193989.1109
193989.1091
193989.1093
193989.1042
193989.1041
193989.096
193989.0958
193989.1109
193989.1095
193989.1096
193989.1056
193989.105
193989.0983
193989.0965
193989.1108
193989.1094
193989.1101
193989.1057
193989.1061
193989.098
193989.0974
193989.1111
193989.1099
193989.1105
193989.1068
193989.1065
193989.0995
193989.0977
193989.1111
193989.1101
193989.1108
193989.1068
193989.1072
193989.0994
193989.0994
193989.1766
193989.1775
193989.1776
193989.1789
193989.1791
193989.18
193989.1813
193989.1768
193989.1778
193989.178
193989.1795
193989.18
193989.1815
193989.1829
193989.1766
193989.1776
193989.178
193989.1796
193989.1807
193989.1825
193989.1845
193989.177
193989.1781
193989.1784
193989.1803
193989.1814
193989.1841
193989.186
193989.1767
193989.1775
193989.1779
193989.1794
193989.1811
193989.1836
193989.1866
193989.1776
193989.1784
193989.1784
193989.1801
193989.1814
193989.1847
193989.1874
193989.1773
193989.1778
193989.178
193989.1791
193989.1809
193989.1835
193989.1871
193989.1782
193989.1788
193989.1787
193989.1801
193989.1813
193989.1847
193989.1876
193989.1776
193989.178
193989.1781
193989.1791
193989.1809
193989.1835
193989.1872
193989.178
193989.1787
193989.1786
193989.1801
193989.1814
193989.1848
193989.1876
193989.1772
193989.1779
193989.1781
193989.1795
193989.1812
193989.1838
193989.187
193989.1773
193989.1783
193989.1784
193989.1803
193989.1815
193989.1843
193989.1863
193989.1768
193989.1777
193989.1782
193989.1798
193989.181
193989.1827
193989.1845
193989.1768
193989.1779
193989.1783
193989.1799
193989.1803
193989.1816
193989.1825
193989.1768
193989.1777
193989.178
193989.1793
193989.1793
193989.1798
193989.1809
193989.106
193989.1035
193989.1043
193989.0943
193989.0959
193989.078
193989.0806
193989.1059
193989.1034
193989.1031
193989.0939
193989.0932
193989.0777
193989.0747
193989.1054
193989.1024
193989.1024
193989.0917
193989.0921
193989.073
193989.0731
193989.1052
193989.1023
193989.1012
193989.0917
193989.0893
193989.0733
193989.0686
193989.1049
193989.1013
193989.1007
193989.0891
193989.088
193989.0686
193989.067
193989.1052
193989.1018
193989.1
193989.0893
193989.0856
193989.0686
193989.0642
193989.1052
193989.1012
193989.0999
193989.0875
193989.085
193989.0653
193989.063
193989.1058
193989.102
193989.1
193989.0884
193989.0843
193989.0666
193989.0624
193989.1056
193989.1015
193989.1001
193989.0875
193989.085
193989.0653
193989.0631
193989.1057
193989.1021
193989.1002
193989.0893
193989.0856
193989.0687
193989.0644
193989.1054
193989.1016
193989.1008
193989.0891
193989.088
193989.0688
193989.0673
193989.1055
193989.1024
193989.1012
193989.0917
193989.0893
193989.0735
193989.0688
193989.1055
193989.1025
193989.1025
193989.0919
193989.0924
193989.0732
193989.073
193989.1059
193989.1035
193989.1033
193989.0943
193989.0935
193989.0776
193989.0742
193989.1061
193989.1037
193989.1046
193989.0946
193989.0961
193989.0778
193989.0801
193989.1806
193989.182
193989.1828
193989.1877
193989.1885
193989.1938
193989.1975
193989.1809
193989.1826
193989.1835
193989.1893
193989.1908
193989.1971
193989.2009
193989.1807
193989.1826
193989.1837
193989.1901
193989.1924
193989.1996
193989.2047
193989.1813
193989.1834
193989.1846
193989.1916
193989.1941
193989.2029
193989.208
193989.1807
193989.1826
193989.184
193989.1908
193989.1944
193989.2031
193989.21
193989.1817
193989.1838
193989.1849
193989.1922
193989.1952
193989.2056
193989.2119
193989.1812
193989.1829
193989.1843
193989.1909
193989.1949
193989.2042
193989.2122
193989.1824
193989.1843
193989.1854
193989.1927
193989.1958
193989.2064
193989.2131
193989.1816
193989.1831
193989.1844
193989.191
193989.1949
193989.2042
193989.2124
193989.1823
193989.1841
193989.1851
193989.1922
193989.1951
193989.2056
193989.2121
193989.1813
193989.183
193989.1842
193989.1908
193989.1944
193989.2033
193989.2104
193989.1815
193989.1835
193989.1845
193989.1915
193989.1942
193989.2031
193989.2081
193989.1807
193989.1826
193989.1838
193989.1902
193989.1927
193989.1998
193989.2046
193989.1808
193989.1825
193989.1836
193989.1896
193989.191
193989.1971
193989.2004
193989.1806
193989.1821
193989.183
193989.188
193989.1886
193989.1935
193989.197
193989.1075
193989.1029
193989.1049
193989.0832
193989.0902
193989.0432
193989.0596
193989.1072
193989.103
193989.1021
193989.0831
193989.0808
193989.0439
193989.0378
193989.1065
193989.1016
193989.101
193989.0784
193989.0786
193989.0322
193989.0345
193989.106
193989.1016
193989.0981
193989.0786
193989.0702
193989.0327
193989.0185
193989.1054
193989.0997
193989.0976
193989.0737
193989.0687
193989.0228
193989.0153
193989.1056
193989.1002
193989.0964
193989.0741
193989.0632
193989.0221
193989.0062
193989.1053
193989.0991
193989.0964
193989.0709
193989.063
193989.0156
193989.0047
193989.1061
193989.1005
193989.0973
193989.0728
193989.0609
193989.0167
193989.0022
193989.1058
193989.0994
193989.0966
193989.071
193989.063
193989.0155
193989.0049
193989.1062
193989.1006
193989.0965
193989.074
193989.063
193989.0221
193989.0064
193989.106
193989.1
193989.0977
193989.0736
193989.0686
193989.0229
193989.0157
193989.1062
193989.1016
193989.098
193989.0784
193989.0702
193989.0329
193989.0187
193989.1065
193989.1015
193989.1009
193989.0784
193989.0789
193989.0323
193989.0344
193989.107
193989.1029
193989.1021
193989.0833
193989.081
193989.0437
193989.0371
193989.1075
193989.1029
193989.1051
193989.0835
193989.0903
193989.0428
193989.059
193989.1781
193989.18
193989.1801
193989.1918
193989.1926
193989.2099
193989.2185
193989.1784
193989.1807
193989.1819
193989.1951
193989.1968
193989.2178
193989.2259
193989.1785
193989.1807
193989.183
193989.1972
193989.2009
193989.2238
193989.2352
193989.1795
193989.1819
193989.185
193989.2001
193989.2049
193989.2318
193989.2426
193989.1788
193989.1807
193989.1848
193989.1998
193989.2072
193989.2341
193989.2497
193989.1805
193989.1823
193989.1867
193989.2026
193989.21
193989.24
193989.2541
193989.1797
193989.1812
193989.186
193989.2013
193989.2109
193989.2393
193989.2576
193989.1819
193989.1835
193989.1879
193989.2055
193989.2139
193989.2442
193989.2588
193989.1802
193989.1816
193989.1862
193989.2015
193989.211
193989.2394
193989.2577
193989.1812
193989.1828
193989.1869
193989.2025
193989.2097
193989.2399
193989.2543
193989.1795
193989.1812
193989.185
193989.1997
193989.2072
193989.2343
193989.2501
193989.1798
193989.182
193989.1849
193989.1999
193989.2048
193989.232
193989.2427
193989.1785
193989.1807
193989.183
193989.1973
193989.2011
193989.224
193989.2348
193989.1781
193989.1805
193989.1819
193989.1953
193989.1971
193989.2176
193989.2251
193989.1779
193989.18
193989.1802
193989.192
193989.1926
193989.2094
193989.2177
193989.1151
193989.1077
193989.115
193989.0797
193989.105
193988.9862
193989.0765
193989.1142
193989.1085
193989.1097
193989.0823
193989.0793
193988.996
193988.9824
193989.1145
193989.1058
193989.1088
193989.0743
193989.075
193988.969
193988.9761
193989.1138
193989.1063
193989.1037
193989.0758
193989.0553
193988.9709
193988.921
193989.1125
193989.1027
193989.1037
193989.0689
193989.0557
193988.952
193988.9126
193989.1115
193989.1029
193989.1026
193989.0704
193989.0448
193988.9477
193988.8833
193989.1107
193989.1017
193989.1043
193989.0686
193989.0504
193988.9335
193988.8812
193989.1115
193989.1047
193989.1089
193989.0772
193989.0489
193988.9286
193988.8732
193989.1112
193989.1021
193989.1047
193989.069
193989.0505
193988.9331
193988.8813
193989.1122
193989.1034
193989.1028
193989.0701
193989.0443
193988.9474
193988.8835
193989.1132
193989.1031
193989.1039
193989.0687
193989.0556
193988.952
193988.9131
193989.114
193989.1063
193989.1035
193989.0753
193989.0552
193988.9709
193988.9212
193989.1144
193989.1057
193989.1086
193989.0743
193989.0754
193988.9692
193988.976
193989.1138
193989.1082
193989.1096
193989.0824
193989.0796
193988.9957
193988.9815
193989.1149
193989.1076
193989.1151
193989.0798
193989.1051
193988.9855
193989.0757
193989.1636
193989.1688
193989.1614
193989.1892
193989.173
193989.2247
193989.2197
193989.1642
193989.1696
193989.162
193989.1938
193989.1806
193989.244
193989.2411
193989.1637
193989.1668
193989.1635
193989.1945
193989.1895
193989.2601
193989.2651
193989.1646
193989.1668
193989.1653
193989.1977
193989.1961
193989.2788
193989.2875
193989.164
193989.1656
193989.1686
193989.1995
193989.2046
193989.2869
193989.3104
193989.1683
193989.1699
193989.1738
193989.2061
193989.2091
193989.3018
193989.3237
193989.1688
193989.1699
193989.1743
193989.2064
193989.2172
193989.3102
193989.3407
193989.1758
193989.175
193989.1791
193989.2203
193989.2257
193989.3226
193989.3412
193989.1697
193989.1707
193989.1747
193989.2074
193989.2183
193989.3112
193989.3416
193989.1694
193989.1707
193989.174
193989.2058
193989.2083
193989.3017
193989.3242
193989.165
193989.1663
193989.1688
193989.1995
193989.2046
193989.2871
193989.311
193989.165
193989.1669
193989.165
193989.1974
193989.196
193989.2792
193989.2879
193989.1636
193989.1667
193989.1633
193989.1945
193989.1898
193989.2603
193989.2647
193989.1638
193989.1693
193989.1619
193989.1941
193989.181
193989.2438
193989.2401
193989.1633
193989.1687
193989.1615
193989.1895
193989.1729
193989.224
193989.2185
193989.1293
193989.1198
193989.1401
193989.0957
193989.1557
193988.9294
193989.2367
193989.1264
193989.1235
193989.1338
193989.1046
193989.1119
193988.9879
193988.9743
193989.1272
193989.1216
193989.135
193989.0992
193989.1076
193988.941
193988.9186
193989.1269
193989.1245
193989.1291
193989.1041
193989.0822
193988.9534
193988.7788
193989.1281
193989.1241
193989.1297
193989.0967
193989.0893
193988.9295
193988.742
193989.1297
193989.1258
193989.1283
193989.0953
193989.0653
193988.9119
193988.651
193989.1305
193989.1255
193989.1277
193989.0922
193989.091
193988.8895
193988.6246
193989.133
193989.1227
193989.1319
193989.1083
193989.0665
193988.8479
193988.6
193989.1313
193989.1261
193989.1281
193989.094
193989.0928
193988.8882
193988.6234
193989.1307
193989.1263
193989.1282
193989.0938
193989.0633
193988.9102
193988.6505
193989.1291
193989.1247
193989.1298
193989.0968
193989.0894
193988.9296
193988.7434
193989.1271
193989.1244
193989.1287
193989.1032
193989.082
193988.9534
193988.7796
193989.127
193989.1214
193989.1348
193989.0993
193989.1085
193988.9414
193988.9194
193989.1259
193989.1231
193989.1337
193989.1049
193989.1124
193988.9872
193988.9737
193989.129
193989.1197
193989.1403
193989.096
193989.1558
193988.9287
193989.2354
193989.1508
193989.151
193989.1431
193989.1599
193989.1105
193989.2129
193988.9602
193989.1511
193989.1506
193989.1428
193989.1608
193989.1131
193989.2176
193988.9406
193989.152
193989.1474
193989.1465
193989.1504
193989.1315
193989.2006
193988.9751
193989.1533
193989.1479
193989.1501
193989.1506
193989.1491
193989.2091
193989.0448
193989.1536
193989.1477
193989.1539
193989.1527
193989.1641
193989.1917
193989.0815
193989.1561
193989.1506
193989.1562
193989.1512
193989.165
193989.1775
193989.1331
193989.1559
193989.1511
193989.1531
193989.1497
193989.1493
193989.1533
193989.1326
193989.1588
193989.1535
193989.1518
193989.1399
193989.144
193989.1525
193989.1575
193989.1566
193989.1516
193989.1531
193989.1499
193989.1479
193989.1524
193989.1322
193989.1569
193989.151
193989.1558
193989.1502
193989.163
193989.1772
193989.1339
193989.1545
193989.1482
193989.1538
193989.1527
193989.1633
193989.1927
193989.082
193989.1535
193989.1478
193989.1496
193989.1505
193989.1492
193989.2105
193989.0455
193989.1519
193989.1473
193989.1464
193989.1509
193989.132
193989.2019
193988.9746
193989.1507
193989.1504
193989.1429
193989.1614
193989.1133
193989.2178
193988.9395
193989.1505
193989.151
193989.1433
193989.1604
193989.1102
193989.212
193988.9589
193989.1558
193989.1504
193989.1515
193989.1489
193989.1493
193989.1476
193989.1478
193989.1555
193989.1501
193989.1513
193989.1487
193989.1491
193989.1475
193989.1476
193989.1551
193989.1499
193989.151
193989.1484
193989.1489
193989.1472
193989.1476
193989.1549
193989.1498
193989.1508
193989.1483
193989.1487
193989.1473
193989.1478
193989.1547
193989.1495
193989.1506
193989.148
193989.1485
193989.1471
193989.1477
193989.1547
193989.1496
193989.1505
193989.1481
193989.1486
193989.1473
193989.1477
193989.1546
193989.1494
193989.1504
193989.148
193989.1485
193989.147
193989.1474
193989.1547
193989.1495
193989.1505
193989.1482
193989.1486
193989.1473
193989.1474
193989.1546
193989.1494
193989.1505
193989.1481
193989.1486
193989.1471
193989.1473
193989.1547
193989.1496
193989.1506
193989.1483
193989.1487
193989.1473
193989.1474
193989.1547
193989.1495
193989.1506
193989.1481
193989.1486
193989.1471
193989.1475
193989.1549
193989.1498
193989.1508
193989.1483
193989.1487
193989.1473
193989.1476
193989.1552
193989.1499
193989.1509
193989.1483
193989.1488
193989.1474
193989.1479
193989.1555
193989.1502
193989.1512
193989.1486
193989.149
193989.1479
193989.1483
193989.1559
193989.1504
193989.1515
193989.1489
193989.1494
193989.1482
193989.1486
193989.1433
193989.1439
193989.1438
193989.143
193989.1432
193989.142
193989.1421
193989.1432
193989.1439
193989.1438
193989.143
193989.1431
193989.1419
193989.142
193989.1431
193989.1438
193989.1436
193989.1427
193989.1429
193989.1417
193989.142
193989.143
193989.1437
193989.1435
193989.1427
193989.1428
193989.1418
193989.1421
193989.1428
193989.1435
193989.1433
193989.1424
193989.1426
193989.1415
193989.1421
193989.1427
193989.1435
193989.1433
193989.1425
193989.1426
193989.1418
193989.1421
193989.1424
193989.1433
193989.1432
193989.1423
193989.1426
193989.1415
193989.1418
193989.1424
193989.1435
193989.1433
193989.1426
193989.1427
193989.1418
193989.1418
193989.1424
193989.1433
193989.1432
193989.1424
193989.1427
193989.1415
193989.1417
193989.1426
193989.1435
193989.1434
193989.1426
193989.1428
193989.1418
193989.1418
193989.1427
193989.1435
193989.1434
193989.1425
193989.1427
193989.1416
193989.1419
193989.143
193989.1437
193989.1435
193989.1426
193989.1427
193989.1418
193989.1421
193989.1431
193989.1438
193989.1435
193989.1426
193989.1427
193989.1418
193989.1423
193989.1433
193989.1439
193989.1436
193989.1428
193989.143
193989.1423
193989.1426
193989.1433
193989.144
193989.1438
193989.143
193989.1433
193989.1425
193989.1429
193989.1557
193989.154
193989.1544
193989.1533
193989.1535
193989.1524
193989.1525
193989.1556
193989.1539
193989.1544
193989.1532
193989.1535
193989.1524
193989.1524
193989.1554
193989.1537
193989.1543
193989.153
193989.1533
193989.1522
193989.1525
193989.1555
193989.1537
193989.1542
193989.153
193989.1533
193989.1524
193989.1528
193989.1553
193989.1535
193989.154
193989.1527
193989.1531
193989.1521
193989.1528
193989.1554
193989.1536
193989.1541
193989.1528
193989.1532
193989.1524
193989.1528
193989.1553
193989.1534
193989.154
193989.1526
193989.1531
193989.1521
193989.1526
193989.1555
193989.1536
193989.1541
193989.1529
193989.1533
193989.1524
193989.1526
193989.1553
193989.1534
193989.154
193989.1527
193989.1532
193989.1522
193989.1525
193989.1554
193989.1536
193989.1541
193989.1529
193989.1533
193989.1524
193989.1526
193989.1553
193989.1535
193989.1541
193989.1528
193989.1532
193989.1522
193989.1526
193989.1555
193989.1537
193989.1542
193989.1529
193989.1532
193989.1524
193989.1527
193989.1555
193989.1537
193989.1542
193989.1528
193989.1532
193989.1523
193989.1528
193989.1557
193989.1539
193989.1542
193989.153
193989.1533
193989.1526
193989.153
193989.1558
193989.1541
193989.1543
193989.1532
193989.1536
193989.1528
193989.1531
193989.1362
193989.136
193989.1365
193989.1356
193989.1358
193989.1345
193989.1345
193989.1362
193989.1361
193989.1365
193989.1357
193989.1358
193989.1345
193989.1343
193989.1362
193989.136
193989.1363
193989.1354
193989.1356
193989.1342
193989.1343
193989.1362
193989.1361
193989.1363
193989.1355
193989.1355
193989.1344
193989.1345
193989.136
193989.1359
193989.136
193989.1351
193989.1353
193989.134
193989.1344
193989.1361
193989.136
193989.136
193989.1352
193989.1352
193989.1342
193989.1345
193989.1359
193989.1358
193989.1359
193989.1349
193989.1351
193989.1339
193989.1342
193989.136
193989.1359
193989.136
193989.1352
193989.1353
193989.1342
193989.1342
193989.1359
193989.1358
193989.136
193989.135
193989.1352
193989.1339
193989.1341
193989.136
193989.136
193989.1361
193989.1353
193989.1354
193989.1343
193989.1343
193989.136
193989.1359
193989.1361
193989.1351
193989.1353
193989.1341
193989.1343
193989.1362
193989.1361
193989.1362
193989.1354
193989.1354
193989.1344
193989.1345
193989.1362
193989.136
193989.1362
193989.1353
193989.1355
193989.1343
193989.1346
193989.1363
193989.1361
193989.1364
193989.1355
193989.1356
193989.1346
193989.1347
193989.1363
193989.136
193989.1364
193989.1355
193989.1358
193989.1347
193989.135
193989.1585
193989.1579
193989.158
193989.1574
193989.1576
193989.1567
193989.1567
193989.1586
193989.158
193989.158
193989.1575
193989.1576
193989.1568
193989.1568
193989.1585
193989.1578
193989.1579
193989.1573
193989.1576
193989.1568
193989.157
193989.1585
193989.1578
193989.1579
193989.1574
193989.1576
193989.1571
193989.1573
193989.1584
193989.1576
193989.1577
193989.157
193989.1574
193989.1568
193989.1574
193989.1586
193989.1577
193989.1578
193989.1571
193989.1574
193989.157
193989.1575
193989.1584
193989.1575
193989.1576
193989.1568
193989.1572
193989.1566
193989.1573
193989.1586
193989.1578
193989.1578
193989.1571
193989.1574
193989.157
193989.1573
193989.1584
193989.1575
193989.1577
193989.1569
193989.1573
193989.1567
193989.1572
193989.1586
193989.1578
193989.1578
193989.1572
193989.1575
193989.1571
193989.1574
193989.1584
193989.1576
193989.1577
193989.1571
193989.1574
193989.1568
193989.1573
193989.1586
193989.1578
193989.1579
193989.1573
193989.1575
193989.1571
193989.1574
193989.1585
193989.1578
193989.1578
193989.1572
193989.1575
193989.1568
193989.1572
193989.1587
193989.158
193989.1579
193989.1573
193989.1575
193989.1569
193989.1571
193989.1586
193989.158
193989.158
193989.1573
193989.1575
193989.1568
193989.157
193989.1282
193989.1278
193989.1284
193989.1275
193989.1276
193989.1257
193989.1256
193989.1282
193989.1279
193989.1285
193989.1275
193989.1276
193989.1258
193989.1253
193989.1281
193989.1277
193989.1284
193989.1273
193989.1275
193989.1254
193989.1253
193989.1281
193989.1278
193989.1284
193989.1273
193989.1274
193989.1257
193989.1254
193989.128
193989.1276
193989.1281
193989.1268
193989.127
193989.125
193989.1253
193989.1281
193989.1278
193989.1281
193989.1269
193989.1268
193989.1252
193989.1252
193989.1281
193989.1276
193989.128
193989.1264
193989.1266
193989.1246
193989.1248
193989.1282
193989.1279
193989.1281
193989.1267
193989.1266
193989.125
193989.1249
193989.1281
193989.1277
193989.128
193989.1265
193989.1266
193989.1246
193989.1248
193989.1282
193989.1278
193989.1282
193989.1269
193989.1269
193989.1253
193989.1251
193989.1281
193989.1276
193989.1281
193989.1268
193989.127
193989.1251
193989.1252
193989.1281
193989.1278
193989.1283
193989.1272
193989.1273
193989.1256
193989.1254
193989.1281
193989.1277
193989.1283
193989.1271
193989.1273
193989.1254
193989.1254
193989.1282
193989.1278
193989.1284
193989.1274
193989.1275
193989.1257
193989.1254
193989.1282
193989.1278
193989.1284
193989.1274
193989.1275
193989.1257
193989.1257
193989.1635
193989.1632
193989.1632
193989.1626
193989.1628
193989.1619
193989.1621
193989.1636
193989.1632
193989.1632
193989.1627
193989.163
193989.1623
193989.1624
193989.1635
193989.163
193989.1631
193989.1626
193989.1631
193989.1625
193989.1628
193989.1636
193989.1632
193989.1631
193989.1628
193989.1633
193989.163
193989.1633
193989.1634
193989.1629
193989.1628
193989.1623
193989.163
193989.1626
193989.1634
193989.1637
193989.1632
193989.1629
193989.1625
193989.1629
193989.1628
193989.1636
193989.1636
193989.1629
193989.1626
193989.162
193989.1626
193989.1623
193989.1632
193989.1639
193989.1633
193989.1629
193989.1624
193989.1627
193989.1627
193989.1634
193989.1637
193989.163
193989.1627
193989.162
193989.1626
193989.1623
193989.1632
193989.1638
193989.1633
193989.1629
193989.1625
193989.1629
193989.1629
193989.1635
193989.1635
193989.1629
193989.1628
193989.1623
193989.1629
193989.1626
193989.1634
193989.1636
193989.1631
193989.163
193989.1627
193989.1632
193989.1629
193989.1633
193989.1635
193989.163
193989.163
193989.1625
193989.163
193989.1624
193989.1628
193989.1636
193989.1632
193989.1631
193989.1626
193989.1629
193989.1622
193989.1624
193989.1635
193989.1632
193989.1632
193989.1625
193989.1627
193989.1618
193989.1622
193989.1194
193989.1189
193989.1196
193989.118
193989.1182
193989.1147
193989.1145
193989.1194
193989.1189
193989.1196
193989.1181
193989.118
193989.1147
193989.1139
193989.1192
193989.1186
193989.1195
193989.1177
193989.1179
193989.1141
193989.1137
193989.1193
193989.1187
193989.1194
193989.1178
193989.1176
193989.1144
193989.1136
193989.1191
193989.1184
193989.1191
193989.1169
193989.117
193989.1133
193989.1133
193989.1194
193989.1187
193989.119
193989.117
193989.1166
193989.1134
193989.113
193989.1194
193989.1185
193989.1189
193989.1163
193989.1161
193989.1124
193989.1125
193989.1197
193989.1189
193989.119
193989.1166
193989.1161
193989.1129
193989.1124
193989.1195
193989.1186
193989.1189
193989.1163
193989.1162
193989.1124
193989.1124
193989.1196
193989.1188
193989.1191
193989.117
193989.1166
193989.1134
193989.1129
193989.1193
193989.1185
193989.1191
193989.1168
193989.117
193989.1133
193989.1133
193989.1193
193989.1187
193989.1192
193989.1176
193989.1174
193989.1144
193989.1136
193989.1192
193989.1185
193989.1193
193989.1176
193989.1177
193989.114
193989.1137
193989.1193
193989.1188
193989.1195
193989.118
193989.1179
193989.1146
193989.1138
193989.1193
193989.1188
193989.1195
193989.1179
193989.118
193989.1145
193989.1145
193989.1701
193989.1702
193989.1703
193989.1699
193989.17
193989.1693
193989.1696
193989.1703
193989.1703
193989.1704
193989.1702
193989.1705
193989.1701
193989.1702
193989.1701
193989.17
193989.1703
193989.1702
193989.1708
193989.1705
193989.1711
193989.1703
193989.1702
193989.1704
193989.1706
193989.1712
193989.1714
193989.172
193989.1701
193989.1698
193989.17
193989.1699
193989.1707
193989.1709
193989.1722
193989.1706
193989.1704
193989.1702
193989.1701
193989.1707
193989.1713
193989.1726
193989.1704
193989.17
193989.1698
193989.1693
193989.1701
193989.1704
193989.1721
193989.171
193989.1706
193989.1702
193989.1699
193989.1704
193989.171
193989.1723
193989.1706
193989.1701
193989.1699
193989.1694
193989.1701
193989.1704
193989.172
193989.1708
193989.1705
193989.1702
193989.1701
193989.1706
193989.1713
193989.1725
193989.1703
193989.1699
193989.17
193989.1697
193989.1706
193989.1708
193989.1722
193989.1703
193989.1702
193989.1702
193989.1703
193989.1709
193989.1713
193989.172
193989.17
193989.1699
193989.1701
193989.17
193989.1706
193989.1704
193989.171
193989.1701
193989.1701
193989.1703
193989.1701
193989.1703
193989.1699
193989.1701
193989.17
193989.1701
193989.1702
193989.1698
193989.1698
193989.1691
193989.1695
193989.1112
193989.11
193989.1107
193989.1066
193989.1071
193989.0996
193989.0996
193989.1111
193989.11
193989.1104
193989.1067
193989.1063
193989.0994
193989.0978
193989.1108
193989.1094
193989.1101
193989.1057
193989.106
193989.0978
193989.0973
193989.1108
193989.1094
193989.1097
193989.1058
193989.1051
193989.0982
193989.0964
193989.1105
193989.1089
193989.1093
193989.1043
193989.1042
193989.096
193989.0957
193989.1109
193989.1092
193989.109
193989.1043
193989.1032
193989.0961
193989.0948
193989.1109
193989.1089
193989.1088
193989.1032
193989.1026
193989.0942
193989.0939
193989.1113
193989.1095
193989.1089
193989.1037
193989.1023
193989.095
193989.0938
193989.1111
193989.1091
193989.1089
193989.1032
193989.1025
193989.0941
193989.0939
193989.1111
193989.1094
193989.1091
193989.1043
193989.1031
193989.096
193989.0947
193989.1108
193989.1089
193989.1092
193989.1041
193989.104
193989.0959
193989.0956
193989.1107
193989.1093
193989.1095
193989.1055
193989.1048
193989.098
193989.0962
193989.1106
193989.1092
193989.1099
193989.1055
193989.1058
193989.0976
193989.0972
193989.1109
193989.1097
193989.1102
193989.1065
193989.1061
193989.0992
193989.0976
193989.111
193989.1099
193989.1105
193989.1064
193989.1069
193989.0993
193989.0995
193989.1769
193989.1777
193989.1779
193989.1791
193989.1793
193989.18
193989.1811
193989.177
193989.178
193989.1783
193989.1798
193989.1802
193989.1815
193989.1826
193989.1768
193989.1778
193989.1783
193989.1799
193989.1809
193989.1826
193989.1844
193989.1772
193989.1783
193989.1786
193989.1806
193989.1817
193989.1843
193989.1861
193989.1769
193989.1777
193989.1781
193989.1797
193989.1814
193989.1839
193989.1868
193989.1776
193989.1784
193989.1785
193989.1802
193989.1816
193989.1849
193989.1876
193989.1774
193989.1778
193989.178
193989.1791
193989.1809
193989.1835
193989.1872
193989.1782
193989.1788
193989.1786
193989.18
193989.1813
193989.1847
193989.1876
193989.1776
193989.178
193989.1781
193989.1791
193989.1808
193989.1835
193989.1872
193989.178
193989.1786
193989.1786
193989.1801
193989.1815
193989.1847
193989.1875
193989.1771
193989.1778
193989.178
193989.1795
193989.1812
193989.1837
193989.1868
193989.1772
193989.1781
193989.1784
193989.1803
193989.1814
193989.1841
193989.186
193989.1766
193989.1776
193989.178
193989.1796
193989.1807
193989.1824
193989.1842
193989.1767
193989.1777
193989.1781
193989.1796
193989.18
193989.1812
193989.1824
193989.1766
193989.1776
193989.1777
193989.1789
193989.179
193989.1796
193989.181
193989.1063
193989.1038
193989.1046
193989.0946
193989.0962
193989.0781
193989.0804
193989.1061
193989.1037
193989.1035
193989.0943
193989.0934
193989.0777
193989.0744
193989.1056
193989.1026
193989.1028
193989.0921
193989.0925
193989.0732
193989.073
193989.1054
193989.1025
193989.1015
193989.0921
193989.0897
193989.0736
193989.0688
193989.105
193989.1015
193989.1009
193989.0894
193989.0884
193989.069
193989.0673
193989.1053
193989.1019
193989.1002
193989.0895
193989.0859
193989.0689
193989.0645
193989.1053
193989.1013
193989.1
193989.0875
193989.0851
193989.0654
193989.0632
193989.1058
193989.1021
193989.1
193989.0884
193989.0842
193989.0666
193989.0625
193989.1056
193989.1015
193989.1001
193989.0875
193989.085
193989.0653
193989.0631
193989.1057
193989.1021
193989.1002
193989.0894
193989.0857
193989.0687
193989.0643
193989.1053
193989.1015
193989.1008
193989.0892
193989.0881
193989.0688
193989.0672
193989.1053
193989.1023
193989.1012
193989.0917
193989.0893
193989.0734
193989.0685
193989.1054
193989.1023
193989.1024
193989.0918
193989.0922
193989.0728
193989.0726
193989.1057
193989.1033
193989.1031
193989.094
193989.0931
193989.0772
193989.0741
193989.106
193989.1036
193989.1043
193989.0943
193989.0958
193989.0776
193989.0802
193989.1809
193989.1823
193989.1831
193989.1881
193989.1888
193989.1939
193989.1973
193989.1811
193989.1829
193989.1839
193989.1897
193989.1911
193989.1971
193989.2006
193989.1809
193989.1828
193989.1841
193989.1905
193989.1928
193989.1998
193989.2046
193989.1815
193989.1837
193989.1849
193989.1921
193989.1947
193989.2033
193989.2082
193989.1809
193989.1828
193989.1843
193989.1912
193989.1948
193989.2035
193989.2104
193989.1819
193989.1839
193989.1851
193989.1924
193989.1955
193989.2059
193989.2122
193989.1813
193989.183
193989.1843
193989.1909
193989.1949
193989.2043
193989.2124
193989.1826
193989.1844
193989.1854
193989.1927
193989.1958
193989.2065
193989.2132
193989.1817
193989.1832
193989.1845
193989.1909
193989.1949
193989.2042
193989.2124
193989.1823
193989.1842
193989.1852
193989.1923
193989.1953
193989.2057
193989.2121
193989.1812
193989.183
193989.1842
193989.1909
193989.1945
193989.2033
193989.2103
193989.1814
193989.1835
193989.1846
193989.1916
193989.1942
193989.203
193989.2079
193989.1806
193989.1825
193989.1837
193989.1902
193989.1926
193989.1994
193989.2042
193989.1807
193989.1825
193989.1835
193989.1894
193989.1907
193989.1967
193989.2001
193989.1806
193989.182
193989.1829
193989.1878
193989.1883
193989.1933
193989.197
193989.1079
193989.1032
193989.1053
193989.0836
193989.0906
193989.0432
193989.0594
193989.1075
193989.1034
193989.1025
193989.0835
193989.0811
193989.0439
193989.0374
193989.1067
193989.1018
193989.1014
193989.0789
193989.0791
193989.0324
193989.0345
193989.1062
193989.1018
193989.0985
193989.0791
193989.0708
193989.0332
193989.0188
193989.1056
193989.0998
193989.0978
193989.0741
193989.0692
193989.0233
193989.0158
193989.1058
193989.1004
193989.0965
193989.0743
193989.0635
193989.0225
193989.0067
193989.1055
193989.0992
193989.0965
193989.0709
193989.0631
193989.0157
193989.005
193989.1063
193989.1006
193989.0973
193989.0727
193989.0609
193989.0167
193989.0024
193989.1059
193989.0995
193989.0967
193989.071
193989.063
193989.0155
193989.0049
193989.1063
193989.1007
193989.0966
193989.0741
193989.0632
193989.0221
193989.0064
193989.106
193989.1
193989.0978
193989.0738
193989.0688
193989.023
193989.0156
193989.1061
193989.1016
193989.0981
193989.0786
193989.0703
193989.0328
193989.0184
193989.1063
193989.1014
193989.1009
193989.0785
193989.0788
193989.032
193989.034
193989.1069
193989.1028
193989.1021
193989.0831
193989.0808
193989.0433
193989.0368
193989.1074
193989.1029
193989.105
193989.0832
193989.09
193989.0425
193989.059
193989.1785
193989.1804
193989.1805
193989.1922
193989.1929
193989.2099
193989.2181
193989.1787
193989.1811
193989.1823
193989.1956
193989.1972
193989.2179
193989.2255
193989.1787
193989.181
193989.1835
193989.1978
193989.2015
193989.2242
193989.235
193989.1797
193989.1822
193989.1854
193989.2008
193989.2056
193989.2324
193989.2429
193989.179
193989.1809
193989.1851
193989.2002
193989.2079
193989.2348
193989.2503
193989.1807
193989.1825
193989.1869
193989.2029
193989.2104
193989.2406
193989.2548
193989.1799
193989.1813
193989.1861
193989.2013
193989.211
193989.2395
193989.2579
193989.1821
193989.1837
193989.188
193989.2055
193989.2139
193989.2445
193989.2591
193989.1804
193989.1818
193989.1863
193989.2014
193989.211
193989.2395
193989.2578
193989.1814
193989.183
193989.1871
193989.2027
193989.2099
193989.2401
193989.2544
193989.1796
193989.1812
193989.1851
193989.1999
193989.2074
193989.2345
193989.2499
193989.1798
193989.182
193989.185
193989.2001
193989.205
193989.232
193989.2424
193989.1784
193989.1806
193989.183
193989.1974
193989.2011
193989.2237
193989.2344
193989.1781
193989.1805
193989.1819
193989.1953
193989.1968
193989.2172
193989.2249
193989.1779
193989.18
193989.1801
193989.1918
193989.1923
193989.2092
193989.2177
193989.1156
193989.1081
193989.1154
193989.0801
193989.1053
193988.9861
193989.0761
193989.1146
193989.1089
193989.1102
193989.0828
193989.0797
193988.996
193988.9819
193989.1147
193989.1061
193989.1093
193989.075
193989.0757
193988.9694
193988.976
193989.1139
193989.1066
193989.1042
193989.0765
193989.0562
193988.9716
193988.9214
193989.1126
193989.1029
193989.104
193989.0694
193989.0565
193988.9527
193988.9132
193989.1116
193989.1031
193989.1028
193989.0707
193989.0453
193988.9483
193988.884
193989.1109
193989.1018
193989.1043
193989.0686
193989.0506
193988.9338
193988.8816
193989.1118
193989.1049
193989.109
193989.0771
193989.0489
193988.9288
193988.8734
193989.1115
193989.1023
193989.1048
193989.0689
193989.0505
193988.9332
193988.8814
193989.1124
193989.1036
193989.1029
193989.0702
193989.0445
193988.9475
193988.8835
193989.1133
193989.1032
193989.104
193989.069
193989.0559
193988.952
193988.9129
193989.1139
193989.1063
193989.1036
193989.0756
193989.0554
193988.9708
193988.9209
193989.1144
193989.1056
193989.1087
193989.0744
193989.0754
193988.9688
193988.9755
193989.1138
193989.1082
193989.1096
193989.0824
193989.0793
193988.9953
193988.9813
193989.1149
193989.1076
193989.115
193989.0796
193989.1048
193988.9853
193989.0758
193989.164
193989.1693
193989.1619
193989.1897
193989.1733
193989.2246
193989.2192
193989.1646
193989.17
193989.1625
193989.1944
193989.181
193989.244
193989.2404
193989.164
193989.1672
193989.1641
193989.1952
193989.1902
193989.2606
193989.2649
193989.1648
193989.1671
193989.1658
193989.1985
193989.1971
193989.2797
193989.2879
193989.1641
193989.1658
193989.1689
193989.2001
193989.2055
193989.2878
193989.3111
193989.1685
193989.1701
193989.174
193989.2065
193989.2097
193989.3026
193989.3245
193989.169
193989.17
193989.1744
193989.2065
193989.2174
193989.3107
193989.3412
193989.176
193989.1752
193989.1791
193989.2203
193989.2258
193989.323
193989.3416
193989.17
193989.1709
193989.1747
193989.2074
193989.2184
193989.3113
193989.3417
193989.1696
193989.1708
193989.1742
193989.206
193989.2085
193989.3019
193989.3242
193989.1651
193989.1664
193989.169
193989.1998
193989.2048
193989.2872
193989.3108
193989.165
193989.167
193989.1652
193989.1977
193989.1962
193989.279
193989.2874
193989.1636
193989.1667
193989.1635
193989.1947
193989.1897
193989.2599
193989.2642
193989.1639
193989.1693
193989.1619
193989.194
193989.1806
193989.2434
193989.2399
193989.1634
193989.1688
193989.1615
193989.1893
193989.1726
193989.2239
193989.2188
193989.1299
193989.1203
193989.1406
193989.0961
193989.156
193988.9293
193989.2361
193989.1268
193989.124
193989.1344
193989.1052
193989.1123
193988.9878
193988.9738
193989.1275
193989.122
193989.1356
193989.1
193989.1084
193988.9414
193988.9184
193989.1271
193989.1248
193989.1297
193989.1049
193989.0832
193988.9543
193988.7794
193989.1282
193989.1242
193989.1301
193989.0974
193989.0902
193988.9305
193988.7429
193989.1299
193989.126
193989.1285
193989.0957
193989.0659
193988.9128
193988.652
193989.1306
193989.1256
193989.1278
193989.0923
193989.0913
193988.8901
193988.6253
193989.1333
193989.1229
193989.1319
193989.1083
193989.0667
193988.8483
193988.6004
193989.1315
193989.1263
193989.1282
193989.094
193989.0929
193988.8884
193988.6236
193989.1309
193989.1265
193989.1284
193989.094
193989.0635
193988.9104
193988.6506
193989.1292
193989.1249
193989.13
193989.0971
193989.0896
193988.9296
193988.7432
193989.1272
193989.1245
193989.1289
193989.1035
193989.0821
193988.9531
193988.7792
193989.1271
193989.1215
193989.1349
193989.0994
193989.1083
193988.9408
193988.919
193989.126
193989.1232
193989.1338
193989.1047
193989.112
193988.9867
193988.9736
193989.1291
193989.1198
193989.1402
193989.0957
193989.1555
193988.9286
193989.2358
193989.1514
193989.1516
193989.1436
193989.1604
193989.1107
193989.2129
193988.9597
193989.1516
193989.1511
193989.1434
193989.1614
193989.1135
193989.2177
193988.9399
193989.1523
193989.1479
193989.1471
193989.1512
193989.1322
193989.201
193988.9747
193989.1535
193989.1483
193989.1507
193989.1514
193989.1501
193989.21
193989.0452
193989.1537
193989.1479
193989.1544
193989.1534
193989.165
193989.1927
193989.0821
193989.1562
193989.1508
193989.1564
193989.1517
193989.1657
193989.1784
193989.1339
193989.1561
193989.1512
193989.1532
193989.1498
193989.1497
193989.154
193989.1331
193989.159
193989.1537
193989.1519
193989.14
193989.1443
193989.1529
193989.1579
193989.1568
193989.1518
193989.1532
193989.15
193989.148
193989.1527
193989.1322
193989.1571
193989.1512
193989.156
193989.1505
193989.1633
193989.1774
193989.1337
193989.1546
193989.1484
193989.1541
193989.153
193989.1635
193989.1927
193989.0815
193989.1536
193989.148
193989.1499
193989.1508
193989.1491
193989.2102
193989.0448
193989.152
193989.1475
193989.1466
193989.151
193989.1317
193989.2013
193988.974
193989.1508
193989.1506
193989.143
193989.1612
193989.1128
193989.2173
193988.9394
193989.1507
193989.1512
193989.1432
193989.16
193989.1098
193989.2121
193988.9595
193989.1559
193989.1504
193989.1515
193989.149
193989.1494
193989.1482
193989.1485
193989.1556
193989.1502
193989.1512
193989.1487
193989.1491
193989.1479
193989.1482
193989.1553
193989.15
193989.151
193989.1484
193989.1488
193989.1475
193989.1479
193989.1551
193989.15
193989.1509
193989.1484
193989.1487
193989.1475
193989.1478
193989.155
193989.1498
193989.1508
193989.1482
193989.1486
193989.1472
193989.1476
193989.155
193989.1499
193989.1508
193989.1484
193989.1488
193989.1475
193989.1476
193989.1549
193989.1497
193989.1508
193989.1483
193989.1488
193989.1474
193989.1476
193989.155
193989.1498
193989.1509
193989.1485
193989.149
193989.1476
193989.1477
193989.1549
193989.1497
193989.1508
193989.1484
193989.149
193989.1474
193989.1478
193989.155
193989.1499
193989.1509
193989.1486
193989.1491
193989.1477
193989.1481
193989.155
193989.1499
193989.151
193989.1485
193989.1491
193989.1476
193989.1482
193989.1553
193989.1502
193989.1512
193989.1487
193989.1492
193989.1479
193989.1483
193989.1556
193989.1503
193989.1515
193989.1488
193989.1493
193989.1477
193989.148
193989.156
193989.1507
193989.1518
193989.1491
193989.1495
193989.1478
193989.1477
193989.1565
193989.151
193989.1521
193989.1493
193989.1496
193989.1476
193989.1476
193989.1433
193989.144
193989.1438
193989.1431
193989.1433
193989.1425
193989.1428
193989.1433
193989.144
193989.1437
193989.1429
193989.143
193989.1423
193989.1425
193989.1432
193989.1439
193989.1436
193989.1427
193989.1428
193989.1419
193989.1423
193989.1432
193989.1439
193989.1436
193989.1428
193989.1428
193989.1419
193989.1422
193989.143
193989.1438
193989.1435
193989.1426
193989.1427
193989.1417
193989.142
193989.143
193989.1438
193989.1436
193989.1428
193989.1429
193989.142
193989.1421
193989.1427
193989.1437
193989.1435
193989.1427
193989.1429
193989.1418
193989.142
193989.1427
193989.1438
193989.1436
193989.1429
193989.143
193989.1421
193989.1421
193989.1427
193989.1436
193989.1435
193989.1427
193989.143
193989.1419
193989.1421
193989.143
193989.1439
193989.1437
193989.1429
193989.1431
193989.1422
193989.1424
193989.1431
193989.1439
193989.1437
193989.1428
193989.1431
193989.142
193989.1425
193989.1434
193989.1441
193989.1439
193989.1431
193989.1433
193989.1423
193989.1426
193989.1436
193989.1442
193989.1441
193989.1432
193989.1434
193989.1421
193989.1423
193989.1437
193989.1444
193989.1443
193989.1435
193989.1435
193989.1422
193989.142
193989.1439
193989.1445
193989.1444
193989.1435
193989.1435
193989.142
193989.1419
193989.1558
193989.1541
193989.1544
193989.1532
193989.1536
193989.1528
193989.1531
193989.1557
193989.154
193989.1543
193989.1532
193989.1534
193989.1527
193989.153
193989.1556
193989.1538
193989.1543
193989.153
193989.1533
193989.1524
193989.1528
193989.1557
193989.1539
193989.1543
193989.153
193989.1533
193989.1525
193989.1528
193989.1556
193989.1537
193989.1542
193989.1529
193989.1533
193989.1523
193989.1528
193989.1557
193989.1539
193989.1543
193989.1531
193989.1534
193989.1526
193989.1528
193989.1556
193989.1537
193989.1543
193989.153
193989.1534
193989.1524
193989.1528
193989.1557
193989.1539
193989.1544
193989.1532
193989.1535
193989.1527
193989.1529
193989.1556
193989.1537
193989.1543
193989.153
193989.1535
193989.1524
193989.1529
193989.1557
193989.1539
193989.1544
193989.1532
193989.1536
193989.1527
193989.1531
193989.1557
193989.1538
193989.1544
193989.1531
193989.1536
193989.1526
193989.1532
193989.1558
193989.1541
193989.1546
193989.1534
193989.1537
193989.1529
193989.1532
193989.1559
193989.1541
193989.1547
193989.1535
193989.1538
193989.1527
193989.1529
193989.1561
193989.1544
193989.1549
193989.1537
193989.1539
193989.1527
193989.1526
193989.1562
193989.1546
193989.155
193989.1538
193989.1539
193989.1525
193989.1524
193989.1363
193989.1361
193989.1365
193989.1356
193989.1358
193989.1347
193989.135
193989.1363
193989.1361
193989.1365
193989.1356
193989.1357
193989.1347
193989.1348
193989.1363
193989.1361
193989.1363
193989.1354
193989.1356
193989.1344
193989.1346
193989.1363
193989.1362
193989.1363
193989.1355
193989.1356
193989.1346
193989.1346
193989.1362
193989.1361
193989.1362
193989.1353
193989.1354
193989.1342
193989.1345
193989.1363
193989.1362
193989.1363
193989.1354
193989.1355
193989.1345
193989.1345
193989.1362
193989.136
193989.1362
193989.1352
193989.1354
193989.1341
193989.1344
193989.1363
193989.1362
193989.1363
193989.1355
193989.1355
193989.1344
193989.1345
193989.1362
193989.1361
193989.1362
193989.1353
193989.1354
193989.1342
193989.1344
193989.1364
193989.1363
193989.1364
193989.1355
193989.1356
193989.1346
193989.1347
193989.1364
193989.1362
193989.1364
193989.1354
193989.1356
193989.1344
193989.1348
193989.1365
193989.1364
193989.1366
193989.1358
193989.1359
193989.1349
193989.1349
193989.1366
193989.1364
193989.1367
193989.1359
193989.1361
193989.1347
193989.1347
193989.1367
193989.1365
193989.137
193989.1362
193989.1363
193989.1349
193989.1345
193989.1367
193989.1365
193989.1371
193989.1362
193989.1362
193989.1346
193989.1345
193989.1586
193989.158
193989.158
193989.1574
193989.1575
193989.1568
193989.1571
193989.1587
193989.158
193989.158
193989.1575
193989.1576
193989.157
193989.1572
193989.1586
193989.1579
193989.158
193989.1574
193989.1576
193989.1569
193989.1573
193989.1587
193989.1579
193989.158
193989.1575
193989.1577
193989.1572
193989.1575
193989.1585
193989.1577
193989.1579
193989.1572
193989.1576
193989.157
193989.1575
193989.1587
193989.1579
193989.158
193989.1574
193989.1576
193989.1572
193989.1576
193989.1586
193989.1577
193989.1579
193989.1571
193989.1575
193989.1569
193989.1574
193989.1588
193989.158
193989.158
193989.1574
193989.1576
193989.1572
193989.1575
193989.1587
193989.1578
193989.1579
193989.1572
193989.1575
193989.1569
193989.1575
193989.1589
193989.1581
193989.1581
193989.1575
193989.1577
193989.1573
193989.1577
193989.1588
193989.1579
193989.158
193989.1573
193989.1577
193989.1571
193989.1578
193989.1589
193989.1581
193989.1582
193989.1577
193989.158
193989.1575
193989.1578
193989.1588
193989.1581
193989.1582
193989.1577
193989.1581
193989.1573
193989.1575
193989.1589
193989.1583
193989.1584
193989.158
193989.1581
193989.1572
193989.1571
193989.1589
193989.1584
193989.1585
193989.1579
193989.1579
193989.1568
193989.1568
193989.1282
193989.1278
193989.1284
193989.1274
193989.1276
193989.1258
193989.1258
193989.1283
193989.1279
193989.1285
193989.1275
193989.1276
193989.1259
193989.1256
193989.1281
193989.1278
193989.1284
193989.1273
193989.1275
193989.1256
193989.1256
193989.1282
193989.1279
193989.1284
193989.1274
193989.1274
193989.1258
193989.1255
193989.1281
193989.1277
193989.1282
193989.1269
193989.1272
193989.1252
193989.1253
193989.1282
193989.1279
193989.1283
193989.127
193989.127
193989.1254
193989.1253
193989.1282
193989.1278
193989.1282
193989.1267
193989.1268
193989.1248
193989.125
193989.1284
193989.1281
193989.1283
193989.127
193989.1269
193989.1252
193989.1251
193989.1284
193989.1279
193989.1283
193989.1267
193989.1268
193989.1248
193989.125
193989.1285
193989.1281
193989.1284
193989.1271
193989.1271
193989.1254
193989.1254
193989.1284
193989.1279
193989.1284
193989.127
193989.1272
193989.1253
193989.1256
193989.1284
193989.1281
193989.1285
193989.1275
193989.1276
193989.1261
193989.1258
193989.1284
193989.128
193989.1286
193989.1276
193989.1279
193989.1259
193989.1257
193989.1285
193989.1281
193989.1288
193989.1279
193989.128
193989.1262
193989.1256
193989.1285
193989.1281
193989.1289
193989.1279
193989.128
193989.1258
193989.1257
193989.1636
193989.1632
193989.1632
193989.1625
193989.1627
193989.1619
193989.1623
193989.1636
193989.1632
193989.1632
193989.1627
193989.163
193989.1625
193989.1626
193989.1635
193989.163
193989.1631
193989.1627
193989.1632
193989.1626
193989.1631
193989.1636
193989.1632
193989.1631
193989.1629
193989.1633
193989.1631
193989.1635
193989.1634
193989.1629
193989.1628
193989.1624
193989.1631
193989.1627
193989.1635
193989.1638
193989.1633
193989.163
193989.1626
193989.1631
193989.163
193989.1636
193989.1637
193989.1631
193989.1628
193989.1622
193989.1628
193989.1625
193989.1634
193989.1641
193989.1635
193989.1631
193989.1626
193989.1629
193989.1628
193989.1635
193989.1639
193989.1632
193989.1629
193989.1622
193989.1628
193989.1624
193989.1634
193989.1641
193989.1635
193989.1631
193989.1627
193989.1631
193989.163
193989.1638
193989.1638
193989.1632
193989.163
193989.1624
193989.1631
193989.1628
193989.1637
193989.1639
193989.1634
193989.1632
193989.1629
193989.1635
193989.1633
193989.1638
193989.1637
193989.1632
193989.1633
193989.1629
193989.1635
193989.1629
193989.1632
193989.1638
193989.1634
193989.1635
193989.1631
193989.1635
193989.1627
193989.1626
193989.1638
193989.1635
193989.1636
193989.163
193989.1631
193989.162
193989.1621
193989.1193
193989.1188
193989.1196
193989.1179
193989.1181
193989.1146
193989.1146
193989.1194
193989.1188
193989.1196
193989.1181
193989.118
193989.1149
193989.1141
193989.1192
193989.1186
193989.1194
193989.1177
193989.1179
193989.1142
193989.114
193989.1192
193989.1187
193989.1193
193989.1177
193989.1176
193989.1145
193989.1137
193989.1191
193989.1184
193989.1191
193989.117
193989.1171
193989.1134
193989.1133
193989.1194
193989.1187
193989.1191
193989.117
193989.1167
193989.1135
193989.113
193989.1194
193989.1186
193989.119
193989.1164
193989.1163
193989.1125
193989.1125
193989.1198
193989.119
193989.1191
193989.1168
193989.1163
193989.113
193989.1125
193989.1197
193989.1188
193989.1191
193989.1164
193989.1163
193989.1125
193989.1126
193989.1198
193989.119
193989.1192
193989.1171
193989.1166
193989.1135
193989.1131
193989.1195
193989.1187
193989.1192
193989.1169
193989.1171
193989.1135
193989.1136
193989.1195
193989.1189
193989.1194
193989.1178
193989.1177
193989.1147
193989.114
193989.1194
193989.1187
193989.1196
193989.1179
193989.1182
193989.1145
193989.1141
193989.1195
193989.119
193989.1198
193989.1184
193989.1184
193989.1151
193989.114
193989.1195
193989.1191
193989.1199
193989.1183
193989.1183
193989.1146
193989.1144
193989.1701
193989.1701
193989.1702
193989.1698
193989.1698
193989.1693
193989.1697
193989.1702
193989.1702
193989.1704
193989.1702
193989.1704
193989.1702
193989.1705
193989.17
193989.1699
193989.1702
193989.1701
193989.1708
193989.1706
193989.1713
193989.1702
193989.1701
193989.1703
193989.1705
193989.1711
193989.1714
193989.1721
193989.17
193989.1698
193989.1699
193989.1698
193989.1707
193989.1709
193989.1722
193989.1705
193989.1703
193989.1702
193989.1701
193989.1707
193989.1714
193989.1725
193989.1704
193989.17
193989.1699
193989.1694
193989.1702
193989.1705
193989.1721
193989.171
193989.1707
193989.1703
193989.1701
193989.1705
193989.1711
193989.1724
193989.1707
193989.1702
193989.17
193989.1695
193989.1702
193989.1704
193989.1721
193989.171
193989.1706
193989.1704
193989.1701
193989.1707
193989.1714
193989.1727
193989.1704
193989.1701
193989.1701
193989.1698
193989.1707
193989.171
193989.1725
193989.1705
193989.1703
193989.1704
193989.1705
193989.1712
193989.1717
193989.1724
193989.1702
193989.1701
193989.1703
193989.1703
193989.1711
193989.1709
193989.1714
193989.1703
193989.1703
193989.1706
193989.1705
193989.1708
193989.1703
193989.1703
193989.1702
193989.1704
193989.1706
193989.1702
193989.1701
193989.1692
193989.1695
193989.111
193989.1099
193989.1105
193989.1065
193989.1069
193989.0995
193989.0997
193989.111
193989.1098
193989.1103
193989.1065
193989.1063
193989.0995
193989.0981
193989.1107
193989.1092
193989.11
193989.1056
193989.1059
193989.0978
193989.0975
193989.1106
193989.1092
193989.1095
193989.1056
193989.1049
193989.0981
193989.0964
193989.1104
193989.1087
193989.1091
193989.1042
193989.1041
193989.0959
193989.0955
193989.1108
193989.1091
193989.1089
193989.1043
193989.1031
193989.0961
193989.0946
193989.1109
193989.1089
193989.1088
193989.1032
193989.1026
193989.0942
193989.0939
193989.1113
193989.1095
193989.109
193989.1038
193989.1023
193989.095
193989.0938
193989.1112
193989.1091
193989.109
193989.1032
193989.1025
193989.0942
193989.0939
193989.1112
193989.1095
193989.1091
193989.1043
193989.103
193989.096
193989.0948
193989.1109
193989.109
193989.1092
193989.1041
193989.104
193989.096
193989.0958
193989.1109
193989.1094
193989.1096
193989.1056
193989.105
193989.0984
193989.0967
193989.1108
193989.1093
193989.11
193989.1057
193989.1062
193989.0981
193989.0976
193989.111
193989.1099
193989.1105
193989.1069
193989.1066
193989.0996
193989.0978
193989.1111
193989.1101
193989.1109
193989.1068
193989.1071
193989.0994
193989.0994
193989.1767
193989.1776
193989.1777
193989.1789
193989.1791
193989.1799
193989.1812
193989.1768
193989.1778
193989.1781
193989.1796
193989.1801
193989.1816
193989.1829
193989.1766
193989.1776
193989.1781
193989.1797
193989.1808
193989.1826
193989.1846
193989.177
193989.1781
193989.1784
193989.1803
193989.1814
193989.1842
193989.1861
193989.1767
193989.1775
193989.1779
193989.1795
193989.1812
193989.1837
193989.1867
193989.1775
193989.1783
193989.1784
193989.1801
193989.1815
193989.1848
193989.1875
193989.1773
193989.1778
193989.1779
193989.1791
193989.1809
193989.1835
193989.1871
193989.1782
193989.1788
193989.1787
193989.1801
193989.1813
193989.1847
193989.1876
193989.1776
193989.178
193989.1781
193989.1791
193989.1808
193989.1834
193989.1872
193989.178
193989.1787
193989.1786
193989.1801
193989.1814
193989.1847
193989.1876
193989.1772
193989.1778
193989.178
193989.1794
193989.1811
193989.1838
193989.187
193989.1773
193989.1782
193989.1784
193989.1803
193989.1815
193989.1844
193989.1864
193989.1767
193989.1776
193989.1781
193989.1798
193989.1811
193989.1829
193989.1846
193989.1768
193989.1779
193989.1783
193989.18
193989.1805
193989.1817
193989.1826
193989.1767
193989.1777
193989.178
193989.1793
193989.1792
193989.1798
193989.1809
193989.1061
193989.1036
193989.1043
193989.0943
193989.0959
193989.0779
193989.0804
193989.1059
193989.1034
193989.1032
193989.094
193989.0933
193989.0777
193989.0747
193989.1054
193989.1024
193989.1025
193989.0919
193989.0923
193989.0731
193989.0731
193989.1051
193989.1022
193989.1012
193989.0918
193989.0893
193989.0734
193989.0687
193989.1048
193989.1012
193989.1006
193989.0891
193989.0881
193989.0687
193989.0671
193989.1051
193989.1017
193989.1
193989.0893
193989.0856
193989.0687
193989.0642
193989.1052
193989.1012
193989.0999
193989.0874
193989.085
193989.0653
193989.063
193989.1057
193989.102
193989.1
193989.0884
193989.0842
193989.0665
193989.0624
193989.1055
193989.1014
193989.1
193989.0874
193989.0849
193989.0652
193989.0631
193989.1057
193989.1021
193989.1002
193989.0893
193989.0855
193989.0686
193989.0644
193989.1053
193989.1015
193989.1007
193989.089
193989.0879
193989.0687
193989.0673
193989.1054
193989.1024
193989.1012
193989.0916
193989.0893
193989.0736
193989.069
193989.1054
193989.1024
193989.1024
193989.0919
193989.0925
193989.0734
193989.0731
193989.1058
193989.1034
193989.1033
193989.0943
193989.0936
193989.0778
193989.0744
193989.1061
193989.1037
193989.1046
193989.0946
193989.096
193989.0778
193989.0801
193989.1807
193989.1821
193989.1828
193989.1877
193989.1884
193989.1936
193989.1973
193989.1809
193989.1826
193989.1836
193989.1894
193989.1909
193989.1972
193989.2008
193989.1807
193989.1826
193989.1838
193989.1902
193989.1926
193989.1997
193989.2047
193989.1812
193989.1833
193989.1846
193989.1917
193989.1942
193989.203
193989.208
193989.1807
193989.1826
193989.184
193989.1909
193989.1944
193989.2032
193989.2101
193989.1816
193989.1837
193989.1849
193989.1922
193989.1952
193989.2056
193989.212
193989.1811
193989.1828
193989.1842
193989.1909
193989.1949
193989.2042
193989.2123
193989.1824
193989.1843
193989.1853
193989.1927
193989.1958
193989.2064
193989.2131
193989.1815
193989.1831
193989.1844
193989.1908
193989.1947
193989.2041
193989.2123
193989.1823
193989.1841
193989.1851
193989.1921
193989.195
193989.2055
193989.2121
193989.1812
193989.1829
193989.1841
193989.1906
193989.1942
193989.2032
193989.2104
193989.1815
193989.1835
193989.1845
193989.1915
193989.1942
193989.2032
193989.2083
193989.1806
193989.1825
193989.1837
193989.1902
193989.1928
193989.1999
193989.2047
193989.1807
193989.1825
193989.1836
193989.1897
193989.1912
193989.1972
193989.2006
193989.1806
193989.1821
193989.183
193989.188
193989.1886
193989.1935
193989.197
193989.1075
193989.1029
193989.105
193989.0832
193989.0901
193989.0429
193989.0593
193989.1071
193989.103
193989.1021
193989.0831
193989.0809
193989.0439
193989.0376
193989.1064
193989.1015
193989.101
193989.0785
193989.0788
193989.0322
193989.0345
193989.1059
193989.1014
193989.098
193989.0786
193989.0702
193989.0328
193989.0186
193989.1053
193989.0995
193989.0975
193989.0737
193989.0687
193989.0228
193989.0154
193989.1054
193989.1
193989.0962
193989.074
193989.0631
193989.0221
193989.0063
193989.1052
193989.099
193989.0963
193989.0708
193989.063
193989.0155
193989.0047
193989.106
193989.1004
193989.0972
193989.0727
193989.0608
193989.0166
193989.0022
193989.1057
193989.0993
193989.0965
193989.0708
193989.0628
193989.0154
193989.0047
193989.1062
193989.1006
193989.0965
193989.0739
193989.0629
193989.022
193989.0064
193989.1059
193989.0999
193989.0975
193989.0734
193989.0684
193989.0228
193989.0157
193989.1062
193989.1015
193989.0979
193989.0783
193989.0701
193989.033
193989.0189
193989.1063
193989.1014
193989.1008
193989.0784
193989.0789
193989.0325
193989.0346
193989.1069
193989.1029
193989.1022
193989.0834
193989.0812
193989.044
193989.0373
193989.1074
193989.1029
193989.1051
193989.0834
193989.0902
193989.0427
193989.059
193989.1781
193989.1801
193989.1801
193989.1917
193989.1924
193989.2096
193989.2181
193989.1783
193989.1807
193989.1819
193989.1952
193989.1969
193989.2178
193989.2258
193989.1784
193989.1807
193989.1831
193989.1974
193989.2011
193989.2239
193989.2351
193989.1794
193989.1818
193989.185
193989.2002
193989.205
193989.2318
193989.2426
193989.1787
193989.1806
193989.1848
193989.1998
193989.2074
193989.2343
193989.2498
193989.1803
193989.1822
193989.1866
193989.2025
193989.2099
193989.24
193989.2542
193989.1796
193989.1811
193989.1859
193989.2013
193989.211
193989.2394
193989.2576
193989.1818
193989.1835
193989.1878
193989.2055
193989.2138
193989.2441
193989.2588
193989.1801
193989.1815
193989.1861
193989.2012
193989.2107
193989.2391
193989.2576
193989.1812
193989.1828
193989.1869
193989.2024
193989.2096
193989.2397
193989.2543
193989.1794
193989.181
193989.1848
193989.1994
193989.2069
193989.2342
193989.25
193989.1797
193989.1819
193989.1848
193989.1998
193989.2048
193989.2321
193989.2429
193989.1783
193989.1805
193989.1828
193989.1972
193989.2012
193989.2242
193989.2351
193989.1781
193989.1805
193989.1819
193989.1954
193989.1973
193989.2179
193989.2253
193989.1779
193989.18
193989.1802
193989.192
193989.1925
193989.2094
193989.2177
193989.1151
193989.1077
193989.115
193989.0795
193989.1048
193988.9858
193989.0761
193989.1141
193989.1085
193989.1097
193989.0823
193989.0794
193988.9959
193988.9824
193989.1144
193989.1057
193989.1088
193989.0744
193989.0753
193988.9691
193988.9762
193989.1135
193989.1061
193989.1036
193989.0757
193989.0554
193988.9708
193988.921
193989.1123
193989.1025
193989.1036
193989.0689
193989.0558
193988.9519
193988.9127
193989.1113
193989.1027
193989.1024
193989.0702
193989.0446
193988.9476
193988.8833
193989.1105
193989.1015
193989.1042
193989.0687
193989.0504
193988.9333
193988.8811
193989.1114
193989.1045
193989.1087
193989.0769
193989.0487
193988.9286
193988.873
193989.1112
193989.102
193989.1044
193989.0685
193989.0501
193988.9331
193988.8811
193989.1123
193989.1034
193989.1027
193989.07
193989.0441
193988.9473
193988.8834
193989.1131
193989.103
193989.1036
193989.0684
193989.0552
193988.9519
193988.913
193989.114
193989.1062
193989.1034
193989.0753
193989.0552
193988.9711
193988.9215
193989.1143
193989.1055
193989.1085
193989.0742
193989.0754
193988.9695
193988.9761
193989.1138
193989.1082
193989.1096
193989.0826
193989.0798
193988.9961
193988.9818
193989.1148
193989.1076
193989.1151
193989.0798
193989.1049
193988.9855
193989.0755
193989.1635
193989.1688
193989.1614
193989.1892
193989.1727
193989.2243
193989.2193
193989.1641
193989.1695
193989.1619
193989.1939
193989.1806
193989.244
193989.241
193989.1636
193989.1668
193989.1635
193989.1946
193989.1896
193989.2601
193989.265
193989.1644
193989.1667
193989.1651
193989.1977
193989.1961
193989.2788
193989.2876
193989.1639
193989.1655
193989.1685
193989.1996
193989.2048
193989.287
193989.3105
193989.1682
193989.1698
193989.1737
193989.206
193989.2089
193989.3019
193989.3239
193989.1688
193989.1699
193989.1743
193989.207
193989.2182
193989.311
193989.3412
193989.1756
193989.1749
193989.179
193989.2203
193989.2257
193989.3226
193989.3413
193989.1694
193989.1704
193989.1745
193989.2066
193989.2174
193989.3104
193989.3409
193989.1693
193989.1706
193989.1739
193989.2057
193989.2083
193989.3015
193989.324
193989.1648
193989.1661
193989.1685
193989.199
193989.2041
193989.287
193989.3109
193989.1648
193989.1668
193989.1648
193989.1972
193989.1959
193989.2793
193989.2881
193989.1634
193989.1665
193989.1632
193989.1945
193989.1899
193989.2607
193989.265
193989.1638
193989.1692
193989.1619
193989.1942
193989.1812
193989.2442
193989.2403
193989.1632
193989.1687
193989.1615
193989.1895
193989.1729
193989.2239
193989.2186
193989.1293
193989.1198
193989.1401
193989.0955
193989.1555
193988.929
193989.2364
193989.1263
193989.1234
193989.1338
193989.1046
193989.112
193988.9876
193988.9747
193989.127
193989.1215
193989.135
193989.0993
193989.1079
193988.941
193988.9193
193989.1266
193989.1242
193989.1289
193989.1038
193989.082
193988.953
193988.7791
193989.128
193989.124
193989.1297
193989.097
193989.0895
193988.9294
193988.7425
193989.1296
193989.1256
193989.1281
193989.0947
193989.0643
193988.9109
193988.6505
193989.1304
193989.1255
193989.1278
193989.0934
193989.0923
193988.8887
193988.6236
193989.133
193989.1227
193989.1319
193989.1082
193989.0666
193988.8478
193988.5998
193989.1311
193989.126
193989.1279
193989.0927
193989.0913
193988.8884
193988.624
193989.1307
193989.1264
193989.1283
193989.0945
193989.064
193988.9109
193988.651
193989.1289
193989.1245
193989.1295
193989.0962
193989.0888
193988.9295
193988.743
193989.1271
193989.1243
193989.1286
193989.1034
193989.0821
193988.9539
193988.7798
193989.1269
193989.1212
193989.1346
193989.0992
193989.1084
193988.9418
193988.9192
193989.1259
193989.1231
193989.1338
193989.1051
193989.1127
193988.988
193988.9738
193989.1289
193989.1196
193989.1403
193989.096
193989.1557
193988.9285
193989.2353
193989.1508
193989.1511
193989.1431
193989.1599
193989.11
193989.2127
193988.9601
193989.151
193989.1506
193989.1428
193989.1609
193989.1129
193989.218
193988.9407
193989.1519
193989.1475
193989.1465
193989.1506
193989.1313
193989.2011
193988.975
193989.1531
193989.1478
193989.1499
193989.1506
193989.1488
193989.2095
193989.0448
193989.1535
193989.1476
193989.1539
193989.1529
193989.1636
193989.1919
193989.0811
193989.1559
193989.1504
193989.1559
193989.1509
193989.1639
193989.1772
193989.133
193989.1559
193989.1511
193989.153
193989.1499
193989.1485
193989.1527
193989.1319
193989.1588
193989.1535
193989.1518
193989.1398
193989.1439
193989.1523
193989.1573
193989.1565
193989.1515
193989.153
193989.1495
193989.1482
193989.1527
193989.1324
193989.1569
193989.151
193989.1559
193989.1503
193989.1636
193989.1773
193989.1337
193989.1543
193989.1479
193989.1535
193989.1521
193989.1634
193989.1924
193989.0822
193989.1534
193989.1477
193989.1495
193989.1502
193989.1492
193989.2105
193989.0457
193989.1516
193989.1471
193989.1462
193989.1507
193989.1323
193989.2018
193988.975
193989.1506
193989.1503
193989.143
193989.1615
193989.1137
193989.2179
193988.9396
193989.1505
193989.151
193989.1434
193989.1604
193989.1102
193989.212
193988.959
193989.1559
193989.1504
193989.1515
193989.1489
193989.1493
193989.1476
193989.1478
193989.1555
193989.1501
193989.1513
193989.1486
193989.149
193989.1475
193989.1476
193989.1551
193989.1499
193989.151
193989.1484
193989.1488
193989.1472
193989.1476
193989.1549
193989.1497
193989.1508
193989.1483
193989.1487
193989.1473
193989.1477
193989.1547
193989.1495
193989.1506
193989.148
193989.1485
193989.147
193989.1477
193989.1547
193989.1495
193989.1505
193989.1481
193989.1485
193989.1472
193989.1476
193989.1546
193989.1493
193989.1504
193989.1479
193989.1485
193989.147
193989.1474
193989.1547
193989.1495
193989.1505
193989.1481
193989.1485
193989.1472
193989.1473
193989.1546
193989.1493
193989.1504
193989.1479
193989.1485
193989.147
193989.1473
193989.1546
193989.1495
193989.1505
193989.1481
193989.1486
193989.1472
193989.1476
193989.1546
193989.1494
193989.1505
193989.148
193989.1486
193989.1471
193989.1476
193989.1548
193989.1496
193989.1507
193989.1483
193989.1488
193989.1473
193989.1476
193989.1551
193989.1498
193989.1509
193989.1483
193989.1489
193989.1472
193989.1478
193989.1555
193989.1501
193989.1512
193989.1486
193989.149
193989.1474
193989.1475
193989.1559
193989.1504
193989.1516
193989.1488
193989.1493
193989.1475
193989.1476
193989.1433
193989.1439
193989.1439
193989.143
193989.1432
193989.1419
193989.142
193989.1432
193989.1439
193989.1438
193989.143
193989.143
193989.1419
193989.1419
193989.1431
193989.1438
193989.1436
193989.1427
193989.1428
193989.1416
193989.1419
193989.143
193989.1437
193989.1435
193989.1427
193989.1427
193989.1418
193989.1421
193989.1427
193989.1435
193989.1433
193989.1424
193989.1426
193989.1415
193989.1421
193989.1426
193989.1435
193989.1433
193989.1424
193989.1426
193989.1417
193989.142
193989.1424
193989.1433
193989.1431
193989.1422
193989.1425
193989.1414
193989.1417
193989.1424
193989.1434
193989.1432
193989.1424
193989.1426
193989.1416
193989.1418
193989.1423
193989.1433
193989.1431
193989.1423
193989.1425
193989.1414
193989.1417
193989.1426
193989.1434
193989.1433
193989.1425
193989.1426
193989.1417
193989.1419
193989.1426
193989.1434
193989.1433
193989.1424
193989.1426
193989.1415
193989.1419
193989.1429
193989.1436
193989.1434
193989.1426
193989.1428
193989.1418
193989.142
193989.143
193989.1437
193989.1435
193989.1427
193989.1429
193989.1417
193989.1419
193989.1432
193989.1439
193989.1437
193989.1429
193989.143
193989.1419
193989.142
193989.1433
193989.1439
193989.1438
193989.143
193989.1431
193989.142
193989.1421
193989.1557
193989.154
193989.1544
193989.1533
193989.1535
193989.1523
193989.1524
193989.1556
193989.1539
193989.1543
193989.1532
193989.1534
193989.1523
193989.1524
193989.1554
193989.1537
193989.1543
193989.153
193989.1533
193989.1521
193989.1525
193989.1554
193989.1537
193989.1542
193989.153
193989.1532
193989.1523
193989.1527
193989.1553
193989.1535
193989.154
193989.1527
193989.1531
193989.1521
193989.1528
193989.1554
193989.1536
193989.154
193989.1528
193989.1531
193989.1523
193989.1528
193989.1553
193989.1534
193989.1539
193989.1526
193989.153
193989.152
193989.1525
193989.1554
193989.1535
193989.154
193989.1528
193989.1531
193989.1523
193989.1525
193989.1553
193989.1534
193989.1539
193989.1526
193989.1531
193989.152
193989.1524
193989.1553
193989.1535
193989.154
193989.1528
193989.1532
193989.1523
193989.1526
193989.1552
193989.1534
193989.154
193989.1527
193989.1531
193989.1521
193989.1526
193989.1553
193989.1536
193989.1541
193989.1529
193989.1532
193989.1524
193989.1527
193989.1554
193989.1536
193989.1541
193989.1529
193989.1532
193989.1522
193989.1526
193989.1556
193989.1538
193989.1543
193989.1531
193989.1533
193989.1523
193989.1525
193989.1557
193989.154
193989.1544
193989.1532
193989.1535
193989.1523
193989.1526
193989.1362
193989.136
193989.1365
193989.1357
193989.1358
193989.1344
193989.1344
193989.1362
193989.1361
193989.1365
193989.1356
193989.1357
193989.1344
193989.1343
193989.1362
193989.136
193989.1363
193989.1354
193989.1356
193989.1342
193989.1343
193989.1361
193989.136
193989.1362
193989.1354
193989.1355
193989.1343
193989.1344
193989.136
193989.1358
193989.136
193989.1351
193989.1352
193989.134
193989.1344
193989.136
193989.1359
193989.136
193989.1351
193989.1352
193989.1342
193989.1344
193989.1359
193989.1358
193989.1359
193989.1349
193989.1351
193989.1338
193989.1341
193989.136
193989.1359
193989.136
193989.1351
193989.1351
193989.1341
193989.1341
193989.1359
193989.1358
193989.1359
193989.1349
193989.1351
193989.1338
193989.134
193989.136
193989.1359
193989.136
193989.1351
193989.1352
193989.1342
193989.1343
193989.1359
193989.1358
193989.136
193989.135
193989.1352
193989.1339
193989.1343
193989.1361
193989.1359
193989.1361
193989.1353
193989.1354
193989.1343
193989.1344
193989.1361
193989.1359
193989.1362
193989.1353
193989.1355
193989.1342
193989.1344
193989.1362
193989.136
193989.1363
193989.1355
193989.1356
193989.1345
193989.1345
193989.1362
193989.1359
193989.1364
193989.1356
193989.1358
193989.1345
193989.1347
193989.1586
193989.158
193989.1581
193989.1574
193989.1576
193989.1566
193989.1567
193989.1586
193989.1579
193989.158
193989.1575
193989.1576
193989.1568
193989.1568
193989.1585
193989.1578
193989.1579
193989.1573
193989.1576
193989.1567
193989.157
193989.1585
193989.1578
193989.1579
193989.1574
193989.1576
193989.157
193989.1573
193989.1584
193989.1576
193989.1577
193989.157
193989.1574
193989.1567
193989.1574
193989.1585
193989.1577
193989.1577
193989.1571
193989.1574
193989.1569
193989.1574
193989.1584
193989.1575
193989.1576
193989.1568
193989.1572
193989.1566
193989.1572
193989.1586
193989.1577
193989.1577
193989.1571
193989.1573
193989.1568
193989.1572
193989.1584
193989.1575
193989.1576
193989.1569
193989.1572
193989.1566
193989.1571
193989.1585
193989.1577
193989.1577
193989.1571
193989.1574
193989.1569
193989.1573
193989.1584
193989.1575
193989.1576
193989.157
193989.1573
193989.1567
193989.1572
193989.1585
193989.1577
193989.1578
193989.1572
193989.1575
193989.157
193989.1572
193989.1584
193989.1577
193989.1577
193989.1571
193989.1574
193989.1567
193989.1571
193989.1585
193989.1578
193989.1578
193989.1573
193989.1575
193989.1568
193989.1569
193989.1585
193989.1579
193989.1579
193989.1573
193989.1575
193989.1567
193989.157
193989.1282
193989.1278
193989.1285
193989.1275
193989.1276
193989.1257
193989.1256
193989.1282
193989.1278
193989.1285
193989.1275
193989.1276
193989.1258
193989.1253
193989.1281
193989.1277
193989.1284
193989.1273
193989.1275
193989.1254
193989.1253
193989.1281
193989.1278
193989.1283
193989.1273
193989.1273
193989.1256
193989.1253
193989.128
193989.1276
193989.1281
193989.1268
193989.127
193989.125
193989.1252
193989.1281
193989.1278
193989.1281
193989.1268
193989.1268
193989.1252
193989.1251
193989.1281
193989.1276
193989.1279
193989.1264
193989.1265
193989.1245
193989.1248
193989.1282
193989.1279
193989.1281
193989.1267
193989.1266
193989.1249
193989.1248
193989.1281
193989.1277
193989.128
193989.1264
193989.1266
193989.1245
193989.1247
193989.1282
193989.1278
193989.1281
193989.1268
193989.1268
193989.1251
193989.125
193989.128
193989.1276
193989.1281
193989.1267
193989.1269
193989.1249
193989.1251
193989.1281
193989.1277
193989.1282
193989.1271
193989.1272
193989.1255
193989.1253
193989.128
193989.1276
193989.1282
193989.127
193989.1273
193989.1253
193989.1253
193989.1281
193989.1277
193989.1283
193989.1273
193989.1274
193989.1257
193989.1254
193989.1281
193989.1277
193989.1283
193989.1273
193989.1275
193989.1256
193989.1257
193989.1636
193989.1632
193989.1633
193989.1626
193989.1628
193989.1619
193989.1621
193989.1636
193989.1632
193989.1632
193989.1627
193989.163
193989.1623
193989.1624
193989.1635
193989.163
193989.1631
193989.1627
193989.1632
193989.1625
193989.1628
193989.1636
193989.1631
193989.1631
193989.1628
193989.1632
193989.1629
193989.1633
193989.1634
193989.1629
193989.1628
193989.1623
193989.1629
193989.1625
193989.1634
193989.1637
193989.1632
193989.1629
193989.1624
193989.1629
193989.1628
193989.1635
193989.1636
193989.1629
193989.1626
193989.162
193989.1625
193989.1622
193989.1632
193989.1639
193989.1633
193989.1629
193989.1623
193989.1627
193989.1626
193989.1633
193989.1637
193989.163
193989.1627
193989.162
193989.1625
193989.1622
193989.1631
193989.1638
193989.1632
193989.1629
193989.1624
193989.1629
193989.1628
193989.1634
193989.1635
193989.1629
193989.1627
193989.1622
193989.1628
193989.1625
193989.1633
193989.1635
193989.1631
193989.1629
193989.1626
193989.1631
193989.1628
193989.1632
193989.1634
193989.1629
193989.1629
193989.1624
193989.1629
193989.1623
193989.1628
193989.1634
193989.163
193989.163
193989.1625
193989.1628
193989.1622
193989.1623
193989.1634
193989.1631
193989.1631
193989.1624
193989.1626
193989.1618
193989.1622
193989.1194
193989.1189
193989.1197
193989.118
193989.1182
193989.1147
193989.1145
193989.1194
193989.1189
193989.1196
193989.1181
193989.118
193989.1148
193989.1139
193989.1192
193989.1186
193989.1195
193989.1177
193989.1179
193989.1141
193989.1138
193989.1193
193989.1187
193989.1194
193989.1178
193989.1176
193989.1144
193989.1136
193989.1191
193989.1184
193989.1191
193989.1169
193989.117
193989.1133
193989.1133
193989.1194
193989.1187
193989.119
193989.1169
193989.1165
193989.1134
193989.1129
193989.1194
193989.1185
193989.1189
193989.1163
193989.1161
193989.1123
193989.1124
193989.1196
193989.1189
193989.119
193989.1166
193989.1161
193989.1128
193989.1124
193989.1195
193989.1186
193989.1189
193989.1163
193989.1161
193989.1123
193989.1123
193989.1195
193989.1188
193989.119
193989.1169
193989.1165
193989.1133
193989.1128
193989.1192
193989.1184
193989.119
193989.1168
193989.1169
193989.1132
193989.1132
193989.1192
193989.1186
193989.1192
193989.1175
193989.1173
193989.1143
193989.1135
193989.1191
193989.1184
193989.1192
193989.1175
193989.1176
193989.1139
193989.1137
193989.1192
193989.1187
193989.1194
193989.1179
193989.1178
193989.1145
193989.1138
193989.1192
193989.1188
193989.1195
193989.1178
193989.1179
193989.1145
193989.1145
193989.1702
193989.1703
193989.1704
193989.17
193989.17
193989.1693
193989.1696
193989.1703
193989.1703
193989.1704
193989.1702
193989.1705
193989.1701
193989.1703
193989.1701
193989.17
193989.1703
193989.1702
193989.1708
193989.1705
193989.1712
193989.1703
193989.1702
193989.1704
193989.1705
193989.1711
193989.1713
193989.172
193989.1701
193989.1699
193989.17
193989.1699
193989.1707
193989.1708
193989.1722
193989.1706
193989.1704
193989.1702
193989.1701
193989.1707
193989.1713
193989.1725
193989.1704
193989.17
193989.1698
193989.1693
193989.1701
193989.1704
193989.172
193989.171
193989.1706
193989.1702
193989.1699
193989.1703
193989.171
193989.1723
193989.1706
193989.1701
193989.1699
193989.1694
193989.1701
193989.1703
193989.1719
193989.1708
193989.1705
193989.1702
193989.17
193989.1706
193989.1712
193989.1724
193989.1702
193989.1699
193989.1699
193989.1697
193989.1705
193989.1707
193989.1721
193989.1703
193989.1701
193989.1702
193989.1702
193989.1709
193989.1712
193989.1719
193989.1699
193989.1698
193989.17
193989.1699
193989.1705
193989.1703
193989.171
193989.17
193989.17
193989.1702
193989.17
193989.1702
193989.1698
193989.1701
193989.17
193989.1701
193989.1702
193989.1697
193989.1697
193989.1691
193989.1696
193989.1112
193989.1101
193989.1107
193989.1067
193989.1072
193989.0996
193989.0996
193989.1111
193989.11
193989.1104
193989.1067
193989.1064
193989.0995
193989.0979
193989.1108
193989.1094
193989.1101
193989.1058
193989.106
193989.0978
193989.0974
193989.1107
193989.1094
193989.1097
193989.1058
193989.1051
193989.0982
193989.0963
193989.1106
193989.1089
193989.1093
193989.1043
193989.1042
193989.096
193989.0956
193989.1109
193989.1093
193989.109
193989.1043
193989.1032
193989.0961
193989.0947
193989.1109
193989.109
193989.1089
193989.1032
193989.1025
193989.0942
193989.0939
193989.1113
193989.1095
193989.1089
193989.1037
193989.1023
193989.095
193989.0937
193989.1111
193989.1091
193989.1089
193989.1032
193989.1025
193989.0941
193989.0938
193989.1111
193989.1094
193989.109
193989.1043
193989.103
193989.096
193989.0946
193989.1107
193989.1089
193989.1092
193989.1041
193989.104
193989.0958
193989.0955
193989.1107
193989.1093
193989.1094
193989.1054
193989.1047
193989.098
193989.0962
193989.1106
193989.1092
193989.1098
193989.1054
193989.1057
193989.0975
193989.0971
193989.1108
193989.1097
193989.1101
193989.1064
193989.106
193989.0992
193989.0977
193989.1109
193989.1099
193989.1105
193989.1064
193989.1068
193989.0993
193989.0996
193989.1769
193989.1778
193989.178
193989.1792
193989.1793
193989.18
193989.1811
193989.177
193989.178
193989.1783
193989.1798
193989.1802
193989.1816
193989.1827
193989.1768
193989.1778
193989.1783
193989.18
193989.181
193989.1827
193989.1845
193989.1772
193989.1783
193989.1786
193989.1806
193989.1817
193989.1843
193989.1861
193989.1769
193989.1777
193989.1781
193989.1797
193989.1814
193989.1838
193989.1868
193989.1777
193989.1785
193989.1785
193989.1802
193989.1816
193989.1848
193989.1875
193989.1774
193989.1779
193989.178
193989.1791
193989.1809
193989.1835
193989.1872
193989.1783
193989.1788
193989.1787
193989.18
193989.1813
193989.1846
193989.1876
193989.1777
193989.178
193989.1781
193989.1791
193989.1808
193989.1834
193989.1871
193989.178
193989.1786
193989.1786
193989.1801
193989.1814
193989.1847
193989.1874
193989.1771
193989.1778
193989.178
193989.1794
193989.1811
193989.1836
193989.1867
193989.1771
193989.1781
193989.1783
193989.1802
193989.1813
193989.184
193989.1859
193989.1766
193989.1775
193989.178
193989.1796
193989.1806
193989.1823
193989.1842
193989.1766
193989.1777
193989.178
193989.1795
193989.1799
193989.1812
193989.1824
193989.1766
193989.1775
193989.1777
193989.1789
193989.1789
193989.1797
193989.1811
193989.1064
193989.1039
193989.1047
193989.0946
193989.0962
193989.0781
193989.0804
193989.1061
193989.1037
193989.1034
193989.0943
193989.0935
193989.0778
193989.0745
193989.1057
193989.1027
193989.1028
193989.0922
193989.0926
193989.0732
193989.0731
193989.1054
193989.1025
193989.1015
193989.0921
193989.0896
193989.0736
193989.0688
193989.1051
193989.1015
193989.101
193989.0894
193989.0884
193989.0689
193989.0673
193989.1054
193989.1019
193989.1002
193989.0895
193989.0858
193989.0688
193989.0644
193989.1054
193989.1014
193989.1
193989.0875
193989.0851
193989.0654
193989.0632
193989.1059
193989.1021
193989.1
193989.0884
193989.0842
193989.0666
193989.0625
193989.1057
193989.1015
193989.1001
193989.0875
193989.085
193989.0653
193989.0631
193989.1057
193989.1021
193989.1002
193989.0894
193989.0856
193989.0687
193989.0643
193989.1053
193989.1016
193989.1008
193989.0892
193989.0881
193989.0687
193989.0671
193989.1054
193989.1023
193989.1012
193989.0917
193989.0892
193989.0733
193989.0685
193989.1054
193989.1023
193989.1024
193989.0917
193989.0921
193989.0728
193989.0727
193989.1057
193989.1033
193989.1031
193989.0939
193989.0931
193989.0773
193989.0742
193989.106
193989.1036
193989.1043
193989.0943
193989.0958
193989.0778
193989.0804
193989.181
193989.1824
193989.1832
193989.1882
193989.1888
193989.1939
193989.1973
193989.1811
193989.1829
193989.1839
193989.1897
193989.1911
193989.1973
193989.2007
193989.181
193989.1829
193989.1841
193989.1906
193989.1929
193989.1999
193989.2047
193989.1815
193989.1837
193989.1849
193989.192
193989.1946
193989.2033
193989.2082
193989.181
193989.1829
193989.1844
193989.1912
193989.1948
193989.2035
193989.2104
193989.182
193989.184
193989.1852
193989.1924
193989.1955
193989.2058
193989.2122
193989.1815
193989.1831
193989.1844
193989.191
193989.195
193989.2043
193989.2125
193989.1827
193989.1845
193989.1855
193989.1928
193989.1958
193989.2064
193989.2132
193989.1818
193989.1833
193989.1845
193989.191
193989.1949
193989.2042
193989.2124
193989.1824
193989.1842
193989.1852
193989.1923
193989.1953
193989.2056
193989.212
193989.1813
193989.183
193989.1842
193989.1909
193989.1945
193989.2032
193989.2102
193989.1815
193989.1835
193989.1846
193989.1916
193989.1942
193989.2029
193989.2078
193989.1806
193989.1825
193989.1837
193989.1901
193989.1925
193989.1994
193989.2043
193989.1807
193989.1824
193989.1835
193989.1893
193989.1907
193989.1967
193989.2004
193989.1806
193989.182
193989.1828
193989.1877
193989.1884
193989.1935
193989.1973
193989.1079
193989.1033
193989.1054
193989.0837
193989.0906
193989.0432
193989.0594
193989.1074
193989.1033
193989.1025
193989.0835
193989.0812
193989.0441
193989.0376
193989.1067
193989.1019
193989.1014
193989.0789
193989.0792
193989.0325
193989.0347
193989.1062
193989.1018
193989.0984
193989.079
193989.0707
193989.0331
193989.0188
193989.1057
193989.0999
193989.0979
193989.0741
193989.0692
193989.0233
193989.0159
193989.1058
193989.1004
193989.0966
193989.0742
193989.0634
193989.0224
193989.0066
193989.1056
193989.0993
193989.0966
193989.071
193989.0632
193989.0157
193989.005
193989.1064
193989.1007
193989.0974
193989.0728
193989.0609
193989.0167
193989.0023
193989.106
193989.0996
193989.0967
193989.071
193989.063
193989.0156
193989.0049
193989.1063
193989.1007
193989.0967
193989.0741
193989.0632
193989.0221
193989.0064
193989.106
193989.1001
193989.0978
193989.0738
193989.0688
193989.0229
193989.0155
193989.1062
193989.1016
193989.0981
193989.0785
193989.0702
193989.0327
193989.0184
193989.1064
193989.1015
193989.1009
193989.0784
193989.0787
193989.032
193989.0341
193989.1069
193989.1029
193989.1021
193989.0831
193989.0807
193989.0434
193989.0371
193989.1075
193989.1029
193989.105
193989.0832
193989.0901
193989.0428
193989.0594
193989.1785
193989.1805
193989.1806
193989.1923
193989.193
193989.21
193989.2182
193989.1787
193989.1811
193989.1823
193989.1956
193989.1973
193989.2181
193989.2257
193989.1788
193989.1811
193989.1835
193989.1979
193989.2016
193989.2243
193989.2352
193989.1798
193989.1822
193989.1854
193989.2007
193989.2056
193989.2324
193989.243
193989.1791
193989.181
193989.1853
193989.2003
193989.2079
193989.2348
193989.2503
193989.1808
193989.1826
193989.187
193989.2029
193989.2103
193989.2405
193989.2547
193989.1801
193989.1815
193989.1862
193989.2015
193989.2112
193989.2397
193989.258
193989.1823
193989.1838
193989.1881
193989.2056
193989.2139
193989.2445
193989.2592
193989.1805
193989.1819
193989.1864
193989.2015
193989.211
193989.2394
193989.2578
193989.1815
193989.1831
193989.1872
193989.2028
193989.21
193989.2401
193989.2544
193989.1796
193989.1812
193989.1851
193989.1999
193989.2073
193989.2343
193989.2498
193989.1798
193989.1821
193989.185
193989.2001
193989.2049
193989.2319
193989.2424
193989.1784
193989.1806
193989.183
193989.1973
193989.201
193989.2237
193989.2346
193989.1781
193989.1805
193989.1818
193989.1952
193989.1968
193989.2174
193989.2252
193989.178
193989.1801
193989.1801
193989.1918
193989.1924
193989.2095
193989.2181
193989.1156
193989.1082
193989.1156
193989.0802
193989.1055
193988.9862
193989.0762
193989.1145
193989.1088
193989.1101
193989.0828
193989.0798
193988.9962
193988.9821
193989.1148
193989.1062
193989.1093
193989.075
193989.0759
193988.9695
193988.9763
193989.1139
193989.1065
193989.1041
193989.0763
193989.0561
193988.9714
193988.9214
193989.1127
193989.1029
193989.1041
193989.0694
193989.0565
193988.9526
193988.9134
193989.1117
193989.1031
193989.1028
193989.0705
193989.0451
193988.9481
193988.8839
193989.111
193989.102
193989.1046
193989.0689
193989.0507
193988.9336
193988.8817
193989.1119
193989.105
193989.109
193989.077
193989.0488
193988.9288
193988.8734
193989.1116
193989.1024
193989.1047
193989.0687
193989.0503
193988.9333
193988.8814
193989.1126
193989.1037
193989.103
193989.0704
193989.0446
193988.9476
193988.8835
193989.1134
193989.1033
193989.104
193989.0689
193989.0557
193988.952
193988.9128
193989.1141
193989.1064
193989.1037
193989.0756
193989.0553
193988.9708
193988.9208
193989.1144
193989.1057
193989.1087
193989.0743
193989.0752
193988.9689
193988.9757
193989.1139
193989.1083
193989.1096
193989.0824
193989.0793
193988.9955
193988.9816
193989.115
193989.1077
193989.1151
193989.0797
193989.1049
193988.9857
193989.0763
193989.1641
193989.1694
193989.162
193989.1898
193989.1734
193989.2247
193989.2192
193989.1646
193989.17
193989.1625
193989.1945
193989.1812
193989.2443
193989.2408
193989.164
193989.1673
193989.1641
193989.1953
193989.1903
193989.2606
193989.2651
193989.1648
193989.1671
193989.1657
193989.1985
193989.197
193989.2797
193989.2881
193989.1644
193989.166
193989.1691
193989.2003
193989.2056
193989.2879
193989.3113
193989.1687
193989.1702
193989.1741
193989.2064
193989.2094
193989.3026
193989.3246
193989.1693
193989.1704
193989.1746
193989.2073
193989.2185
193989.3115
193989.3418
193989.1762
193989.1754
193989.1793
193989.2205
193989.2259
193989.323
193989.3416
193989.17
193989.1708
193989.1748
193989.2069
193989.2177
193989.3108
193989.3412
193989.1697
193989.1709
193989.1743
193989.2061
193989.2088
193989.3019
193989.324
193989.1651
193989.1664
193989.1689
193989.1995
193989.2046
193989.2871
193989.3106
193989.1651
193989.1671
193989.1652
193989.1977
193989.1961
193989.279
193989.2875
193989.1636
193989.1667
193989.1634
193989.1946
193989.1897
193989.26
193989.2644
193989.1639
193989.1694
193989.162
193989.194
193989.1808
193989.2437
193989.2403
193989.1634
193989.1689
193989.1615
193989.1893
193989.1728
193989.2243
193989.2193
193989.1299
193989.1204
193989.1407
193989.0963
193989.1562
193988.9294
193989.2363
193989.1268
193989.1239
193989.1344
193989.1052
193989.1125
193988.9878
193988.9744
193989.1275
193989.122
193989.1356
193989.1001
193989.1087
193988.9415
193988.9196
193989.127
193989.1247
193989.1295
193989.1045
193989.083
193988.9539
193988.7797
193989.1284
193989.1244
193989.1302
193989.0977
193989.0905
193988.9304
193988.7434
193989.13
193989.126
193989.1285
193989.0951
193989.0649
193988.9117
193988.6514
193989.1309
193989.1259
193989.1281
193989.0936
193989.0927
193988.8892
193988.6244
193989.1335
193989.1231
193989.1322
193989.1083
193989.0668
193988.8482
193988.6005
193989.1316
193989.1264
193989.1282
193989.0929
193989.0916
193988.8888
193988.6243
193989.1311
193989.1267
193989.1287
193989.0949
193989.0644
193988.9113
193988.6512
193989.1292
193989.1248
193989.13
193989.0968
193989.0893
193988.9296
193988.7427
193989.1273
193989.1246
193989.129
193989.1038
193989.0822
193988.9535
193988.7791
193989.1271
193989.1215
193989.135
193989.0994
193989.1081
193988.941
193988.9186
193989.1261
193989.1233
193989.1339
193989.1049
193989.1121
193988.9873
193988.9738
193989.1292
193989.1199
193989.1403
193989.0959
193989.1556
193988.929
193989.2362
193989.1514
193989.1517
193989.1437
193989.1605
193989.1108
193989.2129
193988.9597
193989.1515
193989.1511
193989.1434
193989.1615
193989.1135
193989.2183
193988.9405
193989.1524
193989.148
193989.1472
193989.1514
193989.1323
193989.2017
193988.9751
193989.1535
193989.1482
193989.1506
193989.1515
193989.1499
193989.2104
193989.0455
193989.1539
193989.1481
193989.1545
193989.1537
193989.1645
193989.1929
193989.0819
193989.1563
193989.1508
193989.1563
193989.1513
193989.1646
193989.178
193989.134
193989.1563
193989.1515
193989.1532
193989.1502
193989.1488
193989.1533
193989.1325
193989.1592
193989.1538
193989.152
193989.14
193989.1442
193989.1528
193989.158
193989.1569
193989.1518
193989.1533
193989.1497
193989.1486
193989.1531
193989.1326
193989.1573
193989.1513
193989.1562
193989.1508
193989.1642
193989.1776
193989.1338
193989.1546
193989.1483
193989.154
193989.1527
193989.1638
193989.1924
193989.0818
193989.1537
193989.148
193989.15
193989.1507
193989.1494
193989.21
193989.0451
193989.152
193989.1474
193989.1465
193989.1508
193989.1319
193989.201
193988.9743
193989.1509
193989.1506
193989.1431
193989.1612
193989.1132
193989.2174
193988.9397
193989.1508
193989.1512
193989.1434
193989.1601
193989.1102
193989.2124
193988.9597
193989.1467
193989.1471
193989.147
193989.1474
193989.147
193989.1468
193989.1461
193989.1463
193989.1462
193989.1467
193989.1467
193989.1469
193989.1469
193989.1471
193989.1468
193989.1471
193989.1475
193989.1477
193989.1478
193989.1469
193989.1463
193989.1458
193989.1461
193989.1462
193989.1467
193989.1469
193989.1471
193989.1472
193989.1473
193989.1472
193989.147
193989.1477
193989.1473
193989.1469
193989.1456
193989.1452
193989.1449
193989.1455
193989.1455
193989.1461
193989.1461
193989.1467
193989.1466
193989.1471
193989.1469
193989.1475
193989.1478
193989.1469
193989.1461
193989.1451
193989.1451
193989.1452
193989.1458
193989.1457
193989.146
193989.146
193989.1466
193989.1467
193989.1472
193989.1473
193989.147
193989.147
193989.1456
193989.1451
193989.1445
193989.1451
193989.1452
193989.1458
193989.1454
193989.1455
193989.1453
193989.146
193989.1461
193989.1469
193989.1469
193989.1468
193989.1464
193989.1454
193989.1453
193989.1453
193989.146
193989.1461
193989.1463
193989.1458
193989.1458
193989.1455
193989.146
193989.1462
193989.1469
193989.147
193989.1462
193989.1459
193989.1451
193989.1455
193989.1456
193989.1463
193989.1461
193989.1462
193989.1456
193989.1457
193989.1452
193989.1457
193989.1456
193989.1464
193989.1465
193989.1463
193989.1462
193989.1457
193989.1461
193989.1462
193989.1467
193989.1466
193989.1467
193989.1461
193989.1461
193989.1457
193989.1458
193989.1457
193989.1464
193989.1466
193989.1462
193989.1462
193989.1456
193989.146
193989.1458
193989.1463
193989.1461
193989.1465
193989.1459
193989.146
193989.1453
193989.1454
193989.1452
193989.1462
193989.1465
193989.1465
193989.1465
193989.1459
193989.1461
193989.1459
193989.1462
193989.1462
193989.1466
193989.1462
193989.1461
193989.1454
193989.1455
193989.1457
193989.1468
193989.1473
193989.1465
193989.1465
193989.1457
193989.1458
193989.1454
193989.1458
193989.1457
193989.1461
193989.1456
193989.1456
193989.1449
193989.1456
193989.1461
193989.1474
193989.1475
193989.147
193989.1468
193989.1462
193989.146
193989.1457
193989.146
193989.1459
193989.1461
193989.1457
193989.1457
193989.1456
193989.1466
193989.1475
193989.1483
193989.1479
193989.1471
193989.1471
193989.1464
193989.1463
193989.1458
193989.146
193989.1457
193989.1459
193989.1455
193989.1459
193989.1462
193989.1475
193989.1479
193989.1482
193989.1473
193989.1477
193989.1476
193989.1471
193989.1469
193989.1465
193989.1466
193989.1464
193989.1465
193989.1463
193989.1469
193989.1475
193989.1483
193989.1482
193989.1478
193989.1471
193989.1478
193989.1477
193989.1472
193989.1471
193989.1467
193989.1468
193989.1465
193989.1467
193989.1466
193989.1473
193989.1475
193989.1479
193989.1473
193989.1471
193989.1466
193989.141
193989.1414
193989.1414
193989.1419
193989.1414
193989.1413
193989.1406
193989.1408
193989.1406
193989.1412
193989.1411
193989.1415
193989.1411
193989.1414
193989.1411
193989.1415
193989.1419
193989.1421
193989.1422
193989.1414
193989.1408
193989.1403
193989.1406
193989.1406
193989.1411
193989.1412
193989.1416
193989.1415
193989.1417
193989.1415
193989.1414
193989.1421
193989.1417
193989.1413
193989.14
193989.1397
193989.1393
193989.14
193989.1399
193989.1405
193989.1404
193989.1411
193989.141
193989.1415
193989.1413
193989.1419
193989.1422
193989.1414
193989.1406
193989.1396
193989.1397
193989.1396
193989.1402
193989.14
193989.1404
193989.1404
193989.141
193989.1412
193989.1417
193989.1417
193989.1414
193989.1414
193989.14
193989.1396
193989.139
193989.1396
193989.1395
193989.14
193989.1396
193989.1399
193989.1396
193989.1404
193989.1405
193989.1413
193989.1413
193989.1413
193989.1409
193989.1399
193989.1398
193989.1397
193989.1404
193989.1404
193989.1406
193989.1401
193989.1402
193989.1399
193989.1404
193989.1406
193989.1413
193989.1414
193989.1406
193989.1404
193989.1395
193989.1399
193989.1398
193989.1406
193989.1403
193989.1405
193989.1399
193989.14
193989.1396
193989.1401
193989.14
193989.1408
193989.1409
193989.1408
193989.1407
193989.1401
193989.1405
193989.1404
193989.141
193989.1408
193989.141
193989.1405
193989.1406
193989.14
193989.1402
193989.1401
193989.1409
193989.1411
193989.1406
193989.1406
193989.1399
193989.1403
193989.14
193989.1405
193989.1403
193989.1408
193989.1402
193989.1403
193989.1396
193989.1398
193989.1396
193989.1407
193989.141
193989.141
193989.1409
193989.1403
193989.1404
193989.1401
193989.1406
193989.1405
193989.1409
193989.1405
193989.1404
193989.1397
193989.14
193989.1402
193989.1414
193989.1418
193989.1409
193989.1409
193989.1401
193989.1401
193989.1397
193989.1402
193989.14
193989.1404
193989.1398
193989.1398
193989.1393
193989.1401
193989.1407
193989.142
193989.1419
193989.1415
193989.1413
193989.1407
193989.1406
193989.1402
193989.1405
193989.1403
193989.1405
193989.14
193989.1401
193989.1401
193989.1413
193989.1421
193989.1428
193989.1423
193989.1415
193989.1416
193989.1408
193989.1408
193989.1402
193989.1405
193989.1401
193989.1403
193989.1398
193989.1404
193989.1407
193989.1421
193989.1423
193989.1424
193989.1416
193989.1421
193989.1421
193989.1416
193989.1415
193989.1411
193989.1411
193989.1408
193989.1409
193989.1408
193989.1414
193989.142
193989.1428
193989.1424
193989.142
193989.1414
193989.142
193989.1421
193989.1416
193989.1416
193989.1411
193989.1413
193989.1409
193989.1412
193989.1411
193989.1418
193989.1419
193989.1423
193989.1415
193989.1414
193989.141
193989.1516
193989.152
193989.152
193989.1526
193989.1523
193989.1522
193989.1516
193989.1518
193989.1516
193989.152
193989.1519
193989.1523
193989.1519
193989.1521
193989.1518
193989.152
193989.1525
193989.1528
193989.153
193989.1524
193989.1519
193989.1514
193989.1516
193989.1517
193989.1521
193989.1521
193989.1524
193989.1523
193989.1524
193989.1523
193989.152
193989.1528
193989.1526
193989.1525
193989.1513
193989.1511
193989.1506
193989.1511
193989.151
193989.1516
193989.1515
193989.152
193989.1519
193989.1523
193989.152
193989.1526
193989.1531
193989.1525
193989.1519
193989.1509
193989.151
193989.1509
193989.1513
193989.1512
193989.1515
193989.1515
193989.152
193989.1521
193989.1525
193989.1524
193989.1523
193989.1524
193989.1513
193989.151
193989.1503
193989.1508
193989.1507
193989.1512
193989.1508
193989.1511
193989.1509
193989.1516
193989.1516
193989.1522
193989.152
193989.1522
193989.152
193989.1511
193989.151
193989.1509
193989.1515
193989.1515
193989.1518
193989.1513
193989.1514
193989.1512
193989.1516
193989.1517
193989.1522
193989.1522
193989.1516
193989.1515
193989.1507
193989.151
193989.1509
193989.1516
193989.1514
193989.1518
193989.1512
193989.1514
193989.1509
193989.1513
193989.1512
193989.1518
193989.1518
193989.1518
193989.1517
193989.1512
193989.1515
193989.1515
193989.152
193989.1519
193989.1522
193989.1518
193989.1519
193989.1513
193989.1514
193989.1513
193989.1519
193989.152
193989.1516
193989.1517
193989.1511
193989.1514
193989.1511
193989.1517
193989.1515
193989.152
193989.1515
193989.1516
193989.1509
193989.151
193989.1509
193989.1518
193989.1519
193989.152
193989.152
193989.1515
193989.1516
193989.1513
193989.1517
193989.1517
193989.1521
193989.1517
193989.1516
193989.151
193989.1512
193989.1515
193989.1524
193989.1526
193989.1519
193989.152
193989.1513
193989.1514
193989.1509
193989.1514
193989.1512
193989.1516
193989.151
193989.151
193989.1506
193989.1514
193989.1519
193989.1529
193989.1527
193989.1523
193989.1523
193989.1518
193989.1518
193989.1514
193989.1517
193989.1515
193989.1516
193989.1512
193989.1513
193989.1515
193989.1525
193989.1531
193989.1535
193989.1529
193989.1522
193989.1524
193989.1519
193989.1519
193989.1514
193989.1516
193989.1512
193989.1514
193989.151
193989.1516
193989.1519
193989.1531
193989.1531
193989.1531
193989.1522
193989.1526
193989.1527
193989.1524
193989.1524
193989.1521
193989.1522
193989.1518
193989.1519
193989.1518
193989.1525
193989.153
193989.1535
193989.1531
193989.1526
193989.1521
193989.1524
193989.1527
193989.1523
193989.1524
193989.1521
193989.1522
193989.1518
193989.1521
193989.152
193989.1527
193989.1527
193989.1529
193989.1522
193989.1521
193989.1516
193989.1332
193989.1335
193989.1333
193989.134
193989.1336
193989.1336
193989.1329
193989.1331
193989.1328
193989.1334
193989.1332
193989.1336
193989.1333
193989.1338
193989.1335
193989.1336
193989.1339
193989.134
193989.1343
193989.1337
193989.1333
193989.1327
193989.1329
193989.1328
193989.1333
193989.1333
193989.1337
193989.1336
193989.1339
193989.1339
193989.1334
193989.134
193989.1336
193989.1336
193989.1324
193989.1322
193989.1315
193989.1321
193989.1318
193989.1325
193989.1324
193989.1331
193989.133
193989.1336
193989.1334
193989.134
193989.1343
193989.1336
193989.1331
193989.132
193989.132
193989.1317
193989.1322
193989.132
193989.1325
193989.1324
193989.1331
193989.1332
193989.1338
193989.1338
193989.1336
193989.1337
193989.1324
193989.132
193989.131
193989.1315
193989.1311
193989.1318
193989.1313
193989.1319
193989.1316
193989.1325
193989.1324
193989.1334
193989.1333
193989.1336
193989.1333
193989.1322
193989.132
193989.1315
193989.132
193989.1318
193989.1323
193989.1319
193989.1322
193989.1319
193989.1326
193989.1326
193989.1334
193989.1335
193989.1329
193989.1327
193989.1316
193989.1317
193989.1312
193989.1319
193989.1315
193989.1321
193989.1315
193989.1319
193989.1314
193989.1321
193989.132
193989.133
193989.133
193989.1332
193989.1329
193989.1321
193989.1323
193989.1319
193989.1324
193989.1322
193989.1326
193989.1322
193989.1324
193989.1319
193989.1323
193989.1322
193989.1331
193989.1334
193989.1329
193989.1328
193989.1319
193989.1321
193989.1314
193989.132
193989.1316
193989.1322
193989.1317
193989.132
193989.1313
193989.1319
193989.1318
193989.133
193989.1332
193989.1334
193989.1333
193989.1326
193989.1325
193989.132
193989.1324
193989.1321
193989.1326
193989.1321
193989.1322
193989.1317
193989.1323
193989.1326
193989.1337
193989.1339
193989.1332
193989.1333
193989.1324
193989.1324
193989.1317
193989.132
193989.1316
193989.132
193989.1314
193989.1317
193989.1313
193989.1325
193989.1329
193989.1341
193989.1339
193989.1338
193989.1337
193989.1331
193989.133
193989.1325
193989.1326
193989.1322
193989.1324
193989.1319
193989.1323
193989.1325
193989.1337
193989.1341
193989.1347
193989.1342
193989.1336
193989.1338
193989.133
193989.1332
193989.1325
193989.1327
193989.132
193989.1323
193989.1318
193989.1326
193989.1329
193989.1341
193989.134
193989.1342
193989.1335
193989.1341
193989.1342
193989.1338
193989.1338
193989.1334
193989.1334
193989.133
193989.1332
193989.133
193989.1338
193989.1341
193989.1347
193989.1342
193989.134
193989.1337
193989.1339
193989.1341
193989.1336
193989.1339
193989.1334
193989.1336
193989.1331
193989.1334
193989.1332
193989.134
193989.1339
193989.1343
193989.1336
193989.1337
193989.1333
193989.156
193989.1564
193989.1565
193989.1572
193989.1571
193989.1572
193989.1566
193989.1568
193989.1565
193989.1569
193989.1567
193989.157
193989.1565
193989.1567
193989.1563
193989.1565
193989.1569
193989.1573
193989.1578
193989.1575
193989.1572
193989.1567
193989.1569
193989.1567
193989.1571
193989.157
193989.1572
193989.157
193989.157
193989.1568
193989.1566
193989.1573
193989.1574
193989.1576
193989.1567
193989.1566
193989.156
193989.1565
193989.1563
193989.1568
193989.1566
193989.157
193989.1567
193989.157
193989.1567
193989.1573
193989.1579
193989.1576
193989.1574
193989.1566
193989.1565
193989.1563
193989.1567
193989.1566
193989.157
193989.1569
193989.1572
193989.1571
193989.1573
193989.1571
193989.1571
193989.1575
193989.1567
193989.1566
193989.1558
193989.1562
193989.156
193989.1566
193989.1563
193989.1567
193989.1564
193989.1569
193989.1566
193989.1571
193989.1568
193989.1572
193989.1573
193989.1566
193989.1565
193989.1563
193989.1568
193989.1568
193989.1572
193989.1569
193989.1571
193989.1568
193989.1571
193989.1569
193989.1572
193989.1571
193989.1566
193989.1567
193989.156
193989.1563
193989.156
193989.1568
193989.1566
193989.1572
193989.1567
193989.157
193989.1564
193989.1567
193989.1564
193989.1569
193989.1567
193989.1569
193989.1569
193989.1565
193989.1568
193989.1567
193989.1573
193989.1572
193989.1576
193989.1573
193989.1574
193989.1568
193989.1569
193989.1566
193989.1571
193989.157
193989.1566
193989.1568
193989.1563
193989.1567
193989.1563
193989.157
193989.1567
193989.1573
193989.1567
193989.1569
193989.1562
193989.1565
193989.1563
193989.157
193989.1568
193989.1571
193989.1572
193989.1569
193989.1571
193989.1568
193989.1572
193989.157
193989.1574
193989.157
193989.157
193989.1565
193989.1568
193989.157
193989.1576
193989.1575
193989.1568
193989.1572
193989.1567
193989.1569
193989.1565
193989.1568
193989.1564
193989.1568
193989.1562
193989.1565
193989.1561
193989.157
193989.1572
193989.1578
193989.1574
193989.1571
193989.1574
193989.1572
193989.1573
193989.157
193989.1571
193989.1568
193989.1569
193989.1565
193989.1568
193989.157
193989.1578
193989.158
193989.1581
193989.1575
193989.1567
193989.1572
193989.1569
193989.1572
193989.1568
193989.157
193989.1565
193989.1567
193989.1563
193989.157
193989.1572
193989.158
193989.1577
193989.1576
193989.1568
193989.1569
193989.1572
193989.1572
193989.1575
193989.1572
193989.1573
193989.157
193989.1571
193989.157
193989.1576
193989.1578
193989.1581
193989.1576
193989.1571
193989.1566
193989.1565
193989.1569
193989.1568
193989.1572
193989.157
193989.1572
193989.1568
193989.1571
193989.1569
193989.1575
193989.1574
193989.1576
193989.1568
193989.1567
193989.1562
193989.1237
193989.124
193989.1235
193989.1242
193989.1236
193989.1238
193989.1229
193989.1233
193989.1228
193989.1236
193989.1233
193989.124
193989.1235
193989.1243
193989.124
193989.1241
193989.1242
193989.1241
193989.1244
193989.1237
193989.1235
193989.1227
193989.123
193989.1227
193989.1234
193989.1233
193989.1239
193989.1238
193989.1243
193989.1244
193989.1236
193989.1241
193989.1234
193989.1236
193989.1222
193989.1221
193989.1211
193989.1217
193989.1213
193989.1223
193989.122
193989.123
193989.1228
193989.1238
193989.1237
193989.1243
193989.1245
193989.1236
193989.1233
193989.1219
193989.1218
193989.1212
193989.1218
193989.1215
193989.1223
193989.1222
193989.1231
193989.1231
193989.124
193989.1241
193989.1237
193989.1238
193989.1222
193989.1219
193989.1205
193989.1208
193989.1201
193989.1209
193989.1204
193989.1213
193989.121
193989.1222
193989.1221
193989.1234
193989.1234
193989.1239
193989.1236
193989.1221
193989.1218
193989.1208
193989.1213
193989.1208
193989.1215
193989.121
193989.1217
193989.1214
193989.1223
193989.1224
193989.1235
193989.1237
193989.123
193989.1227
193989.1211
193989.1212
193989.1201
193989.1208
193989.1201
193989.1209
193989.1202
193989.121
193989.1205
193989.1216
193989.1214
193989.1229
193989.123
193989.1234
193989.123
193989.1218
193989.1218
193989.121
193989.1215
193989.1209
193989.1216
193989.121
193989.1216
193989.1211
193989.1219
193989.1219
193989.1232
193989.1235
193989.1229
193989.1228
193989.1214
193989.1215
193989.1204
193989.121
193989.1202
193989.121
193989.1202
193989.1209
193989.1202
193989.1213
193989.1213
193989.1229
193989.1232
193989.1237
193989.1235
193989.1224
193989.1224
193989.1214
193989.1217
193989.121
193989.1216
193989.1209
193989.1215
193989.121
193989.1221
193989.1224
193989.1238
193989.1241
193989.1234
193989.1235
193989.1222
193989.1223
193989.1211
193989.1214
193989.1205
193989.1211
193989.1203
193989.121
193989.1207
193989.1223
193989.1226
193989.124
193989.1239
193989.1241
193989.124
193989.1232
193989.1232
193989.1223
193989.1224
193989.1216
193989.122
193989.1214
193989.1221
193989.1223
193989.1236
193989.1239
193989.1247
193989.1245
193989.1237
193989.1239
193989.123
193989.1232
193989.1222
193989.1225
193989.1215
193989.1219
193989.1214
193989.1224
193989.1226
193989.1239
193989.1236
193989.1243
193989.1238
193989.1243
193989.1244
193989.124
193989.1241
193989.1235
193989.1236
193989.1229
193989.1232
193989.123
193989.1238
193989.124
193989.1247
193989.1243
193989.1244
193989.1242
193989.124
193989.1245
193989.1238
193989.1242
193989.1235
193989.1238
193989.1231
193989.1235
193989.1232
193989.1241
193989.1239
193989.1245
193989.1238
193989.1243
193989.1238
193989.1615
193989.1621
193989.1624
193989.1634
193989.1632
193989.1636
193989.1628
193989.1632
193989.1628
193989.1633
193989.1629
193989.1631
193989.1624
193989.1623
193989.1617
193989.1622
193989.1628
193989.1633
193989.1641
193989.1639
193989.164
193989.1633
193989.1636
193989.1633
193989.1638
193989.1635
193989.1636
193989.1631
193989.1629
193989.1625
193989.1624
193989.1633
193989.1635
193989.1642
193989.1635
193989.1636
193989.1628
193989.1634
193989.163
193989.1637
193989.1633
193989.1637
193989.163
193989.1631
193989.1626
193989.1634
193989.1642
193989.1642
193989.1644
193989.1637
193989.1638
193989.1634
193989.164
193989.1638
193989.1643
193989.1639
193989.1642
193989.1637
193989.1637
193989.1633
193989.1633
193989.1639
193989.1635
193989.1637
193989.1629
193989.1635
193989.1631
193989.164
193989.1634
193989.1641
193989.1634
193989.1639
193989.1633
193989.1636
193989.163
193989.1636
193989.164
193989.1636
193989.1638
193989.1635
193989.1642
193989.1641
193989.1648
193989.1644
193989.1647
193989.1641
193989.1643
193989.1638
193989.1639
193989.1634
193989.1629
193989.1634
193989.1629
193989.1634
193989.1631
193989.1641
193989.1637
193989.1647
193989.1639
193989.1644
193989.1635
193989.1638
193989.1631
193989.1634
193989.1629
193989.1633
193989.1637
193989.1635
193989.164
193989.164
193989.1648
193989.1647
193989.1653
193989.1647
193989.1649
193989.1641
193989.1641
193989.1636
193989.1638
193989.1634
193989.1629
193989.1634
193989.1631
193989.1638
193989.1634
193989.1644
193989.1639
193989.1647
193989.1638
193989.1643
193989.1632
193989.1636
193989.163
193989.1635
193989.1631
193989.1635
193989.164
193989.1639
193989.1644
193989.1642
193989.1647
193989.1644
193989.1649
193989.1643
193989.1644
193989.1638
193989.1641
193989.1639
193989.1642
193989.1638
193989.163
193989.1637
193989.1634
193989.1641
193989.1636
193989.1642
193989.1635
193989.1641
193989.1632
193989.1638
193989.1632
193989.164
193989.1638
193989.1642
193989.1635
193989.1632
193989.1638
193989.1639
193989.1643
193989.1641
193989.1644
193989.1639
193989.1642
193989.1636
193989.1641
193989.164
193989.1647
193989.1645
193989.1644
193989.1636
193989.1625
193989.1632
193989.1632
193989.1639
193989.1634
193989.1639
193989.1632
193989.1637
193989.1631
193989.1639
193989.1638
193989.1645
193989.1638
193989.1636
193989.1626
193989.1623
193989.163
193989.1633
193989.1638
193989.1637
193989.164
193989.1635
193989.1638
193989.1636
193989.1642
193989.1642
193989.1644
193989.1636
193989.163
193989.1623
193989.1617
193989.1625
193989.1626
193989.1634
193989.1631
193989.1636
193989.163
193989.1635
193989.1631
193989.1639
193989.1635
193989.1637
193989.1626
193989.1623
193989.1616
193989.111
193989.1115
193989.1103
193989.1111
193989.11
193989.1102
193989.1089
193989.1095
193989.1089
193989.11
193989.1097
193989.1108
193989.1102
193989.1116
193989.1112
193989.1115
193989.1114
193989.1106
193989.1109
193989.1099
193989.1097
193989.1085
193989.1089
193989.1085
193989.1096
193989.1095
193989.1105
193989.1104
193989.1115
193989.1118
193989.1103
193989.1106
193989.109
193989.1094
193989.1074
193989.1074
193989.1058
193989.1067
193989.106
193989.1075
193989.1072
193989.1089
193989.1086
193989.1105
193989.1105
193989.1111
193989.111
193989.1094
193989.1091
193989.1071
193989.107
193989.1057
193989.1066
193989.106
193989.1074
193989.1073
193989.1088
193989.1089
193989.1106
193989.111
193989.11
193989.1099
193989.1074
193989.1071
193989.1047
193989.1051
193989.1037
193989.1048
193989.104
193989.1056
193989.1052
193989.1073
193989.1072
193989.1095
193989.1097
193989.1103
193989.1097
193989.1074
193989.1071
193989.1051
193989.1056
193989.1044
193989.1056
193989.1046
193989.1061
193989.1057
193989.1075
193989.1075
193989.1096
193989.1101
193989.109
193989.1086
193989.1058
193989.1058
193989.1037
193989.1044
193989.103
193989.1042
193989.1032
193989.1047
193989.1041
193989.1061
193989.106
193989.1086
193989.1089
193989.1096
193989.109
193989.1067
193989.1067
193989.1049
193989.1056
193989.1042
193989.1055
193989.1043
193989.1057
193989.1049
193989.1067
193989.1068
193989.1091
193989.1096
193989.1089
193989.1086
193989.1061
193989.1061
193989.104
193989.1047
193989.1032
193989.1043
193989.1031
193989.1045
193989.1038
193989.1059
193989.106
193989.1087
193989.1091
193989.1101
193989.1097
193989.1076
193989.1075
193989.1057
193989.1062
193989.1047
193989.1057
193989.1045
193989.1058
193989.1053
193989.1072
193989.1076
193989.1099
193989.1105
193989.1098
193989.1096
193989.1073
193989.1074
193989.1053
193989.1057
193989.1041
193989.105
193989.1038
193989.1053
193989.105
193989.1073
193989.1076
193989.1101
193989.1102
193989.1109
193989.1106
193989.109
193989.109
193989.1074
193989.1076
193989.1062
193989.1068
193989.1059
193989.1073
193989.1073
193989.1093
193989.1096
193989.1111
193989.1113
193989.1103
193989.1105
193989.1087
193989.109
193989.1073
193989.1077
193989.1061
193989.1069
193989.106
193989.1076
193989.1076
193989.1096
193989.1093
193989.1108
193989.1104
193989.1116
193989.1115
193989.1106
193989.1107
193989.1096
193989.1097
193989.1087
193989.1091
193989.1087
193989.1099
193989.1101
193989.1112
193989.1108
193989.1115
193989.1116
193989.1112
193989.1118
193989.1105
193989.1111
193989.1098
193989.1102
193989.109
193989.1097
193989.1091
193989.1105
193989.1102
193989.1113
193989.1105
193989.1116
193989.111
193989.1694
193989.1705
193989.1711
193989.1725
193989.1724
193989.1732
193989.1723
193989.173
193989.1722
193989.173
193989.1721
193989.1723
193989.171
193989.1706
193989.1696
193989.1705
193989.1715
193989.1724
193989.1737
193989.1737
193989.1742
193989.1733
193989.174
193989.1733
193989.174
193989.1733
193989.1733
193989.1722
193989.1717
193989.1708
193989.1711
193989.1724
193989.1729
193989.1742
193989.1736
193989.1744
193989.1734
193989.1745
193989.1735
193989.1745
193989.1734
193989.1738
193989.1725
193989.1723
193989.1713
193989.1726
193989.1737
193989.1742
193989.1752
193989.1747
193989.1754
193989.1748
193989.1759
193989.1751
193989.1758
193989.1748
193989.175
193989.1738
193989.1734
193989.1725
193989.1725
193989.1737
193989.1736
193989.1747
193989.174
193989.1755
193989.1745
193989.1762
193989.1748
193989.176
193989.1744
193989.1748
193989.1734
193989.1733
193989.1722
193989.1733
193989.1743
193989.1745
193989.1755
193989.1755
193989.1769
193989.1767
193989.1778
193989.177
193989.1773
193989.1761
193989.1758
193989.1746
193989.1741
193989.173
193989.1723
193989.1734
193989.1734
193989.1748
193989.1745
193989.1767
193989.1756
193989.1777
193989.1758
193989.1769
193989.1749
193989.1751
193989.1735
193989.1734
193989.1722
193989.173
193989.1741
193989.1746
193989.1759
193989.1763
193989.1778
193989.1777
193989.1789
193989.1778
193989.1779
193989.1764
193989.176
193989.1746
193989.1741
193989.1731
193989.1723
193989.1734
193989.1736
193989.1752
193989.1749
193989.177
193989.1758
193989.1778
193989.1757
193989.1768
193989.1746
193989.175
193989.1735
193989.1735
193989.1724
193989.1731
193989.1742
193989.1746
193989.1759
193989.1761
193989.1773
193989.177
193989.1779
193989.1768
193989.177
193989.1757
193989.1757
193989.1747
193989.1744
193989.1734
193989.1723
193989.1735
193989.1736
193989.175
193989.1746
193989.1761
193989.1749
193989.1764
193989.1746
193989.1757
193989.1742
193989.1749
193989.1739
193989.1739
193989.1727
193989.1724
193989.1734
193989.1739
193989.1751
193989.1749
193989.176
193989.1752
193989.176
193989.175
193989.1757
193989.1749
193989.1754
193989.1745
193989.1739
193989.1727
193989.171
193989.1723
193989.1726
193989.174
193989.1736
193989.1747
193989.1736
193989.1747
193989.1735
193989.1747
193989.1739
193989.1745
193989.1731
193989.1726
193989.1711
193989.1706
193989.1717
193989.1724
193989.1735
193989.1735
193989.1742
193989.1735
193989.1742
193989.1735
193989.1745
193989.1739
193989.174
193989.1726
193989.1716
193989.1705
193989.1695
193989.1708
193989.1713
193989.1726
193989.1723
193989.1731
193989.1723
193989.1731
193989.1724
193989.1735
193989.1727
193989.1728
193989.1712
193989.1705
193989.1694
193989.092
193989.0929
193989.0898
193989.0906
193989.0882
193989.0886
193989.0865
193989.0874
193989.0864
193989.0884
193989.0879
193989.0904
193989.0896
193989.093
193989.0923
193989.0928
193989.0921
193989.0899
193989.0898
193989.0877
193989.0876
193989.0856
193989.0864
193989.0856
193989.0874
193989.0873
193989.0894
193989.0897
193989.0923
193989.0932
193989.0897
193989.0899
193989.0859
193989.0863
193989.0828
193989.0829
193989.0803
193989.0816
193989.0804
193989.0829
193989.0825
193989.0859
193989.0856
193989.0898
193989.09
193989.0907
193989.0899
193989.0863
193989.0859
193989.0824
193989.0826
193989.0799
193989.0816
193989.0801
193989.0829
193989.0825
193989.0856
193989.0859
193989.0895
193989.0906
193989.0882
193989.0877
193989.0828
193989.0824
193989.0782
193989.0785
193989.0759
193989.0775
193989.0762
193989.0789
193989.0786
193989.0825
193989.0825
193989.0873
193989.088
193989.0887
193989.0876
193989.0829
193989.0826
193989.0785
193989.0797
193989.0765
193989.0794
193989.0767
193989.0801
193989.0789
193989.0828
193989.0829
193989.0873
193989.0884
193989.0865
193989.0857
193989.0804
193989.0799
193989.0759
193989.0765
193989.074
193989.0758
193989.0741
193989.0768
193989.0763
193989.0802
193989.0805
193989.0856
193989.0864
193989.0875
193989.0864
193989.0816
193989.0816
193989.0775
193989.0794
193989.0758
193989.0795
193989.0759
193989.0794
193989.0776
193989.0816
193989.0816
193989.0864
193989.0875
193989.0865
193989.0857
193989.0805
193989.0802
193989.0762
193989.0768
193989.0741
193989.0759
193989.0741
193989.0766
193989.076
193989.08
193989.0804
193989.0857
193989.0866
193989.0885
193989.0875
193989.0831
193989.0829
193989.079
193989.0802
193989.0768
193989.0794
193989.0766
193989.0798
193989.0785
193989.0826
193989.083
193989.0876
193989.0888
193989.088
193989.0874
193989.0827
193989.0826
193989.0787
193989.079
193989.0763
193989.0776
193989.076
193989.0785
193989.0783
193989.0825
193989.0829
193989.0878
193989.0884
193989.0904
193989.0896
193989.086
193989.0858
193989.0826
193989.0829
193989.0802
193989.0817
193989.08
193989.0826
193989.0825
193989.086
193989.0864
193989.09
193989.0907
193989.0896
193989.0897
193989.0857
193989.086
193989.0827
193989.083
193989.0805
193989.0817
193989.0804
193989.083
193989.0829
193989.0864
193989.0861
193989.09
193989.0898
193989.0929
193989.0923
193989.0898
193989.0896
193989.0874
193989.0874
193989.0857
193989.0864
193989.0857
193989.0876
193989.0878
193989.09
193989.09
193989.0922
193989.0928
193989.0921
193989.0932
193989.09
193989.0906
193989.0881
193989.0885
193989.0864
193989.0875
193989.0866
193989.0888
193989.0884
193989.0908
193989.0898
193989.0928
193989.092
193989.1823
193989.1845
193989.186
193989.1886
193989.1889
193989.1906
193989.1894
193989.1907
193989.1893
193989.1904
193989.1886
193989.1883
193989.1859
193989.1846
193989.1826
193989.1845
193989.1865
193989.1886
193989.191
193989.1918
193989.1932
193989.1926
193989.1936
193989.1926
193989.193
193989.1915
193989.1907
193989.1885
193989.1868
193989.1849
193989.186
193989.1886
193989.1901
193989.193
193989.1929
193989.1952
193989.1937
193989.1959
193989.1938
193989.1952
193989.1927
193989.1926
193989.1898
193989.1886
193989.1863
193989.1886
193989.191
193989.193
193989.1955
193989.1962
193989.1982
193989.1979
193989.1995
193989.1981
193989.1985
193989.1963
193989.1953
193989.1927
193989.1908
193989.1886
193989.1889
193989.1918
193989.1929
193989.1961
193989.1959
193989.1995
193989.1978
193989.2013
193989.198
193989.1999
193989.1962
193989.1962
193989.1927
193989.1915
193989.1886
193989.1906
193989.1933
193989.1953
193989.1982
193989.1996
193989.2029
193989.203
193989.2057
193989.2034
193989.2033
193989.2001
193989.1985
193989.1953
193989.1931
193989.1904
193989.1894
193989.1926
193989.1938
193989.1978
193989.1978
193989.2029
193989.2005
193989.2061
193989.2006
193989.2032
193989.1981
193989.198
193989.1938
193989.1926
193989.1892
193989.1908
193989.1937
193989.196
193989.1996
193989.2015
193989.2057
193989.2063
193989.2108
193989.2067
193989.2059
193989.2018
193989.1997
193989.1961
193989.1937
193989.1909
193989.1894
193989.1927
193989.1939
193989.1981
193989.198
193989.2034
193989.2006
193989.2068
193989.2005
193989.2032
193989.1978
193989.198
193989.1938
193989.1927
193989.1895
193989.1905
193989.1932
193989.1954
193989.1986
193989.2
193989.2034
193989.2033
193989.2059
193989.2032
193989.2031
193989.1998
193989.1984
193989.1954
193989.1934
193989.1908
193989.1887
193989.1916
193989.1929
193989.1965
193989.1963
193989.2002
193989.1981
193989.2018
193989.1978
193989.1998
193989.196
193989.1963
193989.1931
193989.192
193989.189
193989.1884
193989.1908
193989.1928
193989.1955
193989.1964
193989.1986
193989.1981
193989.1997
193989.198
193989.1984
193989.1963
193989.1956
193989.1932
193989.1912
193989.1887
193989.1859
193989.1885
193989.1899
193989.1929
193989.1929
193989.1955
193989.1939
193989.1962
193989.1938
193989.1954
193989.193
193989.1932
193989.1903
193989.1888
193989.186
193989.1845
193989.1867
193989.1886
193989.1909
193989.1916
193989.1932
193989.1927
193989.1938
193989.1927
193989.1934
193989.192
193989.1912
193989.1888
193989.1867
193989.1844
193989.1825
193989.1848
193989.1863
193989.1887
193989.1887
193989.1905
193989.1893
193989.1909
193989.1895
193989.1908
193989.1891
193989.1888
193989.1861
193989.1845
193989.1823
193989.0604
193989.0627
193989.0543
193989.055
193989.0495
193989.0496
193989.0459
193989.0472
193989.0458
193989.0494
193989.0492
193989.0547
193989.0541
193989.0628
193989.0608
193989.0627
193989.0604
193989.0541
193989.0528
193989.0477
193989.0471
193989.0433
193989.0448
193989.0433
193989.0469
193989.0474
193989.0524
193989.054
193989.0607
193989.0632
193989.0543
193989.054
193989.0439
193989.0437
193989.0364
193989.0364
193989.0317
193989.0338
193989.0317
193989.0364
193989.0362
193989.0434
193989.0437
193989.0541
193989.0545
193989.055
193989.0528
193989.0438
193989.0428
193989.0352
193989.036
193989.0302
193989.0341
193989.0303
193989.0362
193989.0352
193989.0426
193989.0435
193989.0525
193989.055
193989.0495
193989.0477
193989.0364
193989.0351
193989.0267
193989.0269
193989.0215
193989.0247
193989.0218
193989.0272
193989.027
193989.0352
193989.0362
193989.0474
193989.0492
193989.0497
193989.0471
193989.0364
193989.036
193989.0268
193989.0301
193989.0222
193989.0309
193989.0224
193989.0304
193989.0272
193989.0361
193989.0364
193989.0468
193989.0493
193989.0459
193989.0433
193989.0317
193989.0302
193989.0215
193989.0222
193989.0168
193989.0224
193989.017
193989.0224
193989.0218
193989.0303
193989.0317
193989.0432
193989.0457
193989.0473
193989.0448
193989.0338
193989.0341
193989.0246
193989.0308
193989.0223
193989.0417
193989.0224
193989.0308
193989.0246
193989.034
193989.0338
193989.0447
193989.0472
193989.0458
193989.0433
193989.0318
193989.0304
193989.0218
193989.0223
193989.017
193989.0224
193989.017
193989.0222
193989.0216
193989.0302
193989.0317
193989.0433
193989.0459
193989.0495
193989.047
193989.0365
193989.0362
193989.0272
193989.0304
193989.0223
193989.0307
193989.0222
193989.03
193989.0268
193989.0359
193989.0365
193989.0471
193989.0497
193989.0493
193989.0475
193989.0364
193989.0353
193989.0271
193989.0272
193989.0218
193989.0246
193989.0216
193989.0268
193989.0267
193989.0352
193989.0365
193989.0478
193989.0496
193989.0547
193989.0525
193989.0436
193989.0427
193989.0353
193989.0362
193989.0303
193989.034
193989.0301
193989.0359
193989.0351
193989.0428
193989.0439
193989.0528
193989.055
193989.054
193989.0539
193989.0438
193989.0436
193989.0364
193989.0365
193989.0318
193989.0338
193989.0317
193989.0364
193989.0365
193989.0439
193989.0441
193989.0542
193989.0542
193989.0626
193989.0606
193989.0541
193989.0526
193989.0475
193989.0469
193989.0432
193989.0447
193989.0433
193989.0471
193989.0478
193989.0529
193989.0542
193989.0605
193989.0626
193989.0605
193989.063
193989.0545
193989.055
193989.0493
193989.0494
193989.0457
193989.0472
193989.0459
193989.0497
193989.0496
193989.0551
193989.0543
193989.0626
193989.0604
193989.2023
193989.2069
193989.211
193989.2161
193989.218
193989.2217
193989.2207
193989.2233
193989.2206
193989.2215
193989.2176
193989.2158
193989.2108
193989.2069
193989.2026
193989.2068
193989.2115
193989.2168
193989.2219
193989.2251
193989.2284
193989.2288
193989.2305
193989.2287
193989.2282
193989.2247
193989.2215
193989.2167
193989.2118
193989.2074
193989.2109
193989.2167
193989.2215
193989.228
193989.2303
193989.2358
193989.2346
193989.2388
193989.2347
193989.2358
193989.2302
193989.2278
193989.2214
193989.2168
193989.2113
193989.2162
193989.2219
193989.2281
193989.2341
193989.2385
193989.2433
193989.2447
193989.2475
193989.245
193989.2436
193989.2387
193989.2341
193989.2279
193989.2217
193989.2161
193989.218
193989.225
193989.2303
193989.2384
193989.2413
193989.2499
193989.248
193989.2564
193989.2482
193989.2502
193989.2416
193989.2385
193989.2302
193989.2247
193989.2176
193989.2218
193989.2285
193989.2359
193989.2434
193989.2501
193989.2571
193989.2611
193989.2651
193989.2622
193989.2577
193989.2508
193989.2437
193989.236
193989.2282
193989.2215
193989.2207
193989.2287
193989.2346
193989.2446
193989.2479
193989.2607
193989.2547
193989.2758
193989.2547
193989.2609
193989.2483
193989.2447
193989.2347
193989.2286
193989.2204
193989.2234
193989.2306
193989.239
193989.2476
193989.257
193989.2654
193989.2782
193989.2893
193989.2834
193989.266
193989.2581
193989.2479
193989.2393
193989.2307
193989.2233
193989.2207
193989.2288
193989.2348
193989.245
193989.2482
193989.2623
193989.2544
193989.2852
193989.2545
193989.2621
193989.2481
193989.2449
193989.2347
193989.2288
193989.2207
193989.2216
193989.2284
193989.236
193989.2438
193989.2505
193989.258
193989.2612
193989.2664
193989.2619
193989.258
193989.2506
193989.2436
193989.236
193989.2285
193989.2219
193989.2178
193989.2249
193989.2304
193989.2389
193989.2418
193989.251
193989.2483
193989.2584
193989.2481
193989.2507
193989.2415
193989.2386
193989.2304
193989.2251
193989.218
193989.2158
193989.2217
193989.228
193989.2343
193989.2387
193989.2439
193989.2449
193989.2481
193989.2448
193989.2437
193989.2386
193989.2343
193989.2282
193989.222
193989.2161
193989.2107
193989.2167
193989.2215
193989.2281
193989.2303
193989.2361
193989.2348
193989.2394
193989.2347
193989.236
193989.2304
193989.2282
193989.2217
193989.2169
193989.2109
193989.2067
193989.2117
193989.2168
193989.2218
193989.2249
193989.2284
193989.2287
193989.2307
193989.2288
193989.2285
193989.2251
193989.222
193989.2169
193989.2116
193989.2067
193989.2023
193989.2072
193989.2112
193989.2162
193989.2178
193989.2216
193989.2205
193989.2234
193989.2207
193989.2218
193989.2181
193989.2163
193989.211
193989.2068
193989.2022
193988.9952
193989.0055
193988.9824
193988.9814
193988.9692
193988.9669
193988.9604
193988.9613
193988.9603
193988.9667
193988.9688
193988.981
193988.9821
193989.0056
193988.9957
193989.0055
193989.0016
193988.9832
193988.9779
193988.9659
193988.9619
193988.955
193988.956
193988.9549
193988.9616
193988.9656
193988.9775
193988.9831
193989.0019
193989.0061
193988.9823
193988.9831
193988.9556
193988.9531
193988.9368
193988.934
193988.9255
193988.9271
193988.9256
193988.934
193988.9366
193988.9529
193988.9556
193988.9833
193988.9827
193988.9815
193988.9779
193988.9532
193988.9495
193988.9322
193988.9306
193988.9194
193988.9242
193988.9196
193988.9307
193988.9324
193988.9494
193988.9531
193988.9777
193988.9815
193988.9692
193988.9658
193988.9367
193988.9321
193988.9134
193988.9093
193988.9
193988.9003
193988.9003
193988.9096
193988.9138
193988.9322
193988.9366
193988.9655
193988.9689
193988.967
193988.9619
193988.9341
193988.9305
193988.9094
193988.9106
193988.8923
193988.9043
193988.8928
193988.9106
193988.91
193988.9306
193988.9341
193988.9616
193988.9666
193988.9604
193988.9549
193988.9255
193988.9193
193988.9
193988.8923
193988.8836
193988.8683
193988.884
193988.8924
193988.9004
193988.9194
193988.9256
193988.9547
193988.9602
193988.9614
193988.956
193988.9272
193988.9242
193988.9004
193988.9039
193988.8678
193988.9123
193988.8683
193988.9025
193988.9008
193988.9239
193988.9274
193988.9559
193988.9613
193988.9604
193988.955
193988.9257
193988.9196
193988.9004
193988.8927
193988.8843
193988.8681
193988.8851
193988.8924
193988.9004
193988.9193
193988.9256
193988.9549
193988.9605
193988.9668
193988.9618
193988.9341
193988.9307
193988.9097
193988.9105
193988.8923
193988.9023
193988.8924
193988.9099
193988.9096
193988.9303
193988.9341
193988.9618
193988.967
193988.969
193988.9657
193988.9368
193988.9326
193988.914
193988.9101
193988.9005
193988.9008
193988.9004
193988.9096
193988.9137
193988.9322
193988.9369
193988.9659
193988.9692
193988.981
193988.9776
193988.9531
193988.9495
193988.9324
193988.9306
193988.9194
193988.9239
193988.9192
193988.9302
193988.9322
193988.9494
193988.9533
193988.9779
193988.9814
193988.982
193988.983
193988.9556
193988.9532
193988.9368
193988.9343
193988.9257
193988.9274
193988.9256
193988.9341
193988.9368
193988.9533
193988.9559
193988.9833
193988.9822
193989.0052
193989.0017
193988.9832
193988.9778
193988.9656
193988.9617
193988.9548
193988.9559
193988.9548
193988.9617
193988.9659
193988.9779
193988.9833
193989.0016
193989.0053
193988.9952
193989.0058
193988.9826
193988.9815
193988.969
193988.9667
193988.9602
193988.9613
193988.9604
193988.967
193988.9693
193988.9815
193988.9823
193989.0054
193988.9952
193989.2305
193989.2435
193989.2539
193989.2667
193989.2731
193989.2815
193989.2829
193989.2869
193989.2827
193989.2812
193989.2726
193989.2662
193989.2535
193989.2436
193989.231
193989.2435
193989.2555
193989.2694
193989.2822
193989.2919
193989.2998
193989.3038
193989.306
193989.3035
193989.2994
193989.2913
193989.2818
193989.2693
193989.2559
193989.2441
193989.2538
193989.2694
193989.284
193989.3005
193989.3103
193989.3212
193989.3248
193989.3289
193989.3247
193989.3211
193989.3101
193989.3004
193989.284
193989.2696
193989.2542
193989.2666
193989.2822
193989.3005
193989.3171
193989.3309
193989.3406
193989.3475
193989.3473
193989.3471
193989.3406
193989.3306
193989.317
193989.3001
193989.282
193989.2665
193989.2731
193989.2919
193989.3102
193989.331
193989.3462
193989.3602
193989.3685
193989.3707
193989.3687
193989.3605
193989.3464
193989.3311
193989.3101
193989.2915
193989.2726
193989.2815
193989.2997
193989.321
193989.3405
193989.3597
193989.3686
193989.3823
193989.3696
193989.3805
193989.3684
193989.3589
193989.3402
193989.3204
193989.2991
193989.2807
193989.2828
193989.3037
193989.3247
193989.3476
193989.3684
193989.3831
193989.4005
193989.394
193989.4007
193989.3833
193989.3685
193989.3477
193989.3246
193989.3035
193989.2824
193989.2869
193989.3059
193989.3286
193989.3469
193989.3697
193989.3685
193989.3903
193989.3619
193989.3811
193989.3673
193989.3672
193989.3462
193989.3277
193989.3054
193989.2863
193989.2829
193989.3036
193989.3248
193989.347
193989.3687
193989.3798
193989.4008
193989.3779
193989.4009
193989.3795
193989.3684
193989.3468
193989.3246
193989.3035
193989.2828
193989.2812
193989.2995
193989.321
193989.3405
193989.3601
193989.3679
193989.3823
193989.3665
193989.3801
193989.3671
193989.3584
193989.3397
193989.3203
193989.2993
193989.2811
193989.2728
193989.2914
193989.3102
193989.3306
193989.3465
193989.3585
193989.3686
193989.3663
193989.3683
193989.358
193989.346
193989.3302
193989.3101
193989.2916
193989.273
193989.2661
193989.2818
193989.3004
193989.317
193989.3311
193989.3401
193989.3475
193989.346
193989.3468
193989.3396
193989.3303
193989.3166
193989.3002
193989.282
193989.2663
193989.2533
193989.2691
193989.284
193989.3001
193989.3102
193989.3203
193989.3247
193989.3274
193989.3245
193989.3201
193989.31
193989.3001
193989.284
193989.2693
193989.2535
193989.2432
193989.2556
193989.2695
193989.282
193989.2916
193989.2992
193989.3036
193989.3054
193989.3034
193989.2992
193989.2916
193989.282
193989.2694
193989.2554
193989.2431
193989.2305
193989.2438
193989.2541
193989.2664
193989.2728
193989.2807
193989.2825
193989.2862
193989.2827
193989.281
193989.273
193989.2664
193989.2536
193989.2432
193989.2303
193988.8148
193988.8656
193988.8044
193988.7894
193988.7615
193988.7488
193988.7381
193988.7355
193988.7378
193988.7484
193988.7611
193988.7889
193988.804
193988.8658
193988.8155
193988.8656
193988.8758
193988.8184
193988.7992
193988.769
193988.7502
193988.739
193988.7327
193988.7388
193988.7498
193988.7685
193988.7989
193988.8184
193988.8763
193988.8665
193988.8043
193988.8182
193988.7393
193988.7253
193988.6863
193988.6713
193988.6558
193988.6536
193988.6558
193988.6712
193988.6862
193988.7252
193988.7395
193988.8187
193988.8049
193988.7895
193988.7992
193988.7253
193988.7092
193988.6715
193988.6495
193988.638
193988.6259
193988.6381
193988.6496
193988.6716
193988.7092
193988.7253
193988.7992
193988.7895
193988.7616
193988.7689
193988.6863
193988.6715
193988.628
193988.6108
193988.5929
193988.589
193988.5933
193988.6112
193988.6285
193988.6717
193988.6863
193988.7686
193988.7612
193988.7489
193988.7502
193988.6713
193988.6494
193988.6107
193988.5757
193988.5724
193988.534
193988.5729
193988.576
193988.6111
193988.6496
193988.6712
193988.7498
193988.7483
193988.738
193988.7389
193988.6558
193988.638
193988.5929
193988.5725
193988.5563
193988.5465
193988.5569
193988.5728
193988.5934
193988.6382
193988.6559
193988.7387
193988.7376
193988.7355
193988.7327
193988.6536
193988.6256
193988.5887
193988.5331
193988.546
193988.4487
193988.5479
193988.5334
193988.5887
193988.6256
193988.6534
193988.7325
193988.7352
193988.738
193988.7389
193988.656
193988.6381
193988.5934
193988.5728
193988.5571
193988.548
193988.5575
193988.5726
193988.5934
193988.6379
193988.6559
193988.7388
193988.738
193988.7485
193988.7499
193988.6713
193988.6495
193988.6111
193988.5755
193988.5726
193988.5328
193988.5726
193988.575
193988.6106
193988.649
193988.671
193988.7499
193988.7487
193988.7612
193988.7686
193988.6864
193988.6717
193988.6287
193988.611
193988.5935
193988.5885
193988.5934
193988.6105
193988.6283
193988.6714
193988.6864
193988.7688
193988.7615
193988.7888
193988.7988
193988.7253
193988.7092
193988.6718
193988.6494
193988.6381
193988.6253
193988.6379
193988.6489
193988.6713
193988.7089
193988.7253
193988.7991
193988.7891
193988.8038
193988.8182
193988.7395
193988.7253
193988.6865
193988.6712
193988.656
193988.6533
193988.6559
193988.671
193988.6864
193988.7253
193988.7396
193988.8184
193988.804
193988.8653
193988.8759
193988.8185
193988.7991
193988.7687
193988.7498
193988.7387
193988.7323
193988.7387
193988.7498
193988.7688
193988.7992
193988.8184
193988.8757
193988.8651
193988.815
193988.8661
193988.8047
193988.7894
193988.7612
193988.7483
193988.7377
193988.7352
193988.7379
193988.7487
193988.7616
193988.7894
193988.8042
193988.8654
193988.8147
193989.2343
193989.3017
193989.3198
193989.3662
193989.3811
193989.4103
193989.421
193989.4347
193989.4205
193989.4098
193989.3805
193989.3657
193989.3195
193989.3018
193989.235
193989.3016
193989.3604
193989.3926
193989.438
193989.4587
193989.4888
193989.4981
193989.5116
193989.4978
193989.4885
193989.4581
193989.4376
193989.3926
193989.361
193989.3025
193989.3198
193989.3925
193989.4364
193989.499
193989.5196
193989.5585
193989.5629
193989.5821
193989.5627
193989.5584
193989.5194
193989.499
193989.4366
193989.393
193989.3204
193989.3661
193989.4379
193989.499
193989.5718
193989.6045
193989.6495
193989.6543
193989.6762
193989.6543
193989.6495
193989.6045
193989.5719
193989.499
193989.4379
193989.3661
193989.3809
193989.4585
193989.5195
193989.6045
193989.6412
193989.6935
193989.6984
193989.722
193989.6986
193989.6939
193989.6416
193989.6047
193989.5195
193989.4583
193989.3805
193989.4102
193989.4888
193989.5584
193989.6495
193989.6934
193989.7565
193989.7591
193989.7963
193989.7592
193989.7568
193989.6936
193989.6497
193989.5582
193989.4884
193989.4094
193989.4203
193989.4978
193989.5626
193989.6544
193989.6983
193989.7593
193989.7685
193989.7872
193989.7686
193989.7596
193989.6986
193989.6546
193989.5626
193989.4975
193989.4198
193989.4347
193989.5117
193989.5821
193989.6766
193989.7219
193989.7975
193989.7865
193989.803
193989.7862
193989.7977
193989.7219
193989.6766
193989.5819
193989.5115
193989.4343
193989.4212
193989.4982
193989.563
193989.6545
193989.6987
193989.7594
193989.7687
193989.7863
193989.7684
193989.7593
193989.6985
193989.6543
193989.5629
193989.4982
193989.4212
193989.41
193989.4887
193989.5584
193989.65
193989.6938
193989.758
193989.7595
193989.8009
193989.7592
193989.7576
193989.6932
193989.6496
193989.5581
193989.4886
193989.4101
193989.3807
193989.4583
193989.5196
193989.6047
193989.6417
193989.6938
193989.6987
193989.7218
193989.6985
193989.6933
193989.6412
193989.6043
193989.5195
193989.4585
193989.381
193989.3656
193989.4376
193989.499
193989.5722
193989.6048
193989.6503
193989.6546
193989.6776
193989.6542
193989.6498
193989.6042
193989.5719
193989.4989
193989.4378
193989.3658
193989.3192
193989.3924
193989.4365
193989.499
193989.5197
193989.5584
193989.5629
193989.5819
193989.5627
193989.5582
193989.5195
193989.499
193989.4365
193989.3925
193989.3193
193989.3013
193989.3607
193989.3928
193989.438
193989.4585
193989.4887
193989.4979
193989.5117
193989.4977
193989.4887
193989.4585
193989.438
193989.3926
193989.3603
193989.301
193989.2344
193989.3021
193989.3203
193989.3661
193989.3807
193989.4097
193989.4205
193989.4343
193989.4204
193989.41
193989.381
193989.3661
193989.3196
193989.3012
193989.2339
193988.1568
193988.3495
193988.1666
193988.0867
193988.0221
193987.9783
193987.956
193987.9571
193987.9559
193987.9782
193988.0217
193988.0864
193988.1662
193988.3496
193988.1575
193988.3494
193988.4969
193988.3017
193988.229
193988.1422
193988.0857
193988.0509
193988.0329
193988.0508
193988.0854
193988.1417
193988.2287
193988.3017
193988.4974
193988.3503
193988.1664
193988.3015
193988.0776
193988.0119
193987.9133
193987.8607
193987.8285
193987.819
193987.8284
193987.8606
193987.9132
193988.0119
193988.0778
193988.302
193988.1672
193988.087
193988.229
193988.0121
193987.946
193987.8435
193987.7918
193987.7552
193987.7462
193987.7551
193987.7919
193987.8435
193987.9461
193988.0121
193988.229
193988.0871
193988.0222
193988.142
193987.9133
193987.8432
193987.7296
193987.6793
193987.637
193987.6354
193987.6373
193987.6796
193987.73
193987.8435
193987.9133
193988.1418
193988.0219
193987.9788
193988.0857
193987.8609
193987.7917
193987.6797
193987.6333
193987.594
193987.6067
193987.5941
193987.6336
193987.68
193987.7918
193987.8608
193988.0853
193987.9781
193987.9564
193988.0511
193987.8284
193987.7549
193987.637
193987.5933
193987.5474
193987.5718
193987.548
193987.5937
193987.6375
193987.7551
193987.8284
193988.0509
193987.9559
193987.9571
193988.0328
193987.8193
193987.7459
193987.6368
193987.6056
193987.5763
193987.6871
193987.5768
193987.6059
193987.6369
193987.7458
193987.8191
193988.0325
193987.9567
193987.9559
193988.0507
193987.8288
193987.7554
193987.6376
193987.595
193987.5485
193987.5804
193987.5491
193987.595
193987.6377
193987.7553
193987.8287
193988.0506
193987.9559
193987.9777
193988.0852
193987.8607
193987.7916
193987.68
193987.6327
193987.5944
193987.6026
193987.5942
193987.6323
193987.6795
193987.7911
193987.8604
193988.0852
193987.9779
193988.0216
193988.1419
193987.9135
193987.8438
193987.7303
193987.6805
193987.6379
193987.6382
193987.6377
193987.6801
193987.7299
193987.8434
193987.9134
193988.1421
193988.022
193988.0859
193988.2286
193988.012
193987.946
193987.8437
193987.7915
193987.7552
193987.7451
193987.7549
193987.791
193987.8431
193987.9457
193988.0118
193988.2288
193988.0862
193988.1661
193988.3017
193988.078
193988.0122
193987.9136
193987.8609
193987.8288
193987.8195
193987.8286
193987.8608
193987.9134
193988.0122
193988.078
193988.3018
193988.1662
193988.3493
193988.4973
193988.3021
193988.229
193988.142
193988.0851
193988.0506
193988.0323
193988.0507
193988.0853
193988.142
193988.229
193988.3017
193988.4968
193988.3488
193988.1576
193988.3502
193988.1672
193988.0868
193988.0217
193987.9777
193987.9557
193987.9567
193987.956
193987.9784
193988.0223
193988.087
193988.1664
193988.3491
193988.1569
193988.9956
193989.2401
193989.2327
193989.4204
193989.4736
193989.5836
193989.568
193989.6228
193989.5688
193989.5835
193989.4736
193989.4201
193989.2322
193989.24
193988.9963
193989.2395
193989.7327
193989.8296
193990.0893
193990.1429
193990.2507
193990.2505
193990.2884
193990.2507
193990.2505
193990.1427
193990.089
193989.8296
193989.7333
193989.2405
193989.2323
193989.8297
193989.8604
193990.1396
193990.1987
193990.3214
193990.3179
193990.3631
193990.3183
193990.3214
193990.1988
193990.1397
193989.8607
193989.8302
193989.2332
193989.4207
193990.0892
193990.1397
193990.4632
193990.501
193990.647
193990.6476
193990.6956
193990.6478
193990.6471
193990.5012
193990.4634
193990.1398
193990.0893
193989.4209
193989.4742
193990.143
193990.1989
193990.501
193990.5432
193990.655
193990.6405
193990.6832
193990.6408
193990.6553
193990.5436
193990.5013
193990.199
193990.1429
193989.474
193989.5838
193990.2508
193990.3216
193990.6473
193990.6554
193990.7367
193990.7235
193990.7616
193990.7236
193990.7369
193990.6557
193990.6475
193990.3216
193990.2505
193989.5832
193989.5698
193990.2512
193990.3185
193990.6481
193990.6401
193990.7228
193990.7032
193990.7273
193990.7034
193990.7229
193990.6403
193990.6484
193990.3186
193990.251
193989.5695
193989.6227
193990.2883
193990.3632
193990.6955
193990.6837
193990.7609
193990.7295
193990.8026
193990.7294
193990.7606
193990.6835
193990.6955
193990.3631
193990.2882
193989.6225
193989.567
193990.2502
193990.3175
193990.648
193990.6402
193990.7238
193990.7026
193990.7317
193990.7026
193990.7234
193990.64
193990.648
193990.3174
193990.2502
193989.5672
193989.5832
193990.2504
193990.3214
193990.6473
193990.6556
193990.7363
193990.7233
193990.7606
193990.7229
193990.7358
193990.6551
193990.647
193990.3212
193990.2505
193989.5835
193989.4727
193990.1424
193990.1985
193990.5013
193990.5436
193990.6559
193990.6398
193990.684
193990.6397
193990.6554
193990.5432
193990.501
193990.1985
193990.1427
193989.4733
193989.4194
193990.0887
193990.1395
193990.4634
193990.5013
193990.6477
193990.6483
193990.6956
193990.6481
193990.6473
193990.5009
193990.4631
193990.1394
193990.089
193989.4198
193989.2317
193989.8292
193989.8605
193990.1397
193990.1987
193990.3216
193990.3178
193990.3633
193990.318
193990.3215
193990.1987
193990.1396
193989.8604
193989.8293
193989.2319
193989.2398
193989.7326
193989.8299
193990.0892
193990.1427
193990.2504
193990.2503
193990.2881
193990.2507
193990.2506
193990.143
193990.0892
193989.8296
193989.7321
193989.2394
193988.9963
193989.2406
193989.233
193989.4203
193989.4731
193989.5829
193989.5675
193989.6224
193989.5688
193989.5838
193989.4741
193989.4205
193989.2321
193989.2392
193988.9955
193982.1294
193985.6851
193986.1892
193986.6554
193986.652
193986.6905
193986.608
193986.6077
193986.6103
193986.6904
193986.6514
193986.6542
193986.189
193985.686
193982.1312
193985.6868
193986.9336
193986.8166
193986.8753
193986.8519
193986.863
193986.8233
193986.8038
193986.8242
193986.8629
193986.8514
193986.8748
193986.8166
193986.9344
193985.6891
193986.1916
193986.8167
193986.6317
193986.6684
193986.6345
193986.6568
193986.631
193986.6273
193986.6316
193986.6569
193986.6347
193986.6686
193986.6321
193986.8174
193986.1931
193986.6553
193986.8751
193986.6685
193986.694
193986.6223
193986.6412
193986.6202
193986.626
193986.6203
193986.6416
193986.6226
193986.6942
193986.6686
193986.8753
193986.6553
193986.6518
193986.8514
193986.6343
193986.6221
193986.5306
193986.5521
193986.5128
193986.5367
193986.513
193986.5525
193986.5311
193986.6224
193986.6343
193986.8513
193986.6512
193986.6903
193986.8627
193986.6566
193986.6412
193986.5531
193986.5866
193986.551
193986.6305
193986.5514
193986.5869
193986.5535
193986.6414
193986.6564
193986.8624
193986.6894
193986.6134
193986.8254
193986.6319
193986.6202
193986.5129
193986.5494
193986.5326
193986.5849
193986.5326
193986.5498
193986.5133
193986.6202
193986.6318
193986.8252
193986.613
193986.6075
193986.8037
193986.6275
193986.6259
193986.538
193986.6314
193986.5756
193986.6488
193986.5728
193986.6313
193986.5381
193986.6258
193986.6273
193986.8035
193986.6074
193986.6055
193986.8224
193986.6309
193986.6207
193986.5134
193986.5522
193986.533
193986.5633
193986.5329
193986.5522
193986.5134
193986.6204
193986.6308
193986.8224
193986.6059
193986.6907
193986.8633
193986.6573
193986.6417
193986.5532
193986.5859
193986.5508
193986.6262
193986.5509
193986.5855
193986.5529
193986.6412
193986.6569
193986.8634
193986.691
193986.6514
193986.8518
193986.635
193986.623
193986.5313
193986.5542
193986.5135
193986.5393
193986.5134
193986.5538
193986.5308
193986.6224
193986.6347
193986.8522
193986.6519
193986.6543
193986.8751
193986.6688
193986.6944
193986.6227
193986.6415
193986.6204
193986.6258
193986.6202
193986.6412
193986.6221
193986.6938
193986.6684
193986.8753
193986.6546
193986.1875
193986.8167
193986.6325
193986.6689
193986.6347
193986.6568
193986.6311
193986.6274
193986.6315
193986.6569
193986.6346
193986.6686
193986.6319
193986.8165
193986.1881
193985.6853
193986.935
193986.8176
193986.8756
193986.8518
193986.8627
193986.8231
193986.8034
193986.8241
193986.8631
193986.852
193986.8754
193986.8168
193986.9341
193985.6856
193982.1365
193985.6882
193986.1915
193986.6554
193986.6512
193986.6895
193986.6078
193986.6074
193986.6107
193986.6908
193986.6521
193986.655
193986.1905
193985.687
193982.1365
188329.6952
188332.1803
188333.237
188333.7107
188333.6992
188333.6932
188333.5321
188333.5364
188333.5385
188333.6931
188333.6973
188333.7064
188333.2358
188332.1848
188329.6883
188332.1782
188332.5857
188333.3891
188333.7378
188333.7316
188333.704
188333.6136
188333.5895
188333.6177
188333.7031
188333.7303
188333.7349
188333.3865
188332.5826
188332.1628
188333.2352
188333.387
188333.4477
188333.597
188333.5886
188333.5701
188333.5233
188333.5071
188333.5255
188333.5693
188333.5877
188333.5955
188333.4459
188333.384
188333.2281
188333.7017
188333.733
188333.5956
188333.5788
188333.5167
188333.5102
188333.4904
188333.485
188333.4913
188333.5097
188333.5162
188333.5782
188333.5945
188333.7312
188333.6984
188333.6975
188333.7313
188333.588
188333.5165
188333.4498
188333.4489
188333.4382
188333.4453
188333.438
188333.4478
188333.4492
188333.5162
188333.5876
188333.7304
188333.6959
188333.6955
188333.7041
188333.5712
188333.5114
188333.4498
188333.4519
188333.4393
188333.4569
188333.4393
188333.4519
188333.4504
188333.5115
188333.5711
188333.7036
188333.6945
188333.5491
188333.6252
188333.5311
188333.495
188333.4407
188333.4399
188333.4347
188333.4747
188333.4346
188333.4399
188333.4413
188333.4952
188333.5312
188333.6251
188333.5487
188333.5388
188333.5922
188333.51
188333.4881
188333.4483
188333.4589
188333.4776
188333.5168
188333.478
188333.4587
188333.4485
188333.4884
188333.5102
188333.5924
188333.539
188333.5284
188333.6132
188333.5254
188333.4932
188333.4412
188333.4412
188333.4376
188333.4822
188333.4385
188333.4412
188333.4416
188333.4934
188333.5256
188333.6133
188333.5285
188333.7019
188333.7131
188333.5799
188333.5166
188333.4534
188333.4552
188333.4418
188333.46
188333.4418
188333.4554
188333.4542
188333.5167
188333.5799
188333.7129
188333.7016
188333.7132
188333.7437
188333.5981
188333.524
188333.455
188333.4535
188333.4428
188333.4503
188333.4434
188333.4538
188333.455
188333.5238
188333.5978
188333.7431
188333.712
188333.7302
188333.7536
188333.6088
188333.5881
188333.5238
188333.5163
188333.4962
188333.491
188333.4972
188333.5161
188333.5234
188333.5874
188333.6077
188333.7519
188333.7268
188333.2663
188333.41
188333.4613
188333.6085
188333.5977
188333.578
188333.5306
188333.5135
188333.5328
188333.5774
188333.597
188333.6071
188333.4596
188333.4064
188333.2588
188332.2051
188332.5991
188333.404
188333.7514
188333.7425
188333.7128
188333.622
188333.5969
188333.6259
188333.7125
188333.7417
188333.749
188333.4013
188332.5954
188332.1909
188329.7034
188332.1865
188333.2523
188333.7256
188333.7107
188333.7027
188333.541
188333.544
188333.5473
188333.7033
188333.7097
188333.7221
188333.2521
188332.1945
188329.6985
183791.2536
183793.9076
183795.1693
183795.6186
183795.4864
183795.342
183795.0613
183795.0247
183795.0691
183795.3421
183795.4844
183795.6145
183795.1655
183793.9073
183791.2438
183793.9048
183794.2347
183795.2007
183795.5295
183795.4205
183795.264
183795.0707
183795.0006
183795.0758
183795.2631
183795.4191
183795.5265
183795.1965
183794.2305
183793.8913
183795.1651
183795.1971
183795.2437
183795.31
183795.1845
183795.0451
183794.9047
183794.8481
183794.9077
183795.0439
183795.1836
183795.3082
183795.2408
183795.193
183795.1575
183795.6092
183795.5248
183795.3087
183795.1482
183794.9647
183794.8405
183794.7414
183794.6996
183794.7429
183794.8404
183794.9647
183795.1477
183795.3074
183795.5225
183795.6054
183795.4848
183795.4205
183795.1842
183794.9647
183794.7718
183794.6578
183794.5781
183794.5556
183794.5798
183794.6592
183794.7733
183794.9651
183795.1839
183795.4196
183795.4831
183795.3458
183795.2648
183795.0463
183794.8419
183794.6586
183794.5543
183794.4783
183794.4664
183794.4789
183794.5552
183794.6609
183794.8427
183795.0466
183795.2646
183795.3452
183795.0827
183795.0858
183794.9152
183794.7475
183794.581
183794.4794
183794.4167
183794.4359
183794.4168
183794.4801
183794.5828
183794.7485
183794.9158
183795.0862
183795.0828
183795.0285
183795.0047
183794.8522
183794.7037
183794.5587
183794.4693
183794.4407
183794.4658
183794.4413
183794.4693
183794.5596
183794.7045
183794.853
183795.0055
183795.0295
183795.0581
183795.0713
183794.908
183794.7458
183794.5831
183794.482
183794.4216
183794.448
183794.4227
183794.4822
183794.5841
183794.7466
183794.9088
183795.072
183795.0588
183795.3541
183795.2772
183795.0582
183794.8503
183794.666
183794.5606
183794.4834
183794.4726
183794.4835
183794.5609
183794.6667
183794.8508
183795.0587
183795.2774
183795.3542
183795.5056
183795.4377
183795.1985
183794.976
183794.7818
183794.6669
183794.5864
183794.5634
183794.5872
183794.6672
183794.7821
183794.9761
183795.1985
183795.4372
183795.5047
183795.6431
183795.5509
183795.3267
183795.1618
183794.976
183794.8508
183794.751
183794.7091
183794.7524
183794.8506
183794.9759
183795.1612
183795.3258
183795.549
183795.6399
183795.2045
183795.2277
183795.2632
183795.3268
183795.1986
183795.0577
183794.9163
183794.8584
183794.9192
183795.0566
183795.198
183795.3255
183795.2615
183795.2237
183795.1973
183793.9322
183794.2534
183795.221
183795.5488
183795.4367
183795.2779
183795.0838
183795.0125
183795.0887
183795.2776
183795.4361
183795.5465
183795.2175
183794.2479
183793.9208
183791.2574
183793.9183
183795.1903
183795.6399
183795.5037
183795.3569
183795.0754
183795.0371
183795.0829
183795.3579
183795.5029
183795.6371
183795.1888
183793.9227
183791.2572
178793.6308
178796.2215
178797.5932
178798.0678
178797.9238
178797.7404
178797.4219
178797.3676
178797.4305
178797.7412
178797.9224
178798.0649
178797.5881
178796.2207
178793.6211
178796.2174
178796.5108
178797.5625
178797.9239
178797.8113
178797.6234
178797.3938
178797.3103
178797.3995
178797.6229
178797.8104
178797.9213
178797.5573
178796.5049
178796.2014
178797.5886
178797.5589
178797.6319
178797.6988
178797.5539
178797.3789
178797.205
178797.1335
178797.2082
178797.3774
178797.5531
178797.6972
178797.6286
178797.5541
178797.5804
178798.0614
178797.9211
178797.6983
178797.503
178797.288
178797.124
178796.9942
178796.9386
178796.9956
178797.1233
178797.2875
178797.5026
178797.6968
178797.9185
178798.0571
178797.9237
178797.8124
178797.5544
178797.2883
178797.0578
178796.9032
178796.7961
178796.7588
178796.796
178796.9022
178797.0566
178797.2883
178797.5542
178797.8116
178797.9221
178797.746
178797.6254
178797.3798
178797.1253
178796.9041
178796.756
178796.6548
178796.6283
178796.6549
178796.7562
178796.9044
178797.1261
178797.3806
178797.6258
178797.7459
178797.4454
178797.411
178797.2167
178797.0012
178796.8
178796.6563
178796.5703
178796.5777
178796.5703
178796.6566
178796.8008
178797.0024
178797.2181
178797.4122
178797.4465
178797.3722
178797.3153
178797.1384
178796.9434
178796.7631
178796.6319
178796.5834
178796.5977
178796.5838
178796.6319
178796.7637
178796.9448
178797.14
178797.3171
178797.3743
178797.4193
178797.395
178797.2089
178796.9992
178796.8013
178796.6592
178796.5763
178796.592
178796.5774
178796.6596
178796.8023
178797.0008
178797.2107
178797.3969
178797.4212
178797.7543
178797.6385
178797.393
178797.135
178796.9113
178796.7633
178796.6613
178796.6367
178796.6615
178796.7638
178796.9116
178797.1362
178797.3944
178797.6397
178797.7555
178797.9459
178797.8312
178797.57
178797.3009
178797.0676
178796.9126
178796.8056
178796.7687
178796.8067
178796.9132
178797.0683
178797.3018
178797.5708
178797.8316
178797.9459
178798.095
178797.9482
178797.7183
178797.5188
178797.3014
178797.1366
178797.0063
178796.951
178797.0081
178797.1368
178797.3019
178797.5191
178797.7179
178797.9468
178798.0923
178797.6314
178797.5924
178797.6548
178797.7187
178797.5709
178797.3946
178797.2199
178797.1472
178797.2232
178797.3939
178797.571
178797.7182
178797.6533
178797.5889
178797.624
178796.2534
178796.5313
178797.5858
178797.9464
178797.831
178797.641
178797.4105
178797.3259
178797.4162
178797.6414
178797.8312
178797.9451
178797.5819
178796.5261
178796.2352
178793.6394
178796.2333
178797.6172
178798.0925
178797.945
178797.7593
178797.4399
178797.3839
178797.4482
178797.7612
178797.9452
178798.0914
178797.6146
178796.2377
178793.6328
173745.171
173747.8498
173749.3132
173749.832
173749.6915
173749.4856
173749.1418
173749.0718
173749.1509
173749.4872
173749.6908
173749.8304
173749.3078
173747.8467
173745.1612
173747.845
173748.1726
173749.2674
173749.6637
173749.554
173749.3463
173749.0905
173748.9964
173749.0969
173749.3465
173749.5538
173749.662
173749.2621
173748.1655
173747.8292
173749.3087
173749.2643
173749.3541
173749.4317
173749.2755
173749.0782
173748.8792
173748.7966
173748.8831
173749.0776
173749.2756
173749.431
173749.3513
173749.2588
173749.2997
173749.8295
173749.663
173749.4319
173749.217
173748.9778
173748.7853
173748.631
173748.5653
173748.6334
173748.7859
173748.9789
173749.2176
173749.4311
173749.6604
173749.8249
173749.6926
173749.5559
173749.2762
173748.9781
173748.712
173748.5252
173748.3951
173748.3479
173748.3977
173748.5281
173748.7154
173748.98
173749.2773
173749.5558
173749.6916
173749.4921
173749.3488
173749.0785
173748.7862
173748.5258
173748.3461
173748.2234
173748.1879
173748.2244
173748.348
173748.5293
173748.7888
173749.0807
173749.3504
173749.4933
173749.1659
173749.1084
173748.8911
173748.6381
173748.3987
173748.225
173748.1197
173748.1192
173748.1202
173748.2266
173748.4021
173748.6412
173748.8942
173749.1113
173749.1687
173749.0759
173749.0011
173748.801
173748.5698
173748.3515
173748.1918
173748.1252
173748.133
173748.1257
173748.1926
173748.3539
173748.5729
173748.8045
173749.0048
173749.0801
173749.1385
173749.0913
173748.8828
173748.6365
173748.4017
173748.2289
173748.1268
173748.1346
173748.1282
173748.2301
173748.4043
173748.6397
173748.8866
173749.0952
173749.1426
173749.4993
173749.3615
173749.0923
173748.7973
173748.5363
173748.3555
173748.2317
173748.1981
173748.2324
173748.3566
173748.5377
173748.8
173749.0955
173749.3647
173749.5027
173749.7134
173749.5743
173749.2928
173748.9923
173748.7261
173748.5383
173748.4077
173748.36
173748.4093
173748.5396
173748.7281
173748.9948
173749.2954
173749.5766
173749.7158
173749.8579
173749.6875
173749.451
173749.2334
173748.9932
173748.8001
173748.6455
173748.5799
173748.6479
173748.8012
173748.995
173749.2353
173749.4526
173749.6883
173749.8583
173749.3486
173749.296
173749.376
173749.4519
173749.2944
173749.0959
173748.8963
173748.8126
173748.9004
173749.0965
173749.2958
173749.4532
173749.3764
173749.2948
173749.3455
173747.8696
173748.1888
173749.2883
173749.686
173749.575
173749.3659
173749.1095
173749.0143
173749.116
173749.3675
173749.5766
173749.6869
173749.2867
173748.1869
173747.8614
173745.1753
173747.86
173749.3357
173749.8566
173749.7138
173749.5064
173749.162
173749.0904
173749.1711
173749.5096
173749.7155
173749.8579
173749.3336
173747.8631
173745.1685
168520.9706
168523.6717
168525.2308
168525.8053
168525.693
168525.4829
168525.1263
168525.0457
168525.1363
168525.4857
168525.6932
168525.8043
168525.2243
168523.6626
168520.9565
168523.6649
168524.0525
168525.1942
168525.6348
168525.5453
168525.3334
168525.062
168524.9615
168525.0691
168525.3347
168525.5459
168525.6338
168525.1883
168524.0426
168523.6465
168525.2242
168525.1906
168525.3127
168525.4106
168525.2602
168525.0525
168524.8384
168524.7485
168524.8428
168525.0529
168525.261
168525.4104
168525.3099
168525.1834
168525.2127
168525.8049
168525.6351
168525.411
168525.1921
168524.946
168524.7386
168524.5692
168524.4969
168524.5719
168524.7397
168524.9474
168525.1934
168525.4107
168525.6324
168525.7997
168525.6944
168525.5472
168525.2609
168524.9462
168524.667
168524.4638
168524.3192
168524.2641
168524.3198
168524.464
168524.6678
168524.9486
168525.263
168525.5482
168525.6944
168525.4898
168525.336
168525.0523
168524.7391
168524.464
168524.2639
168524.1275
168524.0862
168524.1285
168524.2657
168524.4664
168524.7428
168525.0562
168525.3397
168525.4931
168525.1502
168525.0796
168524.8497
168524.5759
168524.3226
168524.129
168524.0116
168524.0053
168524.0121
168524.131
168524.3257
168524.5806
168524.855
168525.0851
168525.1558
168525.0482
168524.9646
168524.7515
168524.5003
168524.2675
168524.0899
168524.0114
168524.0145
168524.012
168524.0913
168524.2705
168524.5054
168524.7576
168524.9713
168525.0555
168525.1209
168525.0607
168524.8403
168524.5734
168524.3241
168524.1328
168524.019
168524.021
168524.0207
168524.135
168524.3277
168524.5788
168524.8468
168525.0676
168525.1283
168525.4944
168525.3463
168525.0647
168524.7494
168524.4726
168524.273
168524.1362
168524.0972
168524.1375
168524.2752
168524.4756
168524.7545
168525.0707
168525.3526
168525.5011
168525.7123
168525.5633
168525.2755
168524.9591
168524.6781
168524.4752
168524.3311
168524.2766
168524.3333
168524.4778
168524.6817
168524.964
168525.2808
168525.5686
168525.7179
168525.8273
168525.6555
168525.4275
168525.2072
168524.9608
168524.7537
168524.5846
168524.5125
168524.5877
168524.7562
168524.9644
168525.2115
168525.4318
168525.6592
168525.8309
168525.2602
168525.2185
168525.3311
168525.4288
168525.2783
168525.0705
168524.8565
168524.7658
168524.8614
168525.0729
168525.2819
168525.4328
168525.3341
168525.2203
168525.2604
168523.6825
168524.0625
168525.2103
168525.6544
168525.5654
168525.3532
168525.082
168524.9807
168525.0894
168525.3567
168525.5694
168525.6583
168525.2117
168524.0635
168523.6765
168520.9669
168523.675
168525.2472
168525.8265
168525.7142
168525.504
168525.1475
168525.0656
168525.1577
168525.5091
168525.7184
168525.8312
168525.2481
168523.6788
168520.9607
163136.8752
163139.6604
163141.3014
163141.9369
163141.8545
163141.6452
163141.2823
163141.194
163141.2935
163141.6499
163141.8559
163141.9362
163141.2936
163139.6526
163136.8552
163139.6513
163140.1169
163141.289
163141.7744
163141.7017
163141.487
163141.2058
163141.1012
163141.2141
163141.4902
163141.7038
163141.7739
163141.2819
163140.1048
163139.6288
163141.2887
163141.2825
163141.4395
163141.5555
163141.4088
163141.1951
163140.9705
163140.8761
163140.9763
163141.1978
163141.4114
163141.5564
163141.4362
163141.2736
163141.2734
163141.9352
163141.7736
163141.5558
163141.3364
163141.083
163140.8647
163140.6839
163140.6072
163140.6878
163140.8678
163141.0868
163141.3395
163141.5567
163141.7713
163141.9297
163141.8542
163141.7022
163141.4087
163141.0828
163140.7865
163140.5687
163140.4127
163140.3537
163140.4166
163140.5739
163140.7929
163141.0883
163141.4134
163141.7056
163141.8562
163141.6508
163141.4887
163141.1942
163140.8644
163140.5687
163140.3548
163140.2078
163140.163
163140.2101
163140.359
163140.5754
163140.8714
163141.2016
163141.4959
163141.6578
163141.3042
163141.2219
163140.9805
163140.6896
163140.4157
163140.2092
163140.0827
163140.0731
163140.0843
163140.2134
163140.4229
163140.698
163140.9899
163141.2317
163141.3144
163141.1933
163141.1015
163140.8767
163140.6089
163140.3558
163140.1662
163140.079
163140.0797
163140.0805
163140.1696
163140.3625
163140.6177
163140.8871
163141.1129
163141.2055
163141.2736
163141.2016
163140.9702
163140.6868
163140.4183
163140.2136
163140.0909
163140.0892
163140.0934
163140.2177
163140.4253
163140.6959
163140.9809
163141.2132
163141.286
163141.6531
163141.4969
163141.2051
163140.8746
163140.5793
163140.365
163140.218
163140.1753
163140.2201
163140.3691
163140.5855
163140.8831
163141.2151
163141.5077
163141.6646
163141.8695
163141.7161
163141.4216
163141.0954
163140.8003
163140.5829
163140.4276
163140.3685
163140.4307
163140.5873
163140.8068
163141.1036
163141.4308
163141.7255
163141.8795
163141.9526
163141.7901
163141.5692
163141.3501
163141.0979
163140.8806
163140.7007
163140.6243
163140.7048
163140.885
163141.1042
163141.3578
163141.5773
163141.7978
163141.9608
163141.3221
163141.3068
163141.4543
163141.5712
163141.4259
163141.2134
163140.9896
163140.8945
163140.9957
163141.218
163141.4323
163141.5786
163141.4609
163141.3123
163141.3271
163139.6568
163140.1194
163141.2982
163141.7899
163141.72
163141.5067
163141.2264
163141.1212
163141.235
163141.5123
163141.7269
163141.7975
163141.304
163140.1243
163139.6613
163136.859
163139.6587
163141.3093
163141.9527
163141.8731
163141.6657
163141.3038
163141.2144
163141.3151
163141.673
163141.8805
163141.9613
163141.314
163139.6601
163136.8557
157566.9327
157569.7344
157571.4527
157572.1372
157572.0842
157571.876
157571.5043
157571.4104
157571.5176
157571.8836
157572.0867
157572.1335
157571.4363
157569.7081
157566.8959
157569.7191
157570.2558
157571.4621
157571.9801
157571.9219
157571.7044
157571.4114
157571.3028
157571.4217
157571.7104
157571.9255
157571.9786
157571.4506
157570.2353
157569.6863
157571.4295
157571.4509
157571.6386
157571.763
157571.6186
157571.3962
157571.1603
157571.0614
157571.1677
157571.4014
157571.6232
157571.7645
157571.6338
157571.4378
157571.4085
157572.1297
157571.9758
157571.7622
157571.5393
157571.2762
157571.0454
157570.8534
157570.7727
157570.8586
157571.0508
157571.2824
157571.5446
157571.7645
157571.974
157572.1242
157572.0795
157571.9193
157571.6168
157571.2752
157570.9658
157570.7354
157570.5693
157570.5064
157570.5726
157570.7399
157570.9729
157571.2838
157571.6249
157571.9261
157572.0852
157571.8785
157571.7039
157571.3939
157571.044
157570.7348
157570.5047
157570.3482
157570.3004
157570.3514
157570.5108
157570.7432
157571.055
157571.4061
157571.7165
157571.8913
157571.523
157571.4249
157571.1681
157570.8573
157570.5707
157570.3489
157570.2141
157570.2013
157570.2168
157570.3551
157570.5804
157570.8701
157571.1831
157571.4411
157571.5402
157571.4047
157571.2988
157571.0586
157570.7717
157570.5068
157570.3025
157570.2067
157570.2048
157570.2094
157570.3081
157570.516
157570.7851
157571.0748
157571.3169
157571.4243
157571.491
157571.4032
157571.1569
157570.8541
157570.5726
157570.3535
157570.2227
157570.2174
157570.2263
157570.3599
157570.5825
157570.8679
157571.1735
157571.4216
157571.5108
157571.8793
157571.7107
157571.4034
157571.0537
157570.7441
157570.5152
157570.3588
157570.3133
157570.3622
157570.5217
157570.7537
157571.0669
157571.419
157571.7276
157571.8972
157572.0927
157571.9311
157571.6283
157571.2871
157570.9781
157570.7486
157570.5834
157570.5209
157570.5877
157570.7554
157570.988
157571.2996
157571.6425
157571.946
157572.1081
157572.1429
157571.9881
157571.7722
157571.551
157571.2905
157571.0617
157570.8709
157570.7906
157570.8763
157571.0685
157571.3001
157571.5629
157571.7849
157572.0009
157572.1558
157571.4575
157571.4683
157571.6472
157571.7746
157571.6341
157571.4145
157571.1801
157571.0806
157571.1876
157571.4217
157571.6439
157571.7863
157571.6585
157571.479
157571.467
157569.7132
157570.2436
157571.4605
157571.9888
157571.9372
157571.7238
157571.4326
157571.3234
157571.4426
157571.7318
157571.9476
157572.0011
157571.4714
157570.2545
157569.717
157566.8894
157569.7022
157571.4427
157572.1423
157572.098
157571.8951
157571.5258
157571.4307
157571.5385
157571.9051
157572.1093
157572.1568
157571.4554
157569.7185
157566.8949
151796.89
151799.7508
151801.5211
151802.2402
151802.2008
151801.9842
151801.6031
151801.5048
151801.6208
151801.9985
151802.2067
151802.2323
151801.4899
151799.7039
151796.8221
151799.732
151800.3273
151801.5359
151802.0703
151802.0102
151801.7802
151801.4736
151801.3613
151801.4877
151801.7922
151802.018
151802.068
151801.5169
151800.2936
151799.6796
151801.4842
151801.5189
151801.724
151801.8385
151801.6818
151801.4429
151801.1934
151801.0908
151801.2041
151801.4537
151801.6912
151801.8419
151801.7176
151801.5004
151801.4543
151802.223
151802.0604
151801.8358
151801.5925
151801.3098
151801.0609
151800.8558
151800.7716
151800.8637
151801.071
151801.3211
151801.6019
151801.8411
151802.0605
151802.2188
151802.1892
151802.0032
151801.6778
151801.308
151800.9737
151800.722
151800.5432
151800.4774
151800.5502
151800.7334
151800.9876
151801.3225
151801.6922
151802.0166
151802.2021
151801.9821
151801.7766
151801.4387
151801.0582
151800.7209
151800.4735
151800.3061
151800.2558
151800.3115
151800.4838
151800.7359
151801.0759
151801.4588
151801.798
151802.0048
151801.6168
151801.483
151801.1983
151800.8578
151800.5443
151800.3065
151800.1626
151800.1475
151800.1673
151800.3166
151800.5598
151800.8776
151801.2219
151801.5092
151801.645
151801.4921
151801.3515
151801.0834
151800.7676
151800.4759
151800.2569
151800.1525
151800.149
151800.1571
151800.2662
151800.4915
151800.7881
151801.1084
151801.3798
151801.5229
151801.5847
151801.4611
151801.187
151800.8546
151800.5466
151800.3118
151800.1721
151800.1644
151800.1775
151800.3216
151800.5626
151800.8753
151801.2121
151801.4894
151801.6155
151801.9826
151801.7822
151801.4477
151801.0683
151800.7321
151800.4855
151800.3186
151800.2706
151800.3236
151800.4952
151800.7471
151801.0877
151801.4708
151801.8077
151802.0093
151802.2019
151802.014
151801.6883
151801.3201
151800.9882
151800.7385
151800.561
151800.4955
151800.5669
151800.7481
151801.0024
151801.3381
151801.7089
151802.0358
151802.2237
151802.2328
151802.069
151801.8426
151801.603
151801.3248
151801.0792
151800.8759
151800.7918
151800.8827
151801.0887
151801.3384
151801.6199
151801.861
151802.0874
151802.2507
151801.5045
151801.5274
151801.7235
151801.8459
151801.6964
151801.4628
151801.2157
151801.112
151801.2246
151801.4727
151801.7102
151801.8623
151801.7403
151801.5425
151801.5171
151799.7007
151800.2959
151801.5199
151802.0711
151802.023
151801.8001
151801.4967
151801.3833
151801.5083
151801.811
151802.0372
151802.0878
151801.5353
151800.3103
151799.7081
151796.8058
151799.6898
151801.4884
151802.2325
151802.2093
151802.0026
151801.6254
151801.5253
151801.6398
151802.0152
151802.2246
151802.2515
151801.5053
151799.7074
151796.8162
145788.3439
145791.1409
145792.9268
145793.6409
145793.5979
145793.3681
145792.9708
145792.87
145792.9977
145793.3983
145793.6128
145793.6254
145792.8668
145791.0455
145788.2049
145791.106
145791.6844
145792.8804
145793.3952
145793.3183
145793.0701
145792.7461
145792.6305
145792.7675
145793.094
145793.3351
145793.3927
145792.8492
145791.6276
145791.0166
145792.8696
145792.8567
145793.0505
145793.1236
145792.9425
145792.6807
145792.4146
145792.3081
145792.431
145792.7009
145792.9605
145793.1311
145793.0421
145792.8301
145792.8259
145793.6066
145793.3773
145793.1178
145792.8351
145792.5214
145792.2497
145792.0302
145791.9429
145792.0424
145792.2673
145792.5412
145792.8519
145793.1295
145793.3824
145793.6082
145793.5758
145793.3055
145792.9353
145792.5187
145792.1533
145791.8829
145791.6926
145791.6258
145791.7024
145791.8982
145792.1741
145792.5422
145792.9603
145793.3307
145793.6036
145793.3598
145793.0626
145792.6742
145792.2457
145791.8813
145791.6135
145791.4363
145791.3845
145791.4446
145791.6292
145791.9031
145792.273
145792.7064
145793.0984
145793.3997
145792.9787
145792.7513
145792.4163
145792.03
145791.6918
145791.4359
145791.284
145791.267
145791.2913
145791.4509
145791.7146
145792.0593
145792.4524
145792.7925
145793.024
145792.8479
145792.6133
145792.2954
145791.9352
145791.6216
145791.3842
145791.2712
145791.2662
145791.2783
145791.3979
145791.6429
145791.9647
145792.3325
145792.6566
145792.8957
145792.9481
145792.7302
145792.406
145792.028
145791.6957
145791.4427
145791.2949
145791.2846
145791.3023
145791.4567
145791.7173
145792.0577
145792.443
145792.7732
145792.9963
145793.3652
145793.0704
145792.6852
145792.2579
145791.8942
145791.628
145791.4512
145791.4013
145791.4583
145791.6418
145791.9149
145792.2855
145792.7184
145793.1074
145793.4032
145793.5929
145793.3186
145792.9484
145792.5332
145792.1704
145791.9022
145791.7132
145791.6452
145791.7209
145791.9155
145792.19
145792.5582
145792.9769
145793.3485
145793.6207
145793.616
145793.3838
145793.1235
145792.8463
145792.5395
145792.2725
145792.0548
145791.9667
145792.0635
145792.2854
145792.5581
145792.8693
145793.1487
145793.409
145793.6389
145792.8769
145792.8521
145793.0412
145793.1275
145792.9591
145792.7054
145792.4421
145792.3332
145792.453
145792.7184
145792.9774
145793.1495
145793.0638
145792.8725
145792.8918
145791.0365
145791.6222
145792.8441
145793.3863
145793.3303
145793.0942
145792.7746
145792.6561
145792.7883
145793.1081
145793.3492
145793.4084
145792.8644
145791.6414
145791.0463
145788.1802
145791.0127
145792.8525
145793.6115
145793.6
145793.3883
145792.9959
145792.891
145793.0126
145793.4032
145793.6204
145793.637
145792.8753
145791.0406
145788.1939
139564.2594
139566.9575
139568.6988
139569.366
139569.2887
139569.0278
139568.6131
139568.5135
139568.6617
139569.0976
139569.3312
139569.3461
139568.5935
139566.7747
139563.9899
139566.8953
139567.3663
139568.4804
139568.9337
139568.8092
139568.5251
139568.1792
139568.0628
139568.2172
139568.5773
139568.8497
139568.9378
139568.4338
139567.274
139566.7431
139568.6087
139568.4479
139568.573
139568.5722
139568.3356
139568.0372
139567.7503
139567.6422
139567.7792
139568.0788
139568.3738
139568.5909
139568.5654
139568.4119
139568.5466
139569.3044
139568.9054
139568.5625
139568.1991
139567.8326
139567.5267
139567.2891
139567.1995
139567.3095
139567.559
139567.8683
139568.2296
139568.5869
139568.9221
139569.3225
139569.2522
139568.7903
139568.326
139567.8294
139567.4169
139567.1138
139566.9082
139566.8382
139566.9234
139567.1413
139567.451
139567.8676
139568.369
139568.8364
139569.3091
139569.0142
139568.5146
139568.0293
139567.5221
139567.1119
139566.8185
139566.6287
139566.5752
139566.641
139566.8419
139567.145
139567.5634
139568.0802
139568.5734
139569.0833
139568.6147
139568.18
139567.7491
139567.2871
139566.9064
139566.628
139566.4658
139566.4472
139566.4764
139566.6496
139566.9392
139567.33
139567.8039
139568.2446
139568.6871
139568.4778
139568.0359
139567.6225
139567.1878
139566.832
139566.5737
139566.4507
139566.445
139566.4611
139566.5934
139566.8637
139567.2304
139567.678
139568.1023
139568.5526
139568.5898
139568.1635
139567.7424
139567.2878
139566.9121
139566.6368
139566.4788
139566.4666
139566.4892
139566.6566
139566.9439
139567.3307
139567.798
139568.2305
139568.6682
139569.0325
139568.5312
139568.0465
139567.5392
139567.1292
139566.8372
139566.648
139566.596
139566.6578
139566.8561
139567.1587
139567.5781
139568.0946
139568.5861
139569.0879
139569.2829
139568.8114
139568.3452
139567.8497
139567.4402
139567.1406
139566.936
139566.8653
139566.9464
139567.1584
139567.4672
139567.8837
139568.3845
139568.8526
139569.3171
139569.3206
139568.9134
139568.5703
139568.2147
139567.8584
139567.5595
139567.3234
139567.2311
139567.3347
139567.5766
139567.8838
139568.2459
139568.6047
139568.9476
139569.3487
139568.6031
139568.4284
139568.5565
139568.5762
139568.3606
139568.0751
139567.7907
139567.6763
139567.804
139568.0916
139568.3851
139568.6053
139568.5851
139568.4533
139568.6146
139566.7754
139567.2647
139568.4196
139568.9172
139568.828
139568.5644
139568.2222
139568.0977
139568.2389
139568.5815
139568.853
139568.9459
139568.4434
139567.284
139566.7727
139563.9696
139566.7309
139568.5616
139569.3091
139569.2894
139569.0602
139568.6486
139568.5377
139568.6684
139569.077
139569.317
139569.3431
139568.5885
139566.7578
139563.9704
132895.6991
132897.6958
132899.228
132899.734
132899.602
132899.3275
132898.916
132898.8323
132899.0053
132899.4982
132899.7044
132899.6867
132899
132897.261
132894.9837
132897.5155
132897.3087
132898.2842
132898.6077
132898.4342
132898.1353
132897.78
132897.6691
132897.8423
132898.235
132898.5183
132898.6293
132898.2251
132897.1638
132897.2008
132899.0327
132898.2386
132898.2168
132898.1177
132897.8421
132897.5312
132897.2375
132897.1327
132897.2809
132897.601
132897.9124
132898.1603
132898.2276
132898.2042
132898.9482
132899.592
132898.5632
132898.1022
132897.668
132897.2748
132896.9669
132896.7333
132896.6452
132896.7586
132897.0153
132897.3326
132897.7201
132898.1565
132898.6128
132899.6775
132899.5333
132898.4098
132897.831
132897.272
132896.8567
132896.5708
132896.3756
132896.315
132896.3966
132896.6079
132896.9101
132897.3314
132897.9066
132898.4972
132899.6705
132899.3129
132898.1262
132897.5243
132896.9634
132896.5687
132896.2933
132896.1166
132896.0713
132896.1332
132896.3249
132896.6149
132897.0207
132897.602
132898.2214
132899.4377
132898.9174
132897.7827
132897.2377
132896.7316
132896.3742
132896.1162
132895.9686
132895.9569
132895.9829
132896.1445
132896.4181
132896.7866
132897.3159
132897.8795
132899.0262
132898.7811
132897.6362
132897.1102
132896.6356
132896.3072
132896.0691
132895.9595
132895.9606
132895.973
132896.0942
132896.3471
132896.6875
132897.1865
132897.7329
132898.8934
132898.9046
132897.7743
132897.2363
132896.7333
132896.3834
132896.1279
132895.9843
132895.9782
132895.9978
132896.1533
132896.4238
132896.7899
132897.3144
132897.8766
132899.0458
132899.3777
132898.1647
132897.5549
132896.9882
132896.5933
132896.318
132896.1415
132896.0967
132896.1543
132896.3421
132896.6313
132897.0394
132897.6202
132898.2416
132899.4426
132899.6148
132898.4565
132897.8681
132897.3053
132896.8945
132896.6084
132896.4133
132896.3487
132896.4263
132896.6306
132896.929
132897.3489
132897.9189
132898.5066
132899.6255
132899.6507
132898.5909
132898.127
132897.697
132897.3161
132897.015
132896.7789
132896.6888
132896.7938
132897.0364
132897.3496
132897.7373
132898.173
132898.635
132899.6769
132899.0405
132898.2152
132898.2081
132898.1357
132897.8891
132897.594
132897.3002
132897.1841
132897.3172
132897.613
132897.921
132898.1727
132898.2444
132898.2437
132899.0267
132897.3164
132897.1542
132898.2008
132898.5931
132898.4752
132898.2076
132897.8527
132897.7273
132897.876
132898.2262
132898.509
132898.6312
132898.2301
132897.1713
132897.2619
132895.0105
132897.1682
132898.9196
132899.6068
132899.5985
132899.3867
132898.9629
132898.857
132898.9916
132899.3912
132899.6394
132899.6644
132898.9634
132897.2072
132894.9609
126458.271
126459.5935
126460.9802
126461.315
126461.0876
126460.7323
126460.2983
126460.2429
126460.5016
126461.1517
126461.3921
126461.3387
126460.6831
126458.9401
126457.1781
126459.2739
126458.4215
126459.1685
126459.2529
126458.9235
126458.5209
126458.1205
126458.0277
126458.2673
126458.7715
126459.1442
126459.3401
126459.1106
126458.2628
126458.8391
126460.6733
126459.1185
126458.8245
126458.4726
126458.0164
126457.5995
126457.2613
126457.1704
126457.3659
126457.7717
126458.1783
126458.5627
126458.8598
126459.092
126460.5992
126461.0915
126459.1996
126458.4546
126457.7867
126457.23
126456.8286
126456.5485
126456.4689
126456.614
126456.9362
126457.3408
126457.8725
126458.5466
126459.2938
126461.2927
126461.0023
126458.9066
126458.0121
126457.2317
126456.6743
126456.3182
126456.0843
126456.0212
126456.1195
126456.3797
126456.7549
126457.3213
126458.1305
126459.0507
126461.2599
126460.7438
126458.5307
126457.6052
126456.832
126456.3188
126455.9809
126455.7702
126455.7217
126455.7961
126456.0275
126456.3818
126456.9125
126457.7197
126458.6796
126460.9545
126460.3127
126458.1335
126457.2685
126456.5525
126456.085
126455.7707
126455.5921
126455.5732
126455.6117
126455.8096
126456.1454
126456.6332
126457.3845
126458.2835
126460.4822
126460.1617
126457.9785
126457.1366
126456.4503
126456.0125
126455.718
126455.574
126455.573
126455.5921
126455.7513
126456.0662
126456.5293
126457.2526
126458.1335
126460.347
126460.3157
126458.1452
126457.2859
126456.5685
126456.1012
126455.7882
126455.6117
126455.5974
126455.6293
126455.8215
126456.1567
126456.6552
126457.4151
126458.3258
126460.5844
126460.8624
126458.6
126457.6589
126456.8724
126456.3521
126456.0162
126455.8058
126455.7551
126455.8221
126456.0462
126456.4026
126456.9474
126457.7646
126458.7371
126460.9903
126461.1505
126458.9852
126458.0727
126457.2815
126456.7264
126456.3743
126456.1424
126456.0708
126456.1587
126456.4005
126456.7709
126457.3401
126458.146
126459.0645
126461.1687
126461.2186
126459.2407
126458.4882
126457.827
126457.2988
126456.915
126456.6358
126456.5403
126456.6563
126456.9404
126457.3453
126457.8862
126458.5607
126459.3164
126461.2743
126460.7105
126459.0733
126458.8157
126458.5101
126458.1139
126457.7285
126457.3855
126457.2612
126457.4089
126457.7496
126458.1579
126458.5638
126458.8673
126459.1214
126460.6931
126459.0478
126458.2442
126459.0687
126459.2579
126459.0321
126458.6857
126458.2751
126458.1377
126458.3086
126458.7109
126459.0835
126459.3172
126459.1002
126458.2564
126458.9248
126457.2697
126458.7943
126460.5184
126461.1649
126461.153
126460.8969
126460.4143
126460.2945
126460.4576
126460.902
126461.2238
126461.2626
126460.5727
126458.8175
126457.1084
117519.3622
117512.6799
117512.2066
117511.9493
117511.8899
117511.9847
117512.2994
117512.4659
117512.5644
117513.2386
117512.5671
117511.6172
117511.1206
117510.1694
117514.0586
117510.9508
117502.8089
117502.7884
117502.9468
117502.9449
117502.9692
117502.9835
117503.0442
117503.0951
117503.2323
117503.2784
117503.2076
117503.0862
117503.0783
117509.6985
117510.8574
117502.7603
117502.6386
117502.9038
117502.9441
117503.0217
117503.0207
117503.0577
117503.0515
117503.0979
117503.128
117503.1344
117503.0151
117503.0939
117511.0508
117511.0407
117502.9368
117502.9044
117503.2896
117503.3582
117503.4598
117503.4569
117503.4893
117503.4715
117503.4978
117503.4601
117503.3985
117503.1443
117503.2013
117512.0494
117511.6395
117502.9758
117502.9583
117503.3639
117503.446
117503.5655
117503.5773
117503.6194
117503.6061
117503.6246
117503.5551
117503.4803
117503.1739
117503.2403
117512.5396
117512.1381
117503.0156
117503.0333
117503.4671
117503.5665
117503.7
117503.7161
117503.7596
117503.7354
117503.7318
117503.6323
117503.5354
117503.1777
117503.2252
117512.533
117512.3569
117503.0195
117503.0411
117503.4746
117503.5843
117503.7233
117503.7484
117503.7959
117503.772
117503.7618
117503.6547
117503.5519
117503.1744
117503.2187
117512.4371
117512.3573
117503.0448
117503.0664
117503.4976
117503.6164
117503.7597
117503.7885
117503.8348
117503.8063
117503.7861
117503.6707
117503.5577
117503.171
117503.2244
117512.5502
117512.419
117503.0843
117503.069
117503.4874
117503.6046
117503.7416
117503.7701
117503.8143
117503.7899
117503.7707
117503.6668
117503.5552
117503.1719
117503.3151
117513.222
117512.6575
117503.1625
117503.0908
117503.4934
117503.6024
117503.7282
117503.7526
117503.7917
117503.7706
117503.7524
117503.659
117503.5626
117503.2059
117503.3409
117512.5673
117512.1788
117503.1803
117503.0871
117503.4455
117503.5336
117503.6394
117503.6553
117503.6871
117503.6727
117503.6562
117503.5831
117503.5012
117503.1938
117503.2663
117511.6554
117511.5715
117503.1389
117503.0818
117503.387
117503.4535
117503.5391
117503.5508
117503.581
117503.5761
117503.5651
117503.5101
117503.4359
117503.1823
117503.2409
117511.6428
117511.59
117503.0408
117502.9527
117503.1413
117503.1582
117503.1974
117503.1864
117503.2014
117503.2079
117503.2128
117503.2059
117503.1708
117503.0228
117503.101
117511.3014
117510.9465
117503.0471
117503.0429
117503.1868
117503.2195
117503.2734
117503.2594
117503.3191
117503.3441
117503.2896
117503.2921
117503.2418
117503.1033
117503.0746
117510.2487
117514.6479
117509.468
117510.539
117511.3816
117511.9501
117512.3208
117512.282
117512.4481
117512.4402
117512.0237
117512.0998
117511.6915
117510.7986
117509.6279
117514.076
117500.116
117500.1092
117500.145
117500.0721
117500.2188
117499.809
117500.562
117500.1097
117500.11
117500.1296
117500.0857
117500.1708
117499.8269
117500.1408
117500.1196
117500.1218
117500.1348
117500.1228
117500.1898
117499.8361
117500.0425
117500.1091
117500.1206
117500.1077
117500.1507
117500.182
117499.8323
117499.9364
117500.111
117500.1245
117500.0961
117500.1616
117500.1967
117499.8167
117499.8956
117500.1029
117500.115
117500.0751
117500.141
117500.1662
117499.7795
117499.8064
117500.1062
117500.1115
117500.0758
117500.1181
117500.1177
117499.7191
117499.6526
117500.1045
117500.1049
117500.0768
117500.0991
117500.0723
117499.6955
117499.6113
117500.1022
117500.0984
117500.0832
117500.0802
117500.0643
117499.6224
117499.5284
117500.0962
117500.0905
117500.087
117500.0594
117500.0614
117499.6572
117499.7795
117500.0871
117500.0805
117500.0793
117500.0635
117500.0739
117499.7425
117499.8559
117500.0778
117500.0733
117500.0765
117500.0572
117500.0871
117499.7963
117499.8912
117500.0723
117500.0701
117500.0872
117500.064
117500.1272
117499.824
117500.026
117500.0742
117500.0759
117500.1024
117500.072
117500.1556
117499.8348
117500.0886
117500.0759
117500.0768
117500.114
117500.0572
117500.1916
117499.7656
117500.5015
117500.0935
117500.1353
117500.0657
117500.1875
117499.9093
117500.2993
117499.3781
117500.0823
117500.1294
117500.0576
117500.1915
117499.8901
117500.3254
117499.4525
117500.0894
117500.1323
117500.0587
117500.1989
117499.9577
117500.3379
117499.378
117500.0846
117500.1202
117500.0373
117500.1927
117499.9662
117500.3934
117499.3862
117500.086
117500.1156
117500.0295
117500.199
117499.972
117500.4231
117499.3975
117500.0793
117500.1096
117500.0136
117500.172
117499.9374
117500.413
117499.4097
117500.0845
117500.1121
117500.0075
117500.157
117499.9141
117500.4182
117499.4032
117500.0889
117500.113
117500.0135
117500.1569
117499.8773
117500.394
117499.4035
117500.0905
117500.1066
117500.0319
117500.1436
117499.8918
117500.4481
117499.4197
117500.0883
117500.0991
117500.0407
117500.1277
117499.8896
117500.4041
117499.3363
117500.0806
117500.0865
117500.0335
117500.107
117499.8653
117500.2362
117499.2681
117500.071
117500.0896
117500.0267
117500.1245
117499.8862
117500.2398
117499.2651
117500.0662
117500.0906
117500.0394
117500.1436
117499.9069
117500.2931
117499.2562
117500.0677
117500.0998
117500.05
117500.1693
117499.9142
117500.2961
117499.3137
117500.0681
117500.106
117500.0478
117500.1783
117499.8856
117500.3188
117499.3307
117500.1214
117500.1213
117500.1257
117500.1239
117500.1032
117500.0789
117499.9221
117500.1064
117500.0959
117500.1182
117500.1147
117500.0713
117500.0434
117499.8836
117500.1052
117500.0945
117500.119
117500.1184
117500.075
117500.0677
117499.858
117500.0933
117500.0713
117500.1071
117500.0985
117500.0643
117500.072
117499.8976
117500.0952
117500.0779
117500.0976
117500.1013
117500.0546
117500.1031
117499.9105
117500.0902
117500.0799
117500.0849
117500.0721
117500.0273
117500.082
117499.9242
117500.0948
117500.0831
117500.0739
117500.0647
117500.0097
117500.104
117499.9541
117500.0931
117500.0799
117500.0668
117500.064
117500.014
117500.1094
117499.9497
117500.093
117500.0832
117500.0615
117500.0745
117500.0331
117500.1411
117500.0125
117500.0868
117500.0794
117500.0579
117500.0741
117500.0474
117500.1147
117499.9803
117500.0781
117500.0705
117500.0534
117500.0604
117500.0379
117500.0538
117499.9476
117500.073
117500.0702
117500.0626
117500.0762
117500.0405
117500.1037
117499.903
117500.07
117500.074
117500.0765
117500.0935
117500.0676
117500.0908
117499.912
117500.0738
117500.0822
117500.0868
117500.1057
117500.0701
117500.0796
117499.9182
117500.0758
117500.0862
117500.0897
117500.1007
117500.0637
117500.0636
117499.9192
117500.088
117500.1132
117500.0619
117500.1774
117499.9918
117500.1958
117499.8502
117500.0704
117500.087
117500.052
117500.1486
117499.9465
117500.1385
117499.8053
117500.0746
117500.1008
117500.0661
117500.137
117499.9334
117500.186
117499.769
117500.0618
117500.0743
117500.0423
117500.125
117499.9415
117500.1839
117499.7793
117500.0642
117500.0688
117500.0327
117500.1037
117499.9453
117500.2229
117499.7716
117500.0674
117500.0793
117500.0308
117500.0945
117499.9326
117500.1956
117499.7674
117500.0801
117500.1012
117500.0381
117500.1015
117499.9437
117500.2156
117499.7753
117500.0826
117500.1011
117500.0389
117500.1101
117499.9536
117500.198
117499.8038
117500.0864
117500.1028
117500.0385
117500.1192
117499.9448
117500.173
117499.8193
117500.0814
117500.0994
117500.0339
117500.1191
117499.9644
117500.1534
117499.8281
117500.0741
117500.089
117500.0319
117500.1151
117499.9611
117500.1881
117499.7977
117500.0684
117500.0857
117500.0402
117500.1135
117499.9703
117500.2006
117499.8454
117500.0657
117500.0895
117500.0484
117500.136
117499.99
117500.1961
117499.8612
117500.0672
117500.0953
117500.0549
117500.143
117500.0025
117500.178
117499.8866
117500.0662
117500.0989
117500.0517
117500.143
117500.0004
117500.1784
117499.9229
117500.1074
117500.1221
117500.121
117500.1784
117500.13
117500.1762
117500.0903
117500.0858
117500.1034
117500.083
117500.1136
117500.0697
117500.1536
117500.1041
117500.0852
117500.1049
117500.0786
117500.1114
117500.0855
117500.1767
117500.1185
117500.0752
117500.0741
117500.0532
117500.0768
117500.0696
117500.1755
117500.0998
117500.0762
117500.0655
117500.0478
117500.0566
117500.0631
117500.1639
117500.0795
117500.0724
117500.0537
117500.0508
117500.0449
117500.0436
117500.1299
117500.0329
117500.0853
117500.0713
117500.0801
117500.0684
117500.0672
117500.14
117500.079
117500.0864
117500.0772
117500.0824
117500.0682
117500.0596
117500.1255
117500.0838
117500.0926
117500.0892
117500.0874
117500.0829
117500.0603
117500.107
117500.1278
117500.0901
117500.0903
117500.077
117500.0723
117500.071
117500.0961
117500.0853
117500.0788
117500.0733
117500.049
117500.0662
117500.0575
117500.0984
117500.0508
117500.0754
117500.0763
117500.0607
117500.0736
117500.0586
117500.1157
117500.0378
117500.0727
117500.0785
117500.0699
117500.0895
117500.0644
117500.1242
117500.0338
117500.0739
117500.0826
117500.0759
117500.0965
117500.0708
117500.1193
117500.0537
117500.0728
117500.0811
117500.0712
117500.0936
117500.066
117500.1185
117500.0586
117500.0733
117500.1002
117500.0785
117500.1453
117500.1051
117500.1823
117500.1534
117500.0566
117500.0763
117500.0555
117500.1009
117500.0717
117500.1711
117500.1934
117500.0458
117500.0628
117500.0325
117500.0988
117500.106
117500.2171
117500.2537
117500.042
117500.0447
117499.9993
117500.0565
117500.0641
117500.1891
117500.1943
117500.0592
117500.0637
117500.0098
117500.0596
117500.0364
117500.158
117500.0841
117500.0616
117500.0656
117500.023
117500.0622
117500.006
117500.138
117499.9811
117500.0757
117500.0847
117500.0512
117500.0916
117500.0259
117500.1655
117500.0203
117500.0767
117500.086
117500.0562
117500.0776
117500.0036
117500.1484
117500.0021
117500.0851
117500.0989
117500.0647
117500.0999
117500.0073
117500.1685
117500.0389
117500.0829
117500.0889
117500.0539
117500.0923
117500.052
117500.1189
117499.9817
117500.0727
117500.074
117500.0336
117500.0886
117500.0286
117500.1018
117499.9757
117500.0714
117500.0809
117500.0474
117500.0957
117500.0447
117500.1542
117500.0163
117500.0683
117500.0813
117500.053
117500.1022
117500.0507
117500.1581
117500.0593
117500.0689
117500.0843
117500.0593
117500.1052
117500.0554
117500.1506
117500.0726
117500.0655
117500.0811
117500.055
117500.1049
117500.0496
117500.1463
117500.0661
117500.0756
117500.0737
117500.0807
117500.1001
117500.1126
117500.1321
117500.1549
117500.0592
117500.0402
117500.0554
117500.0666
117500.1073
117500.12
117500.1808
117500.0546
117500.0198
117500.0308
117500.0523
117500.1223
117500.1383
117500.2199
117500.0479
117500.0102
117500.0045
117500.0006
117500.0677
117500.041
117500.1462
117500.0668
117500.047
117500.0312
117500.0247
117500.0515
117500.0126
117500.0942
117500.0685
117500.057
117500.052
117500.0323
117500.0398
117500.0191
117500.0463
117500.0834
117500.0771
117500.0778
117500.0617
117500.0576
117500.0625
117500.0974
117500.0811
117500.0761
117500.0785
117500.0402
117500.0278
117500.0573
117500.0756
117500.0978
117500.086
117500.0838
117500.0624
117500.0399
117500.0727
117500.0812
117500.0907
117500.0768
117500.0703
117500.0679
117500.0911
117500.0629
117500.0103
117500.0744
117500.059
117500.0474
117500.0642
117500.0555
117500.0354
117499.9447
117500.0719
117500.0673
117500.0546
117500.0674
117500.0625
117500.1048
117499.9965
117500.0696
117500.0689
117500.0591
117500.0736
117500.0657
117500.1102
117500.083
117500.0688
117500.0719
117500.0635
117500.0795
117500.066
117500.1123
117500.0914
117500.0653
117500.0669
117500.0602
117500.0761
117500.0677
117500.1045
117500.102
117500.0518
117500.0431
117500.0394
117500.0616
117500.0317
117500.049
117499.9978
117500.039
117500.0149
117500.0173
117500.0336
117500.0372
117500.023
117499.9829
117500.0439
117500.0185
117500.0045
117500.031
117500.0343
117500.0135
117499.9434
117500.0451
117500.0278
117500.004
117500.015
117500.0108
117499.9476
117499.9252
117500.0659
117500.0582
117500.0349
117500.0473
117500.0287
117499.9611
117500.0269
117500.0685
117500.0691
117500.0488
117500.0497
117500.0241
117499.9847
117500.0868
117500.0825
117500.0819
117500.0676
117500.0687
117500.0321
117500.0192
117500.1326
117500.0786
117500.0861
117500.0638
117500.0427
117499.9787
117499.9991
117500.0969
117500.1065
117500.0917
117500.0703
117500.0623
117500.0034
117500.0148
117500.0585
117500.087
117500.0711
117500.0514
117500.0672
117500.0896
117500.0559
117499.9789
117500.0697
117500.0557
117500.0307
117500.0642
117500.0329
117500.0417
117499.8379
117500.0641
117500.063
117500.0351
117500.0659
117500.0178
117500.0418
117499.8279
117500.0631
117500.0654
117500.0414
117500.071
117500.0241
117500.0653
117499.9707
117500.0598
117500.0642
117500.0441
117500.0675
117500.026
117500.0507
117500.0074
117500.0577
117500.0574
117500.0502
117500.0587
117500.0469
117500.057
117500.0546
117500.0582
117500.0429
117500.0348
117500.0308
117499.9854
117499.9812
117499.8815
117500.0513
117500.0313
117500.0207
117500.0237
117499.9747
117499.9774
117499.8439
117500.0599
117500.0423
117500.0276
117500.0477
117499.9778
117500.0035
117499.7992
117500.062
117500.0583
117500.0336
117500.0743
117499.9747
117500.0079
117499.7799
117500.0815
117500.083
117500.065
117500.1084
117500.0306
117500.0644
117499.8993
117500.0854
117500.0903
117500.0777
117500.101
117500.0363
117500.0649
117500.0243
117500.0988
117500.0976
117500.0871
117500.106
117500.0424
117500.0595
117500.0836
117500.0962
117500.1004
117500.0929
117500.0815
117499.9895
117499.9479
117500.0601
117500.1272
117500.1033
117500.0833
117500.0811
117500.009
117499.9955
117500.0008
117500.0919
117500.0667
117500.0422
117500.0636
117500.08
117500.045
117499.9631
117500.0767
117500.0571
117500.0346
117500.0598
117500.02
117500.0346
117499.8611
117500.067
117500.0586
117500.036
117500.0467
117499.9988
117499.959
117499.7451
117500.0648
117500.0589
117500.0407
117500.0424
117500.0063
117499.9545
117499.8551
117500.0607
117500.054
117500.0476
117500.0315
117500.0119
117499.9447
117499.9315
117500.0596
117500.0518
117500.053
117500.0289
117500.0379
117499.9667
117499.9986
117500.0535
117500.0405
117500.0276
117500.0031
117499.9785
117499.9426
117499.9238
117500.0494
117500.0348
117500.0232
117500.0003
117499.9672
117499.9491
117499.9013
117500.0585
117500.0508
117500.0489
117500.0322
117499.9885
117500.0019
117499.9467
117500.0647
117500.0636
117500.0629
117500.0856
117500.0134
117500.0616
117499.9482
117500.0875
117500.0954
117500.0911
117500.1437
117500.0443
117500.1156
117499.9611
117500.0952
117500.1066
117500.1075
117500.1543
117500.0537
117500.1253
117499.9731
117500.1081
117500.1154
117500.1035
117500.1484
117500.0446
117500.0738
117499.9385
117500.1003
117500.1114
117500.108
117500.1469
117500.0041
117499.9321
117499.8777
117500.1334
117500.1221
117500.0796
117500.1102
117500.0093
117499.9807
117499.8228
117500.0913
117500.0741
117500.0229
117500.066
117500.0104
117500.0752
117499.8624
117500.0818
117500.0674
117500.033
117500.0622
117499.9882
117500.0724
117499.845
117500.0673
117500.0627
117500.0309
117500.0451
117499.9942
117499.9639
117499.8089
117500.0667
117500.0624
117500.0385
117500.0351
117500.004
117499.9325
117499.8657
117500.061
117500.0563
117500.0441
117500.0311
117500.001
117499.9355
117499.8754
117500.0627
117500.0616
117500.0504
117500.0387
117500.028
117499.9701
117499.9644
117500.0657
117500.0499
117500.0348
117500.009
117499.9882
117499.9853
117499.9505
117500.0618
117500.0563
117500.0358
117500.0067
117500.0005
117500.0218
117500.0279
117500.0764
117500.0702
117500.0767
117500.0382
117500.0179
117500.0489
117500.0859
117500.084
117500.0782
117500.0936
117500.07
117500.0288
117500.0568
117500.0839
117500.1066
117500.1078
117500.1213
117500.1147
117500.0171
117500.0421
117500.1173
117500.1128
117500.1243
117500.1415
117500.1441
117499.9915
117500.0802
117500.0977
117500.1331
117500.1379
117500.1534
117500.1469
117500.0529
117500.04
117499.9353
117500.1146
117500.1276
117500.1402
117500.2005
117500.0933
117499.9057
117499.7693
117500.1501
117500.1422
117500.1486
117500.1356
117500.045
117499.9456
117499.7613
117500.1147
117500.1028
117500.0676
117500.0589
117500.0335
117500.0833
117499.8687
117500.1068
117500.0923
117500.0763
117500.0624
117500.052
117500.11
117499.925
117500.0897
117500.0798
117500.0724
117500.0486
117500.0769
117500.0047
117500.0416
117500.0862
117500.0794
117500.0693
117500.0529
117500.0713
117500.0273
117499.9906
117500.0814
117500.0748
117500.0721
117500.0598
117500.0671
117500.0299
117499.9762
117500.0818
117500.0824
117500.0744
117500.0763
117500.0713
117500.0614
117500.0241
117500.0701
117500.055
117500.0349
117500.0155
117500.0205
117499.992
117499.9635
117500.0679
117500.0727
117500.0329
117500.017
117500.0073
117500.0302
117499.9992
117500.0835
117500.0884
117500.0743
117500.052
117500.0328
117500.046
117500.041
117500.0825
117500.0778
117500.0753
117500.0433
117499.977
117500.0236
117499.9972
117500.0943
117500.0952
117500.0869
117500.0474
117499.9361
117499.9571
117500.027
117500.1003
117500.0972
117500.0899
117499.9992
117499.7795
117499.9352
117499.9143
117500.1285
117500.1528
117500.1188
117500.0476
117499.8986
117499.9311
117499.7298
117500.1146
117500.127
117500.1186
117500.1366
117500.0591
117499.8735
117499.5513
117500.1421
117500.1494
117500.1633
117500.1567
117500.0789
117499.9424
117499.7083
117500.1144
117500.1088
117500.1018
117500.106
117500.0752
117500.0763
117499.9504
117500.1186
117500.1165
117500.1069
117500.1108
117500.1051
117500.0994
117500.1434
117500.0985
117500.0969
117500.0923
117500.0969
117500.124
117500.1044
117500.2888
117500.0986
117500.1
117500.089
117500.1014
117500.1268
117500.1774
117500.1562
117500.0933
117500.0962
117500.0915
117500.1143
117500.1371
117500.1824
117500.1799
117500.0953
117500.1022
117500.0968
117500.128
117500.1234
117500.1866
117500.1604
117500.0926
117500.0732
117500.0639
117500.0552
117500.0716
117500.0332
117500.0053
117500.0875
117500.0846
117500.0589
117500.0568
117500.0597
117500.0573
117500.0206
117500.0918
117500.0976
117500.081
117500.0729
117500.0644
117500.0426
117499.9736
117500.0852
117500.0745
117500.0761
117500.0317
117500.0077
117500.0236
117499.9522
117500.0933
117500.0849
117500.0812
117500.0279
117499.955
117499.9705
117499.8959
117500.0773
117500.0561
117500.062
117499.8935
117499.8987
117499.8859
117499.7617
117500.1248
117500.1239
117500.0725
117499.9647
117499.8135
117499.889
117499.5396
117500.1317
117500.1552
117500.0441
117499.949
117499.9812
117499.8852
117499.5401
117500.1531
117500.1674
117500.1552
117500.0727
117500.0847
117500.0306
117499.8475
117500.1278
117500.1379
117500.1225
117500.1205
117500.1611
117500.1459
117500.1755
117500.1305
117500.1285
117500.1331
117500.1462
117500.1775
117500.2107
117500.3547
117500.1124
117500.1064
117500.1008
117500.121
117500.1581
117500.2539
117500.3647
117500.1184
117500.1184
117500.1032
117500.1293
117500.1725
117500.2962
117500.3449
117500.115
117500.1182
117500.1134
117500.1491
117500.1819
117500.2927
117500.3688
117500.1196
117500.1291
117500.1301
117500.1733
117500.1792
117500.2845
117500.2972
117500.1108
117500.1022
117500.105
117500.1057
117500.1302
117500.1035
117500.0827
117500.0982
117500.0964
117500.0967
117500.1004
117500.1142
117500.0949
117500.0544
117500.0916
117500.0901
117500.0827
117500.0836
117500.0883
117500.0458
117499.9867
117500.0833
117500.0716
117500.0804
117500.0591
117500.0604
117500.0319
117499.9536
117500.0842
117500.0739
117500.0808
117500.0552
117500.0273
117500.037
117499.9073
117500.0707
117500.0477
117500.083
117499.9763
117500.1487
117499.9428
117499.8136
117500.0556
117500.0227
117500.0377
117499.9587
117500.0505
117499.9468
117499.6528
117500.0993
117500.0873
117499.9689
117500.0359
117499.98
117500.0017
117499.7754
117500.1251
117500.1226
117499.9812
117499.9199
117499.9758
117500.0342
117500.0204
117500.1036
117500.0794
117500.0475
117499.9749
117500.0644
117500.131
117500.2267
117500.1029
117500.0741
117500.064
117500.0179
117500.128
117500.1784
117500.3033
117500.0858
117500.0508
117500.0395
117500.0166
117500.1112
117500.1891
117500.3463
117500.098
117500.086
117500.0625
117500.0556
117500.1318
117500.2289
117500.3849
117500.1016
117500.1016
117500.0928
117500.102
117500.1458
117500.2313
117500.3395
117500.1124
117500.1219
117500.1257
117500.1556
117500.1733
117500.2588
117500.2819
117500.1292
117500.1199
117500.1235
117500.1167
117500.1413
117500.1184
117500.1376
117500.1156
117500.108
117500.107
117500.1004
117500.1011
117500.0774
117500.046
117500.1067
117500.1003
117500.0958
117500.0748
117500.0666
117500.0077
117499.9935
117500.0971
117500.0875
117500.0945
117500.0648
117500.0503
117499.9795
117499.9489
117500.0909
117500.0813
117500.0932
117500.0587
117500.0238
117500.0312
117499.9095
117500.0892
117500.0813
117500.1086
117500.0565
117500.1768
117500.0427
117499.8975
117500.0631
117500.0256
117500.0815
117500.0125
117500.3707
117500.017
117499.9192
117500.0429
117500.0167
117500.0415
117500.0651
117500.2476
117500.057
117500.011
117500.0889
117500.0736
117499.9987
117500.0089
117500.0269
117500.0484
117500.0959
117500.0871
117500.0666
117499.9566
117499.8696
117499.9419
117500.0589
117500.1774
117500.0858
117500.053
117499.9523
117499.8862
117499.9727
117500.0932
117500.2363
117500.0736
117500.0353
117499.9572
117499.8693
117499.957
117500.0818
117500.2202
117500.0914
117500.08
117500.0066
117499.9491
117499.9984
117500.1021
117500.2158
117500.1086
117500.1095
117500.0739
117500.0446
117500.0402
117500.115
117500.1634
117500.127
117500.134
117500.1294
117500.1355
117500.1277
117500.1997
117500.1891
117500.142
117500.139
117500.1391
117500.1396
117500.171
117500.1526
117500.22
117500.1285
117500.1276
117500.1243
117500.1175
117500.1373
117500.113
117500.1111
117500.1089
117500.1137
117500.1126
117500.1042
117500.1128
117500.0751
117500.1482
117500.0942
117500.0887
117500.1022
117500.0957
117500.1025
117500.071
117500.1076
117500.0895
117500.0908
117500.0929
117500.0932
117500.0391
117500.0934
117500.0574
117500.0822
117500.08
117500.0906
117500.0867
117500.0819
117500.1499
117500.0457
117500.0696
117500.0659
117500.0919
117500.0971
117500.3312
117500.1708
117500.1111
117500.0461
117500.0147
117500.0537
117500.0501
117500.4265
117500.1085
117500.1469
117500.037
117500.0019
117500.0358
117500.033
117500.2492
117500.0701
117500.1457
117500.036
117500.0014
117499.9871
117499.9133
117500.0378
117499.9867
117500.1361
117500.0479
117500.0279
117499.9689
117499.8723
117499.9402
117499.9869
117500.1169
117500.0541
117500.0435
117499.943
117499.8497
117499.8722
117499.9761
117500.0599
117500.0627
117500.0544
117499.9748
117499.874
117499.8929
117499.9743
117500.0549
117500.0705
117500.0727
117500.0316
117499.9488
117499.9075
117499.9571
117499.9844
117500.0822
117500.086
117500.0828
117500.0464
117500.0178
117500.0363
117500.0377
117500.1697
117500.1526
117500.1493
117500.1409
117500.1459
117500.1316
117500.1482
117500.1411
117500.1316
117500.121
117500.1008
117500.1098
117500.0805
117500.0957
117500.1111
117500.1174
117500.1046
117500.0947
117500.0831
117500.0801
117500.0996
117500.0919
117500.0912
117500.09
117500.0941
117500.0869
117500.0698
117500.1505
117500.0872
117500.0868
117500.0836
117500.088
117500.0159
117500.0822
117500.0666
117500.0885
117500.0943
117500.0858
117500.0899
117499.9604
117500.1279
117499.9954
117500.0727
117500.0808
117500.0795
117500.0791
117500.0016
117500.1136
117499.9191
117500.0648
117500.0726
117500.0628
117500.0738
117500.1049
117500.107
117499.9209
117500.0536
117500.0485
117500.0147
117500.0092
117500.1244
117500.0521
117499.9737
117500.0254
117500.0022
117499.9514
117499.9337
117499.9777
117500.042
117499.9963
117500.0411
117500.0219
117499.9654
117499.93
117500.0312
117499.9982
117500.0495
117500.0621
117500.0505
117500.014
117499.953
117500.0132
117500.0145
117500.073
117500.0761
117500.0689
117500.0313
117499.9756
117500.0443
117500.0739
117500.1278
117500.0931
117500.0844
117500.0598
117500.0041
117499.9984
117500.0257
117500.0625
117500.1039
117500.0973
117500.0625
117500.0393
117500.0434
117500.0752
117500.1215
117500.1409
117500.1214
117500.1134
117500.1387
117500.1556
117500.1891
117500.1755
117500.1162
117500.1096
117500.0936
117500.1052
117500.1326
117500.1662
117500.2036
117500.0867
117500.0903
117500.084
117500.1119
117500.1249
117500.1899
117500.185
117500.0633
117500.0644
117500.0636
117500.1076
117500.1663
117500.1913
117500.2807
117500.0577
117500.0596
117500.0554
117500.108
117500.1234
117500.1692
117500.2125
117500.055
117500.0671
117500.0509
117500.1085
117500.0788
117500.247
117500.1234
117500.0469
117500.059
117500.0443
117500.0816
117499.9738
117500.2082
117499.8818
117500.0366
117500.0414
117500.0228
117500.0734
117499.9235
117500.1459
117499.6536
117500.0281
117500.0205
117499.9967
117499.9888
117499.9025
117500.0227
117499.6575
117499.9989
117499.9735
117499.933
117499.9045
117499.8921
117500.0167
117499.7463
117500.0071
117499.9906
117499.9479
117499.947
117499.9356
117500.0699
117499.8284
117500.0202
117500.0048
117499.9942
117499.9665
117500.0102
117500.0506
117499.9201
117500.0213
117500.0112
117499.9838
117499.9581
117500.0528
117500.0546
117499.9364
117500.0075
117500.0102
117499.9682
117499.9674
117500.0047
117500.0163
117499.9315
117499.9977
117500.0002
117499.9876
117500.0128
117500.0821
117500.0958
117500.0363
117500.0381
117500.0142
117499.9899
117499.9732
117499.9604
117499.9641
117499.9519
117500.035
117500.021
117499.9981
117499.9837
117499.9786
117499.9878
117500.0044
117500.03
117500.0199
117500.0133
117500.0105
117500.0058
117500.0374
117500.0486
117500.0189
117500.0136
117500.0142
117500.0333
117500.0405
117500.0937
117500.0842
117500.0205
117500.0196
117500.0212
117500.0527
117500.0579
117500.1322
117500.0304
117500.0259
117500.0275
117500.0238
117500.0503
117500.0541
117500.1407
117500.0146
117500.0322
117500.0296
117500.0282
117500.0488
117500.0434
117500.1464
117499.9615
117500.0338
117500.024
117500.0184
117500.0225
117499.9684
117500.0266
117499.8246
117500.0136
117500.0073
117499.9835
117499.9656
117499.8592
117499.9228
117499.7367
117499.9971
117499.9914
117499.9667
117499.9356
117499.8765
117499.9048
117499.8014
117500.0119
117500.004
117500.0013
117499.9642
117499.9441
117499.9768
117499.8523
117500.0277
117500.0219
117500.0171
117500.0127
117500.0181
117500.0382
117499.9204
117500.0575
117500.0408
117500.0381
117500.0271
117500.0595
117500.0582
117499.9828
117500.0863
117500.056
117500.0656
117500.0368
117500.0402
117500.0378
117499.9845
117500.0977
117500.0671
117500.0521
117500.0234
117500.0266
117499.9972
117500.037
117500.5453
117500.3991
117500.3677
117500.512
117500.7458
117500.6349
117501.4169
117500.4974
117500.3522
117500.3223
117500.4867
117500.6555
117500.5133
117500.6197
117500.4405
117500.3031
117500.2722
117500.4088
117500.5389
117500.2741
117500.0807
117500.3894
117500.2593
117500.2206
117500.3243
117500.4106
117500.0344
117499.6773
117500.3477
117500.2241
117500.1747
117500.2506
117500.2906
117499.8544
117499.4334
117500.3182
117500.1991
117500.1359
117500.2036
117500.2033
117499.7514
117499.3099
117500.2913
117500.176
117500.1148
117500.1668
117500.1244
117499.6908
117499.2732
117500.2655
117500.1509
117500.1035
117500.128
117500.0581
117499.667
117499.2751
117500.2488
117500.1319
117500.1118
117500.1058
117500.0239
117499.6561
117499.3208
117500.2232
117500.1003
117500.1035
117500.0618
117500.0083
117499.6029
117499.4071
117500.1953
117500.064
117500.0866
117500.0273
117500.0361
117499.6592
117499.6926
117500.1611
117500.0318
117500.0465
117500.0011
117500.0359
117499.7238
117499.8629
117500.1325
117500.0238
117500.0129
117499.9852
117500.0541
117499.7125
117499.9677
117500.1093
117500.0111
117500.0125
117499.9625
117500.0573
117499.7284
117500.0401
117500.1076
117500.0181
117500.0536
117499.9455
117500.0887
117499.7155
117500.4649
117499.9223
117499.8387
117499.7207
117500.0871
117499.5657
117500.213
117498.4974
117499.9609
117499.8725
117499.7534
117500.0911
117499.5608
117500.1433
117498.0543
117500.0053
117499.9137
117499.8032
117500.1178
117499.5705
117500.1212
117497.8671
117500.0413
117499.9483
117499.8472
117500.1379
117499.624
117500.205
117498.0209
117500.0728
117499.9762
117499.8774
117500.1438
117499.6624
117500.2691
117498.1904
117500.0932
117499.9964
117499.8868
117500.1572
117499.6687
117500.3064
117498.3815
117500.1071
117500.0169
117499.8962
117500.1711
117499.6808
117500.3613
117498.5707
117500.1077
117500.0172
117499.9075
117500.1576
117499.6673
117500.3918
117498.7471
117500.0991
117499.995
117499.9205
117500.1449
117499.6498
117500.4399
117498.9419
117500.0769
117499.9552
117499.9353
117500.0989
117499.7425
117500.4696
117499.0747
117500.0389
117499.9105
117499.908
117500.0412
117499.7981
117500.3013
117499.0149
117500.0025
117499.8834
117499.8638
117500.0158
117499.7597
117500.1395
117499.0695
117499.9912
117499.8948
117499.848
117500.0084
117499.8114
117500.1889
117499.0589
117499.9937
117499.9045
117499.8618
117500.0033
117499.7817
117500.1959
117499.1625
117500.0407
117499.967
117499.9116
117500.059
117499.754
117500.2578
117499.1063
117500.0374
117499.9156
117499.9798
117500.0586
117500.0422
117500.2505
117499.7885
117500.0277
117499.9185
117499.9864
117500.0692
117500.0474
117500.1708
117499.553
117500.0269
117499.939
117499.9883
117500.0728
117500.0657
117500.1198
117499.4838
117500.0263
117499.9529
117499.9897
117500.0731
117500.07
117500.1005
117499.5222
117500.0349
117499.971
117499.9941
117500.0789
117500.0822
117500.1061
117499.6004
117500.0411
117499.9775
117499.987
117500.0682
117500.0786
117500.1074
117499.5925
117500.0502
117499.9838
117499.9866
117500.0736
117500.0588
117500.1112
117499.604
117500.0431
117499.9654
117499.9709
117500.0438
117499.9998
117500.0793
117499.652
117500.0358
117499.9418
117499.9733
117500.0305
117499.9411
117500.0673
117499.7629
117500.0228
117499.9222
117499.9752
117500.0178
117499.9745
117500.0994
117499.8872
117500.0232
117499.9088
117499.967
117500.0024
117500.0122
117500.1134
117499.8654
117500.0368
117499.9107
117499.9641
117499.982
117499.9915
117500.0668
117499.8703
117500.0785
117499.9482
117500.0015
117500.0131
117500.0062
117500.0477
117499.8503
117500.1149
117500.0098
117500.05
117500.0278
117500.0243
117500.0354
117499.8802
117500.1516
117500.0929
117500.1018
117500.0793
117500.0477
117500.0647
117499.919
117499.9273
117499.8742
117499.8502
117500.0026
117499.8813
117500.3011
117500.123
117499.906
117499.8375
117499.8559
117500.0109
117499.9306
117500.3928
117500.2667
117499.8953
117499.8274
117499.8632
117500.0238
117499.9774
117500.4709
117500.226
117499.8953
117499.8376
117499.8816
117500.05
117500.0266
117500.5273
117500.1756
117499.9148
117499.8673
117499.9084
117500.0762
117500.0572
117500.5517
117500.1294
117499.9366
117499.894
117499.924
117500.0996
117500.0573
117500.5531
117500.018
117499.9665
117499.9227
117499.9443
117500.1257
117500.0486
117500.5217
117499.9034
117499.9842
117499.9282
117499.9541
117500.1081
117499.9624
117500.4269
117499.7491
117500.0134
117499.9453
117499.9828
117500.1078
117499.877
117500.3239
117499.6224
117500.0347
117499.9641
117500.0037
117500.1034
117499.9348
117500.3741
117499.7272
117500.044
117499.9584
117499.9857
117500.0762
117499.9535
117500.3226
117499.802
117500.0611
117499.9911
117499.9892
117500.0711
117499.9265
117500.2128
117499.786
117500.093
117500.0526
117500.024
117500.1074
117499.9506
117500.1895
117499.7911
117500.117
117500.101
117500.0533
117500.1209
117499.9736
117500.1439
117499.8669
117500.1357
117500.1412
117500.0943
117500.1571
117500.0002
117500.1762
117499.9105
117500.0892
117500.0778
117500.0579
117500.0758
117500.053
117500.19
117500.1555
117500.0688
117500.0417
117500.0363
117500.0611
117500.0602
117500.2035
117500.233
117500.0491
117500.0001
117500.0156
117500.0544
117500.0741
117500.23
117500.3064
117500.0325
117499.9623
117500.0008
117500.0446
117500.0907
117500.2604
117500.3936
117500.0337
117499.9522
117500.0115
117500.0546
117500.1224
117500.2977
117500.4851
117500.0368
117499.9487
117500.0215
117500.0661
117500.1313
117500.3041
117500.5141
117500.0564
117499.9703
117500.0484
117500.1
117500.1333
117500.3064
117500.4202
117500.0702
117499.9851
117500.0656
117500.0918
117500.0901
117500.2139
117500.2648
117500.0991
117500.0298
117500.113
117500.128
117500.0929
117500.1588
117500.1639
117500.1089
117500.0571
117500.1091
117500.1315
117500.159
117500.3329
117500.4313
117500.1111
117500.0483
117500.0917
117500.0967
117500.1504
117500.3682
117500.3635
117500.1308
117500.0852
117500.1025
117500.1058
117500.1424
117500.2837
117500.235
117500.1503
117500.1267
117500.1333
117500.1519
117500.1421
117500.2273
117500.2022
117500.1638
117500.1546
117500.1566
117500.162
117500.1498
117500.159
117500.1602
117500.1713
117500.1781
117500.1838
117500.1903
117500.1623
117500.1813
117500.1545
117500.0174
117500.0395
117499.9892
117500.0295
117499.9853
117500.0892
117500.0822
117500.011
117500.0243
117499.9772
117500.0206
117499.9873
117500.1132
117500.1183
117500.0066
117500.0081
117499.9663
117500.013
117499.9838
117500.1294
117500.1182
117500.0018
117499.988
117499.9589
117500.0104
117499.9801
117500.1546
117500.1405
117500.0104
117499.9881
117499.9663
117500.0209
117499.9969
117500.1773
117500.1481
117500.0139
117499.9897
117499.9774
117500.0474
117500.0005
117500.1853
117500.1223
117500.029
117500.0087
117500.0053
117500.0792
117500.0201
117500.1845
117500.1065
117500.0409
117500.021
117500.0281
117500.0712
117499.9924
117500.1454
117499.9162
117500.0657
117500.0614
117500.0718
117500.1254
117500.0407
117500.1989
117499.9371
117500.0719
117500.0729
117500.0577
117500.1056
117500.1065
117500.3087
117500.2251
117500.0684
117500.0574
117500.0352
117500.0703
117500.0919
117500.2911
117500.3075
117500.089
117500.0837
117500.065
117500.0945
117500.0985
117500.2134
117500.2659
117500.0965
117500.1017
117500.0874
117500.127
117500.0983
117500.1944
117500.1879
117500.1087
117500.1202
117500.1094
117500.1381
117500.1008
117500.1609
117500.1348
117500.1131
117500.1301
117500.1164
117500.1501
117500.0888
117500.1849
117500.1032
117500.0536
117500.0688
117500.0321
117500.015
117499.9909
117499.9616
117499.9619
117500.0397
117500.0483
117500.0108
117499.9915
117499.9625
117499.9322
117499.9175
117500.0283
117500.022
117499.9858
117499.9606
117499.9271
117499.9007
117499.878
117500.0206
117499.9957
117499.9672
117499.9392
117499.9184
117499.8965
117499.8847
117500.0255
117499.9961
117499.968
117499.9446
117499.9334
117499.9219
117499.8801
117500.0255
117499.9936
117499.9854
117499.9656
117499.9497
117499.9314
117499.8756
117500.0363
117500.0073
117500.0161
117499.9937
117499.9693
117499.9327
117499.8973
117500.0449
117500.0203
117500.0272
117499.9864
117499.9515
117499.9239
117499.8164
117500.0631
117500.0548
117500.0744
117500.0438
117500.0226
117500.0008
117499.9916
117500.0602
117500.045
117500.0468
117500.0278
117500.0761
117500.0762
117500.1465
117500.053
117500.0346
117500.0335
117500.013
117500.0767
117500.0807
117500.21
117500.0734
117500.0603
117500.072
117500.0527
117500.1043
117500.1035
117500.2247
117500.0753
117500.072
117500.0845
117500.0832
117500.1087
117500.1447
117500.2027
117500.0858
117500.0844
117500.0866
117500.0883
117500.1029
117500.1551
117500.2208
117500.0683
117500.061
117500.0543
117500.0692
117500.0575
117500.1313
117500.1099
117499.9757
117499.9711
117499.9522
117499.9308
117499.9043
117499.8338
117499.7806
117499.9651
117499.9565
117499.9326
117499.908
117499.8723
117499.7781
117499.6877
117499.9584
117499.9403
117499.9093
117499.8827
117499.8329
117499.7286
117499.6095
117499.9575
117499.9245
117499.8886
117499.8592
117499.8196
117499.7032
117499.5738
117499.9705
117499.9417
117499.9033
117499.8664
117499.8288
117499.6952
117499.5278
117499.9688
117499.9409
117499.9126
117499.8775
117499.8335
117499.7098
117499.4831
117499.9808
117499.9569
117499.9341
117499.8935
117499.8342
117499.7439
117499.5691
117499.9836
117499.9585
117499.9305
117499.8732
117499.7977
117499.7699
117499.6481
117499.9964
117499.9919
117499.9791
117499.9332
117499.8781
117499.9165
117499.8181
117499.9888
117499.9723
117499.9408
117499.9305
117499.9248
117499.9313
117499.9228
117499.9817
117499.9663
117499.933
117499.9391
117499.9551
117499.9515
117500.017
117500.0063
117499.9972
117499.9735
117499.9716
117499.9685
117500.0143
117500.0368
117500.0007
117499.9949
117499.9753
117499.9841
117499.9719
117500.0643
117500.0823
117500.0014
117499.9914
117499.9699
117499.9714
117499.9567
117500.0492
117500.094
117499.9671
117499.9433
117499.916
117499.9348
117499.9145
117500.0245
117499.9962
117499.9988
117499.9883
117499.9698
117499.948
117499.9155
117499.8761
117499.8067
117499.9866
117499.9703
117499.951
117499.922
117499.8845
117499.8346
117499.7354
117499.9781
117499.9543
117499.9288
117499.8946
117499.8488
117499.7787
117499.66
117499.9778
117499.9446
117499.9111
117499.8781
117499.8313
117499.7648
117499.6007
117499.9822
117499.955
117499.9197
117499.8745
117499.8359
117499.7492
117499.5221
117499.9734
117499.9448
117499.9156
117499.8687
117499.8108
117499.7194
117499.3457
117499.9781
117499.9494
117499.9237
117499.8565
117499.8014
117499.6687
117499.4063
117499.9712
117499.9273
117499.9059
117499.8045
117499.7276
117499.624
117499.5627
117499.9842
117499.9606
117499.9461
117499.8559
117499.8004
117499.7586
117499.6719
117499.9788
117499.9463
117499.9179
117499.8823
117499.8532
117499.8411
117499.7263
117499.9687
117499.9422
117499.9166
117499.9009
117499.8925
117499.8282
117499.801
117499.9947
117499.9798
117499.9528
117499.926
117499.9056
117499.9162
117499.8561
117499.9884
117499.9729
117499.9511
117499.9288
117499.9115
117499.951
117499.9388
117499.9913
117499.973
117499.9423
117499.9178
117499.8899
117499.946
117499.9236
117499.9664
117499.9313
117499.9
117499.8869
117499.8779
117499.9374
117499.9359
117499.9715
117499.9717
117499.9572
117499.9566
117499.9362
117499.9539
117499.9075
117499.9642
117499.9596
117499.944
117499.9404
117499.9106
117499.935
117499.8703
117499.9614
117499.9505
117499.9288
117499.9173
117499.8825
117499.8995
117499.8188
117499.9674
117499.9513
117499.918
117499.9051
117499.8731
117499.8949
117499.7696
117499.9715
117499.9525
117499.9244
117499.8894
117499.8767
117499.8834
117499.7642
117499.9641
117499.9365
117499.9079
117499.8635
117499.8354
117499.8276
117499.5844
117499.9618
117499.9309
117499.8975
117499.8252
117499.7838
117499.7307
117499.4472
117499.9493
117499.9014
117499.8623
117499.7395
117499.6557
117499.5903
117499.4688
117499.9596
117499.9309
117499.8973
117499.7743
117499.6954
117499.5406
117499.5158
117499.9556
117499.9172
117499.8817
117499.8158
117499.7782
117499.6621
117499.4641
117499.9426
117499.9118
117499.8768
117499.8552
117499.7979
117499.6365
117499.4807
117499.9663
117499.9487
117499.909
117499.8732
117499.7983
117499.7176
117499.4702
117499.9612
117499.9428
117499.9091
117499.8756
117499.8031
117499.7538
117499.561
117499.9624
117499.9391
117499.9035
117499.8641
117499.801
117499.7689
117499.5822
117499.9414
117499.9036
117499.8652
117499.8395
117499.8077
117499.7825
117499.7205
117500.0015
117500.0032
117499.99
117499.992
117499.9893
117500.0348
117500.0325
117499.9954
117499.9938
117499.9769
117499.9785
117499.9605
117500.0313
117500.0262
117499.9937
117499.9846
117499.9635
117499.9551
117499.9404
117500.0093
117500.026
117499.9997
117499.9892
117499.9569
117499.9485
117499.9263
117500.0213
117499.992
117499.9969
117499.9869
117499.952
117499.9332
117499.9018
117500.0177
117500.0373
117499.9927
117499.9738
117499.9305
117499.8984
117499.8342
117499.9674
117499.959
117499.9862
117499.9493
117499.903
117499.8279
117499.7515
117499.8212
117499.8223
117499.9785
117499.934
117499.8806
117499.7396
117499.6013
117499.6761
117499.6348
117499.9986
117499.9693
117499.9254
117499.7966
117499.6746
117499.5668
117499.5609
117499.991
117499.9513
117499.9192
117499.8449
117499.8226
117499.6652
117499.4561
117499.9773
117499.9437
117499.9155
117499.8869
117499.8157
117499.6367
117499.3942
117499.9906
117499.9715
117499.9289
117499.8991
117499.787
117499.6472
117499.3086
117499.9834
117499.9591
117499.9229
117499.8841
117499.7672
117499.6335
117499.3053
117499.9768
117499.9512
117499.9136
117499.8772
117499.7766
117499.6525
117499.3521
117499.9611
117499.915
117499.8884
117499.8619
117499.7952
117499.6803
117499.4981
117499.9933
117499.9931
117499.9842
117499.9856
117499.983
117500.0353
117500.0409
117499.9918
117499.9851
117499.9755
117499.9674
117499.9582
117500.0155
117500.0423
117499.9937
117499.976
117499.9601
117499.9399
117499.9237
117499.9693
117500.0307
117499.9965
117499.9773
117499.9509
117499.922
117499.9084
117499.9671
117500.03
117500.0022
117499.9865
117499.955
117499.9157
117499.8568
117499.9092
117500.0413
117500.0023
117499.984
117499.9349
117499.8706
117499.758
117499.808
117500.0096
117500.0035
117499.9669
117499.9169
117499.8102
117499.6228
117499.6548
117499.9313
117500.0164
117499.983
117499.9354
117499.7762
117499.5374
117499.5626
117499.7609
117500.0433
117500.0184
117499.9883
117499.8767
117499.7277
117499.6584
117499.7289
117500.0366
117500.0072
117499.991
117499.9485
117499.9578
117499.8467
117499.7223
117500.0247
117500.0012
117499.9899
117499.9887
117499.9433
117499.9144
117499.6918
117500.0302
117500.016
117499.9949
117499.9936
117499.9019
117499.8603
117499.5878
117500.0262
117500.0102
117499.9893
117499.9781
117499.8873
117499.7863
117499.5539
117500.0094
117499.9921
117499.9818
117499.9679
117499.8944
117499.7714
117499.5534
117500.0182
117499.9848
117499.9717
117499.9692
117499.923
117499.8084
117499.651
117500.0155
117500.0055
117499.9901
117499.9837
117499.966
117499.9871
117499.9652
117500.0123
117499.9894
117499.9684
117499.9442
117499.9296
117499.9466
117499.9407
117500.0095
117499.977
117499.9444
117499.9077
117499.8788
117499.8652
117499.8861
117500.006
117499.9671
117499.9123
117499.8737
117499.8452
117499.8294
117499.8648
117500.0244
117500.0083
117499.9433
117499.892
117499.8057
117499.7043
117499.7894
117500.0333
117500.0229
117499.9533
117499.9038
117499.7147
117499.5073
117499.684
117500.0539
117500.0341
117499.9821
117499.8992
117499.5962
117499.3385
117499.6134
117500.0884
117500.0855
117500.0437
117499.9368
117499.6345
117499.3888
117499.6025
117500.1192
117500.1123
117500.0903
117500.0534
117499.9153
117499.7656
117499.7453
117500.1175
117500.1095
117500.0954
117500.1177
117500.1429
117500.0976
117499.9361
117500.1094
117500.1027
117500.1059
117500.1404
117500.1097
117500.2608
117500.0354
117500.1066
117500.1088
117500.1055
117500.1376
117500.0984
117500.1382
117500.0387
117500.1006
117500.0968
117500.1056
117500.1252
117500.098
117500.0679
117500.0357
117500.0783
117500.0731
117500.0874
117500.1087
117500.0922
117500.0502
117499.9919
117500.1124
117500.0882
117500.0948
117500.1159
117500.1158
117500.0826
117500.0597
117500.0019
117499.9914
117499.9721
117499.9648
117499.9341
117499.9053
117499.8788
117499.9939
117499.975
117499.9539
117499.936
117499.9243
117499.9114
117499.8267
117499.999
117499.9731
117499.9566
117499.9418
117499.9409
117499.8393
117499.7277
117499.9771
117499.9297
117499.8879
117499.8766
117499.8728
117499.7411
117499.614
117499.9985
117499.9545
117499.9192
117499.8887
117499.8294
117499.5743
117499.4298
117500.0293
117500.009
117499.9669
117499.9192
117499.7696
117499.3632
117499.2389
117500.0708
117500.0577
117500.0321
117499.9639
117499.7783
117499.2821
117499.1867
117500.1173
117500.1416
117500.1228
117500.086
117499.9659
117499.4958
117499.4109
117500.151
117500.1784
117500.176
117500.1945
117500.2195
117500.0104
117499.8268
117500.165
117500.1994
117500.2008
117500.2663
117500.3617
117500.4118
117500.2082
117500.1643
117500.1916
117500.2065
117500.2787
117500.3212
117500.5203
117500.4521
117500.1647
117500.1875
117500.2105
117500.2772
117500.348
117500.4164
117500.5694
117500.1547
117500.1606
117500.1925
117500.2396
117500.3314
117500.3855
117500.5464
117500.1586
117500.1644
117500.1797
117500.238
117500.3477
117500.4036
117500.5574
117500.1497
117500.1381
117500.1196
117500.1651
117500.2621
117500.355
117500.4511
117500.0228
117500.0085
117499.9976
117499.9722
117499.9274
117499.8288
117499.8649
117500.0246
117500.0101
117500.0014
117499.9816
117499.9385
117499.869
117499.8169
117500.0346
117500.0315
117500.0586
117500.0299
117499.9984
117499.893
117499.6987
117500.0519
117500.037
117500.0572
117500.0386
117500.021
117499.8703
117499.561
117500.0213
117499.9883
117499.992
117499.9879
117499.9745
117499.7589
117499.3193
117500.0484
117500.0234
117500.0284
117500.0238
117499.9596
117499.6419
117499.1162
117500.0915
117500.0697
117500.1009
117500.0645
117500.0725
117499.7017
117499.207
117500.1551
117500.1543
117500.1937
117500.1815
117500.2882
117500.0321
117499.5331
117500.1903
117500.2199
117500.2422
117500.2894
117500.4292
117500.3916
117500.0965
117500.2112
117500.2553
117500.2811
117500.3443
117500.5097
117500.6129
117500.4733
117500.2086
117500.2446
117500.2745
117500.3446
117500.5018
117500.6375
117500.803
117500.2161
117500.2464
117500.2806
117500.3505
117500.5209
117500.643
117500.904
117500.2006
117500.2273
117500.2592
117500.3178
117500.4973
117500.6445
117500.888
117500.2008
117500.2168
117500.2081
117500.2604
117500.4452
117500.5832
117500.8309
117500.1604
117500.1613
117500.1416
117500.1881
117500.3219
117500.4814
117500.6036
117499.983
117499.9709
117499.9476
117499.905
117499.7872
117499.6683
117499.817
117499.9887
117499.9848
117499.9639
117499.9183
117499.8182
117499.7362
117499.8167
117500.0208
117500.028
117500.0215
117500.007
117499.8944
117499.8317
117499.7156
117500.0485
117500.0798
117500.0828
117500.0805
117500.0093
117499.9589
117499.6383
117500.0779
117500.0857
117500.079
117500.1237
117500.0255
117499.965
117499.5054
117500.0473
117500.0393
117500.0437
117500.1019
117500.0118
117499.9957
117499.4586
117500.0687
117500.0687
117500.0785
117500.1227
117500.1082
117500.1512
117499.6135
117500.1187
117500.1206
117500.1509
117500.1855
117500.2331
117500.3495
117499.8799
117500.1494
117500.1694
117500.1986
117500.2346
117500.3342
117500.4059
117500.2492
117500.1772
117500.2099
117500.2227
117500.2857
117500.382
117500.515
117500.4785
117500.189
117500.2275
117500.2531
117500.3129
117500.422
117500.5792
117500.6933
117500.1896
117500.2326
117500.2599
117500.3138
117500.4316
117500.607
117500.7455
117500.1896
117500.2259
117500.2538
117500.2889
117500.4273
117500.5981
117500.764
117500.1726
117500.1925
117500.1877
117500.2142
117500.3402
117500.5085
117500.6269
117500.1608
117500.1681
117500.1548
117500.1944
117500.2628
117500.4158
117500.4707
117500.0108
117499.9854
117499.9394
117499.8637
117499.6794
117499.6459
117499.8327
117500.0062
117499.9743
117499.924
117499.8137
117499.6439
117499.5807
117499.8295
117500.0209
117500.0135
117499.9686
117499.8858
117499.6801
117499.6343
117499.7778
117500.0587
117500.0618
117500.0486
117500.0048
117499.8338
117499.8217
117499.7694
117500.0559
117500.0727
117500.0573
117500.1015
117499.9613
117499.9544
117499.7065
117500.1029
117500.11
117500.103
117500.1613
117500.0231
117500.0793
117499.7673
117500.0728
117500.0652
117500.0763
117500.1385
117500.0781
117500.1589
117499.8823
117500.1357
117500.0952
117500.0996
117500.158
117500.1177
117500.2344
117500.0633
117500.1484
117500.1356
117500.1274
117500.1909
117500.1659
117500.3005
117500.1188
117500.1663
117500.1692
117500.1528
117500.2291
117500.2145
117500.3844
117500.1526
117500.1646
117500.1843
117500.1756
117500.246
117500.2523
117500.4079
117500.2234
117500.1592
117500.1896
117500.1987
117500.2453
117500.279
117500.3986
117500.326
117500.1507
117500.1766
117500.1909
117500.2287
117500.2588
117500.353
117500.3593
117500.1448
117500.1629
117500.1637
117500.1909
117500.2196
117500.2913
117500.3101
117500.1395
117500.1509
117500.152
117500.1887
117500.1904
117500.2337
117500.2746
117499.9477
117499.9404
117499.9197
117499.8927
117499.8459
117499.9037
117500.0246
117499.9348
117499.901
117499.871
117499.7457
117499.7111
117499.7959
117500.0385
117499.9403
117499.9016
117499.843
117499.6912
117499.5779
117499.7046
117499.958
117499.9757
117499.955
117499.9139
117499.7578
117499.5896
117499.6675
117499.8978
117499.9939
117499.9882
117499.9661
117499.9189
117499.7433
117499.7302
117499.7869
117500.0201
117500.028
117499.9965
117500.0762
117499.8426
117499.8562
117499.7762
117500.0525
117500.0511
117499.9982
117500.1219
117499.8935
117499.97
117499.7791
117500.0454
117500.0316
117500.0137
117500.1053
117499.9063
117500.0187
117499.8922
117500.0367
117500.0137
117499.9824
117500.0348
117499.9068
117500.08
117499.8017
117500.0626
117500.0593
117500.0187
117500.0801
117499.9892
117500.1175
117499.7399
117500.072
117500.0726
117500.0479
117500.0967
117500.0186
117500.0589
117499.675
117500.0821
117500.0933
117500.0781
117500.1157
117500.0551
117500.0494
117499.8594
117500.0809
117500.0881
117500.0932
117500.1143
117500.0776
117500.0449
117499.9453
117500.0795
117500.0882
117500.0919
117500.1049
117500.0818
117500.0485
117500.0134
117500.0814
117500.0884
117500.092
117500.1145
117500.0982
117500.0644
117500.0805
117500.0649
117500.0752
117500.0598
117500.0738
117500.0535
117499.9866
117499.9327
117500.0613
117500.0637
117500.0523
117500.0548
117500.0015
117499.9036
117499.9146
117500.0549
117500.0521
117500.0459
117500.0136
117499.9548
117499.8944
117500.0288
117500.0417
117500.0319
117500.0272
117499.9689
117499.8991
117499.8758
117500.1103
117500.0351
117500.0162
117500.0133
117499.9629
117499.8942
117499.8874
117500.0181
117500.0174
117500.009
117500.0045
117499.9987
117499.9246
117499.8928
117499.9369
117500.0622
117500.0232
117500.0224
117500.0398
117499.9761
117499.9777
117499.8976
117500.0656
117500.0432
117500.0189
117500.0323
117499.9664
117499.9963
117499.9188
117500.0637
117500.0545
117500.0362
117500.0483
117499.9848
117500.0193
117499.8642
117500.0495
117500.0313
117500.0254
117500.0253
117499.9857
117499.9633
117499.83
117500.0374
117500.0231
117500.021
117500.0208
117499.9967
117499.9492
117499.8141
117500.0298
117500.012
117500.0204
117500.0185
117500.0065
117499.9748
117499.9018
117500.0299
117500.0189
117500.0233
117500.0246
117500.0135
117499.99
117499.9373
117500.0266
117500.0219
117500.0255
117500.0228
117500.0195
117499.9995
117499.9877
117500.0294
117500.0303
117500.0321
117500.0419
117500.0391
117500.0242
117500.0187
117500.0934
117500.0306
117500.0567
117499.9615
117500.1219
117499.6446
117500.4722
117500.0949
117500.0505
117500.06
117499.9913
117500.0675
117499.7125
117500.1282
117500.0916
117500.0607
117500.0567
117499.9985
117500.0435
117499.6443
117499.943
117500.0911
117500.0794
117500.0802
117500.0214
117500.0694
117499.7085
117499.8499
117500.0887
117500.0835
117500.0865
117500.0254
117500.0616
117499.7194
117499.7752
117500.0916
117500.0879
117500.0902
117500.0308
117500.0498
117499.7538
117499.7193
117500.0912
117500.0873
117500.0769
117500.0147
117500.0049
117499.6697
117499.6552
117500.1035
117500.1016
117500.0979
117500.0444
117500.0149
117499.6382
117499.6396
117500.1092
117500.105
117500.1112
117500.023
117499.9953
117499.5616
117499.6577
117500.0955
117500.0927
117500.0806
117500.0363
117500.0329
117499.7096
117499.7755
117500.0893
117500.0859
117500.0838
117500.0363
117500.0577
117499.7539
117499.8331
117500.0783
117500.0753
117500.0894
117500.0487
117500.1057
117499.8268
117499.936
117500.0782
117500.0769
117500.1043
117500.0651
117500.1525
117499.8245
117500.0482
117500.0749
117500.0757
117500.1073
117500.0641
117500.1577
117499.7936
117500.1087
117500.0812
117500.0819
117500.1215
117500.0598
117500.1882
117499.7522
117500.4943
117500.0638
117500.0263
117499.9525
117500.0837
117499.7824
117500.2399
117499.2633
117500.0985
117500.0762
117499.9985
117500.127
117499.845
117500.2725
117499.3671
117500.0909
117500.0947
117500.0252
117500.1398
117499.8868
117500.312
117499.3553
117500.0885
117500.1104
117500.0509
117500.1706
117499.9143
117500.3912
117499.425
117500.0816
117500.1007
117500.0429
117500.1588
117499.8891
117500.4041
117499.409
117500.0864
117500.1019
117500.0392
117500.1663
117499.8778
117500.4311
117499.3996
117500.0823
117500.1057
117500.016
117500.1491
117499.8514
117500.3355
117499.3741
117500.0967
117500.1114
117500.0456
117500.1455
117499.8913
117500.4707
117499.3254
117500.1046
117500.1197
117500.0551
117500.1345
117499.9056
117500.4266
117499.2625
117500.0871
117500.105
117500.0195
117500.122
117499.8609
117500.3172
117499.3348
117500.0857
117500.1071
117500.0455
117500.1549
117499.9083
117500.3856
117499.3593
117500.0712
117500.0958
117500.0403
117500.159
117499.9141
117500.3897
117499.4072
117500.0702
117500.0996
117500.0519
117500.1783
117499.9461
117500.3557
117499.3988
117500.0656
117500.0982
117500.0473
117500.1735
117499.9217
117500.3095
117499.4181
117500.07
117500.1086
117500.0504
117500.1711
117499.8963
117500.291
117499.3678
117500.1462
117500.1148
117500.1163
117500.091
117500.0665
117500.0623
117499.9411
117500.1383
117500.1176
117500.1236
117500.1052
117500.0754
117500.0763
117499.9794
117500.1143
117500.1039
117500.1068
117500.0944
117500.0605
117500.0923
117499.9433
117500.1001
117500.0944
117500.1004
117500.0935
117500.07
117500.0966
117499.9706
117500.0942
117500.0917
117500.0906
117500.0875
117500.0549
117500.101
117499.9508
117500.0914
117500.0901
117500.0847
117500.0873
117500.0535
117500.1096
117499.9367
117500.0944
117500.0903
117500.0807
117500.0847
117500.0521
117500.0929
117499.9519
117500.0927
117500.0904
117500.0737
117500.0858
117500.0482
117500.1276
117499.9356
117500.0948
117500.0909
117500.0759
117500.0735
117500.0889
117500.1485
117499.9886
117500.0899
117500.0839
117500.0689
117500.0639
117500.0241
117500.0883
117499.9411
117500.0868
117500.0859
117500.0811
117500.0843
117500.071
117500.1177
117499.9631
117500.0771
117500.0775
117500.0802
117500.085
117500.0729
117500.1034
117499.9575
117500.0774
117500.0823
117500.0911
117500.1032
117500.0936
117500.1022
117499.9481
117500.0737
117500.0796
117500.089
117500.097
117500.0783
117500.0708
117499.9467
117500.079
117500.0873
117500.095
117500.1001
117500.0677
117500.063
117499.925
117500.1307
117500.1406
117500.1026
117500.1551
117500.0011
117500.1654
117499.8778
117500.1236
117500.142
117500.1076
117500.1581
117500.0112
117500.1723
117499.8983
117500.1088
117500.1282
117500.0862
117500.1478
117499.9945
117500.1997
117499.8624
117500.0962
117500.1149
117500.0752
117500.1487
117500.0057
117500.222
117499.8869
117500.0872
117500.1074
117500.0613
117500.1401
117499.9802
117500.2275
117499.8553
117500.0848
117500.1036
117500.0564
117500.1402
117499.9852
117500.238
117499.8554
117500.0838
117500.1043
117500.0492
117500.1319
117499.963
117500.2092
117499.8335
117500.0849
117500.1108
117500.0397
117500.1373
117499.9842
117500.2113
117499.8373
117500.0901
117500.1096
117500.0539
117500.131
117499.9825
117500.202
117499.832
117500.0812
117500.0986
117500.0427
117500.1206
117499.9694
117500.1865
117499.8301
117500.0815
117500.1045
117500.055
117500.1344
117499.9918
117500.2039
117499.8495
117500.0703
117500.0934
117500.0491
117500.1308
117499.9987
117500.1886
117499.8739
117500.071
117500.0983
117500.0564
117500.1416
117500.0122
117500.1876
117499.8784
117500.0653
117500.0935
117500.0519
117500.1376
117500.0062
117500.1693
117499.8943
117500.0687
117500.0992
117500.053
117500.1416
117500.0012
117500.1756
117499.9099
117500.1717
117500.1823
117500.1987
117500.1915
117500.1622
117500.1757
117500.1038
117500.1597
117500.1763
117500.1908
117500.1777
117500.1451
117500.1505
117500.1026
117500.1331
117500.1419
117500.1344
117500.1233
117500.0941
117500.1377
117500.0613
117500.1028
117500.0981
117500.0966
117500.1012
117500.0861
117500.1299
117500.0797
117500.0952
117500.0922
117500.087
117500.0935
117500.0645
117500.1314
117500.0559
117500.0866
117500.0854
117500.087
117500.1027
117500.0772
117500.1411
117500.0923
117500.0898
117500.099
117500.0906
117500.0983
117500.0448
117500.1162
117500.0822
117500.0915
117500.0888
117500.0874
117500.1018
117500.0627
117500.1428
117500.1541
117500.0898
117500.0923
117500.0802
117500.1066
117500.082
117500.135
117500.1227
117500.0864
117500.0894
117500.079
117500.087
117500.0657
117500.1102
117500.0659
117500.0863
117500.0938
117500.0815
117500.1002
117500.0753
117500.1286
117500.066
117500.0779
117500.084
117500.0746
117500.0918
117500.069
117500.1145
117500.0508
117500.0786
117500.0864
117500.077
117500.1042
117500.0735
117500.1301
117500.0441
117500.0726
117500.0794
117500.0716
117500.0942
117500.0707
117500.1103
117500.0539
117500.0752
117500.0835
117500.0724
117500.098
117500.0722
117500.1211
117500.0649
117500.1262
117500.1461
117500.148
117500.1709
117500.1107
117500.1735
117500.1266
117500.1224
117500.1546
117500.1409
117500.1573
117500.0735
117500.1494
117500.0619
117500.115
117500.1458
117500.1047
117500.1073
117500.0348
117500.1479
117500.03
117500.0839
117500.0942
117500.0589
117500.084
117500.0283
117500.1397
117500.0258
117500.0789
117500.0904
117500.057
117500.0872
117500.0085
117500.1365
117500.0196
117500.0694
117500.0786
117500.0517
117500.0767
117500.0076
117500.1265
117500.0265
117500.0702
117500.0874
117500.0439
117500.0963
117499.9712
117500.1021
117500.0409
117500.0675
117500.0791
117500.0533
117500.1002
117500.0157
117500.1416
117500.0586
117500.0756
117500.0941
117500.0598
117500.1202
117500.053
117500.1496
117500.0336
117500.0709
117500.0853
117500.0563
117500.0893
117500.0267
117500.1188
117500.0267
117500.0738
117500.0905
117500.0579
117500.1067
117500.0399
117500.151
117500.0268
117500.067
117500.0795
117500.0529
117500.0969
117500.0373
117500.1419
117500.0551
117500.0688
117500.0815
117500.057
117500.1089
117500.0429
117500.1559
117500.0737
117500.0644
117500.0756
117500.0537
117500.1021
117500.0467
117500.1382
117500.08
117500.0671
117500.0803
117500.0574
117500.1049
117500.0522
117500.1417
117500.0695
117500.0774
117500.0811
117500.0875
117500.1025
117500.0923
117500.1383
117500.1851
117500.077
117500.1007
117500.0894
117500.0899
117500.071
117500.1278
117500.1504
117500.0992
117500.1258
117500.1004
117500.0841
117500.0583
117500.1374
117500.1473
117500.0733
117500.075
117500.0491
117500.0518
117500.0475
117500.1128
117500.1145
117500.0769
117500.0827
117500.0719
117500.0718
117500.0463
117500.1151
117500.121
117500.0662
117500.068
117500.0575
117500.0573
117500.0413
117500.0943
117500.1171
117500.0675
117500.0721
117500.0578
117500.0725
117500.0271
117500.0727
117500.1167
117500.0647
117500.0663
117500.0584
117500.0644
117500.0447
117500.0946
117500.1147
117500.0721
117500.0786
117500.0727
117500.0935
117500.0928
117500.1141
117500.0818
117500.0668
117500.0691
117500.0598
117500.0652
117500.0538
117500.0692
117500.0466
117500.0695
117500.0731
117500.0648
117500.0754
117500.0659
117500.1037
117500.0673
117500.0641
117500.0644
117500.0586
117500.065
117500.0612
117500.0951
117500.1173
117500.0658
117500.0663
117500.0622
117500.0674
117500.0652
117500.099
117500.1292
117500.0631
117500.0614
117500.0592
117500.0671
117500.066
117500.0984
117500.1179
117500.0654
117500.0646
117500.0619
117500.0736
117500.065
117500.0972
117500.0969
117499.9898
117499.9677
117499.9568
117499.9542
117499.9363
117500.0198
117500.0585
117500.0013
117499.9903
117499.9955
117499.9938
117499.9699
117500.0451
117500.0766
117500.0195
117500.0402
117500.0417
117500.051
117500.0217
117500.0795
117500.1022
117500.0446
117500.0528
117500.0349
117500.0291
117499.9994
117500.0472
117500.0619
117500.045
117500.0513
117500.043
117500.0455
117499.9939
117500.0575
117500.0508
117500.0442
117500.0471
117500.0296
117500.0272
117499.9858
117500.0402
117500.0123
117500.0456
117500.0523
117500.0292
117500.0435
117499.9825
117500.0207
117499.9909
117500.0452
117500.0483
117500.0285
117500.0355
117500.0005
117500.0326
117499.981
117500.054
117500.0622
117500.0475
117500.0677
117500.0513
117500.0823
117499.9857
117500.0501
117500.0539
117500.0391
117500.0521
117500.0154
117500.0422
117499.9618
117500.0551
117500.0589
117500.0461
117500.0585
117500.0271
117500.0422
117499.9673
117500.053
117500.053
117500.0416
117500.049
117500.0251
117500.0341
117500.0207
117500.0542
117500.0542
117500.0397
117500.0488
117500.0249
117500.0399
117500.0325
117500.0532
117500.0513
117500.0423
117500.045
117500.0338
117500.0464
117500.0517
117500.054
117500.0529
117500.0436
117500.0495
117500.0349
117500.044
117500.0404
117500.0053
117499.9631
117499.9382
117499.889
117499.8687
117499.9075
117499.9395
117500.0023
117499.9651
117499.9738
117499.9481
117499.9353
117499.9575
117499.9782
117500.0035
117499.9819
117500.0065
117500.0109
117499.9998
117499.9848
117499.9801
117500.0323
117500.0366
117500.0394
117500.02
117500.0096
117499.9825
117499.9748
117500.0345
117500.0236
117500.024
117500.0134
117499.9753
117499.9734
117499.9508
117500.0395
117500.0354
117500.0256
117499.9977
117499.9674
117499.971
117499.9171
117500.042
117500.0377
117500.025
117500.0026
117499.9783
117499.9565
117499.8806
117500.0424
117500.0378
117500.0187
117500.0028
117499.9819
117499.9771
117499.882
117500.0489
117500.0486
117500.0395
117500.0296
117500.0043
117500.0152
117499.934
117500.0468
117500.0436
117500.0362
117500.0299
117499.9946
117499.9803
117499.9153
117500.0533
117500.051
117500.0441
117500.0348
117500.0005
117499.9558
117499.8924
117500.0529
117500.0468
117500.0412
117500.0269
117499.9999
117499.9414
117499.8943
117500.0549
117500.0501
117500.0371
117500.0229
117499.9976
117499.9469
117499.8844
117500.0542
117500.0485
117500.0384
117500.0214
117500.0104
117499.9632
117499.9378
117500.0551
117500.0503
117500.0398
117500.0235
117500.0147
117499.9692
117499.9573
117499.9909
117499.9489
117499.8925
117499.8339
117499.783
117499.7426
117499.6834
117499.9872
117499.9571
117499.9356
117499.886
117499.8298
117499.738
117499.6498
117499.9946
117499.9609
117499.9572
117499.9302
117499.8812
117499.7467
117499.6185
117500.0163
117500.0043
117500.0061
117499.9839
117499.965
117499.836
117499.6769
117500.0212
117500.0034
117499.9934
117499.9619
117499.916
117499.8372
117499.7042
117500.03
117500.02
117500.0048
117499.9535
117499.922
117499.8673
117499.7364
117500.0347
117500.0268
117500.0048
117499.9613
117499.9338
117499.8797
117499.721
117500.0398
117500.031
117500.0062
117499.9749
117499.9526
117499.9433
117499.799
117500.043
117500.0391
117500.0256
117500.0026
117499.9501
117499.9569
117499.8546
117500.0431
117500.0334
117500.0288
117500.0081
117499.9639
117499.9269
117499.8726
117500.0502
117500.0451
117500.0403
117500.0225
117499.9739
117499.9137
117499.8571
117500.0543
117500.0488
117500.0434
117500.0225
117499.9771
117499.9133
117499.8059
117500.0554
117500.0506
117500.0382
117500.0225
117499.9808
117499.9188
117499.8091
117500.0575
117500.0521
117500.0376
117500.0252
117499.9978
117499.9448
117499.8771
117500.0564
117500.0541
117500.0379
117500.028
117500.0057
117499.9662
117499.9196
117499.9993
117499.9599
117499.9097
117499.8555
117499.7753
117499.6538
117499.4564
117499.9976
117499.969
117499.9422
117499.8759
117499.7657
117499.6097
117499.3772
117500.0049
117499.9792
117499.9496
117499.9075
117499.8326
117499.6501
117499.3931
117500.0283
117500.0112
117500.0068
117499.9681
117499.9296
117499.7449
117499.4712
117500.0308
117500.0134
117500.0003
117499.9589
117499.9373
117499.8023
117499.5824
117500.0436
117500.0292
117500.014
117499.9461
117499.9335
117499.8406
117499.6948
117500.0479
117500.0356
117500.017
117499.9506
117499.9439
117499.8634
117499.7236
117500.0558
117500.0431
117500.0253
117499.9805
117499.9691
117499.9579
117499.8278
117500.0507
117500.0422
117500.0328
117500.0037
117499.9349
117499.9395
117499.894
117500.052
117500.0386
117500.0323
117500.0126
117499.9647
117499.9228
117499.9097
117500.0596
117500.0594
117500.0481
117500.0337
117499.9861
117499.9545
117499.9033
117500.0696
117500.0659
117500.0647
117500.0429
117500.0044
117499.9765
117499.8658
117500.0741
117500.0736
117500.0634
117500.059
117500.0231
117500.0078
117499.9049
117500.0765
117500.0724
117500.0651
117500.0591
117500.0383
117500.0298
117499.9619
117500.0772
117500.0752
117500.0655
117500.067
117500.0554
117500.0496
117500.0136
117500.0286
117500.0016
117499.9925
117499.9463
117499.9112
117499.7791
117499.6319
117500.022
117499.9979
117499.9942
117499.9531
117499.9091
117499.7543
117499.5992
117500.033
117500.0198
117500.01
117499.97
117499.9464
117499.7972
117499.6147
117500.0555
117500.0526
117500.0515
117499.9996
117499.9788
117499.8567
117499.6781
117500.057
117500.0515
117500.04
117500.0009
117500.0087
117499.915
117499.7691
117500.0701
117500.0609
117500.0497
117499.9912
117499.9996
117499.9295
117499.8783
117500.0736
117500.0666
117500.0558
117499.9881
117500.001
117499.9402
117499.957
117500.0807
117500.0716
117500.0704
117500.0231
117500.0314
117499.9924
117499.9641
117500.068
117500.0668
117500.0604
117500.0708
117499.9871
117500.019
117500.018
117500.0673
117500.0566
117500.0491
117500.0546
117500.0168
117499.9889
117499.9957
117500.0718
117500.0802
117500.0647
117500.0803
117500.0493
117500.059
117500.0406
117500.0803
117500.0914
117500.0817
117500.09
117500.0771
117500.1089
117500.0661
117500.0882
117500.0929
117500.091
117500.1058
117500.0968
117500.1446
117500.1232
117500.0916
117500.0958
117500.0923
117500.1079
117500.1032
117500.1538
117500.1394
117500.0925
117500.0974
117500.0942
117500.1174
117500.1166
117500.1703
117500.1676
117500.0788
117500.0683
117500.042
117500.0668
117500.0827
117500.1005
117499.9831
117500.0751
117500.0644
117500.0618
117500.0948
117500.0784
117500.097
117499.9898
117500.0782
117500.079
117500.0733
117500.0805
117500.072
117500.1124
117499.9721
117500.0972
117500.1152
117500.1089
117500.0729
117500.0523
117500.0966
117500.0036
117500.0953
117500.1065
117500.0952
117500.0723
117500.0483
117500.1028
117500.0466
117500.107
117500.107
117500.108
117500.0613
117500.0686
117500.1018
117500.1216
117500.1063
117500.1021
117500.1054
117500.0603
117500.045
117500.0901
117500.2262
117500.1138
117500.1009
117500.1407
117500.0959
117500.1325
117500.0705
117500.2217
117500.0985
117500.1011
117500.1021
117500.1758
117500.1109
117500.1247
117500.1938
117500.0975
117500.077
117500.0957
117500.1079
117500.1193
117500.056
117500.091
117500.0991
117500.0979
117500.0972
117500.1287
117500.1213
117500.1165
117500.1719
117500.1093
117500.1195
117500.1186
117500.1383
117500.1567
117500.1973
117500.2496
117500.1162
117500.127
117500.13
117500.1556
117500.1778
117500.2535
117500.3106
117500.1203
117500.1301
117500.1295
117500.1593
117500.1771
117500.2594
117500.3093
117500.121
117500.1291
117500.1351
117500.1643
117500.1818
117500.2655
117500.3083
117500.1186
117500.1188
117500.0808
117500.1666
117500.259
117500.3914
117500.4029
117500.1175
117500.1145
117500.1201
117500.171
117500.2355
117500.3378
117500.3604
117500.1197
117500.1248
117500.1279
117500.1527
117500.2061
117500.3232
117500.3527
117500.1218
117500.1369
117500.1423
117500.119
117500.146
117500.2572
117500.2957
117500.131
117500.1527
117500.1405
117500.1417
117500.0929
117500.2342
117500.2858
117500.1337
117500.1402
117500.1508
117500.1286
117500.1144
117500.2227
117500.2936
117500.1364
117500.1414
117500.1388
117500.1477
117500.0638
117500.2139
117500.3436
117500.139
117500.1287
117500.1819
117500.1803
117500.1626
117500.1787
117500.3556
117500.1303
117500.1413
117500.1421
117500.2803
117500.2557
117500.2242
117500.327
117500.1253
117500.1161
117500.1367
117500.1733
117500.218
117500.1711
117500.1045
117500.1196
117500.1198
117500.127
117500.1651
117500.1787
117500.1454
117500.1206
117500.1209
117500.1269
117500.1354
117500.1628
117500.1886
117500.2336
117500.2214
117500.1197
117500.135
117500.1359
117500.1682
117500.1936
117500.2759
117500.318
117500.1193
117500.1309
117500.1333
117500.1658
117500.185
117500.2682
117500.3037
117500.117
117500.1272
117500.1357
117500.161
117500.1785
117500.2563
117500.2996
117500.1408
117500.1495
117500.1184
117500.1852
117500.3303
117500.4582
117500.6113
117500.1419
117500.1432
117500.1472
117500.1838
117500.2685
117500.3864
117500.5258
117500.1398
117500.141
117500.1372
117500.1307
117500.2196
117500.3353
117500.5058
117500.13
117500.1281
117500.1214
117500.1055
117500.1724
117500.2589
117500.4389
117500.1406
117500.1541
117500.1426
117500.1397
117500.1331
117500.215
117500.3984
117500.1393
117500.1449
117500.1564
117500.1371
117500.1308
117500.2084
117500.3771
117500.1462
117500.1543
117500.1447
117500.1791
117500.0974
117500.1851
117500.393
117500.1429
117500.1325
117500.1728
117500.1827
117500.1493
117500.1473
117500.3375
117500.1473
117500.151
117500.1631
117500.2809
117500.3266
117500.2651
117500.302
117500.1454
117500.1426
117500.157
117500.1922
117500.244
117500.2537
117500.1217
117500.142
117500.1386
117500.1472
117500.164
117500.1965
117500.1139
117500.0213
117500.1437
117500.1465
117500.1525
117500.177
117500.1999
117500.2204
117500.1417
117500.1388
117500.1445
117500.1448
117500.1699
117500.1865
117500.2478
117500.2364
117500.1393
117500.148
117500.1468
117500.1673
117500.1791
117500.242
117500.2491
117500.1352
117500.1429
117500.1441
117500.1563
117500.1527
117500.2149
117500.2134
117500.1389
117500.151
117500.1389
117500.1715
117500.2524
117500.358
117500.4509
117500.1394
117500.1491
117500.1472
117500.1599
117500.199
117500.2952
117500.4006
117500.1332
117500.1305
117500.1202
117500.0825
117500.1566
117500.2493
117500.3666
117500.1226
117500.1155
117500.0817
117500.0741
117500.1276
117500.2099
117500.3325
117500.1334
117500.1425
117500.1236
117500.1328
117500.1341
117500.1728
117500.3113
117500.1311
117500.1438
117500.1394
117500.1381
117500.1224
117500.1509
117500.2865
117500.1477
117500.1539
117500.1499
117500.1848
117500.1416
117500.1272
117500.2906
117500.1373
117500.1377
117500.139
117500.2032
117500.1265
117500.0692
117500.1971
117500.1501
117500.1452
117500.1732
117500.2003
117500.3244
117500.1796
117500.1495
117500.1442
117500.1487
117500.1558
117500.1824
117500.2282
117500.2073
117500.1172
117500.1313
117500.128
117500.1344
117500.1354
117500.171
117500.0715
117499.9098
117500.1186
117500.1172
117500.1212
117500.1387
117500.15
117500.1588
117500.0256
117500.0978
117500.094
117500.1004
117500.106
117500.1097
117500.1514
117500.0872
117500.0974
117500.1001
117500.1085
117500.1095
117500.1074
117500.144
117500.1126
117500.0901
117500.0929
117500.0987
117500.0826
117500.0532
117500.07
117500.062
117500.1285
117500.1379
117500.1381
117500.1474
117500.1621
117500.1804
117500.2355
117500.1258
117500.1356
117500.1384
117500.1242
117500.123
117500.1682
117500.2024
117500.1126
117500.1087
117500.0979
117500.0532
117500.1156
117500.1427
117500.1747
117500.1043
117500.0955
117500.0586
117500.0767
117500.1045
117500.1458
117500.1703
117500.1055
117500.105
117500.1036
117500.1246
117500.1287
117500.1234
117500.1461
117500.1033
117500.1204
117500.1124
117500.1347
117500.0983
117500.0946
117500.1121
117500.1161
117500.1155
117500.1238
117500.1467
117500.1314
117500.0726
117500.1116
117500.1108
117500.1215
117500.1104
117500.2021
117500.111
117500.0898
117500.0035
117500.1204
117500.1179
117500.1463
117500.1393
117500.2841
117500.1258
117499.9947
117500.1246
117500.1272
117500.1333
117500.1649
117500.2178
117500.1935
117500.0559
117500.1219
117500.1185
117500.1209
117500.1222
117500.1658
117500.0801
117499.8353
117500.118
117500.1136
117500.0997
117500.1107
117500.1379
117500.1488
117499.9129
117500.1055
117500.0963
117500.0756
117500.081
117500.1172
117500.1716
117500.0467
117500.1155
117500.1143
117500.0779
117500.08
117500.1209
117500.1766
117500.1221
117500.1133
117500.1058
117500.0693
117500.0628
117500.0652
117500.0883
117500.132
117500.0811
117500.0869
117500.0895
117500.0902
117500.078
117500.0497
117500.056
117500.081
117500.0873
117500.0928
117500.0894
117500.0863
117500.0618
117500.0619
117500.08
117500.0811
117500.0939
117500.0938
117500.0916
117500.0669
117500.0431
117500.0843
117500.086
117500.1108
117500.1005
117500.091
117500.0998
117500.0751
117500.0858
117500.0879
117500.1134
117500.1115
117500.1353
117500.1043
117500.0736
117500.0817
117500.0924
117500.0987
117500.1147
117500.1199
117500.0862
117500.0664
117500.0893
117500.09
117500.1072
117500.118
117500.1607
117500.0967
117500.0493
117500.084
117500.0931
117500.1049
117500.1388
117500.1977
117500.1612
117500.0502
117500.092
117500.0943
117500.1299
117500.1263
117500.2528
117500.2119
117500.0838
117500.0841
117500.1011
117500.1289
117500.1627
117500.218
117500.2653
117500.0737
117500.0653
117500.0744
117500.0965
117500.1157
117500.1227
117500.1393
117499.783
117500.0362
117500.0373
117500.0487
117500.0854
117500.0625
117500.0961
117499.7305
117500.0148
117500.0052
117500.0396
117500.0487
117500.0552
117500.0537
117499.8421
117500.0153
117500.0218
117500.0608
117500.0572
117500.0771
117500.0977
117499.9638
117500.0081
117500.0249
117500.0354
117500.0216
117500.0688
117500.0722
117500.0293
117500.0275
117500.0287
117500.0263
117500.0282
117500.0275
117500.0213
117500.0172
117500.033
117500.0335
117500.0374
117500.039
117500.0447
117500.0323
117500.0174
117500.0318
117500.0338
117500.0373
117500.0441
117500.0339
117500.0217
117500.0114
117500.0337
117500.0321
117500.0521
117500.0379
117500.029
117500.0151
117500.0096
117500.0293
117500.0356
117500.0358
117500.0176
117500.0311
117499.9954
117500.0006
117500.0252
117500.0259
117500.0136
117500.0104
117500.0271
117499.9651
117499.9734
117500.0249
117500.0187
117500.012
117500.0136
117500.0358
117499.9466
117499.9472
117500.0303
117500.0342
117500.0321
117500.043
117500.0803
117499.9584
117499.9487
117500.0333
117500.0341
117500.0402
117500.0299
117500.0731
117500.0023
117499.9168
117500.04
117500.0455
117500.0473
117500.0505
117500.0471
117500.0808
117499.9331
117500.0396
117500.0436
117500.0377
117500.036
117500.0081
117500.0342
117499.8584
117500.0456
117500.0448
117500.0384
117500.0251
117499.9919
117499.957
117499.8602
117500.0522
117500.0559
117500.0296
117499.987
117499.9499
117499.935
117499.8793
117500.0803
117500.0727
117500.0371
117499.9866
117499.971
117499.9315
117499.9398
117500.0956
117500.0735
117500.0416
117500
117499.9963
117499.9692
117499.9648
117500.5549
117500.3934
117500.3798
117500.5208
117500.7737
117500.6786
117501.5042
117500.5341
117500.3539
117500.3764
117500.6176
117500.8522
117500.6899
117500.9272
117500.474
117500.2893
117500.3454
117500.6098
117500.8233
117500.5573
117500.4435
117500.3908
117500.2275
117500.2568
117500.5192
117500.7267
117500.3516
117500.0284
117500.3034
117500.1898
117500.1553
117500.3456
117500.5291
117500.1097
117499.6905
117500.2417
117500.1686
117500.1233
117500.1886
117500.315
117499.9003
117499.4556
117500.2129
117500.1738
117500.1135
117500.1552
117500.1379
117499.7517
117499.3395
117500.1828
117500.1759
117500.105
117500.1642
117500.0205
117499.6953
117499.3531
117500.1564
117500.1689
117500.0993
117500.1628
117499.9759
117499.7074
117499.361
117500.142
117500.1467
117500.0988
117500.1278
117500.0064
117499.641
117499.4164
117500.1271
117500.1251
117500.0951
117500.1028
117500.0515
117499.7227
117499.7858
117500.117
117500.1103
117500.1088
117500.0952
117500.1042
117499.7931
117499.9281
117500.102
117500.093
117500.1078
117500.0685
117500.1406
117499.8154
117500.0347
117500.1054
117500.1015
117500.1321
117500.0699
117500.1771
117499.8376
117500.1494
117500.1039
117500.1
117500.136
117500.0515
117500.2123
117499.7607
117500.5138
117499.8894
117499.806
117499.7014
117500.0623
117499.5837
117500.2282
117498.4699
117499.8816
117499.7847
117499.7486
117500.1039
117499.641
117500.2524
117498.1945
117499.8863
117499.7856
117499.811
117500.1329
117499.6898
117500.2928
117498.0249
117499.9126
117499.7966
117499.8306
117500.1181
117499.7397
117500.3298
117498.132
117499.9705
117499.858
117499.8246
117500.0814
117499.7451
117500.3403
117498.2545
117500.03
117499.9504
117499.8246
117500.0406
117499.7349
117500.3151
117498.4467
117500.0663
117500.0439
117499.8548
117500.0265
117499.7073
117500.3019
117498.6038
117500.0848
117500.1052
117499.9477
117500.0908
117499.6819
117500.3069
117498.7933
117500.0918
117500.1212
117499.9768
117500.135
117499.6585
117500.344
117499.0368
117500.0965
117500.1189
117500.0085
117500.139
117499.7285
117500.4303
117499.1151
117500.0965
117500.1124
117500.0264
117500.1242
117499.7813
117500.3041
117499.0289
117500.0894
117500.1062
117500.0345
117500.1224
117499.8185
117500.1714
117499.0055
117500.0815
117500.1014
117500.0366
117500.1409
117499.8629
117500.2162
117499.0743
117500.0858
117500.1092
117500.0552
117500.166
117499.8942
117500.2751
117499.2418
117500.0828
117500.1132
117500.0528
117500.1623
117499.867
117500.2647
117499.2639
117500.0616
117499.9461
117499.9989
117500.0984
117500.067
117500.2888
117499.8042
117500.0867
117499.9798
117500.0329
117500.1426
117500.1201
117500.3528
117499.7341
117500.1042
117500.0234
117500.0785
117500.1769
117500.1728
117500.3565
117499.7284
117500.1176
117500.0517
117500.0955
117500.163
117500.1653
117500.3066
117499.7133
117500.1235
117500.0749
117500.0911
117500.1292
117500.1278
117500.2267
117499.7145
117500.1282
117500.0901
117500.0954
117500.0934
117500.0976
117500.1542
117499.7213
117500.1287
117500.0943
117500.0871
117500.0749
117500.0621
117500.1065
117499.6988
117500.1346
117500.1161
117500.0972
117500.0874
117500.0739
117500.1241
117499.7205
117500.1335
117500.129
117500.0963
117500.0891
117500.0231
117500.0992
117499.7707
117500.1365
117500.1346
117500.1036
117500.1174
117500.0369
117500.1122
117499.8862
117500.1276
117500.1274
117500.1094
117500.126
117500.0613
117500.0652
117499.7957
117500.1218
117500.1148
117500.1179
117500.1021
117500.0772
117499.9962
117499.7462
117500.1088
117500.1054
117500.1084
117500.1
117500.0581
117499.9717
117499.6888
117500.1129
117500.1099
117500.1204
117500.1072
117500.106
117500.0387
117499.8399
117500.1086
117500.108
117500.1167
117500.1039
117500.0696
117500.0551
117499.883
117499.9537
117499.9246
117499.8854
117500.036
117499.9124
117500.3245
117500.1673
117499.961
117499.9356
117499.9048
117500.0554
117499.9682
117500.4226
117500.3608
117499.9674
117499.9439
117499.9339
117500.0898
117500.0206
117500.5335
117500.4303
117499.9746
117499.9478
117499.946
117500.0875
117500.0258
117500.5479
117500.3314
117499.9876
117499.9607
117499.941
117500.0673
117499.9941
117500.4717
117500.1398
117500.0145
117500.0024
117499.9563
117500.0784
117499.9906
117500.394
117499.9199
117500.035
117500.0343
117499.9658
117500.0789
117499.9818
117500.3398
117499.7904
117500.0616
117500.0736
117500.0008
117500.1228
117499.9997
117500.3732
117499.7513
117500.0798
117500.0998
117500.0181
117500.1414
117499.9357
117500.3202
117499.6829
117500.0899
117500.1157
117500.0412
117500.162
117499.9655
117500.2845
117499.7929
117500.0904
117500.1129
117500.056
117500.152
117500.0055
117500.2028
117499.7509
117500.0875
117500.1037
117500.0579
117500.1171
117499.9833
117500.0835
117499.6603
117500.0819
117500.1004
117500.0541
117500.1242
117499.9848
117500.104
117499.6655
117500.0848
117500.1044
117500.0621
117500.1258
117500.0077
117500.1104
117499.7963
117500.0814
117500.1046
117500.0531
117500.1298
117500.0042
117500.1439
117499.9065
117500.0975
117500.0926
117500.0788
117500.0952
117500.0708
117500.2004
117500.1836
117500.0946
117500.0881
117500.0753
117500.1025
117500.0901
117500.2546
117500.2836
117500.0874
117500.0766
117500.0701
117500.1025
117500.1087
117500.2831
117500.3465
117500.0809
117500.0667
117500.056
117500.0856
117500.0966
117500.2736
117500.3515
117500.08
117500.0487
117500.0478
117500.0554
117500.0733
117500.2221
117500.3101
117500.0885
117500.0543
117500.0681
117500.0657
117500.0933
117500.1989
117500.2753
117500.095
117500.0636
117500.0767
117500.0766
117500.0912
117500.2091
117500.1961
117500.1113
117500.0925
117500.0994
117500.1091
117500.1263
117500.2287
117500.2417
117500.117
117500.1112
117500.1113
117500.1273
117500.1203
117500.1713
117500.2487
117500.1254
117500.1358
117500.1274
117500.1842
117500.1569
117500.2295
117500.281
117500.1255
117500.136
117500.1357
117500.1875
117500.1913
117500.266
117500.2824
117500.1219
117500.1281
117500.1268
117500.1503
117500.1336
117500.1479
117500.1381
117500.1162
117500.1219
117500.1232
117500.1471
117500.1433
117500.1727
117500.108
117500.1172
117500.1238
117500.1225
117500.1455
117500.1292
117500.1397
117500.1023
117500.1112
117500.1154
117500.1172
117500.1459
117500.124
117500.1621
117500.1275
117500.0197
117500.0407
117499.9994
117500.0386
117499.9993
117500.0919
117500.1066
117500.0171
117500.032
117499.9955
117500.0394
117500.003
117500.1213
117500.1409
117500.0122
117500.0158
117499.9897
117500.0343
117500.0099
117500.1374
117500.1409
117500.009
117500.0038
117499.9803
117500.0188
117499.9948
117500.1187
117500.0952
117500.0143
117500.0035
117499.9779
117500.0019
117499.9702
117500.0825
117500.024
117500.0264
117500.0123
117499.9967
117500.0154
117499.9858
117500.0562
117499.964
117500.0381
117500.025
117500.0043
117500.0293
117499.9835
117500.0508
117499.8915
117500.0591
117500.0525
117500.0368
117500.0593
117500.0183
117500.0123
117499.9031
117500.0669
117500.0688
117500.0521
117500.0843
117500.0249
117500.0264
117499.8309
117500.0817
117500.0971
117500.0884
117500.1555
117500.1404
117500.1653
117500.1153
117500.0872
117500.1031
117500.098
117500.1596
117500.1724
117500.2158
117500.1828
117500.0881
117500.1013
117500.0954
117500.1344
117500.1206
117500.1774
117500.144
117500.087
117500.1001
117500.095
117500.1357
117500.1297
117500.2107
117500.1609
117500.0845
117500.098
117500.0854
117500.1373
117500.1146
117500.1923
117500.1512
117500.0794
117500.0884
117500.0889
117500.15
117500.1004
117500.1898
117500.1392
117500.0653
117500.0782
117500.0477
117500.0284
117500.0118
117499.9724
117499.9782
117500.0693
117500.077
117500.0448
117500.0237
117499.9978
117499.9608
117499.9255
117500.0708
117500.0645
117500.0412
117500.0163
117499.9902
117499.9396
117499.8605
117500.0651
117500.0523
117500.0297
117500.0002
117499.9725
117499.9239
117499.8119
117500.0667
117500.0548
117500.0296
117499.999
117499.9733
117499.9087
117499.7784
117500.0683
117500.0511
117500.0425
117500.0095
117499.9816
117499.9093
117499.7779
117500.0711
117500.0553
117500.0496
117500.0229
117499.9857
117499.8979
117499.7314
117500.0796
117500.0664
117500.0727
117500.0463
117500.0189
117499.8824
117499.677
117500.0793
117500.0735
117500.0821
117500.0624
117500.0548
117499.9786
117499.8233
117500.0953
117500.0994
117500.1142
117500.1274
117500.1805
117500.0862
117500.0664
117500.0947
117500.0989
117500.1067
117500.1207
117500.1498
117500.1278
117500.1422
117500.0969
117500.0991
117500.1086
117500.1142
117500.129
117500.1172
117500.1393
117500.0916
117500.0932
117500.1016
117500.116
117500.1302
117500.1606
117500.1571
117500.0873
117500.0861
117500.0977
117500.11
117500.1197
117500.1527
117500.1607
117500.0859
117500.0922
117500.0965
117500.1249
117500.1171
117500.143
117500.1345
117499.9916
117499.9864
117499.9713
117499.949
117499.9268
117499.8471
117499.7899
117500.0016
117499.995
117499.975
117499.9476
117499.9047
117499.8082
117499.6842
117500.016
117500.0028
117499.9884
117499.9534
117499.9022
117499.7767
117499.5907
117500.0192
117500.0044
117499.9893
117499.9497
117499.8916
117499.7556
117499.515
117500.0309
117500.0224
117500.0051
117499.9665
117499.9151
117499.7359
117499.4823
117500.0279
117500.0155
117499.9973
117499.9617
117499.8979
117499.7478
117499.4827
117500.0335
117500.023
117500.008
117499.978
117499.915
117499.7767
117499.5582
117500.0379
117500.029
117500.0218
117499.9944
117499.9425
117499.8413
117499.587
117500.0381
117500.0353
117500.0244
117500.0007
117499.9662
117499.9299
117499.781
117500.0503
117500.0525
117500.0459
117500.0329
117500.0368
117499.9726
117499.8377
117500.0505
117500.0502
117500.0392
117500.0245
117499.9787
117499.9364
117499.8957
117500.0559
117500.0573
117500.0483
117500.0447
117499.9997
117499.9805
117499.9015
117500.0521
117500.0524
117500.0456
117500.0431
117500.0161
117500.0023
117499.9509
117500.0549
117500.0553
117500.051
117500.0538
117500.0291
117500.0198
117499.9825
117500.0533
117500.0616
117500.0486
117500.0568
117500.0412
117500.0351
117499.9936
117500.0177
117500.0069
117499.9905
117499.9664
117499.9407
117499.8876
117499.8201
117500.0305
117500.0192
117499.997
117499.9666
117499.9261
117499.8555
117499.7527
117500.0476
117500.0349
117500.0141
117499.9763
117499.9277
117499.8318
117499.6913
117500.0533
117500.0404
117500.023
117499.977
117499.9199
117499.802
117499.6243
117500.0627
117500.0547
117500.0436
117499.999
117499.9378
117499.7758
117499.5805
117500.0549
117500.0431
117500.029
117499.9864
117499.9146
117499.7355
117499.4684
117500.0536
117500.0444
117500.0301
117499.9918
117499.8993
117499.7413
117499.4838
117500.0516
117500.0399
117500.034
117499.9827
117499.9199
117499.7658
117499.6191
117500.0485
117500.0428
117500.0247
117499.9841
117499.9129
117499.8999
117499.7448
117500.0525
117500.0413
117500.0262
117499.9671
117499.9216
117499.8409
117499.798
117500.0498
117500.0384
117500.0172
117499.9666
117499.8621
117499.8235
117499.759
117500.0518
117500.0458
117500.0256
117499.9924
117499.8984
117499.8308
117499.7695
117500.0483
117500.0376
117500.025
117499.9909
117499.942
117499.8638
117499.8004
117500.0528
117500.0475
117500.0355
117500.0092
117499.9708
117499.9023
117499.8236
117500.0509
117500.0414
117500.0387
117500.0142
117499.9981
117499.9449
117499.9033
117499.9906
117499.9908
117499.9781
117499.9766
117499.9633
117499.9669
117499.9369
117500.0043
117500.0048
117499.9882
117499.9841
117499.9638
117499.9602
117499.9236
117500.0247
117500.0236
117500.0107
117500.0039
117499.9787
117499.9723
117499.926
117500.0358
117500.0309
117500.0198
117500.0129
117499.9856
117499.9762
117499.9202
117500.0472
117500.0453
117500.0403
117500.0327
117500.0088
117499.9787
117499.9101
117500.0435
117500.0404
117500.0348
117500.0199
117499.9822
117499.919
117499.8499
117500.0433
117500.0396
117500.0347
117500.0139
117499.9704
117499.893
117499.6981
117500.0396
117500.0339
117500.0259
117500.0002
117499.9255
117499.8201
117499.7025
117500.0353
117500.0295
117500.0075
117499.9768
117499.8771
117499.8449
117499.7655
117500.038
117500.026
117500.0064
117499.947
117499.8483
117499.8177
117499.7314
117500.0357
117500.0232
117499.9907
117499.9353
117499.7805
117499.7393
117499.6637
117500.0392
117500.0319
117499.9986
117499.9635
117499.8201
117499.7481
117499.6639
117500.0359
117500.0241
117500.0066
117499.9607
117499.9059
117499.78
117499.7712
117500.0435
117500.0351
117500.0278
117499.9936
117499.9643
117499.8955
117499.8543
117500.0428
117500.0284
117500.0236
117499.9836
117499.9691
117499.9165
117499.8721
117500.0198
117500.0246
117500.0088
117500.0185
117500.0084
117500.057
117500.0579
117500.033
117500.039
117500.0229
117500.032
117500.0265
117500.069
117500.0891
117500.0515
117500.0611
117500.0442
117500.0568
117500.0489
117500.094
117500.1117
117500.064
117500.0641
117500.0644
117500.0772
117500.0708
117500.1261
117500.1487
117500.0752
117500.0788
117500.0776
117500.1022
117500.1101
117500.1797
117500.2122
117500.076
117500.0785
117500.0861
117500.1004
117500.114
117500.1563
117500.1849
117500.0746
117500.0792
117500.0782
117500.096
117500.0969
117500.1621
117500.1261
117500.0732
117500.0714
117500.0811
117500.0805
117500.0937
117500.0632
117500.0396
117500.0693
117500.0701
117500.062
117500.0704
117500.0066
117500.0081
117499.9748
117500.069
117500.0618
117500.0601
117500.0349
117499.9763
117499.9554
117499.9135
117500.0666
117500.0592
117500.0414
117500.0187
117499.8883
117499.8693
117499.8309
117500.0653
117500.0548
117500.0316
117499.9923
117499.8887
117499.7795
117499.8
117500.0615
117500.0495
117500.0395
117499.9906
117499.9511
117499.7891
117499.8717
117500.0652
117500.0509
117500.0523
117499.9977
117499.9931
117499.8734
117499.8303
117500.0652
117500.0442
117500.0379
117499.9878
117499.9967
117499.9724
117499.9586
117500.0109
117500.0166
117500.0048
117500.0218
117500.0092
117500.0613
117500.0697
117500.0236
117500.0305
117500.0208
117500.0363
117500.0302
117500.0815
117500.1016
117500.044
117500.0622
117500.0454
117500.0699
117500.0596
117500.1114
117500.1414
117500.0545
117500.069
117500.0664
117500.0878
117500.0878
117500.1466
117500.1782
117500.0703
117500.08
117500.0898
117500.126
117500.1474
117500.2265
117500.2853
117500.0722
117500.0824
117500.0955
117500.1284
117500.1643
117500.2728
117500.2609
117500.0755
117500.0833
117500.0999
117500.1297
117500.2028
117500.2682
117500.4068
117500.0762
117500.0848
117500.1024
117500.1419
117500.2072
117500.2764
117500.2121
117500.0801
117500.0861
117500.1077
117500.1417
117500.1908
117500.1702
117500.1928
117500.0821
117500.0868
117500.1063
117500.1325
117500.1621
117500.119
117500.0734
117500.0832
117500.0813
117500.0918
117500.095
117500.0751
117500.0047
117500.0052
117500.0871
117500.0825
117500.0814
117500.0499
117500.0387
117499.8441
117499.8283
117500.0799
117500.0697
117500.0773
117500.0195
117500.0255
117499.7709
117499.8276
117500.0869
117500.0725
117500.0783
117500.0277
117500.0411
117499.9364
117499.8272
117500.0691
117500.0477
117500.0304
117499.9921
117500.0001
117499.9827
117499.9428
117500.0335
117500.0289
117500.0163
117500.0184
117499.9889
117499.9953
117499.9864
117500.0462
117500.0443
117500.0348
117500.0356
117500.0041
117499.9994
117500.0062
117500.0691
117500.078
117500.0644
117500.0668
117500.0317
117500.0252
117500.0335
117500.0752
117500.0934
117500.0827
117500.089
117500.0651
117500.065
117500.1056
117500.0898
117500.1023
117500.1125
117500.1266
117500.121
117500.127
117500.1597
117500.0889
117500.0996
117500.1103
117500.1396
117500.1544
117500.1999
117500.2257
117500.0924
117500.103
117500.1136
117500.1523
117500.1911
117500.2616
117500.1667
117500.0942
117500.1026
117500.1227
117500.1715
117500.233
117500.3096
117500.2763
117500.1029
117500.1118
117500.1419
117500.1887
117500.2918
117500.2737
117500.1964
117500.1073
117500.1131
117500.146
117500.1842
117500.2548
117500.232
117500.1462
117500.1126
117500.1144
117500.1451
117500.1516
117500.1901
117500.1345
117500.0428
117500.1198
117500.115
117500.151
117500.1037
117500.209
117500.0354
117499.8781
117500.1137
117500.1113
117500.1207
117500.0962
117500.0874
117499.9156
117499.7206
117500.1103
117500.0947
117500.1005
117500.0785
117500.0816
117500.0851
117499.9273
117500.0833
117500.0702
117500.041
117500.047
117500.0306
117500.0412
117499.9687
117500.0158
117500.0078
117499.9931
117499.9722
117499.9339
117499.8976
117499.8753
117500.0291
117500.0228
117500.013
117499.9924
117499.9588
117499.8939
117499.9221
117500.0495
117500.0527
117500.0445
117500.0248
117499.9889
117499.9306
117499.9463
117500.0551
117500.071
117500.0585
117500.0448
117500.0101
117499.9473
117500.0074
117500.0621
117500.0807
117500.082
117500.0773
117500.0396
117499.975
117500.0545
117500.0591
117500.0727
117500.073
117500.0952
117500.0584
117499.9917
117500.0473
117500.0617
117500.0728
117500.0734
117500.0987
117500.0904
117500.0627
117500.0038
117500.0663
117500.0766
117500.0833
117500.124
117500.1371
117500.0911
117500.0412
117500.0833
117500.098
117500.1133
117500.1712
117500.18
117500.1578
117500.0399
117500.0974
117500.1083
117500.1326
117500.1664
117500.1816
117500.1111
117500.074
117500.1201
117500.1316
117500.1735
117500.2055
117500.2367
117500.2321
117500.0623
117500.1347
117500.1406
117500.197
117500.187
117500.2555
117500.3004
117499.9967
117500.1301
117500.1383
117500.1514
117500.1822
117500.1548
117500.2515
117499.9552
117500.1184
117500.1126
117500.1241
117500.1553
117500.1382
117500.241
117500.0611
117500.0995
117500.0978
117500.0789
117500.1212
117500.0939
117500.1413
117500.0571
117500.0355
117500.022
117500.0089
117499.9677
117499.902
117499.848
117499.8742
117500.0465
117500.032
117500.0178
117499.9698
117499.9218
117499.8172
117499.8992
117500.0658
117500.0581
117500.0439
117499.9932
117499.9449
117499.8543
117499.9185
117500.0682
117500.0693
117500.0459
117499.9905
117499.9263
117499.8037
117499.922
117500.0699
117500.0779
117500.0549
117499.9818
117499.8869
117499.7264
117499.8869
117500.0608
117500.0624
117500.0391
117499.97
117499.8295
117499.6522
117499.7865
117500.0597
117500.0569
117500.0317
117499.9791
117499.8404
117499.6799
117499.7051
117500.0622
117500.0609
117500.0394
117500.0252
117499.9204
117499.7585
117499.5911
117500.0772
117500.0853
117500.0632
117500.0886
117499.9984
117499.7928
117499.738
117500.0936
117500.1094
117500.0901
117500.1767
117500.0828
117500.0009
117499.882
117500.1243
117500.1406
117500.1554
117500.2507
117500.2138
117500.3215
117500.0693
117500.1456
117500.1675
117500.1747
117500.2864
117500.2281
117500.5148
117500.1403
117500.1459
117500.1536
117500.1582
117500.2043
117500.2102
117500.3625
117500.211
117500.1325
117500.1298
117500.1253
117500.1853
117500.1568
117500.2415
117500.1625
117500.1221
117500.1152
117500.1142
117500.1312
117500.129
117500.1615
117500.1246
117499.992
117499.9828
117499.9531
117499.9021
117499.7942
117499.7374
117499.895
117500.0017
117499.9913
117499.9707
117499.912
117499.826
117499.7506
117499.8704
117500.0149
117500.0093
117499.9933
117499.9413
117499.8828
117499.8255
117499.9799
117500.0107
117500.0088
117499.9842
117499.9298
117499.8447
117499.7829
117499.9023
117500.0043
117500.0058
117499.9722
117499.8947
117499.7591
117499.6914
117499.8172
117499.9893
117499.9849
117499.9418
117499.8505
117499.6333
117499.5875
117499.671
117499.9817
117499.9697
117499.9112
117499.7963
117499.5639
117499.4803
117499.4951
117499.9895
117499.9799
117499.9172
117499.8319
117499.6353
117499.5005
117499.272
117500.0153
117500.0237
117499.9507
117499.9373
117499.7796
117499.62
117499.4494
117500.053
117500.0652
117500.0093
117500.0585
117499.9717
117499.9503
117499.7931
117500.0982
117500.12
117500.0761
117500.1851
117500.1361
117500.4289
117500.1709
117500.1223
117500.1258
117500.1143
117500.2089
117500.2459
117500.4202
117500.453
117500.1259
117500.1177
117500.128
117500.2187
117500.2258
117500.3179
117500.3873
117500.1363
117500.1283
117500.1581
117500.1986
117500.2313
117500.2468
117500.301
117500.1364
117500.1295
117500.1392
117500.1534
117500.1821
117500.1851
117500.2284
117500.0307
117500.0091
117499.9733
117499.8958
117499.7854
117499.7991
117500.0423
117500.0415
117500.0219
117499.9934
117499.9299
117499.8469
117499.8535
117500.0517
117500.0552
117500.0407
117500.0185
117499.9634
117499.9264
117499.9391
117500.1094
117500.0509
117500.0401
117500.0104
117499.9575
117499.9012
117499.9074
117499.985
117500.0459
117500.0341
117500.0006
117499.9191
117499.8374
117499.8707
117499.8622
117500.0307
117500.0169
117499.9751
117499.8794
117499.7653
117499.8251
117499.7435
117500.0214
117499.9916
117499.9501
117499.7867
117499.6967
117499.7021
117499.5692
117500.016
117499.9775
117499.9181
117499.7463
117499.6737
117499.6412
117499.3935
117500.0262
117499.9792
117499.8975
117499.8131
117499.7893
117499.7539
117499.6169
117500.0341
117499.973
117499.8659
117499.9279
117499.9149
117499.9998
117499.8855
117500.0705
117499.9949
117499.976
117500.0767
117500.116
117500.229
117500.3261
117500.1243
117500.0647
117500.1284
117500.2007
117500.226
117500.2349
117500.374
117500.1766
117500.1424
117500.2052
117500.2048
117500.2394
117500.1963
117500.2407
117500.1855
117500.1521
117500.1741
117500.1705
117500.2042
117500.1692
117500.2245
117500.1866
117500.1514
117500.1624
117500.1383
117500.1721
117500.1253
117500.1945
117499.9629
117499.9649
117499.9514
117499.9452
117499.9977
117500.0161
117500.1763
117499.9652
117499.9656
117499.957
117499.9492
117499.9647
117500.0399
117500.187
117499.9674
117499.9693
117499.9653
117499.9543
117499.9888
117500.041
117500.1881
117499.957
117499.9566
117499.9515
117499.934
117499.945
117499.9563
117500.0089
117499.9483
117499.9428
117499.9377
117499.9006
117499.9101
117499.9267
117499.9036
117499.9335
117499.9298
117499.9196
117499.8951
117499.9183
117499.9303
117499.8479
117499.9264
117499.915
117499.9079
117499.8323
117499.8825
117499.8428
117499.756
117499.9285
117499.9165
117499.8862
117499.7816
117499.8254
117499.7757
117499.6859
117499.9461
117499.934
117499.8842
117499.8161
117499.8762
117499.8171
117499.8627
117499.9849
117499.9708
117499.929
117499.8679
117499.9608
117499.9247
117500.0233
117500.0551
117500.0616
117499.9525
117500.0083
117500.1335
117500.0283
117500.2942
117500.1204
117500.0932
117500.0455
117500.1295
117500.1736
117500.1308
117500.105
117500.1665
117500.117
117500.1339
117500.2014
117500.2539
117500.1918
117500.2516
117500.1497
117500.1185
117500.1501
117500.1906
117500.2273
117500.2105
117500.2176
117500.1556
117500.132
117500.1346
117500.1592
117500.2038
117500.1986
117500.2602
117500.0635
117500.0681
117500.0642
117500.0542
117500.0745
117499.9786
117499.9516
117500.0548
117500.0571
117500.0478
117500.0466
117500.0443
117500.0336
117500.0314
117500.0526
117500.0546
117500.0491
117500.0404
117500.0438
117500.0294
117500.0172
117500.0493
117500.0514
117500.0488
117500.0456
117500.0431
117500.0273
117500.0014
117500.0509
117500.0533
117500.057
117500.0513
117500.0608
117500.0263
117499.9956
117500.0545
117500.0594
117500.0671
117500.0793
117500.0849
117500.0542
117500.0225
117500.0584
117500.0632
117500.0746
117500.094
117500.1091
117500.0364
117500.0221
117500.0679
117500.0661
117500.0889
117500.0698
117500.0728
117499.9856
117499.9645
117500.0719
117500.0791
117500.0592
117500.0475
117500.0037
117499.9345
117499.9135
117500.0952
117500.0643
117500.0558
117499.9893
117499.9683
117499.8771
117499.8792
117500.1068
117500.0673
117500.0329
117499.9962
117499.9629
117499.8843
117499.8416
117500.1142
117500.0621
117500.0255
117499.9762
117499.9656
117499.9278
117499.8777
117500.0829
117500.0263
117499.9802
117499.9562
117499.9574
117499.9428
117499.956
117500.0478
117500.0033
117499.9743
117499.9494
117499.94
117499.9358
117499.9267
117500.0493
117500.0125
117499.9848
117499.9663
117499.9674
117499.9608
117499.9821
117498.2939
117497.6959
117497.173
117497.0162
117496.9194
117496.8998
117496.928
117496.9714
117497.0529
117497.389
117497.5822
117497.6738
117497.9865
117498.4424
117498.6606
117497.8052
117498.0531
117497.7567
117497.6126
117497.4293
117497.3349
117497.2689
117497.2738
117497.2979
117497.4663
117497.6682
117497.8061
117498.0157
117498.3576
117498.389
117497.4005
117497.8259
117497.423
117497.2659
117497.0756
117496.9918
117496.9316
117496.9499
117496.9818
117497.1345
117497.2978
117497.4638
117497.686
117498.0007
117497.8793
117497.3069
117497.6791
117497.2948
117497.1129
117496.9067
117496.8094
117496.7317
117496.7411
117496.7651
117496.8944
117497.029
117497.2037
117497.3996
117497.693
117497.4087
117497.2184
117497.5098
117497.126
117496.9236
117496.7207
117496.6242
117496.5482
117496.5541
117496.5824
117496.699
117496.8191
117497.0073
117497.1995
117497.4951
117497.1226
117497.121
117497.3955
117497.0413
117496.8321
117496.6293
117496.5299
117496.4487
117496.4501
117496.4727
117496.5745
117496.6858
117496.8744
117497.0627
117497.3606
117496.975
117497.0175
117497.3022
117496.9673
117496.7552
117496.5557
117496.4549
117496.3748
117496.3743
117496.3971
117496.4947
117496.6094
117496.8045
117497.0048
117497.3135
117496.9808
117496.9631
117497.2664
117496.9494
117496.746
117496.5482
117496.4488
117496.3673
117496.3646
117496.3843
117496.4757
117496.5899
117496.7846
117496.9955
117497.3055
117497.0359
117497.0084
117497.285
117496.9689
117496.7683
117496.5736
117496.4749
117496.3947
117496.3916
117496.4136
117496.5048
117496.628
117496.8319
117497.0632
117497.3991
117497.2801
117497.195
117497.3896
117497.063
117496.8622
117496.6667
117496.568
117496.4876
117496.4839
117496.5054
117496.5906
117496.7149
117496.923
117497.1602
117497.5214
117497.3684
117497.3163
117497.5342
117497.1802
117496.9823
117496.7882
117496.6916
117496.6125
117496.6091
117496.6327
117496.7073
117496.8295
117497.0248
117497.2475
117497.5914
117497.3621
117497.3824
117497.6736
117497.3379
117497.1626
117496.9789
117496.8903
117496.8153
117496.8179
117496.8463
117496.909
117497.0293
117497.2092
117497.4291
117497.7349
117497.5274
117497.6328
117497.8549
117497.5352
117497.3659
117497.1988
117497.115
117497.0383
117497.0486
117497.084
117497.1248
117497.2451
117497.4135
117497.6445
117497.9377
117497.8345
117498.1205
117498.2364
117497.9031
117497.7042
117497.5193
117497.4296
117497.354
117497.4027
117497.457
117497.4635
117497.5709
117497.7287
117497.98
117498.2852
117498.3227
117498.3957
117498.2622
117497.7515
117497.4964
117497.2777
117497.1782
117497.0944
117497.2423
117497.3366
117497.2106
117497.3088
117497.512
117497.8686
117498.3116
117498.6172
117498.701
117498.8702
117499.3364
117499.5839
117499.7105
117499.8015
117499.8653
117499.9521
117500.0388
117500.138
117500.1855
117500.2969
117500.4732
117500.5243
117500.4121
117498.6704
117500.1717
117500.9826
117501.4614
117501.6233
117501.7579
117501.8023
117501.863
117501.9003
117501.9498
117501.9109
117501.7748
117501.4931
117501.107
117500.4109
117499.2178
117500.9874
117501.5188
117502.0199
117502.2235
117502.4149
117502.4634
117502.522
117502.5037
117502.5146
117502.4382
117502.3078
117501.9889
117501.5713
117500.5408
117499.5313
117501.4295
117502.0028
117502.7149
117502.9476
117503.1787
117503.2244
117503.2802
117503.2448
117503.2154
117503.0578
117502.8443
117502.3479
117501.847
117500.5075
117499.6908
117501.608
117502.22
117502.9505
117503.1908
117503.4437
117503.505
117503.5714
117503.5344
117503.4995
117503.3128
117503.0913
117502.5414
117502.0129
117500.5348
117499.8022
117501.7507
117502.4115
117503.1801
117503.4414
117503.7185
117503.7884
117503.8582
117503.8074
117503.7462
117503.5193
117503.2682
117502.643
117502.0801
117500.4619
117499.8843
117501.8109
117502.4784
117503.2398
117503.5112
117503.796
117503.8762
117503.9509
117503.9018
117503.8357
117503.5974
117503.3393
117502.6781
117502.105
117500.4062
117499.9835
117501.8617
117502.5344
117503.2868
117503.5694
117503.8582
117503.9428
117504.0159
117503.9613
117503.8851
117503.6348
117503.3664
117502.6856
117502.1053
117500.3798
117500.0799
117501.8859
117502.5294
117503.2576
117503.5358
117503.8144
117503.8998
117503.9697
117503.92
117503.844
117503.6063
117503.3401
117502.6694
117502.1151
117500.3651
117500.1803
117501.9094
117502.5161
117503.2104
117503.4804
117503.7427
117503.8248
117503.8891
117503.8424
117503.7672
117503.5431
117503.288
117502.6494
117502.1059
117500.4109
117500.2307
117501.8577
117502.4242
117503.052
117503.2965
117503.5273
117503.5972
117503.6508
117503.6124
117503.544
117503.3524
117503.1154
117502.5461
117502.0138
117500.4801
117500.3331
117501.7527
117502.2887
117502.8412
117503.0654
117503.2706
117503.3373
117503.3879
117503.3599
117503.2976
117503.1308
117502.9027
117502.4027
117501.8874
117500.5527
117500.4781
117501.4981
117501.9698
117502.3604
117502.521
117502.66
117502.6885
117502.7149
117502.7012
117502.6661
117502.573
117502.3919
117502.0305
117501.5668
117500.5523
117500.3945
117501.0828
117501.5525
117501.8613
117502.0021
117502.1143
117502.1327
117502.1572
117502.1503
117502.1245
117502.0636
117501.9051
117501.6088
117501.1408
117500.4737
117500.3537
117500.4678
117500.5624
117500.5757
117500.4892
117500.4762
117500.4102
117500.416
117500.4282
117500.463
117500.5489
117500.5281
117500.5407
117500.4422
117500.376
117499.9913
117500.1957
117500.4916
117500.5444
117500.4842
117500.2311
117500.0608
117500.0028
117499.992
117500.0718
117500.0785
117500.0236
117499.9928
117500.0503
117500.0526
117499.9552
117500.2125
117500.5106
117500.4977
117500.4019
117500.2127
117500.0962
117500.0392
117500.0248
117500.0742
117500.0528
117499.9838
117499.8406
117499.7115
117499.8582
117500.2933
117500.5179
117500.747
117500.6896
117500.5154
117500.3262
117500.166
117500.0816
117500.0129
117500.0401
117500.035
117500.029
117500.0194
117499.9288
117500.0344
117500.2326
117500.402
117500.6045
117500.5685
117500.4149
117500.3142
117500.2036
117500.1835
117500.1188
117500.1193
117500.0896
117500.0646
117500.0321
117499.9708
117500.113
117500.2232
117500.3427
117500.4599
117500.4216
117500.2951
117500.2542
117500.1754
117500.1398
117500.0825
117500.0918
117500.0646
117500.0708
117500.0556
117500.0301
117500.1817
117500.0736
117500.1675
117500.2742
117500.3086
117500.2399
117500.2489
117500.1767
117500.165
117500.1154
117500.1188
117500.0815
117500.089
117500.0616
117500.0651
117500.1975
117500.0053
117500.0899
117500.1563
117500.2156
117500.1754
117500.1873
117500.1343
117500.1313
117500.0938
117500.1028
117500.0714
117500.0915
117500.0629
117500.1028
117500.2001
117499.9719
117500.0289
117500.0737
117500.1825
117500.134
117500.1662
117500.1228
117500.1309
117500.0961
117500.1048
117500.07
117500.0925
117500.0612
117500.1089
117500.2055
117499.9825
117500.0232
117500.0257
117500.1365
117500.0897
117500.1277
117500.0948
117500.1072
117500.0815
117500.0926
117500.068
117500.0952
117500.0703
117500.1383
117500.2303
117500.081
117500.0662
117500.0323
117500.119
117500.081
117500.1198
117500.0946
117500.1099
117500.0889
117500.0984
117500.0782
117500.105
117500.0887
117500.148
117500.2487
117500.1338
117500.0691
117500.0425
117500.0993
117500.0669
117500.0973
117500.0778
117500.0893
117500.0755
117500.084
117500.0729
117500.0897
117500.0903
117500.1064
117500.2909
117500.1107
117500.0349
117500.0332
117500.0839
117500.0662
117500.1027
117500.0972
117500.1171
117500.1112
117500.1082
117500.0913
117500.0781
117500.0773
117500.0283
117500.2251
117500.0867
117499.9471
117500.0472
117500.0742
117500.0734
117500.0979
117500.0976
117500.1025
117500.1032
117500.1038
117500.0992
117500.0732
117500.0729
117499.9466
117500.1336
117499.9937
117499.7925
117499.9605
117500.0139
117500.0575
117500.1041
117500.1353
117500.1649
117500.1733
117500.1446
117500.0996
117500.0226
117499.9553
117499.79
117500.0129
117500.0678
117500.0717
117500.1873
117500.2471
117500.2554
117500.2774
117500.2882
117500.2563
117500.2722
117500.2852
117500.2795
117500.2161
117500.1323
117500.0492
117499.9845
117500.9318
117501.1723
117501.4568
117501.3368
117501.1241
117500.946
117500.6275
117500.4261
117500.3129
117500.2893
117500.2582
117500.0886
117500.0308
117499.9258
117500.0208
117501.1085
117501.5023
117501.6888
117501.5753
117501.4192
117501.214
117500.9005
117500.6704
117500.4896
117500.4147
117500.3348
117500.1836
117500.0415
117499.8837
117499.8856
117501.2082
117501.5089
117501.8714
117501.8208
117501.7841
117501.5504
117501.2732
117501.067
117500.8671
117500.7359
117500.6433
117500.4743
117500.3912
117500.1054
117500.1321
117501.0489
117501.4367
117501.7857
117501.8153
117501.8281
117501.6142
117501.3681
117501.155
117500.976
117500.8496
117500.7292
117500.5647
117500.4316
117500.1483
117500.1254
117500.9861
117501.3341
117501.7196
117501.8102
117501.8099
117501.6446
117501.4418
117501.2926
117501.1362
117501.0138
117500.8829
117500.7104
117500.5758
117500.2579
117500.1959
117500.9272
117501.1871
117501.5438
117501.6197
117501.6488
117501.5436
117501.4225
117501.3192
117501.1919
117501.0823
117500.9418
117500.7574
117500.5946
117500.2816
117500.1656
117500.761
117500.9782
117501.321
117501.4139
117501.47
117501.4428
117501.3788
117501.3131
117501.2136
117501.116
117500.9852
117500.8001
117500.6361
117500.3225
117500.2063
117500.5104
117500.7389
117501.1077
117501.2037
117501.3135
117501.3383
117501.3117
117501.2766
117501.1967
117501.1093
117500.9825
117500.7992
117500.637
117500.3365
117500.2288
117500.3575
117500.5562
117500.9162
117501.0337
117501.1709
117501.2226
117501.2258
117501.2108
117501.1511
117501.074
117500.9602
117500.7818
117500.6328
117500.345
117500.268
117500.2737
117500.4416
117500.767
117500.8991
117501.0322
117501.1
117501.1177
117501.1172
117501.072
117501.0057
117500.9074
117500.7451
117500.6182
117500.3399
117500.2998
117500.2698
117500.3694
117500.6534
117500.7711
117500.9034
117500.971
117500.9996
117501.004
117500.9722
117500.9162
117500.8344
117500.6783
117500.5738
117500.2852
117500.2617
117500.1315
117500.2248
117500.4788
117500.5961
117500.7087
117500.7754
117500.8092
117500.8225
117500.8057
117500.7568
117500.6883
117500.5496
117500.4605
117500.1887
117500.149
117500.0004
117500.1073
117500.3689
117500.4631
117500.5758
117500.6307
117500.6721
117500.6854
117500.6759
117500.637
117500.5803
117500.4584
117500.3829
117500.1099
117500.1154
117499.8745
117499.9578
117500.1136
117500.1998
117500.2736
117500.3229
117500.3604
117500.3955
117500.3947
117500.3465
117500.2998
117500.1877
117500.1098
117499.9676
117499.997
117500.0252
117500.008
117500.134
117500.1632
117500.2095
117500.2591
117500.3011
117500.3403
117500.3249
117500.2893
117500.2343
117500.1414
117500.103
117500.0064
117500.0467
117500.4992
117500.6608
117500.8352
117500.8888
117500.8377
117500.7017
117500.6314
117500.4963
117500.4622
117500.4559
117500.4335
117500.271
117500.2178
117500.1397
117500.2202
117500.6559
117500.9488
117501.1533
117501.2169
117501.0678
117500.8838
117500.677
117500.5715
117500.5414
117500.4336
117500.4079
117500.2786
117500.2662
117500.1759
117500.2091
117500.8299
117501.1126
117501.2917
117501.3295
117501.1909
117501.0476
117500.7756
117500.7352
117500.6496
117500.5417
117500.4872
117500.3871
117500.3747
117500.2647
117500.312
117500.9191
117501.1317
117501.3209
117501.3878
117501.3001
117501.1185
117500.8543
117500.7479
117500.5879
117500.4861
117500.4308
117500.3375
117500.3303
117500.2169
117500.3223
117500.9636
117501.0239
117501.1828
117501.2743
117501.2461
117501.0646
117500.8924
117500.7381
117500.5933
117500.502
117500.4598
117500.3735
117500.3673
117500.2088
117500.2988
117500.9743
117500.9487
117501.0974
117501.1551
117501.0998
117500.9701
117500.7989
117500.649
117500.5315
117500.4526
117500.4083
117500.3366
117500.3314
117500.1937
117500.2333
117500.947
117500.8851
117500.95
117500.9451
117500.9346
117500.8256
117500.6927
117500.5897
117500.5072
117500.4429
117500.4074
117500.3432
117500.3445
117500.2216
117500.2475
117500.742
117500.6719
117500.7755
117500.7813
117500.7622
117500.6666
117500.5854
117500.5146
117500.4555
117500.4022
117500.3706
117500.3156
117500.3193
117500.2042
117500.2336
117500.4608
117500.563
117500.6782
117500.6181
117500.6118
117500.5515
117500.5116
117500.4664
117500.4285
117500.3841
117500.362
117500.3106
117500.3194
117500.2171
117500.2642
117500.4904
117500.4494
117500.5303
117500.4671
117500.4793
117500.4445
117500.4272
117500.3993
117500.375
117500.3394
117500.3272
117500.2805
117500.3022
117500.2001
117500.2484
117500.4287
117500.3463
117500.4313
117500.3806
117500.4077
117500.3885
117500.3899
117500.3759
117500.3621
117500.3297
117500.3223
117500.2708
117500.283
117500.1757
117500.1857
117500.2629
117500.2508
117500.3022
117500.2842
117500.3101
117500.3094
117500.3195
117500.3184
117500.3117
117500.2835
117500.2768
117500.2219
117500.2322
117500.1151
117500.1595
117500.1406
117500.1917
117500.2573
117500.2433
117500.2893
117500.3013
117500.3263
117500.3408
117500.3353
117500.3
117500.2917
117500.2205
117500.2335
117500.1069
117500.1704
117500.0156
117500.091
117500.1072
117500.1349
117500.1731
117500.2071
117500.2233
117500.2498
117500.2414
117500.2054
117500.1763
117500.1106
117500.1064
117500.0727
117500.0931
117500.1335
117500.0907
117500.122
117500.0968
117500.1448
117500.1967
117500.217
117500.2843
117500.275
117500.2058
117500.1959
117500.1321
117500.1578
117500.081
117500.1566
117500.2549
117500.3012
117500.3456
117500.2991
117500.2167
117500.0703
117500.0005
117499.9688
117500.0553
117500.3112
117500.4617
117500.5134
117500.4324
117500.3533
117500.2885
117500.3239
117500.394
117500.4569
117500.3988
117500.2935
117500.1286
117500.0882
117499.8945
117500.1913
117500.281
117500.4007
117500.491
117500.5003
117500.4441
117500.3091
117500.3824
117500.4559
117500.5292
117500.4802
117500.4043
117500.2989
117500.0812
117500.1156
117500.295
117500.3641
117500.4248
117500.4889
117500.4932
117500.5093
117500.3941
117500.4089
117500.4844
117500.5424
117500.5185
117500.5134
117500.4728
117500.2147
117500.2953
117500.3289
117500.3314
117500.3458
117500.3699
117500.3584
117500.4034
117500.3153
117500.4101
117500.4602
117500.5388
117500.5765
117500.604
117500.5073
117500.3853
117500.4227
117500.3923
117500.3752
117500.3699
117500.3562
117500.3319
117500.3027
117500.1999
117500.3835
117500.4157
117500.4593
117500.5896
117500.6077
117500.548
117500.4909
117500.4538
117500.3971
117500.3619
117500.3388
117500.3038
117500.2846
117500.2172
117500.155
117500.2726
117500.3946
117500.4343
117500.4728
117500.5169
117500.5441
117500.509
117500.461
117500.4184
117500.3793
117500.3551
117500.3009
117500.2866
117500.2055
117500.1896
117500.0906
117500.1957
117500.198
117500.3707
117500.4748
117500.4955
117500.4646
117500.4311
117500.3982
117500.359
117500.3329
117500.2716
117500.2627
117500.175
117500.1883
117499.9265
117500.1414
117500.2889
117500.3911
117500.4447
117500.446
117500.4392
117500.4162
117500.3962
117500.3582
117500.3367
117500.2716
117500.2711
117500.1875
117500.2362
117500.2563
117500.2634
117500.3062
117500.3316
117500.368
117500.3722
117500.3773
117500.3652
117500.3542
117500.3243
117500.3135
117500.2565
117500.2671
117500.1773
117500.2237
117500.2737
117500.2495
117500.3076
117500.2988
117500.3408
117500.3412
117500.3581
117500.3524
117500.3491
117500.3226
117500.3184
117500.2647
117500.2788
117500.1828
117500.2293
117500.2161
117500.2133
117500.248
117500.2388
117500.2654
117500.2678
117500.2858
117500.285
117500.2866
117500.2714
117500.2741
117500.2401
117500.2667
117500.1863
117500.2602
117500.2021
117500.2115
117500.2476
117500.2268
117500.264
117500.2643
117500.2909
117500.2995
117500.3025
117500.284
117500.2873
117500.2545
117500.2706
117500.2257
117500.2302
117500.1296
117500.1011
117500.1393
117500.1345
117500.1616
117500.1778
117500.2015
117500.215
117500.2135
117500.1956
117500.1866
117500.185
117500.213
117500.2057
117500.1617
117500.2283
117500.1306
117500.178
117500.1438
117500.1743
117500.1947
117500.2205
117500.2571
117500.2482
117500.2172
117500.2303
117500.2175
117500.2204
117500.1523
117500.183
117499.8553
117499.7842
117499.6735
117499.5919
117499.5455
117499.5237
117499.3346
117499.4826
117499.6449
117500.1048
117500.3471
117500.4266
117500.3278
117500.2809
117500.1969
117499.8076
117499.671
117499.4586
117499.2748
117499.1724
117499.1086
117499.1787
117499.2491
117499.7534
117500.0801
117500.2307
117500.4129
117500.4262
117500.3413
117500.1869
117499.7254
117499.4817
117499.1361
117498.9112
117498.9841
117498.9088
117499.083
117499.34
117499.8185
117500.0633
117500.2236
117500.2769
117500.2982
117500.3181
117500.119
117499.7138
117499.372
117499.0418
117499.0687
117499.0074
117499.0138
117499.1569
117499.5746
117499.8776
117500.0441
117500.13
117500.2002
117500.1171
117500.1255
117499.8639
117499.7129
117499.3632
117499.2236
117499.1411
117499.0574
117499.2415
117499.4699
117499.7995
117499.965
117500.075
117500.1337
117500.1634
117500.0921
117500.0782
117499.7562
117499.6465
117499.3984
117499.216
117499.1701
117499.2911
117499.5401
117499.7627
117499.934
117500.0231
117500.088
117500.1222
117500.142
117500.0962
117500.0724
117499.8491
117499.4822
117499.236
117499.2522
117499.3366
117499.5467
117499.8098
117499.9451
117500.0299
117500.0891
117500.1241
117500.1486
117500.1504
117500.1378
117500.1182
117500.0024
117499.2764
117499.2746
117499.2646
117499.5223
117499.7741
117499.9414
117500.0139
117500.0719
117500.1085
117500.1252
117500.1413
117500.1355
117500.1377
117500.115
117500.0717
117499.424
117499.4827
117499.6305
117499.8321
117499.952
117500.0307
117500.086
117500.1195
117500.1444
117500.1482
117500.1606
117500.1456
117500.1599
117500.1334
117500.1381
117499.8448
117499.8901
117499.8872
117499.9622
117500.0104
117500.0597
117500.0968
117500.1188
117500.1372
117500.1367
117500.1521
117500.1422
117500.1634
117500.1352
117500.1311
117499.9934
117500.0316
117500.0416
117500.0596
117500.0943
117500.1134
117500.1434
117500.1559
117500.1687
117500.1629
117500.1766
117500.1657
117500.187
117500.1576
117500.1279
117500.1155
117500.1365
117500.1258
117500.1144
117500.1188
117500.1198
117500.1382
117500.1425
117500.1538
117500.1546
117500.1702
117500.1857
117500.2084
117500.2164
117500.1972
117500.2767
117500.2533
117500.2528
117500.2017
117500.2047
117500.1877
117500.2034
117500.2047
117500.2069
117500.1952
117500.2016
117500.2151
117500.223
117500.3136
117500.1775
117500.3806
117500.3264
117500.3163
117500.2308
117500.2105
117500.1804
117500.1832
117500.1821
117500.1796
117500.1671
117500.1801
117500.2485
117500.318
117500.2585
117500.1919
117500.2805
117500.2438
117500.2881
117500.2544
117500.2608
117500.2364
117500.2375
117500.2398
117500.2134
117500.1578
117500.1695
117500.2021
117500.1958
117500.194
117500.1514
117499.5542
117499.3906
117499.2222
117499.0716
117498.8625
117498.9004
117498.9933
117499.2994
117499.5328
117499.7614
117499.9835
117499.9375
117499.9357
117499.932
117499.978
117499.4062
117499.1479
117498.8433
117498.4992
117498.2024
117498.3362
117498.5848
117499.1087
117499.4556
117499.6856
117499.8032
117499.9085
117499.7836
117499.7675
117499.8768
117499.2295
117498.7868
117498.4497
117498.1452
117498.1226
117498.0976
117498.6211
117499.0552
117499.4501
117499.6606
117499.777
117499.7513
117499.6686
117499.5157
117499.743
117499.0172
117498.456
117498.217
117498.2118
117498.1485
117498.2207
117498.6929
117499.1614
117499.4873
117499.6682
117499.7746
117499.745
117499.6303
117499.4651
117499.5545
117498.8637
117498.3187
117498.2105
117498.2941
117498.2824
117498.4529
117498.9667
117499.3418
117499.6017
117499.7528
117499.8549
117499.8554
117499.7735
117499.6957
117499.5872
117498.8761
117498.4203
117498.2938
117498.3738
117498.4658
117498.8345
117499.2454
117499.5231
117499.706
117499.83
117499.9072
117499.925
117499.8814
117499.8541
117499.7316
117498.9104
117498.5057
117498.4664
117498.6341
117498.8957
117499.2375
117499.5089
117499.6869
117499.8238
117499.9126
117499.9766
117499.9909
117499.9763
117499.9745
117499.8997
117499.0255
117498.8538
117498.853
117499.067
117499.2894
117499.5146
117499.6747
117499.7979
117499.8906
117499.9534
117499.9984
117500.0103
117500.0086
117500.0074
117499.9678
117499.3774
117499.2782
117499.32
117499.4562
117499.5884
117499.7158
117499.8216
117499.8987
117499.9657
117500.0006
117500.0321
117500.0346
117500.0365
117500.0326
117500.013
117499.5932
117499.6283
117499.6138
117499.6913
117499.7543
117499.8349
117499.899
117499.9507
117499.9915
117500.0105
117500.0328
117500.0325
117500.0262
117500.0275
117499.9667
117499.8049
117499.8362
117499.8314
117499.8641
117499.902
117499.9425
117499.9868
117500.0131
117500.039
117500.0423
117500.0477
117500.0328
117500.009
117499.9873
117499.8421
117500.017
117500.018
117500.0164
117499.9998
117499.9951
117500.0002
117500.0193
117500.0296
117500.0443
117500.0388
117500.0278
117500.0266
117499.9838
117500.0199
117499.8709
117500.2452
117500.1753
117500.166
117500.1102
117500.1032
117500.0881
117500.097
117500.0938
117500.0897
117500.0576
117500.0321
117500.0107
117500.0464
117500.0914
117499.9705
117500.3175
117500.3636
117500.375
117500.2554
117500.1607
117500.1126
117500.1013
117500.0851
117500.0747
117500.0339
117500.0006
117500.0555
117500.0917
117500.0655
117500.008
117500.188
117500.1931
117500.2654
117500.2289
117500.2203
117500.1667
117500.1469
117500.1362
117500.0949
117499.9986
117499.9531
117499.9902
117500.0162
117500.0388
117500.0153
117499.6855
117499.5793
117499.4809
117499.3616
117499.1187
117498.9713
117499.0306
117499.2728
117499.5352
117499.6349
117499.619
117499.5253
117499.5613
117499.6312
117499.8324
117499.5724
117499.4354
117499.2659
117499.0848
117498.7889
117498.7016
117498.8508
117499.2769
117499.4975
117499.5915
117499.5501
117499.3788
117499.3659
117499.4107
117499.7974
117499.415
117499.1881
117499.0215
117498.9213
117498.846
117498.8212
117499.044
117499.3654
117499.5593
117499.6357
117499.6263
117499.4302
117499.3893
117499.2826
117499.8237
117499.1511
117498.9099
117498.8493
117498.9046
117498.8847
117498.8614
117499.2062
117499.4815
117499.6421
117499.7091
117499.7216
117499.5987
117499.5658
117499.4071
117499.8233
117498.8955
117498.7293
117498.8231
117498.8886
117498.9028
117499.1042
117499.4354
117499.622
117499.7551
117499.8103
117499.8397
117499.7796
117499.7916
117499.6825
117499.9524
117498.8198
117498.7203
117498.7766
117498.8052
117499.0158
117499.3403
117499.5768
117499.7226
117499.8301
117499.8778
117499.9089
117499.8861
117499.9182
117499.8753
117500.0762
117498.8535
117498.8333
117498.8669
117499.0292
117499.3088
117499.5467
117499.7082
117499.8192
117499.9026
117499.9356
117499.9678
117499.9538
117499.992
117499.977
117500.1221
117499.0338
117499.1181
117499.1681
117499.3331
117499.52
117499.6728
117499.7891
117499.8702
117499.9293
117499.9525
117499.974
117499.9633
117499.9893
117499.9777
117500.0522
117499.381
117499.4254
117499.4424
117499.5668
117499.6766
117499.784
117499.8684
117499.9233
117499.9654
117499.9747
117499.9866
117499.9654
117499.9655
117499.9476
117499.9534
117499.5996
117499.6304
117499.6388
117499.714
117499.7802
117499.8523
117499.908
117499.9433
117499.9705
117499.9704
117499.9617
117499.9343
117499.9122
117499.8989
117499.8546
117499.7763
117499.7747
117499.7821
117499.8247
117499.8675
117499.9124
117499.9557
117499.9765
117499.9909
117499.9657
117499.9333
117499.8893
117499.8282
117499.7873
117499.6435
117499.9095
117499.8818
117499.9118
117499.9207
117499.9355
117499.9527
117499.9723
117499.9736
117499.9655
117499.9282
117499.8697
117499.8058
117499.6966
117499.6275
117499.5414
117500.0868
117499.983
117499.994
117499.9543
117499.9555
117499.9631
117499.9882
117499.9853
117499.9705
117499.914
117499.8283
117499.7522
117499.679
117499.6637
117499.617
117500.101
117500.1107
117500.1416
117500.0823
117500.001
117499.9779
117499.966
117499.9622
117499.9513
117499.8784
117499.7677
117499.7039
117499.6656
117499.7332
117499.69
117499.9986
117500.0037
117500.003
117499.9831
117499.9418
117499.933
117499.9379
117499.9462
117499.9433
117499.8561
117499.7371
117499.7389
117499.7455
117499.7971
117499.8002
117499.9547
117499.9171
117499.9517
117499.9928
117499.958
117499.8077
117499.691
117499.639
117499.7326
117499.6586
117499.5056
117499.4849
117499.5384
117499.7818
117499.843
117499.9276
117499.8934
117499.9552
117499.9557
117500.105
117499.8497
117499.7236
117499.779
117499.791
117499.7339
117499.623
117499.4853
117499.5126
117499.7302
117499.8214
117499.8696
117499.8607
117499.8388
117500.0837
117499.9793
117499.9294
117499.8869
117499.8766
117499.8761
117499.8305
117499.7796
117499.6828
117499.696
117499.8387
117499.9561
117499.734
117499.7389
117499.8257
117499.9
117499.9686
117499.9392
117499.953
117499.9353
117499.9444
117499.9185
117499.9166
117499.8568
117499.9329
117499.9623
117500.1346
117499.5529
117499.6762
117499.6867
117499.8454
117499.9098
117499.987
117499.9847
117499.9878
117500.0025
117499.9905
117500.0105
117499.9764
117500.0822
117500.0609
117500.2798
117499.4554
117499.5021
117499.6252
117499.7547
117499.8949
117499.9454
117499.9841
117499.9977
117500.0235
117500.0203
117500.0494
117500.0258
117500.1337
117500.0794
117500.3408
117499.3556
117499.4756
117499.5971
117499.7708
117499.8822
117499.9461
117499.9897
117500.0112
117500.0408
117500.0389
117500.0727
117500.0463
117500.1442
117500.0732
117500.3479
117499.2981
117499.5141
117499.629
117499.7791
117499.8598
117499.9256
117499.9728
117499.9964
117500.0269
117500.025
117500.0527
117500.0232
117500.0926
117500.0153
117500.254
117499.3968
117499.5737
117499.6677
117499.781
117499.8549
117499.9184
117499.9654
117499.9914
117500.0207
117500.0138
117500.0337
117499.9895
117500.0281
117499.9434
117500.0733
117499.4789
117499.597
117499.6816
117499.7741
117499.8387
117499.8966
117499.9425
117499.9677
117499.9917
117499.9806
117499.9837
117499.9375
117499.9434
117499.8716
117499.9297
117499.5651
117499.6167
117499.6835
117499.753
117499.8092
117499.8659
117499.918
117499.9459
117499.9679
117499.9473
117499.9287
117499.8661
117499.8276
117499.7593
117499.7718
117499.6142
117499.5959
117499.6604
117499.7115
117499.7733
117499.8326
117499.8848
117499.9118
117499.9239
117499.8895
117499.837
117499.7433
117499.6582
117499.5699
117499.6473
117499.6212
117499.5067
117499.5537
117499.6085
117499.6773
117499.7537
117499.8307
117499.8764
117499.8915
117499.8474
117499.7634
117499.6513
117499.5466
117499.5498
117499.5748
117499.5838
117499.512
117499.4719
117499.5223
117499.5994
117499.6992
117499.7772
117499.8445
117499.8512
117499.7932
117499.6824
117499.5734
117499.5143
117499.5904
117499.5942
117499.5767
117499.5355
117499.4705
117499.49
117499.4819
117499.5573
117499.6548
117499.7805
117499.828
117499.7946
117499.6903
117499.6436
117499.6311
117499.7032
117499.7645
117500.1592
117500.1821
117500.226
117500.362
117500.4093
117500.5595
117500.31
117500.1651
117500.0613
117499.973
117499.8609
117499.8547
117499.945
117499.9823
117500.0407
117500.1969
117500.2303
117500.3053
117500.4763
117500.7375
117500.6599
117500.4855
117500.2664
117500.1409
117500.0612
117500.0339
117499.9821
117500.1098
117500.1479
117500.1018
117500.2112
117500.306
117500.3631
117500.5491
117500.7943
117500.684
117500.5034
117500.3026
117500.1968
117500.1375
117500.1289
117500.1775
117500.2672
117500.4353
117500.1973
117500.1881
117500.3102
117500.4334
117500.5757
117500.6938
117500.5995
117500.4472
117500.2942
117500.2186
117500.1705
117500.1778
117500.235
117500.3196
117500.4869
117500.1943
117500.1426
117500.3192
117500.3803
117500.4905
117500.5555
117500.4722
117500.3763
117500.2737
117500.2257
117500.1883
117500.2074
117500.2629
117500.3412
117500.4724
117500.2335
117500.0748
117500.2254
117500.2989
117500.357
117500.3879
117500.3412
117500.2936
117500.231
117500.202
117500.1786
117500.2023
117500.2352
117500.3094
117500.3813
117500.2768
117499.9663
117500.059
117500.1526
117500.2157
117500.2496
117500.2399
117500.2269
117500.1921
117500.1853
117500.1704
117500.19
117500.2035
117500.2535
117500.2805
117500.2131
117499.7984
117499.9179
117500.0225
117500.0859
117500.1338
117500.1503
117500.1566
117500.1457
117500.1493
117500.1385
117500.1524
117500.1402
117500.1694
117500.1266
117500.1307
117499.6459
117499.8137
117499.9077
117499.9885
117500.0449
117500.0776
117500.1035
117500.1102
117500.1245
117500.1164
117500.1274
117500.0991
117500.1129
117500.025
117500.0513
117499.566
117499.7145
117499.8145
117499.8984
117499.9622
117500.0105
117500.0487
117500.0678
117500.087
117500.0793
117500.0868
117500.0495
117500.0613
117499.9793
117500.0413
117499.5174
117499.6131
117499.7065
117499.7912
117499.8672
117499.9319
117499.988
117500.0225
117500.0521
117500.049
117500.0515
117500.0184
117500.019
117499.9482
117499.9944
117499.43
117499.4931
117499.5887
117499.6732
117499.7695
117499.8536
117499.9264
117499.9722
117500.0021
117499.9949
117499.9834
117499.9278
117499.8952
117499.8658
117499.9181
117499.2529
117499.2694
117499.3505
117499.4651
117499.6025
117499.7258
117499.8309
117499.9045
117499.9476
117499.9506
117499.9265
117499.8808
117499.8204
117499.8556
117499.838
117499.217
117499.206
117499.2291
117499.3086
117499.4608
117499.6238
117499.7541
117499.86
117499.9039
117499.899
117499.8659
117499.7626
117499.7459
117499.7956
117499.8468
117499.2387
117499.2392
117499.212
117499.2584
117499.3517
117499.4853
117499.6056
117499.7618
117499.8437
117499.8633
117499.8436
117499.8276
117499.831
117499.882
117499.9446
117500.1668
117500.1991
117500.2337
117500.2991
117500.4857
117500.5248
117500.5581
117500.32
117500.2807
117500.154
117500.0996
117499.9878
117500.0136
117499.9714
117500.0336
117500.2148
117500.275
117500.2988
117500.4133
117500.5851
117500.8811
117500.6041
117500.475
117500.3564
117500.2349
117500.2072
117500.1275
117500.2159
117500.099
117500.0901
117500.2305
117500.3608
117500.4139
117500.487
117500.7748
117500.8487
117500.7115
117500.5452
117500.417
117500.3118
117500.2816
117500.2651
117500.4328
117500.2894
117500.1678
117500.2214
117500.4072
117500.506
117500.6151
117500.7755
117500.8319
117500.6903
117500.5349
117500.4125
117500.3272
117500.2987
117500.3135
117500.4603
117500.3464
117500.1428
117500.2347
117500.4146
117500.5779
117500.6122
117500.7412
117500.7058
117500.6146
117500.4827
117500.3883
117500.3267
117500.307
117500.3372
117500.4305
117500.3425
117500.1379
117500.2294
117500.3648
117500.5092
117500.5635
117500.5974
117500.567
117500.4976
117500.3961
117500.3346
117500.2924
117500.2824
117500.309
117500.3522
117500.2898
117500.1114
117500.1493
117500.2681
117500.3868
117500.4108
117500.4466
117500.4265
117500.3755
117500.3247
117500.2881
117500.2628
117500.2621
117500.268
117500.2738
117500.2204
117500.0155
117499.9616
117500.0915
117500.2079
117500.2585
117500.3014
117500.2914
117500.2853
117500.2567
117500.2417
117500.2264
117500.2286
117500.2192
117500.1732
117500.1408
117499.8767
117499.8773
117499.9895
117500.0906
117500.1377
117500.1901
117500.2073
117500.2193
117500.2143
117500.2189
117500.2145
117500.2175
117500.2147
117500.1646
117500.1276
117499.8816
117499.8223
117499.9045
117499.9938
117500.0507
117500.1109
117500.1395
117500.1695
117500.1793
117500.1946
117500.1944
117500.2051
117500.1985
117500.1656
117500.1263
117500.007
117499.7771
117499.8264
117499.9133
117499.9678
117500.0328
117500.0771
117500.1237
117500.1496
117500.179
117500.1893
117500.2096
117500.2102
117500.19
117500.1651
117500.0971
117499.6877
117499.742
117499.8271
117499.8822
117499.9582
117500.0184
117500.0805
117500.1183
117500.1566
117500.1707
117500.198
117500.2029
117500.2112
117500.1868
117500.1389
117499.5383
117499.5904
117499.6966
117499.7634
117499.8601
117499.9368
117500.0212
117500.0769
117500.1311
117500.1524
117500.1987
117500.2106
117500.2162
117500.1866
117500.2215
117499.4696
117499.515
117499.575
117499.6313
117499.7567
117499.8745
117499.9792
117500.0445
117500.0997
117500.1141
117500.1544
117500.1543
117500.1925
117500.1625
117500.203
117499.4733
117499.5033
117499.5156
117499.541
117499.631
117499.7376
117499.8553
117499.9596
117500.0393
117500.0822
117500.1696
117500.1851
117500.1681
117500.1712
117500.224
117500.0515
117500.0889
117500.0834
117500.145
117500.2606
117500.2658
117500.3816
117500.1464
117500.2238
117500.1449
117500.0731
117499.9193
117499.8503
117500.0158
117499.9826
117500.1052
117500.1684
117500.1699
117500.2245
117500.3551
117500.3936
117500.5048
117500.2194
117500.3003
117500.2015
117500.1264
117499.9966
117499.9292
117500.0128
117499.9986
117500.0703
117500.2118
117500.2778
117500.3079
117500.41
117500.579
117500.5448
117500.3729
117500.3915
117500.294
117500.1852
117500.1164
117500.1065
117500.0836
117499.9724
117500.0321
117500.2257
117500.3557
117500.4141
117500.4989
117500.6123
117500.5958
117500.4667
117500.4177
117500.3262
117500.2131
117500.1903
117500.1569
117500.0713
117499.9697
117500.0184
117500.1677
117500.3982
117500.4654
117500.5387
117500.6239
117500.5752
117500.4751
117500.4145
117500.3301
117500.2399
117500.2279
117500.1897
117500.0619
117499.9081
117499.9701
117500.129
117500.3485
117500.4566
117500.532
117500.537
117500.5046
117500.4352
117500.366
117500.3072
117500.2381
117500.226
117500.168
117500.0071
117499.7986
117499.9641
117500.1014
117500.2984
117500.3718
117500.4105
117500.4295
117500.4321
117500.3693
117500.3313
117500.2889
117500.2446
117500.2051
117500.1441
117499.9429
117499.6321
117499.9062
117500.0238
117500.167
117500.2465
117500.322
117500.361
117500.3488
117500.3197
117500.2968
117500.2711
117500.2443
117500.2094
117500.1267
117499.9138
117499.5984
117499.9669
117500.065
117500.1856
117500.2447
117500.2911
117500.2993
117500.3056
117500.2924
117500.2856
117500.2765
117500.2664
117500.2601
117500.1917
117500.0785
117499.8489
117500.0333
117500.075
117500.1522
117500.1895
117500.2284
117500.25
117500.2663
117500.2681
117500.2811
117500.2961
117500.312
117500.3248
117500.2932
117500.2515
117500.1064
117500.085
117500.09
117500.1394
117500.1647
117500.2022
117500.2214
117500.2498
117500.2647
117500.2965
117500.3258
117500.3647
117500.4008
117500.3855
117500.3772
117500.2748
117500.0695
117500.0865
117500.1207
117500.1458
117500.1815
117500.2072
117500.2478
117500.267
117500.3066
117500.3432
117500.4111
117500.4795
117500.4857
117500.4762
117500.4477
117500.0429
117500.1026
117500.1415
117500.1611
117500.1887
117500.2044
117500.246
117500.2647
117500.3045
117500.3519
117500.4541
117500.5319
117500.5539
117500.5066
117500.525
117499.9704
117500.0591
117500.0928
117500.1188
117500.1557
117500.1817
117500.2422
117500.2527
117500.2895
117500.3258
117500.4573
117500.5748
117500.5526
117500.5189
117500.4967
117500.0529
117500.0483
117500.0968
117500.0928
117500.1274
117500.1469
117500.2024
117500.184
117500.2571
117500.2661
117500.3879
117500.4446
117500.4682
117500.4358
117500.4582
117499.9273
117499.9849
117499.9742
117499.9987
117500.0567
117500.0628
117499.953
117499.9936
117499.9652
117500.0494
117500.0423
117499.939
117499.9824
117500.1109
117500.0252
117499.9508
117500.0524
117500.0309
117500.0838
117500.1347
117500.1384
117500.1055
117499.9659
117500.0559
117500.0646
117500.0217
117499.8778
117499.8776
117499.9838
117499.9649
117499.8642
117500.0246
117500.1398
117500.17
117500.2128
117500.2331
117500.2524
117500.0989
117500.1556
117500.1468
117500.0435
117499.9274
117499.9383
117499.9396
117499.881
117499.7545
117499.9348
117500.1188
117500.2307
117500.2965
117500.3201
117500.3415
117500.2406
117500.2335
117500.1976
117500.0732
117499.9895
117500.0096
117499.9705
117499.9338
117499.6739
117499.8229
117500.087
117500.2398
117500.3303
117500.3657
117500.44
117500.338
117500.2966
117500.2405
117500.1199
117500.0616
117500.05
117499.9083
117499.7998
117499.5751
117499.7445
117500.0087
117500.2037
117500.3282
117500.4258
117500.4031
117500.3389
117500.3076
117500.2412
117500.1366
117500.0859
117499.9845
117499.7957
117499.5922
117499.5658
117499.7411
117500.0136
117500.2036
117500.321
117500.329
117500.3538
117500.3482
117500.3056
117500.2597
117500.1838
117500.099
117499.9309
117499.7133
117499.4602
117499.6634
117499.8148
117499.9924
117500.1361
117500.2502
117500.3172
117500.3583
117500.3334
117500.3151
117500.2861
117500.2477
117500.1822
117500.03
117499.8017
117499.6437
117499.926
117499.9999
117500.1334
117500.2312
117500.3155
117500.3433
117500.3564
117500.3452
117500.3442
117500.3454
117500.34
117500.3358
117500.2618
117500.1499
117499.9755
117500.198
117500.1967
117500.2451
117500.2806
117500.3252
117500.335
117500.3525
117500.3517
117500.371
117500.393
117500.4222
117500.4636
117500.4225
117500.3571
117500.2106
117500.3738
117500.3528
117500.3702
117500.3692
117500.3857
117500.3788
117500.3947
117500.3909
117500.4215
117500.4556
117500.5263
117500.6024
117500.577
117500.5286
117500.4222
117500.4516
117500.4337
117500.4288
117500.4156
117500.4194
117500.4037
117500.4188
117500.4128
117500.4501
117500.4914
117500.5994
117500.7204
117500.6793
117500.6095
117500.5173
117500.5281
117500.5229
117500.5256
117500.5034
117500.4998
117500.4676
117500.4786
117500.4454
117500.4904
117500.4901
117500.6311
117500.7565
117500.7247
117500.6519
117500.587
117500.5859
117500.5558
117500.5626
117500.5353
117500.5256
117500.4875
117500.4938
117500.4457
117500.4732
117500.4346
117500.5319
117500.6904
117500.6622
117500.5772
117500.5218
117500.619
117500.5646
117500.5926
117500.5561
117500.5632
117500.5339
117500.5661
117500.4587
117500.4173
117500.2765
117500.3848
117500.4633
117500.5311
117500.4604
117500.4769
117499.8538
117499.916
117499.9044
117499.9089
117499.8715
117499.7937
117499.6384
117499.6558
117499.7427
117499.9271
117500.0444
117500.0822
117500.1257
117500.1042
117500.0287
117499.8337
117499.9501
117499.9346
117499.9812
117499.9537
117499.8878
117499.7563
117499.6894
117499.8055
117499.9264
117499.9738
117499.8913
117499.8994
117499.906
117499.8995
117499.7077
117499.8603
117499.9514
117500.0277
117500.0356
117499.9898
117499.9387
117499.858
117499.9567
117499.9856
117499.9612
117499.8678
117499.8822
117499.9231
117499.8878
117499.5291
117499.676
117499.8743
117500.0273
117500.1047
117500.0984
117500.0711
117500.0292
117500.0578
117500.0428
117500.0081
117499.8713
117499.989
117499.9544
117499.9342
117499.3614
117499.5011
117499.7537
117499.9736
117500.108
117500.1666
117500.185
117500.1952
117500.1441
117500.123
117500.0409
117499.9173
117499.9869
117499.8226
117499.8001
117499.2567
117499.4193
117499.6718
117499.9094
117500.081
117500.1969
117500.2648
117500.1923
117500.1793
117500.1354
117500.0595
117499.9332
117499.894
117499.6676
117499.6465
117499.2984
117499.4476
117499.6966
117499.9059
117500.0945
117500.1654
117500.2033
117500.2252
117500.2185
117500.1835
117500.1221
117499.997
117499.8663
117499.6957
117499.6833
117499.5502
117499.5979
117499.7604
117499.9212
117500.0494
117500.1677
117500.253
117500.2646
117500.268
117500.2561
117500.2394
117500.1994
117500.1009
117499.9642
117499.8605
117499.9985
117499.9955
117500.0711
117500.1534
117500.2426
117500.2907
117500.3194
117500.3195
117500.3307
117500.3446
117500.3704
117500.3971
117500.3351
117500.1896
117500.1374
117500.3647
117500.3044
117500.3194
117500.3249
117500.3478
117500.3499
117500.3647
117500.3618
117500.3821
117500.4144
117500.4663
117500.5311
117500.5034
117500.4145
117500.3069
117500.6366
117500.5515
117500.5163
117500.4735
117500.4605
117500.4342
117500.4404
117500.4319
117500.455
117500.4876
117500.5648
117500.693
117500.6464
117500.5398
117500.4014
117500.8312
117500.7223
117500.6654
117500.5942
117500.556
117500.5103
117500.5074
117500.4864
117500.5038
117500.4727
117500.5987
117500.7186
117500.6766
117500.5632
117500.4552
117500.9409
117500.8402
117500.7914
117500.7081
117500.6603
117500.6059
117500.6077
117500.5598
117500.5309
117500.4199
117500.5334
117500.6781
117500.6672
117500.5387
117500.4808
117500.9807
117500.8677
117500.83
117500.7514
117500.7012
117500.6572
117500.6504
117500.5729
117500.5007
117500.2726
117500.319
117500.4175
117500.4995
117500.4174
117500.3916
117500.8261
117500.7587
117500.7451
117500.6954
117500.6828
117500.6458
117500.6839
117500.5888
117500.4791
117500.1805
117500.1269
117500.2661
117500.3799
117500.3463
117500.3717
117499.7898
117499.8834
117499.9277
117499.8837
117499.7679
117499.6493
117499.4346
117499.4615
117499.6365
117499.9167
117500.1261
117500.3169
117500.1706
117500.1553
117500.0921
117499.7845
117499.8915
117499.9308
117499.9388
117499.8213
117499.712
117499.5279
117499.5309
117499.6777
117499.8918
117500.0379
117500.1074
117499.941
117499.9726
117499.9925
117499.6809
117499.7913
117499.8924
117499.9659
117499.8921
117499.7819
117499.6886
117499.6585
117499.8346
117499.959
117500.02
117500.0428
117499.9872
117500.072
117500.0189
117499.5608
117499.5913
117499.788
117499.912
117499.9339
117499.86
117499.8231
117499.8347
117499.9456
117500.0045
117500.0231
117500.0009
117500.0579
117500.0836
117500.0367
117499.4036
117499.4131
117499.6088
117499.7967
117499.9246
117499.9565
117499.955
117500.0294
117500.0575
117500.0852
117500.064
117500.0246
117500.0234
117499.9473
117499.9552
117499.3626
117499.3779
117499.5233
117499.7303
117499.8877
117499.9645
117500.0887
117500.0664
117500.1083
117500.1121
117500.0928
117500.043
117499.989
117499.8965
117499.8991
117499.4808
117499.4815
117499.5984
117499.7701
117499.9422
117500.029
117500.0615
117500.1441
117500.1853
117500.1866
117500.1703
117500.127
117500.0723
117499.9885
117499.9821
117499.7431
117499.6812
117499.7239
117499.836
117499.9613
117500.0632
117500.1832
117500.2178
117500.2445
117500.2547
117500.2675
117500.276
117500.1968
117500.1213
117500.1123
117500.1207
117500.0802
117500.1059
117500.1475
117500.212
117500.2527
117500.2781
117500.2844
117500.2987
117500.3174
117500.3485
117500.3556
117500.3313
117500.3004
117500.242
117500.3697
117500.3402
117500.3184
117500.3193
117500.3275
117500.3213
117500.3312
117500.3229
117500.3301
117500.3406
117500.3679
117500.4396
117500.4368
117500.346
117500.2385
117500.6429
117500.5408
117500.5212
117500.479
117500.4588
117500.4254
117500.4128
117500.3886
117500.3766
117500.3338
117500.4029
117500.4988
117500.442
117500.3398
117500.2363
117500.8268
117500.6606
117500.6048
117500.5511
117500.5127
117500.4707
117500.471
117500.444
117500.3847
117500.2553
117500.3198
117500.4061
117500.3751
117500.2606
117500.1885
117500.9097
117500.7634
117500.6908
117500.621
117500.566
117500.5192
117500.4952
117500.4842
117500.4008
117500.1403
117500.1034
117500.2377
117500.2751
117500.1889
117500.1549
117500.8081
117500.7469
117500.6936
117500.641
117500.5886
117500.5582
117500.5628
117500.4682
117500.3648
117500.0767
117499.8705
117500.0614
117500.1444
117500.1285
117500.1094
117500.679
117500.6051
117500.5774
117500.531
117500.5104
117500.4866
117500.4699
117500.4557
117500.2747
117500.1002
117499.8886
117500.0609
117500.1278
117500.125
117500.1196
117499.8493
117500.0021
117500.0346
117499.9305
117499.7413
117499.6577
117499.5045
117499.5214
117499.7062
117499.9873
117500.118
117500.1958
117500.013
117500.0403
117500.0428
117499.8671
117499.9759
117500.0532
117499.9306
117499.7506
117499.6664
117499.4893
117499.5303
117499.706
117499.9133
117500.0814
117500.0984
117499.8876
117500.0122
117500.0336
117499.8104
117499.9228
117500.035
117499.9535
117499.8059
117499.6711
117499.5961
117499.5997
117499.7675
117499.9268
117500.0101
117500.0657
117499.964
117500.0537
117500.0719
117499.7974
117499.8076
117499.9527
117499.9727
117499.8437
117499.7297
117499.6568
117499.7071
117499.8359
117499.928
117499.9954
117500.0303
117500.0064
117500.0805
117500.0469
117499.6884
117499.6516
117499.7668
117499.8565
117499.8902
117499.8402
117499.8293
117499.8482
117499.9299
117499.985
117500.0136
117500.0214
117500.0083
117499.9752
117500.0152
117499.6966
117499.6362
117499.6952
117499.7973
117499.8837
117499.9152
117499.9634
117499.9555
117499.9776
117500.017
117500.023
117500.005
117500.0011
117499.9799
117499.9886
117499.7865
117499.7407
117499.7827
117499.8525
117499.9847
117500.0106
117499.961
117500.0041
117500.0503
117500.0748
117500.098
117500.1051
117500.1141
117500.0564
117499.9953
117500.0038
117499.9236
117499.9165
117499.9118
117499.9399
117499.9638
117500.0493
117500.0679
117500.0913
117500.1041
117500.1333
117500.1449
117500.143
117500.1006
117500.082
117500.1805
117500.126
117500.1287
117500.1077
117500.1288
117500.1271
117500.1216
117500.1173
117500.12
117500.1243
117500.1371
117500.1815
117500.2352
117500.1839
117500.0935
117500.2788
117500.1902
117500.2027
117500.1567
117500.1496
117500.1285
117500.1365
117500.1279
117500.1249
117500.0883
117500.0971
117500.1965
117500.2017
117500.1686
117500.1153
117500.3616
117500.2584
117500.2477
117500.2171
117500.2104
117500.1921
117500.1847
117500.1694
117500.1414
117500.0286
117500.0382
117500.1367
117500.1838
117500.1512
117500.1222
117500.3696
117500.3357
117500.2774
117500.2402
117500.2099
117500.196
117500.1862
117500.1849
117500.1251
117499.9021
117499.8638
117500.0121
117500.1061
117500.1015
117500.1093
117500.4037
117500.3406
117500.28
117500.2704
117500.2468
117500.25
117500.2208
117500.1925
117500.1198
117499.8643
117499.6601
117499.8897
117500.0266
117500.0882
117500.1322
117500.3619
117500.3005
117500.264
117500.2587
117500.2378
117500.2367
117500.1931
117500.2018
117500.0266
117499.8893
117499.6043
117499.8031
117499.9523
117500.0458
117500.095
117500.3157
117500.2954
117500.2836
117500.2763
117500.2502
117500.22
117500.1473
117500.1607
117499.9978
117499.9745
117499.7461
117499.8722
117500.0039
117500.0743
117500.103
117500.0724
117500.1384
117500.0954
117499.9095
117499.6917
117499.6359
117499.5993
117499.6853
117499.8215
117499.9762
117500.1041
117500.0702
117500.0587
117500.1307
117500.1851
117500.13
117500.1297
117500.0682
117499.8556
117499.6467
117499.569
117499.5268
117499.621
117499.7881
117499.9703
117500.1516
117500.1232
117500.1292
117500.1858
117500.2096
117500.067
117500.0404
117500.0214
117499.8619
117499.6728
117499.5435
117499.5204
117499.5803
117499.7686
117499.9824
117500.1123
117500.1782
117500.1722
117500.2005
117500.272
117500.0338
117500.0131
117500.0679
117499.9145
117499.7152
117499.5866
117499.5084
117499.6281
117499.7777
117499.9671
117500.0919
117500.1629
117500.1512
117500.1896
117500.2371
117499.905
117499.8417
117500.0024
117499.9395
117499.8348
117499.7101
117499.6395
117499.6646
117499.8307
117499.9951
117500.0787
117500.1192
117500.1069
117500.1112
117500.1715
117499.8877
117499.832
117499.9892
117499.9969
117499.9444
117499.8078
117499.7609
117499.8468
117499.9427
117500.0373
117500.078
117500.1058
117500.1133
117500.1238
117500.0934
117499.9061
117499.9284
117500.0208
117500.055
117500.0733
117500.0239
117499.9662
117499.9779
117500.0355
117500.0556
117500.0786
117500.0876
117500.0787
117500.0027
117499.9513
117500.054
117500.0775
117500.1639
117500.1316
117500.0698
117500.0188
117500.0408
117500.0435
117500.0465
117500.0526
117500.0411
117499.9949
117499.9421
117499.8565
117499.8078
117500.0078
117500.0122
117500.0691
117500.0651
117500.1007
117500.0867
117500.073
117500.0533
117500.0551
117500.0317
117499.9433
117499.8668
117499.8554
117499.8149
117499.7855
117499.9297
117499.946
117500.0364
117500.0537
117500.0756
117500.0641
117500.0601
117500.043
117500.0269
117499.9346
117499.7765
117499.7335
117499.7886
117499.8074
117499.8221
117499.7464
117499.834
117499.9344
117499.9982
117500.0653
117500.0724
117500.0695
117500.0521
117499.9957
117499.8302
117499.6096
117499.6278
117499.7452
117499.7962
117499.8546
117499.6692
117499.7704
117499.8585
117499.9356
117499.9936
117500.0152
117500.0144
117499.9965
117499.9103
117499.7205
117499.466
117499.5423
117499.6862
117499.7822
117499.8695
117499.7635
117499.7929
117499.8614
117499.9416
117500.0075
117500.0361
117500.0091
117500.0093
117499.868
117499.6874
117499.4343
117499.4847
117499.6567
117499.7718
117499.8693
117499.9084
117499.8948
117499.9189
117499.9535
117499.9703
117499.9715
117499.9243
117499.9346
117499.8634
117499.7531
117499.4822
117499.4635
117499.6439
117499.7773
117499.8814
117499.9806
117499.9904
117499.9929
117500.0159
117500.0208
117500.0165
117499.9685
117499.9173
117499.9227
117499.8644
117499.643
117499.5864
117499.7277
117499.8376
117499.9015
117499.9165
117499.9878
117499.9891
117499.9493
117499.9041
117499.9163
117499.9217
117499.8871
117499.8688
117499.8371
117499.8433
117499.8694
117499.9282
117499.9524
117499.9763
117499.9216
117499.9469
117499.9472
117499.8315
117499.7866
117499.8429
117499.8777
117499.8676
117499.8749
117499.8706
117499.9051
117499.9085
117499.9868
117499.9974
117500.0267
117500.0009
117499.972
117499.9258
117499.7805
117499.7611
117499.7886
117499.844
117499.8324
117499.8438
117499.862
117499.9078
117499.9385
117499.9646
117499.9764
117500.0597
117500.1548
117500.0404
117499.971
117499.7864
117499.7364
117499.763
117499.8031
117499.8383
117499.8378
117499.8672
117499.9202
117499.9437
117499.9599
117499.9623
117500.0295
117500.1565
117500.0401
117499.9744
117499.8135
117499.7569
117499.7671
117499.7946
117499.7679
117499.8029
117499.8536
117499.9127
117499.9718
117499.9791
117499.9758
117499.9826
117500.08
117499.9977
117500.0092
117499.8773
117499.8425
117499.7908
117499.7383
117499.7731
117499.8145
117499.8544
117499.8964
117499.9617
117499.97
117499.9488
117499.9676
117499.9934
117499.9877
117499.9999
117499.9111
117499.8713
117499.8267
117499.8193
117499.8077
117499.8296
117499.8488
117499.8583
117499.8741
117499.8829
117499.8748
117499.9081
117500.0271
117500.0023
117500.0329
117499.9764
117499.9222
117499.8602
117499.8469
117499.8429
117499.8504
117499.8317
117499.8133
117499.7956
117499.7933
117499.7685
117499.81
117499.9918
117499.947
117499.967
117499.9259
117499.9218
117499.8964
117499.8945
117499.8809
117499.8546
117499.7984
117499.7668
117499.7312
117499.7453
117499.7432
117499.7882
117499.9145
117499.8934
117499.9186
117499.8887
117499.8996
117499.883
117499.8932
117499.8777
117499.8384
117499.7812
117499.7283
117499.7088
117499.7658
117499.7747
117499.8152
117499.7915
117499.8072
117499.8317
117499.8213
117499.8434
117499.8446
117499.8646
117499.866
117499.8374
117499.7718
117499.6979
117499.7083
117499.7721
117499.7933
117499.8389
117499.7955
117499.8245
117499.8317
117499.8341
117499.8432
117499.8327
117499.8253
117499.8367
117499.8412
117499.7786
117499.698
117499.711
117499.7758
117499.8141
117499.8778
117499.8568
117499.8476
117499.845
117499.8495
117499.8555
117499.8514
117499.8392
117499.8186
117499.8394
117499.8197
117499.7106
117499.7072
117499.7733
117499.8421
117499.91
117499.9239
117499.908
117499.9181
117499.9327
117499.9413
117499.9152
117499.8701
117499.8406
117499.8495
117499.8592
117499.7652
117499.7375
117499.7963
117499.8786
117499.9502
117499.9748
117499.976
117499.9703
117499.9643
117499.9507
117499.9201
117499.8971
117499.8389
117499.8789
117499.8954
117499.8338
117499.7725
117499.8045
117499.8832
117499.9233
)
;

boundaryField
{
    wall
    {
        type            zeroGradient;
    }
    inlet
    {
        type            zeroGradient;
    }
    outlet
    {
        type            fixedValue;
        value           uniform 117500;
    }
}


// ************************************************************************* //
