/*--------------------------------*- C++ -*----------------------------------*\
| =========                 |                                                 |
| \\      /  F ield         | OpenFOAM: The Open Source CFD Toolbox           |
|  \\    /   O peration     | Version:  2406                                  |
|   \\  /    A nd           | Website:  www.openfoam.com                      |
|    \\/     M anipulation  |                                                 |
\*---------------------------------------------------------------------------*/
FoamFile
{
    version     2.0;
    format      ascii;
    arch        "LSB;label=32;scalar=64";
    class       volScalarField;
    location    "0.9";
    object      p_0;
}
// * * * * * * * * * * * * * * * * * * * * * * * * * * * * * * * * * * * * * //

dimensions      [1 -1 -2 0 0 0 0];

internalField   nonuniform List<scalar> 
27660
(
193989.1613
193989.1558
193989.157
193989.1543
193989.1548
193989.1534
193989.1534
193989.161
193989.1555
193989.1566
193989.1541
193989.1544
193989.1532
193989.1533
193989.1607
193989.1554
193989.1565
193989.1539
193989.1543
193989.1527
193989.153
193989.1606
193989.1554
193989.1564
193989.1539
193989.1542
193989.1525
193989.1525
193989.1604
193989.1552
193989.1563
193989.1538
193989.1543
193989.1524
193989.1525
193989.1605
193989.1553
193989.1563
193989.1539
193989.1542
193989.1526
193989.1526
193989.1604
193989.1552
193989.1563
193989.1537
193989.154
193989.1523
193989.1525
193989.1605
193989.1553
193989.1564
193989.1539
193989.1541
193989.1525
193989.1527
193989.1605
193989.1552
193989.1563
193989.1537
193989.1541
193989.1523
193989.1525
193989.1605
193989.1554
193989.1564
193989.1539
193989.1542
193989.1526
193989.1525
193989.1605
193989.1553
193989.1564
193989.1539
193989.1543
193989.1524
193989.1524
193989.1606
193989.1555
193989.1566
193989.1541
193989.1545
193989.1528
193989.1526
193989.1607
193989.1555
193989.1567
193989.1541
193989.1546
193989.1529
193989.153
193989.1611
193989.1557
193989.1569
193989.1543
193989.1549
193989.1535
193989.1537
193989.1614
193989.1559
193989.1571
193989.1545
193989.1552
193989.1539
193989.1543
193989.1487
193989.1494
193989.1492
193989.1484
193989.1487
193989.1477
193989.1479
193989.1487
193989.1494
193989.1492
193989.1484
193989.1485
193989.1475
193989.1476
193989.1487
193989.1493
193989.1491
193989.1482
193989.1484
193989.1472
193989.1473
193989.1487
193989.1494
193989.1491
193989.1483
193989.1484
193989.1473
193989.1471
193989.1485
193989.1493
193989.1491
193989.1481
193989.1483
193989.1469
193989.1469
193989.1484
193989.1494
193989.1492
193989.1483
193989.1483
193989.1471
193989.147
193989.1482
193989.1492
193989.1491
193989.1482
193989.1482
193989.1468
193989.1469
193989.1482
193989.1493
193989.1491
193989.1483
193989.1483
193989.1471
193989.1471
193989.1483
193989.1492
193989.149
193989.1481
193989.1482
193989.1469
193989.147
193989.1485
193989.1494
193989.1492
193989.1484
193989.1484
193989.1471
193989.147
193989.1485
193989.1493
193989.1492
193989.1483
193989.1484
193989.147
193989.1468
193989.1487
193989.1495
193989.1493
193989.1485
193989.1486
193989.1474
193989.1471
193989.1487
193989.1494
193989.1493
193989.1484
193989.1486
193989.1474
193989.1476
193989.1488
193989.1495
193989.1494
193989.1486
193989.1488
193989.148
193989.1482
193989.1488
193989.1495
193989.1494
193989.1487
193989.1491
193989.1483
193989.1488
193989.1612
193989.1595
193989.1599
193989.1587
193989.1591
193989.1582
193989.1585
193989.1612
193989.1595
193989.1598
193989.1586
193989.1589
193989.1581
193989.1582
193989.1611
193989.1593
193989.1598
193989.1585
193989.1588
193989.1578
193989.158
193989.1612
193989.1594
193989.1599
193989.1586
193989.1589
193989.1579
193989.1579
193989.1611
193989.1593
193989.1599
193989.1585
193989.1589
193989.1576
193989.1577
193989.1612
193989.1594
193989.16
193989.1588
193989.159
193989.1579
193989.1578
193989.1612
193989.1593
193989.1599
193989.1586
193989.1589
193989.1576
193989.1578
193989.1613
193989.1594
193989.16
193989.1587
193989.159
193989.1579
193989.1579
193989.1612
193989.1593
193989.1599
193989.1586
193989.1589
193989.1576
193989.1578
193989.1613
193989.1595
193989.16
193989.1588
193989.159
193989.1579
193989.1578
193989.1612
193989.1593
193989.1599
193989.1586
193989.159
193989.1577
193989.1577
193989.1612
193989.1595
193989.16
193989.1588
193989.1591
193989.158
193989.158
193989.1612
193989.1594
193989.1599
193989.1586
193989.159
193989.158
193989.1584
193989.1613
193989.1595
193989.1599
193989.1588
193989.1592
193989.1585
193989.1589
193989.1613
193989.1596
193989.16
193989.1588
193989.1594
193989.1588
193989.1594
193989.1419
193989.1416
193989.142
193989.1411
193989.1414
193989.1404
193989.1407
193989.142
193989.1417
193989.142
193989.1411
193989.1413
193989.1402
193989.1403
193989.142
193989.1418
193989.1419
193989.1409
193989.1411
193989.1398
193989.14
193989.1421
193989.1419
193989.142
193989.1411
193989.1411
193989.1399
193989.1398
193989.1419
193989.1418
193989.142
193989.141
193989.1411
193989.1396
193989.1396
193989.142
193989.1419
193989.142
193989.1412
193989.1412
193989.1399
193989.1397
193989.1418
193989.1417
193989.1419
193989.141
193989.1411
193989.1396
193989.1396
193989.1419
193989.1419
193989.142
193989.1412
193989.1412
193989.1399
193989.1397
193989.1418
193989.1417
193989.1419
193989.141
193989.1411
193989.1396
193989.1396
193989.142
193989.1419
193989.142
193989.1412
193989.1412
193989.1399
193989.1396
193989.1419
193989.1418
193989.142
193989.141
193989.1412
193989.1397
193989.1396
193989.1421
193989.1419
193989.1421
193989.1412
193989.1413
193989.1401
193989.1399
193989.142
193989.1418
193989.142
193989.1411
193989.1413
193989.14
193989.1404
193989.142
193989.1418
193989.1421
193989.1412
193989.1415
193989.1407
193989.141
193989.142
193989.1417
193989.1421
193989.1412
193989.1417
193989.141
193989.1416
193989.1643
193989.1637
193989.1636
193989.1629
193989.1632
193989.1627
193989.1632
193989.1645
193989.1638
193989.1636
193989.1629
193989.1631
193989.1627
193989.163
193989.1645
193989.1637
193989.1636
193989.1628
193989.163
193989.1623
193989.1628
193989.1646
193989.1638
193989.1637
193989.163
193989.1631
193989.1626
193989.1628
193989.1645
193989.1636
193989.1637
193989.1629
193989.1632
193989.1624
193989.1627
193989.1646
193989.1638
193989.1639
193989.1633
193989.1634
193989.1628
193989.1629
193989.1644
193989.1635
193989.1638
193989.1631
193989.1634
193989.1625
193989.1629
193989.1645
193989.1637
193989.1639
193989.1633
193989.1635
193989.1629
193989.163
193989.1644
193989.1635
193989.1637
193989.1631
193989.1634
193989.1626
193989.1628
193989.1646
193989.1638
193989.1639
193989.1633
193989.1635
193989.1628
193989.1628
193989.1645
193989.1636
193989.1637
193989.163
193989.1633
193989.1625
193989.1627
193989.1646
193989.1638
193989.1638
193989.1631
193989.1633
193989.1627
193989.1629
193989.1645
193989.1637
193989.1637
193989.1629
193989.1632
193989.1626
193989.1632
193989.1646
193989.1638
193989.1637
193989.163
193989.1633
193989.1631
193989.1637
193989.1645
193989.1638
193989.1637
193989.163
193989.1635
193989.1633
193989.164
193989.1341
193989.1337
193989.1341
193989.133
193989.1335
193989.1321
193989.1325
193989.1343
193989.1338
193989.1341
193989.133
193989.1331
193989.1318
193989.1319
193989.1343
193989.1338
193989.1341
193989.1326
193989.1328
193989.1309
193989.1313
193989.1345
193989.134
193989.1342
193989.1329
193989.1327
193989.1311
193989.1309
193989.1343
193989.1339
193989.1342
193989.1327
193989.1327
193989.1306
193989.1307
193989.1344
193989.134
193989.1344
193989.1331
193989.1329
193989.1311
193989.1307
193989.1341
193989.1338
193989.1342
193989.1328
193989.1329
193989.1307
193989.1307
193989.1342
193989.1339
193989.1343
193989.1331
193989.133
193989.1312
193989.1308
193989.1341
193989.1337
193989.1342
193989.1328
193989.1329
193989.1307
193989.1306
193989.1343
193989.134
193989.1343
193989.1331
193989.133
193989.1311
193989.1307
193989.1342
193989.1338
193989.1342
193989.1328
193989.1329
193989.1307
193989.1306
193989.1344
193989.134
193989.1343
193989.133
193989.1329
193989.1312
193989.131
193989.1343
193989.1338
193989.1342
193989.1328
193989.1329
193989.1312
193989.1316
193989.1344
193989.1339
193989.1342
193989.133
193989.1333
193989.1321
193989.1325
193989.1343
193989.1338
193989.1342
193989.1331
193989.1337
193989.1325
193989.1332
193989.1696
193989.1691
193989.1689
193989.1682
193989.1687
193989.1686
193989.1695
193989.1698
193989.1693
193989.1689
193989.1682
193989.1686
193989.1685
193989.1693
193989.1699
193989.1692
193989.1688
193989.1679
193989.1683
193989.1679
193989.1689
193989.1702
193989.1695
193989.169
193989.1683
193989.1685
193989.1682
193989.1689
193989.17
193989.1693
193989.169
193989.1682
193989.1686
193989.1681
193989.1688
193989.1701
193989.1696
193989.1692
193989.1688
193989.169
193989.1687
193989.1692
193989.1697
193989.1692
193989.169
193989.1685
193989.1691
193989.1685
193989.1692
193989.1699
193989.1694
193989.1692
193989.1689
193989.1694
193989.1691
193989.1695
193989.1696
193989.1691
193989.169
193989.1685
193989.1691
193989.1686
193989.1692
193989.17
193989.1695
193989.1692
193989.1688
193989.1691
193989.1688
193989.1692
193989.1698
193989.1692
193989.169
193989.1683
193989.1687
193989.1682
193989.1688
193989.1701
193989.1695
193989.1691
193989.1684
193989.1686
193989.1684
193989.169
193989.1699
193989.1693
193989.1689
193989.168
193989.1684
193989.1682
193989.1693
193989.1699
193989.1694
193989.169
193989.1682
193989.1686
193989.1688
193989.1699
193989.1698
193989.1692
193989.169
193989.1682
193989.1689
193989.1691
193989.1702
193989.1256
193989.1249
193989.1253
193989.1236
193989.1242
193989.1217
193989.1223
193989.1258
193989.1251
193989.1253
193989.1235
193989.1235
193989.1211
193989.1211
193989.1259
193989.125
193989.1252
193989.1229
193989.1228
193989.1195
193989.12
193989.1261
193989.1253
193989.1254
193989.1231
193989.1226
193989.1195
193989.1192
193989.126
193989.1251
193989.1254
193989.1228
193989.1225
193989.1187
193989.1187
193989.126
193989.1253
193989.1255
193989.1233
193989.1228
193989.1194
193989.1187
193989.1256
193989.1248
193989.1254
193989.123
193989.1228
193989.1188
193989.1186
193989.1256
193989.125
193989.1255
193989.1234
193989.123
193989.1195
193989.1188
193989.1255
193989.1247
193989.1253
193989.123
193989.1229
193989.1189
193989.1186
193989.1257
193989.1251
193989.1254
193989.1234
193989.1229
193989.1194
193989.1187
193989.1257
193989.1249
193989.1254
193989.1229
193989.1227
193989.1188
193989.1187
193989.126
193989.1253
193989.1254
193989.1233
193989.1227
193989.1197
193989.1193
193989.1259
193989.125
193989.1253
193989.123
193989.1229
193989.1197
193989.1204
193989.1259
193989.1251
193989.1253
193989.1234
193989.1235
193989.1213
193989.1217
193989.1257
193989.125
193989.1253
193989.1236
193989.1244
193989.1221
193989.1231
193989.1763
193989.1763
193989.176
193989.1755
193989.1761
193989.1766
193989.1779
193989.1767
193989.1765
193989.1761
193989.1755
193989.1759
193989.1764
193989.1778
193989.1769
193989.1765
193989.176
193989.1751
193989.1755
193989.1757
193989.1774
193989.1773
193989.177
193989.1764
193989.1757
193989.1758
193989.1763
193989.1775
193989.1771
193989.1766
193989.1763
193989.1756
193989.1761
193989.1761
193989.1776
193989.1773
193989.177
193989.1768
193989.1765
193989.1769
193989.1772
193989.1783
193989.1767
193989.1763
193989.1764
193989.1762
193989.1769
193989.1769
193989.1783
193989.1769
193989.1767
193989.1768
193989.1769
193989.1774
193989.1779
193989.1788
193989.1764
193989.1762
193989.1764
193989.1762
193989.177
193989.177
193989.1783
193989.177
193989.1768
193989.1767
193989.1766
193989.177
193989.1773
193989.1782
193989.1768
193989.1765
193989.1763
193989.1758
193989.1762
193989.1761
193989.1775
193989.1772
193989.1769
193989.1765
193989.1759
193989.176
193989.1763
193989.1776
193989.1769
193989.1765
193989.1761
193989.1752
193989.1756
193989.1759
193989.1778
193989.1768
193989.1765
193989.1761
193989.1754
193989.1759
193989.1767
193989.1784
193989.1765
193989.1763
193989.176
193989.1755
193989.1763
193989.1771
193989.1786
193989.1174
193989.1161
193989.1163
193989.1122
193989.1133
193989.107
193989.1083
193989.1176
193989.1162
193989.116
193989.1118
193989.1117
193989.1059
193989.1056
193989.1177
193989.1159
193989.1157
193989.1105
193989.1104
193989.1029
193989.1036
193989.118
193989.1162
193989.1157
193989.1108
193989.1095
193989.1028
193989.1017
193989.1178
193989.1158
193989.1157
193989.1101
193989.1094
193989.101
193989.1008
193989.1177
193989.116
193989.1157
193989.1108
193989.1093
193989.1019
193989.1004
193989.1171
193989.1153
193989.1155
193989.1101
193989.1095
193989.1008
193989.1002
193989.1171
193989.1155
193989.1155
193989.1108
193989.1095
193989.1019
193989.1003
193989.1169
193989.1151
193989.1154
193989.1101
193989.1095
193989.1008
193989.1001
193989.1172
193989.1157
193989.1155
193989.1108
193989.1094
193989.102
193989.1003
193989.1174
193989.1156
193989.1156
193989.1102
193989.1095
193989.101
193989.1007
193989.1177
193989.1161
193989.1157
193989.1109
193989.1096
193989.1028
193989.1017
193989.1177
193989.1159
193989.1158
193989.1106
193989.1105
193989.103
193989.104
193989.1177
193989.1162
193989.1159
193989.1116
193989.1116
193989.1061
193989.1062
193989.1175
193989.1161
193989.1162
193989.1121
193989.1134
193989.1075
193989.109
193989.1831
193989.1837
193989.1834
193989.1846
193989.1854
193989.1875
193989.19
193989.1835
193989.1842
193989.1838
193989.1847
193989.1854
193989.1879
193989.1905
193989.1837
193989.1843
193989.1838
193989.1844
193989.1851
193989.1874
193989.1906
193989.1845
193989.1851
193989.1845
193989.1854
193989.1858
193989.1886
193989.1913
193989.1841
193989.1847
193989.1845
193989.1853
193989.1863
193989.1886
193989.1918
193989.1845
193989.1852
193989.1852
193989.1867
193989.1877
193989.1906
193989.1931
193989.1835
193989.1841
193989.1847
193989.1861
193989.1878
193989.1902
193989.1934
193989.1839
193989.1847
193989.1852
193989.1872
193989.1886
193989.1917
193989.1942
193989.1832
193989.1839
193989.1846
193989.1861
193989.1879
193989.1902
193989.1934
193989.184
193989.1848
193989.185
193989.1867
193989.1878
193989.1906
193989.193
193989.1837
193989.1844
193989.1844
193989.1854
193989.1865
193989.1886
193989.1917
193989.1842
193989.185
193989.1845
193989.1855
193989.1859
193989.1886
193989.1913
193989.1837
193989.1843
193989.1839
193989.1845
193989.1851
193989.1876
193989.1911
193989.1835
193989.1842
193989.1837
193989.1845
193989.1853
193989.1882
193989.1911
193989.1832
193989.1837
193989.1833
193989.1844
193989.1855
193989.188
193989.1907
193989.1125
193989.1097
193989.11
193989.0998
193989.1022
193989.0857
193989.0894
193989.1126
193989.1098
193989.1087
193989.099
193989.0984
193989.0839
193989.0823
193989.1126
193989.1091
193989.1081
193989.0964
193989.0963
193989.0777
193989.079
193989.1127
193989.1094
193989.1073
193989.0967
193989.0934
193989.0775
193989.0736
193989.1124
193989.1084
193989.1072
193989.0949
193989.0931
193989.0733
193989.072
193989.1121
193989.1086
193989.1068
193989.0959
193989.0918
193989.0744
193989.0697
193989.1113
193989.1075
193989.1067
193989.0945
193989.0921
193989.072
193989.0693
193989.1113
193989.1078
193989.1065
193989.0956
193989.0916
193989.0736
193989.0689
193989.111
193989.1072
193989.1065
193989.0945
193989.0921
193989.072
193989.0692
193989.1115
193989.1082
193989.1066
193989.0959
193989.0919
193989.0744
193989.0696
193989.1119
193989.1081
193989.1072
193989.095
193989.0932
193989.0733
193989.0718
193989.1124
193989.1092
193989.1073
193989.0968
193989.0935
193989.0774
193989.0736
193989.1125
193989.1091
193989.1082
193989.0964
193989.0963
193989.0778
193989.0794
193989.1126
193989.1097
193989.1086
193989.0987
193989.0983
193989.0842
193989.0829
193989.1125
193989.1097
193989.1098
193989.0997
193989.1023
193989.0861
193989.0901
193989.1869
193989.188
193989.1883
193989.1931
193989.1947
193989.2015
193989.2066
193989.1874
193989.1888
193989.1889
193989.1941
193989.1958
193989.2033
193989.2085
193989.1878
193989.1892
193989.1892
193989.1944
193989.1962
193989.204
193989.2105
193989.1888
193989.1905
193989.1905
193989.1963
193989.1979
193989.2067
193989.2127
193989.1882
193989.1898
193989.1905
193989.1965
193989.1992
193989.2075
193989.2147
193989.1886
193989.1905
193989.1917
193989.1988
193989.2013
193989.2112
193989.2173
193989.1872
193989.189
193989.191
193989.198
193989.2019
193989.2108
193989.2184
193989.1877
193989.19
193989.1919
193989.2
193989.2033
193989.2135
193989.2196
193989.1868
193989.1887
193989.1908
193989.198
193989.202
193989.2109
193989.2184
193989.188
193989.1901
193989.1915
193989.1988
193989.2014
193989.2112
193989.2171
193989.1877
193989.1895
193989.1905
193989.1966
193989.1994
193989.2075
193989.2146
193989.1885
193989.1903
193989.1906
193989.1964
193989.198
193989.2067
193989.2127
193989.1878
193989.1893
193989.1893
193989.1945
193989.1962
193989.2041
193989.2109
193989.1875
193989.1888
193989.1888
193989.1939
193989.1956
193989.2035
193989.2092
193989.187
193989.188
193989.1881
193989.193
193989.1947
193989.2019
193989.2072
193989.1137
193989.1088
193989.1102
193989.0884
193989.0962
193989.0509
193989.0689
193989.1136
193989.1091
193989.1073
193989.0875
193989.0855
193989.0498
193989.0454
193989.1135
193989.1081
193989.1062
193989.0823
193989.0819
193989.0361
193989.04
193989.1135
193989.1085
193989.1039
193989.0829
193989.0735
193989.036
193989.0228
193989.1129
193989.1068
193989.1039
193989.0791
193989.0731
193989.0268
193989.0196
193989.1124
193989.1069
193989.1031
193989.0805
193989.0691
193989.0274
193989.0113
193989.1111
193989.1051
193989.1031
193989.078
193989.0701
193989.0221
193989.0107
193989.1111
193989.1059
193989.1037
193989.08
193989.0684
193989.0237
193989.0086
193989.1106
193989.1047
193989.1029
193989.078
193989.0702
193989.0221
193989.0107
193989.1116
193989.1063
193989.1028
193989.0805
193989.0692
193989.0274
193989.0111
193989.1122
193989.1063
193989.1039
193989.0793
193989.0733
193989.0267
193989.0194
193989.1131
193989.1083
193989.1039
193989.083
193989.0735
193989.0358
193989.0228
193989.1135
193989.1081
193989.1063
193989.0823
193989.0819
193989.0361
193989.0405
193989.1137
193989.109
193989.1071
193989.0872
193989.0852
193989.05
193989.046
193989.1137
193989.1087
193989.11
193989.0881
193989.0963
193989.0513
193989.0695
193989.1842
193989.1858
193989.1852
193989.1966
193989.1984
193989.2177
193989.2281
193989.1848
193989.1866
193989.1868
193989.1992
193989.2012
193989.2236
193989.2337
193989.1855
193989.1871
193989.188
193989.2007
193989.2037
193989.2273
193989.2404
193989.1871
193989.1889
193989.1906
193989.2041
193989.2077
193989.2345
193989.2464
193989.1863
193989.1878
193989.1912
193989.205
193989.2113
193989.2376
193989.2535
193989.1873
193989.189
193989.1934
193989.2091
193989.2157
193989.2451
193989.2589
193989.1853
193989.1871
193989.1926
193989.2085
193989.218
193989.2458
193989.2635
193989.1866
193989.1887
193989.1943
193989.2129
193989.2215
193989.2514
193989.2652
193989.1848
193989.1867
193989.1924
193989.2086
193989.2183
193989.2461
193989.2635
193989.1864
193989.1884
193989.1931
193989.2091
193989.2159
193989.2451
193989.2587
193989.1856
193989.1874
193989.1911
193989.2053
193989.2116
193989.2377
193989.2533
193989.1866
193989.1886
193989.1906
193989.2043
193989.2077
193989.2343
193989.2463
193989.1855
193989.1872
193989.1882
193989.2008
193989.2036
193989.2273
193989.2409
193989.1849
193989.1866
193989.1866
193989.1989
193989.2009
193989.2238
193989.2343
193989.1842
193989.1857
193989.1849
193989.1964
193989.1984
193989.2182
193989.2288
193989.1211
193989.1133
193989.1198
193989.0842
193989.1106
193988.994
193989.0865
193989.1205
193989.1143
193989.1143
193989.086
193989.0832
193989.0016
193988.9903
193989.1214
193989.1121
193989.1135
193989.0773
193989.0772
193988.9719
193988.9811
193989.1213
193989.1132
193989.1091
193989.0794
193989.0575
193988.9728
193988.9243
193989.12
193989.1098
193989.1099
193989.0738
193989.0593
193988.9548
193988.9158
193989.1182
193989.1095
193989.1092
193989.0767
193989.0503
193988.9523
193988.8876
193989.1161
193989.1074
193989.1108
193989.0757
193989.0575
193988.9398
193988.8868
193989.116
193989.1097
193989.1152
193989.0845
193989.0566
193988.9357
193988.8793
193989.1154
193989.1069
193989.1108
193989.0761
193989.0579
193988.9397
193988.8867
193989.117
193989.1087
193989.1088
193989.0766
193989.0505
193988.9523
193988.8874
193989.119
193989.1091
193989.1098
193989.0742
193989.0598
193988.9547
193988.9156
193989.1207
193989.1128
193989.1091
193989.0794
193989.0575
193988.9724
193988.9242
193989.1214
193989.1121
193989.1136
193989.0773
193989.0772
193988.9717
193988.9817
193989.1205
193989.1142
193989.1141
193989.0854
193989.0828
193989.0015
193988.9911
193989.1211
193989.1132
193989.1195
193989.0838
193989.1106
193988.9944
193989.0874
193989.1695
193989.1744
193989.1661
193989.1936
193989.1785
193989.2326
193989.2301
193989.1706
193989.1754
193989.1665
193989.1973
193989.1842
193989.2495
193989.2491
193989.1707
193989.1732
193989.1681
193989.1972
193989.1912
193989.2626
193989.2699
193989.1723
193989.1738
193989.1706
193989.201
193989.1978
193989.2803
193989.2904
193989.1717
193989.1728
193989.1748
193989.2042
193989.2078
193989.2893
193989.3131
193989.1751
193989.1766
193989.1805
193989.2124
193989.2144
193989.3061
193989.3277
193989.1743
193989.1756
193989.1809
193989.2136
193989.2242
193989.3164
193989.3461
193989.1801
193989.1799
193989.1853
193989.2278
193989.2335
193989.3298
193989.3473
193989.1738
193989.1754
193989.1808
193989.2148
193989.2259
193989.3178
193989.3468
193989.174
193989.1758
193989.1802
193989.2125
193989.2145
193989.3064
193989.3276
193989.1708
193989.1723
193989.1749
193989.205
193989.2085
193989.2894
193989.313
193989.1717
193989.1735
193989.1706
193989.2013
193989.1978
193989.28
193989.2903
193989.1707
193989.1732
193989.1682
193989.1972
193989.1909
193989.2623
193989.2702
193989.1707
193989.1753
193989.1662
193989.1968
193989.1837
193989.2495
193989.2499
193989.1696
193989.1743
193989.1658
193989.1932
193989.1783
193989.2331
193989.2309
193989.1353
193989.1253
193989.1447
193989.0998
193989.1609
193988.9371
193989.247
193989.1327
193989.1292
193989.1382
193989.1079
193989.1152
193988.993
193988.9823
193989.1342
193989.1279
193989.1395
193989.1017
193989.109
193988.9431
193988.9232
193989.1345
193989.1314
193989.1344
193989.1071
193989.0835
193988.9544
193988.7814
193989.1357
193989.1312
193989.1358
193989.1012
193989.0922
193988.9315
193988.7445
193989.1365
193989.1324
193989.1349
193989.1013
193989.0703
193988.9158
193988.6547
193989.1359
193989.1311
193989.1342
193989.0992
193989.0978
193988.8954
193988.6298
193989.1373
193989.1276
193989.1381
193989.1158
193989.0743
193988.8548
193988.6058
193989.1353
193989.1308
193989.1342
193989.1014
193989.1003
193988.8946
193988.6283
193989.1353
193989.1315
193989.1344
193989.1006
193989.0693
193988.9145
193988.6535
193989.1348
193989.1308
193989.1359
193989.1022
193989.0931
193988.9312
193988.7447
193989.1339
193989.131
193989.1343
193989.1069
193989.0832
193988.9533
193988.7813
193989.1342
193989.128
193989.1396
193989.1016
193989.1089
193988.9426
193988.9246
193989.1328
193989.1291
193989.1378
193989.107
193989.1146
193988.9924
193988.9835
193989.1354
193989.1252
193989.1443
193989.0992
193989.1608
193988.9376
193989.248
193989.1568
193989.1566
193989.1477
193989.164
193989.1156
193989.2205
193988.9701
193989.1575
193989.1563
193989.1473
193989.1641
193989.1165
193989.2229
193988.9483
193989.159
193989.1537
193989.151
193989.153
193989.1331
193989.2031
193988.9797
193989.1609
193989.1547
193989.1552
193989.1537
193989.1507
193989.2107
193989.0477
193989.1612
193989.1547
193989.1598
193989.1571
193989.167
193989.1941
193989.0842
193989.1628
193989.1572
193989.1625
193989.157
193989.1698
193989.1816
193989.137
193989.1614
193989.1569
193989.1595
193989.1565
193989.1559
193989.1592
193989.1377
193989.1633
193989.1586
193989.1581
193989.1473
193989.1516
193989.1592
193989.163
193989.1609
193989.1567
193989.1595
193989.1574
193989.1552
193989.1584
193989.1366
193989.1618
193989.1566
193989.1623
193989.1571
193989.1688
193989.1811
193989.1362
193989.1604
193989.1545
193989.1602
193989.1582
193989.1666
193989.1939
193989.0829
193989.1604
193989.1546
193989.1553
193989.154
193989.1501
193989.2104
193989.0473
193989.1591
193989.1539
193989.151
193989.153
193989.1323
193989.2033
193988.98
193989.1575
193989.1563
193989.1468
193989.1634
193989.1155
193989.2233
193988.9494
193989.1568
193989.1564
193989.1471
193989.1636
193989.1152
193989.221
193988.9711
193989.1612
193989.1557
193989.1569
193989.1542
193989.1547
193989.1531
193989.1534
193989.1609
193989.1555
193989.1566
193989.154
193989.1545
193989.153
193989.1531
193989.1605
193989.1552
193989.1564
193989.1538
193989.1543
193989.1526
193989.1527
193989.1604
193989.1552
193989.1563
193989.1539
193989.1543
193989.1526
193989.1525
193989.1601
193989.155
193989.1561
193989.1537
193989.1541
193989.1523
193989.1522
193989.1602
193989.1551
193989.1562
193989.1538
193989.1541
193989.1524
193989.1523
193989.1601
193989.1549
193989.156
193989.1535
193989.1539
193989.1521
193989.1523
193989.1603
193989.155
193989.156
193989.1536
193989.1539
193989.1523
193989.1525
193989.1602
193989.1549
193989.1559
193989.1534
193989.1538
193989.1521
193989.1525
193989.1602
193989.1551
193989.156
193989.1536
193989.1539
193989.1524
193989.1525
193989.1602
193989.155
193989.1561
193989.1535
193989.154
193989.1524
193989.1525
193989.1603
193989.1552
193989.1563
193989.1538
193989.1542
193989.1527
193989.1525
193989.1605
193989.1552
193989.1564
193989.154
193989.1544
193989.1527
193989.1525
193989.1608
193989.1555
193989.1567
193989.1543
193989.1545
193989.1528
193989.1525
193989.1612
193989.1558
193989.157
193989.1544
193989.1546
193989.1528
193989.1527
193989.1487
193989.1493
193989.1492
193989.1484
193989.1486
193989.1476
193989.1479
193989.1486
193989.1493
193989.1491
193989.1483
193989.1485
193989.1475
193989.1476
193989.1485
193989.1492
193989.149
193989.1481
193989.1483
193989.1471
193989.1472
193989.1485
193989.1492
193989.149
193989.1483
193989.1484
193989.1472
193989.1469
193989.1482
193989.149
193989.1489
193989.1481
193989.1482
193989.1468
193989.1466
193989.1482
193989.1491
193989.149
193989.1482
193989.1482
193989.1469
193989.1467
193989.148
193989.1489
193989.1488
193989.1479
193989.148
193989.1466
193989.1467
193989.148
193989.149
193989.1488
193989.148
193989.148
193989.1468
193989.1469
193989.148
193989.1489
193989.1487
193989.1478
193989.1479
193989.1466
193989.1468
193989.1482
193989.1491
193989.1488
193989.148
193989.148
193989.1469
193989.1469
193989.1482
193989.149
193989.1488
193989.148
193989.1481
193989.1469
193989.1469
193989.1484
193989.1492
193989.149
193989.1483
193989.1483
193989.1472
193989.147
193989.1484
193989.1492
193989.1491
193989.1484
193989.1485
193989.1471
193989.147
193989.1485
193989.1493
193989.1492
193989.1486
193989.1485
193989.1473
193989.147
193989.1486
193989.1494
193989.1493
193989.1486
193989.1486
193989.1473
193989.1472
193989.1611
193989.1595
193989.1598
193989.1586
193989.159
193989.1582
193989.1586
193989.1611
193989.1594
193989.1597
193989.1586
193989.1589
193989.1581
193989.1584
193989.161
193989.1591
193989.1597
193989.1584
193989.1588
193989.1577
193989.158
193989.161
193989.1592
193989.1597
193989.1585
193989.1588
193989.1578
193989.1577
193989.1609
193989.1591
193989.1597
193989.1584
193989.1588
193989.1575
193989.1575
193989.161
193989.1592
193989.1598
193989.1586
193989.1588
193989.1577
193989.1575
193989.1609
193989.1591
193989.1597
193989.1583
193989.1587
193989.1574
193989.1576
193989.1611
193989.1592
193989.1597
193989.1584
193989.1587
193989.1576
193989.1577
193989.161
193989.159
193989.1596
193989.1582
193989.1585
193989.1573
193989.1577
193989.161
193989.1592
193989.1597
193989.1584
193989.1586
193989.1576
193989.1577
193989.1609
193989.159
193989.1596
193989.1583
193989.1587
193989.1575
193989.1577
193989.1609
193989.1592
193989.1597
193989.1586
193989.1589
193989.1578
193989.1578
193989.1608
193989.1591
193989.1597
193989.1586
193989.159
193989.1578
193989.1578
193989.161
193989.1593
193989.1598
193989.1588
193989.159
193989.158
193989.1578
193989.1611
193989.1595
193989.1599
193989.1589
193989.1591
193989.158
193989.158
193989.1418
193989.1416
193989.142
193989.1411
193989.1414
193989.1405
193989.1409
193989.1419
193989.1416
193989.1419
193989.141
193989.1412
193989.1403
193989.1406
193989.1418
193989.1416
193989.1418
193989.1408
193989.141
193989.1398
193989.1401
193989.1419
193989.1417
193989.1419
193989.141
193989.141
193989.1399
193989.1397
193989.1417
193989.1416
193989.1418
193989.1408
193989.141
193989.1395
193989.1393
193989.1418
193989.1417
193989.1419
193989.1411
193989.141
193989.1397
193989.1394
193989.1416
193989.1415
193989.1417
193989.1408
193989.1409
193989.1393
193989.1393
193989.1417
193989.1417
193989.1418
193989.1409
193989.1409
193989.1396
193989.1395
193989.1416
193989.1415
193989.1417
193989.1406
193989.1407
193989.1393
193989.1394
193989.1418
193989.1417
193989.1418
193989.1409
193989.1408
193989.1396
193989.1395
193989.1417
193989.1415
193989.1417
193989.1407
193989.1409
193989.1394
193989.1395
193989.1418
193989.1416
193989.1418
193989.141
193989.1411
193989.1399
193989.1397
193989.1417
193989.1415
193989.1418
193989.141
193989.1412
193989.1399
193989.1399
193989.1417
193989.1416
193989.142
193989.1412
193989.1414
193989.1403
193989.1402
193989.1417
193989.1415
193989.142
193989.1413
193989.1415
193989.1404
193989.1405
193989.1643
193989.1636
193989.1636
193989.1629
193989.1632
193989.1629
193989.1635
193989.1644
193989.1637
193989.1635
193989.1628
193989.1631
193989.1628
193989.1633
193989.1643
193989.1635
193989.1634
193989.1626
193989.1629
193989.1624
193989.1629
193989.1645
193989.1637
193989.1636
193989.1629
193989.163
193989.1625
193989.1627
193989.1643
193989.1635
193989.1635
193989.1628
193989.1631
193989.1623
193989.1625
193989.1644
193989.1636
193989.1637
193989.1631
193989.1633
193989.1626
193989.1626
193989.1642
193989.1634
193989.1636
193989.1629
193989.1632
193989.1623
193989.1626
193989.1644
193989.1636
193989.1637
193989.1631
193989.1633
193989.1627
193989.1628
193989.1642
193989.1633
193989.1635
193989.1628
193989.1631
193989.1623
193989.1626
193989.1644
193989.1636
193989.1636
193989.163
193989.1631
193989.1625
193989.1627
193989.1642
193989.1634
193989.1635
193989.1627
193989.163
193989.1622
193989.1626
193989.1643
193989.1636
193989.1635
193989.1629
193989.1631
193989.1625
193989.1627
193989.1642
193989.1634
193989.1635
193989.1628
193989.1631
193989.1625
193989.1629
193989.1642
193989.1636
193989.1636
193989.163
193989.1633
193989.1628
193989.1631
193989.1642
193989.1636
193989.1636
193989.163
193989.1634
193989.1629
193989.1633
193989.1341
193989.1337
193989.1341
193989.133
193989.1335
193989.1322
193989.1328
193989.1342
193989.1338
193989.1341
193989.1329
193989.1331
193989.1319
193989.1322
193989.1342
193989.1337
193989.134
193989.1325
193989.1327
193989.131
193989.1314
193989.1343
193989.1339
193989.1341
193989.1328
193989.1327
193989.1311
193989.1309
193989.1342
193989.1337
193989.1341
193989.1326
193989.1327
193989.1305
193989.1305
193989.1342
193989.1339
193989.1342
193989.133
193989.1329
193989.131
193989.1305
193989.134
193989.1336
193989.1341
193989.1327
193989.1328
193989.1306
193989.1304
193989.1341
193989.1338
193989.1342
193989.133
193989.1329
193989.131
193989.1307
193989.1339
193989.1336
193989.134
193989.1326
193989.1327
193989.1305
193989.1305
193989.1341
193989.1338
193989.1341
193989.1328
193989.1327
193989.1309
193989.1306
193989.134
193989.1336
193989.134
193989.1325
193989.1326
193989.1305
193989.1305
193989.1342
193989.1338
193989.1341
193989.1328
193989.1327
193989.1311
193989.1309
193989.1341
193989.1336
193989.134
193989.1327
193989.1329
193989.1311
193989.1314
193989.1341
193989.1336
193989.1341
193989.133
193989.1332
193989.132
193989.1321
193989.134
193989.1336
193989.1341
193989.1331
193989.1336
193989.1323
193989.1327
193989.1696
193989.1691
193989.1689
193989.1682
193989.1688
193989.1687
193989.1697
193989.1698
193989.1693
193989.1689
193989.1681
193989.1686
193989.1686
193989.1696
193989.1698
193989.1692
193989.1687
193989.1678
193989.1682
193989.168
193989.1691
193989.1701
193989.1695
193989.1689
193989.1682
193989.1684
193989.1682
193989.1689
193989.1699
193989.1692
193989.1689
193989.1681
193989.1685
193989.168
193989.1687
193989.17
193989.1695
193989.1692
193989.1687
193989.169
193989.1687
193989.169
193989.1696
193989.169
193989.169
193989.1685
193989.169
193989.1684
193989.169
193989.1698
193989.1693
193989.1691
193989.1688
193989.1693
193989.169
193989.1694
193989.1695
193989.1689
193989.1688
193989.1684
193989.1689
193989.1684
193989.1691
193989.1698
193989.1693
193989.169
193989.1686
193989.1689
193989.1686
193989.1691
193989.1697
193989.1691
193989.1688
193989.1681
193989.1685
193989.168
193989.1687
193989.1699
193989.1693
193989.1689
193989.1682
193989.1684
193989.1682
193989.1689
193989.1697
193989.1691
193989.1687
193989.1679
193989.1683
193989.1681
193989.1691
193989.1697
193989.1691
193989.1688
193989.1681
193989.1686
193989.1687
193989.1695
193989.1695
193989.169
193989.1689
193989.1682
193989.1689
193989.1688
193989.1697
193989.1256
193989.125
193989.1254
193989.1237
193989.1243
193989.1218
193989.1227
193989.1258
193989.1251
193989.1253
193989.1235
193989.1236
193989.1212
193989.1215
193989.1259
193989.125
193989.1252
193989.1228
193989.1228
193989.1196
193989.1202
193989.1261
193989.1253
193989.1253
193989.123
193989.1225
193989.1196
193989.1192
193989.1259
193989.125
193989.1253
193989.1227
193989.1225
193989.1186
193989.1186
193989.1259
193989.1252
193989.1255
193989.1233
193989.1227
193989.1193
193989.1185
193989.1255
193989.1248
193989.1253
193989.123
193989.1228
193989.1188
193989.1185
193989.1255
193989.1249
193989.1254
193989.1234
193989.1229
193989.1195
193989.1187
193989.1253
193989.1246
193989.1252
193989.1229
193989.1227
193989.1187
193989.1185
193989.1256
193989.1249
193989.1253
193989.1232
193989.1227
193989.1193
193989.1186
193989.1256
193989.1248
193989.1252
193989.1227
193989.1225
193989.1186
193989.1186
193989.1258
193989.1251
193989.1253
193989.1231
193989.1225
193989.1195
193989.1192
193989.1257
193989.1249
193989.1252
193989.1229
193989.1229
193989.1197
193989.1203
193989.1257
193989.125
193989.1252
193989.1234
193989.1236
193989.1213
193989.1215
193989.1255
193989.1248
193989.1253
193989.1236
193989.1244
193989.1219
193989.1226
193989.1764
193989.1763
193989.1761
193989.1756
193989.1762
193989.1768
193989.1783
193989.1768
193989.1766
193989.1761
193989.1755
193989.176
193989.1767
193989.1782
193989.1769
193989.1765
193989.176
193989.1751
193989.1755
193989.1759
193989.1777
193989.1773
193989.1769
193989.1764
193989.1757
193989.1758
193989.1763
193989.1776
193989.1771
193989.1766
193989.1763
193989.1756
193989.176
193989.176
193989.1774
193989.1773
193989.177
193989.1767
193989.1765
193989.1769
193989.1772
193989.1781
193989.1766
193989.1763
193989.1764
193989.1762
193989.177
193989.1769
193989.1782
193989.1768
193989.1766
193989.1767
193989.1769
193989.1774
193989.1778
193989.1787
193989.1764
193989.1761
193989.1763
193989.1761
193989.1769
193989.1769
193989.1782
193989.1769
193989.1767
193989.1766
193989.1764
193989.1768
193989.1771
193989.1781
193989.1767
193989.1764
193989.1762
193989.1756
193989.176
193989.176
193989.1775
193989.1771
193989.1768
193989.1763
193989.1757
193989.1758
193989.1763
193989.1776
193989.1768
193989.1764
193989.176
193989.1751
193989.1756
193989.176
193989.1778
193989.1766
193989.1764
193989.176
193989.1754
193989.176
193989.1768
193989.1782
193989.1763
193989.1762
193989.1759
193989.1755
193989.1763
193989.1769
193989.1782
193989.1175
193989.1162
193989.1164
193989.1123
193989.1134
193989.1073
193989.1087
193989.1177
193989.1163
193989.1161
193989.1118
193989.1118
193989.1062
193989.1061
193989.1178
193989.116
193989.1158
193989.1105
193989.1105
193989.103
193989.104
193989.118
193989.1163
193989.1157
193989.1107
193989.1094
193989.1028
193989.1018
193989.1178
193989.1158
193989.1157
193989.11
193989.1093
193989.1009
193989.1007
193989.1177
193989.116
193989.1157
193989.1108
193989.1093
193989.1019
193989.1003
193989.1171
193989.1153
193989.1156
193989.1102
193989.1095
193989.1008
193989.1001
193989.1171
193989.1155
193989.1155
193989.1109
193989.1095
193989.1019
193989.1003
193989.1168
193989.1151
193989.1154
193989.1101
193989.1095
193989.1008
193989.1001
193989.1172
193989.1156
193989.1155
193989.1107
193989.1093
193989.1019
193989.1003
193989.1173
193989.1155
193989.1155
193989.11
193989.1094
193989.1009
193989.1008
193989.1177
193989.1161
193989.1156
193989.1108
193989.1095
193989.1028
193989.1018
193989.1176
193989.1159
193989.1157
193989.1105
193989.1105
193989.1031
193989.1041
193989.1176
193989.1161
193989.1159
193989.1117
193989.1117
193989.1062
193989.1061
193989.1174
193989.116
193989.1162
193989.1122
193989.1135
193989.1074
193989.1087
193989.1832
193989.1839
193989.1835
193989.1846
193989.1855
193989.1879
193989.1905
193989.1836
193989.1843
193989.1839
193989.1848
193989.1855
193989.1883
193989.1911
193989.1838
193989.1844
193989.1838
193989.1844
193989.1851
193989.1876
193989.191
193989.1846
193989.1852
193989.1845
193989.1853
193989.1857
193989.1886
193989.1914
193989.1842
193989.1847
193989.1845
193989.1852
193989.1862
193989.1885
193989.1917
193989.1845
193989.1852
193989.1852
193989.1867
193989.1877
193989.1905
193989.193
193989.1836
193989.1842
193989.1848
193989.1862
193989.1879
193989.1901
193989.1933
193989.1839
193989.1847
193989.1853
193989.1873
193989.1887
193989.1917
193989.1942
193989.1832
193989.1839
193989.1846
193989.1861
193989.1879
193989.1902
193989.1934
193989.184
193989.1848
193989.185
193989.1866
193989.1877
193989.1905
193989.193
193989.1837
193989.1844
193989.1844
193989.1853
193989.1863
193989.1885
193989.1918
193989.1842
193989.185
193989.1845
193989.1854
193989.1858
193989.1886
193989.1915
193989.1837
193989.1843
193989.1838
193989.1844
193989.1852
193989.1877
193989.1912
193989.1835
193989.1841
193989.1837
193989.1846
193989.1855
193989.1883
193989.1911
193989.183
193989.1836
193989.1833
193989.1846
193989.1856
193989.188
193989.1904
193989.1126
193989.1099
193989.1101
193989.0999
193989.1024
193989.086
193989.0901
193989.1127
193989.1099
193989.1089
193989.0991
193989.0986
193989.0843
193989.083
193989.1127
193989.1092
193989.1082
193989.0963
193989.0963
193989.0779
193989.0795
193989.1129
193989.1095
193989.1074
193989.0966
193989.0933
193989.0775
193989.0738
193989.1125
193989.1086
193989.1073
193989.0949
193989.093
193989.0732
193989.0719
193989.1122
193989.1087
193989.1069
193989.096
193989.0918
193989.0743
193989.0696
193989.1114
193989.1076
193989.1068
193989.0947
193989.0922
193989.072
193989.0692
193989.1113
193989.1079
193989.1067
193989.0957
193989.0918
193989.0736
193989.069
193989.111
193989.1073
193989.1066
193989.0946
193989.0922
193989.072
193989.0692
193989.1116
193989.1082
193989.1066
193989.0959
193989.0918
193989.0743
193989.0696
193989.1119
193989.1082
193989.1071
193989.0949
193989.093
193989.0732
193989.0719
193989.1125
193989.1092
193989.1073
193989.0966
193989.0934
193989.0775
193989.0738
193989.1126
193989.1091
193989.1081
193989.0963
193989.0963
193989.078
193989.0796
193989.1126
193989.1097
193989.1086
193989.0988
193989.0985
193989.0844
193989.083
193989.1124
193989.1096
193989.1098
193989.0998
193989.1024
193989.0861
193989.0899
193989.1871
193989.1882
193989.1885
193989.1933
193989.1949
193989.2019
193989.2073
193989.1877
193989.189
193989.1891
193989.1942
193989.196
193989.2037
193989.2093
193989.188
193989.1894
193989.1893
193989.1944
193989.1962
193989.2041
193989.211
193989.1891
193989.1907
193989.1906
193989.1963
193989.1978
193989.2067
193989.2128
193989.1884
193989.19
193989.1907
193989.1964
193989.1991
193989.2074
193989.2146
193989.1888
193989.1907
193989.1919
193989.1989
193989.2014
193989.2111
193989.2171
193989.1873
193989.1891
193989.1912
193989.1982
193989.2021
193989.2109
193989.2184
193989.1878
193989.1901
193989.192
193989.2002
193989.2035
193989.2136
193989.2197
193989.1868
193989.1888
193989.1909
193989.1981
193989.2021
193989.2109
193989.2184
193989.188
193989.1902
193989.1916
193989.1988
193989.2014
193989.2111
193989.2171
193989.1878
193989.1896
193989.1905
193989.1965
193989.1992
193989.2074
193989.2147
193989.1886
193989.1904
193989.1905
193989.1963
193989.1979
193989.2067
193989.2129
193989.1879
193989.1893
193989.1893
193989.1944
193989.1963
193989.2043
193989.2112
193989.1875
193989.1888
193989.1888
193989.194
193989.1958
193989.2038
193989.2094
193989.1869
193989.1879
193989.1882
193989.1931
193989.1949
193989.2021
193989.2072
193989.1139
193989.1089
193989.1104
193989.0885
193989.0964
193989.0513
193989.0697
193989.1139
193989.1093
193989.1074
193989.0876
193989.0857
193989.0503
193989.0463
193989.1138
193989.1083
193989.1063
193989.0823
193989.0819
193989.0362
193989.0406
193989.1138
193989.1088
193989.104
193989.0829
193989.0733
193989.0359
193989.0229
193989.1132
193989.107
193989.1041
193989.0791
193989.073
193989.0265
193989.0194
193989.1126
193989.1071
193989.1033
193989.0807
193989.0691
193989.0273
193989.0111
193989.1113
193989.1052
193989.1033
193989.0783
193989.0703
193989.0221
193989.0106
193989.1112
193989.106
193989.1039
193989.0803
193989.0687
193989.0238
193989.0086
193989.1107
193989.1048
193989.103
193989.0782
193989.0703
193989.0221
193989.0107
193989.1117
193989.1064
193989.1029
193989.0805
193989.0692
193989.0273
193989.0111
193989.1124
193989.1064
193989.1039
193989.0792
193989.0732
193989.0266
193989.0196
193989.1133
193989.1084
193989.1038
193989.0829
193989.0734
193989.0359
193989.023
193989.1136
193989.1082
193989.1063
193989.0822
193989.0819
193989.0364
193989.0409
193989.1137
193989.1091
193989.1071
193989.0873
193989.0855
193989.0504
193989.0464
193989.1137
193989.1086
193989.1101
193989.0883
193989.0965
193989.0515
193989.0696
193989.1844
193989.186
193989.1853
193989.1968
193989.1987
193989.2183
193989.229
193989.1851
193989.1869
193989.187
193989.1994
193989.2014
193989.2242
193989.2347
193989.1858
193989.1874
193989.1882
193989.2007
193989.2037
193989.2275
193989.2411
193989.1875
193989.1892
193989.1908
193989.2041
193989.2075
193989.2344
193989.2466
193989.1867
193989.1881
193989.1914
193989.205
193989.2111
193989.2373
193989.2533
193989.1875
193989.1893
193989.1937
193989.2093
193989.2158
193989.245
193989.2587
193989.1855
193989.1873
193989.1929
193989.2088
193989.2182
193989.2458
193989.2633
193989.1867
193989.1889
193989.1946
193989.2133
193989.2219
193989.2517
193989.2653
193989.1848
193989.1868
193989.1926
193989.2088
193989.2185
193989.2462
193989.2635
193989.1865
193989.1885
193989.1932
193989.2092
193989.2159
193989.2452
193989.2589
193989.1858
193989.1875
193989.1911
193989.2052
193989.2115
193989.2376
193989.2535
193989.1869
193989.1888
193989.1906
193989.2041
193989.2076
193989.2345
193989.2468
193989.1857
193989.1873
193989.1881
193989.2007
193989.2036
193989.2277
193989.2413
193989.185
193989.1867
193989.1866
193989.199
193989.2012
193989.2243
193989.2348
193989.1842
193989.1857
193989.185
193989.1966
193989.1987
193989.2184
193989.2289
193989.1213
193989.1134
193989.12
193989.0843
193989.1109
193988.9946
193989.0875
193989.1208
193989.1146
193989.1145
193989.0861
193989.0835
193989.0022
193988.9915
193989.1218
193989.1124
193989.1137
193989.0773
193989.0771
193988.9721
193988.9818
193989.1217
193989.1135
193989.1093
193989.0793
193989.0572
193988.9726
193988.9244
193989.1204
193989.1101
193989.1101
193989.0738
193989.059
193988.9544
193988.9155
193989.1185
193989.1099
193989.1095
193989.0769
193989.0503
193988.9521
193988.8873
193989.1163
193989.1076
193989.1111
193989.0761
193989.0577
193988.9397
193988.8866
193989.1161
193989.1098
193989.1155
193989.0849
193989.057
193988.9358
193988.8793
193989.1155
193989.107
193989.111
193989.0764
193989.0581
193988.9398
193988.8868
193989.1171
193989.1088
193989.1089
193989.0767
193989.0505
193988.9523
193988.8875
193989.1192
193989.1092
193989.1099
193989.0741
193989.0596
193988.9547
193988.9159
193989.1209
193989.1129
193989.1091
193989.0792
193989.0574
193988.9726
193988.9247
193989.1216
193989.1122
193989.1136
193989.0772
193989.0773
193988.9722
193988.9823
193989.1206
193989.1143
193989.1141
193989.0856
193989.0832
193989.0021
193988.9915
193989.1211
193989.1132
193989.1196
193989.0841
193989.111
193988.9946
193989.0874
193989.1697
193989.1746
193989.1663
193989.1938
193989.1788
193989.2333
193989.2312
193989.1709
193989.1756
193989.1666
193989.1974
193989.1845
193989.2502
193989.2504
193989.1711
193989.1735
193989.1683
193989.1972
193989.1911
193989.2628
193989.2706
193989.1727
193989.1742
193989.1708
193989.2009
193989.1975
193989.2801
193989.2906
193989.1721
193989.1732
193989.175
193989.2042
193989.2075
193989.2889
193989.3128
193989.1755
193989.177
193989.1808
193989.2126
193989.2144
193989.3059
193989.3273
193989.1745
193989.1759
193989.1813
193989.214
193989.2244
193989.3164
193989.3458
193989.1802
193989.1801
193989.1857
193989.2283
193989.2339
193989.33
193989.3473
193989.1738
193989.1755
193989.181
193989.2151
193989.2261
193989.3179
193989.3469
193989.1742
193989.176
193989.1803
193989.2126
193989.2146
193989.3066
193989.3279
193989.171
193989.1724
193989.1749
193989.2049
193989.2084
193989.2895
193989.3134
193989.1719
193989.1737
193989.1707
193989.2012
193989.1977
193989.2803
193989.2909
193989.1709
193989.1734
193989.1682
193989.1972
193989.1911
193989.2628
193989.2709
193989.1708
193989.1754
193989.1662
193989.1969
193989.1841
193989.2501
193989.2503
193989.1696
193989.1743
193989.1659
193989.1935
193989.1787
193989.2333
193989.2308
193989.1355
193989.1255
193989.1448
193989.1
193989.1612
193988.9378
193989.2482
193989.133
193989.1295
193989.1384
193989.108
193989.1155
193988.9937
193988.9837
193989.1346
193989.1282
193989.1396
193989.1016
193989.1089
193988.9432
193988.924
193989.135
193989.1318
193989.1345
193989.107
193989.0831
193988.9541
193988.7817
193989.1362
193989.1316
193989.136
193989.1012
193989.0918
193988.931
193988.7443
193989.1369
193989.1329
193989.1352
193989.1016
193989.0702
193988.9155
193988.6544
193989.1362
193989.1315
193989.1346
193989.0995
193989.098
193988.8954
193988.6295
193989.1375
193989.1279
193989.1385
193989.1162
193989.0747
193988.855
193988.6057
193989.1354
193989.131
193989.1345
193989.1017
193989.1006
193988.8947
193988.6285
193989.1354
193989.1317
193989.1346
193989.1007
193989.0694
193988.9146
193988.6539
193989.135
193989.1309
193989.136
193989.1022
193989.093
193988.9314
193988.7453
193989.1341
193989.1311
193989.1343
193989.1068
193989.0833
193988.9538
193988.7822
193989.1344
193989.128
193989.1395
193989.1016
193989.1092
193988.9432
193988.9254
193989.1328
193989.1291
193989.1379
193989.1073
193989.1151
193988.9931
193988.984
193989.1353
193989.1251
193989.1444
193989.0996
193989.1613
193988.9378
193989.2477
193989.157
193989.1567
193989.1479
193989.1643
193989.1159
193989.2212
193988.9713
193989.1577
193989.1566
193989.1474
193989.1642
193989.1168
193989.2237
193988.9496
193989.1594
193989.154
193989.1511
193989.153
193989.133
193989.2034
193988.9804
193989.1614
193989.1551
193989.1553
193989.1535
193989.1503
193989.2106
193989.0478
193989.1616
193989.155
193989.16
193989.1571
193989.1667
193989.1937
193989.0838
193989.1633
193989.1576
193989.1629
193989.1572
193989.1698
193989.1814
193989.1366
193989.1618
193989.1572
193989.1599
193989.1569
193989.156
193989.1592
193989.1373
193989.1635
193989.1589
193989.1586
193989.1477
193989.1518
193989.1593
193989.1629
193989.161
193989.1569
193989.1598
193989.1577
193989.1553
193989.1586
193989.1365
193989.162
193989.1568
193989.1625
193989.1572
193989.1689
193989.1813
193989.1366
193989.1606
193989.1547
193989.1602
193989.1581
193989.1666
193989.1943
193989.0834
193989.1606
193989.1547
193989.1553
193989.154
193989.1502
193989.2111
193989.0481
193989.1592
193989.1539
193989.151
193989.1531
193989.1327
193989.2042
193988.9806
193989.1575
193989.1563
193989.1469
193989.1638
193989.1161
193989.2241
193988.9496
193989.1567
193989.1564
193989.1473
193989.164
193989.1156
193989.2211
193988.9708
193989.1613
193989.1559
193989.157
193989.1545
193989.1546
193989.1529
193989.1527
193989.161
193989.1557
193989.1568
193989.1544
193989.1546
193989.153
193989.1527
193989.1607
193989.1555
193989.1566
193989.1542
193989.1545
193989.1529
193989.1527
193989.1605
193989.1554
193989.1565
193989.1543
193989.1545
193989.153
193989.1528
193989.1603
193989.1552
193989.1564
193989.154
193989.1544
193989.1527
193989.1527
193989.1604
193989.1553
193989.1564
193989.1541
193989.1543
193989.1528
193989.1527
193989.1605
193989.1552
193989.1563
193989.1538
193989.1542
193989.1525
193989.1527
193989.1607
193989.1555
193989.1564
193989.1539
193989.1542
193989.1527
193989.1528
193989.1606
193989.1554
193989.1564
193989.1538
193989.1541
193989.1524
193989.1527
193989.1607
193989.1556
193989.1565
193989.154
193989.1543
193989.1527
193989.1526
193989.1607
193989.1555
193989.1565
193989.154
193989.1544
193989.1525
193989.1525
193989.1608
193989.1556
193989.1567
193989.1542
193989.1545
193989.1529
193989.1527
193989.1608
193989.1556
193989.1567
193989.1541
193989.1547
193989.153
193989.1531
193989.1611
193989.1557
193989.1569
193989.1544
193989.1549
193989.1535
193989.1538
193989.1614
193989.1559
193989.1571
193989.1546
193989.1553
193989.154
193989.1544
193989.1487
193989.1494
193989.1493
193989.1486
193989.1486
193989.1474
193989.1472
193989.1487
193989.1495
193989.1493
193989.1487
193989.1487
193989.1475
193989.1472
193989.1486
193989.1494
193989.1493
193989.1486
193989.1486
193989.1474
193989.1472
193989.1486
193989.1494
193989.1493
193989.1487
193989.1487
193989.1475
193989.1472
193989.1484
193989.1492
193989.1492
193989.1484
193989.1485
193989.1472
193989.1471
193989.1484
193989.1494
193989.1492
193989.1485
193989.1484
193989.1473
193989.1472
193989.1483
193989.1493
193989.1491
193989.1482
193989.1483
193989.147
193989.1471
193989.1484
193989.1494
193989.1492
193989.1484
193989.1483
193989.1472
193989.1472
193989.1484
193989.1494
193989.1492
193989.1482
193989.1483
193989.1469
193989.1471
193989.1487
193989.1496
193989.1493
193989.1485
193989.1485
193989.1472
193989.1471
193989.1487
193989.1495
193989.1493
193989.1484
193989.1485
193989.1471
193989.1469
193989.1488
193989.1496
193989.1494
193989.1486
193989.1486
193989.1474
193989.1472
193989.1488
193989.1495
193989.1494
193989.1485
193989.1487
193989.1475
193989.1477
193989.1488
193989.1495
193989.1494
193989.1486
193989.1489
193989.1481
193989.1483
193989.1488
193989.1495
193989.1494
193989.1487
193989.1491
193989.1484
193989.1489
193989.1612
193989.1595
193989.1599
193989.1589
193989.1591
193989.158
193989.1581
193989.1611
193989.1595
193989.1599
193989.1588
193989.1591
193989.1581
193989.158
193989.161
193989.1593
193989.1599
193989.1588
193989.1591
193989.1579
193989.1579
193989.1611
193989.1594
193989.16
193989.1589
193989.1591
193989.1581
193989.158
193989.1611
193989.1593
193989.1599
193989.1587
193989.159
193989.1578
193989.1579
193989.1613
193989.1595
193989.16
193989.1588
193989.159
193989.158
193989.158
193989.1613
193989.1594
193989.16
193989.1586
193989.1589
193989.1577
193989.1579
193989.1615
193989.1596
193989.1601
193989.1588
193989.159
193989.1579
193989.1581
193989.1614
193989.1595
193989.1601
193989.1587
193989.159
193989.1577
193989.1579
193989.1615
193989.1597
193989.1602
193989.1589
193989.1591
193989.158
193989.1579
193989.1613
193989.1595
193989.1601
193989.1588
193989.1591
193989.1578
193989.1578
193989.1614
193989.1596
193989.1601
193989.1589
193989.1591
193989.1581
193989.158
193989.1612
193989.1595
193989.16
193989.1587
193989.1591
193989.158
193989.1584
193989.1613
193989.1596
193989.1599
193989.1588
193989.1592
193989.1585
193989.159
193989.1613
193989.1596
193989.16
193989.1588
193989.1594
193989.1589
193989.1595
193989.1418
193989.1416
193989.1421
193989.1412
193989.1415
193989.1404
193989.1406
193989.1419
193989.1417
193989.1421
193989.1412
193989.1414
193989.1403
193989.1403
193989.1419
193989.1417
193989.142
193989.1411
193989.1413
193989.14
193989.14
193989.142
193989.1419
193989.142
193989.1412
193989.1413
193989.1401
193989.1399
193989.1419
193989.1418
193989.142
193989.1411
193989.1412
193989.1397
193989.1397
193989.142
193989.142
193989.1421
193989.1413
193989.1412
193989.14
193989.1398
193989.1419
193989.1418
193989.142
193989.141
193989.1411
193989.1396
193989.1397
193989.1421
193989.142
193989.1421
193989.1413
193989.1412
193989.14
193989.1398
193989.142
193989.1419
193989.1421
193989.1411
193989.1412
193989.1397
193989.1397
193989.1422
193989.1421
193989.1422
193989.1414
193989.1413
193989.14
193989.1398
193989.1421
193989.142
193989.1421
193989.1412
193989.1413
193989.1398
193989.1397
193989.1422
193989.142
193989.1422
193989.1413
193989.1413
193989.1401
193989.1399
193989.1421
193989.1419
193989.1421
193989.1411
193989.1413
193989.14
193989.1404
193989.1421
193989.1418
193989.1421
193989.1412
193989.1414
193989.1407
193989.141
193989.142
193989.1417
193989.1421
193989.1412
193989.1417
193989.141
193989.1416
193989.1642
193989.1636
193989.1636
193989.163
193989.1633
193989.1629
193989.1633
193989.1644
193989.1637
193989.1636
193989.163
193989.1632
193989.1628
193989.1631
193989.1644
193989.1636
193989.1636
193989.1628
193989.1631
193989.1625
193989.1629
193989.1646
193989.1638
193989.1637
193989.1631
193989.1632
193989.1627
193989.1629
193989.1645
193989.1637
193989.1637
193989.163
193989.1632
193989.1625
193989.1628
193989.1647
193989.1639
193989.1639
193989.1633
193989.1635
193989.1628
193989.1629
193989.1645
193989.1637
193989.1639
193989.1631
193989.1634
193989.1626
193989.1629
193989.1647
193989.1639
193989.164
193989.1634
193989.1636
193989.163
193989.1631
193989.1645
193989.1637
193989.1639
193989.1632
193989.1635
193989.1627
193989.163
193989.1647
193989.1639
193989.164
193989.1634
193989.1636
193989.1629
193989.163
193989.1646
193989.1638
193989.1639
193989.1631
193989.1634
193989.1625
193989.1628
193989.1647
193989.1639
193989.1639
193989.1632
193989.1633
193989.1627
193989.1629
193989.1646
193989.1638
193989.1637
193989.1629
193989.1632
193989.1626
193989.1632
193989.1646
193989.1639
193989.1637
193989.163
193989.1632
193989.163
193989.1637
193989.1645
193989.1638
193989.1637
193989.163
193989.1635
193989.1633
193989.1641
193989.134
193989.1336
193989.1341
193989.1331
193989.1335
193989.1322
193989.1326
193989.1342
193989.1337
193989.1341
193989.133
193989.1331
193989.1318
193989.132
193989.1342
193989.1337
193989.1341
193989.1327
193989.1328
193989.1311
193989.1314
193989.1344
193989.134
193989.1342
193989.1329
193989.1328
193989.1312
193989.131
193989.1344
193989.1339
193989.1343
193989.1328
193989.1328
193989.1307
193989.1307
193989.1345
193989.1341
193989.1344
193989.1331
193989.133
193989.1311
193989.1308
193989.1343
193989.1339
193989.1343
193989.1329
193989.133
193989.1308
193989.1307
193989.1343
193989.1341
193989.1344
193989.1332
193989.1331
193989.1313
193989.1309
193989.1342
193989.1339
193989.1343
193989.1329
193989.133
193989.1308
193989.1308
193989.1344
193989.1341
193989.1345
193989.1332
193989.1331
193989.1313
193989.1308
193989.1343
193989.1339
193989.1344
193989.1329
193989.133
193989.1308
193989.1307
193989.1345
193989.1341
193989.1344
193989.1331
193989.133
193989.1312
193989.131
193989.1344
193989.1339
193989.1343
193989.1328
193989.1329
193989.1311
193989.1316
193989.1344
193989.1339
193989.1342
193989.133
193989.1332
193989.1321
193989.1325
193989.1343
193989.1338
193989.1341
193989.1331
193989.1337
193989.1326
193989.1333
193989.1695
193989.1691
193989.1689
193989.1682
193989.1688
193989.1687
193989.1696
193989.1697
193989.1692
193989.1689
193989.1681
193989.1685
193989.1685
193989.1694
193989.1699
193989.1692
193989.1688
193989.1679
193989.1683
193989.168
193989.169
193989.1702
193989.1696
193989.169
193989.1683
193989.1685
193989.1683
193989.169
193989.1701
193989.1694
193989.169
193989.1682
193989.1686
193989.1681
193989.1689
193989.1702
193989.1697
193989.1693
193989.1688
193989.1691
193989.1688
193989.1693
193989.1699
193989.1693
193989.1691
193989.1686
193989.1691
193989.1686
193989.1693
193989.17
193989.1695
193989.1693
193989.169
193989.1695
193989.1692
193989.1696
193989.1697
193989.1692
193989.1691
193989.1686
193989.1692
193989.1687
193989.1693
193989.17
193989.1695
193989.1693
193989.1689
193989.1693
193989.169
193989.1693
193989.1699
193989.1693
193989.1691
193989.1685
193989.1689
193989.1683
193989.1689
193989.1702
193989.1696
193989.1692
193989.1685
193989.1687
193989.1684
193989.169
193989.17
193989.1694
193989.169
193989.168
193989.1684
193989.1681
193989.1692
193989.17
193989.1694
193989.169
193989.1681
193989.1686
193989.1687
193989.1698
193989.1698
193989.1692
193989.169
193989.1682
193989.1689
193989.1691
193989.1702
193989.1255
193989.1248
193989.1253
193989.1236
193989.1243
193989.1218
193989.1225
193989.1257
193989.125
193989.1252
193989.1234
193989.1234
193989.121
193989.1212
193989.1258
193989.125
193989.1252
193989.1228
193989.1228
193989.1196
193989.1201
193989.1261
193989.1253
193989.1253
193989.1231
193989.1225
193989.1196
193989.1193
193989.126
193989.1251
193989.1254
193989.1228
193989.1226
193989.1187
193989.1188
193989.1261
193989.1253
193989.1256
193989.1234
193989.1228
193989.1194
193989.1187
193989.1257
193989.1249
193989.1255
193989.123
193989.1229
193989.1189
193989.1187
193989.1257
193989.1251
193989.1255
193989.1235
193989.123
193989.1196
193989.1189
193989.1255
193989.1248
193989.1254
193989.1231
193989.123
193989.119
193989.1187
193989.1258
193989.1251
193989.1255
193989.1235
193989.123
193989.1196
193989.1188
193989.1258
193989.125
193989.1255
193989.123
193989.1228
193989.1189
193989.1187
193989.1261
193989.1254
193989.1255
193989.1234
193989.1228
193989.1196
193989.1192
193989.126
193989.1251
193989.1254
193989.123
193989.1229
193989.1196
193989.1203
193989.126
193989.1252
193989.1253
193989.1234
193989.1234
193989.1213
193989.1217
193989.1258
193989.125
193989.1253
193989.1236
193989.1244
193989.1222
193989.1231
193989.1763
193989.1762
193989.1759
193989.1755
193989.1762
193989.1767
193989.1781
193989.1766
193989.1764
193989.176
193989.1754
193989.1758
193989.1764
193989.1779
193989.1768
193989.1765
193989.176
193989.1751
193989.1755
193989.1758
193989.1775
193989.1774
193989.177
193989.1764
193989.1757
193989.1758
193989.1763
193989.1776
193989.1772
193989.1767
193989.1764
193989.1757
193989.1761
193989.1761
193989.1776
193989.1774
193989.177
193989.1768
193989.1766
193989.1769
193989.1773
193989.1783
193989.1767
193989.1764
193989.1765
193989.1762
193989.177
193989.177
193989.1784
193989.1769
193989.1768
193989.1768
193989.1769
193989.1775
193989.178
193989.1789
193989.1765
193989.1762
193989.1764
193989.1763
193989.1771
193989.1771
193989.1784
193989.177
193989.1768
193989.1768
193989.1767
193989.1771
193989.1774
193989.1783
193989.1769
193989.1765
193989.1764
193989.1759
193989.1764
193989.1762
193989.1775
193989.1773
193989.177
193989.1766
193989.176
193989.176
193989.1763
193989.1776
193989.177
193989.1766
193989.1762
193989.1752
193989.1755
193989.1758
193989.1777
193989.1769
193989.1766
193989.1761
193989.1754
193989.1758
193989.1766
193989.1784
193989.1765
193989.1763
193989.1759
193989.1755
193989.1763
193989.1771
193989.1786
193989.1173
193989.116
193989.1162
193989.1121
193989.1133
193989.1071
193989.1084
193989.1175
193989.1161
193989.1159
193989.1116
193989.1115
193989.1058
193989.1056
193989.1176
193989.1159
193989.1157
193989.1104
193989.1104
193989.1029
193989.1037
193989.1179
193989.1162
193989.1156
193989.1108
193989.1095
193989.1028
193989.1018
193989.1178
193989.1158
193989.1157
193989.11
193989.1094
193989.101
193989.1009
193989.1177
193989.116
193989.1157
193989.1108
193989.1093
193989.102
193989.1004
193989.1172
193989.1153
193989.1155
193989.1101
193989.1095
193989.1008
193989.1002
193989.1171
193989.1155
193989.1155
193989.1108
193989.1095
193989.102
193989.1004
193989.1169
193989.1151
193989.1154
193989.1102
193989.1096
193989.1009
193989.1002
193989.1173
193989.1157
193989.1156
193989.1109
193989.1096
193989.1021
193989.1004
193989.1174
193989.1156
193989.1157
193989.1103
193989.1096
193989.1011
193989.1007
193989.1178
193989.1162
193989.1158
193989.111
193989.1096
193989.1028
193989.1017
193989.1178
193989.116
193989.1159
193989.1105
193989.1104
193989.1028
193989.1039
193989.1178
193989.1162
193989.1159
193989.1116
193989.1115
193989.106
193989.1061
193989.1175
193989.1161
193989.1162
193989.1121
193989.1134
193989.1075
193989.109
193989.1829
193989.1836
193989.1833
193989.1845
193989.1855
193989.1877
193989.1902
193989.1833
193989.184
193989.1836
193989.1846
193989.1853
193989.1878
193989.1905
193989.1837
193989.1842
193989.1837
193989.1843
193989.1851
193989.1874
193989.1907
193989.1845
193989.1851
193989.1845
193989.1853
193989.1858
193989.1886
193989.1914
193989.1842
193989.1847
193989.1845
193989.1853
193989.1863
193989.1886
193989.1919
193989.1845
193989.1852
193989.1852
193989.1867
193989.1877
193989.1906
193989.1932
193989.1835
193989.1841
193989.1847
193989.1861
193989.1879
193989.1902
193989.1935
193989.1839
193989.1847
193989.1852
193989.1872
193989.1887
193989.1918
193989.1943
193989.1832
193989.1839
193989.1846
193989.1861
193989.188
193989.1903
193989.1935
193989.184
193989.1849
193989.1851
193989.1868
193989.1879
193989.1907
193989.1931
193989.1838
193989.1845
193989.1845
193989.1855
193989.1866
193989.1886
193989.1917
193989.1843
193989.1851
193989.1847
193989.1856
193989.1859
193989.1885
193989.1913
193989.1838
193989.1844
193989.1839
193989.1844
193989.185
193989.1874
193989.1909
193989.1836
193989.1842
193989.1837
193989.1845
193989.1852
193989.188
193989.191
193989.1832
193989.1837
193989.1833
193989.1844
193989.1855
193989.188
193989.1907
193989.1123
193989.1095
193989.1098
193989.0998
193989.1022
193989.0858
193989.0896
193989.1124
193989.1096
193989.1085
193989.0988
193989.0982
193989.0838
193989.0823
193989.1125
193989.109
193989.108
193989.0962
193989.0962
193989.0776
193989.079
193989.1127
193989.1093
193989.1072
193989.0966
193989.0933
193989.0775
193989.0736
193989.1124
193989.1084
193989.1072
193989.0949
193989.093
193989.0733
193989.072
193989.1121
193989.1086
193989.1068
193989.0959
193989.0918
193989.0744
193989.0697
193989.1113
193989.1075
193989.1066
193989.0945
193989.0921
193989.072
193989.0693
193989.1112
193989.1078
193989.1065
193989.0956
193989.0916
193989.0737
193989.069
193989.1109
193989.1072
193989.1065
193989.0945
193989.0922
193989.0721
193989.0693
193989.1115
193989.1082
193989.1067
193989.096
193989.092
193989.0745
193989.0697
193989.1119
193989.1082
193989.1072
193989.0951
193989.0933
193989.0734
193989.0718
193989.1125
193989.1093
193989.1074
193989.0969
193989.0935
193989.0774
193989.0735
193989.1126
193989.1092
193989.1082
193989.0963
193989.0961
193989.0775
193989.0792
193989.1127
193989.1098
193989.1086
193989.0987
193989.0981
193989.084
193989.0828
193989.1125
193989.1096
193989.1097
193989.0996
193989.1023
193989.0861
193989.09
193989.1868
193989.1879
193989.1882
193989.1931
193989.1948
193989.2017
193989.2069
193989.1873
193989.1886
193989.1887
193989.1939
193989.1956
193989.2032
193989.2086
193989.1877
193989.1891
193989.1891
193989.1943
193989.1961
193989.2039
193989.2105
193989.1888
193989.1904
193989.1905
193989.1962
193989.1978
193989.2067
193989.2127
193989.1883
193989.1898
193989.1906
193989.1964
193989.1992
193989.2075
193989.2147
193989.1886
193989.1906
193989.1917
193989.1988
193989.2013
193989.2112
193989.2173
193989.1872
193989.189
193989.191
193989.198
193989.2019
193989.2109
193989.2185
193989.1877
193989.19
193989.1919
193989.2
193989.2033
193989.2136
193989.2198
193989.1867
193989.1887
193989.1908
193989.198
193989.2021
193989.211
193989.2185
193989.188
193989.1901
193989.1916
193989.1989
193989.2016
193989.2114
193989.2172
193989.1877
193989.1895
193989.1906
193989.1967
193989.1995
193989.2076
193989.2146
193989.1886
193989.1904
193989.1907
193989.1965
193989.198
193989.2066
193989.2125
193989.1879
193989.1893
193989.1893
193989.1944
193989.1961
193989.2038
193989.2106
193989.1876
193989.1888
193989.1888
193989.1938
193989.1954
193989.2033
193989.209
193989.187
193989.1879
193989.1881
193989.1929
193989.1947
193989.2019
193989.2072
193989.1135
193989.1085
193989.11
193989.0883
193989.0963
193989.051
193989.0692
193989.1134
193989.1089
193989.107
193989.0872
193989.0852
193989.0497
193989.0454
193989.1134
193989.1079
193989.106
193989.082
193989.0817
193989.036
193989.0401
193989.1135
193989.1084
193989.1037
193989.0827
193989.0733
193989.0359
193989.0228
193989.1129
193989.1067
193989.1039
193989.079
193989.073
193989.0267
193989.0195
193989.1123
193989.1069
193989.103
193989.0804
193989.069
193989.0273
193989.0112
193989.1111
193989.1051
193989.103
193989.078
193989.07
193989.022
193989.0107
193989.1111
193989.1058
193989.1036
193989.08
193989.0684
193989.0238
193989.0086
193989.1106
193989.1047
193989.1028
193989.078
193989.0702
193989.0222
193989.0107
193989.1116
193989.1063
193989.1028
193989.0806
193989.0693
193989.0276
193989.0112
193989.1122
193989.1063
193989.1039
193989.0794
193989.0734
193989.0268
193989.0193
193989.1132
193989.1084
193989.104
193989.0832
193989.0735
193989.0358
193989.0226
193989.1135
193989.1081
193989.1063
193989.0822
193989.0817
193989.0358
193989.0402
193989.1137
193989.1091
193989.1071
193989.0871
193989.085
193989.0497
193989.0458
193989.1137
193989.1086
193989.11
193989.0881
193989.0962
193989.0513
193989.0694
193989.184
193989.1856
193989.185
193989.1966
193989.1985
193989.2179
193989.2284
193989.1846
193989.1864
193989.1865
193989.1989
193989.2009
193989.2235
193989.2337
193989.1854
193989.187
193989.1879
193989.2005
193989.2035
193989.2272
193989.2405
193989.187
193989.1888
193989.1905
193989.2039
193989.2075
193989.2344
193989.2464
193989.1864
193989.1878
193989.1912
193989.205
193989.2113
193989.2376
193989.2535
193989.1873
193989.189
193989.1934
193989.209
193989.2156
193989.2449
193989.2588
193989.1853
193989.1871
193989.1926
193989.2085
193989.2181
193989.2459
193989.2635
193989.1866
193989.1887
193989.1942
193989.2129
193989.2215
193989.2514
193989.2652
193989.1847
193989.1866
193989.1924
193989.2085
193989.2183
193989.2461
193989.2635
193989.1863
193989.1884
193989.1932
193989.2092
193989.2161
193989.2453
193989.2588
193989.1856
193989.1873
193989.1911
193989.2053
193989.2117
193989.2377
193989.2532
193989.1867
193989.1887
193989.1908
193989.2044
193989.2077
193989.2342
193989.2461
193989.1855
193989.1872
193989.1882
193989.2007
193989.2034
193989.227
193989.2405
193989.1849
193989.1867
193989.1866
193989.1988
193989.2007
193989.2235
193989.2341
193989.1842
193989.1856
193989.1848
193989.1963
193989.1984
193989.2181
193989.2287
193989.1209
193989.113
193989.1196
193989.084
193989.1107
193988.9941
193989.0868
193989.1203
193989.114
193989.114
193989.0856
193989.0829
193989.0013
193988.9903
193989.1214
193989.1119
193989.1133
193989.0771
193989.077
193988.9717
193988.9812
193989.1212
193989.113
193989.1089
193989.0791
193989.0573
193988.9726
193988.9243
193989.12
193989.1097
193989.1099
193989.0738
193989.0592
193988.9546
193988.9158
193989.1181
193989.1094
193989.1091
193989.0765
193989.0501
193988.9521
193988.8875
193989.1161
193989.1073
193989.1108
193989.0758
193989.0574
193988.9396
193988.8867
193989.1159
193989.1095
193989.115
193989.0843
193989.0565
193988.9357
193988.8793
193989.1154
193989.1068
193989.1105
193989.0758
193989.0577
193988.9399
193988.8868
193989.1171
193989.1087
193989.1088
193989.0768
193989.0506
193988.9525
193988.8874
193989.119
193989.1091
193989.1098
193989.0742
193989.0597
193988.9548
193988.9154
193989.1208
193989.1129
193989.1092
193989.0796
193989.0575
193988.9724
193988.9239
193989.1214
193989.1121
193989.1136
193989.0773
193989.0768
193988.9714
193988.9811
193989.1206
193989.1143
193989.1141
193989.0854
193989.0826
193989.0013
193988.9908
193989.1211
193989.1131
193989.1194
193989.0838
193989.1106
193988.9944
193989.0872
193989.1693
193989.1742
193989.1659
193989.1935
193989.1785
193989.2327
193989.2303
193989.1704
193989.1751
193989.1661
193989.197
193989.1839
193989.2492
193989.249
193989.1707
193989.1731
193989.168
193989.1971
193989.191
193989.2625
193989.2698
193989.1722
193989.1737
193989.1705
193989.2009
193989.1976
193989.2802
193989.2905
193989.1717
193989.1728
193989.1748
193989.2044
193989.208
193989.2894
193989.3133
193989.1751
193989.1766
193989.1804
193989.2123
193989.2142
193989.3062
193989.3279
193989.1743
193989.1757
193989.1809
193989.2142
193989.2252
193989.3173
193989.3467
193989.1799
193989.1798
193989.1852
193989.2279
193989.2336
193989.3299
193989.3475
193989.1735
193989.175
193989.1806
193989.2141
193989.2253
193989.3174
193989.3465
193989.1739
193989.1757
193989.1801
193989.2126
193989.2149
193989.3066
193989.3277
193989.1706
193989.1721
193989.1748
193989.2049
193989.2085
193989.2895
193989.3128
193989.1717
193989.1736
193989.1708
193989.2014
193989.1979
193989.2798
193989.2899
193989.1707
193989.1733
193989.1683
193989.1972
193989.1907
193989.2619
193989.2698
193989.1707
193989.1754
193989.1662
193989.1966
193989.1834
193989.2491
193989.2496
193989.1696
193989.1742
193989.1657
193989.1931
193989.1783
193989.2331
193989.2309
193989.1351
193989.125
193989.1444
193989.0996
193989.161
193988.9372
193989.2472
193989.1325
193989.1289
193989.1379
193989.1075
193989.115
193988.9925
193988.9824
193989.1341
193989.1278
193989.1393
193989.1015
193989.1091
193988.9429
193988.9238
193989.1344
193989.1312
193989.1342
193989.1068
193989.0834
193988.9541
193988.7817
193989.1358
193989.1313
193989.1359
193989.1016
193989.0925
193988.9314
193988.745
193989.1364
193989.1323
193989.1347
193989.1007
193989.0694
193988.915
193988.6542
193989.1359
193989.1312
193989.1343
193989.1004
193989.0992
193988.8947
193988.629
193989.1372
193989.1275
193989.1381
193989.1156
193989.0745
193988.855
193988.6059
193989.1351
193989.1306
193989.134
193989.1002
193989.0991
193988.8952
193988.6293
193989.1352
193989.1315
193989.1346
193989.1015
193989.0705
193988.9157
193988.6542
193989.1347
193989.1306
193989.1359
193989.1021
193989.093
193988.9313
193988.7441
193989.134
193989.1312
193989.1346
193989.1074
193989.0835
193988.9535
193988.7809
193989.1342
193989.128
193989.1396
193989.1015
193989.1084
193988.9421
193988.9234
193989.1329
193989.1292
193989.1379
193989.107
193989.1143
193988.9924
193988.9831
193989.1354
193989.1251
193989.1441
193989.0991
193989.1607
193988.9375
193989.2478
193989.1566
193989.1563
193989.1474
193989.1641
193989.1155
193989.2205
193988.9702
193989.1572
193989.1561
193989.147
193989.1639
193989.116
193989.2228
193988.948
193989.1589
193989.1536
193989.1508
193989.1531
193989.1329
193989.2035
193988.9794
193989.1608
193989.1546
193989.1551
193989.1537
193989.1504
193989.2111
193989.0476
193989.1612
193989.1548
193989.1599
193989.1575
193989.1666
193989.1944
193989.0838
193989.1627
193989.1571
193989.1623
193989.1568
193989.1689
193989.1815
193989.137
193989.1614
193989.1568
193989.1594
193989.1568
193989.1551
193989.1588
193989.1372
193989.1632
193989.1585
193989.1581
193989.1472
193989.1516
193989.1594
193989.1631
193989.1606
193989.1564
193989.1594
193989.157
193989.1559
193989.1592
193989.1372
193989.1617
193989.1565
193989.1624
193989.1575
193989.17
193989.1817
193989.1362
193989.1603
193989.1543
193989.1601
193989.158
193989.1671
193989.1938
193989.0829
193989.1605
193989.1547
193989.1555
193989.1541
193989.1502
193989.21
193989.0467
193989.1591
193989.1539
193989.151
193989.1528
193989.1321
193989.2024
193988.9794
193989.1576
193989.1563
193989.1468
193989.1632
193989.1153
193989.2227
193988.9489
193989.1568
193989.1562
193989.147
193989.1635
193989.1153
193989.2211
193988.9711
193989.1612
193989.1557
193989.1569
193989.1542
193989.1547
193989.1532
193989.1534
193989.1608
193989.1554
193989.1565
193989.154
193989.1544
193989.153
193989.1531
193989.1604
193989.1552
193989.1563
193989.1537
193989.1543
193989.1526
193989.1527
193989.1602
193989.1551
193989.1562
193989.1537
193989.1541
193989.1526
193989.1524
193989.16
193989.1549
193989.156
193989.1535
193989.154
193989.1522
193989.1521
193989.1601
193989.1549
193989.156
193989.1536
193989.1539
193989.1523
193989.1522
193989.16
193989.1548
193989.1559
193989.1534
193989.1538
193989.152
193989.1522
193989.1601
193989.1549
193989.1559
193989.1535
193989.1538
193989.1522
193989.1524
193989.16
193989.1548
193989.1559
193989.1533
193989.1537
193989.152
193989.1523
193989.1601
193989.155
193989.156
193989.1535
193989.1538
193989.1523
193989.1523
193989.1601
193989.155
193989.156
193989.1535
193989.1538
193989.1521
193989.1522
193989.1603
193989.1551
193989.1562
193989.1537
193989.154
193989.1524
193989.1524
193989.1605
193989.1552
193989.1563
193989.1537
193989.1542
193989.1524
193989.1529
193989.1608
193989.1554
193989.1566
193989.154
193989.1545
193989.1528
193989.1529
193989.1613
193989.1558
193989.1569
193989.1543
193989.1549
193989.1532
193989.1534
193989.1486
193989.1493
193989.1492
193989.1484
193989.1486
193989.1477
193989.148
193989.1486
193989.1492
193989.1491
193989.1483
193989.1485
193989.1475
193989.1476
193989.1484
193989.1491
193989.1489
193989.1481
193989.1483
193989.1471
193989.1472
193989.1483
193989.1491
193989.1489
193989.1482
193989.1483
193989.1471
193989.1468
193989.1481
193989.1489
193989.1488
193989.148
193989.1481
193989.1467
193989.1465
193989.148
193989.149
193989.1488
193989.1481
193989.1481
193989.1468
193989.1466
193989.1478
193989.1488
193989.1487
193989.1478
193989.1479
193989.1465
193989.1466
193989.1478
193989.1489
193989.1487
193989.1479
193989.1479
193989.1468
193989.1468
193989.1479
193989.1488
193989.1486
193989.1477
193989.1478
193989.1465
193989.1467
193989.1481
193989.149
193989.1488
193989.148
193989.148
193989.1468
193989.1467
193989.1482
193989.149
193989.1488
193989.1479
193989.148
193989.1466
193989.1466
193989.1484
193989.1491
193989.1489
193989.1481
193989.1482
193989.147
193989.1468
193989.1485
193989.1491
193989.149
193989.1481
193989.1483
193989.147
193989.1471
193989.1486
193989.1493
193989.1491
193989.1483
193989.1485
193989.1476
193989.1476
193989.1487
193989.1493
193989.1492
193989.1484
193989.1488
193989.1478
193989.148
193989.1611
193989.1594
193989.1598
193989.1586
193989.1591
193989.1582
193989.1587
193989.161
193989.1593
193989.1597
193989.1585
193989.1589
193989.1581
193989.1584
193989.1609
193989.1591
193989.1596
193989.1583
193989.1587
193989.1577
193989.158
193989.1609
193989.1591
193989.1596
193989.1584
193989.1587
193989.1577
193989.1577
193989.1608
193989.159
193989.1596
193989.1583
193989.1587
193989.1574
193989.1574
193989.1609
193989.1591
193989.1597
193989.1585
193989.1587
193989.1575
193989.1574
193989.1608
193989.1589
193989.1595
193989.1582
193989.1586
193989.1573
193989.1575
193989.1609
193989.1591
193989.1596
193989.1584
193989.1586
193989.1575
193989.1576
193989.1608
193989.1589
193989.1595
193989.1582
193989.1585
193989.1573
193989.1575
193989.1609
193989.1591
193989.1596
193989.1584
193989.1586
193989.1575
193989.1575
193989.1609
193989.159
193989.1596
193989.1582
193989.1586
193989.1574
193989.1575
193989.1609
193989.1592
193989.1597
193989.1584
193989.1587
193989.1577
193989.1577
193989.1609
193989.1591
193989.1597
193989.1584
193989.1587
193989.1576
193989.1579
193989.161
193989.1593
193989.1597
193989.1586
193989.1589
193989.158
193989.1582
193989.1612
193989.1595
193989.1599
193989.1587
193989.1591
193989.1582
193989.1585
193989.1418
193989.1415
193989.1419
193989.141
193989.1415
193989.1405
193989.141
193989.1418
193989.1416
193989.1419
193989.141
193989.1412
193989.1403
193989.1405
193989.1417
193989.1415
193989.1417
193989.1407
193989.141
193989.1398
193989.1401
193989.1418
193989.1416
193989.1417
193989.1409
193989.1409
193989.1398
193989.1396
193989.1416
193989.1415
193989.1417
193989.1407
193989.1409
193989.1394
193989.1393
193989.1416
193989.1416
193989.1417
193989.1409
193989.1409
193989.1396
193989.1393
193989.1415
193989.1414
193989.1416
193989.1407
193989.1408
193989.1392
193989.1392
193989.1416
193989.1415
193989.1417
193989.1408
193989.1408
193989.1396
193989.1394
193989.1415
193989.1414
193989.1416
193989.1406
193989.1407
193989.1392
193989.1393
193989.1416
193989.1416
193989.1417
193989.1408
193989.1408
193989.1396
193989.1394
193989.1416
193989.1415
193989.1417
193989.1407
193989.1408
193989.1393
193989.1394
193989.1418
193989.1416
193989.1418
193989.1409
193989.141
193989.1398
193989.1396
193989.1418
193989.1416
193989.1418
193989.1409
193989.141
193989.1397
193989.1399
193989.1418
193989.1416
193989.1419
193989.1411
193989.1413
193989.1402
193989.1403
193989.1418
193989.1416
193989.142
193989.1411
193989.1415
193989.1404
193989.1407
193989.1643
193989.1636
193989.1635
193989.1629
193989.1633
193989.1629
193989.1636
193989.1643
193989.1636
193989.1634
193989.1628
193989.1631
193989.1628
193989.1633
193989.1643
193989.1634
193989.1633
193989.1626
193989.1629
193989.1624
193989.163
193989.1644
193989.1636
193989.1635
193989.1628
193989.1629
193989.1625
193989.1627
193989.1642
193989.1634
193989.1634
193989.1627
193989.163
193989.1622
193989.1624
193989.1643
193989.1635
193989.1636
193989.163
193989.1632
193989.1625
193989.1625
193989.1641
193989.1633
193989.1635
193989.1628
193989.1631
193989.1623
193989.1625
193989.1642
193989.1634
193989.1636
193989.163
193989.1632
193989.1626
193989.1627
193989.164
193989.1632
193989.1634
193989.1627
193989.163
193989.1622
193989.1626
193989.1642
193989.1634
193989.1635
193989.1629
193989.1631
193989.1625
193989.1626
193989.1642
193989.1633
193989.1634
193989.1627
193989.1629
193989.1622
193989.1625
193989.1643
193989.1636
193989.1635
193989.1629
193989.163
193989.1624
193989.1626
193989.1643
193989.1635
193989.1635
193989.1627
193989.163
193989.1623
193989.1628
193989.1643
193989.1636
193989.1635
193989.1629
193989.1632
193989.1627
193989.1631
193989.1643
193989.1636
193989.1636
193989.1629
193989.1633
193989.1628
193989.1633
193989.1341
193989.1336
193989.134
193989.133
193989.1335
193989.1322
193989.1328
193989.1342
193989.1337
193989.134
193989.1328
193989.1331
193989.1318
193989.1321
193989.1341
193989.1336
193989.1339
193989.1325
193989.1327
193989.131
193989.1314
193989.1342
193989.1338
193989.134
193989.1327
193989.1326
193989.131
193989.1309
193989.1341
193989.1337
193989.134
193989.1325
193989.1326
193989.1305
193989.1304
193989.1341
193989.1338
193989.1341
193989.1329
193989.1327
193989.1309
193989.1304
193989.1339
193989.1335
193989.134
193989.1326
193989.1327
193989.1305
193989.1304
193989.1339
193989.1337
193989.1341
193989.1329
193989.1328
193989.1309
193989.1306
193989.1338
193989.1334
193989.1339
193989.1325
193989.1326
193989.1304
193989.1304
193989.134
193989.1337
193989.134
193989.1328
193989.1327
193989.1308
193989.1305
193989.134
193989.1336
193989.134
193989.1325
193989.1325
193989.1304
193989.1305
193989.1342
193989.1338
193989.1341
193989.1328
193989.1327
193989.131
193989.1309
193989.1341
193989.1336
193989.134
193989.1326
193989.1328
193989.131
193989.1313
193989.1342
193989.1337
193989.1341
193989.1329
193989.1332
193989.1319
193989.132
193989.1341
193989.1336
193989.1341
193989.1331
193989.1336
193989.1322
193989.1326
193989.1696
193989.1691
193989.1689
193989.1682
193989.1688
193989.1688
193989.1698
193989.1698
193989.1692
193989.1688
193989.168
193989.1685
193989.1685
193989.1695
193989.1698
193989.1691
193989.1687
193989.1678
193989.1682
193989.168
193989.1691
193989.17
193989.1694
193989.1688
193989.1681
193989.1683
193989.1682
193989.1689
193989.1698
193989.1691
193989.1688
193989.168
193989.1684
193989.168
193989.1686
193989.1699
193989.1694
193989.169
193989.1686
193989.1689
193989.1686
193989.1689
193989.1695
193989.169
193989.1689
193989.1684
193989.1689
193989.1684
193989.169
193989.1697
193989.1692
193989.169
193989.1687
193989.1692
193989.1689
193989.1693
193989.1694
193989.1688
193989.1688
193989.1683
193989.1689
193989.1683
193989.169
193989.1697
193989.1692
193989.1689
193989.1685
193989.1688
193989.1685
193989.169
193989.1696
193989.169
193989.1687
193989.168
193989.1684
193989.1679
193989.1687
193989.1699
193989.1693
193989.1689
193989.1682
193989.1684
193989.1682
193989.1688
193989.1697
193989.1691
193989.1688
193989.1679
193989.1683
193989.168
193989.169
193989.1698
193989.1692
193989.1689
193989.1681
193989.1686
193989.1686
193989.1694
193989.1696
193989.1691
193989.1689
193989.1682
193989.1689
193989.1688
193989.1696
193989.1256
193989.125
193989.1254
193989.1237
193989.1243
193989.1218
193989.1227
193989.1258
193989.125
193989.1253
193989.1234
193989.1235
193989.1211
193989.1214
193989.1258
193989.1249
193989.1251
193989.1228
193989.1228
193989.1196
193989.1202
193989.126
193989.1252
193989.1252
193989.123
193989.1224
193989.1195
193989.1192
193989.1259
193989.1249
193989.1252
193989.1227
193989.1224
193989.1186
193989.1186
193989.1258
193989.1251
193989.1254
193989.1232
193989.1227
193989.1192
193989.1185
193989.1255
193989.1247
193989.1253
193989.1229
193989.1227
193989.1187
193989.1184
193989.1254
193989.1248
193989.1253
193989.1233
193989.1228
193989.1194
193989.1186
193989.1253
193989.1245
193989.1251
193989.1228
193989.1227
193989.1187
193989.1184
193989.1255
193989.1249
193989.1252
193989.1231
193989.1226
193989.1192
193989.1185
193989.1256
193989.1248
193989.1252
193989.1227
193989.1224
193989.1185
193989.1186
193989.1258
193989.1251
193989.1253
193989.1231
193989.1225
193989.1195
193989.1192
193989.1258
193989.1249
193989.1252
193989.1229
193989.1229
193989.1196
193989.1202
193989.1257
193989.125
193989.1253
193989.1234
193989.1236
193989.1212
193989.1213
193989.1256
193989.1249
193989.1253
193989.1237
193989.1244
193989.1219
193989.1225
193989.1764
193989.1763
193989.1761
193989.1756
193989.1762
193989.1768
193989.1783
193989.1767
193989.1765
193989.1761
193989.1754
193989.1759
193989.1765
193989.1781
193989.1769
193989.1765
193989.176
193989.1751
193989.1755
193989.1758
193989.1777
193989.1773
193989.1769
193989.1763
193989.1756
193989.1757
193989.1762
193989.1775
193989.177
193989.1766
193989.1762
193989.1755
193989.176
193989.176
193989.1774
193989.1772
193989.1769
193989.1767
193989.1764
193989.1768
193989.1771
193989.178
193989.1765
193989.1762
193989.1763
193989.1761
193989.1769
193989.1768
193989.1781
193989.1767
193989.1766
193989.1766
193989.1768
193989.1773
193989.1777
193989.1787
193989.1763
193989.176
193989.1762
193989.176
193989.1768
193989.1768
193989.1781
193989.1768
193989.1766
193989.1765
193989.1764
193989.1768
193989.1771
193989.1781
193989.1767
193989.1764
193989.1762
193989.1756
193989.176
193989.1759
193989.1774
193989.1771
193989.1768
193989.1763
193989.1757
193989.1758
193989.1762
193989.1775
193989.1768
193989.1765
193989.176
193989.1752
193989.1756
193989.1759
193989.1777
193989.1767
193989.1765
193989.176
193989.1754
193989.176
193989.1767
193989.1781
193989.1764
193989.1763
193989.176
193989.1756
193989.1763
193989.1768
193989.1781
193989.1175
193989.1162
193989.1164
193989.1122
193989.1134
193989.1073
193989.1088
193989.1177
193989.1162
193989.116
193989.1117
193989.1117
193989.106
193989.1059
193989.1177
193989.116
193989.1157
193989.1105
193989.1104
193989.103
193989.1039
193989.1179
193989.1162
193989.1156
193989.1107
193989.1094
193989.1028
193989.1018
193989.1177
193989.1158
193989.1156
193989.11
193989.1093
193989.1009
193989.1007
193989.1176
193989.1159
193989.1156
193989.1108
193989.1093
193989.1018
193989.1002
193989.1171
193989.1152
193989.1155
193989.1101
193989.1095
193989.1007
193989.1
193989.117
193989.1154
193989.1155
193989.1108
193989.1095
193989.1019
193989.1002
193989.1168
193989.115
193989.1153
193989.11
193989.1094
193989.1007
193989.1001
193989.1172
193989.1156
193989.1154
193989.1107
193989.1093
193989.1018
193989.1002
193989.1173
193989.1155
193989.1155
193989.11
193989.1094
193989.1009
193989.1007
193989.1177
193989.1161
193989.1156
193989.1108
193989.1095
193989.1028
193989.1018
193989.1177
193989.1159
193989.1158
193989.1106
193989.1105
193989.1031
193989.104
193989.1177
193989.1162
193989.116
193989.1117
193989.1117
193989.1061
193989.1059
193989.1175
193989.1161
193989.1163
193989.1122
193989.1135
193989.1073
193989.1085
193989.1832
193989.1839
193989.1835
193989.1847
193989.1856
193989.1879
193989.1906
193989.1836
193989.1842
193989.1838
193989.1847
193989.1854
193989.1881
193989.1909
193989.1838
193989.1844
193989.1838
193989.1844
193989.1851
193989.1875
193989.191
193989.1845
193989.1852
193989.1845
193989.1853
193989.1857
193989.1885
193989.1913
193989.1842
193989.1847
193989.1845
193989.1852
193989.1863
193989.1885
193989.1917
193989.1845
193989.1852
193989.1852
193989.1867
193989.1876
193989.1904
193989.1929
193989.1835
193989.1841
193989.1847
193989.1861
193989.1879
193989.1901
193989.1933
193989.1838
193989.1847
193989.1852
193989.1872
193989.1887
193989.1916
193989.1941
193989.1832
193989.1839
193989.1845
193989.186
193989.1879
193989.1901
193989.1933
193989.184
193989.1848
193989.185
193989.1866
193989.1876
193989.1904
193989.193
193989.1837
193989.1844
193989.1844
193989.1853
193989.1863
193989.1885
193989.1918
193989.1843
193989.185
193989.1845
193989.1854
193989.1858
193989.1886
193989.1914
193989.1838
193989.1844
193989.1839
193989.1845
193989.1852
193989.1877
193989.1911
193989.1836
193989.1842
193989.1837
193989.1847
193989.1855
193989.1882
193989.1909
193989.1832
193989.1838
193989.1834
193989.1846
193989.1857
193989.1879
193989.1902
193989.1126
193989.1099
193989.1101
193989.0999
193989.1024
193989.086
193989.0901
193989.1127
193989.1099
193989.1088
193989.099
193989.0984
193989.0841
193989.0828
193989.1127
193989.1093
193989.1082
193989.0963
193989.0963
193989.0778
193989.0794
193989.1128
193989.1095
193989.1073
193989.0966
193989.0933
193989.0774
193989.0737
193989.1125
193989.1085
193989.1073
193989.0949
193989.093
193989.0732
193989.0719
193989.1121
193989.1086
193989.1069
193989.0959
193989.0918
193989.0743
193989.0696
193989.1113
193989.1075
193989.1067
193989.0946
193989.0922
193989.0719
193989.0692
193989.1112
193989.1078
193989.1066
193989.0957
193989.0917
193989.0736
193989.0689
193989.111
193989.1072
193989.1066
193989.0945
193989.0922
193989.072
193989.0692
193989.1116
193989.1082
193989.1066
193989.0959
193989.0918
193989.0743
193989.0696
193989.112
193989.1082
193989.1072
193989.0949
193989.0931
193989.0732
193989.0719
193989.1126
193989.1093
193989.1073
193989.0967
193989.0934
193989.0775
193989.0738
193989.1127
193989.1092
193989.1082
193989.0964
193989.0964
193989.078
193989.0795
193989.1127
193989.1098
193989.1087
193989.0989
193989.0985
193989.0843
193989.0828
193989.1126
193989.1098
193989.11
193989.0999
193989.1025
193989.086
193989.0897
193989.1872
193989.1882
193989.1885
193989.1933
193989.1949
193989.202
193989.2073
193989.1877
193989.189
193989.189
193989.1941
193989.1958
193989.2035
193989.2091
193989.1881
193989.1894
193989.1894
193989.1945
193989.1962
193989.2041
193989.2109
193989.189
193989.1907
193989.1906
193989.1963
193989.1978
193989.2066
193989.2127
193989.1884
193989.19
193989.1907
193989.1965
193989.1992
193989.2074
193989.2146
193989.1887
193989.1907
193989.1919
193989.1989
193989.2014
193989.2111
193989.2171
193989.1872
193989.1891
193989.1911
193989.1982
193989.2021
193989.2109
193989.2184
193989.1878
193989.19
193989.192
193989.2002
193989.2034
193989.2135
193989.2196
193989.1868
193989.1888
193989.1909
193989.1981
193989.2021
193989.2109
193989.2184
193989.188
193989.1902
193989.1916
193989.1988
193989.2014
193989.2111
193989.2171
193989.1878
193989.1896
193989.1905
193989.1965
193989.1992
193989.2074
193989.2147
193989.1887
193989.1905
193989.1906
193989.1964
193989.1979
193989.2067
193989.2129
193989.188
193989.1894
193989.1894
193989.1945
193989.1963
193989.2043
193989.2111
193989.1877
193989.1889
193989.1889
193989.1941
193989.1959
193989.2037
193989.2091
193989.1871
193989.1881
193989.1883
193989.1932
193989.195
193989.2019
193989.2069
193989.114
193989.109
193989.1104
193989.0885
193989.0965
193989.0513
193989.0697
193989.1139
193989.1093
193989.1074
193989.0875
193989.0855
193989.05
193989.046
193989.1138
193989.1083
193989.1064
193989.0823
193989.0819
193989.0361
193989.0405
193989.1138
193989.1087
193989.104
193989.0828
193989.0733
193989.0358
193989.0228
193989.1131
193989.107
193989.1041
193989.0792
193989.0731
193989.0266
193989.0195
193989.1125
193989.107
193989.1032
193989.0806
193989.0691
193989.0272
193989.0111
193989.1112
193989.1052
193989.1033
193989.0783
193989.0703
193989.0221
193989.0107
193989.1111
193989.1059
193989.1038
193989.0802
193989.0686
193989.0238
193989.0086
193989.1107
193989.1048
193989.103
193989.0782
193989.0703
193989.0222
193989.0107
193989.1117
193989.1065
193989.1029
193989.0805
193989.0692
193989.0273
193989.0111
193989.1124
193989.1065
193989.1039
193989.0792
193989.0732
193989.0267
193989.0196
193989.1134
193989.1085
193989.104
193989.083
193989.0735
193989.0359
193989.023
193989.1138
193989.1083
193989.1064
193989.0824
193989.082
193989.0364
193989.0408
193989.1139
193989.1093
193989.1073
193989.0874
193989.0855
193989.0503
193989.046
193989.1139
193989.1088
193989.1103
193989.0885
193989.0966
193989.0513
193989.0693
193989.1844
193989.186
193989.1853
193989.1968
193989.1987
193989.2183
193989.2291
193989.1851
193989.1869
193989.1869
193989.1993
193989.2012
193989.2239
193989.2344
193989.1859
193989.1875
193989.1883
193989.2008
193989.2037
193989.2275
193989.241
193989.1874
193989.1892
193989.1908
193989.2041
193989.2075
193989.2344
193989.2465
193989.1867
193989.1881
193989.1914
193989.2052
193989.2113
193989.2375
193989.2534
193989.1875
193989.1892
193989.1937
193989.2093
193989.2158
193989.245
193989.2588
193989.1855
193989.1873
193989.1929
193989.2089
193989.2184
193989.246
193989.2634
193989.1867
193989.1889
193989.1945
193989.2133
193989.2219
193989.2517
193989.2653
193989.1848
193989.1868
193989.1926
193989.2087
193989.2184
193989.2461
193989.2635
193989.1865
193989.1885
193989.1933
193989.2092
193989.216
193989.2452
193989.2589
193989.1858
193989.1875
193989.1912
193989.2052
193989.2115
193989.2377
193989.2535
193989.187
193989.1889
193989.1908
193989.2043
193989.2077
193989.2346
193989.2468
193989.1858
193989.1874
193989.1883
193989.2009
193989.2038
193989.2277
193989.2412
193989.1851
193989.1869
193989.1868
193989.1992
193989.2013
193989.2242
193989.2344
193989.1843
193989.1859
193989.1851
193989.1967
193989.1988
193989.2182
193989.2285
193989.1213
193989.1135
193989.12
193989.0843
193989.111
193988.9946
193989.0877
193989.1207
193989.1145
193989.1144
193989.0859
193989.0832
193989.0017
193988.991
193989.1219
193989.1125
193989.1137
193989.0773
193989.0772
193988.9719
193988.9818
193989.1217
193989.1135
193989.1092
193989.0792
193989.0572
193988.9725
193988.9243
193989.1204
193989.1101
193989.1102
193989.0739
193989.0593
193988.9544
193988.9157
193989.1184
193989.1097
193989.1094
193989.0768
193989.0502
193988.952
193988.8873
193989.1163
193989.1076
193989.1112
193989.0763
193989.0578
193988.9396
193988.8866
193989.116
193989.1097
193989.1153
193989.0847
193989.0568
193988.9359
193988.8793
193989.1155
193989.107
193989.1108
193989.076
193989.0579
193988.9399
193988.8868
193989.1172
193989.1089
193989.109
193989.0768
193989.0506
193988.9524
193988.8876
193989.1193
193989.1093
193989.1099
193989.0741
193989.0596
193988.9548
193988.9159
193989.1211
193989.1131
193989.1093
193989.0795
193989.0575
193988.9728
193988.9246
193989.1218
193989.1124
193989.1138
193989.0774
193989.0773
193988.9722
193988.982
193989.1208
193989.1145
193989.1143
193989.0858
193989.0832
193989.002
193988.9911
193989.1213
193989.1134
193989.1198
193989.0842
193989.111
193988.9945
193989.087
193989.1698
193989.1746
193989.1663
193989.1938
193989.1788
193989.2333
193989.2312
193989.1709
193989.1756
193989.1666
193989.1973
193989.1842
193989.2497
193989.25
193989.1712
193989.1736
193989.1683
193989.1972
193989.1911
193989.2626
193989.2704
193989.1727
193989.1742
193989.1708
193989.201
193989.1975
193989.2801
193989.2906
193989.1722
193989.1733
193989.1752
193989.2046
193989.2079
193989.2891
193989.313
193989.1755
193989.177
193989.1808
193989.2126
193989.2143
193989.3061
193989.3275
193989.1746
193989.176
193989.1814
193989.2148
193989.2256
193989.3173
193989.3465
193989.1802
193989.1801
193989.1857
193989.2284
193989.234
193989.3301
193989.3474
193989.1737
193989.1753
193989.1809
193989.2144
193989.2255
193989.3174
193989.3465
193989.1741
193989.176
193989.1804
193989.2127
193989.2149
193989.3066
193989.3279
193989.1709
193989.1724
193989.1749
193989.2048
193989.2084
193989.2895
193989.3133
193989.172
193989.1738
193989.1708
193989.2014
193989.1979
193989.2804
193989.2908
193989.171
193989.1735
193989.1684
193989.1973
193989.1912
193989.2629
193989.2706
193989.171
193989.1756
193989.1665
193989.1971
193989.1842
193989.25
193989.25
193989.1698
193989.1745
193989.1661
193989.1936
193989.1787
193989.2332
193989.2305
193989.1355
193989.1255
193989.1448
193989.1
193989.1613
193988.9378
193989.2483
193989.133
193989.1294
193989.1383
193989.1077
193989.1152
193988.9928
193988.9834
193989.1347
193989.1283
193989.1397
193989.1017
193989.1091
193988.943
193988.9245
193989.135
193989.1317
193989.1345
193989.1068
193989.0831
193988.9538
193988.7817
193989.1363
193989.1318
193989.1362
193989.1017
193989.0923
193988.931
193988.7448
193989.1368
193989.1327
193989.1352
193989.101
193989.0694
193988.9147
193988.654
193989.1362
193989.1316
193989.1348
193989.1009
193989.0995
193988.8946
193988.6287
193989.1375
193989.1278
193989.1386
193989.1161
193989.0749
193988.8551
193988.6059
193989.1353
193989.1309
193989.1344
193989.1005
193989.0993
193988.8952
193988.6293
193989.1355
193989.1318
193989.1348
193989.1016
193989.0705
193988.9156
193988.6545
193989.135
193989.1309
193989.136
193989.102
193989.0928
193988.9314
193988.7447
193989.1343
193989.1314
193989.1346
193989.1073
193989.0835
193988.9541
193988.7819
193989.1345
193989.1282
193989.1398
193989.1017
193989.109
193988.9431
193988.9245
193989.1331
193989.1294
193989.1381
193989.1075
193989.115
193988.9932
193988.9834
193989.1355
193989.1253
193989.1446
193989.0997
193989.1612
193988.9377
193989.2475
193989.1571
193989.1568
193989.1478
193989.1643
193989.1158
193989.221
193988.9712
193989.1577
193989.1565
193989.1473
193989.1641
193989.1163
193989.2233
193988.9491
193989.1595
193989.1541
193989.1511
193989.1531
193989.1329
193989.2036
193988.98
193989.1614
193989.1551
193989.1553
193989.1537
193989.1503
193989.2108
193989.0478
193989.1618
193989.1553
193989.1603
193989.1576
193989.1664
193989.194
193989.0835
193989.1632
193989.1576
193989.1628
193989.1571
193989.169
193989.1812
193989.1367
193989.1618
193989.1573
193989.1599
193989.1573
193989.1554
193989.1587
193989.1368
193989.1635
193989.1589
193989.1586
193989.1477
193989.1519
193989.1594
193989.1631
193989.161
193989.1568
193989.1598
193989.1574
193989.156
193989.1592
193989.1371
193989.162
193989.1568
193989.1627
193989.1576
193989.1699
193989.1816
193989.1366
193989.1606
193989.1546
193989.1602
193989.1579
193989.167
193989.194
193989.0835
193989.1608
193989.1548
193989.1555
193989.154
193989.1505
193989.2106
193989.0479
193989.1593
193989.154
193989.1511
193989.153
193989.1328
193989.2035
193988.9804
193989.1577
193989.1564
193989.147
193989.1637
193989.1163
193989.2236
193988.9493
193989.157
193989.1565
193989.1475
193989.1639
193989.1158
193989.221
193988.9705
193989.1523
193989.1522
193989.1512
193989.1509
193989.1506
193989.1513
193989.1515
193989.1518
193989.1513
193989.1514
193989.151
193989.1513
193989.1517
193989.1523
193989.1524
193989.1522
193989.1517
193989.1507
193989.1506
193989.151
193989.1519
193989.152
193989.152
193989.1515
193989.1515
193989.1512
193989.1512
193989.1516
193989.152
193989.1525
193989.1512
193989.1507
193989.1498
193989.1506
193989.1512
193989.152
193989.1516
193989.1515
193989.1509
193989.1511
193989.1508
193989.1509
193989.1507
193989.1514
193989.1517
193989.151
193989.1507
193989.1506
193989.1517
193989.1521
193989.1523
193989.1516
193989.1514
193989.1509
193989.1512
193989.1512
193989.1514
193989.151
193989.1514
193989.1517
193989.1507
193989.151
193989.1512
193989.1521
193989.1516
193989.1513
193989.1504
193989.1505
193989.1503
193989.1509
193989.1508
193989.1513
193989.1508
193989.1512
193989.1512
193989.1514
193989.1519
193989.152
193989.1522
193989.1513
193989.1506
193989.1498
193989.1501
193989.1504
193989.151
193989.1511
193989.1515
193989.1514
193989.1517
193989.1515
193989.1515
193989.152
193989.1515
193989.1513
193989.1501
193989.1497
193989.1489
193989.1493
193989.1496
193989.1506
193989.1507
193989.1513
193989.1513
193989.1518
193989.1515
193989.1519
193989.1521
193989.1515
193989.151
193989.15
193989.1497
193989.1492
193989.1495
193989.1496
193989.1505
193989.1509
193989.1517
193989.1518
193989.1523
193989.152
193989.1516
193989.1518
193989.1511
193989.1509
193989.1499
193989.1497
193989.1491
193989.1494
193989.1493
193989.1503
193989.1508
193989.1518
193989.1518
193989.1522
193989.1517
193989.1518
193989.1518
193989.1514
193989.1514
193989.1508
193989.1505
193989.1499
193989.1501
193989.1501
193989.1509
193989.1515
193989.1524
193989.1521
193989.152
193989.1516
193989.1516
193989.1517
193989.1513
193989.1516
193989.1511
193989.151
193989.1502
193989.1505
193989.1505
193989.1514
193989.1517
193989.1522
193989.1513
193989.1511
193989.1509
193989.1517
193989.1519
193989.1517
193989.1519
193989.1517
193989.1517
193989.1512
193989.1514
193989.1516
193989.1523
193989.1521
193989.1518
193989.1507
193989.1508
193989.1512
193989.1514
193989.1516
193989.1515
193989.1518
193989.1515
193989.1517
193989.1514
193989.1517
193989.1517
193989.1521
193989.1513
193989.1508
193989.15
193989.1509
193989.1516
193989.1516
193989.1517
193989.1516
193989.152
193989.1519
193989.1521
193989.152
193989.1523
193989.1522
193989.1521
193989.1512
193989.1508
193989.1509
193989.1521
193989.1529
193989.1517
193989.1518
193989.1516
193989.1519
193989.1518
193989.152
193989.1519
193989.1521
193989.1517
193989.1516
193989.151
193989.1513
193989.1517
193989.153
193989.1532
193989.1469
193989.1468
193989.1457
193989.1454
193989.1451
193989.1458
193989.1458
193989.1462
193989.1457
193989.1459
193989.1455
193989.1459
193989.1459
193989.1467
193989.1469
193989.1468
193989.1462
193989.1451
193989.1451
193989.1454
193989.1463
193989.1464
193989.1464
193989.1459
193989.1459
193989.1456
193989.1458
193989.1459
193989.1465
193989.1468
193989.1457
193989.1451
193989.1443
193989.145
193989.1455
193989.1463
193989.1459
193989.146
193989.1453
193989.1455
193989.1451
193989.1454
193989.1452
193989.1459
193989.146
193989.1455
193989.1451
193989.1451
193989.1461
193989.1464
193989.1466
193989.1459
193989.1459
193989.1455
193989.1458
193989.1455
193989.1457
193989.1455
193989.1459
193989.1461
193989.1452
193989.1455
193989.1455
193989.1464
193989.1459
193989.1457
193989.1447
193989.1449
193989.1448
193989.1454
193989.1452
193989.1456
193989.1452
193989.1457
193989.1457
193989.1459
193989.1463
193989.1463
193989.1465
193989.1456
193989.1451
193989.1443
193989.1446
193989.1447
193989.1455
193989.1455
193989.1459
193989.1457
193989.1461
193989.1461
193989.1459
193989.1464
193989.1458
193989.1457
193989.1445
193989.1441
193989.1434
193989.1438
193989.1439
193989.1449
193989.145
193989.1457
193989.1456
193989.1462
193989.146
193989.1464
193989.1465
193989.1459
193989.1455
193989.1445
193989.1443
193989.1437
193989.144
193989.144
193989.1449
193989.1453
193989.1462
193989.1462
193989.1467
193989.1464
193989.146
193989.1462
193989.1454
193989.1453
193989.1444
193989.1442
193989.1435
193989.1438
193989.1436
193989.1446
193989.1451
193989.1462
193989.1462
193989.1465
193989.146
193989.1462
193989.1463
193989.1459
193989.1459
193989.1453
193989.1451
193989.1444
193989.1445
193989.1445
193989.1455
193989.146
193989.1468
193989.1464
193989.1463
193989.146
193989.1459
193989.1461
193989.1457
193989.146
193989.1454
193989.1454
193989.1446
193989.1449
193989.1449
193989.146
193989.1461
193989.1464
193989.1454
193989.1454
193989.1453
193989.1462
193989.1463
193989.1461
193989.1463
193989.146
193989.1461
193989.1456
193989.1459
193989.146
193989.1467
193989.1464
193989.146
193989.145
193989.1453
193989.1459
193989.1459
193989.1461
193989.1457
193989.1461
193989.1458
193989.1461
193989.1457
193989.1462
193989.1461
193989.1464
193989.1455
193989.145
193989.1444
193989.1456
193989.1463
193989.1462
193989.1463
193989.1461
193989.1463
193989.1462
193989.1465
193989.1464
193989.1468
193989.1466
193989.1464
193989.1455
193989.1453
193989.1456
193989.1469
193989.1476
193989.1462
193989.1464
193989.146
193989.1464
193989.1461
193989.1465
193989.1463
193989.1466
193989.1461
193989.1461
193989.1454
193989.1459
193989.1464
193989.1476
193989.1478
193989.1578
193989.1577
193989.1568
193989.1564
193989.1561
193989.1567
193989.1567
193989.1571
193989.1567
193989.1568
193989.1565
193989.1569
193989.1569
193989.1576
193989.1576
193989.1578
193989.1572
193989.1562
193989.1561
193989.1563
193989.1571
193989.1572
193989.1574
193989.157
193989.1569
193989.1566
193989.1568
193989.1569
193989.1574
193989.1576
193989.1568
193989.1562
193989.1554
193989.156
193989.1564
193989.1572
193989.1569
193989.157
193989.1565
193989.1567
193989.1562
193989.1565
193989.1563
193989.1569
193989.157
193989.1565
193989.1562
193989.156
193989.1569
193989.1573
193989.1576
193989.1571
193989.157
193989.1567
193989.157
193989.1567
193989.1568
193989.1566
193989.157
193989.157
193989.1562
193989.1564
193989.1564
193989.1573
193989.157
193989.157
193989.1562
193989.1563
193989.1561
193989.1566
193989.1564
193989.1567
193989.1564
193989.1568
193989.1567
193989.1568
193989.1572
193989.1573
193989.1575
193989.1569
193989.1566
193989.1559
193989.1561
193989.1561
193989.1567
193989.1567
193989.1571
193989.1569
193989.1572
193989.1571
193989.1568
193989.1573
193989.157
193989.157
193989.156
193989.1557
193989.155
193989.1554
193989.1553
193989.1561
193989.1562
193989.1569
193989.1567
193989.1572
193989.157
193989.1572
193989.1575
193989.1571
193989.1569
193989.1561
193989.1558
193989.1553
193989.1555
193989.1555
193989.1562
193989.1565
193989.1573
193989.1573
193989.1577
193989.1574
193989.1569
193989.1571
193989.1566
193989.1567
193989.1559
193989.1558
193989.1551
193989.1553
193989.1552
193989.1561
193989.1564
193989.1574
193989.1572
193989.1574
193989.157
193989.1571
193989.1572
193989.1569
193989.1571
193989.1566
193989.1565
193989.1559
193989.156
193989.156
193989.1569
193989.1573
193989.1578
193989.1574
193989.1572
193989.1569
193989.1568
193989.157
193989.1567
193989.157
193989.1566
193989.1567
193989.156
193989.1563
193989.1563
193989.1572
193989.1572
193989.1574
193989.1564
193989.1564
193989.1564
193989.1571
193989.1572
193989.157
193989.1573
193989.1571
193989.1572
193989.1569
193989.1572
193989.1573
193989.1578
193989.1574
193989.1569
193989.156
193989.1564
193989.1569
193989.1568
193989.157
193989.1567
193989.157
193989.1568
193989.1571
193989.1569
193989.1574
193989.1572
193989.1574
193989.1564
193989.156
193989.1556
193989.1568
193989.1574
193989.1572
193989.1572
193989.157
193989.1572
193989.1571
193989.1574
193989.1574
193989.1578
193989.1575
193989.1573
193989.1565
193989.1564
193989.1568
193989.1579
193989.1585
193989.1572
193989.1573
193989.157
193989.1572
193989.157
193989.1573
193989.1572
193989.1575
193989.1571
193989.157
193989.1565
193989.157
193989.1574
193989.1585
193989.1586
193989.1398
193989.1397
193989.1386
193989.1382
193989.1376
193989.1381
193989.138
193989.1385
193989.1381
193989.1384
193989.138
193989.1386
193989.1386
193989.1395
193989.1394
193989.1398
193989.1392
193989.138
193989.1377
193989.1376
193989.1383
193989.1383
193989.1386
193989.1382
193989.1383
193989.138
193989.1384
193989.1385
193989.1392
193989.1395
193989.1386
193989.138
193989.1368
193989.1372
193989.1372
193989.1381
193989.1377
193989.138
193989.1374
193989.1377
193989.1373
193989.1378
193989.1377
193989.1386
193989.1386
193989.1383
193989.1377
193989.1372
193989.1379
193989.138
193989.1385
193989.1379
193989.138
193989.1375
193989.1379
193989.1376
193989.138
193989.1379
193989.1385
193989.1387
193989.1377
193989.1377
193989.1373
193989.1381
193989.1376
193989.1377
193989.1368
193989.1371
193989.1366
193989.1373
193989.137
193989.1377
193989.1374
193989.1382
193989.1382
193989.1382
193989.1384
193989.1382
193989.1385
193989.1377
193989.1375
193989.1366
193989.1369
193989.1367
193989.1374
193989.1374
193989.138
193989.1379
193989.1385
193989.1386
193989.1381
193989.1384
193989.1378
193989.1379
193989.1368
193989.1366
193989.1356
193989.136
193989.1357
193989.1367
193989.1367
193989.1377
193989.1376
193989.1385
193989.1384
193989.1386
193989.1387
193989.1381
193989.138
193989.137
193989.1368
193989.136
193989.1363
193989.1361
193989.137
193989.1372
193989.1382
193989.1383
193989.1389
193989.1388
193989.1382
193989.1383
193989.1375
193989.1376
193989.1366
193989.1366
193989.1357
193989.136
193989.1357
193989.1368
193989.137
193989.1381
193989.138
193989.1386
193989.1383
193989.1385
193989.1385
193989.1379
193989.138
193989.1374
193989.1374
193989.1366
193989.1369
193989.1367
193989.1377
193989.138
193989.1387
193989.1383
193989.1385
193989.1384
193989.1382
193989.1382
193989.1375
193989.1378
193989.1372
193989.1374
193989.1367
193989.1372
193989.137
193989.138
193989.1378
193989.1381
193989.1373
193989.1378
193989.1379
193989.1387
193989.1386
193989.1381
193989.1382
193989.1379
193989.1381
193989.1377
193989.1382
193989.1382
193989.1387
193989.1381
193989.1379
193989.1373
193989.138
193989.1387
193989.1386
193989.1386
193989.1378
193989.1381
193989.1376
193989.1381
193989.1377
193989.1384
193989.138
193989.1383
193989.1373
193989.1373
193989.1371
193989.1385
193989.1391
193989.1393
193989.1391
193989.1386
193989.1387
193989.1384
193989.1387
193989.1386
193989.139
193989.1387
193989.1386
193989.1379
193989.1381
193989.1385
193989.1398
193989.1403
193989.1393
193989.1394
193989.1387
193989.1388
193989.1384
193989.1388
193989.1385
193989.1389
193989.1384
193989.1385
193989.138
193989.1387
193989.1391
193989.1404
193989.1404
193989.163
193989.1631
193989.1622
193989.1619
193989.1614
193989.1619
193989.1619
193989.1624
193989.1619
193989.1622
193989.1618
193989.1622
193989.1622
193989.1627
193989.1626
193989.1631
193989.1627
193989.1618
193989.1616
193989.1615
193989.1622
193989.1624
193989.1627
193989.1623
193989.1623
193989.162
193989.1623
193989.1623
193989.1627
193989.1627
193989.1622
193989.1618
193989.1609
193989.1613
193989.1614
193989.1624
193989.1622
193989.1625
193989.1619
193989.1621
193989.1616
193989.162
193989.1617
193989.1623
193989.1622
193989.1619
193989.1616
193989.1613
193989.162
193989.1624
193989.1629
193989.1626
193989.1627
193989.1622
193989.1624
193989.162
193989.1622
193989.162
193989.1624
193989.1623
193989.1614
193989.1616
193989.1615
193989.1624
193989.1623
193989.1626
193989.1619
193989.1621
193989.1616
193989.1621
193989.1617
193989.1621
193989.1617
193989.1622
193989.162
193989.162
193989.1623
193989.1625
193989.163
193989.1627
193989.1626
193989.1619
193989.1621
193989.1618
193989.1623
193989.1622
193989.1625
193989.1623
193989.1626
193989.1624
193989.162
193989.1625
193989.1623
193989.1627
193989.162
193989.162
193989.1611
193989.1615
193989.1611
193989.1618
193989.1617
193989.1624
193989.1621
193989.1625
193989.1622
193989.1625
193989.1628
193989.1626
193989.1627
193989.1622
193989.1621
193989.1615
193989.1617
193989.1615
193989.1621
193989.1623
193989.1629
193989.1627
193989.1629
193989.1626
193989.162
193989.1624
193989.162
193989.1623
193989.1617
193989.1619
193989.1612
193989.1615
193989.1612
193989.1621
193989.1621
193989.1628
193989.1624
193989.1626
193989.1621
193989.1622
193989.1624
193989.1622
193989.1625
193989.1622
193989.1624
193989.1619
193989.1622
193989.1621
193989.1628
193989.1628
193989.1631
193989.1625
193989.1624
193989.1622
193989.1619
193989.1621
193989.1617
193989.1622
193989.1618
193989.1622
193989.1618
193989.1623
193989.1621
193989.1629
193989.1625
193989.1625
193989.1616
193989.1618
193989.1617
193989.1623
193989.1623
193989.1621
193989.1623
193989.1622
193989.1626
193989.1625
193989.1629
193989.1629
193989.1632
193989.1625
193989.1621
193989.1615
193989.1619
193989.1623
193989.1622
193989.1623
193989.1618
193989.1621
193989.1618
193989.1624
193989.1622
193989.1628
193989.1625
193989.1626
193989.1616
193989.1615
193989.1613
193989.1623
193989.1626
193989.1628
193989.1627
193989.1623
193989.1624
193989.1623
193989.1626
193989.1626
193989.163
193989.1627
193989.1625
193989.1618
193989.162
193989.1623
193989.1632
193989.1635
193989.1627
193989.1628
193989.1622
193989.1624
193989.1621
193989.1625
193989.1623
193989.1627
193989.1623
193989.1623
193989.1618
193989.1623
193989.1626
193989.1635
193989.1635
193989.1312
193989.1311
193989.1296
193989.1292
193989.1282
193989.1287
193989.1284
193989.1291
193989.1285
193989.129
193989.1286
193989.1295
193989.1295
193989.1308
193989.1308
193989.1311
193989.1305
193989.1291
193989.1285
193989.128
193989.1286
193989.1285
193989.129
193989.1284
193989.1287
193989.1285
193989.1292
193989.1294
193989.1304
193989.1307
193989.1296
193989.129
193989.1273
193989.1274
193989.127
193989.1279
193989.1274
193989.1279
193989.1271
193989.1277
193989.1272
193989.1281
193989.1281
193989.1294
193989.1295
193989.1292
193989.1286
193989.1275
193989.1279
193989.1277
193989.1283
193989.1276
193989.1279
193989.1272
193989.1277
193989.1274
193989.1281
193989.1282
193989.1292
193989.1295
193989.1282
193989.1281
193989.127
193989.1277
193989.127
193989.1274
193989.1262
193989.1266
193989.1259
193989.1267
193989.1263
193989.1274
193989.1273
193989.1286
193989.1287
193989.1288
193989.1287
193989.128
193989.1283
193989.1274
193989.1274
193989.1263
193989.1266
193989.1261
193989.127
193989.1268
193989.1278
193989.1278
193989.129
193989.1292
193989.1285
193989.1286
193989.1275
193989.1277
193989.1263
193989.1263
193989.125
193989.1255
193989.1249
193989.1261
193989.126
193989.1273
193989.1273
193989.1287
193989.1288
193989.1291
193989.129
193989.128
193989.128
193989.1267
193989.1267
193989.1256
193989.1261
193989.1256
193989.1267
193989.1268
193989.1281
193989.1281
193989.1292
193989.1293
193989.1286
193989.1285
193989.1272
193989.1273
193989.126
193989.1261
193989.125
193989.1256
193989.1251
193989.1264
193989.1264
193989.1278
193989.1276
193989.1287
193989.1286
193989.129
193989.1288
193989.1277
193989.1278
193989.1268
193989.1271
193989.1262
193989.1268
193989.1264
193989.1276
193989.1275
193989.1284
193989.1281
193989.1288
193989.129
193989.1286
193989.1285
193989.1272
193989.1274
193989.1264
193989.1269
193989.126
193989.1268
193989.1264
193989.1276
193989.1271
193989.1278
193989.1271
193989.1282
193989.1285
193989.1295
193989.1292
193989.1281
193989.1282
193989.1275
193989.1279
193989.1274
193989.1281
193989.1279
193989.1285
193989.1278
193989.128
193989.1277
193989.1289
193989.1296
193989.1296
193989.1295
193989.1281
193989.1282
193989.1273
193989.1279
193989.1274
193989.1282
193989.1277
193989.1281
193989.1272
193989.1277
193989.1276
193989.1294
193989.1299
193989.1309
193989.1305
193989.1295
193989.1293
193989.1287
193989.129
193989.1288
193989.1293
193989.1288
193989.1289
193989.1283
193989.1289
193989.1294
193989.1309
193989.1315
193989.131
193989.1309
193989.1296
193989.1296
193989.1288
193989.1293
193989.1288
193989.1294
193989.1288
193989.1291
193989.1286
193989.1296
193989.1299
193989.1315
193989.1316
193989.1695
193989.1696
193989.1688
193989.1686
193989.168
193989.1686
193989.1685
193989.1692
193989.1686
193989.1689
193989.1683
193989.1688
193989.1687
193989.1694
193989.1691
193989.1696
193989.1696
193989.1687
193989.1685
193989.1684
193989.1692
193989.1693
193989.1697
193989.1692
193989.1693
193989.1688
193989.1691
193989.169
193989.1694
193989.1693
193989.1688
193989.1687
193989.1678
193989.1682
193989.1683
193989.1694
193989.1692
193989.1698
193989.1689
193989.1692
193989.1684
193989.1688
193989.1685
193989.169
193989.1686
193989.1686
193989.1686
193989.1683
193989.169
193989.1694
193989.1703
193989.17
193989.1703
193989.1696
193989.1697
193989.1691
193989.1693
193989.1689
193989.1691
193989.1688
193989.168
193989.1684
193989.1683
193989.1694
193989.1694
193989.1702
193989.1695
193989.1699
193989.169
193989.1695
193989.1688
193989.1692
193989.1686
193989.1689
193989.1684
193989.1687
193989.1692
193989.1695
193989.1703
193989.1703
193989.1706
193989.17
193989.1702
193989.1697
193989.1701
193989.1696
193989.1698
193989.1694
193989.1695
193989.1691
193989.1686
193989.1693
193989.1693
193989.1701
193989.1695
193989.17
193989.169
193989.1696
193989.1689
193989.1697
193989.1691
193989.1697
193989.1691
193989.1694
193989.1688
193989.1693
193989.1698
193989.1699
193989.1704
193989.17
193989.1703
193989.1697
193989.17
193989.1697
193989.1703
193989.17
193989.1704
193989.17
193989.17
193989.1694
193989.1687
193989.1693
193989.169
193989.1697
193989.1691
193989.1697
193989.1689
193989.1697
193989.1691
193989.17
193989.1696
193989.1702
193989.1694
193989.1694
193989.1687
193989.1689
193989.1693
193989.1693
193989.1698
193989.1696
193989.1701
193989.1698
193989.1703
193989.1701
193989.1707
193989.1704
193989.1704
193989.1696
193989.1694
193989.1689
193989.1684
193989.1688
193989.1685
193989.1692
193989.1688
193989.1697
193989.1692
193989.1701
193989.1696
193989.1704
193989.1695
193989.1695
193989.1684
193989.1686
193989.1682
193989.1689
193989.1691
193989.1689
193989.1693
193989.1692
193989.1699
193989.1698
193989.1705
193989.1702
193989.1705
193989.1695
193989.1692
193989.1685
193989.1688
193989.1689
193989.1688
193989.1691
193989.1685
193989.1689
193989.1686
193989.1694
193989.1692
193989.17
193989.1694
193989.1696
193989.1685
193989.1685
193989.1681
193989.1691
193989.1691
193989.1695
193989.1695
193989.1691
193989.1692
193989.169
193989.1696
193989.1695
193989.17
193989.1695
193989.1695
193989.1687
193989.1689
193989.1691
193989.1699
193989.17
193989.1693
193989.1694
193989.1687
193989.1689
193989.1685
193989.1692
193989.1689
193989.1695
193989.1688
193989.169
193989.1683
193989.1689
193989.1691
193989.17
193989.1698
193989.1196
193989.1195
193989.117
193989.1165
193989.1149
193989.1155
193989.1148
193989.1157
193989.1149
193989.1157
193989.1152
193989.1167
193989.117
193989.1192
193989.1192
193989.1195
193989.1186
193989.1165
193989.1156
193989.1145
193989.115
193989.1146
193989.1152
193989.1146
193989.1152
193989.1149
193989.1161
193989.1167
193989.1184
193989.1191
193989.117
193989.1165
193989.1137
193989.1136
193989.1123
193989.1132
193989.1123
193989.1131
193989.112
193989.1131
193989.1124
193989.1141
193989.1142
193989.1166
193989.1168
193989.1166
193989.1157
193989.1136
193989.1138
193989.1128
193989.1135
193989.1125
193989.1131
193989.112
193989.113
193989.1125
193989.114
193989.1142
193989.1161
193989.1167
193989.1149
193989.1145
193989.1123
193989.1128
193989.1112
193989.1118
193989.1102
193989.111
193989.1098
193989.1112
193989.1106
193989.1125
193989.1125
193989.115
193989.1153
193989.1155
193989.1151
193989.1133
193989.1136
193989.1119
193989.1122
193989.1105
193989.1113
193989.1102
193989.1116
193989.1112
193989.1131
193989.1132
193989.1153
193989.1159
193989.1149
193989.1147
193989.1124
193989.1125
193989.1103
193989.1105
193989.1086
193989.1095
193989.1084
193989.1102
193989.1099
193989.1122
193989.1122
193989.1148
193989.1151
193989.1158
193989.1153
193989.1132
193989.1132
193989.1111
193989.1113
193989.1095
193989.1105
193989.1095
193989.1113
193989.1111
193989.1132
193989.1133
193989.1154
193989.1159
193989.1149
193989.1146
193989.1121
193989.1121
193989.1099
193989.1102
193989.1085
193989.1095
193989.1086
193989.1105
193989.1103
193989.1126
193989.1124
193989.1147
193989.1149
193989.1157
193989.1152
193989.1131
193989.113
193989.1112
193989.1117
193989.1102
193989.1114
193989.1106
193989.1123
193989.112
193989.1136
193989.1134
193989.1152
193989.1156
193989.1152
193989.1149
193989.1124
193989.1125
193989.1106
193989.1113
193989.1099
193989.1111
193989.1104
193989.112
193989.1113
193989.1129
193989.1124
193989.1146
193989.1151
193989.1168
193989.1162
193989.1142
193989.114
193989.1126
193989.1131
193989.1122
193989.1133
193989.1126
193989.1137
193989.1129
193989.1139
193989.1138
193989.1159
193989.1168
193989.1171
193989.1167
193989.1143
193989.1142
193989.1126
193989.1133
193989.1123
193989.1134
193989.1125
193989.1134
193989.1124
193989.1138
193989.1139
193989.1167
193989.1173
193989.1194
193989.1185
193989.1167
193989.1162
193989.115
193989.1154
193989.1148
193989.1155
193989.1148
193989.1153
193989.1147
193989.1159
193989.1167
193989.1189
193989.1198
193989.1194
193989.1192
193989.1169
193989.1168
193989.1153
193989.1159
193989.1151
193989.1159
193989.115
193989.1157
193989.1151
193989.1168
193989.1173
193989.1198
193989.1199
193989.1785
193989.1789
193989.178
193989.1781
193989.1774
193989.1785
193989.1782
193989.1793
193989.1783
193989.1787
193989.1777
193989.1783
193989.178
193989.1786
193989.1781
193989.1789
193989.1792
193989.1786
193989.1787
193989.1784
193989.1796
193989.1795
193989.1804
193989.1795
193989.1797
193989.1788
193989.1791
193989.1787
193989.1789
193989.1784
193989.1781
193989.1786
193989.1779
193989.1787
193989.1786
193989.1803
193989.1799
193989.1811
193989.1797
193989.1801
193989.1787
193989.1791
193989.1783
193989.1786
193989.1777
193989.1782
193989.1787
193989.1787
193989.1799
193989.1803
193989.1819
193989.1816
193989.1824
193989.1812
193989.1814
193989.1801
193989.1801
193989.1792
193989.1791
193989.1782
193989.1775
193989.1785
193989.1786
193989.1803
193989.1804
193989.1822
193989.1812
193989.1825
193989.1808
193989.1816
193989.1798
193989.1801
193989.1788
193989.1789
193989.1778
193989.1786
193989.1797
193989.1804
193989.1819
193989.1823
193989.1835
193989.1829
193989.1837
193989.1826
193989.1829
193989.1817
193989.1815
193989.1803
193989.1799
193989.1789
193989.1783
193989.1796
193989.1799
193989.1816
193989.1812
193989.1829
193989.1814
193989.1831
193989.1812
193989.1826
193989.1808
193989.1813
193989.1798
193989.1797
193989.1785
193989.1794
193989.1805
193989.1812
193989.1825
193989.1826
193989.1837
193989.1832
193989.1842
193989.1832
193989.1837
193989.1827
193989.1826
193989.1813
193989.1806
193989.1795
193989.1783
193989.1795
193989.1797
193989.1813
193989.1808
193989.1827
193989.1812
193989.1832
193989.1814
193989.183
193989.1812
193989.1817
193989.18
193989.1796
193989.1783
193989.1788
193989.1798
193989.1802
193989.1815
193989.1817
193989.183
193989.1827
193989.1838
193989.183
193989.1836
193989.1824
193989.182
193989.1804
193989.1798
193989.1786
193989.1778
193989.1788
193989.1788
193989.1801
193989.1799
193989.1817
193989.1808
193989.1827
193989.1813
193989.1824
193989.1805
193989.1804
193989.1787
193989.1786
193989.1776
193989.1784
193989.1791
193989.1792
193989.1801
193989.1801
193989.1816
193989.1814
193989.1826
193989.1818
193989.1821
193989.1804
193989.1801
193989.1788
193989.1788
193989.1783
193989.1781
193989.1788
193989.1783
193989.1792
193989.1789
193989.1804
193989.1799
193989.1813
193989.1801
193989.1805
193989.1787
193989.1789
193989.178
193989.1787
193989.1783
193989.1788
193989.179
193989.1787
193989.1792
193989.179
193989.18
193989.1797
193989.1807
193989.1797
193989.1799
193989.1787
193989.1789
193989.1787
193989.1794
193989.1792
193989.1783
193989.1786
193989.1779
193989.1783
193989.1779
193989.179
193989.1786
193989.1796
193989.1784
193989.1787
193989.1776
193989.1783
193989.1783
193989.1792
193989.1788
193989.1017
193989.1016
193989.0969
193989.0963
193989.0932
193989.0939
193989.0925
193989.0937
193989.0925
193989.0941
193989.0935
193989.0965
193989.0969
193989.1013
193989.1011
193989.1017
193989.1002
193989.0964
193989.095
193989.0925
193989.0929
193989.0918
193989.0928
193989.0918
193989.0931
193989.0928
193989.0953
193989.0964
193989.0997
193989.101
193989.097
193989.0964
193989.0912
193989.0909
193989.0877
193989.0887
193989.0868
193989.0881
193989.0866
193989.0886
193989.0879
193989.0912
193989.0915
193989.0962
193989.0965
193989.0964
193989.095
193989.0909
193989.0907
193989.0879
193989.0889
193989.0866
193989.0882
193989.0863
193989.0885
193989.0877
193989.0908
193989.0913
193989.0953
193989.0963
193989.0933
193989.0925
193989.0877
193989.0879
193989.0845
193989.0851
193989.0825
193989.0838
193989.0821
193989.0845
193989.084
193989.0877
193989.0879
193989.0929
193989.0935
193989.094
193989.093
193989.0888
193989.0889
193989.0851
193989.0863
193989.0828
193989.0853
193989.0824
193989.0857
193989.0845
193989.0885
193989.0887
193989.0932
193989.0943
193989.0925
193989.0918
193989.0869
193989.0867
193989.0826
193989.0828
193989.0798
193989.0814
193989.0796
193989.0825
193989.0822
193989.0864
193989.0868
193989.0919
193989.0927
193989.0938
193989.0929
193989.0882
193989.0882
193989.0839
193989.0853
193989.0814
193989.0848
193989.0814
193989.0853
193989.0839
193989.0882
193989.0883
193989.0929
193989.0939
193989.0926
193989.0918
193989.0867
193989.0863
193989.0822
193989.0825
193989.0797
193989.0814
193989.0798
193989.0828
193989.0826
193989.0867
193989.0869
193989.0919
193989.0925
193989.0941
193989.0931
193989.0886
193989.0885
193989.0846
193989.0858
193989.0825
193989.0853
193989.0828
193989.0864
193989.0852
193989.089
193989.0888
193989.093
193989.094
193989.0935
193989.0928
193989.0879
193989.0877
193989.084
193989.0846
193989.0823
193989.0839
193989.0827
193989.0852
193989.0846
193989.088
193989.0878
193989.0926
193989.0933
193989.0965
193989.0953
193989.0912
193989.0908
193989.0878
193989.0886
193989.0864
193989.0883
193989.0867
193989.089
193989.088
193989.0907
193989.0909
193989.095
193989.0964
193989.097
193989.0964
193989.0915
193989.0913
193989.0879
193989.0887
193989.0868
193989.0883
193989.087
193989.0889
193989.0878
193989.091
193989.0912
193989.0964
193989.0971
193989.1015
193989.0999
193989.0963
193989.0953
193989.0929
193989.0932
193989.092
193989.0929
193989.0919
193989.0931
193989.0926
193989.095
193989.0964
193989.1002
193989.1019
193989.1014
193989.1012
193989.0966
193989.0964
193989.0936
193989.0943
193989.0928
193989.094
193989.0926
193989.0941
193989.0933
193989.0964
193989.0971
193989.1018
193989.1018
193989.1924
193989.1935
193989.1933
193989.1942
193989.1939
193989.1958
193989.1954
193989.1971
193989.1954
193989.196
193989.1941
193989.1944
193989.1933
193989.1931
193989.1917
193989.1936
193989.1949
193989.1953
193989.1963
193989.1967
193989.1986
193989.1988
193989.2001
193989.1988
193989.1988
193989.197
193989.1966
193989.1952
193989.1944
193989.1928
193989.1934
193989.1953
193989.1956
193989.1977
193989.1979
193989.2009
193989.2001
193989.2024
193989.2
193989.2009
193989.198
193989.198
193989.1957
193989.1951
193989.1928
193989.1943
193989.1963
193989.1978
193989.2003
193989.2017
193989.2044
193989.2045
193989.2061
193989.2042
193989.2041
193989.2015
193989.2004
193989.1981
193989.1965
193989.1942
193989.1939
193989.1967
193989.1979
193989.2016
193989.202
193989.206
193989.2043
193989.2076
193989.2039
193989.2055
193989.2016
193989.2015
193989.1981
193989.197
193989.1941
193989.1959
193989.1987
193989.2011
193989.2045
193989.2061
193989.2094
193989.2093
193989.2116
193989.2091
193989.2089
193989.2057
193989.2042
193989.2011
193989.1989
193989.1962
193989.1954
193989.1988
193989.2002
193989.2045
193989.2044
193989.2092
193989.2064
193989.2116
193989.2061
193989.2088
193989.204
193989.2042
193989.2001
193989.1989
193989.1956
193989.1972
193989.2002
193989.2026
193989.2062
193989.2079
193989.2117
193989.2119
193989.2162
193989.2123
193989.2118
193989.2081
193989.2063
193989.2027
193989.2002
193989.1973
193989.1955
193989.1988
193989.2001
193989.2043
193989.204
193989.2092
193989.2062
193989.2124
193989.2064
193989.2094
193989.2044
193989.2046
193989.2003
193989.1989
193989.1954
193989.1961
193989.1988
193989.2009
193989.2042
193989.2056
193989.2091
193989.209
193989.2119
193989.2095
193989.2096
193989.2063
193989.2046
193989.2012
193989.1988
193989.1959
193989.1941
193989.197
193989.198
193989.2015
193989.2016
193989.2058
193989.2041
193989.2082
193989.2044
193989.2064
193989.2022
193989.2018
193989.198
193989.1968
193989.1939
193989.1945
193989.1966
193989.1981
193989.2004
193989.2015
193989.2043
193989.2043
193989.2064
193989.2047
193989.2047
193989.2018
193989.2004
193989.1978
193989.1964
193989.1944
193989.1934
193989.1953
193989.1958
193989.1981
193989.1981
193989.2011
193989.2002
193989.2028
193989.2003
193989.2013
193989.198
193989.1979
193989.1955
193989.1953
193989.1935
193989.1934
193989.1946
193989.1952
193989.1966
193989.1971
193989.199
193989.199
193989.2003
193989.199
193989.1989
193989.1968
193989.1964
193989.1952
193989.1948
193989.1937
193989.192
193989.193
193989.193
193989.1943
193989.1942
193989.1963
193989.1957
193989.1974
193989.1955
193989.196
193989.1939
193989.1943
193989.1934
193989.1936
193989.1923
193989.0708
193989.0719
193989.0616
193989.0605
193989.0543
193989.0547
193989.0517
193989.0535
193989.0518
193989.0549
193989.0545
193989.0607
193989.0615
193989.0715
193989.07
193989.072
193989.0689
193989.0608
193989.058
193989.0525
193989.0523
193989.0493
193989.0511
193989.0493
193989.0525
193989.0528
193989.0582
193989.0607
193989.0683
193989.0711
193989.0616
193989.0608
193989.0495
193989.0485
193989.0413
193989.042
193989.0379
193989.0402
193989.0378
193989.0419
193989.0414
193989.0487
193989.0495
193989.0605
193989.061
193989.0606
193989.0581
193989.0486
193989.0476
193989.0405
193989.042
193989.0366
193989.0405
193989.0363
193989.0416
193989.0402
193989.0475
193989.0487
193989.0581
193989.0604
193989.0543
193989.0525
193989.0413
193989.0405
193989.0326
193989.0331
193989.0279
193989.0308
193989.0275
193989.0326
193989.0321
193989.0402
193989.0414
193989.0527
193989.0545
193989.0548
193989.0524
193989.0421
193989.042
193989.0331
193989.0364
193989.0282
193989.0366
193989.0279
193989.0358
193989.0326
193989.0416
193989.042
193989.0525
193989.0551
193989.0518
193989.0494
193989.038
193989.0366
193989.0279
193989.0283
193989.0225
193989.0278
193989.0224
193989.0279
193989.0276
193989.0363
193989.0379
193989.0494
193989.0519
193989.0535
193989.0511
193989.0402
193989.0405
193989.0308
193989.0367
193989.0278
193989.0469
193989.0278
193989.0365
193989.0307
193989.0404
193989.0403
193989.0511
193989.0536
193989.0518
193989.0493
193989.0378
193989.0363
193989.0276
193989.028
193989.0225
193989.0278
193989.0227
193989.0282
193989.028
193989.0366
193989.038
193989.0493
193989.0517
193989.0549
193989.0524
193989.0419
193989.0416
193989.0326
193989.0359
193989.0279
193989.0365
193989.0282
193989.0363
193989.0331
193989.0419
193989.0421
193989.0523
193989.0547
193989.0545
193989.0527
193989.0414
193989.0402
193989.0321
193989.0326
193989.0277
193989.0308
193989.028
193989.0332
193989.0327
193989.0405
193989.0413
193989.0525
193989.0543
193989.0607
193989.0582
193989.0487
193989.0475
193989.0402
193989.0416
193989.0363
193989.0405
193989.0366
193989.042
193989.0405
193989.0475
193989.0485
193989.0579
193989.0606
193989.0617
193989.0608
193989.0496
193989.0487
193989.0414
193989.042
193989.0379
193989.0403
193989.038
193989.0421
193989.0414
193989.0485
193989.0494
193989.0607
193989.0616
193989.0718
193989.0685
193989.0606
193989.0581
193989.0527
193989.0525
193989.0494
193989.0512
193989.0494
193989.0524
193989.0525
193989.0579
193989.0606
193989.0687
193989.0719
193989.0703
193989.0713
193989.0611
193989.0605
193989.0545
193989.055
193989.0519
193989.0537
193989.0518
193989.0548
193989.0543
193989.0605
193989.0615
193989.0719
193989.0706
193989.213
193989.2163
193989.2183
193989.2215
193989.2226
193989.2266
193989.2264
193989.2294
193989.2265
193989.2268
193989.2228
193989.2217
193989.2183
193989.2159
193989.2122
193989.2164
193989.2203
193989.2236
193989.2271
193989.2297
193989.2335
193989.2347
193989.2368
193989.2347
193989.2337
193989.23
193989.2273
193989.2235
193989.2196
193989.2155
193989.2184
193989.2236
193989.2272
193989.2328
193989.2351
193989.2412
193989.2407
193989.2451
193989.2407
193989.2412
193989.2352
193989.2329
193989.2271
193989.2232
193989.2177
193989.2216
193989.2272
193989.2329
193989.2389
193989.2437
193989.2492
193989.2509
193989.2537
193989.2508
193989.2489
193989.2435
193989.2389
193989.233
193989.2272
193989.2214
193989.2226
193989.2297
193989.2352
193989.2436
193989.247
193989.256
193989.2542
193989.2624
193989.2539
193989.2555
193989.2466
193989.2434
193989.2352
193989.2299
193989.2227
193989.2267
193989.2336
193989.2414
193989.2493
193989.2562
193989.2633
193989.2671
193989.2708
193989.2676
193989.263
193989.2561
193989.249
193989.2415
193989.2338
193989.227
193989.2265
193989.2347
193989.2408
193989.2509
193989.2542
193989.2667
193989.2604
193989.2812
193989.26
193989.2663
193989.2539
193989.2506
193989.2407
193989.2347
193989.2266
193989.2295
193989.2369
193989.2454
193989.2539
193989.2631
193989.2712
193989.2836
193989.2946
193989.2888
193989.2717
193989.2641
193989.2542
193989.2457
193989.237
193989.2296
193989.2265
193989.2347
193989.2407
193989.2509
193989.254
193989.2679
193989.2598
193989.2906
193989.2601
193989.268
193989.2544
193989.2512
193989.2409
193989.2347
193989.2264
193989.2268
193989.2337
193989.2413
193989.249
193989.2558
193989.2634
193989.2668
193989.2722
193989.2678
193989.2641
193989.2567
193989.2495
193989.2416
193989.2337
193989.2267
193989.2228
193989.23
193989.2352
193989.2435
193989.2466
193989.2563
193989.254
193989.2645
193989.2544
193989.2569
193989.2472
193989.2439
193989.2352
193989.2298
193989.2226
193989.2218
193989.2273
193989.233
193989.2389
193989.2434
193989.2492
193989.2508
193989.2545
193989.2512
193989.2497
193989.2439
193989.239
193989.2329
193989.2271
193989.2216
193989.2185
193989.2236
193989.2272
193989.233
193989.2352
193989.2415
193989.2408
193989.2458
193989.241
193989.2417
193989.2353
193989.2329
193989.227
193989.2234
193989.2184
193989.2162
193989.2198
193989.2234
193989.2272
193989.2299
193989.2339
193989.2348
193989.2371
193989.2348
193989.2338
193989.2298
193989.2271
193989.2234
193989.22
193989.2163
193989.2126
193989.2157
193989.2178
193989.2214
193989.2227
193989.227
193989.2267
193989.2297
193989.2265
193989.2268
193989.2225
193989.2215
193989.2182
193989.2162
193989.2127
193989.0064
193989.0152
193988.9896
193988.9865
193988.9734
193988.9715
193988.9659
193988.9672
193988.9659
193988.9716
193988.9736
193988.9868
193988.9896
193989.0147
193989.0055
193989.0154
193989.0106
193988.9901
193988.983
193988.9703
193988.9667
193988.9605
193988.9619
193988.9606
193988.9668
193988.9705
193988.9831
193988.9898
193989.0098
193989.0143
193988.9897
193988.99
193988.9613
193988.9578
193988.9413
193988.9391
193988.9313
193988.9331
193988.9312
193988.939
193988.9413
193988.9578
193988.9611
193988.9895
193988.989
193988.9866
193988.983
193988.9579
193988.954
193988.9371
193988.936
193988.9252
193988.9302
193988.9251
193988.9356
193988.9369
193988.9538
193988.9579
193988.9829
193988.9864
193988.9734
193988.9703
193988.9413
193988.937
193988.9188
193988.915
193988.9058
193988.906
193988.9056
193988.9145
193988.9184
193988.9367
193988.9413
193988.9704
193988.9736
193988.9716
193988.9667
193988.9392
193988.9361
193988.9152
193988.9164
193988.898
193988.9097
193988.8979
193988.9156
193988.9149
193988.9356
193988.9393
193988.9668
193988.9719
193988.9659
193988.9606
193988.9314
193988.9253
193988.9059
193988.898
193988.889
193988.8734
193988.889
193988.8975
193988.9057
193988.9249
193988.9313
193988.9606
193988.9661
193988.9673
193988.962
193988.9333
193988.9302
193988.9062
193988.9094
193988.873
193988.9173
193988.8734
193988.9079
193988.9064
193988.9299
193988.9335
193988.9619
193988.9674
193988.966
193988.9606
193988.9313
193988.9251
193988.9058
193988.8979
193988.8894
193988.8732
193988.8904
193988.898
193988.9063
193988.9253
193988.9315
193988.9606
193988.9659
193988.9716
193988.9667
193988.939
193988.9355
193988.9146
193988.9155
193988.8975
193988.9077
193988.898
193988.9157
193988.9154
193988.9358
193988.9393
193988.9666
193988.9715
193988.9736
193988.9705
193988.9413
193988.9368
193988.9184
193988.9149
193988.9059
193988.9065
193988.9064
193988.9155
193988.9191
193988.9372
193988.9414
193988.9702
193988.9734
193988.9868
193988.9831
193988.9578
193988.9537
193988.9366
193988.9355
193988.9249
193988.9299
193988.9253
193988.9359
193988.9371
193988.9538
193988.9577
193988.9828
193988.9866
193988.9899
193988.99
193988.9612
193988.9578
193988.9413
193988.9393
193988.9314
193988.9335
193988.9316
193988.9394
193988.9414
193988.9578
193988.9611
193988.9898
193988.9897
193989.0151
193989.01
193988.9897
193988.9829
193988.9703
193988.9668
193988.9606
193988.962
193988.9606
193988.9667
193988.9702
193988.9827
193988.9897
193989.0101
193989.0151
193989.0059
193989.0146
193988.9891
193988.9864
193988.9735
193988.9718
193988.9661
193988.9675
193988.966
193988.9716
193988.9733
193988.9865
193988.9895
193989.0151
193989.006
193989.2424
193989.2538
193989.2613
193989.2716
193989.277
193989.2857
193989.2882
193989.2927
193989.2882
193989.286
193989.2772
193989.2719
193989.2612
193989.2532
193989.2413
193989.2539
193989.265
193989.2767
193989.2874
193989.2961
193989.3043
193989.3091
193989.3118
193989.3091
193989.3045
193989.2962
193989.2874
193989.2762
193989.264
193989.2525
193989.2613
193989.2767
193989.2899
193989.3053
193989.3147
193989.3261
193989.3304
193989.3347
193989.3303
193989.3261
193989.3146
193989.3052
193989.2895
193989.276
193989.2604
193989.2717
193989.2874
193989.3053
193989.3217
193989.3356
193989.3459
193989.3532
193989.3531
193989.3525
193989.3453
193989.3349
193989.3212
193989.3048
193989.287
193989.2712
193989.2769
193989.2962
193989.3147
193989.3358
193989.3514
193989.3657
193989.3742
193989.3762
193989.3739
193989.3652
193989.3508
193989.3354
193989.3146
193989.2962
193989.277
193989.2857
193989.3043
193989.326
193989.3458
193989.3653
193989.3742
193989.3879
193989.3748
193989.3855
193989.3732
193989.3635
193989.345
193989.3254
193989.3042
193989.2857
193989.2881
193989.3092
193989.3304
193989.3534
193989.3742
193989.3887
193989.4059
193989.399
193989.4056
193989.3883
193989.3737
193989.3531
193989.3302
193989.3092
193989.2883
193989.2927
193989.3117
193989.3345
193989.3528
193989.3754
193989.3739
193989.3954
193989.3669
193989.3861
193989.3726
193989.3727
193989.3521
193989.3336
193989.3114
193989.2923
193989.2883
193989.3091
193989.3303
193989.3524
193989.374
193989.3849
193989.4059
193989.383
193989.4061
193989.3851
193989.3742
193989.3526
193989.3304
193989.309
193989.2881
193989.2858
193989.3043
193989.3258
193989.3451
193989.3647
193989.3728
193989.3875
193989.3719
193989.3857
193989.3728
193989.3641
193989.3451
193989.3254
193989.3039
193989.2853
193989.2772
193989.2961
193989.3146
193989.3347
193989.3507
193989.3632
193989.3738
193989.3719
193989.3742
193989.3637
193989.3513
193989.335
193989.3146
193989.2958
193989.2768
193989.2719
193989.2874
193989.305
193989.321
193989.3351
193989.3448
193989.3529
193989.3519
193989.3528
193989.3451
193989.3352
193989.3211
193989.3047
193989.2869
193989.2714
193989.2615
193989.2764
193989.2896
193989.3047
193989.3145
193989.3251
193989.3303
193989.3334
193989.3304
193989.3253
193989.3146
193989.3046
193989.2894
193989.2761
193989.2612
193989.2536
193989.2643
193989.2761
193989.287
193989.2961
193989.3041
193989.3092
193989.3114
193989.3091
193989.304
193989.2958
193989.2868
193989.276
193989.2643
193989.2535
193989.2418
193989.2528
193989.2606
193989.2712
193989.277
193989.2856
193989.2883
193989.2923
193989.2881
193989.2853
193989.2767
193989.2712
193989.261
193989.2534
193989.2418
193988.8275
193988.8764
193988.8119
193988.794
193988.7648
193988.7525
193988.7428
193988.7409
193988.743
193988.7528
193988.7652
193988.7944
193988.8119
193988.8758
193988.8262
193988.8766
193988.8859
193988.8259
193988.8043
193988.7729
193988.7543
193988.7439
193988.7382
193988.744
193988.7545
193988.7731
193988.8044
193988.8255
193988.8848
193988.8752
193988.812
193988.8259
193988.7455
193988.73
193988.6905
193988.6758
193988.661
193988.6591
193988.661
193988.6758
193988.6905
193988.7299
193988.7451
193988.8251
193988.811
193988.7942
193988.8044
193988.7301
193988.7136
193988.6759
193988.6544
193988.6433
193988.6313
193988.6431
193988.654
193988.6755
193988.7132
193988.7298
193988.804
193988.7938
193988.7649
193988.7729
193988.6905
193988.676
193988.6328
193988.6159
193988.5982
193988.5942
193988.598
193988.6154
193988.6323
193988.6756
193988.6904
193988.7729
193988.765
193988.7525
193988.7544
193988.6759
193988.6544
193988.6159
193988.5809
193988.5775
193988.5389
193988.5775
193988.5803
193988.6152
193988.6539
193988.6757
193988.7544
193988.7528
193988.7428
193988.7439
193988.661
193988.6434
193988.5983
193988.5777
193988.5612
193988.5512
193988.5615
193988.5773
193988.5981
193988.6431
193988.661
193988.744
193988.7431
193988.7409
193988.7381
193988.6591
193988.6311
193988.594
193988.5382
193988.5508
193988.4534
193988.5526
193988.5382
193988.5938
193988.631
193988.659
193988.7381
193988.7409
193988.743
193988.744
193988.6611
193988.6432
193988.5982
193988.5776
193988.5618
193988.5528
193988.5624
193988.5778
193988.5987
193988.6434
193988.6613
193988.744
193988.7429
193988.7527
193988.7543
193988.6757
193988.6537
193988.6153
193988.5799
193988.5773
193988.5377
193988.5778
193988.5804
193988.6158
193988.6541
193988.6757
193988.7542
193988.7524
193988.7652
193988.773
193988.6905
193988.6754
193988.6324
193988.6152
193988.5983
193988.5938
193988.5988
193988.6158
193988.6332
193988.6759
193988.6906
193988.7728
193988.7648
193988.7944
193988.8044
193988.7298
193988.713
193988.6754
193988.6536
193988.6431
193988.6307
193988.6434
193988.6541
193988.6759
193988.7132
193988.7297
193988.804
193988.7939
193988.8122
193988.8256
193988.7452
193988.7297
193988.6904
193988.6756
193988.6611
193988.6589
193988.6613
193988.6758
193988.6906
193988.7297
193988.7451
193988.8254
193988.8119
193988.8762
193988.8851
193988.8252
193988.8039
193988.7728
193988.7542
193988.7439
193988.738
193988.7439
193988.7542
193988.7727
193988.8039
193988.8252
193988.8852
193988.8762
193988.8268
193988.8754
193988.8111
193988.7937
193988.765
193988.7527
193988.7431
193988.741
193988.743
193988.7524
193988.7647
193988.7938
193988.8117
193988.8762
193988.827
193989.2476
193989.313
193989.3276
193989.3708
193989.3841
193989.4137
193989.4255
193989.44
193989.4255
193989.4139
193989.3845
193989.3711
193989.3276
193989.3123
193989.2463
193989.3132
193989.3712
193989.4006
193989.4433
193989.4625
193989.4928
193989.5029
193989.5169
193989.5029
193989.4931
193989.4627
193989.4433
193989.4001
193989.37
193989.3116
193989.3279
193989.4007
193989.4431
193989.5041
193989.5239
193989.5629
193989.5679
193989.5875
193989.5679
193989.563
193989.5239
193989.5039
193989.4425
193989.3997
193989.3266
193989.3709
193989.4434
193989.5041
193989.5765
193989.6089
193989.6542
193989.6595
193989.6815
193989.6593
193989.6539
193989.6085
193989.576
193989.5036
193989.4429
193989.3703
193989.384
193989.4625
193989.5239
193989.609
193989.646
193989.6985
193989.7036
193989.727
193989.7033
193989.6981
193989.6454
193989.6086
193989.5237
193989.4625
193989.3841
193989.4136
193989.4929
193989.563
193989.6544
193989.6984
193989.7616
193989.7641
193989.8012
193989.7637
193989.761
193989.6977
193989.6539
193989.5627
193989.4929
193989.4138
193989.4248
193989.5026
193989.5677
193989.6597
193989.7036
193989.7644
193989.7734
193989.7918
193989.7731
193989.7641
193989.7032
193989.6594
193989.5676
193989.5027
193989.4251
193989.44
193989.517
193989.5875
193989.6819
193989.7271
193989.8025
193989.7913
193989.8076
193989.7908
193989.8024
193989.727
193989.6819
193989.5873
193989.5169
193989.4399
193989.4261
193989.5032
193989.5681
193989.6594
193989.7035
193989.764
193989.7733
193989.791
193989.7732
193989.7644
193989.7038
193989.6597
193989.5682
193989.5032
193989.4259
193989.414
193989.4931
193989.5629
193989.6543
193989.698
193989.7623
193989.7641
193989.8058
193989.7643
193989.7628
193989.6984
193989.6546
193989.5629
193989.4928
193989.4135
193989.3846
193989.4628
193989.5238
193989.6085
193989.6455
193989.6979
193989.7034
193989.7269
193989.7038
193989.6986
193989.6462
193989.609
193989.5239
193989.4625
193989.3841
193989.3711
193989.4434
193989.5038
193989.5761
193989.6085
193989.6544
193989.6594
193989.6829
193989.6597
193989.6549
193989.6089
193989.5764
193989.5037
193989.443
193989.3706
193989.3279
193989.4002
193989.4426
193989.5036
193989.5237
193989.5627
193989.5679
193989.5874
193989.568
193989.563
193989.5239
193989.5037
193989.4425
193989.4
193989.3276
193989.3127
193989.3703
193989.3998
193989.4429
193989.4625
193989.493
193989.503
193989.5172
193989.5029
193989.493
193989.4623
193989.4429
193989.3999
193989.3704
193989.3127
193989.2467
193989.3117
193989.3267
193989.3703
193989.3843
193989.4139
193989.4258
193989.44
193989.4254
193989.4135
193989.3839
193989.3704
193989.3274
193989.3126
193989.247
193988.1703
193988.3609
193988.1743
193988.091
193988.0247
193987.9812
193987.9602
193987.9619
193987.9604
193987.9817
193988.0251
193988.0914
193988.1743
193988.3604
193988.169
193988.3612
193988.5079
193988.31
193988.2344
193988.1459
193988.0894
193988.0554
193988.0378
193988.0555
193988.0896
193988.146
193988.2344
193988.3094
193988.5067
193988.3595
193988.1745
193988.3099
193988.0845
193988.0171
193987.9175
193987.8649
193987.8332
193987.824
193987.8332
193987.865
193987.9174
193988.0169
193988.0839
193988.3089
193988.1732
193988.0916
193988.2345
193988.0174
193987.9507
193987.8478
193987.7963
193987.76
193987.7512
193987.7598
193987.796
193987.8473
193987.9502
193988.0167
193988.2339
193988.0909
193988.025
193988.1459
193987.9176
193987.8476
193987.7341
193987.6839
193987.6419
193987.6401
193987.6417
193987.6836
193987.7336
193987.8472
193987.9173
193988.1458
193988.0251
193987.9818
193988.0895
193987.8652
193987.7963
193987.6845
193987.6381
193987.5987
193987.6113
193987.5984
193987.6376
193987.6838
193987.7958
193987.8649
193988.0895
193987.9821
193987.9604
193988.0556
193987.8332
193987.7598
193987.6419
193987.5981
193987.5519
193987.5762
193987.5522
193987.5979
193987.6418
193987.7596
193987.8332
193988.0557
193987.9608
193987.9619
193988.0377
193987.8244
193987.7509
193987.6416
193987.6103
193987.5807
193987.6914
193987.5811
193987.6103
193987.6417
193987.7508
193987.8243
193988.0376
193987.9619
193987.9603
193988.0554
193987.8335
193987.7601
193987.6421
193987.5994
193987.5528
193987.5848
193987.5536
193987.5997
193987.6426
193987.7603
193987.8336
193988.0553
193987.9602
193987.9811
193988.0893
193987.8649
193987.7957
193987.684
193987.6367
193987.5987
193987.6071
193987.5989
193987.6372
193987.6844
193987.796
193987.8649
193988.089
193987.9807
193988.025
193988.1461
193987.9176
193987.8475
193987.7339
193987.6844
193987.6422
193987.643
193987.6427
193987.685
193987.7346
193987.848
193987.9177
193988.1458
193988.0245
193988.0912
193988.2343
193988.0168
193987.95
193987.8473
193987.7954
193987.7598
193987.7501
193987.76
193987.7959
193987.8477
193987.9502
193988.0167
193988.2339
193988.0907
193988.1747
193988.3097
193988.0841
193988.0167
193987.9174
193987.8649
193987.8335
193987.8246
193987.8336
193987.8653
193987.9176
193988.0169
193988.0841
193988.3095
193988.1745
193988.3608
193988.5069
193988.3091
193988.2338
193988.1458
193988.0892
193988.0555
193988.0375
193988.0555
193988.0892
193988.1456
193988.2337
193988.3091
193988.5072
193988.3609
193988.1697
193988.3597
193988.1733
193988.0906
193988.0249
193987.9816
193987.9607
193987.9621
193987.9605
193987.9813
193988.0245
193988.0908
193988.1741
193988.3609
193988.1702
193989.0088
193989.2513
193989.2402
193989.4246
193989.4763
193989.5867
193989.5722
193989.6276
193989.573
193989.5867
193989.4768
193989.4251
193989.2404
193989.2507
193989.0074
193989.2511
193989.7433
193989.8376
193990.0944
193990.1466
193990.2544
193990.255
193990.2933
193990.2552
193990.2545
193990.1467
193990.0945
193989.8372
193989.7423
193989.2494
193989.2403
193989.8378
193989.8672
193990.1447
193990.2029
193990.3257
193990.3228
193990.3681
193990.323
193990.3256
193990.2028
193990.1445
193989.8667
193989.8369
193989.2391
193989.4253
193990.0946
193990.1449
193990.4679
193990.5054
193990.6516
193990.6526
193990.7006
193990.6524
193990.6511
193990.5049
193990.4674
193990.1444
193990.0941
193989.4248
193989.4772
193990.1469
193990.2032
193990.5055
193990.5477
193990.6597
193990.6454
193990.6879
193990.6452
193990.6592
193990.5473
193990.5051
193990.203
193990.1469
193989.4775
193989.587
193990.2546
193990.326
193990.652
193990.6602
193990.7415
193990.7282
193990.7661
193990.7278
193990.7409
193990.6597
193990.6517
193990.3259
193990.2547
193989.5874
193989.5739
193990.2557
193990.3234
193990.6531
193990.645
193990.7276
193990.7078
193990.7317
193990.7076
193990.7271
193990.6447
193990.6531
193990.3235
193990.2559
193989.5745
193989.6274
193990.2932
193990.3682
193990.7006
193990.6885
193990.7655
193990.734
193990.807
193990.7338
193990.7652
193990.6883
193990.7006
193990.3682
193990.2932
193989.6275
193989.5711
193990.2546
193990.3221
193990.6526
193990.6447
193990.7281
193990.707
193990.7362
193990.7072
193990.7282
193990.6449
193990.653
193990.3223
193990.2547
193989.5711
193989.5864
193990.2543
193990.3255
193990.6513
193990.6595
193990.7404
193990.7276
193990.7652
193990.7277
193990.7407
193990.6599
193990.6518
193990.3256
193990.2542
193989.586
193989.4761
193990.1465
193990.2024
193990.5049
193990.5471
193990.6598
193990.6443
193990.6889
193990.6447
193990.6603
193990.5479
193990.5055
193990.2027
193990.1463
193989.4757
193989.4248
193990.0943
193990.1442
193990.4673
193990.505
193990.6518
193990.653
193990.7007
193990.6532
193990.6521
193990.5054
193990.4676
193990.1443
193990.094
193989.4244
193989.2403
193989.837
193989.8664
193990.1442
193990.2026
193990.3258
193990.3226
193990.3685
193990.3229
193990.3259
193990.2028
193990.1444
193989.8666
193989.837
193989.2403
193989.251
193989.7419
193989.8366
193990.0939
193990.1465
193990.2546
193990.2553
193990.2934
193990.2554
193990.2543
193990.1464
193990.0939
193989.837
193989.7424
193989.2512
193989.0078
193989.2495
193989.2388
193989.4241
193989.4765
193989.5871
193989.5728
193989.6278
193989.5729
193989.5863
193989.4761
193989.4244
193989.2398
193989.2507
193989.0083
193982.1461
193985.698
193986.1969
193986.6588
193986.6538
193986.6933
193986.6126
193986.6129
193986.6145
193986.693
193986.6542
193986.6597
193986.1982
193985.6979
193982.1435
193985.7003
193986.9458
193986.825
193986.8801
193986.8551
193986.8668
193986.8282
193986.8092
193986.8289
193986.8665
193986.8549
193986.8801
193986.8245
193986.9445
193985.698
193986.2
193986.8253
193986.6385
193986.6732
193986.6384
193986.6611
193986.6362
193986.6328
193986.6363
193986.6606
193986.6379
193986.6728
193986.6379
193986.8244
193986.1986
193986.6592
193986.8802
193986.6734
193986.6984
193986.6265
193986.6459
193986.6254
193986.6313
193986.6249
193986.6451
193986.6257
193986.6977
193986.6729
193986.8797
193986.6587
193986.6538
193986.8549
193986.6383
193986.6264
193986.535
193986.5568
193986.5177
193986.5415
193986.5173
193986.5561
193986.5344
193986.626
193986.6382
193986.8548
193986.6544
193986.6932
193986.8665
193986.6611
193986.646
193986.5579
193986.5913
193986.5556
193986.6348
193986.5554
193986.5908
193986.5575
193986.6457
193986.6609
193986.8666
193986.6937
193986.6179
193986.8304
193986.6371
193986.6254
193986.5179
193986.5541
193986.5369
193986.5889
193986.5366
193986.554
193986.518
193986.6253
193986.6371
193986.8305
193986.6184
193986.6126
193986.809
193986.6329
193986.6312
193986.5429
193986.6358
193986.5798
193986.6528
193986.577
193986.6358
193986.5431
193986.6313
193986.6329
193986.809
193986.6125
193986.6095
193986.8269
193986.6356
193986.6253
193986.5178
193986.5564
193986.5372
193986.5676
193986.5373
193986.5569
193986.5184
193986.6256
193986.6357
193986.8268
193986.6094
193986.6934
193986.8667
193986.6609
193986.6453
193986.5569
193986.5899
193986.5552
193986.6307
193986.5556
193986.5903
193986.5576
193986.6458
193986.661
193986.8664
193986.6928
193986.6543
193986.8553
193986.6381
193986.6259
193986.5346
193986.5582
193986.5182
193986.5444
193986.5184
193986.5586
193986.5352
193986.6266
193986.6385
193986.855
193986.6538
193986.66
193986.8804
193986.6728
193986.6976
193986.6261
193986.6457
193986.6254
193986.6312
193986.6254
193986.6458
193986.6263
193986.6981
193986.6732
193986.8802
193986.6595
193986.1973
193986.8248
193986.6381
193986.6729
193986.6383
193986.6611
193986.6364
193986.633
193986.6366
193986.661
193986.6383
193986.6732
193986.6387
193986.8252
193986.1974
193985.6978
193986.9453
193986.8244
193986.8798
193986.8551
193986.8668
193986.8285
193986.8092
193986.8289
193986.8662
193986.8545
193986.8798
193986.8252
193986.9462
193985.6984
193982.1492
193985.6971
193986.1968
193986.6587
193986.6544
193986.6939
193986.6135
193986.613
193986.6145
193986.6925
193986.6535
193986.6591
193986.1991
193985.6995
193982.1494
188329.695
188332.1795
188333.2384
188333.7122
188333.7005
188333.695
188333.5345
188333.5392
188333.5408
188333.6949
188333.6989
188333.7085
188333.2375
188332.1839
188329.6873
188332.1774
188332.5858
188333.3899
188333.7386
188333.7328
188333.7058
188333.6161
188333.5921
188333.6201
188333.705
188333.7316
188333.736
188333.3873
188332.5826
188332.1619
188333.2367
188333.3878
188333.4487
188333.5982
188333.5902
188333.5722
188333.5258
188333.5096
188333.528
188333.5714
188333.5893
188333.5967
188333.4468
188333.3848
188333.2294
188333.7034
188333.734
188333.5969
188333.5804
188333.5186
188333.5125
188333.493
188333.4877
188333.4938
188333.5119
188333.518
188333.5797
188333.5958
188333.7323
188333.7002
188333.6988
188333.7325
188333.5897
188333.5184
188333.452
188333.4515
188333.441
188333.4481
188333.4407
188333.4503
188333.4514
188333.5181
188333.5894
188333.7318
188333.6976
188333.6973
188333.706
188333.5733
188333.5137
188333.4523
188333.4547
188333.4423
188333.4599
188333.4422
188333.4547
188333.453
188333.5139
188333.5733
188333.7058
188333.6967
188333.5514
188333.6276
188333.5336
188333.4976
188333.4435
188333.4429
188333.4378
188333.4778
188333.4377
188333.4429
188333.4441
188333.4979
188333.5337
188333.6277
188333.5512
188333.5415
188333.5947
188333.5125
188333.4907
188333.4511
188333.4619
188333.4808
188333.5201
188333.4812
188333.4617
188333.4513
188333.4911
188333.5128
188333.5951
188333.5418
188333.5306
188333.6155
188333.5277
188333.4957
188333.4439
188333.4442
188333.4408
188333.4854
188333.4417
188333.4442
188333.4444
188333.496
188333.5281
188333.6157
188333.5307
188333.7036
188333.7148
188333.5819
188333.5188
188333.4558
188333.458
188333.4448
188333.463
188333.4449
188333.4583
188333.4567
188333.519
188333.582
188333.7147
188333.7032
188333.7145
188333.7448
188333.5996
188333.5256
188333.4571
188333.456
188333.4456
188333.4531
188333.4462
188333.4564
188333.4572
188333.5257
188333.5994
188333.7442
188333.7132
188333.7317
188333.7543
188333.6097
188333.5894
188333.5255
188333.5186
188333.4988
188333.4937
188333.4999
188333.5185
188333.5253
188333.5889
188333.6089
188333.7526
188333.7283
188333.2676
188333.4105
188333.4621
188333.6095
188333.5993
188333.5802
188333.5331
188333.5161
188333.5353
188333.5795
188333.5987
188333.6083
188333.4607
188333.4071
188333.2603
188332.2038
188332.5989
188333.4045
188333.7521
188333.7438
188333.7148
188333.6246
188333.5996
188333.6284
188333.7143
188333.7429
188333.7498
188333.402
188332.5954
188332.19
188329.7018
188332.185
188333.2533
188333.7272
188333.7123
188333.7048
188333.5436
188333.5469
188333.5496
188333.705
188333.711
188333.7239
188333.2536
188332.1935
188329.6976
183791.2436
183793.9005
183795.1656
183795.6166
183795.4852
183795.3417
183795.0616
183795.0251
183795.0694
183795.342
183795.4834
183795.6127
183795.1619
183793.9004
183791.2343
183793.8977
183794.2273
183795.1959
183795.5263
183795.419
183795.2638
183795.071
183795.0012
183795.0762
183795.2631
183795.4178
183795.5235
183795.1918
183794.2235
183793.8849
183795.1614
183795.1923
183795.2399
183795.3077
183795.1838
183795.0454
183794.9054
183794.8489
183794.9085
183795.0443
183795.1831
183795.3061
183795.2371
183795.1884
183795.1543
183795.6074
183795.5218
183795.3066
183795.1471
183794.9646
183794.8413
183794.7425
183794.7008
183794.7441
183794.8412
183794.9648
183795.1468
183795.3054
183795.5198
183795.604
183795.4837
183795.4191
183795.1835
183794.9647
183794.7726
183794.6591
183794.5797
183794.5573
183794.5814
183794.6606
183794.7742
183794.9652
183795.1835
183795.4184
183795.4823
183795.3456
183795.2647
183795.0465
183794.8426
183794.6599
183794.556
183794.4804
183794.4685
183794.4809
183794.5571
183794.6623
183794.8436
183795.047
183795.2647
183795.3452
183795.0829
183795.0862
183794.9159
183794.7486
183794.5826
183794.4815
183794.419
183794.4383
183794.4191
183794.4821
183794.5844
183794.7496
183794.9167
183795.0867
183795.0832
183795.0288
183795.0052
183794.853
183794.7048
183794.5603
183794.4713
183794.4431
183794.4683
183794.4437
183794.4714
183794.5611
183794.7057
183794.8538
183795.0062
183795.0299
183795.0582
183795.0715
183794.9086
183794.7469
183794.5847
183794.484
183794.4239
183794.4504
183794.425
183794.4842
183794.5857
183794.7477
183794.9096
183795.0724
183795.0591
183795.3537
183795.2769
183795.0585
183794.8511
183794.6673
183794.5624
183794.4854
183794.4747
183794.4856
183794.5627
183794.668
183794.8515
183795.059
183795.2772
183795.3539
183795.5043
183795.4361
183795.1977
183794.9759
183794.7825
183794.6683
183794.588
183794.565
183794.5889
183794.6686
183794.7829
183794.9761
183795.1978
183795.4357
183795.5034
183795.6407
183795.5475
183795.3243
183795.1606
183794.976
183794.8516
183794.7521
183794.7103
183794.7535
183794.8514
183794.9759
183795.1601
183795.3235
183795.5457
183795.6377
183795.2004
183795.2226
183795.2592
183795.3246
183795.1979
183795.0581
183794.9171
183794.8593
183794.92
183795.057
183795.1973
183795.3233
183795.2576
183795.2187
183795.1934
183793.9248
183794.2459
183795.2161
183795.5457
183795.4353
183795.2778
183795.0842
183795.0132
183795.0892
183795.2775
183795.4347
183795.5434
183795.2125
183794.2405
183793.9137
183791.2473
183793.9113
183795.1867
183795.6379
183795.5026
183795.3567
183795.0757
183795.0376
183795.0833
183795.3577
183795.5018
183795.6352
183795.185
183793.9155
183791.2472
178793.6138
178796.2091
178797.5846
178798.062
178797.9199
178797.738
178797.4202
178797.3659
178797.4287
178797.7389
178797.9187
178798.0595
178797.5798
178796.2085
178793.6048
178796.205
178796.4984
178797.5533
178797.9174
178797.8073
178797.6211
178797.3921
178797.3089
178797.3979
178797.6208
178797.8066
178797.9152
178797.5483
178796.4928
178796.1897
178797.5801
178797.5497
178797.6239
178797.6937
178797.5508
178797.3774
178797.2041
178797.1326
178797.2073
178797.376
178797.5502
178797.6924
178797.6209
178797.5453
178797.5725
178798.0559
178797.9148
178797.6932
178797.4995
178797.2861
178797.1233
178796.9939
178796.9385
178796.9954
178797.1227
178797.2858
178797.4993
178797.692
178797.9125
178798.052
178797.9199
178797.8085
178797.5514
178797.2865
178797.0571
178796.9034
178796.7967
178796.7594
178796.7967
178796.9025
178797.056
178797.2866
178797.5514
178797.808
178797.9186
178797.7436
178797.6232
178797.3782
178797.1245
178796.9042
178796.7569
178796.6561
178796.6297
178796.6563
178796.7572
178796.9047
178797.1255
178797.3792
178797.6237
178797.7438
178797.4436
178797.4093
178797.2157
178797.0009
178796.8006
178796.6576
178796.5721
178796.5795
178796.572
178796.658
178796.8014
178797.0023
178797.2173
178797.4107
178797.4449
178797.3704
178797.3138
178797.1374
178796.9431
178796.7637
178796.6333
178796.5853
178796.5997
178796.5856
178796.6333
178796.7643
178796.9447
178797.1392
178797.3158
178797.3727
178797.4174
178797.3933
178797.2078
178796.9989
178796.8019
178796.6605
178796.5781
178796.5939
178796.5792
178796.661
178796.8029
178797.0005
178797.2098
178797.3953
178797.4195
178797.7518
178797.6362
178797.3914
178797.1343
178796.9115
178796.7643
178796.6626
178796.6381
178796.6629
178796.7647
178796.9118
178797.1355
178797.3929
178797.6375
178797.7532
178797.9418
178797.8272
178797.567
178797.299
178797.0669
178796.9129
178796.8063
178796.7693
178796.8074
178796.9135
178797.0676
178797.3
178797.5679
178797.8276
178797.942
178798.089
178797.9416
178797.713
178797.5153
178797.2996
178797.1359
178797.0062
178796.9509
178797.008
178797.1361
178797.3001
178797.5156
178797.7128
178797.9404
178798.0865
178797.6226
178797.583
178797.6467
178797.7135
178797.5679
178797.3932
178797.219
178797.1464
178797.2224
178797.3926
178797.5681
178797.7131
178797.6452
178797.5796
178797.6155
178796.2408
178796.5187
178797.5765
178797.94
178797.8272
178797.6388
178797.409
178797.3245
178797.4147
178797.6394
178797.8274
178797.9388
178797.5726
178796.5136
178796.2228
178793.6226
178796.2212
178797.6088
178798.0867
178797.9412
178797.757
178797.4382
178797.3822
178797.4466
178797.7589
178797.9414
178798.0858
178797.606
178796.2252
178793.6159
173745.1498
173747.834
173749.3009
173749.8231
173749.6855
173749.4814
173749.1385
173749.0685
173749.1477
173749.4832
173749.685
173749.822
173749.2959
173747.8312
173745.1406
173747.8291
173748.1573
173749.2554
173749.655
173749.5484
173749.3425
173749.0875
173748.9936
173749.0939
173749.3429
173749.5484
173749.6538
173749.2505
173748.1507
173747.8139
173749.2964
173749.2523
173749.3439
173749.4248
173749.2711
173749.0754
173748.877
173748.7945
173748.881
173749.075
173749.2714
173749.4245
173749.3416
173749.2472
173749.2878
173749.8209
173749.6546
173749.425
173749.2121
173748.9747
173748.7835
173748.6298
173748.5642
173748.6322
173748.7843
173748.976
173749.2129
173749.4245
173749.6523
173749.8167
173749.6867
173749.5503
173749.2718
173748.9751
173748.7104
173748.5246
173748.3949
173748.3478
173748.3976
173748.5275
173748.7139
173748.9771
173749.2731
173749.5505
173749.686
173749.488
173749.345
173749.0756
173748.7844
173748.5251
173748.3463
173748.2241
173748.1887
173748.2251
173748.3483
173748.5287
173748.7871
173749.0781
173749.347
173749.4895
173749.1625
173749.1053
173748.8889
173748.6369
173748.3986
173748.2257
173748.1208
173748.1205
173748.1213
173748.2273
173748.402
173748.6401
173748.8921
173749.1085
173749.1656
173749.0725
173748.9982
173748.7988
173748.5686
173748.3514
173748.1925
173748.1266
173748.1345
173748.127
173748.1934
173748.3538
173748.5719
173748.8025
173749.0021
173749.0769
173749.1351
173749.0882
173748.8806
173748.6352
173748.4016
173748.2296
173748.128
173748.1359
173748.1293
173748.2309
173748.4042
173748.6385
173748.8845
173749.0922
173749.1394
173749.4951
173749.3577
173749.0895
173748.7955
173748.5357
173748.3557
173748.2325
173748.1989
173748.2331
173748.3568
173748.5371
173748.7983
173749.0928
173749.3611
173749.4987
173749.7073
173749.5686
173749.2884
173748.9892
173748.7244
173748.5377
173748.4077
173748.36
173748.4093
173748.5391
173748.7265
173748.9918
173749.2911
173749.5711
173749.7099
173749.8489
173749.6789
173749.4441
173749.2285
173748.9903
173748.7984
173748.6444
173748.5788
173748.6468
173748.7995
173748.992
173749.2305
173749.4458
173749.6798
173749.8496
173749.3362
173749.284
173749.3659
173749.445
173749.29
173749.0932
173748.8943
173748.8106
173748.8984
173749.0939
173749.2916
173749.4465
173749.3663
173749.283
173749.3334
173747.8533
173748.1735
173749.2763
173749.6775
173749.5695
173749.3623
173749.1067
173749.0117
173749.1131
173749.364
173749.5712
173749.6785
173749.2749
173748.1718
173747.8457
173745.1542
173747.8444
173749.3235
173749.8479
173749.7079
173749.5024
173749.1588
173749.0873
173749.168
173749.5057
173749.7098
173749.8494
173749.3214
173747.8474
173745.1475
168520.9476
168523.6537
168525.2163
168525.7946
168525.6856
168525.4776
168525.1219
168525.0414
168525.132
168525.4806
168525.6861
168525.7941
168525.2104
168523.6452
168520.934
168523.6467
168524.0363
168525.1812
168525.6253
168525.5387
168525.3286
168525.058
168524.9578
168525.0652
168525.3302
168525.5397
168525.6247
168525.1757
168524.0269
168523.6288
168525.2095
168525.1775
168525.3022
168525.403
168525.255
168525.0489
168524.8354
168524.7457
168524.8399
168525.0495
168525.256
168525.4032
168525.2998
168525.1707
168525.1983
168525.7943
168525.6257
168525.4035
168525.1865
168524.9422
168524.7361
168524.5673
168524.4951
168524.57
168524.7373
168524.9438
168525.1881
168525.4035
168525.6233
168525.7895
168525.6871
168525.5406
168525.2557
168524.9424
168524.6647
168524.4625
168524.3184
168524.2634
168524.3191
168524.4628
168524.6656
168524.9451
168525.258
168525.542
168525.6874
168525.4845
168525.3313
168525.0487
168524.7365
168524.4628
168524.2635
168524.1276
168524.0864
168524.1286
168524.2654
168524.4652
168524.7404
168525.0528
168525.3353
168525.4881
168525.1458
168525.0756
168524.8467
168524.574
168524.3219
168524.1291
168524.0122
168524.0061
168524.0127
168524.1311
168524.325
168524.5788
168524.8522
168525.0814
168525.1517
168525.0438
168524.9608
168524.7486
168524.4985
168524.2668
168524.0901
168524.0122
168524.0154
168524.0127
168524.0916
168524.2699
168524.5037
168524.7549
168524.9678
168525.0514
168525.1165
168525.0566
168524.8373
168524.5714
168524.3233
168524.133
168524.0196
168524.0217
168524.0213
168524.1352
168524.327
168524.577
168524.8439
168525.0638
168525.1241
168525.4891
168525.3416
168525.061
168524.747
168524.4714
168524.2727
168524.1364
168524.0975
168524.1376
168524.275
168524.4744
168524.7521
168525.0672
168525.348
168525.496
168525.705
168525.5568
168525.2703
168524.9554
168524.6759
168524.474
168524.3305
168524.276
168524.3326
168524.4766
168524.6795
168524.9604
168525.2758
168525.5622
168525.7107
168525.8166
168525.6461
168525.4201
168525.2017
168524.9572
168524.7513
168524.5828
168524.5109
168524.586
168524.7539
168524.9608
168525.2062
168525.4245
168525.6499
168525.8205
168525.2458
168525.2056
168525.3207
168525.4214
168525.2733
168525.0671
168524.8537
168524.7631
168524.8587
168525.0696
168525.277
168525.4256
168525.324
168525.2076
168525.2463
168523.6645
168524.0465
168525.1974
168525.6452
168525.5591
168525.3488
168525.0783
168524.9773
168525.0857
168525.3523
168525.5632
168525.6493
168525.1991
168524.0478
168523.6589
168520.9441
168523.6573
168525.2329
168525.816
168525.707
168525.499
168525.1434
168525.0616
168525.1536
168525.5042
168525.7115
168525.821
168525.234
168523.6612
168520.9381
163136.8521
163139.6418
163141.2861
163141.9253
163141.8463
163141.6391
163141.2772
163141.1891
163141.2885
163141.644
163141.8481
163141.9251
163141.2789
163139.6346
163136.8327
163139.6324
163140.1012
163141.276
163141.7647
163141.6947
163141.4817
163141.2012
163141.097
163141.2097
163141.4851
163141.6971
163141.7646
163141.2695
163140.0897
163139.6106
163141.2728
163141.2693
163141.4292
163141.5478
163141.4032
163141.1909
163140.967
163140.8727
163140.9728
163141.1938
163141.4061
163141.5491
163141.4264
163141.2609
163141.258
163141.9235
163141.7638
163141.5481
163141.3306
163141.0788
163140.8616
163140.6814
163140.6048
163140.6854
163140.8649
163141.0829
163141.334
163141.5494
163141.762
163141.9184
163141.8459
163141.6951
163141.4031
163141.0786
163140.7835
163140.5666
163140.4111
163140.3523
163140.4151
163140.572
163140.7901
163141.0843
163141.4081
163141.6989
163141.8483
163141.6448
163141.4834
163141.19
163140.8613
163140.5666
163140.3535
163140.207
163140.1623
163140.2093
163140.3578
163140.5735
163140.8686
163141.1977
163141.491
163141.6521
163141.2991
163141.2173
163140.9769
163140.6871
163140.4142
163140.2084
163140.0823
163140.0729
163140.084
163140.2126
163140.4214
163140.6956
163140.9866
163141.2275
163141.3097
163141.1883
163141.0971
163140.8733
163140.6065
163140.3543
163140.1655
163140.0788
163140.0796
163140.0803
163140.169
163140.3611
163140.6155
163140.8838
163141.1088
163141.2009
163141.2685
163141.197
163140.9667
163140.6843
163140.4167
163140.2129
163140.0905
163140.0891
163140.0931
163140.2169
163140.4239
163140.6935
163140.9776
163141.2089
163141.2812
163141.6472
163141.4917
163141.2009
163140.8716
163140.5774
163140.3639
163140.2173
163140.1747
163140.2194
163140.368
163140.5836
163140.8803
163141.2111
163141.5026
163141.6588
163141.8614
163141.7092
163141.4162
163141.0914
163140.7976
163140.5811
163140.4262
163140.3672
163140.4294
163140.5855
163140.8041
163141.0997
163141.4255
163141.7188
163141.8716
163141.9412
163141.7806
163141.5618
163141.3446
163141.0939
163140.8777
163140.6983
163140.6221
163140.7025
163140.8822
163141.1003
163141.3524
163141.5699
163141.7885
163141.9497
163141.3071
163141.2941
163141.4445
163141.5638
163141.4206
163141.2094
163140.9863
163140.8913
163140.9924
163141.2141
163141.4271
163141.5714
163141.4512
163141.2998
163141.3123
163139.6386
163140.1041
163141.2857
163141.7805
163141.7134
163141.5018
163141.2222
163141.1173
163141.2308
163141.5074
163141.7203
163141.7884
163141.2916
163140.1093
163139.6433
163136.8362
163139.6402
163141.2943
163141.9414
163141.8653
163141.66
163141.2991
163141.2098
163141.3104
163141.6674
163141.8728
163141.9503
163141.2994
163139.6423
163136.8333
157566.9113
157569.7169
157571.4379
157572.1255
157572.0757
157571.8694
157571.4986
157571.4049
157571.5121
157571.8773
157572.0786
157572.1223
157571.422
157569.6914
157566.8754
157569.7016
157570.2416
157571.4501
157571.9707
157571.9147
157571.6987
157571.4063
157571.2979
157571.4167
157571.7049
157571.9187
157571.9698
157571.4392
157570.2219
157569.6697
157571.4139
157571.4385
157571.6294
157571.7555
157571.6129
157571.3915
157571.1561
157571.0575
157571.1637
157571.397
157571.6178
157571.7575
157571.6252
157571.4261
157571.3936
157572.1177
157571.9662
157571.7547
157571.5335
157571.2716
157571.0417
157570.85
157570.7695
157570.8554
157571.0473
157571.2781
157571.5391
157571.7575
157571.9651
157572.1129
157572.0708
157571.912
157571.611
157571.2706
157570.9623
157570.7325
157570.5668
157570.504
157570.5701
157570.7372
157570.9695
157571.2795
157571.6196
157571.9194
157572.0771
157571.8718
157571.6981
157571.3891
157571.0402
157570.732
157570.5024
157570.3462
157570.2985
157570.3495
157570.5086
157570.7405
157571.0515
157571.4017
157571.7112
157571.8851
157571.5172
157571.4197
157571.1639
157570.8539
157570.5682
157570.3469
157570.2125
157570.1998
157570.2152
157570.3532
157570.578
157570.867
157571.1792
157571.4364
157571.5348
157571.3992
157571.2938
157571.0546
157570.7685
157570.5044
157570.3007
157570.2052
157570.2034
157570.2079
157570.3063
157570.5137
157570.7821
157571.071
157571.3123
157571.4191
157571.4853
157571.3981
157571.1528
157570.8508
157570.5701
157570.3516
157570.2211
157570.216
157570.2247
157570.358
157570.5801
157570.8647
157571.1695
157571.4167
157571.5053
157571.8728
157571.7051
157571.3989
157571.0501
157570.7413
157570.513
157570.3569
157570.3116
157570.3603
157570.5195
157570.751
157571.0634
157571.4145
157571.7222
157571.8909
157572.0844
157571.9242
157571.6229
157571.2828
157570.9747
157570.7459
157570.581
157570.5186
157570.5853
157570.7527
157570.9847
157571.2954
157571.6371
157571.9392
157572.0999
157572.1315
157571.9791
157571.7651
157571.5456
157571.2862
157571.0582
157570.8678
157570.7876
157570.8731
157571.065
157571.2958
157571.5575
157571.7779
157571.992
157572.1445
157571.443
157571.4567
157571.6384
157571.7675
157571.6287
157571.4101
157571.1762
157571.0768
157571.1836
157571.4173
157571.6386
157571.7794
157571.6498
157571.4676
157571.4527
157569.6964
157570.23
157571.4491
157571.9799
157571.9305
157571.7185
157571.4278
157571.3188
157571.4378
157571.7266
157571.9409
157571.9923
157571.4601
157570.2412
157569.7004
157566.8682
157569.685
157571.4282
157572.1311
157572.0899
157571.8889
157571.5204
157571.4256
157571.5332
157571.8989
157572.1013
157572.1458
157571.4412
157569.7021
157566.8744
151796.8704
151799.7349
151801.507
151802.2286
151802.192
151801.9772
151801.5968
151801.4989
151801.6146
151801.9919
151802.1985
151802.2215
151801.4766
151799.6894
151796.8039
151799.716
151800.3146
151801.5249
151802.0612
151802.0029
151801.774
151801.4679
151801.356
151801.4822
151801.7864
151802.0112
151802.0597
151801.5067
151800.2821
151799.6649
151801.4694
151801.5075
151801.7158
151801.8314
151801.6759
151801.4377
151801.1885
151801.0861
151801.1995
151801.4488
151801.6857
151801.8354
151801.7103
151801.49
151801.4406
151802.2111
151802.0511
151801.8286
151801.5865
151801.3047
151801.0563
151800.8516
151800.7675
151800.8596
151801.0668
151801.3164
151801.5965
151801.8346
151802.0521
151802.2078
151802.1802
151801.9957
151801.6718
151801.3029
151800.9692
151800.7179
151800.5394
151800.4738
151800.5465
151800.7296
151800.9834
151801.3178
151801.6868
151802.0099
151802.1939
151801.9748
151801.7702
151801.4334
151801.0536
151800.7168
151800.4698
151800.3026
151800.2524
151800.3081
151800.4802
151800.7321
151801.0717
151801.454
151801.7924
151801.9983
151801.6103
151801.4772
151801.1933
151800.8535
151800.5405
151800.303
151800.1593
151800.1443
151800.1641
151800.3132
151800.5561
151800.8736
151801.2173
151801.5039
151801.6391
151801.486
151801.3459
151801.0786
151800.7634
151800.4722
151800.2535
151800.1493
151800.146
151800.154
151800.2629
151800.4879
151800.7841
151801.1039
151801.3746
151801.5172
151801.5784
151801.4554
151801.1821
151800.8504
151800.5428
151800.3084
151800.1689
151800.1612
151800.1742
151800.3182
151800.5589
151800.8712
151801.2074
151801.484
151801.6095
151801.9758
151801.7762
151801.4426
151801.0639
151800.7282
151800.4818
151800.3152
151800.2672
151800.3202
151800.4916
151800.7432
151801.0834
151801.4659
151801.8018
151802.0026
151802.1935
151802.007
151801.6827
151801.3153
151800.984
151800.7346
151800.5573
151800.4919
151800.5631
151800.7441
151800.9981
151801.3333
151801.7034
151802.0288
151802.2154
151802.2218
151802.0604
151801.836
151801.5975
151801.32
151801.0749
151800.8718
151800.7878
151800.8786
151801.0844
151801.3336
151801.6144
151801.8544
151802.0789
151802.2398
151801.4911
151801.517
151801.716
151801.8393
151801.6909
151801.4579
151801.211
151801.1074
151801.2199
151801.4678
151801.7047
151801.8557
151801.7329
151801.5323
151801.5038
151799.6856
151800.2841
151801.5097
151802.0627
151802.0161
151801.7943
151801.4913
151801.3781
151801.5028
151801.8052
151802.0304
151802.0794
151801.5251
151800.2988
151799.6934
151796.7868
151799.6747
151801.475
151802.2216
151802.2011
151801.996
151801.6194
151801.5196
151801.6337
151802.0086
151802.2164
151802.2406
151801.4921
151799.6926
151796.7977
145788.3263
145791.1264
145792.9136
145793.6298
145793.5891
145793.3608
145792.9639
145792.8636
145792.9912
145793.3917
145793.6049
145793.6155
145792.855
145791.033
145788.1894
145791.0916
145791.673
145792.8702
145793.3865
145793.3109
145793.0636
145792.7399
145792.6246
145792.7616
145793.0881
145793.3284
145793.3851
145792.8403
145791.6179
145791.0041
145792.8559
145792.8462
145793.0427
145793.1167
145792.9362
145792.675
145792.4091
145792.3028
145792.4257
145792.6957
145792.9549
145793.1251
145793.0354
145792.821
145792.8138
145793.5952
145793.3684
145793.1108
145792.829
145792.5158
145792.2444
145792.0251
145791.938
145792.0375
145792.2625
145792.5362
145792.8465
145793.1234
145793.3747
145793.5982
145793.5667
145793.2979
145792.9289
145792.513
145792.1482
145791.878
145791.6879
145791.6212
145791.6978
145791.8935
145792.1694
145792.5372
145792.9547
145793.3241
145793.5957
145793.3522
145793.0559
145792.6683
145792.2403
145791.8764
145791.6087
145791.4316
145791.38
145791.4401
145791.6246
145791.8984
145792.2681
145792.7012
145793.0926
145793.3932
145792.9716
145792.7448
145792.4106
145792.0247
145791.6869
145791.4312
145791.2794
145791.2625
145791.2867
145791.4463
145791.7099
145792.0545
145792.4472
145792.7868
145793.0178
145792.8412
145792.6071
145792.2898
145791.9301
145791.6168
145791.3795
145791.2667
145791.2618
145791.2738
145791.3933
145791.6383
145791.9599
145792.3273
145792.6509
145792.8896
145792.9413
145792.724
145792.4004
145792.0229
145791.6909
145791.438
145791.2903
145791.28
145791.2977
145791.452
145791.7125
145792.0527
145792.4377
145792.7673
145792.9899
145793.3584
145793.0642
145792.6797
145792.2528
145791.8893
145791.6232
145791.4465
145791.3966
145791.4536
145791.637
145791.91
145792.2804
145792.7129
145793.1013
145793.3965
145793.5849
145793.3117
145792.9426
145792.528
145792.1655
145791.8973
145791.7084
145791.6405
145791.7161
145791.9106
145792.185
145792.5528
145792.9711
145793.3416
145793.6126
145793.6061
145793.3759
145793.1172
145792.8407
145792.5342
145792.2674
145792.0497
145791.9617
145792.0584
145792.2802
145792.5528
145792.8637
145793.1424
145793.4011
145793.6287
145792.8651
145792.8429
145793.0344
145793.1213
145792.9532
145792.6999
145792.4367
145792.3278
145792.4475
145792.7128
145792.9715
145793.1431
145793.0569
145792.8632
145792.8797
145791.0237
145791.6121
145792.835
145793.3785
145793.3234
145793.0881
145792.7686
145792.6502
145792.7823
145793.1019
145793.3423
145793.4005
145792.8551
145791.6313
145791.0333
145788.1637
145790.9995
145792.8405
145793.6013
145793.5919
145793.3815
145792.9894
145792.8847
145793.006
145793.3964
145793.6123
145793.6267
145792.8631
145791.0275
145788.1774
139564.2434
139566.9439
139568.6863
139569.3554
139569.2802
139569.0207
139568.6064
139568.5072
139568.6556
139569.0916
139569.3243
139569.3376
139568.5836
139566.7643
139563.9767
139566.8821
139567.3557
139568.4709
139568.9256
139568.8021
139568.519
139568.1732
139568.0571
139568.2116
139568.572
139568.8439
139568.9313
139568.4263
139567.2659
139566.7324
139568.5962
139568.4382
139568.5654
139568.5656
139568.3294
139568.0315
139567.7448
139567.6369
139567.7741
139568.0738
139568.3688
139568.5857
139568.5593
139568.4041
139568.5362
139569.2938
139568.897
139568.5559
139568.193
139567.8269
139567.5213
139567.2838
139567.1945
139567.3045
139567.5542
139567.8635
139568.2246
139568.5815
139568.9153
139569.3136
139569.2434
139568.7829
139568.3196
139567.8235
139567.4114
139567.1084
139566.903
139566.8332
139566.9184
139567.1364
139567.4463
139567.8627
139568.3637
139568.8303
139569.3021
139569.0066
139568.5079
139568.0232
139567.5165
139567.1064
139566.8132
139566.6235
139566.5702
139566.636
139566.8369
139567.1402
139567.5585
139568.0751
139568.568
139569.0773
139568.6074
139568.1735
139567.7432
139567.2816
139566.9011
139566.6227
139566.4606
139566.4421
139566.4714
139566.6446
139566.9342
139567.325
139567.7987
139568.239
139568.6812
139568.471
139568.0296
139567.6168
139567.1824
139566.8267
139566.5684
139566.4456
139566.4399
139566.456
139566.5883
139566.8587
139567.2253
139567.6727
139568.0967
139568.5468
139568.5831
139568.1574
139567.7368
139567.2824
139566.9068
139566.6315
139566.4735
139566.4614
139566.4839
139566.6513
139566.9387
139567.3254
139567.7926
139568.2247
139568.6621
139569.0261
139568.5254
139568.041
139567.5339
139567.124
139566.832
139566.6427
139566.5907
139566.6525
139566.8508
139567.1534
139567.5728
139568.0891
139568.5804
139569.0817
139569.2759
139568.8053
139568.3397
139567.8445
139567.435
139567.1354
139566.9308
139566.8601
139566.941
139567.153
139567.4618
139567.8783
139568.3788
139568.8463
139569.3098
139569.3122
139568.9066
139568.5647
139568.2093
139567.8531
139567.5542
139567.3181
139567.2257
139567.3293
139567.5711
139567.8783
139568.2404
139568.5989
139568.9405
139569.3396
139568.5932
139568.4206
139568.5502
139568.5705
139568.3549
139568.0696
139567.7851
139567.6707
139567.7984
139568.086
139568.3793
139568.5995
139568.5786
139568.4452
139568.6038
139566.7647
139567.256
139568.4115
139568.91
139568.8215
139568.5584
139568.2163
139568.0918
139568.2329
139568.5756
139568.8465
139568.9386
139568.4351
139567.2748
139566.7606
139563.9555
139566.7193
139568.5507
139569.2997
139569.2818
139569.0537
139568.6422
139568.5315
139568.6621
139569.0705
139569.3095
139569.3337
139568.5774
139566.7457
139563.955
132895.6852
132897.6834
132899.2167
132899.7245
132899.594
132899.3206
132898.9094
132898.8264
132899
132899.4935
132899.6987
132899.6803
132898.9931
132897.2543
132894.9751
132897.5046
132897.3006
132898.2768
132898.6011
132898.4283
132898.13
132897.7751
132897.6646
132897.838
132898.231
132898.514
132898.6247
132898.2202
132897.1586
132897.1938
132899.0226
132898.2313
132898.2111
132898.1127
132897.8373
132897.5265
132897.233
132897.1285
132897.2769
132897.5973
132897.9087
132898.1567
132898.2237
132898.1988
132898.941
132899.5833
132898.5566
132898.097
132897.6632
132897.2701
132896.9625
132896.7291
132896.6411
132896.7546
132897.0115
132897.3288
132897.7163
132898.1527
132898.6076
132899.6709
132899.5253
132898.4035
132897.8258
132897.2672
132896.8523
132896.5664
132896.3713
132896.3109
132896.3925
132896.604
132896.9062
132897.3274
132897.9025
132898.4923
132899.6649
132899.3052
132898.1203
132897.5191
132896.9586
132896.5642
132896.2888
132896.1121
132896.0669
132896.1289
132896.3207
132896.6108
132897.0165
132897.5977
132898.2168
132899.4327
132898.9098
132897.7769
132897.2325
132896.7271
132896.3697
132896.1117
132895.9642
132895.9525
132895.9786
132896.1401
132896.4138
132896.7823
132897.3115
132897.8748
132899.0213
132898.7746
132897.6308
132897.1053
132896.6311
132896.3028
132896.0646
132895.9549
132895.9561
132895.9685
132896.0898
132896.3428
132896.6831
132897.1819
132897.7282
132898.8884
132898.8988
132897.7692
132897.2316
132896.7288
132896.3789
132896.1233
132895.9797
132895.9736
132895.9932
132896.1487
132896.4193
132896.7853
132897.3097
132897.8716
132899.0404
132899.3725
132898.16
132897.5504
132896.9838
132896.5888
132896.3134
132896.1369
132896.0921
132896.1496
132896.3375
132896.6267
132897.0348
132897.6155
132898.2366
132899.4371
132899.6098
132898.4519
132897.8639
132897.301
132896.8901
132896.6038
132896.4087
132896.3441
132896.4217
132896.626
132896.9245
132897.3444
132897.9144
132898.5013
132899.6191
132899.6449
132898.586
132898.123
132897.6927
132897.3115
132897.0103
132896.7741
132896.684
132896.7889
132897.0316
132897.345
132897.733
132898.1688
132898.6297
132899.6696
132899.034
132898.2099
132898.2036
132898.1312
132897.8844
132897.5891
132897.2952
132897.1791
132897.3121
132897.608
132897.9163
132898.1685
132898.2401
132898.2383
132899.0191
132897.3096
132897.1483
132898.1948
132898.5872
132898.4696
132898.2023
132897.8474
132897.722
132897.8706
132898.2209
132898.5035
132898.6257
132898.2245
132897.1655
132897.2539
132895.0006
132897.1596
132898.9111
132899.599
132899.5918
132899.3809
132898.9572
132898.8515
132898.9858
132899.3853
132899.6327
132899.6568
132898.9554
132897.1991
132894.951
126458.273
126459.5954
126460.9786
126461.3096
126461.0792
126460.724
126460.2917
126460.239
126460.4991
126461.1481
126461.3859
126461.3349
126460.6856
126458.949
126457.1888
126459.2794
126458.4308
126459.1738
126459.2528
126458.9195
126458.5162
126458.1171
126458.0262
126458.2661
126458.7692
126459.1413
126459.3405
126459.1169
126458.2734
126458.8499
126460.6751
126459.1248
126458.8297
126458.4738
126458.0146
126457.5969
126457.2592
126457.1692
126457.3648
126457.7702
126458.1772
126458.5645
126458.8654
126459.0983
126460.6037
126461.0892
126459.2005
126458.4561
126457.7869
126457.2289
126456.8271
126456.5472
126456.4679
126456.6128
126456.9348
126457.3398
126457.8731
126458.5486
126459.295
126461.2915
126460.9948
126458.9028
126458.0102
126457.2305
126456.6733
126456.3172
126456.0832
126456.0201
126456.1181
126456.3781
126456.7532
126457.32
126458.1293
126459.0483
126461.2556
126460.7341
126458.5251
126457.6018
126456.8301
126456.3176
126455.9799
126455.7692
126455.7206
126455.7947
126456.0256
126456.3795
126456.9101
126457.7169
126458.6759
126460.9501
126460.3039
126458.1285
126457.2652
126456.5504
126456.0837
126455.7695
126455.5912
126455.5721
126455.6103
126455.8079
126456.1432
126456.6306
126457.3816
126458.2802
126460.479
126460.1558
126457.975
126457.134
126456.4482
126456.0109
126455.7166
126455.5728
126455.5719
126455.591
126455.75
126456.0645
126456.5271
126457.2499
126458.1303
126460.3437
126460.3112
126458.142
126457.2832
126456.5661
126456.0991
126455.7863
126455.6102
126455.5962
126455.6283
126455.8206
126456.1555
126456.6533
126457.4122
126458.3212
126460.5782
126460.8576
126458.5962
126457.6561
126456.8698
126456.3496
126456.0137
126455.8038
126455.7536
126455.8211
126456.0454
126456.4018
126456.946
126457.7616
126458.7312
126460.9807
126461.1462
126458.9823
126458.0711
126457.2796
126456.7239
126456.3714
126456.1398
126456.0689
126456.1574
126456.3997
126456.7705
126457.3397
126458.1448
126459.0598
126461.1585
126461.217
126459.2416
126458.4898
126457.8268
126457.2965
126456.9117
126456.6327
126456.5378
126456.6543
126456.939
126457.3451
126457.8879
126458.564
126459.3183
126461.2711
126460.7153
126459.0802
126458.8211
126458.5113
126458.1118
126457.7248
126457.3819
126457.258
126457.4057
126457.7467
126458.1571
126458.5675
126458.8769
126459.134
126460.7041
126459.059
126458.2555
126459.0751
126459.2584
126459.0288
126458.6813
126458.271
126458.1338
126458.3036
126458.7049
126459.0795
126459.32
126459.1134
126458.2785
126458.9495
126457.281
126458.8042
126460.522
126461.1623
126461.1475
126460.8915
126460.41
126460.2903
126460.4505
126460.8922
126461.2143
126461.2607
126460.5849
126458.8429
126457.1394
117519.4462
117512.7364
117512.2319
117511.9447
117511.8629
117511.9557
117512.2803
117512.4557
117512.5571
117513.2203
117512.5374
117511.6112
117511.1596
117510.2507
117514.1595
117511.0291
117502.8962
117502.8462
117502.9692
117502.944
117502.9623
117502.9817
117503.0464
117503.0935
117503.2241
117503.2741
117503.2274
117503.1414
117503.1553
117509.7739
117510.9023
117502.8238
117502.6876
117502.9293
117502.9523
117503.024
117503.0242
117503.0615
117503.0516
117503.0959
117503.1333
117503.1584
117503.0591
117503.144
117511.0837
117511.054
117502.9651
117502.9312
117503.3077
117503.3685
117503.4666
117503.4631
117503.494
117503.4731
117503.4984
117503.465
117503.4129
117503.1663
117503.2196
117512.0492
117511.6196
117502.978
117502.9678
117503.3748
117503.4554
117503.5738
117503.5848
117503.6247
117503.6085
117503.6248
117503.5555
117503.4831
117503.177
117503.2373
117512.5245
117512.1062
117503.0086
117503.0356
117503.4742
117503.5748
117503.7084
117503.7238
117503.7653
117503.7383
117503.7318
117503.6303
117503.5324
117503.1728
117503.2167
117512.5211
117512.3326
117503.0153
117503.0434
117503.4806
117503.5917
117503.7311
117503.756
117503.8024
117503.7766
117503.764
117503.6547
117503.5497
117503.1703
117503.2134
117512.4353
117512.3477
117503.0441
117503.0681
117503.5012
117503.6213
117503.7654
117503.7952
117503.8419
117503.8132
117503.7918
117503.6746
117503.559
117503.1691
117503.2194
117512.5455
117512.4113
117503.0801
117503.0671
117503.4872
117503.6057
117503.7439
117503.7748
117503.8215
117503.7988
117503.7797
117503.6743
117503.559
117503.169
117503.3021
117513.1978
117512.6388
117503.1522
117503.0866
117503.4911
117503.6001
117503.7268
117503.7546
117503.7978
117503.7799
117503.7633
117503.6691
117503.5688
117503.2024
117503.3198
117512.5216
117512.1635
117503.1766
117503.0906
117503.4471
117503.531
117503.6354
117503.6546
117503.6912
117503.6809
117503.6669
117503.5954
117503.5132
117503.1999
117503.2545
117511.6096
117511.5764
117503.1624
117503.1053
117503.3985
117503.4532
117503.5339
117503.5477
117503.5823
117503.5806
117503.5724
117503.5233
117503.4595
117503.2151
117503.2702
117511.6455
117511.6428
117503.1023
117502.9988
117503.1619
117503.1591
117503.1908
117503.1812
117503.199
117503.2054
117503.2109
117503.2148
117503.2062
117503.0933
117503.1959
117511.3928
117511.0451
117503.1331
117503.097
117503.2056
117503.2159
117503.264
117503.2531
117503.3132
117503.3309
117503.2703
117503.2852
117503.2776
117503.2029
117503.2282
117510.4222
117514.7556
117509.5407
117510.5707
117511.3783
117511.9327
117512.3078
117512.2774
117512.4413
117512.4141
117511.9787
117512.06
117511.7039
117510.8995
117509.8054
117514.2747
117500.1215
117500.1109
117500.1368
117500.0582
117500.2175
117499.8423
117500.6357
117500.1171
117500.1126
117500.1201
117500.0664
117500.1555
117499.8372
117500.1891
117500.1313
117500.1278
117500.1241
117500.0931
117500.1504
117499.8085
117500.0475
117500.1263
117500.1315
117500.101
117500.1216
117500.1351
117499.7861
117499.912
117500.1305
117500.1387
117500.0978
117500.1452
117500.1627
117499.7756
117499.8646
117500.1182
117500.1275
117500.0846
117500.1429
117500.1567
117499.7604
117499.7873
117500.1117
117500.1177
117500.0889
117500.1358
117500.133
117499.7261
117499.6518
117500.0997
117500.1041
117500.0903
117500.1263
117500.1038
117499.7187
117499.6188
117500.0924
117500.095
117500.0968
117500.1099
117500.0973
117499.6406
117499.5202
117500.0898
117500.091
117500.1012
117500.0831
117500.0773
117499.6447
117499.7361
117500.0907
117500.0891
117500.0923
117500.0705
117500.0546
117499.6833
117499.7791
117500.0923
117500.0885
117500.0827
117500.038
117500.0253
117499.7001
117499.8174
117500.0923
117500.0852
117500.0803
117500.0181
117500.0404
117499.7369
117500.0164
117500.0922
117500.0842
117500.0822
117500.016
117500.0873
117499.8188
117500.181
117500.0881
117500.0773
117500.0887
117500.0155
117500.1773
117499.8358
117500.6627
117500.1003
117500.1375
117500.0579
117500.1752
117499.9097
117500.3312
117499.4453
117500.0913
117500.1325
117500.0475
117500.1704
117499.8725
117500.3306
117499.4942
117500.1034
117500.1391
117500.0479
117500.1685
117499.9177
117500.3084
117499.3804
117500.1042
117500.1327
117500.0323
117500.1657
117499.9222
117500.3497
117499.3632
117500.1062
117500.1309
117500.0336
117500.1863
117499.9424
117500.3868
117499.3703
117500.0931
117500.1222
117500.0245
117500.1771
117499.9323
117500.3995
117499.3959
117500.0866
117500.1171
117500.021
117500.1767
117499.9323
117500.4296
117499.4069
117500.0801
117500.1106
117500.0272
117500.1855
117499.9102
117500.4187
117499.4121
117500.0778
117500.1023
117500.046
117500.1743
117499.9244
117500.4646
117499.4112
117500.0812
117500.1
117500.0562
117500.1518
117499.9031
117500.388
117499.2933
117500.0856
117500.0965
117500.0476
117500.1129
117499.8421
117500.1756
117499.1974
117500.0883
117500.1065
117500.0331
117500.1035
117499.8238
117500.1512
117499.2049
117500.0893
117500.107
117500.0324
117500.0986
117499.8277
117500.223
117499.2565
117500.0884
117500.1093
117500.0316
117500.1201
117499.8606
117500.2938
117499.3958
117500.0828
117500.1085
117500.0273
117500.1462
117499.8805
117500.3836
117499.4602
117500.129
117500.1249
117500.121
117500.1158
117500.1038
117500.1036
117499.9696
117500.116
117500.1004
117500.1117
117500.0993
117500.0574
117500.048
117499.9127
117500.1192
117500.1025
117500.1126
117500.0964
117500.0448
117500.0473
117499.8599
117500.1117
117500.0837
117500.1057
117500.0793
117500.0318
117500.0407
117499.882
117500.113
117500.0918
117500.1028
117500.0933
117500.0338
117500.0778
117499.8932
117500.1008
117500.0899
117500.0941
117500.0772
117500.0251
117500.0741
117499.9177
117500.094
117500.0852
117500.0838
117500.0806
117500.0257
117500.1154
117499.9612
117500.0825
117500.0754
117500.0764
117500.0868
117500.0417
117500.1311
117499.9606
117500.0795
117500.0775
117500.0722
117500.0998
117500.0611
117500.1566
117500.0107
117500.0793
117500.0794
117500.0711
117500.0951
117500.0611
117500.1063
117499.9536
117500.0825
117500.0796
117500.0668
117500.0682
117500.0242
117500.0136
117499.9016
117500.0891
117500.0861
117500.0709
117500.064
117499.9987
117500.0449
117499.8635
117500.092
117500.0903
117500.0749
117500.064
117500.015
117500.046
117499.9114
117500.094
117500.0932
117500.0768
117500.0738
117500.0358
117500.0791
117499.968
117500.0912
117500.0917
117500.078
117500.0802
117500.0604
117500.1033
117499.9966
117500.0952
117500.1173
117500.0607
117500.1741
117499.9945
117500.2143
117499.8822
117500.0792
117500.0919
117500.0501
117500.1407
117499.9402
117500.1442
117499.8257
117500.0868
117500.1083
117500.0647
117500.125
117499.9171
117500.1764
117499.774
117500.0767
117500.0847
117500.044
117500.1146
117499.9238
117500.1671
117499.7731
117500.0778
117500.0795
117500.038
117500.1001
117499.9342
117500.2093
117499.7639
117500.0745
117500.0861
117500.0376
117500.0986
117499.9327
117500.1926
117499.766
117500.0777
117500.1013
117500.0441
117500.1121
117499.9553
117500.2254
117499.7835
117500.0725
117500.0958
117500.0443
117500.1253
117499.9732
117500.2151
117499.8149
117500.0744
117500.097
117500.0449
117500.1371
117499.9656
117500.1881
117499.8242
117500.0745
117500.0983
117500.0434
117500.1354
117499.9778
117500.1547
117499.818
117500.0768
117500.0954
117500.0428
117500.1243
117499.9587
117500.171
117499.776
117500.0806
117500.098
117500.0489
117500.1111
117499.9514
117500.1726
117499.8261
117500.0827
117500.1029
117500.0514
117500.1233
117499.9646
117500.175
117499.8611
117500.0833
117500.1055
117500.0526
117500.1282
117499.9862
117500.1787
117499.9106
117500.0791
117500.1054
117500.0477
117500.1334
117499.9988
117500.1976
117499.9593
117500.1129
117500.1258
117500.1223
117500.1786
117500.1338
117500.1867
117500.1092
117500.0925
117500.1079
117500.0842
117500.1117
117500.0692
117500.1586
117500.1193
117500.0944
117500.1113
117500.0806
117500.1078
117500.0807
117500.174
117500.128
117500.0857
117500.0819
117500.0568
117500.0741
117500.064
117500.1693
117500.1028
117500.0852
117500.0727
117500.0524
117500.0563
117500.0597
117500.1583
117500.0796
117500.0766
117500.0579
117500.0553
117500.0479
117500.0448
117500.1297
117500.0346
117500.0832
117500.0709
117500.0833
117500.0739
117500.0739
117500.1461
117500.0858
117500.0792
117500.0731
117500.0847
117500.0762
117500.0706
117500.1363
117500.0921
117500.084
117500.0845
117500.0904
117500.0931
117500.0736
117500.1184
117500.135
117500.0846
117500.0886
117500.0825
117500.0831
117500.0823
117500.1024
117500.0858
117500.0794
117500.0765
117500.0563
117500.0748
117500.0623
117500.0973
117500.046
117500.0823
117500.0837
117500.0682
117500.0774
117500.0565
117500.1098
117500.0333
117500.0829
117500.0872
117500.0749
117500.0886
117500.059
117500.1198
117500.0353
117500.0841
117500.0899
117500.0784
117500.094
117500.0678
117500.1213
117500.0621
117500.0814
117500.0866
117500.0724
117500.0922
117500.067
117500.1251
117500.0697
117500.0772
117500.1035
117500.0811
117500.1476
117500.1082
117500.1859
117500.1589
117500.0611
117500.0803
117500.0585
117500.1029
117500.074
117500.1736
117500.1987
117500.0515
117500.068
117500.0362
117500.101
117500.1075
117500.2183
117500.257
117500.0486
117500.0506
117500.0038
117500.0588
117500.0654
117500.1882
117500.1948
117500.0649
117500.069
117500.0143
117500.0622
117500.0376
117500.1559
117500.0837
117500.0648
117500.0691
117500.0268
117500.0649
117500.0084
117500.1378
117499.9827
117500.0756
117500.0857
117500.0534
117500.0944
117500.0292
117500.1676
117500.0237
117500.074
117500.0849
117500.0577
117500.081
117500.0087
117500.1531
117500.0076
117500.0812
117500.097
117500.0661
117500.1047
117500.014
117500.1752
117500.0453
117500.0801
117500.088
117500.0569
117500.0987
117500.0606
117500.1266
117499.9874
117500.0724
117500.0752
117500.038
117500.0958
117500.0368
117500.1089
117499.9796
117500.0739
117500.0843
117500.053
117500.1027
117500.0525
117500.1605
117500.0204
117500.0727
117500.0858
117500.0585
117500.1084
117500.0575
117500.1631
117500.0615
117500.0738
117500.0888
117500.0643
117500.1105
117500.0608
117500.1532
117500.0718
117500.0702
117500.0853
117500.0594
117500.109
117500.0526
117500.1456
117500.0627
117500.0785
117500.0766
117500.0842
117500.1035
117500.1144
117500.131
117500.1509
117500.0624
117500.0436
117500.0596
117500.0708
117500.1107
117500.1197
117500.1783
117500.058
117500.0235
117500.0355
117500.0577
117500.127
117500.1397
117500.2178
117500.0515
117500.0141
117500.0094
117500.006
117500.0731
117500.0418
117500.1453
117500.0702
117500.0508
117500.0357
117500.0292
117500.0563
117500.0145
117500.097
117500.0717
117500.0605
117500.0558
117500.0353
117500.0432
117500.0198
117500.0505
117500.086
117500.0801
117500.0805
117500.0635
117500.0595
117500.0623
117500.1009
117500.083
117500.0784
117500.0807
117500.0414
117500.0293
117500.0578
117500.0801
117500.0989
117500.0874
117500.0855
117500.0642
117500.0427
117500.0753
117500.0864
117500.091
117500.0776
117500.0726
117500.0715
117500.0974
117500.0706
117500.0188
117500.0745
117500.0599
117500.0506
117500.0704
117500.0647
117500.0468
117499.9523
117500.0723
117500.0686
117500.0593
117500.076
117500.075
117500.1166
117500.0018
117500.0707
117500.071
117500.0649
117500.0836
117500.0785
117500.1195
117500.0828
117500.0706
117500.0749
117500.0701
117500.089
117500.0755
117500.1142
117500.0838
117500.0677
117500.0705
117500.0666
117500.0835
117500.0718
117500.0994
117500.09
117500.0546
117500.0465
117500.0437
117500.0668
117500.0335
117500.0489
117499.9905
117500.0417
117500.0184
117500.0224
117500.0403
117500.0418
117500.0257
117499.9782
117500.0463
117500.0219
117500.0098
117500.0394
117500.041
117500.0206
117499.94
117500.0472
117500.031
117500.009
117500.0231
117500.0183
117499.9576
117499.9256
117500.0684
117500.0618
117500.0394
117500.0543
117500.0352
117499.9714
117500.0301
117500.0723
117500.0735
117500.053
117500.0546
117500.0286
117499.9919
117500.0913
117500.0877
117500.0872
117500.0714
117500.0718
117500.0341
117500.0227
117500.1351
117500.0845
117500.0917
117500.0675
117500.0447
117499.9794
117499.9998
117500.1004
117500.1118
117500.0966
117500.0732
117500.0644
117500.0048
117500.0176
117500.0643
117500.0906
117500.0743
117500.0543
117500.0708
117500.0944
117500.064
117499.9895
117500.0714
117500.0577
117500.0342
117500.0704
117500.0428
117500.0547
117499.8508
117500.0645
117500.0643
117500.04
117500.0755
117500.0323
117500.055
117499.8353
117500.0633
117500.0673
117500.0481
117500.083
117500.0397
117500.0748
117499.9707
117500.0608
117500.0671
117500.052
117500.0792
117500.0376
117500.0514
117499.9981
117500.0597
117500.0614
117500.0582
117500.0679
117500.052
117500.0499
117500.04
117500.0618
117500.0471
117500.0406
117500.0369
117499.9905
117499.9817
117499.8791
117500.0544
117500.0352
117500.0269
117500.0315
117499.9824
117499.9823
117499.8446
117500.0622
117500.0458
117500.034
117500.0575
117499.989
117500.0142
117499.8068
117500.0636
117500.0613
117500.0392
117500.0838
117499.9858
117500.023
117499.7906
117500.0837
117500.0864
117500.0697
117500.116
117500.0386
117500.079
117499.9054
117500.0896
117500.095
117500.082
117500.1065
117500.0404
117500.0753
117500.0245
117500.1054
117500.1042
117500.0915
117500.1099
117500.0438
117500.0662
117500.0808
117500.1044
117500.1079
117500.0975
117500.0847
117499.9894
117499.9507
117500.0568
117500.1353
117500.1105
117500.0876
117500.0842
117500.0102
117500.0019
117500.0014
117500.098
117500.0722
117500.0456
117500.068
117500.0829
117500.0557
117499.9714
117500.0803
117500.0608
117500.0389
117500.0669
117500.0291
117500.0494
117499.8743
117500.0684
117500.0611
117500.0415
117500.0573
117500.0134
117499.9732
117499.7574
117500.0657
117500.0617
117500.0481
117500.0555
117500.022
117499.9642
117499.8564
117500.0623
117500.058
117500.0563
117500.0443
117500.0235
117499.9465
117499.9226
117500.0624
117500.0569
117500.0619
117500.0394
117500.0433
117499.9615
117499.9849
117500.0582
117500.0461
117500.0348
117500.0112
117499.9858
117499.9472
117499.9269
117500.0535
117500.04
117500.0309
117500.0103
117499.9782
117499.9573
117499.9108
117500.0614
117500.0549
117500.0563
117500.0434
117500.0023
117500.0143
117499.9617
117500.0666
117500.067
117500.0694
117500.0956
117500.0273
117500.0744
117499.9682
117500.0901
117500.099
117500.0967
117500.1516
117500.0558
117500.1274
117499.9821
117500.0999
117500.1117
117500.1126
117500.1598
117500.0609
117500.1333
117499.9873
117500.1155
117500.1224
117500.1088
117500.1523
117500.0489
117500.0787
117499.945
117500.1096
117500.1198
117500.1138
117500.151
117500.0068
117499.9353
117499.8791
117500.1428
117500.1306
117500.0854
117500.114
117500.0129
117499.9855
117499.8276
117500.0991
117500.0812
117500.0283
117500.0708
117500.0153
117500.0859
117499.8723
117500.0871
117500.0725
117500.0389
117500.0694
117499.9988
117500.0866
117499.8597
117500.0704
117500.0667
117500.0378
117500.0559
117500.0096
117499.9794
117499.8259
117500.0691
117500.0666
117500.0469
117500.0485
117500.0198
117499.9463
117499.8723
117500.0641
117500.0615
117500.0536
117500.0445
117500.0133
117499.9422
117499.8715
117500.0669
117500.0679
117500.0601
117500.0503
117500.0348
117499.9707
117499.9554
117500.0712
117500.0561
117500.0428
117500.0173
117499.9953
117499.9883
117499.9495
117500.0664
117500.0619
117500.0439
117500.0163
117500.0099
117500.0283
117500.0309
117500.0796
117500.0746
117500.0847
117500.0489
117500.0306
117500.06
117500.0954
117500.0861
117500.0817
117500.1001
117500.0797
117500.041
117500.0675
117500.0966
117500.1091
117500.1113
117500.1268
117500.122
117500.0262
117500.0509
117500.1321
117500.1173
117500.1291
117500.1467
117500.1491
117499.9982
117500.0859
117500.1095
117500.1401
117500.1445
117500.1587
117500.1508
117500.0583
117500.0439
117499.942
117500.1236
117500.1357
117500.1461
117500.2048
117500.0988
117499.9099
117499.7705
117500.1595
117500.1504
117500.1553
117500.1391
117500.0502
117499.9514
117499.7697
117500.1227
117500.11
117500.0736
117500.0638
117500.0408
117500.0919
117499.8828
117500.1129
117500.0982
117500.0827
117500.0695
117500.0637
117500.1195
117499.9423
117500.0939
117500.0848
117500.0797
117500.0586
117500.0914
117500.0174
117500.0623
117500.0899
117500.0846
117500.0779
117500.0652
117500.0857
117500.0407
117499.9975
117500.0858
117500.081
117500.0817
117500.0724
117500.0791
117500.0371
117499.9778
117500.0872
117500.0896
117500.0843
117500.0876
117500.0789
117500.0638
117500.0197
117500.076
117500.0617
117500.0432
117500.024
117500.0273
117499.9928
117499.9616
117500.0729
117500.0788
117500.0413
117500.0266
117500.0161
117500.0341
117499.9988
117500.0871
117500.0931
117500.0825
117500.0626
117500.0446
117500.0541
117500.0453
117500.085
117500.0815
117500.0823
117500.0525
117499.9882
117500.0322
117500.0039
117500.0969
117500.0985
117500.0925
117500.0542
117499.9445
117499.9647
117500.0341
117500.1045
117500.1017
117500.0949
117500.0028
117499.7844
117499.9401
117499.9177
117500.1348
117500.1587
117500.1234
117500.0509
117499.9031
117499.936
117499.7301
117500.1229
117500.1343
117500.1242
117500.1403
117500.0651
117499.8818
117499.5527
117500.1509
117500.1571
117500.1696
117500.161
117500.0856
117499.9518
117499.7173
117500.1221
117500.1158
117500.1078
117500.1111
117500.0827
117500.0843
117499.9683
117500.1249
117500.1227
117500.1132
117500.1184
117500.1144
117500.1087
117500.1678
117500.1035
117500.1026
117500.0992
117500.1066
117500.1345
117500.1204
117500.3036
117500.1036
117500.1062
117500.0973
117500.1126
117500.1383
117500.1901
117500.1652
117500.0989
117500.1033
117500.1007
117500.1259
117500.1468
117500.1904
117500.184
117500.1018
117500.1102
117500.1065
117500.1386
117500.1305
117500.1895
117500.1585
117500.0979
117500.0794
117500.0715
117500.0631
117500.0767
117500.0328
117500.0004
117500.0921
117500.0905
117500.0669
117500.0661
117500.0679
117500.0603
117500.0189
117500.0951
117500.1022
117500.0889
117500.0832
117500.0755
117500.0492
117499.9766
117500.0875
117500.0782
117500.0829
117500.0412
117500.0195
117500.0327
117499.9613
117500.0954
117500.0879
117500.0863
117500.035
117499.9646
117499.9799
117499.9073
117500.0808
117500.0598
117500.0667
117499.8983
117499.9092
117499.8939
117499.7734
117500.1302
117500.1289
117500.0765
117499.9676
117499.8198
117499.8972
117499.547
117500.1384
117500.161
117500.0482
117499.9517
117499.9863
117499.8943
117499.5512
117500.1603
117500.1734
117500.1597
117500.0746
117500.0878
117500.0387
117499.8613
117500.1345
117500.1435
117500.1276
117500.1228
117500.1669
117500.1542
117500.1917
117500.1362
117500.1336
117500.1385
117500.1503
117500.1849
117500.2211
117500.3658
117500.1175
117500.1115
117500.1068
117500.127
117500.1661
117500.2633
117500.3708
117500.1239
117500.1244
117500.1106
117500.1372
117500.1807
117500.3032
117500.3524
117500.1212
117500.1251
117500.1216
117500.1574
117500.1882
117500.2947
117500.3674
117500.1266
117500.1369
117500.139
117500.1815
117500.1842
117500.2841
117500.2926
117500.1153
117500.1073
117500.1116
117500.1126
117500.1343
117500.1024
117500.0782
117500.1021
117500.1013
117500.104
117500.1088
117500.1218
117500.0965
117500.0519
117500.0943
117500.0941
117500.0897
117500.0928
117500.0984
117500.0516
117499.9899
117500.0851
117500.0747
117500.0863
117500.0677
117500.0708
117500.0396
117499.9613
117500.0859
117500.0762
117500.0852
117500.062
117500.0356
117500.0465
117499.9184
117500.0731
117500.0505
117500.0864
117499.9824
117500.1576
117499.9535
117499.8263
117500.0596
117500.0263
117500.041
117499.9626
117500.0601
117499.9561
117499.669
117500.1048
117500.0919
117499.9722
117500.0386
117499.985
117500.01
117499.7932
117500.1305
117500.1268
117499.9832
117499.9208
117499.9772
117500.0379
117500.0313
117500.1086
117500.0833
117500.0494
117499.9757
117500.0645
117500.1351
117500.2357
117500.1074
117500.0779
117500.0667
117500.0198
117500.1297
117500.1838
117500.3138
117500.0903
117500.0553
117500.0432
117500.0199
117500.1134
117500.1937
117500.3556
117500.1034
117500.0919
117500.0681
117500.0605
117500.1348
117500.2304
117500.3862
117500.1078
117500.1083
117500.0993
117500.1077
117500.1483
117500.2301
117500.3343
117500.1195
117500.1293
117500.133
117500.1616
117500.1755
117500.256
117500.275
117500.1322
117500.1234
117500.1287
117500.1219
117500.1447
117500.1162
117500.1329
117500.1181
117500.1114
117500.1128
117500.1074
117500.1076
117500.0788
117500.0444
117500.1082
117500.1029
117500.1012
117500.0825
117500.0751
117500.0127
117499.9973
117500.0981
117500.0897
117500.099
117500.0722
117500.059
117499.9863
117499.9577
117500.0918
117500.0828
117500.0964
117500.0636
117500.03
117500.0379
117499.9199
117500.0909
117500.0833
117500.1106
117500.0613
117500.1798
117500.0534
117499.9119
117500.0657
117500.028
117500.0832
117500.017
117500.3781
117500.0265
117499.9347
117500.0467
117500.0198
117500.0438
117500.0671
117500.2533
117500.0622
117500.0202
117500.0929
117500.077
117500.0012
117500.0093
117500.0292
117500.0505
117500.1023
117500.0908
117500.0694
117499.9578
117499.869
117499.9406
117500.0606
117500.1828
117500.0893
117500.056
117499.9535
117499.8852
117499.9714
117500.0932
117500.2409
117500.0774
117500.0389
117499.9591
117499.8693
117499.9557
117500.0812
117500.2204
117500.0963
117500.0848
117500.0102
117499.9504
117499.997
117500.0996
117500.2123
117500.1144
117500.1152
117500.0784
117500.0468
117500.0386
117500.111
117500.1567
117500.1336
117500.1403
117500.1347
117500.1382
117500.1271
117500.195
117500.1822
117500.1436
117500.1414
117500.1425
117500.1438
117500.1732
117500.1518
117500.2148
117500.1299
117500.1299
117500.1287
117500.123
117500.1427
117500.1155
117500.1106
117500.1096
117500.1154
117500.1167
117500.1105
117500.1195
117500.0804
117500.1505
117500.0947
117500.0901
117500.1058
117500.1012
117500.1097
117500.0764
117500.1151
117500.09
117500.0919
117500.0953
117500.0971
117500.0451
117500.0969
117500.0661
117500.0832
117500.0814
117500.0916
117500.0891
117500.0823
117500.1555
117500.0523
117500.0713
117500.0672
117500.0919
117500.0987
117500.3266
117500.1759
117500.1137
117500.0483
117500.0162
117500.0534
117500.0511
117500.4248
117500.1099
117500.1475
117500.0392
117500.0033
117500.0354
117500.0329
117500.2454
117500.0705
117500.144
117500.0382
117500.003
117499.9869
117499.9128
117500.0355
117499.9856
117500.136
117500.0505
117500.0301
117499.9694
117499.8715
117499.9378
117499.985
117500.1183
117500.0572
117500.0459
117499.9436
117499.8482
117499.8695
117499.9739
117500.0617
117500.0667
117500.0579
117499.9764
117499.8724
117499.8887
117499.9704
117500.0553
117500.075
117500.0765
117500.0335
117499.9472
117499.903
117499.952
117499.981
117500.0871
117500.0899
117500.0851
117500.0458
117500.015
117500.0319
117500.034
117500.1702
117500.1536
117500.1517
117500.1438
117500.1478
117500.132
117500.1444
117500.1415
117500.1326
117500.124
117500.1051
117500.114
117500.0834
117500.0958
117500.1112
117500.1182
117500.1076
117500.099
117500.0878
117500.0846
117500.0986
117500.092
117500.0919
117500.0925
117500.0981
117500.0921
117500.0738
117500.1514
117500.0874
117500.0873
117500.0855
117500.0905
117500.0199
117500.0831
117500.0689
117500.0894
117500.0953
117500.0871
117500.0917
117499.9637
117500.1293
117499.9974
117500.074
117500.0819
117500.0797
117500.0802
117499.9989
117500.1188
117499.9128
117500.0663
117500.0738
117500.0621
117500.0732
117500.0974
117500.1079
117499.9075
117500.055
117500.0494
117500.0133
117500.0074
117500.1177
117500.0493
117499.9615
117500.0271
117500.0035
117499.9505
117499.9325
117499.9717
117500.0418
117499.9893
117500.0434
117500.0239
117499.9656
117499.9298
117500.0272
117499.9995
117500.0467
117500.0649
117500.053
117500.0143
117499.9513
117500.009
117500.0136
117500.0727
117500.0795
117500.0718
117500.0314
117499.973
117500.039
117500.0711
117500.1285
117500.0966
117500.0872
117500.0595
117500.0007
117499.9928
117500.0228
117500.0625
117500.1076
117500.1001
117500.0629
117500.0368
117500.04
117500.0731
117500.1224
117500.1414
117500.1225
117500.1153
117500.1412
117500.1575
117500.1902
117500.1737
117500.1164
117500.1107
117500.0958
117500.1084
117500.1355
117500.1687
117500.2032
117500.0865
117500.091
117500.086
117500.1152
117500.1284
117500.1928
117500.185
117500.0632
117500.0648
117500.065
117500.1102
117500.1688
117500.1948
117500.2799
117500.0578
117500.0597
117500.0569
117500.1094
117500.1267
117500.1693
117500.2145
117500.0556
117500.0675
117500.0518
117500.1084
117500.0817
117500.244
117500.1292
117500.0477
117500.0593
117500.0447
117500.0812
117499.9756
117500.2068
117499.8847
117500.0374
117500.0415
117500.0227
117500.072
117499.9218
117500.143
117499.6485
117500.0286
117500.0201
117499.9955
117499.9853
117499.8972
117500.0135
117499.6488
117499.9996
117499.9735
117499.9324
117499.9018
117499.8882
117500.01
117499.738
117500.0078
117499.9911
117499.947
117499.9449
117499.931
117500.0653
117499.8221
117500.0211
117500.005
117499.9926
117499.9625
117500.0035
117500.0467
117499.9165
117500.0222
117500.0114
117499.9813
117499.9519
117500.0448
117500.0495
117499.9335
117500.008
117500.01
117499.9648
117499.9605
117499.9959
117500.0105
117499.9278
117499.9981
117499.9992
117499.9844
117500.0068
117500.0766
117500.092
117500.0348
117500.0384
117500.0148
117499.9908
117499.9739
117499.961
117499.9639
117499.951
117500.0352
117500.0215
117499.999
117499.9846
117499.9795
117499.9877
117500.0032
117500.03
117500.0202
117500.0139
117500.0115
117500.0065
117500.0374
117500.0476
117500.0188
117500.0137
117500.0146
117500.0339
117500.0406
117500.0938
117500.0827
117500.0205
117500.0197
117500.0212
117500.053
117500.0575
117500.1333
117500.032
117500.0261
117500.0278
117500.0236
117500.0503
117500.0527
117500.1416
117500.0143
117500.0326
117500.0299
117500.0282
117500.0485
117500.042
117500.1451
117499.9646
117500.0342
117500.0243
117500.0181
117500.0219
117499.9665
117500.0225
117499.8294
117500.0141
117500.0076
117499.9836
117499.9653
117499.8575
117499.9194
117499.7372
117499.9976
117499.992
117499.9668
117499.9362
117499.8753
117499.9029
117499.8001
117500.0126
117500.0047
117500.0018
117499.9644
117499.9437
117499.9743
117499.853
117500.0286
117500.0225
117500.0169
117500.0115
117500.016
117500.0351
117499.9204
117500.0584
117500.0415
117500.0379
117500.0254
117500.057
117500.0556
117499.9833
117500.0872
117500.0562
117500.0649
117500.0351
117500.0393
117500.0371
117499.9863
117500.0987
117500.0678
117500.0523
117500.0221
117500.0263
117499.9975
117500.0397
117500.5468
117500.3981
117500.3594
117500.5031
117500.7534
117500.6793
117501.4995
117500.5026
117500.3528
117500.3105
117500.4673
117500.6442
117500.5353
117500.683
117500.4527
117500.3081
117500.2571
117500.3723
117500.4967
117500.2514
117500.0999
117500.4103
117500.2714
117500.2093
117500.2851
117500.3539
117499.9851
117499.6612
117500.3745
117500.2428
117500.1743
117500.2258
117500.2447
117499.8045
117499.4017
117500.3431
117500.2186
117500.1466
117500.201
117500.1831
117499.7218
117499.2852
117500.3064
117500.1897
117500.1317
117500.1834
117500.1325
117499.6891
117499.2674
117500.2676
117500.1556
117500.1208
117500.1557
117500.0855
117499.6866
117499.2848
117500.2419
117500.1303
117500.1268
117500.1351
117500.0568
117499.678
117499.3289
117500.2153
117500.0984
117500.1156
117500.0843
117500.0293
117499.6069
117499.3946
117500.1942
117500.0673
117500.0956
117500.0352
117500.0307
117499.6312
117499.657
117500.1694
117500.041
117500.05
117499.9894
117500.0005
117499.6703
117499.8274
117500.1466
117500.0342
117500.0077
117499.9551
117500.0013
117499.6631
117499.9688
117500.1228
117500.0173
117499.9995
117499.9267
117500.0169
117499.7224
117500.0991
117500.1159
117500.0186
117500.0389
117499.9217
117500.0832
117499.758
117500.5575
117499.9245
117499.837
117499.7118
117500.0782
117499.5727
117500.2614
117498.5791
117499.9673
117499.8722
117499.7397
117500.0687
117499.5456
117500.1647
117498.1174
117500.0194
117499.9177
117499.7868
117500.0787
117499.526
117500.0987
117497.8851
117500.0642
117499.9601
117499.8366
117500.0985
117499.5691
117500.1587
117498.0015
117500.1001
117499.9943
117499.8789
117500.1208
117499.6203
117500.2223
117498.1566
117500.116
117500.0146
117499.8991
117500.1567
117499.6529
117500.28
117498.3578
117500.1179
117500.0283
117499.9136
117500.1892
117499.6924
117500.3616
117498.567
117500.1049
117500.0192
117499.9244
117500.1855
117499.6956
117500.4104
117498.7575
117500.0884
117499.9914
117499.9351
117500.1731
117499.6827
117500.4588
117498.9487
117500.0673
117499.9524
117499.9472
117500.1198
117499.7617
117500.4684
117499.0631
117500.0384
117499.9141
117499.917
117500.0468
117499.7897
117500.2713
117498.9846
117500.0128
117499.8931
117499.8669
117500.0018
117499.7236
117500.0905
117499.044
117500.0076
117499.9056
117499.8427
117499.9784
117499.7645
117500.1512
117499.0694
117500.0092
117499.9111
117499.8499
117499.9727
117499.7522
117500.201
117499.2199
117500.0504
117499.9686
117499.8994
117500.0413
117499.755
117500.3002
117499.1853
117500.042
117499.9168
117499.9749
117500.0532
117500.0519
117500.2933
117499.8634
117500.0357
117499.9204
117499.9777
117500.0528
117500.0399
117500.1941
117499.6154
117500.0413
117499.9452
117499.9777
117500.0451
117500.0343
117500.1087
117499.5126
117500.0474
117499.965
117499.984
117500.0461
117500.0303
117500.0702
117499.5199
117500.0581
117499.9873
117499.9974
117500.0644
117500.0522
117500.0779
117499.5843
117500.0587
117499.9922
117499.9976
117500.0698
117500.0683
117500.0949
117499.5807
117500.0562
117499.9915
117499.9997
117500.0887
117500.0682
117500.1185
117499.6073
117500.0374
117499.965
117499.9829
117500.0662
117500.0221
117500.0995
117499.6654
117500.0242
117499.9376
117499.984
117500.0542
117499.9664
117500.0867
117499.7745
117500.0142
117499.92
117499.985
117500.0359
117499.9898
117500.1029
117499.8826
117500.024
117499.9134
117499.9755
117500.0087
117500.007
117500.0949
117499.8493
117500.0478
117499.9211
117499.969
117499.9737
117499.9665
117500.0351
117499.8566
117500.0953
117499.9602
117500.0003
117499.9933
117499.9747
117500.0252
117499.8611
117500.1305
117500.0187
117500.0441
117500.0079
117500.0063
117500.0424
117499.9217
117500.162
117500.0969
117500.0948
117500.0682
117500.0499
117500.095
117499.9741
117499.9324
117499.877
117499.8483
117499.9997
117499.887
117500.3232
117500.1646
117499.9138
117499.8412
117499.8518
117500.0015
117499.9249
117500.4028
117500.3023
117499.908
117499.834
117499.8584
117500.008
117499.9576
117500.4633
117500.2445
117499.9123
117499.848
117499.88
117500.0354
117500.0017
117500.5101
117500.1803
117499.9319
117499.8794
117499.9118
117500.069
117500.0384
117500.5346
117500.1281
117499.948
117499.9036
117499.9309
117500.1015
117500.0497
117500.5454
117500.0195
117499.9688
117499.9265
117499.9521
117500.1349
117500.0527
117500.5257
117499.9124
117499.9783
117499.9259
117499.961
117500.1219
117499.9751
117500.4376
117499.7645
117500.0042
117499.9411
117499.9896
117500.1232
117499.8955
117500.3346
117499.6385
117500.0286
117499.9623
117500.011
117500.1158
117499.948
117500.3765
117499.734
117500.0455
117499.9626
117499.9931
117500.0818
117499.9524
117500.3107
117499.7989
117500.0708
117500.0005
117499.9948
117500.0678
117499.913
117500.1945
117499.7825
117500.107
117500.0634
117500.0256
117500.0968
117499.9328
117500.1769
117499.7996
117500.13
117500.1091
117500.0514
117500.1101
117499.964
117500.1501
117499.893
117500.1448
117500.1455
117500.0911
117500.1512
117500.0024
117500.1966
117499.9453
117500.0942
117500.0815
117500.0597
117500.0769
117500.0562
117500.1967
117500.166
117500.0756
117500.0465
117500.0376
117500.06
117500.0593
117500.2063
117500.2396
117500.0585
117500.0068
117500.0174
117500.0519
117500.0692
117500.2278
117500.3067
117500.0434
117499.9706
117500.004
117500.0428
117500.0847
117500.255
117500.3884
117500.0435
117499.9602
117500.0158
117500.0548
117500.118
117500.2919
117500.4774
117500.0422
117499.954
117500.0257
117500.0684
117500.1302
117500.3007
117500.5093
117500.0563
117499.9717
117500.0517
117500.1044
117500.1367
117500.3078
117500.4191
117500.0655
117499.9832
117500.0682
117500.0981
117500.0972
117500.2208
117500.2634
117500.0933
117500.0274
117500.1162
117500.1363
117500.1031
117500.1684
117500.1686
117500.1058
117500.0568
117500.1136
117500.1384
117500.1665
117500.3341
117500.4356
117500.1132
117500.0523
117500.0971
117500.101
117500.1498
117500.3597
117500.3616
117500.138
117500.0922
117500.1071
117500.1051
117500.1353
117500.2728
117500.235
117500.1599
117500.1342
117500.1355
117500.1471
117500.133
117500.2215
117500.2083
117500.1726
117500.1602
117500.1565
117500.1571
117500.1459
117500.1652
117500.1773
117500.1776
117500.1814
117500.1828
117500.1883
117500.1653
117500.196
117500.1771
117500.0216
117500.0434
117499.9939
117500.0339
117499.9875
117500.0837
117500.072
117500.0155
117500.0287
117499.9827
117500.0263
117499.9919
117500.1111
117500.1116
117500.0115
117500.0129
117499.9728
117500.021
117499.9928
117500.1333
117500.119
117500.0061
117499.9924
117499.9652
117500.0188
117499.9904
117500.1623
117500.1465
117500.013
117499.991
117499.9707
117500.0269
117500.0052
117500.1842
117500.1546
117500.0143
117499.9906
117499.9795
117500.05
117500.0058
117500.1895
117500.128
117500.0275
117500.0081
117500.0057
117500.0796
117500.0226
117500.1857
117500.1098
117500.0388
117500.0199
117500.0283
117500.0712
117499.9945
117500.1461
117499.9209
117500.0643
117500.0613
117500.0733
117500.1271
117500.0442
117500.2006
117499.9465
117500.0724
117500.0746
117500.0608
117500.1082
117500.1088
117500.3047
117500.2272
117500.0714
117500.0609
117500.0392
117500.0726
117500.0914
117500.2832
117500.3032
117500.094
117500.0883
117500.0685
117500.095
117500.0957
117500.2076
117500.2625
117500.1024
117500.1064
117500.0897
117500.1261
117500.0952
117500.1933
117500.1892
117500.114
117500.1239
117500.1107
117500.1378
117500.1011
117500.167
117500.1443
117500.1174
117500.1333
117500.118
117500.1522
117500.0932
117500.1959
117500.1159
117500.0571
117500.0732
117500.0392
117500.0222
117499.9922
117499.9483
117499.9339
117500.0425
117500.0526
117500.0191
117500.0022
117499.9697
117499.9259
117499.8941
117500.0295
117500.0253
117499.9951
117499.9755
117499.943
117499.9077
117499.8682
117500.0197
117499.997
117499.9749
117499.9536
117499.937
117499.9101
117499.8859
117500.0228
117499.9952
117499.9718
117499.9539
117499.9474
117499.9337
117499.8828
117500.0227
117499.9918
117499.9858
117499.9682
117499.9563
117499.9375
117499.8772
117500.0351
117500.0063
117500.0147
117499.9917
117499.969
117499.9321
117499.8944
117500.0461
117500.0211
117500.0263
117499.9828
117499.9486
117499.9207
117499.8162
117500.0663
117500.0576
117500.0754
117500.0423
117500.0204
117499.999
117499.9949
117500.0645
117500.0489
117500.0497
117500.0287
117500.076
117500.072
117500.1462
117500.0574
117500.0389
117500.0372
117500.0158
117500.0776
117500.0796
117500.207
117500.0776
117500.0642
117500.0756
117500.0557
117500.1057
117500.1053
117500.2229
117500.0792
117500.0757
117500.088
117500.0866
117500.111
117500.1487
117500.2039
117500.0895
117500.0881
117500.0903
117500.0926
117500.1068
117500.1605
117500.2251
117500.0721
117500.0651
117500.0587
117500.0743
117500.0625
117500.1371
117500.1142
117499.9792
117499.9763
117499.9614
117499.9413
117499.9077
117499.8215
117499.7516
117499.967
117499.9611
117499.9434
117499.9232
117499.8842
117499.7759
117499.668
117499.9575
117499.9429
117499.9207
117499.9029
117499.8559
117499.7431
117499.608
117499.9535
117499.9241
117499.8976
117499.8785
117499.8458
117499.7259
117499.5859
117499.9651
117499.9392
117499.9075
117499.8787
117499.8484
117499.7154
117499.5409
117499.9651
117499.9386
117499.913
117499.8815
117499.8428
117499.7211
117499.4897
117499.9811
117499.9568
117499.9331
117499.8913
117499.8354
117499.7447
117499.5704
117499.9881
117499.9616
117499.9302
117499.8689
117499.794
117499.766
117499.6478
117500.0034
117499.9973
117499.981
117499.9305
117499.8745
117499.913
117499.8173
117499.9962
117499.9783
117499.9445
117499.9316
117499.9243
117499.931
117499.9202
117499.9874
117499.9714
117499.9373
117499.9432
117499.958
117499.9548
117500.0153
117500.0102
117500.0012
117499.9781
117499.9773
117499.9737
117500.0196
117500.0361
117500.0036
117499.9984
117499.9802
117499.9906
117499.9774
117500.0678
117500.0796
117500.0044
117499.9952
117499.9751
117499.9778
117499.9612
117500.0495
117500.0878
117499.9706
117499.9476
117499.9214
117499.9402
117499.9167
117500.0224
117499.9891
117500.0024
117499.9939
117499.98
117499.9598
117499.9196
117499.8656
117499.7794
117499.9882
117499.9751
117499.9628
117499.939
117499.8982
117499.8357
117499.7175
117499.9764
117499.9566
117499.9409
117499.9167
117499.8741
117499.7972
117499.6615
117499.9729
117499.9439
117499.9204
117499.8991
117499.8596
117499.7925
117499.6166
117499.9767
117499.9526
117499.9243
117499.888
117499.8575
117499.7748
117499.5443
117499.9707
117499.9434
117499.9166
117499.8738
117499.8213
117499.7361
117499.3625
117499.9803
117499.9511
117499.9233
117499.8555
117499.802
117499.6761
117499.4115
117499.9784
117499.9326
117499.9067
117499.8014
117499.7247
117499.6229
117499.5641
117499.994
117499.9681
117499.949
117499.8537
117499.7974
117499.7534
117499.6704
117499.9884
117499.954
117499.923
117499.8845
117499.8555
117499.8417
117499.7262
117499.9755
117499.9483
117499.9224
117499.9071
117499.8989
117499.833
117499.8028
117499.9992
117499.9847
117499.9593
117499.9346
117499.9148
117499.9228
117499.8551
117499.9919
117499.9775
117499.9582
117499.9382
117499.9204
117499.9543
117499.9327
117499.9952
117499.9781
117499.9496
117499.9261
117499.8955
117499.9438
117499.9112
117499.9711
117499.9369
117499.907
117499.8929
117499.8796
117499.9308
117499.9224
117499.9759
117499.9782
117499.9683
117499.9695
117499.9425
117499.9464
117499.8864
117499.9665
117499.9652
117499.9565
117499.9582
117499.9257
117499.9389
117499.8591
117499.9604
117499.9537
117499.9414
117499.9399
117499.9086
117499.92
117499.8264
117499.9636
117499.9518
117499.9279
117499.9265
117499.9016
117499.9233
117499.7915
117499.9675
117499.9518
117499.9301
117499.9041
117499.8988
117499.9117
117499.7936
117499.9633
117499.9372
117499.9104
117499.8705
117499.8479
117499.848
117499.6159
117499.9662
117499.9347
117499.8991
117499.8268
117499.7882
117499.7421
117499.4697
117499.9583
117499.9086
117499.8649
117499.7398
117499.6557
117499.5982
117499.4812
117499.9707
117499.94
117499.9018
117499.776
117499.6955
117499.5429
117499.5247
117499.966
117499.9261
117499.8883
117499.8205
117499.7842
117499.6662
117499.4713
117499.9499
117499.9186
117499.8838
117499.8633
117499.8069
117499.6447
117499.487
117499.9714
117499.9545
117499.9165
117499.8834
117499.8089
117499.7262
117499.4707
117499.9653
117499.9483
117499.917
117499.8856
117499.8119
117499.7565
117499.5535
117499.9672
117499.9454
117499.9115
117499.8724
117499.8053
117499.7646
117499.5684
117499.9473
117499.9102
117499.8727
117499.8451
117499.8084
117499.7741
117499.7047
117500.0062
117500.0099
117500.0007
117500.0038
117499.996
117500.0287
117500.0156
117499.9984
117499.9997
117499.9889
117499.9945
117499.9748
117500.0347
117500.0176
117499.9938
117499.9885
117499.9756
117499.9749
117499.9632
117500.0255
117500.0326
117499.9976
117499.9911
117499.9667
117499.967
117499.9508
117500.0436
117500.0102
117499.9953
117499.9879
117499.9584
117499.9461
117499.9207
117500.0382
117500.0616
117499.9942
117499.9764
117499.9345
117499.9054
117499.8449
117499.9834
117499.9842
117499.9924
117499.955
117499.9066
117499.8315
117499.7562
117499.8313
117499.8453
117499.9887
117499.9427
117499.8858
117499.7429
117499.6038
117499.6839
117499.6531
117500.0104
117499.9796
117499.9326
117499.8027
117499.6796
117499.5786
117499.5759
117500.0019
117499.9612
117499.9277
117499.8539
117499.8332
117499.6814
117499.4751
117499.9854
117499.952
117499.9246
117499.8981
117499.8303
117499.6567
117499.4139
117499.997
117499.9789
117499.9383
117499.9117
117499.8017
117499.6654
117499.3272
117499.9894
117499.9664
117499.9326
117499.896
117499.7801
117499.6456
117499.3182
117499.9836
117499.9591
117499.9231
117499.8872
117499.7856
117499.6581
117499.3573
117499.9687
117499.9234
117499.8974
117499.8699
117499.8012
117499.6829
117499.4981
117499.998
117499.9995
117499.9937
117499.9962
117499.9897
117500.0319
117500.0286
117499.995
117499.9907
117499.9858
117499.9811
117499.9702
117500.0193
117500.0356
117499.9947
117499.9802
117499.9706
117499.9562
117499.9421
117499.9816
117500.0346
117499.9962
117499.98
117499.9596
117499.9368
117499.9272
117499.9828
117500.0416
117500.0026
117499.9889
117499.9612
117499.9265
117499.8719
117499.9233
117500.0565
117500.0056
117499.9882
117499.94
117499.8774
117499.768
117499.8158
117500.0232
117500.0107
117499.9736
117499.9221
117499.8158
117499.6288
117499.6581
117499.9428
117500.0266
117499.9923
117499.9424
117499.7831
117499.5426
117499.5642
117499.7711
117500.0546
117500.0285
117499.9968
117499.8855
117499.7361
117499.6675
117499.7418
117500.0468
117500.0168
117499.9998
117499.9593
117499.9698
117499.8634
117499.7439
117500.0327
117500.0096
117499.9988
117500.0003
117499.9573
117499.9384
117499.7192
117500.037
117500.0237
117500.0042
117500.0053
117499.917
117499.8817
117499.6164
117500.033
117500.0181
117499.9987
117499.9896
117499.9022
117499.8053
117499.5822
117500.0169
117500.0004
117499.991
117499.9782
117499.9068
117499.7872
117499.5756
117500.0264
117499.9934
117499.9807
117499.9787
117499.9345
117499.8227
117499.6707
117500.0201
117500.0114
117499.9981
117499.9927
117499.9722
117499.9865
117499.958
117500.0158
117499.9946
117499.977
117499.9551
117499.9396
117499.951
117499.9375
117500.0116
117499.9814
117499.953
117499.9202
117499.8924
117499.8744
117499.8882
117500.0073
117499.9703
117499.9193
117499.8843
117499.8583
117499.8401
117499.8706
117500.0267
117500.0118
117499.949
117499.9001
117499.8169
117499.7147
117499.796
117500.038
117500.0279
117499.9587
117499.91
117499.7241
117499.5148
117499.6876
117500.0615
117500.0415
117499.9883
117499.9063
117499.6065
117499.3428
117499.6112
117500.0979
117500.0947
117500.0511
117499.9452
117499.645
117499.3914
117499.6024
117500.1292
117500.1217
117500.0983
117500.0624
117499.9253
117499.7745
117499.748
117500.1264
117500.1184
117500.1034
117500.1278
117500.1532
117500.1141
117499.9489
117500.1169
117500.1105
117500.114
117500.1504
117500.1218
117500.2803
117500.0571
117500.1134
117500.1161
117500.1136
117500.1471
117500.1126
117500.1552
117500.0671
117500.1077
117500.1045
117500.1139
117500.1349
117500.1127
117500.0875
117500.0672
117500.0859
117500.0809
117500.0958
117500.1179
117500.1063
117500.0701
117500.0208
117500.1209
117500.0969
117500.1038
117500.1263
117500.1296
117500.1024
117500.0868
117500.0059
117499.9962
117499.9781
117499.9715
117499.9386
117499.9058
117499.8754
117499.997
117499.9793
117499.9597
117499.9434
117499.9308
117499.9149
117499.826
117500.0013
117499.9768
117499.9627
117499.9502
117499.9498
117499.8466
117499.7305
117499.9793
117499.9333
117499.893
117499.884
117499.8816
117499.7494
117499.6189
117500.0014
117499.9577
117499.9231
117499.8939
117499.8372
117499.5843
117499.4358
117500.0342
117500.0138
117499.9714
117499.924
117499.7779
117499.3742
117499.2416
117500.0777
117500.0641
117500.0377
117499.9696
117499.7892
117499.2938
117499.1867
117500.1253
117500.149
117500.1295
117500.0924
117499.9776
117499.5071
117499.4086
117500.1589
117500.1859
117500.1829
117500.2011
117500.2292
117500.0208
117499.8319
117500.172
117500.2062
117500.2073
117500.2733
117500.3703
117500.4242
117500.2212
117500.1703
117500.1979
117500.213
117500.2855
117500.3329
117500.5312
117500.4755
117500.1704
117500.1934
117500.217
117500.2842
117500.3601
117500.4312
117500.5957
117500.161
117500.167
117500.1992
117500.2471
117500.3431
117500.4025
117500.5711
117500.165
117500.1712
117500.1868
117500.2462
117500.3591
117500.4205
117500.5813
117500.1572
117500.1456
117500.1272
117500.1738
117500.2721
117500.3687
117500.4689
117500.0264
117500.0128
117500.0022
117499.9775
117499.9317
117499.8306
117499.8647
117500.0278
117500.0138
117500.0057
117499.9867
117499.9431
117499.8711
117499.8185
117500.037
117500.0345
117500.0617
117500.0341
117500.0017
117499.8962
117499.7024
117500.0546
117500.0407
117500.061
117500.0432
117500.0254
117499.8763
117499.5682
117500.0247
117499.9917
117499.9949
117499.9916
117499.9782
117499.767
117499.3297
117500.0525
117500.0272
117500.0308
117500.0271
117499.9628
117499.6521
117499.1268
117500.0967
117500.0745
117500.1045
117500.0689
117500.0759
117499.7147
117499.216
117500.1607
117500.1592
117500.1979
117500.1853
117500.2913
117500.0458
117499.537
117500.1954
117500.2248
117500.2462
117500.293
117500.4326
117500.399
117500.1022
117500.2155
117500.2595
117500.2849
117500.3476
117500.5131
117500.6157
117500.4786
117500.2122
117500.2484
117500.2779
117500.3482
117500.5059
117500.6412
117500.8107
117500.2197
117500.2502
117500.2841
117500.3549
117500.525
117500.6502
117500.9103
117500.2046
117500.2314
117500.263
117500.3225
117500.5016
117500.6502
117500.8946
117500.2058
117500.222
117500.2134
117500.2661
117500.449
117500.587
117500.8331
117500.1658
117500.1666
117500.1466
117500.1929
117500.3247
117500.4835
117500.6043
117499.9858
117499.9739
117499.9507
117499.9088
117499.7897
117499.6685
117499.8158
117499.991
117499.9872
117499.9664
117499.9204
117499.819
117499.7344
117499.8163
117500.0229
117500.0302
117500.0232
117500.0085
117499.8943
117499.8289
117499.7173
117500.0507
117500.082
117500.0843
117500.0815
117500.0095
117499.9584
117499.6424
117500.0811
117500.0891
117500.0814
117500.1261
117500.0268
117499.9679
117499.5137
117500.0512
117500.0425
117500.0454
117500.1039
117500.0121
117499.9995
117499.4666
117500.0722
117500.0719
117500.0802
117500.1248
117500.1077
117500.1551
117499.6203
117500.1221
117500.1236
117500.1529
117500.1874
117500.2317
117500.3532
117499.8843
117500.1522
117500.172
117500.2003
117500.2367
117500.3326
117500.4099
117500.2507
117500.1792
117500.2121
117500.224
117500.2872
117500.3801
117500.5161
117500.4726
117500.1908
117500.2295
117500.2542
117500.3147
117500.4217
117500.5786
117500.6819
117500.1917
117500.2349
117500.2618
117500.3166
117500.4315
117500.6057
117500.7348
117500.1924
117500.2288
117500.2566
117500.2926
117500.4279
117500.5952
117500.7519
117500.1761
117500.1963
117500.1913
117500.2176
117500.34
117500.5043
117500.6147
117500.1648
117500.1719
117500.1583
117500.197
117500.2625
117500.4109
117500.4619
117500.0135
117499.9886
117499.9426
117499.869
117499.6822
117499.6491
117499.8332
117500.0088
117499.9772
117499.9273
117499.8175
117499.6464
117499.5819
117499.8284
117500.0231
117500.0155
117499.9703
117499.887
117499.6793
117499.6315
117499.7787
117500.0609
117500.0637
117500.0494
117500.0041
117499.8297
117499.8175
117499.7723
117500.0582
117500.0747
117500.0579
117500.1009
117499.9582
117499.951
117499.71
117500.1056
117500.1123
117500.1036
117500.1614
117500.0191
117500.0762
117499.7682
117500.0748
117500.0667
117500.0757
117500.1381
117500.074
117500.1561
117499.8813
117500.1372
117500.0961
117500.0989
117500.157
117500.1126
117500.231
117500.0584
117500.149
117500.1358
117500.126
117500.1893
117500.1598
117500.2946
117500.109
117500.1664
117500.1692
117500.1512
117500.2279
117500.2092
117500.3787
117500.1372
117500.1646
117500.1844
117500.1744
117500.2454
117500.2478
117500.4003
117500.2032
117500.1596
117500.1903
117500.1986
117500.2458
117500.2761
117500.3898
117500.3054
117500.1517
117500.1778
117500.1919
117500.2299
117500.2562
117500.3429
117500.3395
117500.1463
117500.1646
117500.1653
117500.1918
117500.2168
117500.2812
117500.2932
117500.1413
117500.1527
117500.1539
117500.1893
117500.1883
117500.2246
117500.2625
117499.9488
117499.9413
117499.9208
117499.8944
117499.8456
117499.9035
117500.0208
117499.9359
117499.9023
117499.8728
117499.7476
117499.7114
117499.7973
117500.0346
117499.9414
117499.9024
117499.8449
117499.6925
117499.578
117499.704
117499.9548
117499.9766
117499.9553
117499.9141
117499.7562
117499.5871
117499.6657
117499.8973
117499.995
117499.9884
117499.9659
117499.9151
117499.7393
117499.7263
117499.7872
117500.0213
117500.0285
117499.9964
117500.0738
117499.8386
117499.851
117499.7722
117500.0532
117500.051
117499.9971
117500.1194
117499.8887
117499.9629
117499.7732
117500.0453
117500.0311
117500.0119
117500.1036
117499.9014
117500.015
117499.8858
117500.0362
117500.0127
117499.9803
117500.0322
117499.9017
117500.0758
117499.7976
117500.0618
117500.0584
117500.0171
117500.078
117499.9858
117500.113
117499.734
117500.0712
117500.0717
117500.0467
117500.0948
117500.0154
117500.0506
117499.6618
117500.0819
117500.0931
117500.0779
117500.1151
117500.0524
117500.0419
117499.8431
117500.081
117500.0883
117500.0936
117500.1141
117500.0749
117500.0368
117499.9294
117500.08
117500.0889
117500.0928
117500.1049
117500.0792
117500.0406
117499.9991
117500.082
117500.0891
117500.0932
117500.1148
117500.0961
117500.0575
117500.0692
117500.0652
117500.0755
117500.0603
117500.0738
117500.0543
117499.9862
117499.9297
117500.0618
117500.0644
117500.0528
117500.0553
117500.0009
117499.9034
117499.91
117500.0556
117500.053
117500.0466
117500.0151
117499.9557
117499.8938
117500.0261
117500.0427
117500.0331
117500.0284
117499.9709
117499.9001
117499.876
117500.1119
117500.0361
117500.0171
117500.0142
117499.9636
117499.8944
117499.8875
117500.0207
117500.0181
117500.0096
117500.0048
117499.9983
117499.9237
117499.8923
117499.9377
117500.0631
117500.0236
117500.0225
117500.0396
117499.9754
117499.9767
117499.8962
117500.066
117500.0433
117500.0187
117500.032
117499.9661
117499.9967
117499.9166
117500.0639
117500.0546
117500.0361
117500.0484
117499.9848
117500.0194
117499.8649
117500.0494
117500.0311
117500.0252
117500.0252
117499.9856
117499.9626
117499.8306
117500.0372
117500.0229
117500.021
117500.0208
117499.9969
117499.9473
117499.8142
117500.0296
117500.0119
117500.0206
117500.0189
117500.0068
117499.9734
117499.9002
117500.0299
117500.019
117500.0237
117500.0251
117500.0134
117499.9885
117499.934
117500.0266
117500.0221
117500.026
117500.0233
117500.0194
117499.998
117499.9852
117500.0294
117500.0305
117500.0325
117500.0424
117500.0389
117500.0227
117500.016
117500.0978
117500.0296
117500.0456
117499.9486
117500.1283
117499.6892
117500.5565
117500.1007
117500.0512
117500.0479
117499.9697
117500.0511
117499.7225
117500.1769
117500.1024
117500.0652
117500.0433
117499.9661
117500.0023
117499.617
117499.949
117500.108
117500.0895
117500.072
117499.991
117500.0223
117499.6628
117499.8261
117500.1077
117500.0971
117500.0876
117500.0093
117500.0287
117499.6799
117499.745
117500.1059
117500.0995
117500.0988
117500.0329
117500.0414
117499.7363
117499.701
117500.0955
117500.0923
117500.0888
117500.0317
117500.0198
117499.6764
117499.6539
117500.0982
117500.1002
117500.1101
117500.0694
117500.0435
117499.658
117499.6436
117500.1
117500.1018
117500.1235
117500.0493
117500.0233
117499.5738
117499.6452
117500.0908
117500.0941
117500.0933
117500.0554
117500.042
117499.6907
117499.7289
117500.0946
117500.0952
117500.0949
117500.0384
117500.0321
117499.6907
117499.7574
117500.0936
117500.0903
117500.0931
117500.0252
117500.0407
117499.7326
117499.8703
117500.098
117500.0911
117500.0955
117500.018
117500.069
117499.7479
117500.0516
117500.092
117500.0827
117500.0865
117500.0118
117500.1011
117499.7948
117500.2134
117500.0933
117500.08
117500.0953
117500.0243
117500.1896
117499.8403
117500.6642
117500.0698
117500.0262
117499.9417
117500.0711
117499.7859
117500.2766
117499.3331
117500.1065
117500.0774
117499.985
117500.1026
117499.8236
117500.275
117499.405
117500.1047
117500.1006
117500.0122
117500.1067
117499.8442
117500.2814
117499.356
117500.1084
117500.1226
117500.0453
117500.143
117499.8702
117500.3479
117499.4023
117500.1017
117500.1157
117500.047
117500.1471
117499.8616
117500.3702
117499.3838
117500.0992
117500.1136
117500.0501
117500.1724
117499.8749
117500.4198
117499.3879
117500.0832
117500.1096
117500.0288
117500.1688
117499.8706
117500.3472
117499.3784
117500.0875
117500.1084
117500.0583
117500.1726
117499.9229
117500.4933
117499.3323
117500.0927
117500.1156
117500.0681
117500.1624
117499.9346
117500.4382
117499.251
117500.0817
117500.1067
117500.0335
117500.1419
117499.8688
117500.2959
117499.2896
117500.0924
117500.1178
117500.0577
117500.1564
117499.8801
117500.322
117499.2896
117500.0895
117500.1126
117500.0444
117500.1343
117499.8488
117500.3019
117499.351
117500.0934
117500.1152
117500.0431
117500.132
117499.8684
117500.2906
117499.4041
117500.0858
117500.1067
117500.0284
117500.1262
117499.8736
117500.3138
117499.5036
117500.0846
117500.1092
117500.0289
117500.1423
117499.899
117500.3632
117499.5
117500.1533
117500.1164
117500.1092
117500.0812
117500.0678
117500.0866
117499.989
117500.1473
117500.1207
117500.1144
117500.0862
117500.0579
117500.0756
117500.0045
117500.129
117500.1117
117500.0992
117500.0703
117500.0284
117500.0688
117499.9427
117500.1195
117500.1075
117500.0993
117500.0749
117500.0384
117500.0652
117499.9544
117500.1123
117500.1057
117500.0964
117500.0814
117500.0367
117500.0781
117499.9345
117500.1013
117500.0994
117500.0945
117500.0943
117500.0545
117500.1048
117499.9321
117500.0924
117500.0915
117500.0906
117500.1017
117500.0702
117500.1064
117499.9606
117500.0815
117500.0853
117500.0829
117500.1087
117500.0763
117500.1496
117499.9468
117500.0817
117500.0854
117500.0861
117500.0976
117500.1154
117500.1627
117499.986
117500.0836
117500.0845
117500.0814
117500.0829
117500.0348
117500.0773
117499.913
117500.0927
117500.0956
117500.0936
117500.0895
117500.0542
117500.0752
117499.9159
117500.0943
117500.0936
117500.0871
117500.0701
117500.0282
117500.0429
117499.9172
117500.0996
117500.0982
117500.088
117500.0716
117500.0393
117500.0563
117499.9466
117500.0936
117500.0898
117500.0778
117500.0642
117500.044
117500.07
117499.9958
117500.0941
117500.0911
117500.0818
117500.0802
117500.0672
117500.105
117500.0029
117500.1374
117500.1434
117500.0987
117500.1493
117500.0022
117500.1816
117499.909
117500.1325
117500.1463
117500.1028
117500.1465
117500.0002
117500.1728
117499.9151
117500.1221
117500.1363
117500.0832
117500.1336
117499.9746
117500.1858
117499.8633
117500.1126
117500.1267
117500.077
117500.1385
117499.9866
117500.2034
117499.8778
117500.1014
117500.1189
117500.0672
117500.138
117499.97
117500.2146
117499.8465
117500.0915
117500.1103
117500.0638
117500.1463
117499.9875
117500.2372
117499.8549
117500.0805
117500.1039
117500.0556
117500.144
117499.9767
117500.2209
117499.8429
117500.0742
117500.1051
117500.0453
117500.1535
117500.0055
117500.23
117499.85
117500.0781
117500.1038
117500.0606
117500.149
117500.0042
117500.2173
117499.8378
117500.0749
117500.098
117500.0521
117500.1367
117499.9824
117500.1873
117499.8203
117500.0852
117500.1115
117500.0658
117500.1427
117499.9883
117500.1857
117499.8272
117500.0833
117500.1061
117500.0572
117500.1269
117499.9778
117500.1585
117499.8529
117500.0884
117500.1116
117500.0584
117500.127
117499.9844
117500.1638
117499.8761
117500.0814
117500.1031
117500.0484
117500.121
117499.9879
117500.1678
117499.9165
117500.0813
117500.1045
117500.0477
117500.1315
117500
117500.1951
117499.946
117500.1768
117500.1848
117500.1974
117500.1897
117500.1647
117500.1883
117500.1248
117500.1666
117500.1803
117500.1893
117500.1727
117500.1409
117500.1541
117500.1157
117500.1432
117500.1486
117500.1345
117500.1172
117500.0849
117500.1328
117500.0652
117500.1147
117500.1071
117500.0997
117500.0972
117500.0768
117500.1214
117500.0771
117500.1052
117500.1005
117500.0919
117500.0934
117500.0596
117500.1253
117500.0527
117500.0911
117500.09
117500.092
117500.1067
117500.0788
117500.1411
117500.0931
117500.0872
117500.0985
117500.0942
117500.1052
117500.0527
117500.1233
117500.0892
117500.0837
117500.0846
117500.0901
117500.1111
117500.0756
117500.1554
117500.1645
117500.0809
117500.0875
117500.0837
117500.1178
117500.0968
117500.1477
117500.1311
117500.081
117500.0878
117500.0848
117500.0986
117500.0778
117500.1175
117500.0679
117500.0873
117500.0973
117500.0892
117500.1091
117500.0807
117500.1277
117500.0621
117500.0851
117500.0916
117500.082
117500.0954
117500.0664
117500.1077
117500.046
117500.0891
117500.0952
117500.0817
117500.1025
117500.0669
117500.1241
117500.0445
117500.0829
117500.0865
117500.0734
117500.0906
117500.0662
117500.1106
117500.0611
117500.0835
117500.0884
117500.073
117500.0961
117500.0727
117500.1272
117500.0758
117500.1304
117500.1493
117500.1498
117500.173
117500.1155
117500.1836
117500.1402
117500.128
117500.1587
117500.1431
117500.1583
117500.0754
117500.1553
117500.0717
117500.122
117500.1511
117500.1075
117500.1078
117500.0343
117500.15
117500.0357
117500.0918
117500.1008
117500.0632
117500.0851
117500.0269
117500.1391
117500.0276
117500.0855
117500.0963
117500.0613
117500.0891
117500.0079
117500.1356
117500.0197
117500.0731
117500.0825
117500.0555
117500.0794
117500.0088
117500.1271
117500.0273
117500.0701
117500.0885
117500.0463
117500.0996
117499.9745
117500.1052
117500.044
117500.0643
117500.0778
117500.0549
117500.1044
117500.0216
117500.1477
117500.0644
117500.0713
117500.092
117500.0616
117500.1259
117500.0613
117500.1583
117500.041
117500.0677
117500.0842
117500.0595
117500.0965
117500.0361
117500.1276
117500.0337
117500.0734
117500.0917
117500.0628
117500.1147
117500.0494
117500.1592
117500.033
117500.0695
117500.0829
117500.0587
117500.1044
117500.0456
117500.1488
117500.0597
117500.0733
117500.0861
117500.0627
117500.1153
117500.0497
117500.1608
117500.076
117500.0694
117500.0802
117500.0587
117500.1071
117500.0515
117500.1404
117500.0789
117500.0716
117500.0845
117500.0618
117500.1087
117500.0545
117500.1405
117500.0659
117500.0819
117500.0858
117500.0927
117500.108
117500.0977
117500.1444
117500.1902
117500.0819
117500.1056
117500.0948
117500.0958
117500.0768
117500.1341
117500.1566
117500.1044
117500.1309
117500.1056
117500.0897
117500.0642
117500.1436
117500.1541
117500.0782
117500.0799
117500.0543
117500.0573
117500.0529
117500.1177
117500.1202
117500.0812
117500.0872
117500.0763
117500.0758
117500.0499
117500.1182
117500.1245
117500.0698
117500.0718
117500.0611
117500.0599
117500.0433
117500.0958
117500.1185
117500.07
117500.075
117500.0603
117500.0741
117500.028
117500.0732
117500.1171
117500.0662
117500.0682
117500.0601
117500.0655
117500.0458
117500.0959
117500.116
117500.0725
117500.0796
117500.0741
117500.0955
117500.0956
117500.1185
117500.0863
117500.0666
117500.0696
117500.0618
117500.0691
117500.0598
117500.0766
117500.0538
117500.0691
117500.0737
117500.0679
117500.0818
117500.0756
117500.1145
117500.0761
117500.0642
117500.0655
117500.0633
117500.0739
117500.074
117500.1075
117500.1241
117500.0667
117500.0685
117500.0683
117500.078
117500.0786
117500.109
117500.1302
117500.0649
117500.0646
117500.066
117500.077
117500.0757
117500.101
117500.1113
117500.0678
117500.0686
117500.0687
117500.0809
117500.0684
117500.0916
117500.0848
117499.9938
117499.9727
117499.9627
117499.9606
117499.9398
117500.0192
117500.0518
117500.0054
117499.9957
117500.002
117500.0016
117499.9768
117500.0482
117500.0741
117500.0236
117500.0456
117500.049
117500.0602
117500.0305
117500.0859
117500.1032
117500.0475
117500.0565
117500.0407
117500.0373
117500.0085
117500.0547
117500.0657
117500.048
117500.0552
117500.0481
117500.0517
117500.0005
117500.0632
117500.0538
117500.0477
117500.0509
117500.0335
117500.0307
117499.9892
117500.0429
117500.0135
117500.0501
117500.0567
117500.0324
117500.0451
117499.9831
117500.021
117499.9897
117500.0502
117500.0529
117500.0312
117500.0358
117499.9998
117500.0323
117499.9803
117500.0584
117500.0661
117500.0497
117500.0684
117500.0508
117500.084
117499.9886
117500.053
117500.0565
117500.0414
117500.0545
117500.0194
117500.0479
117499.9691
117500.0562
117500.0603
117500.0491
117500.064
117500.0363
117500.053
117499.9768
117500.053
117500.0541
117500.0462
117500.0585
117500.0394
117500.048
117500.0278
117500.0542
117500.056
117500.0464
117500.0614
117500.0409
117500.0516
117500.0325
117500.0542
117500.0544
117500.0506
117500.0575
117500.0461
117500.0492
117500.0426
117500.0561
117500.0574
117500.0522
117500.059
117500.0395
117500.0371
117500.0254
117500.0105
117499.9691
117499.9453
117499.8956
117499.8712
117499.9031
117499.9279
117500.0072
117499.9711
117499.9823
117499.9577
117499.943
117499.9585
117499.9709
117500.0072
117499.9875
117500.0156
117500.0225
117500.0118
117499.9909
117499.9785
117500.0349
117500.0408
117500.0471
117500.0306
117500.0213
117499.9907
117499.9784
117500.0371
117500.0274
117500.0303
117500.0216
117499.9848
117499.9809
117499.9552
117500.0433
117500.0397
117500.0306
117500.0027
117499.9731
117499.9755
117499.9202
117500.0478
117500.0433
117500.0295
117500.0055
117499.9807
117499.9589
117499.8815
117500.0497
117500.0442
117500.0229
117500.0042
117499.9823
117499.9785
117499.8833
117500.056
117500.0548
117500.043
117500.031
117500.0038
117500.0167
117499.9376
117500.0523
117500.0484
117500.0397
117500.0326
117499.9982
117499.9853
117499.9222
117500.0565
117500.0542
117500.0478
117500.0406
117500.0091
117499.9667
117499.9027
117500.0542
117500.049
117500.0464
117500.0367
117500.0138
117499.9555
117499.902
117500.0557
117500.0528
117500.0445
117500.0361
117500.0138
117499.9592
117499.8848
117500.0559
117500.0526
117500.0475
117500.035
117500.0231
117499.9672
117499.9291
117500.058
117500.0559
117500.0494
117500.0344
117500.0201
117499.9644
117499.9427
117499.9975
117499.9561
117499.9004
117499.8399
117499.7838
117499.7354
117499.6679
117499.993
117499.9639
117499.9443
117499.895
117499.8352
117499.7362
117499.6385
117499.999
117499.9666
117499.9664
117499.9417
117499.8912
117499.7504
117499.6141
117500.0192
117500.0087
117500.014
117499.9944
117499.9761
117499.8431
117499.6796
117500.0242
117500.0076
117500
117499.9707
117499.9257
117499.8453
117499.7103
117500.0346
117500.025
117500.0108
117499.9598
117499.9291
117499.8731
117499.7434
117500.0415
117500.0336
117500.0106
117499.9661
117499.9383
117499.8844
117499.7271
117500.0486
117500.039
117500.0123
117499.9787
117499.9556
117499.9474
117499.8051
117500.0518
117500.0471
117500.031
117500.0064
117499.952
117499.9605
117499.8608
117500.0505
117500.04
117500.034
117500.0123
117499.9691
117499.9335
117499.8819
117500.0553
117500.0501
117500.0454
117500.0292
117499.9828
117499.9257
117499.8698
117500.0574
117500.0527
117500.0496
117500.0328
117499.9907
117499.9288
117499.817
117500.058
117500.0548
117500.0464
117500.0359
117499.9969
117499.9332
117499.8155
117500.0607
117500.0577
117500.0475
117500.0394
117500.011
117499.9526
117499.8744
117500.0607
117500.061
117500.0484
117500.0399
117500.013
117499.9661
117499.9122
117500.0075
117499.9687
117499.9188
117499.8642
117499.782
117499.6564
117499.4574
117500.0051
117499.9775
117499.9523
117499.8868
117499.7758
117499.6168
117499.383
117500.0106
117499.9864
117499.9593
117499.9198
117499.8456
117499.6615
117499.4041
117500.0328
117500.017
117500.0153
117499.9792
117499.9424
117499.7578
117499.4868
117500.0354
117500.0191
117500.0079
117499.9687
117499.9482
117499.8155
117499.5993
117500.0496
117500.0358
117500.0213
117499.9541
117499.9426
117499.8523
117499.7114
117500.0559
117500.0437
117500.0246
117499.9579
117499.9514
117499.8727
117499.7389
117500.0654
117500.0522
117500.0334
117499.9869
117499.9756
117499.9656
117499.8391
117500.0605
117500.0514
117500.0402
117500.0106
117499.9406
117499.9464
117499.9048
117500.0604
117500.0463
117500.0392
117500.0188
117499.9722
117499.932
117499.922
117500.066
117500.0657
117500.0544
117500.0412
117499.9958
117499.9671
117499.9182
117500.0743
117500.0712
117500.0716
117500.0529
117500.0175
117499.9922
117499.8811
117500.0783
117500.079
117500.0719
117500.0716
117500.0379
117500.0225
117499.9157
117500.0813
117500.0791
117500.0751
117500.0727
117500.0511
117500.0388
117499.9638
117500.0829
117500.0829
117500.076
117500.0788
117500.0634
117500.052
117500.0102
117500.0371
117500.0107
117500.0019
117499.9569
117499.9227
117499.7939
117499.6494
117500.03
117500.0066
117500.004
117499.9644
117499.9218
117499.7702
117499.6202
117500.0397
117500.0277
117500.0189
117499.9816
117499.9585
117499.8146
117499.636
117500.0613
117500.0593
117500.0591
117500.0098
117499.9892
117499.873
117499.7008
117500.063
117500.0585
117500.0472
117500.0104
117500.0183
117499.9309
117499.7916
117500.0774
117500.0686
117500.0577
117500
117500.0083
117499.944
117499.8993
117500.0823
117500.0755
117500.0643
117499.9973
117500.0103
117499.9531
117499.9771
117500.0906
117500.081
117500.0801
117500.0316
117500.0415
117500.0025
117499.9806
117500.0778
117500.0764
117500.0686
117500.0807
117499.9966
117500.0296
117500.0323
117500.076
117500.0648
117500.057
117500.0621
117500.0268
117500
117500.01
117500.0789
117500.0872
117500.0717
117500.0882
117500.0594
117500.0716
117500.0586
117500.0861
117500.0975
117500.0891
117500.0995
117500.0895
117500.1238
117500.0844
117500.0936
117500.0993
117500.0994
117500.1172
117500.1101
117500.1577
117500.1358
117500.0976
117500.1032
117500.1023
117500.1203
117500.1152
117500.1623
117500.1439
117500.0992
117500.1057
117500.1045
117500.1285
117500.1244
117500.1729
117500.1661
117500.0874
117500.0773
117500.051
117500.0776
117500.0956
117500.12
117500.0041
117500.0833
117500.0732
117500.071
117500.1058
117500.0905
117500.1148
117500.0116
117500.0854
117500.0869
117500.0815
117500.09
117500.0821
117500.1289
117499.9937
117500.1041
117500.1225
117500.1163
117500.0811
117500.0602
117500.1107
117500.0237
117500.102
117500.1136
117500.1019
117500.0803
117500.0559
117500.1181
117500.0658
117500.1147
117500.1149
117500.1157
117500.0694
117500.076
117500.1158
117500.1372
117500.1147
117500.1104
117500.1129
117500.069
117500.0522
117500.1056
117500.2395
117500.1227
117500.1095
117500.1494
117500.1053
117500.1406
117500.0836
117500.2368
117500.1074
117500.1098
117500.1099
117500.1855
117500.1227
117500.1352
117500.2076
117500.1055
117500.0847
117500.1028
117500.1154
117500.129
117500.0682
117500.1049
117500.106
117500.1048
117500.1039
117500.1358
117500.1306
117500.1281
117500.186
117500.1153
117500.1258
117500.1252
117500.1462
117500.1661
117500.2092
117500.2626
117500.122
117500.1334
117500.1377
117500.1649
117500.1881
117500.2632
117500.3188
117500.1268
117500.1376
117500.1385
117500.1696
117500.1863
117500.2649
117500.3101
117500.1282
117500.1373
117500.1445
117500.1734
117500.1874
117500.2653
117500.3034
117500.126
117500.1264
117500.0881
117500.1745
117500.2685
117500.4032
117500.4225
117500.125
117500.1219
117500.1277
117500.1789
117500.2438
117500.3485
117500.3784
117500.1264
117500.1317
117500.1348
117500.1594
117500.2133
117500.3323
117500.372
117500.1285
117500.144
117500.149
117500.1252
117500.1526
117500.2652
117500.3147
117500.1374
117500.1589
117500.1464
117500.1474
117500.0999
117500.2425
117500.304
117500.1405
117500.147
117500.157
117500.1351
117500.1215
117500.2317
117500.3083
117500.1435
117500.1483
117500.1446
117500.155
117500.0701
117500.2233
117500.3533
117500.1462
117500.1358
117500.188
117500.188
117500.1688
117500.1881
117500.3624
117500.1377
117500.1481
117500.1486
117500.2871
117500.2669
117500.2353
117500.3366
117500.1319
117500.1226
117500.1421
117500.1796
117500.2245
117500.1841
117500.116
117500.1257
117500.1256
117500.1327
117500.1705
117500.1868
117500.1554
117500.1333
117500.1266
117500.1327
117500.1408
117500.1691
117500.1955
117500.2431
117500.2326
117500.1254
117500.1409
117500.1423
117500.1752
117500.2009
117500.2819
117500.3228
117500.1258
117500.138
117500.141
117500.1737
117500.1912
117500.2706
117500.302
117500.1241
117500.1349
117500.1436
117500.1677
117500.1815
117500.2537
117500.2926
117500.1466
117500.1551
117500.1238
117500.1898
117500.3333
117500.4588
117500.6127
117500.1477
117500.1488
117500.1529
117500.1889
117500.2721
117500.3886
117500.5297
117500.145
117500.1461
117500.1425
117500.1356
117500.2236
117500.3381
117500.5114
117500.1348
117500.1333
117500.1267
117500.1106
117500.1767
117500.2625
117500.4463
117500.1452
117500.1587
117500.1472
117500.1441
117500.1384
117500.2184
117500.4069
117500.1439
117500.1495
117500.1606
117500.1416
117500.1356
117500.2115
117500.3852
117500.1512
117500.1591
117500.1492
117500.1836
117500.1037
117500.187
117500.3981
117500.1478
117500.1373
117500.1757
117500.1866
117500.1538
117500.1489
117500.3391
117500.1529
117500.1555
117500.1679
117500.2817
117500.334
117500.2705
117500.3035
117500.1505
117500.1476
117500.1604
117500.1956
117500.246
117500.2612
117500.1323
117500.1471
117500.143
117500.1513
117500.1667
117500.2011
117500.1209
117500.0316
117500.1486
117500.1511
117500.1565
117500.1806
117500.2033
117500.2258
117500.1509
117500.1441
117500.1497
117500.1496
117500.1739
117500.1896
117500.2498
117500.2389
117500.1453
117500.1541
117500.1527
117500.1719
117500.1816
117500.2411
117500.2463
117500.1418
117500.1494
117500.15
117500.1599
117500.1528
117500.2105
117500.2058
117500.1428
117500.1548
117500.143
117500.1744
117500.2529
117500.3544
117500.4422
117500.1431
117500.1529
117500.1517
117500.1644
117500.2015
117500.2944
117500.394
117500.1364
117500.1339
117500.1247
117500.0873
117500.1606
117500.2504
117500.3621
117500.1254
117500.1187
117500.0863
117500.0792
117500.132
117500.2126
117500.33
117500.1359
117500.1451
117500.1273
117500.1369
117500.1387
117500.1756
117500.3097
117500.1336
117500.1464
117500.1421
117500.1413
117500.1255
117500.154
117500.2841
117500.1506
117500.1564
117500.1527
117500.187
117500.1471
117500.1306
117500.287
117500.1405
117500.141
117500.1409
117500.207
117500.1291
117500.073
117500.1914
117500.1538
117500.148
117500.1757
117500.1994
117500.3262
117500.1808
117500.146
117500.1479
117500.152
117500.1576
117500.1837
117500.227
117500.2074
117500.1214
117500.1349
117500.1311
117500.1363
117500.1362
117500.1708
117500.0733
117499.9123
117500.1223
117500.1204
117500.123
117500.1395
117500.1496
117500.1599
117500.0307
117500.1018
117500.0975
117500.1027
117500.1068
117500.1088
117500.1505
117500.0882
117500.1019
117500.1041
117500.1115
117500.1103
117500.1064
117500.1416
117500.111
117500.0951
117500.097
117500.1015
117500.0828
117500.0511
117500.0656
117500.0575
117500.1302
117500.1396
117500.1405
117500.1491
117500.1611
117500.1737
117500.2242
117500.1272
117500.1372
117500.1414
117500.1271
117500.1244
117500.1647
117500.1933
117500.1135
117500.1099
117500.1007
117500.0566
117500.1185
117500.1415
117500.1669
117500.1047
117500.0966
117500.0614
117500.0805
117500.1079
117500.1454
117500.1641
117500.1059
117500.1058
117500.1055
117500.1274
117500.1313
117500.1233
117500.1407
117500.104
117500.1211
117500.1139
117500.1367
117500.1004
117500.0948
117500.1078
117500.1173
117500.1166
117500.125
117500.1481
117500.1338
117500.0749
117500.1085
117500.1129
117500.1234
117500.1122
117500.2039
117500.1144
117500.0967
117500.0027
117500.1229
117500.1202
117500.1475
117500.1406
117500.2831
117500.1301
117499.9957
117500.1274
117500.1296
117500.1345
117500.1659
117500.2157
117500.1935
117500.0555
117500.1248
117500.121
117500.122
117500.1224
117500.1634
117500.0805
117499.8329
117500.1212
117500.1161
117500.101
117500.11
117500.1353
117500.1477
117499.915
117500.109
117500.0991
117500.0771
117500.0797
117500.1143
117500.1696
117500.0481
117500.1193
117500.1174
117500.0798
117500.0783
117500.1179
117500.1744
117500.1233
117500.1171
117500.1086
117500.0705
117500.0609
117500.0626
117500.0862
117500.1324
117500.0816
117500.0876
117500.0911
117500.0913
117500.077
117500.0448
117500.0463
117500.0811
117500.0878
117500.0946
117500.0909
117500.0874
117500.0583
117500.0547
117500.0796
117500.0811
117500.0953
117500.0955
117500.0935
117500.0646
117500.0365
117500.0836
117500.0857
117500.1117
117500.1023
117500.0929
117500.0978
117500.0694
117500.0849
117500.0872
117500.114
117500.1122
117500.1362
117500.1013
117500.0678
117500.0813
117500.0918
117500.0991
117500.1146
117500.1206
117500.0831
117500.0621
117500.0892
117500.0896
117500.107
117500.1171
117500.1597
117500.0947
117500.0448
117500.0848
117500.0933
117500.1058
117500.1378
117500.1997
117500.1598
117500.05
117500.0929
117500.0948
117500.1301
117500.1265
117500.2508
117500.2135
117500.0857
117500.0852
117500.1017
117500.129
117500.1617
117500.2161
117500.2619
117500.0734
117500.0664
117500.0748
117500.0958
117500.1136
117500.1193
117500.1354
117499.7804
117500.0373
117500.0375
117500.0475
117500.0821
117500.0581
117500.091
117499.7294
117500.0156
117500.005
117500.0377
117500.045
117500.0502
117500.0491
117499.8402
117500.016
117500.0208
117500.0593
117500.053
117500.0724
117500.0937
117499.9617
117500.0086
117500.0232
117500.0336
117500.0163
117500.064
117500.0687
117500.0276
117500.0274
117500.029
117500.0269
117500.0291
117500.0278
117500.0206
117500.0153
117500.0328
117500.0336
117500.0381
117500.0401
117500.0458
117500.0322
117500.0158
117500.0314
117500.0338
117500.0379
117500.0453
117500.0352
117500.0219
117500.0103
117500.0332
117500.0319
117500.0525
117500.0388
117500.0302
117500.0151
117500.0084
117500.0288
117500.0353
117500.0359
117500.0179
117500.031
117499.9945
117499.9997
117500.0249
117500.0257
117500.0135
117500.0104
117500.0271
117499.9644
117499.9725
117500.0248
117500.0187
117500.0118
117500.0134
117500.0356
117499.9461
117499.9463
117500.0305
117500.0344
117500.0322
117500.0429
117500.0811
117499.9583
117499.9472
117500.0339
117500.0345
117500.0405
117500.0301
117500.0723
117500.0023
117499.9171
117500.0407
117500.0461
117500.0475
117500.0502
117500.0461
117500.0779
117499.9315
117500.0405
117500.0443
117500.038
117500.0354
117500.0069
117500.0304
117499.8572
117500.0466
117500.0455
117500.0386
117500.0244
117499.991
117499.9554
117499.8618
117500.0533
117500.0566
117500.03
117499.986
117499.9483
117499.9339
117499.8806
117500.0814
117500.0737
117500.0376
117499.9858
117499.9701
117499.9309
117499.9417
117500.0965
117500.0742
117500.0421
117499.9986
117499.9955
117499.9696
117499.9663
117500.5565
117500.3915
117500.3694
117500.5099
117500.779
117500.7213
117501.5872
117500.5395
117500.3545
117500.3624
117500.5922
117500.8299
117500.6949
117500.973
117500.4875
117500.2956
117500.3294
117500.5696
117500.7721
117500.5214
117500.4462
117500.4132
117500.2422
117500.2473
117500.4805
117500.6669
117500.2937
117499.9999
117500.3307
117500.2111
117500.1592
117500.324
117500.4846
117500.0557
117499.6528
117500.265
117500.1892
117500.1385
117500.1903
117500.2989
117499.8702
117499.4304
117500.2249
117500.1868
117500.1326
117500.1769
117500.1495
117499.7519
117499.3364
117500.1807
117500.1789
117500.1222
117500.1944
117500.0511
117499.718
117499.3659
117500.1466
117500.1656
117500.1141
117500.1936
117500.0121
117499.7332
117499.3712
117500.1328
117500.1443
117500.1112
117500.1516
117500.0317
117499.6488
117499.4084
117500.1261
117500.129
117500.1064
117500.1135
117500.0512
117499.6983
117499.7521
117500.1259
117500.1207
117500.1155
117500.0871
117500.0726
117499.7393
117499.8875
117500.1173
117500.1055
117500.1066
117500.0424
117500.0905
117499.7641
117500.0279
117500.1199
117500.1094
117500.1218
117500.0369
117500.1369
117499.8267
117500.1984
117500.1133
117500.1011
117500.1222
117500.0289
117500.2058
117499.7987
117500.5981
117499.8922
117499.804
117499.6912
117500.0512
117499.5878
117500.274
117498.5491
117499.8899
117499.7856
117499.7342
117500.0763
117499.6162
117500.2598
117498.2432
117499.9044
117499.7934
117499.7965
117500.093
117499.6387
117500.2595
117498.0321
117499.9402
117499.8141
117499.8246
117500.0832
117499.6834
117500.2759
117498.1051
117500.0012
117499.882
117499.832
117500.0657
117499.7061
117500.2919
117498.2171
117500.0529
117499.9725
117499.8414
117500.0457
117499.7246
117500.2907
117498.4222
117500.0749
117500.0566
117499.876
117500.0491
117499.7232
117500.3061
117498.6033
117500.0793
117500.1069
117499.9665
117500.1222
117499.7144
117500.3292
117498.8093
117500.0795
117500.1172
117499.9916
117500.166
117499.6939
117500.3673
117499.0489
117500.0869
117500.117
117500.0219
117500.1623
117499.7513
117500.4326
117499.1019
117500.0972
117500.1177
117500.0383
117500.133
117499.7766
117500.2744
117498.9963
117500.1012
117500.1183
117500.041
117500.1117
117499.7839
117500.1189
117498.9744
117500.0997
117500.1149
117500.0348
117500.1139
117499.8154
117500.1736
117499.0772
117500.1024
117500.1179
117500.0455
117500.1357
117499.8616
117500.2725
117499.2915
117500.0936
117500.1156
117500.0415
117500.1442
117499.8654
117500.3021
117499.3397
117500.067
117499.9474
117499.993
117500.0913
117500.0747
117500.329
117499.878
117500.0966
117499.9841
117500.024
117500.1235
117500.1054
117500.3637
117499.7845
117500.1219
117500.0334
117500.0702
117500.149
117500.1375
117500.3368
117499.7471
117500.142
117500.0684
117500.0945
117500.1398
117500.1263
117500.2719
117499.704
117500.1483
117500.0945
117500.0995
117500.1202
117500.1015
117500.1958
117499.6945
117500.145
117500.106
117500.1094
117500.0999
117500.0914
117500.1403
117499.7076
117500.1328
117500.1018
117500.1018
117500.0931
117500.0757
117500.1139
117499.7013
117500.127
117500.1152
117500.1097
117500.1115
117500.0998
117500.146
117499.7352
117500.121
117500.1242
117500.1071
117500.1135
117500.0502
117500.1187
117499.782
117500.128
117500.133
117500.1145
117500.1373
117500.0546
117500.1169
117499.8805
117500.129
117500.1328
117500.1196
117500.1339
117500.0571
117500.044
117499.7731
117500.1336
117500.1266
117500.1245
117500.0948
117500.0507
117499.9592
117499.7262
117500.1264
117500.1186
117500.1084
117500.0802
117500.0228
117499.9438
117499.6925
117500.1291
117500.1191
117500.1144
117500.0858
117500.0831
117500.0401
117499.8763
117500.1195
117500.1119
117500.1095
117500.0921
117500.0696
117500.0842
117499.9362
117499.9591
117499.9272
117499.8829
117500.032
117499.9166
117500.3443
117500.2081
117499.9698
117499.9402
117499.9008
117500.0442
117499.9589
117500.4254
117500.3868
117499.9817
117499.9527
117499.9311
117500.0743
117500
117500.5189
117500.439
117499.9929
117499.9606
117499.9481
117500.0754
117500.0038
117500.5259
117500.3275
117500.005
117499.9749
117499.9485
117500.0642
117499.98
117500.4538
117500.133
117500.025
117500.0129
117499.9662
117500.084
117499.9886
117500.3874
117499.9189
117500.0358
117500.038
117499.9753
117500.0908
117499.9912
117500.3453
117499.8017
117500.0543
117500.0713
117500.0084
117500.1384
117500.016
117500.3867
117499.7704
117500.0699
117500.0954
117500.0252
117500.1572
117499.9544
117500.3323
117499.6986
117500.0839
117500.1146
117500.0496
117500.1758
117499.9803
117500.2884
117499.7969
117500.0927
117500.1177
117500.0651
117500.1586
117500.0063
117500.1922
117499.7424
117500.0979
117500.1138
117500.0647
117500.1145
117499.9686
117500.0624
117499.6515
117500.0966
117500.1118
117500.0567
117500.1135
117499.9652
117500.0903
117499.672
117500.0982
117500.1127
117500.0603
117500.1142
117499.9954
117500.1139
117499.8209
117500.0907
117500.109
117500.0506
117500.1245
117500.0065
117500.1642
117499.9417
117500.1026
117500.0961
117500.0805
117500.0959
117500.0731
117500.2053
117500.1931
117500.1016
117500.0928
117500.0768
117500.1009
117500.0882
117500.2545
117500.2877
117500.0971
117500.0834
117500.0729
117500.1007
117500.1044
117500.2789
117500.3452
117500.0917
117500.0749
117500.0608
117500.0856
117500.0926
117500.2677
117500.3457
117500.0889
117500.0562
117500.0538
117500.0578
117500.0719
117500.2179
117500.3045
117500.0927
117500.0589
117500.0735
117500.0699
117500.0949
117500.1979
117500.2722
117500.0937
117500.0641
117500.0806
117500.082
117500.097
117500.2123
117500.1992
117500.1058
117500.09
117500.1021
117500.1162
117500.1342
117500.2359
117500.2459
117500.1109
117500.1082
117500.1146
117500.135
117500.1303
117500.1769
117500.2528
117500.1224
117500.1355
117500.1325
117500.1925
117500.1666
117500.234
117500.2818
117500.1277
117500.1395
117500.1419
117500.1923
117500.1933
117500.2606
117500.2786
117500.1293
117500.1351
117500.1326
117500.151
117500.1284
117500.1392
117500.1342
117500.1262
117500.1298
117500.1267
117500.1438
117500.1357
117500.1681
117500.1134
117500.1264
117500.13
117500.1236
117500.1417
117500.1253
117500.1439
117500.1163
117500.1177
117500.1193
117500.1176
117500.1451
117500.1268
117500.1735
117500.1458
117500.0237
117500.0447
117500.0044
117500.0431
117500.001
117500.0859
117500.095
117500.0216
117500.0363
117500.0013
117500.0458
117500.0084
117500.1202
117500.1334
117500.0167
117500.0204
117499.9966
117500.0432
117500.0198
117500.1421
117500.1394
117500.0125
117500.0078
117499.987
117500.0281
117500.0058
117500.1264
117500.0986
117500.016
117500.0058
117499.9825
117500.0086
117499.9788
117500.0896
117500.0297
117500.0262
117500.0129
117499.9989
117500.0186
117499.9907
117500.0606
117499.9683
117500.0365
117500.0244
117500.0048
117500.0302
117499.9857
117500.0532
117499.8949
117500.0571
117500.0516
117500.037
117500.0599
117500.0206
117500.0138
117499.9061
117500.0657
117500.0684
117500.0536
117500.0864
117500.0291
117500.0303
117499.8353
117500.0821
117500.0983
117500.0918
117500.1589
117500.146
117500.1682
117500.117
117500.0898
117500.106
117500.1025
117500.1629
117500.1744
117500.2139
117500.1799
117500.0928
117500.1058
117500.1003
117500.1374
117500.122
117500.1756
117500.1437
117500.0927
117500.105
117500.0989
117500.1373
117500.1295
117500.2102
117500.1616
117500.0898
117500.1022
117500.0882
117500.1384
117500.1151
117500.194
117500.1544
117500.0836
117500.0917
117500.0915
117500.1519
117500.1026
117500.1931
117500.1437
117500.0686
117500.0829
117500.0554
117500.0364
117500.0134
117499.9588
117499.9491
117500.0717
117500.0811
117500.0537
117500.0361
117500.0077
117499.9581
117499.9054
117500.071
117500.0671
117500.0507
117500.0327
117500.0085
117499.9491
117499.8529
117500.0629
117500.0525
117500.037
117500.0153
117499.9923
117499.9391
117499.8141
117500.0631
117500.0531
117500.0327
117500.0077
117499.9867
117499.9215
117499.7835
117500.0654
117500.0491
117500.0423
117500.0115
117499.9871
117499.9161
117499.7824
117500.0704
117500.0546
117500.0478
117500.0204
117499.9843
117499.8989
117499.7325
117500.0814
117500.0676
117500.0715
117500.043
117500.0156
117499.882
117499.6814
117500.0827
117500.0761
117500.0825
117500.0609
117500.0519
117499.98
117499.8267
117500.099
117500.1025
117500.1164
117500.1278
117500.1798
117500.0873
117500.0655
117500.098
117500.1019
117500.11
117500.1233
117500.1502
117500.127
117500.1396
117500.0999
117500.1022
117500.1127
117500.1187
117500.132
117500.1189
117500.1337
117500.0944
117500.0961
117500.1056
117500.1202
117500.1331
117500.1608
117500.1527
117500.09
117500.089
117500.1013
117500.1136
117500.1218
117500.1511
117500.1552
117500.0885
117500.0952
117500.1002
117500.1278
117500.1182
117500.1404
117500.1297
117499.9949
117499.9919
117499.9814
117499.9606
117499.9308
117499.8352
117499.7606
117500.0029
117499.9992
117499.9865
117499.9648
117499.9199
117499.8111
117499.6682
117500.0137
117500.0044
117499.9999
117499.9753
117499.9281
117499.7949
117499.5923
117500.0136
117500.0028
117499.9974
117499.9691
117499.9183
117499.7795
117499.5287
117500.0246
117500.019
117500.0081
117499.9774
117499.9334
117499.7545
117499.4998
117500.0242
117500.013
117499.9966
117499.9639
117499.9047
117499.7572
117499.4921
117500.0345
117500.0236
117500.0062
117499.9747
117499.913
117499.7763
117499.5629
117500.0433
117500.0327
117500.0212
117499.9896
117499.9369
117499.8376
117499.5907
117500.0456
117500.0411
117500.0257
117499.9982
117499.9604
117499.9259
117499.7804
117500.0572
117500.0579
117500.0487
117500.0327
117500.0338
117499.9705
117499.8377
117500.0554
117500.0547
117500.0431
117500.0282
117499.9806
117499.938
117499.8956
117500.0588
117500.0604
117500.0528
117500.0502
117500.0047
117499.9829
117499.9021
117500.0541
117500.0551
117500.0504
117500.0492
117500.0215
117500.0028
117499.9467
117500.0568
117500.058
117500.0554
117500.0587
117500.0322
117500.0172
117499.9749
117500.0559
117500.0651
117500.0533
117500.0611
117500.0431
117500.0317
117499.9876
117500.021
117500.0128
117500.0017
117499.9793
117499.946
117499.8775
117499.7928
117500.0312
117500.0234
117500.0093
117499.9855
117499.9432
117499.8616
117499.741
117500.0444
117500.0361
117500.0264
117500
117499.9562
117499.8544
117499.6991
117500.0466
117500.0382
117500.0316
117499.998
117499.9491
117499.8324
117499.6454
117500.056
117500.0512
117500.0472
117500.0116
117499.9584
117499.8023
117499.6044
117500.0518
117500.0411
117500.0289
117499.9898
117499.9233
117499.7502
117499.4866
117500.0565
117500.0464
117500.0293
117499.9897
117499.8988
117499.7457
117499.4899
117500.0595
117500.0457
117500.0345
117499.979
117499.9148
117499.7613
117499.6217
117500.0587
117500.0506
117500.0275
117499.9821
117499.9082
117499.8953
117499.7437
117500.0616
117500.0487
117500.0302
117499.9684
117499.9195
117499.8408
117499.7999
117500.056
117500.044
117500.0221
117499.971
117499.8651
117499.8262
117499.762
117500.0553
117500.0496
117500.0306
117499.9989
117499.9042
117499.8348
117499.7695
117500.0504
117500.0407
117500.0304
117499.9979
117499.9492
117499.867
117499.8005
117500.0551
117500.0509
117500.0411
117500.0157
117499.9761
117499.9034
117499.8203
117500.0539
117500.0454
117500.0442
117500.0194
117500.001
117499.9431
117499.8985
117499.9947
117499.9976
117499.9901
117499.9903
117499.9704
117499.9599
117499.9156
117500.0058
117500.0099
117500.0013
117500.0036
117499.9822
117499.9687
117499.917
117500.0222
117500.0258
117500.0237
117500.028
117500.0076
117499.9965
117499.9375
117500.0302
117500.03
117500.0293
117500.0346
117500.0158
117500.0075
117499.9452
117500.042
117500.0435
117500.0455
117500.0471
117500.0318
117500.0065
117499.9382
117500.0422
117500.0404
117500.0368
117500.0263
117499.9949
117499.9394
117499.8766
117500.048
117500.0436
117500.0366
117500.0156
117499.976
117499.9046
117499.7179
117500.0492
117500.0415
117500.0292
117500.001
117499.9269
117499.8279
117499.7129
117500.047
117500.0391
117500.0127
117499.9791
117499.8782
117499.8477
117499.7729
117500.0484
117500.035
117500.0128
117499.9521
117499.8522
117499.8235
117499.7401
117500.0432
117500.0304
117499.9976
117499.9432
117499.7877
117499.7475
117499.6743
117500.0438
117500.037
117500.0055
117499.9723
117499.8309
117499.7576
117499.6746
117500.0393
117500.0286
117500.0138
117499.97
117499.9173
117499.7875
117499.7796
117500.0469
117500.0398
117500.035
117500.0021
117499.9731
117499.901
117499.8584
117500.0472
117500.034
117500.0309
117499.9913
117499.9752
117499.9195
117499.8732
117500.0242
117500.0314
117500.0202
117500.0309
117500.0157
117500.0513
117500.0405
117500.0351
117500.0443
117500.035
117500.0491
117500.0427
117500.0755
117500.083
117500.0501
117500.0637
117500.0562
117500.0776
117500.0736
117500.1132
117500.1201
117500.0602
117500.0644
117500.0736
117500.0963
117500.0966
117500.1512
117500.1677
117500.072
117500.0786
117500.0835
117500.1154
117500.1306
117500.2035
117500.2362
117500.0764
117500.0801
117500.0895
117500.1075
117500.1265
117500.1748
117500.2049
117500.0803
117500.0841
117500.0818
117500.0995
117500.1045
117500.1744
117500.1457
117500.0828
117500.0793
117500.0858
117500.0831
117500.0992
117500.0724
117500.0547
117500.0806
117500.0796
117500.0687
117500.0754
117500.0142
117500.0188
117499.9894
117500.0789
117500.0706
117500.0674
117500.0419
117499.9864
117499.9667
117499.9304
117500.0739
117500.0664
117500.0493
117500.0288
117499.9024
117499.8838
117499.849
117500.0701
117500.06
117500.0393
117500.0019
117499.9038
117499.7913
117499.8146
117500.0653
117500.0544
117500.0476
117500.0011
117499.9653
117499.8009
117499.8811
117500.0694
117500.0564
117500.0604
117500.0073
117500.003
117499.8788
117499.8305
117500.0703
117500.0505
117500.0459
117499.996
117500.0024
117499.9745
117499.9566
117500.0154
117500.023
117500.0145
117500.0324
117500.0156
117500.058
117500.0571
117500.0262
117500.0358
117500.0312
117500.0503
117500.0432
117500.0868
117500.0957
117500.0439
117500.0655
117500.0554
117500.0863
117500.0784
117500.1249
117500.1462
117500.0528
117500.0704
117500.0746
117500.1029
117500.1073
117500.1647
117500.1906
117500.0693
117500.0814
117500.0952
117500.1369
117500.1623
117500.2435
117500.3004
117500.0743
117500.0853
117500.0997
117500.1349
117500.1744
117500.2852
117500.2757
117500.0817
117500.089
117500.1043
117500.134
117500.2095
117500.278
117500.4151
117500.0853
117500.0926
117500.1076
117500.1463
117500.2124
117500.2854
117500.2232
117500.0901
117500.0944
117500.1144
117500.1464
117500.2
117500.1791
117500.2031
117500.0905
117500.0943
117500.113
117500.14
117500.1733
117500.1323
117500.0871
117500.0892
117500.0871
117500.0989
117500.1032
117500.0903
117500.0187
117500.0204
117500.0912
117500.0872
117500.0889
117500.0595
117500.0555
117499.8616
117499.8391
117500.0836
117500.0747
117500.0854
117500.0308
117500.0411
117499.7826
117499.8299
117500.0914
117500.0786
117500.0871
117500.0391
117500.0517
117499.9467
117499.831
117500.0748
117500.0547
117500.0389
117500.0009
117500.0049
117499.9826
117499.9367
117500.0378
117500.0348
117500.0242
117500.0271
117499.9946
117499.9936
117499.9788
117500.0492
117500.0493
117500.043
117500.046
117500.0135
117500.0034
117500.0017
117500.0701
117500.0815
117500.0719
117500.0783
117500.0436
117500.0339
117500.0354
117500.0752
117500.0956
117500.0889
117500.0991
117500.0772
117500.0754
117500.1121
117500.0907
117500.1046
117500.1169
117500.1339
117500.1303
117500.137
117500.1673
117500.0921
117500.1033
117500.114
117500.1439
117500.1601
117500.2073
117500.2325
117500.0986
117500.1086
117500.1177
117500.1557
117500.1944
117500.2669
117500.1694
117500.102
117500.1093
117500.1273
117500.1744
117500.2362
117500.3136
117500.2795
117500.1108
117500.1186
117500.1469
117500.193
117500.2966
117500.2828
117500.202
117500.1134
117500.1184
117500.1511
117500.1889
117500.2637
117500.2434
117500.1589
117500.1167
117500.1185
117500.1505
117500.1585
117500.2028
117500.1519
117500.0554
117500.1224
117500.118
117500.1572
117500.1124
117500.2226
117500.0535
117499.8919
117500.1164
117500.1156
117500.1276
117500.1086
117500.0992
117499.9371
117499.7275
117500.1143
117500.1002
117500.1085
117500.0895
117500.0899
117500.0942
117499.9272
117500.0886
117500.0769
117500.049
117500.0558
117500.0347
117500.0407
117499.9623
117500.0196
117500.0125
117499.9989
117499.9786
117499.9387
117499.8974
117499.8713
117500.0322
117500.0271
117500.0189
117499.9998
117499.9645
117499.8964
117499.9187
117500.0514
117500.056
117500.0497
117500.0317
117499.9951
117499.9338
117499.9459
117500.0566
117500.0738
117500.0628
117500.0504
117500.0154
117499.9512
117500.0093
117500.0645
117500.0837
117500.0854
117500.0811
117500.0426
117499.977
117500.0567
117500.0634
117500.0768
117500.0761
117500.0976
117500.0598
117499.9925
117500.0477
117500.0678
117500.0782
117500.0768
117500.1007
117500.0909
117500.0624
117500.0038
117500.073
117500.0825
117500.0869
117500.1263
117500.1372
117500.092
117500.038
117500.0894
117500.1032
117500.1166
117500.1737
117500.181
117500.1591
117500.0422
117500.1016
117500.1124
117500.1353
117500.1714
117500.1863
117500.1207
117500.0819
117500.1224
117500.1343
117500.1767
117500.2119
117500.2457
117500.2476
117500.0765
117500.1356
117500.1431
117500.1999
117500.1973
117500.261
117500.3225
117500.0099
117500.1317
117500.1414
117500.1567
117500.1926
117500.1659
117500.2685
117499.9691
117500.1211
117500.117
117500.1302
117500.1652
117500.1452
117500.2453
117500.0625
117500.1038
117500.1034
117500.086
117500.1287
117500.0978
117500.1389
117500.0521
117500.0392
117500.0261
117500.0138
117499.9725
117499.906
117499.8484
117499.8732
117500.0497
117500.0358
117500.0222
117499.9751
117499.9262
117499.8196
117499.8971
117500.0683
117500.0611
117500.0475
117499.9969
117499.9475
117499.8548
117499.9168
117500.0707
117500.0722
117500.0487
117499.9931
117499.9274
117499.8035
117499.9213
117500.0731
117500.081
117500.0571
117499.9829
117499.8856
117499.7239
117499.885
117500.065
117500.0661
117500.041
117499.9702
117499.8269
117499.6492
117499.7825
117500.0649
117500.0613
117500.0336
117499.9789
117499.8366
117499.6766
117499.6992
117500.0674
117500.0652
117500.0413
117500.0251
117499.9175
117499.7576
117499.5858
117500.0815
117500.089
117500.0647
117500.0896
117499.9979
117499.7959
117499.7363
117500.096
117500.1116
117500.0911
117500.1793
117500.085
117500.0102
117499.8867
117500.1248
117500.1418
117500.1554
117500.2548
117500.2155
117500.3362
117500.0816
117500.1451
117500.1678
117500.1757
117500.2918
117500.2337
117500.5236
117500.1526
117500.146
117500.1548
117500.1614
117500.2109
117500.2172
117500.3663
117500.2218
117500.1338
117500.1323
117500.1301
117500.1913
117500.1618
117500.2401
117500.1617
117500.1247
117500.1189
117500.1198
117500.1361
117500.1321
117500.1573
117500.1199
117499.9949
117499.9855
117499.9566
117499.905
117499.7967
117499.7359
117499.892
117500.0046
117499.9943
117499.9741
117499.9155
117499.8296
117499.752
117499.8703
117500.0176
117500.012
117499.9961
117499.9434
117499.8843
117499.8248
117499.977
117500.0137
117500.0117
117499.9868
117499.9312
117499.8456
117499.7824
117499.9027
117500.0078
117500.0088
117499.9744
117499.8954
117499.7592
117499.6913
117499.8165
117499.9934
117499.9882
117499.9442
117499.8512
117499.6346
117499.5887
117499.67
117499.9862
117499.9731
117499.9133
117499.7965
117499.5641
117499.4811
117499.4927
117499.9936
117499.9827
117499.9189
117499.8305
117499.6342
117499.5036
117499.2741
117500.0183
117500.0259
117499.9516
117499.9364
117499.7792
117499.6258
117499.451
117500.0543
117500.0658
117500.0095
117500.0568
117499.9724
117499.9551
117499.7979
117500.0984
117500.12
117500.0761
117500.185
117500.1381
117500.4303
117500.1804
117500.1217
117500.1257
117500.1149
117500.2092
117500.2483
117500.4156
117500.4624
117500.1258
117500.1183
117500.1296
117500.2216
117500.2295
117500.3165
117500.3869
117500.1368
117500.1292
117500.1608
117500.202
117500.2342
117500.2438
117500.298
117500.1379
117500.1319
117500.1432
117500.157
117500.1844
117500.1822
117500.2242
117500.0335
117500.0119
117499.977
117499.8997
117499.7884
117499.8003
117500.0402
117500.0441
117500.0246
117499.9964
117499.933
117499.8504
117499.8526
117500.0504
117500.0577
117500.043
117500.021
117499.9652
117499.9276
117499.937
117500.1056
117500.0536
117500.0424
117500.0126
117499.9587
117499.9021
117499.9063
117499.9854
117500.0488
117500.0365
117500.0027
117499.9197
117499.8386
117499.8695
117499.864
117500.0338
117500.0194
117499.9773
117499.8805
117499.7682
117499.8265
117499.7463
117500.0248
117499.9943
117499.9526
117499.7881
117499.7003
117499.7044
117499.5737
117500.0191
117499.9795
117499.9205
117499.7454
117499.6768
117499.6455
117499.402
117500.0284
117499.9807
117499.8992
117499.811
117499.7913
117499.7562
117499.6236
117500.0352
117499.9731
117499.8661
117499.9239
117499.9159
117499.9985
117499.8902
117500.0698
117499.9938
117499.9733
117500.0725
117500.1145
117500.2202
117500.3314
117500.1226
117500.0617
117500.1256
117500.1988
117500.2243
117500.2293
117500.3662
117500.1751
117500.1403
117500.2062
117500.206
117500.2413
117500.1936
117500.2365
117500.1849
117500.1518
117500.1756
117500.1721
117500.205
117500.1671
117500.2192
117500.187
117500.1521
117500.1648
117500.1406
117500.1734
117500.1239
117500.191
117499.964
117499.9658
117499.9528
117499.9452
117499.9964
117500.0162
117500.1707
117499.9666
117499.9669
117499.9583
117499.9496
117499.9638
117500.0365
117500.1805
117499.969
117499.9707
117499.9667
117499.9546
117499.9877
117500.0377
117500.1819
117499.9587
117499.958
117499.9525
117499.9342
117499.9443
117499.9539
117500.0066
117499.9501
117499.9443
117499.9388
117499.9007
117499.9102
117499.9246
117499.9051
117499.9354
117499.931
117499.9206
117499.8948
117499.9188
117499.9297
117499.8523
117499.9283
117499.9165
117499.9091
117499.8335
117499.885
117499.8428
117499.7628
117499.9301
117499.9173
117499.8874
117499.7803
117499.828
117499.7763
117499.6936
117499.9469
117499.9343
117499.8834
117499.8143
117499.8765
117499.815
117499.8651
117499.9845
117499.969
117499.9281
117499.8647
117499.9602
117499.9184
117500.0235
117500.0538
117500.0597
117499.9528
117500.005
117500.131
117500.0225
117500.2833
117500.1187
117500.0922
117500.0439
117500.1278
117500.1727
117500.1275
117500.0967
117500.1656
117500.1168
117500.133
117500.2009
117500.2537
117500.1901
117500.2464
117500.1496
117500.1185
117500.1507
117500.1915
117500.2277
117500.2097
117500.2133
117500.1561
117500.1331
117500.1361
117500.1609
117500.2046
117500.1987
117500.2575
117500.0639
117500.0684
117500.0646
117500.0542
117500.0747
117499.9783
117499.9492
117500.0553
117500.0575
117500.0482
117500.0468
117500.0442
117500.0331
117500.0294
117500.0531
117500.0551
117500.0496
117500.0405
117500.0433
117500.0288
117500.0152
117500.0498
117500.0518
117500.049
117500.0455
117500.0428
117500.027
117500.0011
117500.0514
117500.0537
117500.0571
117500.0512
117500.0605
117500.0265
117499.9969
117500.055
117500.0596
117500.0672
117500.0785
117500.0844
117500.054
117500.0245
117500.0589
117500.0636
117500.0746
117500.0938
117500.109
117500.0366
117500.0253
117500.0685
117500.0665
117500.0893
117500.07
117500.0738
117499.9855
117499.9679
117500.0726
117500.0795
117500.0601
117500.0477
117500.0042
117499.9344
117499.914
117500.0958
117500.0652
117500.0562
117499.9897
117499.969
117499.8767
117499.8794
117500.1074
117500.0674
117500.0332
117499.9953
117499.9619
117499.8828
117499.838
117500.1151
117500.0629
117500.0271
117499.9773
117499.9659
117499.9272
117499.8762
117500.0838
117500.0272
117499.9811
117499.9563
117499.9574
117499.9421
117499.9538
117500.0485
117500.0041
117499.9751
117499.9499
117499.9402
117499.9352
117499.925
117500.05
117500.0135
117499.9857
117499.9668
117499.9677
117499.9604
117499.9806
117498.3891
117497.7742
117497.2154
117497.0169
117496.8966
117496.875
117496.9153
117496.9693
117497.0497
117497.3731
117497.5588
117497.6704
117498.0288
117498.5265
117498.7568
117497.891
117498.139
117497.8117
117497.633
117497.4263
117497.3261
117497.2654
117497.274
117497.2944
117497.4573
117497.6638
117497.8258
117498.0705
117498.4339
117498.4595
117497.451
117497.8858
117497.467
117497.2877
117497.0811
117496.992
117496.9331
117496.9518
117496.9805
117497.1318
117497.3017
117497.486
117497.7283
117498.0493
117497.9087
117497.315
117497.7048
117497.3186
117497.1287
117496.915
117496.8149
117496.7369
117496.7447
117496.7656
117496.8937
117497.032
117497.2161
117497.4198
117497.7103
117497.4048
117497.1972
117497.5098
117497.1329
117496.9325
117496.7286
117496.6315
117496.5549
117496.5587
117496.5839
117496.698
117496.8179
117497.0086
117497.2017
117497.4919
117497.1055
117497.0936
117497.3868
117497.0415
117496.8378
117496.6367
117496.5378
117496.4559
117496.4554
117496.475
117496.5737
117496.683
117496.8708
117497.0578
117497.3526
117496.9635
117496.9997
117497.2964
117496.9674
117496.7599
117496.5623
117496.4623
117496.3821
117496.3805
117496.4014
117496.4967
117496.6091
117496.8024
117497.0012
117497.3089
117496.9788
117496.9553
117497.2637
117496.9492
117496.7486
117496.5524
117496.4542
117496.3738
117496.3716
117496.3911
117496.4814
117496.5939
117496.7862
117496.9941
117497.3011
117497.0318
117496.9991
117497.2787
117496.9653
117496.767
117496.5738
117496.4769
117496.3993
117496.3988
117496.4225
117496.5138
117496.6357
117496.836
117497.0607
117497.3866
117497.2574
117497.1741
117497.3779
117497.0572
117496.8584
117496.6633
117496.566
117496.4895
117496.4901
117496.5149
117496.6015
117496.725
117496.929
117497.1566
117497.5004
117497.3225
117497.2942
117497.5296
117497.1822
117496.9819
117496.7841
117496.6871
117496.6118
117496.6136
117496.6411
117496.7179
117496.8412
117497.0359
117497.2525
117497.579
117497.3154
117497.3849
117497.6965
117497.3595
117497.172
117496.9772
117496.8847
117496.8124
117496.8197
117496.8512
117496.9161
117497.0415
117497.2307
117497.4595
117497.7624
117497.5272
117497.6837
117497.9152
117497.579
117497.3847
117497.1989
117497.1085
117497.0338
117497.047
117497.0819
117497.1227
117497.2527
117497.4462
117497.7114
117498.0291
117497.9209
117498.2168
117498.3211
117497.9558
117497.7223
117497.5158
117497.4209
117497.3486
117497.3976
117497.4443
117497.4441
117497.5629
117497.762
117498.0756
117498.4341
117498.4899
117498.5029
117498.3396
117497.7857
117497.4957
117497.2628
117497.1673
117497.0917
117497.2368
117497.3123
117497.1653
117497.2675
117497.5208
117497.9636
117498.4822
117498.8095
117498.8035
117498.9593
117499.385
117499.5921
117499.6976
117499.7881
117499.865
117499.96
117500.0411
117500.1258
117500.1688
117500.2993
117500.5129
117500.5969
117500.4936
117498.7636
117500.2596
117501.0358
117501.4806
117501.6229
117501.7546
117501.8055
117501.8696
117501.9021
117501.9442
117501.9084
117501.7918
117501.5389
117501.1711
117500.4704
117499.2733
117501.046
117501.5606
117502.0399
117502.2302
117502.4187
117502.47
117502.5288
117502.506
117502.5127
117502.4397
117502.323
117502.0208
117501.6109
117500.5657
117499.5436
117501.4533
117502.0233
117502.728
117502.956
117503.1862
117503.2326
117503.2869
117503.247
117503.2136
117503.0565
117502.8498
117502.3612
117501.8605
117500.5058
117499.6784
117501.6099
117502.2275
117502.9595
117503.1999
117503.453
117503.5141
117503.5779
117503.5365
117503.4971
117503.3087
117503.0893
117502.5419
117502.0109
117500.5231
117499.7873
117501.7473
117502.4154
117503.188
117503.4509
117503.7284
117503.7976
117503.8648
117503.8101
117503.745
117503.5159
117503.2649
117502.6404
117502.0762
117500.456
117499.8807
117501.8124
117502.4843
117503.2483
117503.5207
117503.8057
117503.8854
117503.9584
117503.9069
117503.8383
117503.5983
117503.3398
117502.6788
117502.1058
117500.4099
117499.9876
117501.8657
117502.5397
117503.293
117503.5762
117503.8655
117503.9509
117504.0241
117503.9691
117503.8919
117503.6405
117503.371
117502.6886
117502.1062
117500.3814
117500.0796
117501.885
117502.5299
117503.2583
117503.5374
117503.8176
117503.9058
117503.9782
117503.9301
117503.8542
117503.6154
117503.3462
117502.6698
117502.1069
117500.3478
117500.1674
117501.9019
117502.5113
117503.2055
117503.4762
117503.7412
117503.8281
117503.8969
117503.8532
117503.7788
117503.5533
117503.2938
117502.6461
117502.0872
117500.3711
117500.2152
117501.8541
117502.4223
117503.0467
117503.2895
117503.5228
117503.5985
117503.6576
117503.6224
117503.5548
117503.3625
117503.1228
117502.5468
117501.9992
117500.4393
117500.3391
117501.7701
117502.3005
117502.8423
117503.0598
117503.2655
117503.3375
117503.393
117503.3668
117503.3043
117503.139
117502.9161
117502.4217
117501.904
117500.5507
117500.5235
117501.5453
117501.9997
117502.3701
117502.5181
117502.6555
117502.6884
117502.7177
117502.702
117502.6638
117502.5752
117502.4122
117502.0778
117501.6348
117500.6194
117500.4754
117501.1505
117501.5917
117501.8727
117501.9982
117502.1094
117502.1329
117502.1575
117502.142
117502.1067
117502.0515
117501.9246
117501.6788
117501.2548
117500.6026
117500.4413
117500.5289
117500.5872
117500.5729
117500.4768
117500.4704
117500.4132
117500.4157
117500.4093
117500.4231
117500.5102
117500.5294
117500.6107
117500.5719
117500.5223
117500.0898
117500.2794
117500.5401
117500.5624
117500.4863
117500.2326
117500.0688
117500.0161
117499.9994
117500.0667
117500.0679
117500.0265
117500.0216
117500.1014
117500.1094
117500.0448
117500.2917
117500.5633
117500.5218
117500.4099
117500.2153
117500.1027
117500.0482
117500.0295
117500.0723
117500.0506
117499.9947
117499.8718
117499.7569
117499.9012
117500.353
117500.5748
117500.7886
117500.7132
117500.5274
117500.3343
117500.1758
117500.0907
117500.0177
117500.0395
117500.0338
117500.0362
117500.0399
117499.9565
117500.055
117500.2611
117500.4322
117500.6303
117500.5836
117500.4252
117500.3237
117500.2137
117500.1917
117500.1217
117500.1166
117500.0849
117500.064
117500.0391
117499.9797
117500.1139
117500.2331
117500.3549
117500.4742
117500.4335
117500.3071
117500.2652
117500.1864
117500.1478
117500.0854
117500.0891
117500.0591
117500.0669
117500.0552
117500.0296
117500.176
117500.0779
117500.1728
117500.2847
117500.3198
117500.2516
117500.2604
117500.1872
117500.1724
117500.1183
117500.1175
117500.0782
117500.0867
117500.0614
117500.0653
117500.1969
117500.015
117500.098
117500.1675
117500.2271
117500.1877
117500.1987
117500.1447
117500.1393
117500.099
117500.1055
117500.0733
117500.0943
117500.0674
117500.1082
117500.2078
117499.9851
117500.0378
117500.0832
117500.1917
117500.1437
117500.1752
117500.1319
117500.1393
117500.1037
117500.1116
117500.0768
117500.0995
117500.0684
117500.1152
117500.2125
117499.9899
117500.0276
117500.0298
117500.1396
117500.0937
117500.1326
117500.1019
117500.1158
117500.0912
117500.1025
117500.0774
117500.103
117500.0748
117500.1371
117500.2228
117500.0761
117500.0629
117500.0294
117500.1149
117500.0783
117500.1198
117500.0994
117500.1183
117500.0996
117500.1093
117500.0874
117500.1103
117500.0872
117500.136
117500.2232
117500.1257
117500.0658
117500.0381
117500.0917
117500.06
117500.0943
117500.0813
117500.0978
117500.0862
117500.0938
117500.0799
117500.0923
117500.0867
117500.0928
117500.262
117500.1158
117500.0443
117500.0366
117500.0797
117500.0597
117500.0995
117500.1006
117500.1252
117500.1201
117500.1141
117500.0942
117500.0804
117500.0815
117500.0316
117500.2195
117500.1172
117499.9769
117500.0632
117500.0769
117500.0698
117500.0962
117500.1019
117500.1101
117500.1083
117500.1028
117500.0961
117500.0776
117500.0935
117499.9819
117500.1713
117500.0482
117499.8373
117499.9854
117500.0201
117500.0549
117500.1036
117500.1408
117500.1713
117500.1722
117500.1326
117500.0863
117500.0262
117499.9908
117499.8548
117500.0887
117500.1272
117500.1127
117500.2031
117500.2441
117500.2476
117500.2769
117500.2962
117500.2627
117500.2642
117500.2592
117500.2502
117500.21
117500.1695
117500.1245
117500.0711
117500.9825
117501.2119
117501.4786
117501.3426
117501.1209
117500.9438
117500.6337
117500.4387
117500.3254
117500.2947
117500.2586
117500.0957
117500.0541
117499.9607
117500.0606
117501.156
117501.5418
117501.7124
117501.5823
117501.4172
117501.2134
117500.9046
117500.6784
117500.4954
117500.416
117500.3346
117500.1909
117500.0616
117499.9144
117499.9172
117501.2414
117501.5349
117501.8871
117501.8247
117501.7843
117501.5512
117501.2789
117501.0757
117500.8734
117500.7372
117500.6426
117500.4781
117500.4046
117500.1243
117500.152
117501.0642
117501.4467
117501.7929
117501.8168
117501.8296
117501.6161
117501.3734
117501.1612
117500.9791
117500.8475
117500.7245
117500.5622
117500.4356
117500.1549
117500.1309
117500.9889
117501.3342
117501.7225
117501.8123
117501.8132
117501.6494
117501.4485
117501.2983
117501.1381
117501.0117
117500.8783
117500.7068
117500.5762
117500.2592
117500.1966
117500.9321
117501.191
117501.5502
117501.6253
117501.6562
117501.5503
117501.4293
117501.3238
117501.1934
117501.0806
117500.9393
117500.7561
117500.5961
117500.2844
117500.1693
117500.7728
117500.9866
117501.3309
117501.4225
117501.479
117501.4507
117501.386
117501.3181
117501.2166
117501.1175
117500.9872
117500.8038
117500.6423
117500.3303
117500.2165
117500.5234
117500.7478
117501.1178
117501.2119
117501.3216
117501.3451
117501.318
117501.2819
117501.2015
117501.114
117500.9885
117500.8067
117500.646
117500.3458
117500.239
117500.369
117500.5614
117500.9224
117501.0371
117501.1747
117501.2262
117501.2309
117501.2168
117501.158
117501.0815
117500.9685
117500.79
117500.6399
117500.3496
117500.2702
117500.2791
117500.4405
117500.7661
117500.8956
117501.03
117501.0998
117501.1214
117501.1238
117501.0804
117501.0144
117500.9151
117500.7504
117500.6197
117500.3358
117500.29
117500.2704
117500.3664
117500.6488
117500.763
117500.8972
117500.9685
117501.0029
117501.0116
117500.9817
117500.9245
117500.8397
117500.6792
117500.5703
117500.2766
117500.2475
117500.1375
117500.2285
117500.4777
117500.5892
117500.7023
117500.7732
117500.8135
117500.8311
117500.815
117500.7628
117500.6895
117500.5473
117500.4579
117500.1864
117500.1453
117500.0215
117500.124
117500.3764
117500.4616
117500.5721
117500.6304
117500.678
117500.6949
117500.6838
117500.6389
117500.577
117500.4558
117500.3878
117500.1233
117500.133
117499.9095
117499.9854
117500.1287
117500.2028
117500.2722
117500.3243
117500.3678
117500.4052
117500.3999
117500.3426
117500.2912
117500.1849
117500.1229
117499.9964
117500.0326
117500.0634
117500.0346
117500.1448
117500.1626
117500.2065
117500.2619
117500.3111
117500.3511
117500.3273
117500.2794
117500.2195
117500.1362
117500.1191
117500.0408
117500.0875
117500.508
117500.6645
117500.8319
117500.8787
117500.8279
117500.693
117500.628
117500.4987
117500.4657
117500.458
117500.4342
117500.2796
117500.2345
117500.163
117500.2432
117500.6609
117500.9488
117501.1477
117501.208
117501.058
117500.8798
117500.6724
117500.5754
117500.5442
117500.4354
117500.4086
117500.2821
117500.2815
117500.1974
117500.2295
117500.829
117501.1114
117501.2849
117501.3191
117501.1797
117501.0387
117500.7698
117500.7375
117500.6508
117500.5425
117500.4864
117500.39
117500.3819
117500.2798
117500.3235
117500.9156
117501.1289
117501.3124
117501.3785
117501.2908
117501.1081
117500.8511
117500.7493
117500.5879
117500.4844
117500.427
117500.3358
117500.3323
117500.2242
117500.3257
117500.9599
117501.0228
117501.175
117501.2682
117501.2355
117501.0575
117500.8929
117500.739
117500.5931
117500.4994
117500.4552
117500.3708
117500.3663
117500.2109
117500.2977
117500.9689
117500.9478
117501.0926
117501.1503
117501.0943
117500.9713
117500.8002
117500.6506
117500.5313
117500.4505
117500.405
117500.3351
117500.3322
117500.1968
117500.2353
117500.9419
117500.8865
117500.9469
117500.945
117500.9378
117500.8284
117500.696
117500.5919
117500.508
117500.4426
117500.4073
117500.3452
117500.3487
117500.2275
117500.254
117500.7378
117500.6718
117500.7765
117500.7863
117500.7661
117500.6709
117500.5891
117500.5174
117500.4575
117500.4043
117500.3736
117500.3207
117500.3259
117500.2119
117500.2417
117500.4597
117500.567
117500.6796
117500.6206
117500.6142
117500.5544
117500.5151
117500.47
117500.4323
117500.3887
117500.3673
117500.317
117500.3259
117500.2231
117500.2698
117500.4871
117500.449
117500.5277
117500.4647
117500.4777
117500.4448
117500.4298
117500.4037
117500.3807
117500.3456
117500.3331
117500.2854
117500.3054
117500.2012
117500.2483
117500.4256
117500.3441
117500.4264
117500.3747
117500.403
117500.387
117500.3925
117500.3817
117500.3694
117500.3365
117500.3267
117500.2723
117500.2821
117500.1726
117500.1827
117500.2681
117500.2528
117500.3002
117500.2789
117500.3051
117500.3078
117500.3229
117500.3254
117500.3198
117500.2894
117500.2787
117500.2203
117500.2291
117500.1124
117500.1596
117500.1571
117500.2023
117500.2619
117500.2419
117500.2868
117500.3015
117500.3314
117500.3493
117500.3435
117500.3043
117500.2909
117500.2173
117500.232
117500.1101
117500.1768
117500.04
117500.1097
117500.1179
117500.1374
117500.1728
117500.2087
117500.2295
117500.2588
117500.2487
117500.2074
117500.1734
117500.1081
117500.1093
117500.0819
117500.1047
117500.1609
117500.1099
117500.132
117500.0991
117500.1446
117500.1996
117500.2248
117500.2944
117500.282
117500.2065
117500.1928
117500.1309
117500.1633
117500.0918
117500.169
117500.2385
117500.2873
117500.3354
117500.2931
117500.2131
117500.0644
117499.9963
117499.9636
117500.0567
117500.3135
117500.4644
117500.5159
117500.4365
117500.359
117500.2926
117500.311
117500.3808
117500.4438
117500.387
117500.2819
117500.1171
117500.0778
117499.8929
117500.1912
117500.282
117500.4005
117500.4932
117500.5037
117500.4518
117500.3138
117500.3744
117500.4457
117500.5134
117500.4605
117500.3841
117500.2823
117500.061
117500.1139
117500.2921
117500.3629
117500.4228
117500.4875
117500.4902
117500.5118
117500.393
117500.4056
117500.4759
117500.524
117500.4938
117500.4883
117500.4475
117500.2001
117500.2917
117500.3256
117500.3292
117500.3421
117500.3677
117500.3539
117500.4007
117500.3072
117500.4063
117500.4523
117500.5235
117500.5564
117500.5846
117500.4834
117500.3748
117500.4181
117500.3888
117500.3724
117500.3661
117500.3531
117500.3273
117500.3006
117500.1878
117500.3759
117500.4069
117500.4458
117500.5735
117500.5854
117500.5324
117500.4842
117500.4499
117500.3942
117500.3595
117500.3359
117500.3022
117500.2823
117500.2162
117500.149
117500.2589
117500.3838
117500.4189
117500.4554
117500.5056
117500.5375
117500.5053
117500.4585
117500.4164
117500.3777
117500.3541
117500.3013
117500.2873
117500.2076
117500.1885
117500.0729
117500.1812
117500.186
117500.3644
117500.4706
117500.4927
117500.463
117500.4297
117500.3972
117500.3588
117500.3339
117500.2743
117500.266
117500.1794
117500.1913
117499.9199
117500.1381
117500.2847
117500.3876
117500.4423
117500.4447
117500.4386
117500.416
117500.3968
117500.36
117500.3397
117500.2759
117500.2756
117500.1924
117500.2406
117500.2529
117500.2579
117500.3009
117500.3275
117500.3649
117500.3706
117500.3771
117500.3663
117500.3568
117500.3281
117500.3179
117500.261
117500.2705
117500.1807
117500.2271
117500.2707
117500.2455
117500.3027
117500.2939
117500.3368
117500.3393
117500.3585
117500.3552
117500.3537
117500.3278
117500.3227
117500.2675
117500.2796
117500.1834
117500.2301
117500.2167
117500.2125
117500.2453
117500.2345
117500.2615
117500.2661
117500.2872
117500.2892
117500.2924
117500.2769
117500.2773
117500.241
117500.2654
117500.1859
117500.2598
117500.2107
117500.2164
117500.2504
117500.226
117500.2627
117500.2644
117500.2939
117500.3052
117500.3092
117500.2891
117500.2891
117500.2536
117500.2673
117500.2242
117500.2283
117500.1468
117500.1135
117500.1473
117500.1369
117500.162
117500.1787
117500.205
117500.221
117500.2201
117500.2002
117500.1882
117500.1843
117500.2116
117500.2037
117500.1588
117500.2461
117500.1447
117500.1885
117500.1488
117500.1769
117500.1974
117500.2252
117500.264
117500.2555
117500.2225
117500.2327
117500.2183
117500.2189
117500.1495
117500.1784
117499.8161
117499.7489
117499.6487
117499.5774
117499.5365
117499.5162
117499.3322
117499.4805
117499.6542
117500.103
117500.3415
117500.4141
117500.3175
117500.2703
117500.1894
117499.7705
117499.6326
117499.4249
117499.2466
117499.1461
117499.0855
117499.1715
117499.2508
117499.7595
117500.0806
117500.2239
117500.4047
117500.4121
117500.3279
117500.1769
117499.6983
117499.4468
117499.0992
117498.8765
117498.9521
117498.8809
117499.0681
117499.3486
117499.8208
117500.0631
117500.2179
117500.2659
117500.2845
117500.2972
117500.1057
117499.6962
117499.3399
117499.006
117499.0333
117498.9622
117498.9831
117499.1472
117499.5787
117499.8787
117500.0433
117500.1264
117500.1926
117500.1061
117500.1061
117499.8491
117499.6984
117499.3322
117499.1876
117499.0963
117499.0157
117499.2161
117499.4658
117499.7991
117499.965
117500.0744
117500.1311
117500.1586
117500.0856
117500.0683
117499.7486
117499.6327
117499.3687
117499.1773
117499.1297
117499.263
117499.5239
117499.7592
117499.9322
117500.0231
117500.0872
117500.1203
117500.1394
117500.0931
117500.0688
117499.847
117499.4639
117499.2102
117499.2227
117499.3113
117499.5336
117499.8024
117499.9419
117500.0292
117500.0885
117500.1231
117500.1472
117500.1493
117500.1365
117500.1178
117500.0013
117499.2705
117499.2599
117499.253
117499.5181
117499.7718
117499.938
117500.0133
117500.0716
117500.108
117500.1247
117500.141
117500.1363
117500.1385
117500.1171
117500.0727
117499.4277
117499.487
117499.6328
117499.8313
117499.9507
117500.0299
117500.0863
117500.1195
117500.1446
117500.149
117500.1623
117500.1488
117500.1628
117500.1376
117500.1408
117499.8442
117499.8886
117499.886
117499.9613
117500.0101
117500.0596
117500.0973
117500.1192
117500.1386
117500.1394
117500.1562
117500.1469
117500.1675
117500.1397
117500.1348
117499.9918
117500.0313
117500.0409
117500.0591
117500.0938
117500.1131
117500.1438
117500.1571
117500.1714
117500.1672
117500.1815
117500.1703
117500.1893
117500.1597
117500.1271
117500.1171
117500.1376
117500.1264
117500.1144
117500.1184
117500.1195
117500.1387
117500.1444
117500.1577
117500.1595
117500.1747
117500.188
117500.2063
117500.2128
117500.1927
117500.2831
117500.257
117500.256
117500.203
117500.2055
117500.1882
117500.2044
117500.2072
117500.211
117500.1996
117500.204
117500.2136
117500.216
117500.3051
117500.1687
117500.388
117500.3338
117500.3233
117500.2353
117500.213
117500.1815
117500.1845
117500.1848
117500.1839
117500.1712
117500.1819
117500.2452
117500.31
117500.247
117500.1777
117500.2867
117500.2508
117500.2957
117500.2597
117500.2644
117500.2381
117500.2387
117500.2426
117500.2178
117500.1625
117500.1717
117500.1996
117500.1872
117500.1805
117500.1355
117499.5188
117499.3641
117499.2123
117499.0757
117498.8664
117498.9056
117498.9958
117499.305
117499.5353
117499.762
117499.9774
117499.9263
117499.9234
117499.9168
117499.9702
117499.3773
117499.1259
117498.8324
117498.5007
117498.2099
117498.3397
117498.5954
117499.1142
117499.459
117499.686
117499.799
117499.8914
117499.7647
117499.7466
117499.87
117499.2159
117498.7753
117498.4485
117498.1444
117498.1281
117498.1034
117498.6348
117499.0648
117499.4541
117499.6638
117499.7788
117499.7421
117499.6558
117499.4971
117499.741
117499.0143
117498.4554
117498.214
117498.2129
117498.1415
117498.2267
117498.7047
117499.1702
117499.4927
117499.6738
117499.78
117499.7436
117499.6296
117499.4596
117499.5613
117498.8636
117498.3192
117498.2149
117498.2875
117498.2729
117498.4585
117498.9779
117499.3501
117499.6088
117499.7611
117499.862
117499.8582
117499.7781
117499.6986
117499.599
117498.877
117498.4192
117498.2944
117498.3702
117498.4635
117498.845
117499.2549
117499.5304
117499.7132
117499.8376
117499.9131
117499.9281
117499.8861
117499.8572
117499.7439
117498.9074
117498.51
117498.4773
117498.6407
117498.905
117499.2468
117499.5161
117499.6935
117499.8302
117499.9184
117499.981
117499.9932
117499.9801
117499.9775
117499.909
117499.0335
117498.8671
117498.8691
117499.0789
117499.2984
117499.5216
117499.6808
117499.8031
117499.8954
117499.9575
117500.002
117500.0134
117500.013
117500.0113
117499.9743
117499.3857
117499.2912
117499.3328
117499.465
117499.5958
117499.7215
117499.8259
117499.9023
117499.9692
117500.0043
117500.0372
117500.0402
117500.0427
117500.0383
117500.0188
117499.6027
117499.6361
117499.6235
117499.6993
117499.7617
117499.8399
117499.9025
117499.9533
117499.9946
117500.0152
117500.0393
117500.04
117500.0338
117500.0348
117499.9736
117499.8111
117499.8419
117499.8386
117499.871
117499.908
117499.9463
117499.9891
117500.0147
117500.0423
117500.0479
117500.055
117500.0407
117500.0149
117499.9916
117499.8449
117500.0198
117500.0201
117500.0213
117500.0049
117500.0001
117500.0033
117500.0214
117500.0314
117500.0481
117500.0449
117500.035
117500.0315
117499.9844
117500.0132
117499.8627
117500.2408
117500.1704
117500.1656
117500.1118
117500.1059
117500.0898
117500.0982
117500.0952
117500.0934
117500.0631
117500.0369
117500.0111
117500.0384
117500.0776
117499.9552
117500.3079
117500.357
117500.3714
117500.2541
117500.1613
117500.1136
117500.1017
117500.0861
117500.0782
117500.0385
117500.0031
117500.0502
117500.078
117500.0477
117499.9871
117500.1788
117500.187
117500.2632
117500.2294
117500.22
117500.1659
117500.1452
117500.1347
117500.098
117500.0037
117499.9552
117499.9868
117500.004
117500.0204
117499.9946
117499.6565
117499.5628
117499.4854
117499.3855
117499.1509
117499.0005
117499.049
117499.2813
117499.541
117499.6371
117499.6181
117499.52
117499.5558
117499.6262
117499.8272
117499.5533
117499.427
117499.2786
117499.116
117498.8331
117498.7364
117498.88
117499.2942
117499.5105
117499.5989
117499.5576
117499.3822
117499.3693
117499.414
117499.7995
117499.4155
117499.1994
117499.0493
117498.9673
117498.8875
117498.8596
117499.0762
117499.3877
117499.5748
117499.6484
117499.6391
117499.4439
117499.4041
117499.2966
117499.838
117499.1704
117498.9397
117498.8849
117498.9431
117498.9231
117498.9046
117499.2444
117499.5058
117499.6611
117499.7252
117499.7367
117499.6168
117499.5878
117499.4303
117499.8519
117498.9239
117498.7648
117498.8577
117498.9232
117498.937
117499.1487
117499.4663
117499.6445
117499.773
117499.8246
117499.8539
117499.7946
117499.811
117499.7032
117499.9833
117498.8474
117498.7504
117498.8036
117498.8367
117499.0574
117499.377
117499.6026
117499.7431
117499.8466
117499.89
117499.9203
117499.8966
117499.9325
117499.8884
117500.0998
117498.874
117498.8587
117498.8912
117499.0645
117499.3427
117499.5731
117499.7297
117499.837
117499.9167
117499.9452
117499.9761
117499.9603
117500.0018
117499.9845
117500.1396
117499.0478
117499.1382
117499.1893
117499.3606
117499.5429
117499.6929
117499.8066
117499.8844
117499.9403
117499.9596
117499.9801
117499.9678
117499.9975
117499.9839
117500.0676
117499.3874
117499.4389
117499.4608
117499.5862
117499.6947
117499.7997
117499.8812
117499.9331
117499.9728
117499.9795
117499.9912
117499.97
117499.9747
117499.9554
117499.9678
117499.6078
117499.6416
117499.6541
117499.7306
117499.7956
117499.864
117499.9162
117499.9486
117499.9747
117499.9743
117499.9682
117499.9432
117499.9252
117499.9096
117499.8694
117499.7818
117499.7825
117499.795
117499.8395
117499.8804
117499.9209
117499.9603
117499.9789
117499.9935
117499.9706
117499.9434
117499.9022
117499.8427
117499.7996
117499.6586
117499.9102
117499.8844
117499.9202
117499.931
117499.945
117499.9587
117499.9749
117499.9746
117499.9682
117499.935
117499.8818
117499.8185
117499.7073
117499.6313
117499.5463
117500.0776
117499.975
117499.9915
117499.9576
117499.9602
117499.966
117499.9889
117499.9858
117499.9736
117499.9215
117499.8395
117499.7609
117499.6783
117499.6552
117499.6074
117500.0851
117500.0983
117500.1316
117500.0789
117500.0014
117499.9787
117499.9663
117499.9631
117499.9546
117499.8859
117499.7766
117499.7055
117499.657
117499.718
117499.6724
117499.9803
117499.9906
117499.9951
117499.9794
117499.9394
117499.9304
117499.9356
117499.9465
117499.9469
117499.8632
117499.7458
117499.7404
117499.7377
117499.7814
117499.7833
117499.9318
117499.9069
117499.9608
117500.0212
117499.9966
117499.8457
117499.7193
117499.6589
117499.7448
117499.6743
117499.5234
117499.5047
117499.5543
117499.7943
117499.8485
117499.9153
117499.8929
117499.9761
117499.996
117500.1526
117499.8958
117499.7567
117499.7979
117499.8069
117499.7538
117499.6488
117499.5159
117499.5388
117499.7537
117499.8318
117499.8771
117499.8814
117499.8769
117500.1329
117500.0296
117499.969
117499.9124
117499.8927
117499.8922
117499.851
117499.8057
117499.7178
117499.7311
117499.876
117499.9707
117499.7613
117499.7748
117499.8737
117499.9538
117500.013
117499.9712
117499.9724
117499.9498
117499.9599
117499.9371
117499.9399
117499.8877
117499.964
117500.0004
117500.1492
117499.5904
117499.7222
117499.7345
117499.8899
117499.9448
117500.0098
117500.0004
117500.0023
117500.0177
117500.0067
117500.0292
117499.9999
117500.1068
117500.0911
117500.2962
117499.4931
117499.5425
117499.662
117499.7888
117499.9195
117499.9619
117500.0002
117500.0139
117500.0392
117500.0345
117500.0632
117500.0413
117500.15
117500.0998
117500.3525
117499.3874
117499.5038
117499.6257
117499.7925
117499.8967
117499.961
117500.0065
117500.0284
117500.0566
117500.0512
117500.0825
117500.0555
117500.1541
117500.0853
117500.354
117499.322
117499.5338
117499.6477
117499.7923
117499.8729
117499.9401
117499.9893
117500.0131
117500.0413
117500.0352
117500.0601
117500.0293
117500.0999
117500.0229
117500.2619
117499.4124
117499.5897
117499.6823
117499.7942
117499.8676
117499.9315
117499.9792
117500.0047
117500.032
117500.0221
117500.0408
117499.9968
117500.0383
117499.9542
117500.0869
117499.4922
117499.6123
117499.6977
117499.7882
117499.8511
117499.9076
117499.9524
117499.9763
117499.9994
117499.9879
117499.9933
117499.9498
117499.96
117499.8888
117499.95
117499.5748
117499.6291
117499.6979
117499.7664
117499.8211
117499.8749
117499.9242
117499.9502
117499.973
117499.9554
117499.9428
117499.8849
117499.8512
117499.7807
117499.7961
117499.6164
117499.6032
117499.6713
117499.7248
117499.7851
117499.8404
117499.889
117499.9141
117499.9287
117499.9002
117499.8556
117499.7667
117499.683
117499.5902
117499.6656
117499.6078
117499.5034
117499.5575
117499.6175
117499.6871
117499.7605
117499.834
117499.8784
117499.8975
117499.8607
117499.7842
117499.6734
117499.566
117499.5596
117499.5804
117499.5611
117499.495
117499.4652
117499.525
117499.6062
117499.7057
117499.7815
117499.8486
117499.8592
117499.8075
117499.7014
117499.5902
117499.5229
117499.5888
117499.5913
117499.5523
117499.5177
117499.4597
117499.4878
117499.485
117499.5618
117499.6585
117499.785
117499.8358
117499.8081
117499.7061
117499.655
117499.6345
117499.6984
117499.7586
117500.1382
117500.171
117500.2304
117500.3804
117500.4352
117500.5883
117500.3281
117500.1787
117500.0756
117499.9933
117499.8883
117499.8774
117499.9642
117499.9859
117500.0421
117500.1842
117500.2272
117500.3182
117500.5038
117500.7666
117500.6891
117500.5055
117500.2799
117500.1543
117500.0803
117500.0601
117500.0082
117500.1347
117500.159
117500.1086
117500.2139
117500.3191
117500.3909
117500.5833
117500.831
117500.7098
117500.5205
117500.3136
117500.209
117500.1554
117500.1523
117500.2045
117500.2957
117500.4547
117500.2134
117500.2065
117500.3378
117500.4712
117500.6129
117500.7239
117500.6236
117500.4601
117500.3049
117500.2295
117500.1858
117500.1966
117500.2581
117500.3456
117500.5082
117500.2126
117500.1728
117500.3545
117500.4165
117500.5218
117500.5822
117500.4888
117500.3898
117500.2853
117500.2378
117500.2019
117500.2216
117500.2807
117500.3613
117500.4916
117500.249
117500.1055
117500.256
117500.3279
117500.3798
117500.4053
117500.3574
117500.3093
117500.2471
117500.2162
117500.1909
117500.2121
117500.2469
117500.3223
117500.397
117500.2858
117499.9924
117500.0821
117500.1718
117500.2303
117500.2632
117500.2559
117500.2462
117500.212
117500.2018
117500.1823
117500.1959
117500.2095
117500.2589
117500.292
117500.214
117499.8188
117499.9344
117500.0357
117500.096
117500.146
117500.1671
117500.1772
117500.1668
117500.166
117500.1492
117500.1559
117500.1428
117500.17
117500.136
117500.1266
117499.665
117499.828
117499.9196
117499.9985
117500.0567
117500.0926
117500.1215
117500.128
117500.1383
117500.125
117500.1305
117500.1026
117500.1167
117500.0357
117500.0532
117499.5846
117499.7319
117499.8301
117499.9114
117499.9744
117500.0228
117500.0615
117500.0796
117500.096
117500.086
117500.0928
117500.0595
117500.0748
117499.9973
117500.0541
117499.5364
117499.6339
117499.7265
117499.8076
117499.8804
117499.9419
117499.9958
117500.0287
117500.0575
117500.0563
117500.0635
117500.0386
117500.0433
117499.9749
117500.0132
117499.4477
117499.5145
117499.6109
117499.6931
117499.7846
117499.8634
117499.9319
117499.9758
117500.0073
117500.0061
117500.0036
117499.9574
117499.9277
117499.8949
117499.9358
117499.2651
117499.2876
117499.3734
117499.4878
117499.6214
117499.7385
117499.8381
117499.9094
117499.9558
117499.967
117499.9537
117499.9151
117499.8514
117499.876
117499.852
117499.2221
117499.2159
117499.2464
117499.3304
117499.4822
117499.6397
117499.7647
117499.8681
117499.9158
117499.9184
117499.8925
117499.7895
117499.7654
117499.8046
117499.8524
117499.2377
117499.2448
117499.2251
117499.2773
117499.3728
117499.5035
117499.6191
117499.7727
117499.857
117499.8815
117499.8669
117499.8488
117499.8444
117499.8852
117499.9452
117500.1497
117500.1882
117500.2341
117500.3097
117500.501
117500.5296
117500.5689
117500.3247
117500.2879
117500.1666
117500.1152
117500.0013
117500.0184
117499.973
117500.0273
117500.204
117500.2684
117500.3065
117500.4281
117500.6014
117500.8863
117500.6047
117500.4743
117500.3616
117500.2452
117500.2207
117500.1422
117500.2203
117500.1028
117500.0875
117500.2299
117500.3659
117500.4303
117500.5072
117500.7873
117500.8565
117500.7085
117500.5441
117500.4198
117500.3195
117500.2936
117500.28
117500.4424
117500.2946
117500.1698
117500.232
117500.4212
117500.5267
117500.6321
117500.7862
117500.8348
117500.6894
117500.535
117500.4152
117500.3329
117500.3082
117500.3266
117500.4724
117500.3517
117500.1487
117500.2502
117500.43
117500.5961
117500.6242
117500.7476
117500.7115
117500.6196
117500.4891
117500.3938
117500.3318
117500.3134
117500.3471
117500.4412
117500.3495
117500.1446
117500.2448
117500.3778
117500.5188
117500.5695
117500.603
117500.5764
117500.5113
117500.4105
117500.3455
117500.2997
117500.2867
117500.3146
117500.3587
117500.2939
117500.1146
117500.1611
117500.2733
117500.3887
117500.412
117500.4526
117500.4414
117500.3964
117500.3462
117500.3048
117500.272
117500.2651
117500.2684
117500.2743
117500.2199
117500.0144
117499.9689
117500.0933
117500.2067
117500.2592
117500.3093
117500.3083
117500.3086
117500.2813
117500.2606
117500.2363
117500.2301
117500.217
117500.169
117500.1379
117499.8738
117499.8885
117499.9949
117500.0944
117500.1413
117500.1984
117500.2223
117500.2403
117500.2361
117500.2356
117500.2227
117500.2176
117500.2127
117500.1633
117500.1321
117499.8841
117499.8425
117499.9195
117500.0042
117500.0582
117500.119
117500.1507
117500.1838
117500.1936
117500.2052
117500.1994
117500.2063
117500.2019
117500.1741
117500.1422
117500.0218
117499.8056
117499.8512
117499.9335
117499.9823
117500.0435
117500.0857
117500.1317
117500.1563
117500.1836
117500.1935
117500.217
117500.2252
117500.2119
117500.1907
117500.1186
117499.7201
117499.7734
117499.8545
117499.9034
117499.9733
117500.0277
117500.0859
117500.1212
117500.1596
117500.1787
117500.215
117500.2307
117500.2435
117500.2169
117500.161
117499.5729
117499.6283
117499.7343
117499.795
117499.8836
117499.9511
117500.0287
117500.0813
117500.1377
117500.1672
117500.2245
117500.2437
117500.2491
117500.2089
117500.2383
117499.4963
117499.5485
117499.6103
117499.6656
117499.7861
117499.8953
117499.9926
117500.0538
117500.1121
117500.1353
117500.185
117500.1894
117500.2195
117500.1762
117500.209
117499.4958
117499.5288
117499.5458
117499.572
117499.6608
117499.7615
117499.8728
117499.9733
117500.0549
117500.1042
117500.1967
117500.2089
117500.1826
117500.1766
117500.2259
117500.0392
117500.0802
117500.0823
117500.152
117500.2686
117500.2706
117500.3741
117500.1446
117500.2257
117500.1546
117500.0861
117499.9284
117499.8541
117500.0149
117499.9741
117500.0978
117500.1631
117500.1741
117500.2356
117500.3647
117500.3916
117500.4954
117500.2087
117500.2957
117500.2054
117500.1336
117500.0032
117499.933
117500.0132
117499.9949
117500.07
117500.2163
117500.2894
117500.3215
117500.4168
117500.5712
117500.5324
117500.3587
117500.3836
117500.2946
117500.1887
117500.1227
117500.109
117500.0871
117499.9727
117500.0389
117500.2361
117500.3674
117500.4249
117500.5
117500.6039
117500.5848
117500.4556
117500.4099
117500.3239
117500.2127
117500.1948
117500.1592
117500.0789
117499.9771
117500.0287
117500.177
117500.4041
117500.4675
117500.5358
117500.619
117500.5722
117500.4725
117500.4123
117500.3283
117500.2367
117500.229
117500.1895
117500.0691
117499.9146
117499.9764
117500.1318
117500.3473
117500.4537
117500.5309
117500.541
117500.5125
117500.4443
117500.3714
117500.3079
117500.2333
117500.2225
117500.1618
117500.0071
117499.7969
117499.9642
117500.0977
117500.2919
117500.3669
117500.4118
117500.4404
117500.451
117500.3899
117500.3458
117500.295
117500.2408
117500.1983
117500.1324
117499.935
117499.62
117499.9038
117500.0167
117500.1578
117500.2419
117500.3271
117500.3789
117500.375
117500.3467
117500.3171
117500.2811
117500.2423
117500.2007
117500.114
117499.8999
117499.5865
117499.9661
117500.0603
117500.18
117500.2427
117500.2966
117500.315
117500.3289
117500.3168
117500.304
117500.2853
117500.2644
117500.2536
117500.1851
117500.0768
117499.8535
117500.0424
117500.0766
117500.1509
117500.1882
117500.2295
117500.2576
117500.2804
117500.2841
117500.2929
117500.3009
117500.3104
117500.3247
117500.2981
117500.2647
117500.1206
117500.1035
117500.1042
117500.1477
117500.1681
117500.2036
117500.2242
117500.2556
117500.2715
117500.3012
117500.3278
117500.3677
117500.4122
117500.4059
117500.4023
117500.297
117500.0945
117500.1103
117500.1389
117500.158
117500.1878
117500.2101
117500.2495
117500.2678
117500.3076
117500.3473
117500.4244
117500.5057
117500.5181
117500.5061
117500.4697
117500.0744
117500.1347
117500.1689
117500.1825
117500.2033
117500.2127
117500.2501
117500.2665
117500.3083
117500.3628
117500.4776
117500.5664
117500.5885
117500.5299
117500.5364
117500.0029
117500.0923
117500.1251
117500.1472
117500.1774
117500.1955
117500.2501
117500.2586
117500.3002
117500.3422
117500.4842
117500.6055
117500.575
117500.5307
117500.4983
117500.0878
117500.0828
117500.1334
117500.1278
117500.1591
117500.1717
117500.2215
117500.197
117500.2725
117500.2839
117500.4079
117500.464
117500.4803
117500.4383
117500.4549
117499.9195
117499.9797
117499.9724
117500.0029
117500.061
117500.0618
117499.9472
117499.9882
117499.9642
117500.0556
117500.0543
117499.9504
117499.9915
117500.1085
117500.0179
117499.9473
117500.0506
117500.0339
117500.0931
117500.1408
117500.1352
117500.0929
117499.954
117500.0488
117500.0659
117500.0301
117499.8854
117499.8851
117499.983
117499.9601
117499.8649
117500.0305
117500.1495
117500.1803
117500.2156
117500.2251
117500.234
117500.0836
117500.1444
117500.1435
117500.0477
117499.9331
117499.9463
117499.9426
117499.8827
117499.76
117499.9456
117500.1275
117500.2363
117500.294
117500.3096
117500.3234
117500.2253
117500.2211
117500.1913
117500.0737
117499.9914
117500.0208
117499.9795
117499.9433
117499.68
117499.8307
117500.0897
117500.2367
117500.3232
117500.3563
117500.4313
117500.3304
117500.2892
117500.2347
117500.1166
117500.0594
117500.0579
117499.9144
117499.8107
117499.5785
117499.7451
117500.0023
117500.195
117500.3214
117500.4252
117500.4065
117500.3426
117500.3098
117500.2389
117500.1319
117500.0787
117499.9831
117499.7932
117499.5981
117499.5625
117499.733
117500.0008
117500.1938
117500.3191
117500.3361
117500.3682
117500.364
117500.3169
117500.2628
117500.1799
117500.0882
117499.9194
117499.7017
117499.4651
117499.6567
117499.8034
117499.9789
117500.1266
117500.2508
117500.3293
117500.3787
117500.3564
117500.3327
117500.2937
117500.2447
117500.1726
117500.0181
117499.7969
117499.6513
117499.9254
117499.9952
117500.1251
117500.2256
117500.3168
117500.3551
117500.3766
117500.3684
117500.3624
117500.3527
117500.3365
117500.3267
117500.2562
117500.15
117499.9835
117500.2064
117500.2027
117500.2467
117500.2794
117500.3277
117500.3439
117500.3676
117500.3688
117500.3826
117500.3951
117500.4168
117500.4586
117500.4246
117500.3674
117500.228
117500.3908
117500.3669
117500.379
117500.3729
117500.3878
117500.3828
117500.4018
117500.3979
117500.4243
117500.4531
117500.5237
117500.6085
117500.5936
117500.5506
117500.4408
117500.4763
117500.456
117500.4458
117500.4259
117500.4245
117500.4063
117500.4203
117500.4123
117500.4469
117500.4885
117500.6048
117500.7387
117500.7052
117500.6339
117500.5321
117500.5573
117500.5504
117500.55
117500.5223
117500.5124
117500.475
117500.4817
117500.4446
117500.4903
117500.4941
117500.6452
117500.7832
117500.7517
117500.671
117500.5911
117500.6165
117500.5867
117500.593
117500.5614
117500.5452
117500.5007
117500.5013
117500.4492
117500.4771
117500.4435
117500.5485
117500.711
117500.6774
117500.5805
117500.5178
117500.6419
117500.5883
117500.618
117500.5799
117500.5845
117500.5516
117500.5807
117500.4708
117500.4295
117500.2867
117500.3992
117500.4734
117500.5362
117500.4569
117500.4696
117499.8499
117499.9135
117499.9042
117499.9106
117499.8717
117499.7894
117499.6286
117499.6486
117499.7432
117499.9332
117500.055
117500.0934
117500.1291
117500.0996
117500.021
117499.834
117499.952
117499.9385
117499.9895
117499.9557
117499.8816
117499.7418
117499.6775
117499.7998
117499.9285
117499.9816
117499.9021
117499.9043
117499.9028
117499.8957
117499.7121
117499.8689
117499.9624
117500.0366
117500.0356
117499.9795
117499.9214
117499.8419
117499.9472
117499.9838
117499.9653
117499.8771
117499.8902
117499.9286
117499.891
117499.537
117499.6882
117499.8845
117500.032
117500.0988
117500.0853
117500.0546
117500.0137
117500.047
117500.0376
117500.0088
117499.8785
117499.9968
117499.9655
117499.9426
117499.369
117499.509
117499.7562
117499.9692
117500.0976
117500.1555
117500.1731
117500.1864
117500.1355
117500.1169
117500.0389
117499.9193
117499.9924
117499.8319
117499.8121
117499.2595
117499.4204
117499.6662
117499.8999
117500.0702
117500.1902
117500.2615
117500.191
117500.1768
117500.1315
117500.0562
117499.9308
117499.8955
117499.6739
117499.6616
117499.2976
117499.4414
117499.6856
117499.8945
117500.0874
117500.1649
117500.2096
117500.2341
117500.2251
117500.1857
117500.1207
117499.9937
117499.8657
117499.7022
117499.6973
117499.5474
117499.5888
117499.7485
117499.9119
117500.0464
117500.1738
117500.2667
117500.2803
117500.2807
117500.2623
117500.2383
117500.1946
117500.0988
117499.9646
117499.8722
117499.9978
117499.9899
117500.063
117500.1467
117500.2424
117500.2978
117500.333
117500.3357
117500.3435
117500.3485
117500.365
117500.3851
117500.3236
117500.1887
117500.15
117500.3683
117500.304
117500.3148
117500.3193
117500.3451
117500.3527
117500.3734
117500.3723
117500.3884
117500.4116
117500.454
117500.5163
117500.4981
117500.4198
117500.3172
117500.6455
117500.5557
117500.5157
117500.4696
117500.4565
117500.4329
117500.4426
117500.4342
117500.4522
117500.4769
117500.5486
117500.6838
117500.65
117500.5519
117500.4142
117500.8447
117500.7321
117500.6713
117500.5961
117500.5555
117500.509
117500.5064
117500.4824
117500.4944
117500.459
117500.5879
117500.7216
117500.6914
117500.5795
117500.4641
117500.9524
117500.85
117500.7994
117500.7117
117500.6612
117500.6045
117500.6052
117500.5542
117500.5214
117500.4091
117500.5323
117500.688
117500.6822
117500.5487
117500.4809
117500.9882
117500.8765
117500.8396
117500.7602
117500.7074
117500.6613
117500.6521
117500.5697
117500.4972
117500.2716
117500.324
117500.4278
117500.5096
117500.4189
117500.3853
117500.8274
117500.7623
117500.7505
117500.7007
117500.6859
117500.6463
117500.6834
117500.5864
117500.48
117500.1886
117500.1384
117500.2771
117500.3829
117500.3427
117500.3626
117499.7861
117499.883
117499.9298
117499.8864
117499.7688
117499.6475
117499.4303
117499.4605
117499.6384
117499.9221
117500.1331
117500.3202
117500.1677
117500.1471
117500.0867
117499.7845
117499.8944
117499.9386
117499.9457
117499.823
117499.7069
117499.5179
117499.5244
117499.676
117499.8956
117500.045
117500.1157
117499.9418
117499.9716
117499.9929
117499.6859
117499.8033
117499.9066
117499.9762
117499.891
117499.7711
117499.6716
117499.6467
117499.8277
117499.9591
117500.0271
117500.0529
117499.9946
117500.0762
117500.0228
117499.5702
117499.6055
117499.8015
117499.9193
117499.9266
117499.8451
117499.803
117499.8207
117499.9359
117500.0021
117500.0273
117500.0104
117500.0655
117500.0917
117500.0431
117499.4155
117499.4244
117499.616
117499.7951
117499.9143
117499.9412
117499.9388
117500.0168
117500.0486
117500.0816
117500.0663
117500.0328
117500.0318
117499.9582
117499.9664
117499.3705
117499.3822
117499.5217
117499.7244
117499.8777
117499.9536
117500.0781
117500.0575
117500.1036
117500.1103
117500.0942
117500.0485
117499.9967
117499.9089
117499.9129
117499.4851
117499.4815
117499.5952
117499.764
117499.9369
117500.0235
117500.0594
117500.1455
117500.1878
117500.1892
117500.172
117500.1292
117500.0755
117499.9952
117499.9897
117499.745
117499.6818
117499.7222
117499.834
117499.9609
117500.0664
117500.1896
117500.2255
117500.2521
117500.2583
117500.2655
117500.2683
117500.19
117500.119
117500.1145
117500.12
117500.0781
117500.103
117500.1448
117500.2118
117500.2562
117500.2857
117500.2946
117500.3064
117500.317
117500.3369
117500.338
117500.3169
117500.2955
117500.2412
117500.3667
117500.3363
117500.3145
117500.315
117500.3255
117500.3232
117500.3375
117500.3304
117500.3322
117500.3301
117500.3449
117500.4127
117500.4171
117500.3378
117500.2393
117500.6366
117500.533
117500.5153
117500.4731
117500.455
117500.4247
117500.4149
117500.3895
117500.3692
117500.3124
117500.3721
117500.4731
117500.4301
117500.3415
117500.2426
117500.8168
117500.6482
117500.5954
117500.5417
117500.5049
117500.4654
117500.4667
117500.4377
117500.3704
117500.2287
117500.2914
117500.391
117500.3766
117500.2708
117500.1947
117500.8986
117500.7517
117500.6815
117500.613
117500.5579
117500.5114
117500.4856
117500.4702
117500.384
117500.1189
117500.0875
117500.2372
117500.2855
117500.1995
117500.1582
117500.7933
117500.7327
117500.68
117500.6298
117500.5795
117500.5499
117500.553
117500.4534
117500.3501
117500.0686
117499.8705
117500.0716
117500.1546
117500.134
117500.1073
117500.6662
117500.5949
117500.5691
117500.5251
117500.5046
117500.4799
117500.4587
117500.4454
117500.2655
117500.1003
117499.8977
117500.0709
117500.1325
117500.1244
117500.1143
117499.8479
117500.0013
117500.0322
117499.9335
117499.7422
117499.6582
117499.5056
117499.5255
117499.7099
117499.9894
117500.1175
117500.1885
117500.0077
117500.0342
117500.0407
117499.8669
117499.9778
117500.0567
117499.935
117499.7522
117499.6628
117499.4855
117499.5291
117499.7069
117499.9165
117500.0858
117500.097
117499.8882
117500.0117
117500.0335
117499.8161
117499.9331
117500.0481
117499.9583
117499.8025
117499.6597
117499.5846
117499.5903
117499.7633
117499.9281
117500.0148
117500.0694
117499.9684
117500.0538
117500.0749
117499.8071
117499.8213
117499.9682
117499.9768
117499.8353
117499.7138
117499.6405
117499.6941
117499.8272
117499.9274
117499.9996
117500.0382
117500.0111
117500.0843
117500.0497
117499.6996
117499.6619
117499.7755
117499.8569
117499.8803
117499.8246
117499.811
117499.8309
117499.9186
117499.9817
117500.0173
117500.0271
117500.0138
117499.9822
117500.021
117499.7042
117499.6404
117499.6983
117499.7939
117499.8745
117499.9028
117499.9485
117499.9414
117499.9708
117500.0153
117500.0285
117500.0127
117500.009
117499.9888
117499.9942
117499.7903
117499.7435
117499.7835
117499.8494
117499.9807
117500.0007
117499.9517
117499.9977
117500.0471
117500.0754
117500.1009
117500.1084
117500.1161
117500.0558
117499.9923
117500.0097
117499.9265
117499.921
117499.9132
117499.9381
117499.9612
117500.0474
117500.0673
117500.0934
117500.1061
117500.1305
117500.1354
117500.1291
117500.0862
117500.0692
117500.1799
117500.1244
117500.1279
117500.1057
117500.1276
117500.1257
117500.1226
117500.1208
117500.1237
117500.122
117500.1231
117500.1568
117500.2078
117500.1612
117500.0786
117500.2704
117500.1821
117500.1973
117500.1523
117500.1475
117500.1286
117500.1398
117500.1319
117500.1249
117500.0765
117500.0675
117500.1589
117500.1692
117500.1499
117500.1065
117500.3408
117500.2432
117500.2354
117500.2082
117500.2056
117500.1897
117500.1858
117500.1687
117500.1319
117500.0039
117499.9963
117500.0949
117500.1574
117500.1437
117500.1214
117500.3426
117500.3132
117500.2576
117500.2262
117500.2014
117500.1902
117500.1809
117500.174
117500.1064
117499.8726
117499.8252
117499.9819
117500.0956
117500.1057
117500.1134
117500.373
117500.3122
117500.2557
117500.2522
117500.235
117500.2418
117500.2128
117500.177
117500.0945
117499.8381
117499.6375
117499.8794
117500.0306
117500.0975
117500.1373
117500.3361
117500.2747
117500.2407
117500.2394
117500.2218
117500.2235
117500.1765
117500.1844
117500.0057
117499.8734
117499.6017
117499.8079
117499.9627
117500.0534
117500.0974
117500.2954
117500.2773
117500.2673
117500.2626
117500.2383
117500.2092
117500.1343
117500.143
117499.9842
117499.9698
117499.7485
117499.8778
117500.0097
117500.0773
117500.1031
117500.0667
117500.1316
117500.0912
117499.9069
117499.6939
117499.6364
117499.6027
117499.6881
117499.8228
117499.9758
117500.0998
117500.0666
117500.0575
117500.1287
117500.1848
117500.1252
117500.1241
117500.0664
117499.8526
117499.6454
117499.5658
117499.5272
117499.6234
117499.7891
117499.9717
117500.1536
117500.1238
117500.133
117500.1854
117500.2093
117500.065
117500.039
117500.0219
117499.8584
117499.6636
117499.5317
117499.5118
117499.5777
117499.769
117499.9834
117500.1169
117500.1813
117500.1754
117500.2002
117500.2725
117500.0385
117500.0182
117500.0719
117499.9073
117499.7007
117499.5662
117499.4949
117499.6204
117499.7738
117499.9691
117500.0987
117500.1685
117500.156
117500.1927
117500.2415
117499.9116
117499.8475
117500.0055
117499.9306
117499.8159
117499.6884
117499.6207
117499.6516
117499.8249
117499.994
117500.0851
117500.1267
117500.1144
117500.1179
117500.177
117499.8916
117499.8345
117499.9911
117499.9886
117499.9281
117499.7874
117499.7439
117499.8327
117499.9352
117500.0372
117500.0848
117500.1154
117500.1202
117500.1294
117500.0985
117499.9017
117499.9243
117500.02
117500.048
117500.0611
117500.0078
117499.9519
117499.9657
117500.0311
117500.0588
117500.085
117500.0913
117500.0786
117500.0014
117499.9511
117500.0483
117500.0733
117500.1631
117500.1282
117500.0646
117500.0125
117500.0336
117500.0408
117500.0495
117500.0558
117500.0403
117499.9879
117499.9291
117499.8391
117499.7933
117500.0029
117500.0063
117500.0656
117500.0611
117500.0971
117500.0825
117500.0726
117500.057
117500.06
117500.0301
117499.9338
117499.8449
117499.827
117499.7876
117499.7671
117499.925
117499.9403
117500.0334
117500.0516
117500.0751
117500.066
117500.0642
117500.0493
117500.0297
117499.927
117499.7546
117499.6993
117499.7553
117499.7829
117499.8084
117499.736
117499.8222
117499.9278
117499.9923
117500.0636
117500.0748
117500.0746
117500.0564
117499.991
117499.8132
117499.5794
117499.5924
117499.7184
117499.7803
117499.8474
117499.6525
117499.7567
117499.8477
117499.9259
117499.9871
117500.0125
117500.0154
117499.997
117499.8984
117499.6969
117499.4397
117499.5148
117499.6713
117499.7765
117499.8682
117499.7424
117499.7755
117499.8452
117499.9285
117499.9989
117500.0296
117500.0026
117499.9987
117499.8534
117499.667
117499.419
117499.4736
117499.6562
117499.7741
117499.8696
117499.889
117499.8752
117499.901
117499.9383
117499.9583
117499.9616
117499.9155
117499.9205
117499.8497
117499.7408
117499.4772
117499.4649
117499.6478
117499.7802
117499.8801
117499.9655
117499.9758
117499.9778
117500.0024
117500.0094
117500.007
117499.9581
117499.9056
117499.9163
117499.86
117499.6409
117499.5898
117499.729
117499.8368
117499.8987
117499.9134
117499.9858
117499.988
117499.9507
117499.9084
117499.921
117499.9246
117499.8882
117499.869
117499.8358
117499.8438
117499.8691
117499.9273
117499.9505
117499.9748
117499.9177
117499.9453
117499.9449
117499.8318
117499.7916
117499.8473
117499.8822
117499.869
117499.8765
117499.8711
117499.9042
117499.9079
117499.9849
117499.9953
117500.0243
117499.9975
117499.9721
117499.9236
117499.7796
117499.7641
117499.7923
117499.8456
117499.8308
117499.8432
117499.8618
117499.9075
117499.9364
117499.9629
117499.9755
117500.0582
117500.1538
117500.0407
117499.9678
117499.7823
117499.735
117499.7625
117499.8017
117499.8348
117499.8348
117499.8655
117499.9189
117499.9415
117499.9586
117499.9614
117500.0301
117500.1592
117500.0396
117499.9702
117499.8073
117499.7513
117499.7612
117499.7874
117499.7593
117499.7997
117499.8524
117499.9102
117499.9707
117499.979
117499.9745
117499.9814
117500.0826
117499.997
117500.0047
117499.8702
117499.8349
117499.7802
117499.7267
117499.7672
117499.8113
117499.8518
117499.8919
117499.9575
117499.9679
117499.9472
117499.9661
117499.995
117499.9824
117499.993
117499.9027
117499.8603
117499.8139
117499.8094
117499.802
117499.8248
117499.8433
117499.8537
117499.8694
117499.8784
117499.8722
117499.9056
117500.0273
117499.9981
117500.0271
117499.9681
117499.912
117499.8495
117499.8375
117499.8342
117499.8433
117499.827
117499.8117
117499.7923
117499.788
117499.764
117499.8073
117499.993
117499.9448
117499.9636
117499.9196
117499.9132
117499.8873
117499.8857
117499.8737
117499.8498
117499.797
117499.7633
117499.7228
117499.734
117499.7349
117499.7825
117499.916
117499.8938
117499.9168
117499.8845
117499.8937
117499.8768
117499.8881
117499.8736
117499.8352
117499.7783
117499.7221
117499.6958
117499.7539
117499.7672
117499.811
117499.7924
117499.8065
117499.8302
117499.8195
117499.8413
117499.8422
117499.8621
117499.862
117499.833
117499.7666
117499.6889
117499.6939
117499.7623
117499.7894
117499.8374
117499.7921
117499.8216
117499.8295
117499.8331
117499.8438
117499.8349
117499.8267
117499.8338
117499.8346
117499.7712
117499.6892
117499.7016
117499.7715
117499.8137
117499.8776
117499.8519
117499.843
117499.8418
117499.8476
117499.8551
117499.8522
117499.8399
117499.8164
117499.8328
117499.8097
117499.7047
117499.7046
117499.774
117499.843
117499.9099
117499.9195
117499.904
117499.9149
117499.931
117499.9411
117499.916
117499.8702
117499.8383
117499.844
117499.8516
117499.7632
117499.7397
117499.7997
117499.8806
117499.9516
117499.9713
117499.9724
117499.9668
117499.9617
117499.949
117499.9193
117499.897
117499.8369
117499.8748
117499.8902
117499.8321
117499.7754
117499.8076
117499.8854
117499.9249
)
;

boundaryField
{
    wall
    {
        type            zeroGradient;
    }
    inlet
    {
        type            zeroGradient;
    }
    outlet
    {
        type            fixedValue;
        value           uniform 117500;
    }
}


// ************************************************************************* //
