/*--------------------------------*- C++ -*----------------------------------*\
| =========                 |                                                 |
| \\      /  F ield         | OpenFOAM: The Open Source CFD Toolbox           |
|  \\    /   O peration     | Version:  2406                                  |
|   \\  /    A nd           | Website:  www.openfoam.com                      |
|    \\/     M anipulation  |                                                 |
\*---------------------------------------------------------------------------*/
FoamFile
{
    version     2.0;
    format      ascii;
    arch        "LSB;label=32;scalar=64";
    class       volScalarField;
    location    "0.9";
    object      Ychar0;
}
// * * * * * * * * * * * * * * * * * * * * * * * * * * * * * * * * * * * * * //

dimensions      [0 3 0 0 0 0 0];

internalField   nonuniform List<scalar> 
27660
(
1.021540677e-05
9.3141824e-06
8.412957985e-06
7.51173359e-06
6.610509186e-06
5.709284791e-06
4.808060386e-06
1.097598245e-05
1.010438495e-05
9.23278745e-06
8.361189943e-06
7.489592431e-06
6.617994914e-06
5.746397424e-06
1.155205172e-05
1.06947032e-05
9.83735466e-06
8.980006124e-06
8.122657601e-06
7.265309071e-06
6.407960521e-06
1.197095434e-05
1.111847884e-05
1.02660033e-05
9.413527835e-06
8.561052329e-06
7.708576825e-06
6.856101306e-06
1.22604046e-05
1.140780792e-05
1.05552112e-05
9.702614506e-06
8.850017817e-06
7.99742113e-06
7.144824452e-06
1.244580258e-05
1.159118303e-05
1.073656347e-05
9.881943913e-06
9.027324364e-06
8.172704812e-06
7.318085285e-06
1.254794525e-05
1.169142402e-05
1.083490272e-05
9.978381463e-06
9.121860203e-06
8.265338943e-06
7.408817685e-06
1.258059241e-05
1.172332912e-05
1.086606575e-05
1.000880245e-05
9.151539102e-06
8.294275784e-06
7.437012444e-06
1.254796122e-05
1.169143745e-05
1.083491362e-05
9.978389828e-06
9.121866039e-06
8.265342211e-06
7.408818428e-06
1.244580061e-05
1.159118122e-05
1.073656179e-05
9.881942345e-06
9.02732296e-06
8.17270351e-06
7.318084126e-06
1.226039033e-05
1.140779558e-05
1.055520079e-05
9.70260601e-06
8.850011266e-06
7.997416468e-06
7.1448217e-06
1.197093042e-05
1.111845821e-05
1.026598602e-05
9.413513834e-06
8.561041618e-06
7.708569404e-06
6.856097206e-06
1.155202285e-05
1.06946783e-05
9.837333802e-06
8.979989299e-06
8.122644754e-06
7.265300232e-06
6.407955709e-06
1.097595059e-05
1.010435763e-05
9.232764607e-06
8.36117163e-06
7.489578626e-06
6.617985622e-06
5.74639265e-06
1.021537486e-05
9.314155248e-06
8.412935541e-06
7.511715882e-06
6.610496208e-06
5.709276541e-06
4.808056884e-06
1.021643589e-05
9.313897315e-06
8.411358675e-06
7.508820062e-06
6.60628142e-06
5.703742823e-06
4.801204209e-06
1.098247034e-05
1.010766791e-05
9.232865444e-06
8.358062985e-06
7.483260534e-06
6.608458092e-06
5.733655633e-06
1.156892838e-05
1.070714827e-05
9.845368121e-06
8.983587996e-06
8.121807864e-06
7.260027745e-06
6.398247604e-06
1.200017736e-05
1.114254202e-05
1.028490662e-05
9.427271292e-06
8.569635916e-06
7.71200057e-06
6.85436517e-06
1.230118502e-05
1.144308833e-05
1.058499159e-05
9.726894867e-06
8.868798149e-06
8.010701444e-06
7.152604724e-06
1.249504769e-05
1.163489626e-05
1.077474479e-05
9.914593322e-06
9.054441866e-06
8.194290412e-06
7.334138968e-06
1.260079207e-05
1.173896577e-05
1.087713941e-05
1.001531309e-05
9.153486744e-06
8.29166042e-06
7.429834074e-06
1.263368312e-05
1.177131232e-05
1.09089415e-05
1.004657068e-05
9.184199857e-06
8.321829031e-06
7.459458194e-06
1.260080858e-05
1.173897969e-05
1.087715073e-05
1.001532179e-05
9.153492862e-06
8.291663906e-06
7.429834971e-06
1.24950462e-05
1.163489486e-05
1.077474346e-05
9.914592061e-06
9.054440672e-06
8.194289299e-06
7.334137924e-06
1.230117113e-05
1.14430763e-05
1.058498144e-05
9.72688658e-06
8.868791748e-06
8.010696884e-06
7.152602035e-06
1.200015369e-05
1.114252158e-05
1.028488949e-05
9.427257404e-06
8.569625306e-06
7.711993182e-06
6.854361097e-06
1.156889958e-05
1.070712345e-05
9.845347312e-06
8.983571173e-06
8.121795027e-06
7.260018888e-06
6.398242752e-06
1.098243842e-05
1.010764051e-05
9.232842544e-06
8.358044594e-06
7.483246672e-06
6.608448735e-06
5.733650801e-06
1.021640393e-05
9.313870108e-06
8.411336176e-06
7.50880231e-06
6.606268433e-06
5.703734544e-06
4.801200682e-06
1.021769864e-05
9.313822353e-06
8.409946041e-06
7.506069786e-06
6.602193479e-06
5.698317181e-06
4.79444092e-06
1.09897836e-05
1.01116959e-05
9.233608178e-06
8.355520455e-06
7.477432769e-06
6.599345058e-06
5.721257348e-06
1.158755597e-05
1.072117684e-05
9.854797639e-06
8.988418474e-06
8.122039291e-06
7.255660118e-06
6.389280952e-06
1.203263013e-05
1.116952602e-05
1.030642183e-05
9.443317703e-06
8.580213529e-06
7.717109395e-06
6.854005233e-06
1.234740906e-05
1.148328791e-05
1.061916674e-05
9.755045553e-06
8.890924385e-06
8.026803231e-06
7.162682053e-06
1.255279828e-05
1.16862894e-05
1.081978052e-05
9.953271645e-06
9.086762752e-06
8.220253878e-06
7.353745012e-06
1.266616313e-05
1.179780545e-05
1.092944776e-05
1.006109009e-05
9.19273241e-06
8.324374715e-06
7.456017052e-06
1.270171791e-05
1.183276179e-05
1.096380564e-05
1.009484949e-05
9.225893358e-06
8.3569372e-06
7.487981063e-06
1.266617971e-05
1.179781944e-05
1.092945912e-05
1.006109881e-05
9.192738494e-06
8.324378195e-06
7.456017883e-06
1.255279674e-05
1.168628797e-05
1.081977914e-05
9.953270318e-06
9.086761471e-06
8.220252682e-06
7.35374386e-06
1.23473951e-05
1.14832758e-05
1.061915649e-05
9.755037171e-06
8.890917853e-06
8.026798543e-06
7.162679246e-06
1.203260638e-05
1.116950549e-05
1.030640459e-05
9.443303702e-06
8.58020282e-06
7.717101908e-06
6.854001022e-06
1.158752717e-05
1.072115198e-05
9.854776799e-06
8.98840157e-06
8.122026388e-06
7.255651178e-06
6.389275986e-06
1.098975166e-05
1.011166846e-05
9.233585264e-06
8.355502059e-06
7.477418869e-06
6.599335669e-06
5.721252484e-06
1.021766667e-05
9.313795134e-06
8.409923553e-06
7.506052028e-06
6.602180468e-06
5.698308925e-06
4.794437369e-06
1.021896135e-05
9.313747429e-06
8.408533421e-06
7.50331948e-06
6.598105536e-06
5.692891551e-06
4.787677602e-06
1.099709671e-05
1.011572347e-05
9.234350247e-06
8.352977002e-06
7.471603797e-06
6.590230561e-06
5.708857327e-06
1.160618271e-05
1.073520272e-05
9.864222718e-06
8.993242689e-06
8.122262689e-06
7.251282661e-06
6.380302678e-06
1.206508036e-05
1.119650228e-05
1.032792418e-05
9.459346078e-06
8.590768007e-06
7.722189906e-06
6.853611839e-06
1.239362812e-05
1.152347251e-05
1.065331694e-05
9.783161333e-06
8.913005746e-06
8.042850164e-06
7.172694579e-06
1.261054131e-05
1.173765994e-05
1.08647786e-05
9.991897246e-06
9.119015877e-06
8.246134521e-06
7.373253166e-06
1.273152468e-05
1.185661675e-05
1.098170879e-05
1.010680086e-05
9.231892909e-06
8.356984952e-06
7.482077015e-06
1.276974249e-05
1.189418065e-05
1.10186188e-05
1.014305695e-05
9.267495098e-06
8.391933236e-06
7.516371405e-06
1.273154136e-05
1.185663078e-05
1.09817202e-05
1.010680958e-05
9.231898991e-06
8.356988395e-06
7.482077806e-06
1.261053976e-05
1.173765847e-05
1.086477717e-05
9.991895839e-06
9.119014528e-06
8.246133226e-06
7.373251915e-06
1.239361409e-05
1.152346034e-05
1.065330659e-05
9.783152847e-06
8.912999097e-06
8.042845355e-06
7.172691633e-06
1.206505651e-05
1.119648164e-05
1.032790683e-05
9.459331995e-06
8.590757157e-06
7.722182315e-06
6.853607481e-06
1.160615389e-05
1.073517781e-05
9.864201798e-06
8.993225737e-06
8.122249701e-06
7.251273649e-06
6.380297613e-06
1.099706477e-05
1.011569602e-05
9.234327316e-06
8.352958606e-06
7.471589845e-06
6.590221124e-06
5.708852419e-06
1.021892939e-05
9.313720198e-06
8.408510957e-06
7.503301772e-06
6.598092497e-06
5.692883299e-06
4.78767406e-06
1.022022412e-05
9.313672531e-06
8.407120862e-06
7.500569234e-06
6.594017597e-06
5.687465961e-06
4.780914317e-06
1.100440975e-05
1.01197507e-05
9.235091696e-06
8.350432645e-06
7.465773633e-06
6.581114605e-06
5.696455591e-06
1.162480863e-05
1.074922597e-05
9.873643357e-06
8.998060704e-06
8.122478069e-06
7.24689542e-06
6.371312794e-06
1.209752804e-05
1.122347086e-05
1.034941369e-05
9.475356491e-06
8.601299322e-06
7.727242161e-06
6.853184998e-06
1.243984223e-05
1.156364223e-05
1.068744225e-05
9.811242261e-06
8.93504226e-06
8.058842281e-06
7.18264232e-06
1.266827684e-05
1.178900795e-05
1.090973907e-05
1.003047017e-05
9.15120128e-06
8.271932372e-06
7.3926635e-06
1.279687682e-05
1.19153997e-05
1.103392258e-05
1.015244543e-05
9.270968302e-06
8.389491154e-06
7.508014018e-06
1.283775694e-05
1.195556896e-05
1.107338104e-05
1.019119308e-05
9.309005159e-06
8.426817177e-06
7.544629241e-06
1.279689364e-05
1.19154138e-05
1.1033934e-05
1.015245418e-05
9.270974394e-06
8.389494551e-06
7.508014762e-06
1.266827531e-05
1.178900643e-05
1.090973759e-05
1.003046871e-05
9.15119986e-06
8.271930975e-06
7.392662134e-06
1.243982814e-05
1.156362995e-05
1.068743182e-05
9.811233669e-06
8.93503551e-06
8.058837345e-06
7.182639231e-06
1.209750412e-05
1.122345014e-05
1.034939623e-05
9.475342328e-06
8.60128836e-06
7.727234447e-06
6.853180523e-06
1.162477972e-05
1.074920104e-05
9.873622366e-06
8.998043696e-06
8.122465001e-06
7.246886333e-06
6.371307645e-06
1.100437779e-05
1.011972325e-05
9.235068724e-06
8.350414209e-06
7.46575966e-06
6.58110514e-06
5.696450613e-06
1.022019219e-05
9.313645315e-06
8.407098391e-06
7.500551499e-06
6.594004595e-06
5.687457678e-06
4.780910791e-06
1.022148691e-05
9.313597616e-06
8.405708301e-06
7.497818982e-06
6.589929651e-06
5.682040354e-06
4.774151057e-06
1.101172265e-05
1.012377754e-05
9.235832475e-06
8.347887357e-06
7.459942271e-06
6.571997158e-06
5.684052101e-06
1.164343366e-05
1.076324654e-05
9.883059506e-06
9.002872472e-06
8.122685398e-06
7.24249834e-06
6.362311284e-06
1.212997313e-05
1.12504317e-05
1.037089029e-05
9.491348903e-06
8.611807465e-06
7.732266096e-06
6.852724684e-06
1.248605133e-05
1.160379696e-05
1.07215426e-05
9.839288282e-06
8.957033902e-06
8.074779563e-06
7.192525222e-06
1.272600487e-05
1.184033337e-05
1.095466187e-05
1.00689904e-05
9.183318899e-06
8.29764741e-06
7.411975941e-06
1.286221951e-05
1.197415427e-05
1.108608905e-05
1.019802377e-05
9.309958536e-06
8.421893286e-06
7.533828038e-06
1.290576115e-05
1.201692671e-05
1.112809229e-05
1.023925785e-05
9.350423433e-06
8.461589002e-06
7.572754553e-06
1.28622364e-05
1.197416843e-05
1.108610049e-05
1.019803255e-05
9.309964619e-06
8.421896655e-06
7.533828726e-06
1.272600331e-05
1.18403318e-05
1.095466036e-05
1.006898886e-05
9.183317414e-06
8.297645907e-06
7.411974477e-06
1.248603717e-05
1.16037846e-05
1.072153211e-05
9.839279571e-06
8.957027032e-06
8.074774503e-06
7.192522009e-06
1.212994912e-05
1.125041092e-05
1.037087276e-05
9.49133461e-06
8.611796419e-06
7.732258251e-06
6.852720095e-06
1.164340464e-05
1.076322156e-05
9.883038486e-06
9.002855377e-06
8.122672271e-06
7.242489161e-06
6.362306068e-06
1.101169069e-05
1.012375006e-05
9.23580949e-06
8.34786886e-06
7.459928262e-06
6.57198768e-06
5.684047079e-06
1.022145499e-05
9.313570393e-06
8.405685826e-06
7.497801245e-06
6.589916662e-06
5.682032067e-06
4.774147493e-06
1.02227497e-05
9.313522746e-06
8.404295759e-06
7.495068709e-06
6.585841739e-06
5.676614743e-06
4.767387773e-06
1.101903542e-05
1.012780398e-05
9.23657257e-06
8.345341124e-06
7.454109709e-06
6.562878271e-06
5.671646849e-06
1.166205776e-05
1.077726447e-05
9.89247122e-06
9.007677981e-06
8.122884691e-06
7.238091434e-06
6.353298172e-06
1.216241563e-05
1.127738484e-05
1.039235405e-05
9.507323289e-06
8.622292479e-06
7.737261712e-06
6.852230926e-06
1.253225545e-05
1.164393676e-05
1.075561806e-05
9.867299397e-06
8.978980692e-06
8.090661995e-06
7.202343308e-06
1.278372537e-05
1.18916362e-05
1.099954706e-05
1.010745793e-05
9.215368782e-06
8.323279639e-06
7.431190482e-06
1.292755276e-05
1.203288046e-05
1.113820821e-05
1.024353591e-05
9.34886362e-06
8.454191361e-06
7.559519068e-06
1.297375519e-05
1.207825388e-05
1.118275259e-05
1.028725129e-05
9.391749962e-06
8.496248696e-06
7.600747374e-06
1.292756971e-05
1.203289468e-05
1.11382197e-05
1.024354469e-05
9.348869697e-06
8.454194713e-06
7.559519708e-06
1.278372378e-05
1.189163461e-05
1.099954551e-05
1.010745632e-05
9.215367197e-06
8.323278054e-06
7.431188921e-06
1.253224122e-05
1.164392433e-05
1.075560747e-05
9.867290581e-06
8.97897369e-06
8.090656825e-06
7.20233997e-06
1.216239156e-05
1.1277364e-05
1.039233643e-05
9.50730889e-06
8.622281312e-06
7.737253749e-06
6.85222621e-06
1.166202872e-05
1.077723941e-05
9.89245012e-06
9.00766082e-06
8.122871498e-06
7.238082173e-06
6.353292876e-06
1.101900346e-05
1.012777652e-05
9.236549579e-06
8.345322617e-06
7.454095673e-06
6.562868729e-06
5.671641797e-06
1.022271777e-05
9.313495518e-06
8.404273259e-06
7.495051022e-06
6.585828722e-06
5.676606475e-06
4.767384202e-06
1.022401253e-05
9.313447879e-06
8.402883205e-06
7.492318466e-06
6.581753831e-06
5.671189147e-06
4.760624465e-06
1.102634809e-05
1.013183003e-05
9.237312012e-06
8.342793952e-06
7.448275954e-06
6.55375792e-06
5.659239866e-06
1.168068097e-05
1.079127973e-05
9.90187847e-06
9.012477226e-06
8.123075944e-06
7.233674711e-06
6.344273473e-06
1.21948556e-05
1.130433031e-05
1.041380497e-05
9.523279665e-06
8.63275432e-06
7.742229016e-06
6.851703709e-06
1.257845461e-05
1.168406161e-05
1.07896686e-05
9.895275621e-06
9.000882603e-06
8.106489593e-06
7.21209659e-06
1.284143835e-05
1.194291647e-05
1.104439462e-05
1.014587276e-05
9.247350905e-06
8.348829049e-06
7.450307187e-06
1.299287654e-05
1.209157829e-05
1.11902801e-05
1.028898183e-05
9.38768358e-06
8.486385355e-06
7.585087137e-06
1.304173906e-05
1.213955046e-05
1.123736195e-05
1.033517336e-05
9.432984784e-06
8.530796246e-06
7.628607685e-06
1.299289358e-05
1.209159255e-05
1.119029163e-05
1.028899061e-05
9.387689654e-06
8.486388703e-06
7.5850877e-06
1.284143674e-05
1.194291484e-05
1.1044393e-05
1.01458711e-05
9.247349242e-06
8.34882738e-06
7.450305499e-06
1.257844031e-05
1.168404911e-05
1.078965791e-05
9.895266707e-06
9.000875491e-06
8.106484301e-06
7.212093122e-06
1.219483147e-05
1.130430937e-05
1.041378725e-05
9.523265154e-06
8.632743046e-06
7.742220946e-06
6.851698855e-06
1.168065194e-05
1.079125461e-05
9.901857307e-06
9.012460009e-06
8.123062687e-06
7.233665366e-06
6.344268069e-06
1.102631612e-05
1.013180255e-05
9.237288999e-06
8.342775459e-06
7.448261882e-06
6.553748316e-06
5.659234786e-06
1.02239806e-05
9.31342066e-06
8.402860697e-06
7.49230078e-06
6.581740816e-06
5.671180883e-06
4.760620928e-06
1.022527537e-05
9.313373013e-06
8.401470652e-06
7.489568273e-06
6.577665928e-06
5.665763567e-06
4.75386118e-06
1.103366062e-05
1.013585571e-05
9.238050799e-06
8.340245859e-06
7.442440985e-06
6.544636063e-06
5.646831138e-06
1.169930334e-05
1.080529231e-05
9.911281284e-06
9.017270234e-06
8.123259196e-06
7.229248178e-06
6.335237144e-06
1.222729302e-05
1.133126803e-05
1.043524302e-05
9.539218016e-06
8.643193017e-06
7.747168026e-06
6.851143029e-06
1.262464882e-05
1.172417153e-05
1.082369422e-05
9.923216935e-06
9.022739655e-06
8.122262366e-06
7.221785074e-06
1.289914381e-05
1.199417417e-05
1.108920454e-05
1.01842349e-05
9.279265277e-06
8.374295643e-06
7.469326009e-06
1.305819088e-05
1.215024775e-05
1.124230468e-05
1.033436152e-05
9.426418419e-06
8.518475303e-06
7.610532196e-06
1.310971272e-05
1.22008165e-05
1.129192033e-05
1.038302408e-05
9.474127873e-06
8.565231676e-06
7.656335467e-06
1.305820798e-05
1.215026208e-05
1.124231625e-05
1.033437033e-05
9.426424476e-06
8.518478616e-06
7.610532723e-06
1.289914218e-05
1.199417249e-05
1.108920286e-05
1.018423318e-05
9.279263535e-06
8.374293886e-06
7.46932422e-06
1.262463445e-05
1.172415892e-05
1.082368345e-05
9.923207943e-06
9.022732421e-06
8.122256955e-06
7.221781457e-06
1.22272688e-05
1.133124702e-05
1.043522521e-05
9.539203425e-06
8.643181613e-06
7.747159849e-06
6.851138039e-06
1.169927424e-05
1.080526714e-05
9.911260063e-06
9.01725296e-06
8.123245837e-06
7.229238754e-06
6.335231643e-06
1.103362864e-05
1.013582818e-05
9.238027777e-06
8.34022735e-06
7.442426888e-06
6.544626466e-06
5.646826028e-06
1.022524346e-05
9.313345816e-06
8.401448171e-06
7.489550547e-06
6.577652889e-06
5.665755283e-06
4.75385764e-06
1.022653818e-05
9.313298129e-06
8.4000581e-06
7.486818055e-06
6.573578003e-06
5.66033796e-06
4.747097891e-06
1.104097299e-05
1.013988096e-05
9.238788905e-06
8.337696818e-06
7.436604776e-06
6.535512714e-06
5.634420658e-06
1.171792478e-05
1.08193022e-05
9.920679595e-06
9.02205697e-06
8.123434393e-06
7.224811793e-06
6.326189164e-06
1.225972782e-05
1.1358198e-05
1.045666817e-05
9.555138321e-06
8.653608524e-06
7.752078709e-06
6.850548874e-06
1.2670838e-05
1.176426644e-05
1.085769491e-05
9.951123318e-06
9.044551798e-06
8.137980266e-06
7.231408712e-06
1.295684172e-05
1.204540923e-05
1.113397681e-05
1.02225443e-05
9.311111852e-06
8.399679398e-06
7.488246916e-06
1.312349573e-05
1.22088888e-05
1.129428191e-05
1.037967496e-05
9.465068075e-06
8.550461163e-06
7.635854239e-06
1.317767616e-05
1.226205192e-05
1.134642769e-05
1.043080342e-05
9.515179193e-06
8.599554951e-06
7.683930709e-06
1.312351287e-05
1.22089032e-05
1.129429351e-05
1.037968382e-05
9.465074115e-06
8.550464436e-06
7.635854737e-06
1.295684005e-05
1.204540755e-05
1.113397505e-05
1.022254253e-05
9.31111003e-06
8.399677554e-06
7.488245034e-06
1.267082355e-05
1.176425376e-05
1.085768403e-05
9.951114223e-06
9.044544475e-06
8.137974731e-06
7.231404957e-06
1.225970351e-05
1.135817691e-05
1.045665028e-05
9.55512365e-06
8.653596999e-06
7.7520704e-06
6.850543758e-06
1.171789563e-05
1.081927698e-05
9.920658304e-06
9.022039628e-06
8.123420928e-06
7.224802289e-06
6.326183594e-06
1.104094102e-05
1.013985344e-05
9.23876585e-06
8.337678251e-06
7.436590675e-06
6.535503095e-06
5.63441549e-06
1.022650629e-05
9.31327096e-06
8.400035632e-06
7.486800301e-06
6.573564965e-06
5.660329661e-06
4.747094333e-06
1.02278011e-05
9.313223337e-06
8.398645638e-06
7.484067875e-06
6.569490129e-06
5.654912387e-06
4.74033464e-06
1.104828536e-05
1.014390587e-05
9.239526431e-06
8.335146907e-06
7.43076742e-06
6.526387962e-06
5.622008492e-06
1.173654542e-05
1.083330947e-05
9.930073508e-06
9.026837543e-06
8.123601593e-06
7.220365619e-06
6.317129663e-06
1.229216016e-05
1.138512036e-05
1.047808054e-05
9.571040728e-06
8.664000934e-06
7.756961124e-06
6.849921315e-06
1.27170223e-05
1.180434648e-05
1.089167073e-05
9.978994919e-06
9.066319154e-06
8.153643386e-06
7.240967594e-06
1.30145322e-05
1.209662183e-05
1.117871149e-05
1.026080111e-05
9.342890736e-06
8.424980403e-06
7.507070036e-06
1.318879122e-05
1.226750157e-05
1.134621195e-05
1.042492229e-05
9.503632646e-06
8.582343018e-06
7.661053378e-06
1.324562953e-05
1.232325686e-05
1.140088419e-05
1.04785115e-05
9.556138843e-06
8.633766173e-06
7.711393502e-06
1.318880844e-05
1.226751602e-05
1.134622356e-05
1.042493114e-05
9.503638705e-06
8.582346268e-06
7.661053822e-06
1.301453048e-05
1.209662011e-05
1.117870967e-05
1.026079926e-05
9.342888875e-06
8.424978455e-06
7.507068046e-06
1.271700774e-05
1.180433377e-05
1.089165974e-05
9.978985711e-06
9.066311739e-06
8.153637717e-06
7.240963716e-06
1.229213576e-05
1.138509919e-05
1.047806256e-05
9.571025924e-06
8.663989317e-06
7.756952693e-06
6.849916068e-06
1.173651625e-05
1.083328423e-05
9.930052155e-06
9.026820113e-06
8.12358807e-06
7.220356027e-06
6.317123984e-06
1.104825337e-05
1.014387837e-05
9.239503332e-06
8.335128302e-06
7.430753325e-06
6.526378293e-06
5.622003277e-06
1.02277692e-05
9.3131962e-06
8.398623154e-06
7.484050148e-06
6.569477131e-06
5.654904088e-06
4.740331068e-06
1.022906399e-05
9.313148517e-06
8.397233138e-06
7.481317686e-06
6.565402239e-06
5.649486809e-06
4.73357137e-06
1.105559755e-05
1.014793038e-05
9.240263213e-06
8.332596032e-06
7.424928865e-06
6.517261707e-06
5.609594541e-06
1.175516514e-05
1.084731404e-05
9.939462941e-06
9.031611848e-06
8.123760728e-06
7.215909605e-06
6.30805852e-06
1.232458989e-05
1.141203495e-05
1.049948e-05
9.586925103e-06
8.674370143e-06
7.761815194e-06
6.849260266e-06
1.276320155e-05
1.184441156e-05
1.092562158e-05
1.00068316e-05
9.08804162e-06
8.169251631e-06
7.250461641e-06
1.30722151e-05
1.21478118e-05
1.122340848e-05
1.029900517e-05
9.374601859e-06
8.450198564e-06
7.525795248e-06
1.325407721e-05
1.232608594e-05
1.139809462e-05
1.047010335e-05
9.542112057e-06
8.614120784e-06
7.686129489e-06
1.331357265e-05
1.23844312e-05
1.145528968e-05
1.05261482e-05
9.597006713e-06
8.66786524e-06
7.738723746e-06
1.325409451e-05
1.232610042e-05
1.13981063e-05
1.04701122e-05
9.542118112e-06
8.614124009e-06
7.686129895e-06
1.307221337e-05
1.214781002e-05
1.122340663e-05
1.029900326e-05
9.374599908e-06
8.450196524e-06
7.525793153e-06
1.276318694e-05
1.184439876e-05
1.092561051e-05
1.000682229e-05
9.088034073e-06
8.169245857e-06
7.250457619e-06
1.232456543e-05
1.14120137e-05
1.049946193e-05
9.58691017e-06
8.674358411e-06
7.761806661e-06
6.849254887e-06
1.175513592e-05
1.084728873e-05
9.939441516e-06
9.031594313e-06
8.123747142e-06
7.21589994e-06
6.308052744e-06
1.105556552e-05
1.014790285e-05
9.240240142e-06
8.332577417e-06
7.424914746e-06
6.517252003e-06
5.609589298e-06
1.022903209e-05
9.313121388e-06
8.397210631e-06
7.481299934e-06
6.565389242e-06
5.6494785e-06
4.733567783e-06
1.023032689e-05
9.31307373e-06
8.39582064e-06
7.478567495e-06
6.561314362e-06
5.644061235e-06
4.726808096e-06
1.106290964e-05
1.015195448e-05
9.240999348e-06
8.330044216e-06
7.419089118e-06
6.508133982e-06
5.597178858e-06
1.177378399e-05
1.086131595e-05
9.948847917e-06
9.036379882e-06
8.123911841e-06
7.211443782e-06
6.298975749e-06
1.235701707e-05
1.143894184e-05
1.052086663e-05
9.602791436e-06
8.684716187e-06
7.766640986e-06
6.848565771e-06
1.280937583e-05
1.188446169e-05
1.095954753e-05
1.003463336e-05
9.109719205e-06
8.184805037e-06
7.259890881e-06
1.312989049e-05
1.21989792e-05
1.126806787e-05
1.033715652e-05
9.406245237e-06
8.475333905e-06
7.544422588e-06
1.331935376e-05
1.238464191e-05
1.144993004e-05
1.051521818e-05
9.580506334e-06
8.645794496e-06
7.711082623e-06
1.338150561e-05
1.244557492e-05
1.150964423e-05
1.057371355e-05
9.637782838e-06
8.701852187e-06
7.76592147e-06
1.331937114e-05
1.238465646e-05
1.144994176e-05
1.051522706e-05
9.580512361e-06
8.645797692e-06
7.711082979e-06
1.312988878e-05
1.219897738e-05
1.126806596e-05
1.033715457e-05
9.40624317e-06
8.475331786e-06
7.544420383e-06
1.280936121e-05
1.188444878e-05
1.095953637e-05
1.003462395e-05
9.109711542e-06
8.184799138e-06
7.259886712e-06
1.235699252e-05
1.143892049e-05
1.052084846e-05
9.602776399e-06
8.68470435e-06
7.766632313e-06
6.848560272e-06
1.177375471e-05
1.086129058e-05
9.948826444e-06
9.03636228e-06
8.123898183e-06
7.21143404e-06
6.298969907e-06
1.106287755e-05
1.015192694e-05
9.240976263e-06
8.330025592e-06
7.419074935e-06
6.508124247e-06
5.597173575e-06
1.023029499e-05
9.313046593e-06
8.395798144e-06
7.478549768e-06
6.561301341e-06
5.644052933e-06
4.726804498e-06
1.023158982e-05
9.312998979e-06
8.394408163e-06
7.475817318e-06
6.557226488e-06
5.638635646e-06
4.720044832e-06
1.107022159e-05
1.015597819e-05
9.241734864e-06
8.32749148e-06
7.413248151e-06
6.499004783e-06
5.584761447e-06
1.179240198e-05
1.087531519e-05
9.958228439e-06
9.041141661e-06
8.124054906e-06
7.206968131e-06
6.289881379e-06
1.238944166e-05
1.146584102e-05
1.054224039e-05
9.618639746e-06
8.69503909e-06
7.771438457e-06
6.847837818e-06
1.285554517e-05
1.192449686e-05
1.099344856e-05
1.006240023e-05
9.131351923e-06
8.20030361e-06
7.269255297e-06
1.318755837e-05
1.2250124e-05
1.131268962e-05
1.037525521e-05
9.437820831e-06
8.500386442e-06
7.562952053e-06
1.338462083e-05
1.24431695e-05
1.150171816e-05
1.056026681e-05
9.618815466e-06
8.677364137e-06
7.735912786e-06
1.344942837e-05
1.250668808e-05
1.156394782e-05
1.062120756e-05
9.678467243e-06
8.735726991e-06
7.792986696e-06
1.33846383e-05
1.244318412e-05
1.15017299e-05
1.056027571e-05
9.618821485e-06
8.677367307e-06
7.735913085e-06
1.318755663e-05
1.225012216e-05
1.131268767e-05
1.037525318e-05
9.437818699e-06
8.500384232e-06
7.562949743e-06
1.285553047e-05
1.192448386e-05
1.099343732e-05
1.006239072e-05
9.131344162e-06
8.200297565e-06
7.269250998e-06
1.238941705e-05
1.146581957e-05
1.054222212e-05
9.618624618e-06
8.69502716e-06
7.771429648e-06
6.847832194e-06
1.179237265e-05
1.087528977e-05
9.958206906e-06
9.041124026e-06
8.124041172e-06
7.206958291e-06
6.289875445e-06
1.107018952e-05
1.015595062e-05
9.241711733e-06
8.327472834e-06
7.41323391e-06
6.498995018e-06
5.58475612e-06
1.023155792e-05
9.312971799e-06
8.394385674e-06
7.475799602e-06
6.557213469e-06
5.63862736e-06
4.720041228e-06
1.023285276e-05
9.312924198e-06
8.392995667e-06
7.473067151e-06
6.553138601e-06
5.633210074e-06
4.713281566e-06
1.107753341e-05
1.016000153e-05
9.242469692e-06
8.324937846e-06
7.407405987e-06
6.489874126e-06
5.572342275e-06
1.181101907e-05
1.088931179e-05
9.967604517e-06
9.045897216e-06
8.124189934e-06
7.202482669e-06
6.280775391e-06
1.24218637e-05
1.149273249e-05
1.056360128e-05
9.634470054e-06
8.705338833e-06
7.776207613e-06
6.8470764e-06
1.290170952e-05
1.196451709e-05
1.102732467e-05
1.009013221e-05
9.152939791e-06
8.215747355e-06
7.278554907e-06
1.324521873e-05
1.230124622e-05
1.135727372e-05
1.04133012e-05
9.469328669e-06
8.525356167e-06
7.581383644e-06
1.344987846e-05
1.250166874e-05
1.155345897e-05
1.060524923e-05
9.657039464e-06
8.708829702e-06
7.760619961e-06
1.351734094e-05
1.256777071e-05
1.161820042e-05
1.06686302e-05
9.719059929e-06
8.769489665e-06
7.819919422e-06
1.344989603e-05
1.250168339e-05
1.155347074e-05
1.060525812e-05
9.657045489e-06
8.708832854e-06
7.760620221e-06
1.324521695e-05
1.230124434e-05
1.135727173e-05
1.041329908e-05
9.469326489e-06
8.525353859e-06
7.581381237e-06
1.290169474e-05
1.196450403e-05
1.102731333e-05
1.009012259e-05
9.152931909e-06
8.215741191e-06
7.278550474e-06
1.242183905e-05
1.149271096e-05
1.056358289e-05
9.634454837e-06
8.705326789e-06
7.77619871e-06
6.847070647e-06
1.181098969e-05
1.088928629e-05
9.967582875e-06
9.04587953e-06
8.124176123e-06
7.202472729e-06
6.280769364e-06
1.107750136e-05
1.015997394e-05
9.242446543e-06
8.324919158e-06
7.407391716e-06
6.489864317e-06
5.57233692e-06
1.023282087e-05
9.312897005e-06
8.392973207e-06
7.473049409e-06
6.553125593e-06
5.633201771e-06
4.713277959e-06
1.023411567e-05
9.312849416e-06
8.391583172e-06
7.470316937e-06
6.549050703e-06
5.627784484e-06
4.706518263e-06
1.108484506e-05
1.016402442e-05
9.243203803e-06
8.322383205e-06
7.401562595e-06
6.48074198e-06
5.559921351e-06
1.182963524e-05
1.090330563e-05
9.976976071e-06
9.050646495e-06
8.124316913e-06
7.197987354e-06
6.271657776e-06
1.245428315e-05
1.15196162e-05
1.058494926e-05
9.650282322e-06
8.715615385e-06
7.780948447e-06
6.846281508e-06
1.294786885e-05
1.200452234e-05
1.106117579e-05
1.011782926e-05
9.174482744e-06
8.231136215e-06
7.287789694e-06
1.330287153e-05
1.235234583e-05
1.140182014e-05
1.045129444e-05
9.500768724e-06
8.550243042e-06
7.599717357e-06
1.351512663e-05
1.256013952e-05
1.160515244e-05
1.065016539e-05
9.695178279e-06
8.740191196e-06
7.785204115e-06
1.35852433e-05
1.262882267e-05
1.167240204e-05
1.071598144e-05
9.759560834e-06
8.803140206e-06
7.84671958e-06
1.351514425e-05
1.256015423e-05
1.160516427e-05
1.065017427e-05
9.695184311e-06
8.740194313e-06
7.78520433e-06
1.330286973e-05
1.23523439e-05
1.14018181e-05
1.045129227e-05
9.500766466e-06
8.550240641e-06
7.599714836e-06
1.2947854e-05
1.200450917e-05
1.106116438e-05
1.011781955e-05
9.174474738e-06
8.231129939e-06
7.287785119e-06
1.245425842e-05
1.15195946e-05
1.05849308e-05
9.650267003e-06
8.715603214e-06
7.78093943e-06
6.846275625e-06
1.182960577e-05
1.090328009e-05
9.976954384e-06
9.050628718e-06
8.12430302e-06
7.197977324e-06
6.271651657e-06
1.108481299e-05
1.016399683e-05
9.243180647e-06
8.322364502e-06
7.401548307e-06
6.480732127e-06
5.55991595e-06
1.023408378e-05
9.312822236e-06
8.391560724e-06
7.470299215e-06
6.549037685e-06
5.627776178e-06
4.70651466e-06
1.023537866e-05
9.312774714e-06
8.39017076e-06
7.467566809e-06
6.544962876e-06
5.622358937e-06
4.699755026e-06
1.109215668e-05
1.016804702e-05
9.243937359e-06
8.319827707e-06
7.395718063e-06
6.471608391e-06
5.54749874e-06
1.18482506e-05
1.091729689e-05
9.986343227e-06
9.055389576e-06
8.124435931e-06
7.193482261e-06
6.262528612e-06
1.24867001e-05
1.154649229e-05
1.060628446e-05
9.666076652e-06
8.725868848e-06
7.785661021e-06
6.845453213e-06
1.299402331e-05
1.204451272e-05
1.109500208e-05
1.01454915e-05
9.195980903e-06
8.246470295e-06
7.296959715e-06
1.33605169e-05
1.240342298e-05
1.1446329e-05
1.048923507e-05
9.532141123e-06
8.575047165e-06
7.61795324e-06
1.358036542e-05
1.261858207e-05
1.16567987e-05
1.069501539e-05
9.733232046e-06
8.771448701e-06
7.80966534e-06
1.365313556e-05
1.268984418e-05
1.17265528e-05
1.076326142e-05
9.799970071e-06
8.836678685e-06
7.873387291e-06
1.358038311e-05
1.261859683e-05
1.165681059e-05
1.069502429e-05
9.733238062e-06
8.771451786e-06
7.809665512e-06
1.336051508e-05
1.240342097e-05
1.144632692e-05
1.048923283e-05
9.532138754e-06
8.575044699e-06
7.617950605e-06
1.299400836e-05
1.204449945e-05
1.109499061e-05
1.014548169e-05
9.195972783e-06
8.246463909e-06
7.296955012e-06
1.24866753e-05
1.15464706e-05
1.060626595e-05
9.666061226e-06
8.725856564e-06
7.785651874e-06
6.845447211e-06
1.184822108e-05
1.09172713e-05
9.986321536e-06
9.055371718e-06
8.124421944e-06
7.193472147e-06
6.262522385e-06
1.109212459e-05
1.01680194e-05
9.243914168e-06
8.319808967e-06
7.395703736e-06
6.471598518e-06
5.547493277e-06
1.023534676e-05
9.312747543e-06
8.390148293e-06
7.467549098e-06
6.544949848e-06
5.622350638e-06
4.699751399e-06
1.02366416e-05
9.312699963e-06
8.38875831e-06
7.464816662e-06
6.54087505e-06
5.616933377e-06
4.692991775e-06
1.109946814e-05
1.017206918e-05
9.24467021e-06
8.317271249e-06
7.389872294e-06
6.462473296e-06
5.535074346e-06
1.186686502e-05
1.093128545e-05
9.995705916e-06
9.060126388e-06
8.124546867e-06
7.188967322e-06
6.253387783e-06
1.251911445e-05
1.157336062e-05
1.062760679e-05
9.681852933e-06
8.73609911e-06
7.790345265e-06
6.844591444e-06
1.304017274e-05
1.208448808e-05
1.112880345e-05
1.017311882e-05
9.217434163e-06
8.261749513e-06
7.306064903e-06
1.341815472e-05
1.245447747e-05
1.149080019e-05
1.052712297e-05
9.563445721e-06
8.599768455e-06
7.636091216e-06
1.36455947e-05
1.267699619e-05
1.170839764e-05
1.073979913e-05
9.771200627e-06
8.802602098e-06
7.83400357e-06
1.372101758e-05
1.275083507e-05
1.178065255e-05
1.081047003e-05
9.840287515e-06
8.870104988e-06
7.899922482e-06
1.364561247e-05
1.267701099e-05
1.170840957e-05
1.073980806e-05
9.771206615e-06
8.802605166e-06
7.834003692e-06
1.341815285e-05
1.245447544e-05
1.149079808e-05
1.052712065e-05
9.563443261e-06
8.599765898e-06
7.636088475e-06
1.304015771e-05
1.208447478e-05
1.112879184e-05
1.017310888e-05
9.217425936e-06
8.261743002e-06
7.306060066e-06
1.251908956e-05
1.157333885e-05
1.062758815e-05
9.681837412e-06
8.736086727e-06
7.790335996e-06
6.844585311e-06
1.186683548e-05
1.093125982e-05
9.995684163e-06
9.060108461e-06
8.124532811e-06
7.18895713e-06
6.253381472e-06
1.109943606e-05
1.017204153e-05
9.244647006e-06
8.317252463e-06
7.389857916e-06
6.462463395e-06
5.535068838e-06
1.023660975e-05
9.312672794e-06
8.388735867e-06
7.464798953e-06
6.540861997e-06
5.616925097e-06
4.692988132e-06
1.023813576e-05
9.312832928e-06
8.387530095e-06
7.462227253e-06
6.536924475e-06
5.611621619e-06
4.6863188e-06
1.1107593e-05
1.017682299e-05
9.246052948e-06
8.315282933e-06
7.384512931e-06
6.453742895e-06
5.522972886e-06
1.188720296e-05
1.094682628e-05
1.000644961e-05
9.066072981e-06
8.125696334e-06
7.18531967e-06
6.244943008e-06
1.255472556e-05
1.16031082e-05
1.065149088e-05
9.69987352e-06
8.748256189e-06
7.79663886e-06
6.845021525e-06
1.309176828e-05
1.212936596e-05
1.116696366e-05
1.020456135e-05
9.242158995e-06
8.279756702e-06
7.317354404e-06
1.348440918e-05
1.251328318e-05
1.154215715e-05
1.057103115e-05
9.59990511e-06
8.628779123e-06
7.657653096e-06
1.372366071e-05
1.274694605e-05
1.177023139e-05
1.079351671e-05
9.81680205e-06
8.840087413e-06
7.863372732e-06
1.380434579e-05
1.282568833e-05
1.184703096e-05
1.086837352e-05
9.889716105e-06
8.911058693e-06
7.932401291e-06
1.372367804e-05
1.274696042e-05
1.177024291e-05
1.079352531e-05
9.816807734e-06
8.840090163e-06
7.8633726e-06
1.348440672e-05
1.25132806e-05
1.154215451e-05
1.057102838e-05
9.599902253e-06
8.628776148e-06
7.657650034e-06
1.309175259e-05
1.212935204e-05
1.116695146e-05
1.020455087e-05
9.242150315e-06
8.279749751e-06
7.317349193e-06
1.255469995e-05
1.160308582e-05
1.065147164e-05
9.699857465e-06
8.748243343e-06
7.796629175e-06
6.845015026e-06
1.188717281e-05
1.094680008e-05
1.000642732e-05
9.066054581e-06
8.125681876e-06
7.185309143e-06
6.244936411e-06
1.110756042e-05
1.017679487e-05
9.246029337e-06
8.315263794e-06
7.384498248e-06
6.4537327e-06
5.522967165e-06
1.023810371e-05
9.312805602e-06
8.387507525e-06
7.462209419e-06
6.536911319e-06
5.611613237e-06
4.68631512e-06
1.021540673e-05
9.314182349e-06
8.412957948e-06
7.511733557e-06
6.61050916e-06
5.709284775e-06
4.80806036e-06
1.097598238e-05
1.010438487e-05
9.232787374e-06
8.361189884e-06
7.489592372e-06
6.617994884e-06
5.746397375e-06
1.155205164e-05
1.069470312e-05
9.837354573e-06
8.980006052e-06
8.122657552e-06
7.265309039e-06
6.407960505e-06
1.197095426e-05
1.111847875e-05
1.026600325e-05
9.413527754e-06
8.561052281e-06
7.708576778e-06
6.856101294e-06
1.226040453e-05
1.140780782e-05
1.055521113e-05
9.702614456e-06
8.850017762e-06
7.997421093e-06
7.144824402e-06
1.244580248e-05
1.159118295e-05
1.073656339e-05
9.881943856e-06
9.027324306e-06
8.172704788e-06
7.318085221e-06
1.254794516e-05
1.169142391e-05
1.083490265e-05
9.978381386e-06
9.121860175e-06
8.265338902e-06
7.408817647e-06
1.258059235e-05
1.1723329e-05
1.086606568e-05
1.000880236e-05
9.151539084e-06
8.294275742e-06
7.437012415e-06
1.254796111e-05
1.169143734e-05
1.083491355e-05
9.978389747e-06
9.121865981e-06
8.265342188e-06
7.408818375e-06
1.24458005e-05
1.159118112e-05
1.073656168e-05
9.88194229e-06
9.027322886e-06
8.172703493e-06
7.318084073e-06
1.226039023e-05
1.140779547e-05
1.055520066e-05
9.702605961e-06
8.85001118e-06
7.997416431e-06
7.144821663e-06
1.197093026e-05
1.11184581e-05
1.026598589e-05
9.413513741e-06
8.56104153e-06
7.708569371e-06
6.856097184e-06
1.155202273e-05
1.069467822e-05
9.837333695e-06
8.979989208e-06
8.122644677e-06
7.265300199e-06
6.407955665e-06
1.097595044e-05
1.010435745e-05
9.232764491e-06
8.361171516e-06
7.489578549e-06
6.617985581e-06
5.746392598e-06
1.021537478e-05
9.31415514e-06
8.412935479e-06
7.511715836e-06
6.610496179e-06
5.709276521e-06
4.808056877e-06
1.021643587e-05
9.313897282e-06
8.411358661e-06
7.508820049e-06
6.606281431e-06
5.703742825e-06
4.801204205e-06
1.098247036e-05
1.010766788e-05
9.232865421e-06
8.358062991e-06
7.483260536e-06
6.608458078e-06
5.733655641e-06
1.156892833e-05
1.07071482e-05
9.845368071e-06
8.983587945e-06
8.121807847e-06
7.260027711e-06
6.398247598e-06
1.200017733e-05
1.114254194e-05
1.028490661e-05
9.427271224e-06
8.56963589e-06
7.712000526e-06
6.854365182e-06
1.230118496e-05
1.144308822e-05
1.058499153e-05
9.726894832e-06
8.8687981e-06
8.010701415e-06
7.152604686e-06
1.249504761e-05
1.163489615e-05
1.077474471e-05
9.914593279e-06
9.054441814e-06
8.194290396e-06
7.334138933e-06
1.260079195e-05
1.173896563e-05
1.087713931e-05
1.0015313e-05
9.153486683e-06
8.291660366e-06
7.429834042e-06
1.263368301e-05
1.177131219e-05
1.090894138e-05
1.004657058e-05
9.184199787e-06
8.321828982e-06
7.459458157e-06
1.260080847e-05
1.173897958e-05
1.087715064e-05
1.001532172e-05
9.153492806e-06
8.29166388e-06
7.429834932e-06
1.249504609e-05
1.163489473e-05
1.077474335e-05
9.914591996e-06
9.05444063e-06
8.194289264e-06
7.334137879e-06
1.230117106e-05
1.144307618e-05
1.058498134e-05
9.726886542e-06
8.868791697e-06
8.010696859e-06
7.152602016e-06
1.20001536e-05
1.114252151e-05
1.028488944e-05
9.427257354e-06
8.569625263e-06
7.711993194e-06
6.854361106e-06
1.156889955e-05
1.070712339e-05
9.845347268e-06
8.983571142e-06
8.121795043e-06
7.260018925e-06
6.398242773e-06
1.098243838e-05
1.010764046e-05
9.232842555e-06
8.358044606e-06
7.483246683e-06
6.608448768e-06
5.733650825e-06
1.021640388e-05
9.313870035e-06
8.411336135e-06
7.508802304e-06
6.606268434e-06
5.703734584e-06
4.801200717e-06
1.021769861e-05
9.31382234e-06
8.409946027e-06
7.506069776e-06
6.602193472e-06
5.698317199e-06
4.794440908e-06
1.098978359e-05
1.011169588e-05
9.233608153e-06
8.355520479e-06
7.477432765e-06
6.599345044e-06
5.721257369e-06
1.158755594e-05
1.072117678e-05
9.85479762e-06
8.988418441e-06
8.122039273e-06
7.255660084e-06
6.38928094e-06
1.203263011e-05
1.116952594e-05
1.030642179e-05
9.443317652e-06
8.580213512e-06
7.717109357e-06
6.854005236e-06
1.234740899e-05
1.14832878e-05
1.061916665e-05
9.755045517e-06
8.890924333e-06
8.026803196e-06
7.162682017e-06
1.25527982e-05
1.168628928e-05
1.081978042e-05
9.953271586e-06
9.0867627e-06
8.220253859e-06
7.353744975e-06
1.266616301e-05
1.179780531e-05
1.092944768e-05
1.006109e-05
9.19273232e-06
8.324374669e-06
7.456016997e-06
1.270171778e-05
1.183276164e-05
1.096380554e-05
1.00948494e-05
9.225893277e-06
8.356937139e-06
7.487981014e-06
1.26661796e-05
1.179781932e-05
1.092945903e-05
1.006109873e-05
9.19273845e-06
8.324378133e-06
7.456017841e-06
1.255279663e-05
1.168628785e-05
1.081977903e-05
9.953270229e-06
9.086761437e-06
8.220252637e-06
7.353743817e-06
1.2347395e-05
1.148327568e-05
1.06191564e-05
9.755037099e-06
8.890917816e-06
8.026798503e-06
7.162679219e-06
1.20326063e-05
1.116950539e-05
1.030640456e-05
9.443303636e-06
8.580202778e-06
7.717101899e-06
6.85400103e-06
1.158752712e-05
1.07211519e-05
9.854776731e-06
8.98840153e-06
8.122026389e-06
7.255651199e-06
6.389276005e-06
1.09897516e-05
1.011166843e-05
9.233585267e-06
8.355502067e-06
7.477418863e-06
6.599335717e-06
5.721252507e-06
1.021766661e-05
9.313795067e-06
8.409923524e-06
7.506052033e-06
6.602180454e-06
5.698308957e-06
4.794437399e-06
1.021896133e-05
9.313747429e-06
8.408533421e-06
7.503319489e-06
6.598105526e-06
5.692891582e-06
4.787677619e-06
1.09970967e-05
1.011572346e-05
9.234350227e-06
8.352977034e-06
7.471603774e-06
6.590230532e-06
5.708857334e-06
1.160618269e-05
1.073520268e-05
9.86422269e-06
8.993242659e-06
8.122262667e-06
7.251282642e-06
6.380302659e-06
1.20650803e-05
1.119650219e-05
1.032792412e-05
9.459346053e-06
8.590767964e-06
7.722189885e-06
6.85361182e-06
1.239362804e-05
1.152347243e-05
1.065331683e-05
9.783161295e-06
8.913005683e-06
8.04285014e-06
7.172694537e-06
1.261054122e-05
1.173765984e-05
1.08647785e-05
9.991897171e-06
9.119015818e-06
8.246134488e-06
7.37325315e-06
1.273152457e-05
1.185661661e-05
1.098170871e-05
1.010680075e-05
9.231892822e-06
8.356984894e-06
7.482076976e-06
1.276974234e-05
1.189418051e-05
1.101861869e-05
1.014305686e-05
9.267495003e-06
8.391933173e-06
7.516371364e-06
1.273154125e-05
1.185663066e-05
1.098172008e-05
1.010680951e-05
9.231898918e-06
8.356988342e-06
7.482077773e-06
1.261053965e-05
1.173765835e-05
1.086477704e-05
9.991895765e-06
9.119014458e-06
8.246133187e-06
7.373251886e-06
1.239361395e-05
1.152346022e-05
1.06533065e-05
9.783152775e-06
8.912999038e-06
8.042845322e-06
7.172691604e-06
1.20650564e-05
1.119648157e-05
1.032790678e-05
9.459331929e-06
8.590757109e-06
7.722182305e-06
6.853607484e-06
1.160615379e-05
1.073517777e-05
9.864201732e-06
8.9932257e-06
8.122249685e-06
7.251273652e-06
6.380297621e-06
1.099706471e-05
1.0115696e-05
9.234327283e-06
8.352958581e-06
7.471589853e-06
6.59022115e-06
5.708852438e-06
1.021892934e-05
9.313720148e-06
8.408510909e-06
7.503301739e-06
6.598092493e-06
5.692883322e-06
4.787674095e-06
1.022022412e-05
9.313672536e-06
8.407120862e-06
7.500569238e-06
6.594017601e-06
5.687465962e-06
4.78091435e-06
1.100440975e-05
1.01197507e-05
9.235091688e-06
8.350432678e-06
7.465773612e-06
6.581114577e-06
5.696455582e-06
1.162480861e-05
1.074922594e-05
9.873643343e-06
8.998060678e-06
8.122478047e-06
7.246895397e-06
6.371312772e-06
1.209752794e-05
1.122347076e-05
1.034941365e-05
9.475356463e-06
8.601299279e-06
7.727242141e-06
6.853184979e-06
1.243984213e-05
1.156364213e-05
1.068744218e-05
9.811242207e-06
8.935042197e-06
8.058842256e-06
7.182642271e-06
1.266827676e-05
1.178900785e-05
1.090973899e-05
1.00304701e-05
9.151201216e-06
8.271932337e-06
7.392663468e-06
1.279687673e-05
1.191539958e-05
1.103392247e-05
1.015244532e-05
9.270968219e-06
8.389491098e-06
7.508013988e-06
1.283775675e-05
1.195556884e-05
1.107338092e-05
1.019119298e-05
9.309005038e-06
8.426817134e-06
7.544629207e-06
1.279689347e-05
1.191541368e-05
1.103393389e-05
1.015245409e-05
9.270974296e-06
8.389494529e-06
7.508014716e-06
1.266827519e-05
1.178900631e-05
1.090973745e-05
1.003046862e-05
9.15119978e-06
8.271930944e-06
7.392662093e-06
1.243982799e-05
1.156362984e-05
1.06874317e-05
9.811233597e-06
8.935035453e-06
8.058837322e-06
7.182639196e-06
1.209750398e-05
1.122345008e-05
1.034939617e-05
9.475342253e-06
8.601288309e-06
7.727234413e-06
6.853180502e-06
1.162477964e-05
1.074920097e-05
9.873622288e-06
8.99804365e-06
8.122464965e-06
7.246886317e-06
6.371307669e-06
1.100437775e-05
1.011972323e-05
9.235068692e-06
8.350414209e-06
7.465759664e-06
6.581105144e-06
5.696450645e-06
1.022019211e-05
9.313645261e-06
8.407098338e-06
7.500551454e-06
6.594004583e-06
5.687457706e-06
4.780910806e-06
1.022148691e-05
9.313597622e-06
8.405708304e-06
7.497818977e-06
6.589929672e-06
5.682040352e-06
4.774151043e-06
1.101172265e-05
1.012377754e-05
9.235832467e-06
8.347887373e-06
7.459942256e-06
6.571997147e-06
5.684052088e-06
1.16434336e-05
1.076324652e-05
9.883059499e-06
9.00287245e-06
8.122685376e-06
7.242498312e-06
6.362311277e-06
1.212997302e-05
1.125043163e-05
1.037089025e-05
9.491348865e-06
8.611807436e-06
7.732266053e-06
6.85272468e-06
1.248605124e-05
1.160379688e-05
1.072154256e-05
9.839288198e-06
8.957033858e-06
8.074779511e-06
7.192525175e-06
1.272600477e-05
1.184033327e-05
1.095466182e-05
1.006899031e-05
9.183318848e-06
8.297647364e-06
7.411975885e-06
1.28622194e-05
1.197415416e-05
1.108608892e-05
1.019802368e-05
9.30995846e-06
8.421893215e-06
7.533827995e-06
1.290576097e-05
1.201692658e-05
1.112809217e-05
1.023925773e-05
9.350423347e-06
8.461588936e-06
7.572754526e-06
1.286223622e-05
1.19741683e-05
1.108610039e-05
1.019803243e-05
9.309964545e-06
8.42189661e-06
7.533828675e-06
1.272600315e-05
1.18403317e-05
1.095466023e-05
1.006898877e-05
9.183317333e-06
8.297645867e-06
7.411974419e-06
1.248603702e-05
1.160378451e-05
1.072153197e-05
9.839279493e-06
8.957026985e-06
8.074774465e-06
7.192521962e-06
1.212994902e-05
1.125041083e-05
1.037087269e-05
9.491334525e-06
8.611796374e-06
7.732258203e-06
6.852720059e-06
1.16434046e-05
1.076322147e-05
9.883038389e-06
9.002855315e-06
8.122672235e-06
7.242489142e-06
6.362306073e-06
1.101169062e-05
1.012375005e-05
9.235809433e-06
8.347868866e-06
7.459928282e-06
6.571987675e-06
5.684047092e-06
1.02214549e-05
9.313570359e-06
8.405685766e-06
7.497801191e-06
6.589916654e-06
5.682032083e-06
4.774147519e-06
1.02227497e-05
9.313522754e-06
8.404295728e-06
7.495068737e-06
6.585841764e-06
5.676614753e-06
4.767387755e-06
1.101903542e-05
1.0127804e-05
9.236572564e-06
8.34534112e-06
7.454109686e-06
6.562878259e-06
5.67164685e-06
1.166205772e-05
1.077726445e-05
9.892471201e-06
9.007677962e-06
8.122884672e-06
7.23809141e-06
6.353298166e-06
1.216241558e-05
1.127738478e-05
1.039235401e-05
9.507323245e-06
8.622292465e-06
7.737261665e-06
6.852230913e-06
1.253225539e-05
1.164393669e-05
1.075561799e-05
9.867299313e-06
8.978980647e-06
8.09066195e-06
7.202343259e-06
1.278372525e-05
1.189163613e-05
1.099954698e-05
1.010745785e-05
9.215368716e-06
8.323279577e-06
7.431190447e-06
1.292755261e-05
1.203288035e-05
1.113820809e-05
1.024353582e-05
9.348863569e-06
8.454191267e-06
7.559519023e-06
1.297375501e-05
1.207825374e-05
1.118275245e-05
1.028725117e-05
9.391749899e-06
8.496248607e-06
7.600747336e-06
1.292756953e-05
1.203289456e-05
1.113821958e-05
1.02435446e-05
9.348869621e-06
8.454194645e-06
7.559519667e-06
1.278372362e-05
1.189163448e-05
1.099954536e-05
1.010745626e-05
9.215367115e-06
8.323277991e-06
7.43118887e-06
1.253224108e-05
1.164392423e-05
1.075560734e-05
9.867290514e-06
8.978973628e-06
8.090656772e-06
7.202339924e-06
1.216239148e-05
1.12773639e-05
1.039233635e-05
9.507308803e-06
8.622281266e-06
7.737253707e-06
6.852226167e-06
1.166202866e-05
1.077723935e-05
9.892450054e-06
9.007660742e-06
8.122871463e-06
7.23808216e-06
6.353292861e-06
1.101900338e-05
1.012777648e-05
9.236549526e-06
8.345322568e-06
7.454095692e-06
6.56286874e-06
5.671641809e-06
1.02227177e-05
9.313495496e-06
8.404273199e-06
7.495050953e-06
6.585828731e-06
5.676606472e-06
4.767384232e-06
1.022401254e-05
9.313447866e-06
8.402883172e-06
7.492318516e-06
6.581753843e-06
5.671189153e-06
4.760624482e-06
1.10263481e-05
1.013183006e-05
9.237312006e-06
8.342793963e-06
7.448275919e-06
6.553757908e-06
5.659239867e-06
1.168068095e-05
1.079127972e-05
9.90187845e-06
9.012477222e-06
8.123075943e-06
7.233674708e-06
6.344273449e-06
1.219485557e-05
1.130433024e-05
1.041380492e-05
9.523279615e-06
8.632754314e-06
7.742228989e-06
6.851703681e-06
1.257845456e-05
1.168406154e-05
1.078966852e-05
9.895275553e-06
9.000882547e-06
8.106489568e-06
7.21209656e-06
1.284143822e-05
1.19429164e-05
1.10443945e-05
1.01458727e-05
9.247350828e-06
8.348828993e-06
7.450307149e-06
1.29928764e-05
1.209157818e-05
1.119027995e-05
1.028898173e-05
9.387683531e-06
8.486385285e-06
7.585087074e-06
1.304173887e-05
1.213955033e-05
1.123736179e-05
1.033517325e-05
9.432984708e-06
8.530796168e-06
7.628607627e-06
1.299289339e-05
1.209159242e-05
1.119029148e-05
1.028899054e-05
9.387689563e-06
8.486388624e-06
7.58508767e-06
1.284143658e-05
1.194291469e-05
1.104439286e-05
1.014587103e-05
9.247349161e-06
8.348827307e-06
7.450305454e-06
1.257844016e-05
1.1684049e-05
1.078965779e-05
9.895266639e-06
9.000875412e-06
8.106484256e-06
7.212093069e-06
1.219483134e-05
1.130430928e-05
1.041378715e-05
9.523265076e-06
8.632742994e-06
7.742220918e-06
6.851698814e-06
1.168065184e-05
1.079125454e-05
9.901857243e-06
9.012459943e-06
8.123062651e-06
7.233665353e-06
6.344268052e-06
1.102631605e-05
1.013180248e-05
9.23728895e-06
8.342775406e-06
7.448261876e-06
6.553748343e-06
5.659234782e-06
1.022398053e-05
9.313420614e-06
8.402860673e-06
7.492300736e-06
6.581740792e-06
5.671180864e-06
4.760620932e-06
1.022527538e-05
9.313372995e-06
8.401470652e-06
7.489568275e-06
6.577665919e-06
5.665763559e-06
4.75386119e-06
1.103366067e-05
1.013585574e-05
9.238050818e-06
8.340245883e-06
7.44244099e-06
6.544636079e-06
5.64683114e-06
1.169930331e-05
1.08052923e-05
9.91128125e-06
9.017270217e-06
8.123259193e-06
7.229248173e-06
6.335237133e-06
1.222729298e-05
1.133126799e-05
1.043524297e-05
9.539217977e-06
8.643192998e-06
7.747168002e-06
6.851143003e-06
1.262464872e-05
1.172417146e-05
1.082369416e-05
9.923216882e-06
9.0227396e-06
8.122262326e-06
7.221785044e-06
1.289914368e-05
1.199417407e-05
1.108920444e-05
1.018423483e-05
9.279265203e-06
8.374295591e-06
7.46932597e-06
1.305819075e-05
1.215024763e-05
1.124230455e-05
1.033436142e-05
9.426418346e-06
8.518475255e-06
7.610532135e-06
1.310971256e-05
1.220081634e-05
1.129192018e-05
1.038302397e-05
9.474127797e-06
8.565231608e-06
7.656335409e-06
1.305820781e-05
1.215026192e-05
1.124231611e-05
1.033437024e-05
9.426424397e-06
8.518478534e-06
7.610532692e-06
1.289914201e-05
1.199417237e-05
1.108920273e-05
1.018423308e-05
9.279263467e-06
8.374293804e-06
7.469324187e-06
1.262463427e-05
1.172415882e-05
1.082368331e-05
9.923207848e-06
9.022732364e-06
8.122256888e-06
7.22178141e-06
1.222726866e-05
1.133124691e-05
1.043522512e-05
9.539203339e-06
8.643181579e-06
7.747159801e-06
6.851138012e-06
1.169927413e-05
1.080526707e-05
9.911259983e-06
9.017252879e-06
8.12324582e-06
7.229238714e-06
6.335231631e-06
1.103362858e-05
1.013582813e-05
9.238027704e-06
8.340227308e-06
7.44242688e-06
6.544626465e-06
5.646826022e-06
1.022524338e-05
9.313345751e-06
8.401448147e-06
7.489550523e-06
6.577652882e-06
5.665755286e-06
4.753857632e-06
1.02265382e-05
9.313298128e-06
8.4000581e-06
7.486818037e-06
6.573577994e-06
5.660337948e-06
4.747097885e-06
1.104097305e-05
1.013988096e-05
9.238788924e-06
8.337696831e-06
7.436604813e-06
6.535512727e-06
5.63442066e-06
1.171792476e-05
1.081930217e-05
9.920679593e-06
9.022056948e-06
8.123434374e-06
7.224811769e-06
6.326189187e-06
1.225972776e-05
1.135819796e-05
1.045666814e-05
9.555138292e-06
8.653608499e-06
7.752078671e-06
6.850548847e-06
1.267083787e-05
1.176426637e-05
1.085769484e-05
9.951123284e-06
9.044551754e-06
8.137980213e-06
7.231408668e-06
1.295684157e-05
1.204540912e-05
1.11339767e-05
1.022254425e-05
9.311111791e-06
8.399679338e-06
7.488246886e-06
1.312349559e-05
1.220888865e-05
1.129428181e-05
1.037967487e-05
9.465068001e-06
8.550461103e-06
7.635854196e-06
1.317767601e-05
1.226205173e-05
1.134642756e-05
1.043080331e-05
9.515179106e-06
8.599554884e-06
7.683930661e-06
1.312351272e-05
1.220890303e-05
1.129429338e-05
1.037968369e-05
9.465074035e-06
8.550464366e-06
7.635854694e-06
1.295683986e-05
1.204540742e-05
1.113397491e-05
1.022254242e-05
9.311109977e-06
8.399677472e-06
7.488244993e-06
1.267082336e-05
1.176425365e-05
1.085768389e-05
9.951114145e-06
9.04454441e-06
8.137974652e-06
7.231404907e-06
1.225970339e-05
1.135817679e-05
1.045665018e-05
9.555123571e-06
8.653596948e-06
7.752070347e-06
6.850543725e-06
1.171789552e-05
1.081927688e-05
9.920658219e-06
9.02203954e-06
8.123420894e-06
7.22480224e-06
6.326183585e-06
1.104094094e-05
1.013985335e-05
9.238765793e-06
8.337678223e-06
7.436590651e-06
6.535503074e-06
5.634415515e-06
1.022650619e-05
9.313270878e-06
8.400035588e-06
7.486800294e-06
6.573564984e-06
5.660329664e-06
4.747094342e-06
1.022780112e-05
9.313223356e-06
8.398645617e-06
7.484067858e-06
6.569490137e-06
5.654912387e-06
4.740334632e-06
1.10482854e-05
1.014390586e-05
9.239526425e-06
8.335146935e-06
7.430767461e-06
6.526387966e-06
5.622008479e-06
1.173654545e-05
1.083330946e-05
9.930073535e-06
9.02683755e-06
8.123601573e-06
7.220365627e-06
6.317129669e-06
1.229216008e-05
1.13851203e-05
1.047808052e-05
9.571040698e-06
8.664000894e-06
7.756961093e-06
6.849921289e-06
1.271702215e-05
1.180434643e-05
1.089167066e-05
9.978994887e-06
9.06631911e-06
8.153643334e-06
7.240967553e-06
1.301453205e-05
1.209662172e-05
1.117871138e-05
1.026080106e-05
9.342890701e-06
8.42498033e-06
7.507070004e-06
1.318879108e-05
1.226750143e-05
1.134621183e-05
1.042492221e-05
9.503632585e-06
8.58234295e-06
7.661053337e-06
1.324562936e-05
1.232325668e-05
1.140088407e-05
1.047851141e-05
9.556138744e-06
8.633766095e-06
7.711393455e-06
1.318880827e-05
1.226751587e-05
1.134622345e-05
1.042493103e-05
9.503638612e-06
8.582346186e-06
7.66105378e-06
1.301453032e-05
1.209661995e-05
1.117870956e-05
1.026079916e-05
9.342888798e-06
8.424978386e-06
7.507067986e-06
1.27170076e-05
1.180433361e-05
1.089165963e-05
9.978985643e-06
9.066311653e-06
8.153637647e-06
7.240963649e-06
1.229213564e-05
1.138509906e-05
1.047806245e-05
9.571025853e-06
8.663989233e-06
7.756952644e-06
6.849916035e-06
1.173651614e-05
1.083328411e-05
9.930052078e-06
9.026820041e-06
8.123588026e-06
7.220356009e-06
6.317123987e-06
1.104825328e-05
1.014387825e-05
9.239503283e-06
8.335128278e-06
7.430753277e-06
6.526378266e-06
5.622003291e-06
1.022776909e-05
9.313196101e-06
8.398623099e-06
7.484050108e-06
6.569477124e-06
5.654904079e-06
4.740331098e-06
1.022906401e-05
9.31314855e-06
8.397233107e-06
7.481317665e-06
6.565402256e-06
5.649486798e-06
4.733571366e-06
1.105559759e-05
1.014793039e-05
9.240263246e-06
8.332596058e-06
7.424928901e-06
6.51726171e-06
5.609594545e-06
1.175516518e-05
1.084731404e-05
9.939462945e-06
9.031611839e-06
8.123760719e-06
7.215909633e-06
6.308058495e-06
1.232458983e-05
1.141203492e-05
1.049947998e-05
9.586925051e-06
8.674370105e-06
7.761815201e-06
6.849260242e-06
1.276320144e-05
1.184441151e-05
1.092562152e-05
1.000683155e-05
9.088041569e-06
8.169251586e-06
7.250461612e-06
1.307221495e-05
1.214781172e-05
1.122340838e-05
1.029900512e-05
9.374601814e-06
8.450198494e-06
7.525795218e-06
1.325407706e-05
1.23260858e-05
1.139809452e-05
1.047010328e-05
9.542111973e-06
8.614120729e-06
7.686129449e-06
1.331357248e-05
1.238443102e-05
1.145528957e-05
1.05261481e-05
9.597006614e-06
8.667865163e-06
7.7387237e-06
1.325409434e-05
1.232610027e-05
1.139810619e-05
1.047011211e-05
9.542118008e-06
8.614123926e-06
7.686129856e-06
1.307221325e-05
1.214780987e-05
1.122340653e-05
1.029900316e-05
9.374599806e-06
8.450196456e-06
7.525793114e-06
1.276318682e-05
1.18443986e-05
1.092561039e-05
1.00068222e-05
9.088033987e-06
8.169245779e-06
7.250457571e-06
1.232456528e-05
1.141201358e-05
1.049946182e-05
9.586910098e-06
8.674358328e-06
7.761806613e-06
6.849254872e-06
1.17551358e-05
1.084728864e-05
9.939441441e-06
9.031594256e-06
8.123747092e-06
7.215899937e-06
6.308052747e-06
1.105556544e-05
1.014790273e-05
9.240240068e-06
8.332577366e-06
7.424914688e-06
6.517252001e-06
5.609589294e-06
1.022903199e-05
9.313121305e-06
8.397210593e-06
7.481299894e-06
6.565389237e-06
5.649478513e-06
4.733567801e-06
1.023032691e-05
9.313073743e-06
8.39582063e-06
7.478567494e-06
6.561314367e-06
5.644061226e-06
4.726808092e-06
1.106290965e-05
1.015195451e-05
9.240999398e-06
8.330044266e-06
7.419089135e-06
6.508133986e-06
5.597178878e-06
1.177378399e-05
1.086131596e-05
9.948847916e-06
9.036379872e-06
8.12391185e-06
7.211443794e-06
6.298975742e-06
1.235701701e-05
1.143894183e-05
1.05208666e-05
9.60279137e-06
8.684716173e-06
7.766640978e-06
6.848565736e-06
1.280937575e-05
1.188446164e-05
1.095954746e-05
1.003463332e-05
9.109719156e-06
8.184805015e-06
7.259890842e-06
1.312989036e-05
1.219897911e-05
1.126806775e-05
1.03371565e-05
9.406245155e-06
8.475333874e-06
7.544422548e-06
1.331935361e-05
1.238464179e-05
1.144992992e-05
1.051521811e-05
9.580506252e-06
8.645794439e-06
7.711082582e-06
1.338150544e-05
1.244557477e-05
1.150964409e-05
1.057371343e-05
9.637782777e-06
8.7018521e-06
7.765921436e-06
1.331937096e-05
1.238465631e-05
1.144994162e-05
1.051522695e-05
9.580512283e-06
8.6457976e-06
7.711082941e-06
1.312988861e-05
1.219897722e-05
1.126806586e-05
1.033715447e-05
9.40624308e-06
8.475331709e-06
7.544420358e-06
1.280936105e-05
1.188444865e-05
1.095953625e-05
1.003462386e-05
9.109711456e-06
8.184799074e-06
7.259886678e-06
1.235699238e-05
1.143892037e-05
1.052084834e-05
9.602776325e-06
8.684704274e-06
7.766632284e-06
6.848560244e-06
1.177375459e-05
1.086129047e-05
9.948826354e-06
9.036362221e-06
8.12389812e-06
7.211434026e-06
6.298969895e-06
1.106287749e-05
1.015192684e-05
9.240976199e-06
8.33002554e-06
7.419074908e-06
6.508124247e-06
5.597173583e-06
1.023029491e-05
9.31304651e-06
8.395798087e-06
7.478549721e-06
6.561301341e-06
5.644052931e-06
4.726804522e-06
1.023158982e-05
9.312998979e-06
8.394408163e-06
7.475817307e-06
6.55722648e-06
5.638635648e-06
4.720044829e-06
1.107022159e-05
1.015597823e-05
9.241734877e-06
8.327491539e-06
7.413248162e-06
6.499004801e-06
5.584761455e-06
1.179240198e-05
1.087531522e-05
9.958228452e-06
9.041141689e-06
8.124054923e-06
7.206968144e-06
6.289881385e-06
1.238944161e-05
1.146584099e-05
1.054224036e-05
9.618639698e-06
8.695039077e-06
7.771438437e-06
6.847837798e-06
1.285554508e-05
1.192449682e-05
1.099344851e-05
1.006240018e-05
9.131351883e-06
8.200303578e-06
7.269255276e-06
1.318755825e-05
1.225012391e-05
1.131268952e-05
1.037525516e-05
9.43782076e-06
8.500386412e-06
7.562952024e-06
1.338462072e-05
1.244316937e-05
1.150171805e-05
1.056026674e-05
9.618815397e-06
8.677364081e-06
7.735912737e-06
1.34494282e-05
1.250668795e-05
1.156394766e-05
1.062120743e-05
9.678467196e-06
8.735726918e-06
7.792986654e-06
1.338463813e-05
1.244318396e-05
1.150172975e-05
1.056027559e-05
9.618821423e-06
8.677367231e-06
7.735913051e-06
1.318755644e-05
1.2250122e-05
1.131268755e-05
1.037525308e-05
9.437818621e-06
8.500384165e-06
7.562949709e-06
1.28555303e-05
1.192448376e-05
1.09934372e-05
1.006239062e-05
9.131344076e-06
8.200297525e-06
7.269250974e-06
1.238941694e-05
1.146581946e-05
1.0542222e-05
9.618624535e-06
8.695027076e-06
7.771429641e-06
6.847832161e-06
1.179237252e-05
1.087528964e-05
9.958206813e-06
9.04112396e-06
8.124041124e-06
7.206958286e-06
6.289875428e-06
1.107018942e-05
1.015595057e-05
9.241711663e-06
8.327472789e-06
7.41323391e-06
6.498995006e-06
5.58475613e-06
1.023155781e-05
9.312971741e-06
8.394385617e-06
7.475799561e-06
6.557213452e-06
5.638627346e-06
4.720041255e-06
1.023285275e-05
9.312924216e-06
8.392995696e-06
7.473067149e-06
6.553138599e-06
5.633210079e-06
4.713281556e-06
1.107753342e-05
1.016000158e-05
9.242469705e-06
8.32493787e-06
7.407405991e-06
6.489874162e-06
5.572342283e-06
1.181101907e-05
1.08893118e-05
9.967604529e-06
9.04589724e-06
8.124189945e-06
7.202482676e-06
6.280775387e-06
1.242186366e-05
1.149273245e-05
1.056360127e-05
9.634470036e-06
8.705338824e-06
7.776207613e-06
6.847076407e-06
1.290170945e-05
1.196451703e-05
1.10273246e-05
1.009013216e-05
9.152939746e-06
8.215747304e-06
7.278554891e-06
1.324521863e-05
1.230124613e-05
1.135727363e-05
1.041330113e-05
9.469328629e-06
8.52535613e-06
7.581383632e-06
1.344987837e-05
1.250166861e-05
1.155345887e-05
1.060524915e-05
9.657039385e-06
8.70882967e-06
7.760619934e-06
1.351734077e-05
1.256777056e-05
1.16182003e-05
1.066863008e-05
9.719059848e-06
8.769489626e-06
7.819919374e-06
1.344989583e-05
1.250168325e-05
1.155347061e-05
1.060525802e-05
9.657045404e-06
8.708832813e-06
7.760620172e-06
1.324521679e-05
1.230124421e-05
1.135727158e-05
1.041329901e-05
9.469326386e-06
8.525353822e-06
7.581381191e-06
1.290169459e-05
1.196450388e-05
1.10273132e-05
1.009012252e-05
9.152931817e-06
8.215741154e-06
7.278550448e-06
1.242183891e-05
1.149271083e-05
1.056358281e-05
9.634454754e-06
8.705326714e-06
7.776198683e-06
6.84707063e-06
1.181098958e-05
1.088928616e-05
9.967582812e-06
9.04587944e-06
8.124176095e-06
7.202472718e-06
6.280769363e-06
1.107750125e-05
1.015997385e-05
9.242446482e-06
8.324919107e-06
7.407391706e-06
6.489864311e-06
5.57233693e-06
1.023282073e-05
9.31289697e-06
8.392973169e-06
7.473049379e-06
6.553125564e-06
5.633201784e-06
4.713277981e-06
1.023411567e-05
9.312849419e-06
8.391583204e-06
7.470316978e-06
6.549050734e-06
5.627784509e-06
4.706518262e-06
1.10848451e-05
1.016402449e-05
9.243203845e-06
8.322383248e-06
7.401562586e-06
6.480741995e-06
5.559921357e-06
1.182963521e-05
1.090330565e-05
9.976976074e-06
9.050646521e-06
8.12431691e-06
7.197987349e-06
6.271657765e-06
1.24542831e-05
1.151961617e-05
1.058494925e-05
9.650282325e-06
8.715615379e-06
7.780948441e-06
6.846281504e-06
1.294786878e-05
1.200452226e-05
1.106117575e-05
1.011782922e-05
9.174482704e-06
8.231136184e-06
7.287789656e-06
1.330287143e-05
1.235234574e-05
1.140182007e-05
1.045129437e-05
9.500768699e-06
8.550243013e-06
7.599717316e-06
1.351512652e-05
1.256013943e-05
1.160515235e-05
1.065016529e-05
9.695178214e-06
8.740191171e-06
7.785204093e-06
1.358524312e-05
1.262882256e-05
1.167240192e-05
1.071598135e-05
9.75956073e-06
8.80314017e-06
7.846719544e-06
1.351514404e-05
1.256015413e-05
1.160516414e-05
1.065017419e-05
9.695184216e-06
8.740194274e-06
7.785204282e-06
1.330286956e-05
1.235234377e-05
1.140181795e-05
1.045129219e-05
9.500766374e-06
8.550240606e-06
7.599714795e-06
1.294785385e-05
1.200450901e-05
1.106116424e-05
1.011781949e-05
9.174474664e-06
8.231129908e-06
7.287785084e-06
1.245425827e-05
1.151959444e-05
1.058493073e-05
9.650266918e-06
8.715603144e-06
7.780939386e-06
6.84627561e-06
1.182960568e-05
1.090327997e-05
9.976954323e-06
9.050628624e-06
8.124303011e-06
7.197977311e-06
6.271651659e-06
1.10848129e-05
1.016399673e-05
9.243180586e-06
8.32236443e-06
7.401548286e-06
6.480732104e-06
5.559915978e-06
1.023408368e-05
9.312822165e-06
8.391560657e-06
7.470299168e-06
6.549037697e-06
5.6277762e-06
4.706514709e-06
1.023537867e-05
9.312774698e-06
8.390170763e-06
7.467566836e-06
6.544962919e-06
5.622358963e-06
4.699755029e-06
1.109215674e-05
1.016804709e-05
9.243937409e-06
8.319827752e-06
7.395718069e-06
6.47160839e-06
5.547498735e-06
1.184825057e-05
1.091729693e-05
9.98634325e-06
9.05538962e-06
8.124435932e-06
7.193482259e-06
6.262528606e-06
1.248670008e-05
1.154649228e-05
1.060628445e-05
9.66607667e-06
8.725868835e-06
7.785661008e-06
6.845453202e-06
1.299402324e-05
1.204451263e-05
1.109500207e-05
1.014549148e-05
9.195980867e-06
8.246470288e-06
7.296959695e-06
1.336051681e-05
1.240342285e-05
1.144632897e-05
1.0489235e-05
9.532141069e-06
8.575047155e-06
7.617953203e-06
1.358036531e-05
1.261858196e-05
1.165679864e-05
1.069501531e-05
9.733231972e-06
8.771448682e-06
7.809665314e-06
1.365313539e-05
1.268984407e-05
1.172655266e-05
1.076326136e-05
9.799969958e-06
8.836678652e-06
7.873387259e-06
1.358038291e-05
1.261859672e-05
1.165681045e-05
1.069502422e-05
9.733237968e-06
8.771451737e-06
7.809665485e-06
1.33605149e-05
1.240342087e-05
1.144632679e-05
1.048923273e-05
9.532138703e-06
8.575044629e-06
7.6179506e-06
1.299400822e-05
1.204449935e-05
1.109499045e-05
1.014548161e-05
9.195972742e-06
8.246463872e-06
7.296954985e-06
1.248667513e-05
1.154647045e-05
1.060626583e-05
9.666061159e-06
8.725856494e-06
7.785651859e-06
6.845447181e-06
1.184822097e-05
1.091727119e-05
9.986321452e-06
9.055371659e-06
8.124421925e-06
7.193472157e-06
6.262522374e-06
1.10921245e-05
1.016801932e-05
9.243914133e-06
8.319808899e-06
7.395703713e-06
6.471598488e-06
5.547493306e-06
1.02353467e-05
9.312747431e-06
8.390148248e-06
7.467549053e-06
6.544949876e-06
5.622350662e-06
4.699751463e-06
1.023664165e-05
9.312699956e-06
8.388758328e-06
7.464816676e-06
6.540875067e-06
5.616933406e-06
4.692991756e-06
1.109946823e-05
1.017206922e-05
9.244670254e-06
8.317271275e-06
7.389872305e-06
6.462473325e-06
5.535074342e-06
1.186686502e-05
1.09312855e-05
9.995705956e-06
9.060126424e-06
8.124546883e-06
7.188967333e-06
6.253387794e-06
1.251911447e-05
1.157336062e-05
1.062760676e-05
9.681852948e-06
8.736099109e-06
7.790345248e-06
6.844591437e-06
1.304017269e-05
1.208448801e-05
1.11288034e-05
1.017311878e-05
9.217434152e-06
8.261749509e-06
7.306064875e-06
1.341815463e-05
1.245447736e-05
1.149080015e-05
1.05271229e-05
9.563445665e-06
8.59976844e-06
7.636091195e-06
1.364559459e-05
1.267699608e-05
1.170839758e-05
1.073979906e-05
9.771200561e-06
8.80260208e-06
7.834003554e-06
1.372101742e-05
1.275083495e-05
1.178065243e-05
1.081046994e-05
9.840287441e-06
8.870104958e-06
7.899922454e-06
1.364561227e-05
1.267701088e-05
1.170840944e-05
1.073980797e-05
9.771206559e-06
8.802605098e-06
7.834003681e-06
1.341815267e-05
1.245447533e-05
1.149079796e-05
1.052712056e-05
9.563443227e-06
8.599765824e-06
7.636088485e-06
1.304015756e-05
1.208447466e-05
1.112879171e-05
1.01731088e-05
9.217425897e-06
8.261742967e-06
7.306060045e-06
1.25190894e-05
1.157333871e-05
1.062758802e-05
9.681837352e-06
8.73608666e-06
7.790335983e-06
6.844585284e-06
1.186683534e-05
1.093125968e-05
9.995684082e-06
9.060108418e-06
8.124532773e-06
7.188957131e-06
6.253381482e-06
1.109943596e-05
1.017204143e-05
9.244646979e-06
8.317252413e-06
7.389857897e-06
6.462463386e-06
5.535068885e-06
1.023660965e-05
9.312672701e-06
8.388735841e-06
7.464798911e-06
6.540862e-06
5.616925103e-06
4.692988195e-06
1.023813572e-05
9.312832875e-06
8.387530076e-06
7.462227245e-06
6.53692443e-06
5.611621606e-06
4.686318764e-06
1.110759289e-05
1.017682286e-05
9.24605287e-06
8.315282856e-06
7.384512831e-06
6.453742835e-06
5.52297282e-06
1.188720284e-05
1.094682617e-05
1.000644954e-05
9.066072909e-06
8.125696251e-06
7.185319626e-06
6.244942974e-06
1.255472543e-05
1.160310809e-05
1.065149077e-05
9.699873446e-06
8.748256117e-06
7.796638786e-06
6.845021476e-06
1.309176818e-05
1.212936585e-05
1.116696355e-05
1.020456124e-05
9.242158975e-06
8.279756651e-06
7.31735435e-06
1.348440908e-05
1.251328307e-05
1.154215707e-05
1.057103105e-05
9.599905074e-06
8.628779061e-06
7.657653061e-06
1.372366058e-05
1.274694595e-05
1.177023128e-05
1.079351663e-05
9.816801995e-06
8.84008736e-06
7.863372701e-06
1.380434563e-05
1.282568827e-05
1.184703084e-05
1.086837343e-05
9.889716063e-06
8.911058656e-06
7.932401271e-06
1.372367789e-05
1.274696033e-05
1.177024279e-05
1.079352523e-05
9.816807699e-06
8.8400901e-06
7.863372588e-06
1.348440657e-05
1.251328047e-05
1.154215441e-05
1.057102829e-05
9.599902203e-06
8.628776098e-06
7.657650013e-06
1.309175244e-05
1.212935189e-05
1.116695136e-05
1.02045508e-05
9.242150256e-06
8.27974972e-06
7.317349164e-06
1.255469982e-05
1.160308568e-05
1.065147155e-05
9.699857414e-06
8.748243273e-06
7.796629148e-06
6.845015002e-06
1.188717266e-05
1.094679994e-05
1.000642725e-05
9.06605453e-06
8.125681821e-06
7.185309114e-06
6.244936402e-06
1.110756026e-05
1.017679474e-05
9.246029254e-06
8.315263708e-06
7.384498195e-06
6.453732676e-06
5.522967166e-06
1.023810359e-05
9.312805501e-06
8.387507455e-06
7.462209359e-06
6.536911281e-06
5.611613203e-06
4.68631512e-06
1.021540675e-05
9.314182352e-06
8.412957949e-06
7.511733576e-06
6.610509167e-06
5.709284777e-06
4.808060378e-06
1.097598243e-05
1.010438488e-05
9.232787393e-06
8.361189908e-06
7.489592387e-06
6.617994892e-06
5.746397422e-06
1.155205166e-05
1.06947031e-05
9.837354598e-06
8.980006098e-06
8.122657547e-06
7.26530902e-06
6.407960507e-06
1.197095426e-05
1.111847874e-05
1.026600324e-05
9.413527766e-06
8.56105227e-06
7.708576752e-06
6.856101271e-06
1.22604045e-05
1.140780782e-05
1.055521111e-05
9.702614446e-06
8.850017784e-06
7.997421059e-06
7.144824405e-06
1.244580245e-05
1.159118293e-05
1.073656338e-05
9.881943838e-06
9.027324327e-06
8.172704765e-06
7.31808524e-06
1.254794517e-05
1.169142387e-05
1.083490264e-05
9.97838139e-06
9.121860157e-06
8.265338909e-06
7.408817642e-06
1.258059234e-05
1.172332899e-05
1.086606567e-05
1.000880237e-05
9.151539067e-06
8.294275738e-06
7.437012412e-06
1.254796112e-05
1.169143733e-05
1.083491352e-05
9.978389751e-06
9.121865974e-06
8.265342173e-06
7.408818384e-06
1.24458005e-05
1.15911811e-05
1.073656167e-05
9.881942295e-06
9.027322892e-06
8.172703478e-06
7.318084098e-06
1.226039021e-05
1.140779547e-05
1.055520067e-05
9.70260595e-06
8.850011194e-06
7.997416417e-06
7.144821689e-06
1.197093028e-05
1.11184581e-05
1.02659859e-05
9.413513737e-06
8.561041548e-06
7.708569371e-06
6.856097191e-06
1.155202266e-05
1.069467815e-05
9.837333657e-06
8.979989175e-06
8.122644663e-06
7.26530017e-06
6.407955668e-06
1.097595036e-05
1.010435738e-05
9.232764434e-06
8.361171479e-06
7.489578467e-06
6.617985522e-06
5.746392565e-06
1.021537474e-05
9.314155086e-06
8.412935446e-06
7.511715803e-06
6.610496126e-06
5.709276498e-06
4.808056849e-06
1.021643584e-05
9.313897256e-06
8.411358611e-06
7.508820031e-06
6.606281399e-06
5.703742816e-06
4.8012042e-06
1.098247032e-05
1.010766783e-05
9.232865382e-06
8.358062967e-06
7.48326049e-06
6.608458069e-06
5.733655626e-06
1.156892831e-05
1.070714817e-05
9.845368057e-06
8.983587973e-06
8.121807818e-06
7.260027708e-06
6.398247596e-06
1.200017731e-05
1.114254195e-05
1.028490658e-05
9.42727125e-06
8.56963589e-06
7.712000507e-06
6.854365164e-06
1.230118493e-05
1.144308822e-05
1.058499152e-05
9.726894818e-06
8.868798136e-06
8.010701383e-06
7.152604696e-06
1.249504756e-05
1.163489614e-05
1.07747447e-05
9.91459326e-06
9.054441831e-06
8.194290368e-06
7.334138936e-06
1.260079195e-05
1.17389656e-05
1.087713931e-05
1.001531299e-05
9.153486678e-06
8.291660364e-06
7.42983404e-06
1.2633683e-05
1.177131216e-05
1.090894139e-05
1.004657057e-05
9.184199795e-06
8.321828968e-06
7.459458155e-06
1.260080848e-05
1.173897956e-05
1.087715065e-05
1.001532171e-05
9.153492811e-06
8.291663851e-06
7.429834948e-06
1.249504609e-05
1.163489472e-05
1.077474334e-05
9.914592001e-06
9.054440626e-06
8.194289253e-06
7.334137909e-06
1.230117102e-05
1.144307617e-05
1.058498133e-05
9.726886542e-06
8.868791701e-06
8.010696856e-06
7.152602035e-06
1.200015358e-05
1.114252149e-05
1.028488943e-05
9.427257353e-06
8.569625264e-06
7.711993184e-06
6.854361105e-06
1.156889958e-05
1.070712342e-05
9.845347321e-06
8.983571176e-06
8.121795047e-06
7.260018922e-06
6.398242808e-06
1.098243851e-05
1.010764054e-05
9.232842637e-06
8.358044687e-06
7.483246725e-06
6.608448804e-06
5.733650878e-06
1.021640395e-05
9.313870073e-06
8.411336203e-06
7.508802339e-06
6.606268461e-06
5.703734603e-06
4.801200728e-06
1.021769857e-05
9.313822308e-06
8.409946016e-06
7.506069727e-06
6.602193425e-06
5.698317191e-06
4.794440903e-06
1.098978353e-05
1.011169583e-05
9.233608148e-06
8.355520462e-06
7.477432735e-06
6.599345035e-06
5.721257337e-06
1.158755596e-05
1.072117676e-05
9.854797582e-06
8.98841844e-06
8.122039262e-06
7.255660087e-06
6.389280908e-06
1.20326301e-05
1.116952591e-05
1.030642179e-05
9.443317653e-06
8.580213516e-06
7.717109352e-06
6.854005213e-06
1.234740896e-05
1.148328781e-05
1.061916666e-05
9.755045488e-06
8.890924371e-06
8.026803167e-06
7.162682021e-06
1.255279814e-05
1.168628929e-05
1.081978043e-05
9.953271551e-06
9.086762714e-06
8.220253831e-06
7.353744975e-06
1.266616298e-05
1.179780531e-05
1.092944765e-05
1.006108999e-05
9.192732318e-06
8.324374667e-06
7.456017005e-06
1.270171778e-05
1.183276164e-05
1.096380554e-05
1.00948494e-05
9.225893273e-06
8.356937147e-06
7.487981002e-06
1.26661796e-05
1.17978193e-05
1.092945904e-05
1.006109873e-05
9.192738447e-06
8.324378129e-06
7.456017838e-06
1.255279665e-05
1.168628781e-05
1.081977901e-05
9.953270242e-06
9.086761418e-06
8.220252621e-06
7.353743837e-06
1.234739499e-05
1.148327565e-05
1.061915639e-05
9.755037109e-06
8.890917805e-06
8.026798514e-06
7.162679218e-06
1.203260626e-05
1.116950537e-05
1.030640454e-05
9.44330365e-06
8.580202771e-06
7.717101893e-06
6.854001023e-06
1.158752715e-05
1.072115195e-05
9.854776781e-06
8.988401583e-06
8.122026379e-06
7.255651215e-06
6.389276029e-06
1.098975174e-05
1.011166851e-05
9.233585325e-06
8.355502123e-06
7.477418921e-06
6.59933575e-06
5.721252527e-06
1.021766668e-05
9.31379511e-06
8.409923574e-06
7.506052064e-06
6.602180502e-06
5.698308957e-06
4.794437406e-06
1.02189613e-05
9.313747378e-06
8.408533426e-06
7.503319459e-06
6.598105479e-06
5.692891562e-06
4.787677603e-06
1.099709664e-05
1.011572342e-05
9.23435024e-06
8.352977006e-06
7.471603765e-06
6.590230537e-06
5.70885731e-06
1.160618271e-05
1.073520265e-05
9.864222651e-06
8.993242664e-06
8.122262657e-06
7.251282644e-06
6.380302613e-06
1.206508029e-05
1.119650218e-05
1.032792411e-05
9.459346054e-06
8.59076797e-06
7.722189876e-06
6.853611812e-06
1.239362799e-05
1.152347244e-05
1.065331684e-05
9.783161267e-06
8.913005718e-06
8.042850094e-06
7.172694549e-06
1.261054115e-05
1.173765986e-05
1.086477849e-05
9.991897149e-06
9.119015823e-06
8.246134472e-06
7.373253139e-06
1.273152452e-05
1.185661663e-05
1.098170867e-05
1.010680076e-05
9.231892805e-06
8.356984901e-06
7.482076974e-06
1.276974233e-05
1.189418052e-05
1.101861867e-05
1.014305686e-05
9.267494999e-06
8.391933192e-06
7.516371341e-06
1.273154123e-05
1.185663067e-05
1.098172007e-05
1.010680951e-05
9.231898914e-06
8.356988359e-06
7.48207775e-06
1.261053964e-05
1.173765833e-05
1.086477704e-05
9.991895753e-06
9.119014464e-06
8.24613317e-06
7.373251892e-06
1.239361394e-05
1.152346019e-05
1.065330649e-05
9.783152759e-06
8.912999049e-06
8.042845321e-06
7.172691606e-06
1.206505637e-05
1.119648157e-05
1.032790677e-05
9.459331937e-06
8.590757118e-06
7.722182307e-06
6.853607472e-06
1.160615382e-05
1.073517779e-05
9.864201763e-06
8.993225732e-06
8.122249682e-06
7.251273675e-06
6.380297627e-06
1.099706482e-05
1.011569607e-05
9.234327357e-06
8.35295865e-06
7.471589908e-06
6.590221198e-06
5.708852443e-06
1.02189294e-05
9.313720193e-06
8.408510959e-06
7.503301774e-06
6.598092515e-06
5.692883326e-06
4.787674116e-06
1.02202241e-05
9.313672485e-06
8.407120846e-06
7.500569208e-06
6.594017583e-06
5.687465944e-06
4.780914339e-06
1.10044097e-05
1.011975068e-05
9.235091675e-06
8.350432633e-06
7.465773628e-06
6.581114584e-06
5.696455576e-06
1.162480859e-05
1.074922592e-05
9.873643297e-06
8.998060681e-06
8.122478041e-06
7.2468954e-06
6.371312739e-06
1.209752795e-05
1.12234708e-05
1.03494136e-05
9.475356467e-06
8.601299302e-06
7.727242132e-06
6.85318497e-06
1.243984208e-05
1.156364215e-05
1.068744217e-05
9.811242176e-06
8.935042228e-06
8.058842223e-06
7.182642281e-06
1.26682767e-05
1.178900786e-05
1.090973897e-05
1.003047009e-05
9.151201209e-06
8.271932328e-06
7.39266345e-06
1.279687668e-05
1.191539958e-05
1.103392245e-05
1.015244533e-05
9.270968201e-06
8.389491106e-06
7.508013975e-06
1.283775675e-05
1.195556884e-05
1.107338091e-05
1.019119297e-05
9.309005047e-06
8.426817132e-06
7.544629195e-06
1.279689345e-05
1.191541369e-05
1.103393387e-05
1.015245409e-05
9.270974303e-06
8.389494525e-06
7.508014716e-06
1.266827515e-05
1.178900631e-05
1.090973745e-05
1.003046862e-05
9.151199787e-06
8.271930941e-06
7.392662084e-06
1.243982797e-05
1.156362982e-05
1.068743171e-05
9.811233563e-06
8.935035446e-06
8.058837321e-06
7.182639186e-06
1.209750396e-05
1.122345005e-05
1.034939616e-05
9.475342246e-06
8.601288335e-06
7.727234433e-06
6.853180497e-06
1.162477967e-05
1.074920098e-05
9.873622348e-06
8.998043664e-06
8.122464986e-06
7.246886329e-06
6.371307662e-06
1.100437783e-05
1.011972328e-05
9.235068772e-06
8.350414256e-06
7.465759714e-06
6.581105189e-06
5.696450649e-06
1.022019218e-05
9.313645306e-06
8.407098388e-06
7.50055149e-06
6.594004604e-06
5.68745771e-06
4.780910826e-06
1.022148691e-05
9.313597593e-06
8.40570827e-06
7.497818961e-06
6.589929658e-06
5.682040337e-06
4.774151035e-06
1.101172257e-05
1.012377755e-05
9.23583243e-06
8.34788733e-06
7.459942264e-06
6.571997157e-06
5.684052085e-06
1.164343357e-05
1.076324655e-05
9.88305946e-06
9.002872434e-06
8.122685386e-06
7.242498313e-06
6.362311257e-06
1.212997304e-05
1.125043166e-05
1.037089024e-05
9.491348844e-06
8.611807458e-06
7.732266064e-06
6.852724657e-06
1.24860512e-05
1.160379688e-05
1.072154255e-05
9.839288193e-06
8.957033852e-06
8.074779514e-06
7.192525183e-06
1.272600472e-05
1.184033325e-05
1.095466179e-05
1.006899032e-05
9.183318828e-06
8.297647363e-06
7.411975888e-06
1.286221937e-05
1.197415413e-05
1.108608891e-05
1.019802367e-05
9.309958454e-06
8.421893223e-06
7.533827992e-06
1.290576097e-05
1.201692658e-05
1.112809217e-05
1.023925774e-05
9.350423345e-06
8.461588924e-06
7.572754524e-06
1.28622362e-05
1.197416831e-05
1.108610037e-05
1.019803245e-05
9.30996454e-06
8.421896595e-06
7.533828696e-06
1.272600313e-05
1.184033168e-05
1.095466023e-05
1.006898877e-05
9.183317338e-06
8.297645864e-06
7.411974419e-06
1.248603701e-05
1.160378448e-05
1.0721532e-05
9.839279466e-06
8.957026969e-06
8.07477445e-06
7.192521957e-06
1.212994897e-05
1.125041081e-05
1.03708727e-05
9.491334527e-06
8.611796363e-06
7.732258222e-06
6.852720082e-06
1.164340462e-05
1.076322149e-05
9.883038442e-06
9.00285533e-06
8.122672233e-06
7.242489173e-06
6.362306072e-06
1.10116907e-05
1.01237501e-05
9.235809513e-06
8.347868911e-06
7.45992831e-06
6.571987719e-06
5.684047094e-06
1.022145497e-05
9.313570385e-06
8.405685816e-06
7.497801226e-06
6.589916672e-06
5.682032103e-06
4.774147523e-06
1.02227497e-05
9.313522742e-06
8.404295694e-06
7.495068738e-06
6.585841729e-06
5.676614728e-06
4.767387748e-06
1.101903536e-05
1.012780399e-05
9.236572537e-06
8.34534112e-06
7.454109698e-06
6.562878256e-06
5.671646847e-06
1.16620577e-05
1.077726447e-05
9.892471192e-06
9.007677942e-06
8.122884691e-06
7.238091415e-06
6.353298158e-06
1.216241557e-05
1.127738478e-05
1.039235403e-05
9.507323229e-06
8.622292449e-06
7.737261681e-06
6.852230901e-06
1.253225534e-05
1.164393667e-05
1.0755618e-05
9.867299324e-06
8.978980628e-06
8.090661948e-06
7.202343289e-06
1.278372521e-05
1.189163609e-05
1.099954698e-05
1.010745786e-05
9.21536871e-06
8.323279578e-06
7.431190447e-06
1.292755262e-05
1.203288031e-05
1.113820807e-05
1.024353581e-05
9.348863561e-06
8.454191285e-06
7.559519012e-06
1.297375501e-05
1.207825375e-05
1.118275245e-05
1.028725118e-05
9.391749886e-06
8.496248605e-06
7.600747334e-06
1.292756949e-05
1.203289458e-05
1.113821957e-05
1.024354461e-05
9.348869605e-06
8.454194643e-06
7.559519677e-06
1.27837236e-05
1.189163448e-05
1.099954536e-05
1.010745622e-05
9.215367128e-06
8.323277987e-06
7.431188876e-06
1.253224107e-05
1.164392419e-05
1.075560736e-05
9.86729047e-06
8.978973645e-06
8.090656762e-06
7.202339929e-06
1.216239141e-05
1.12773639e-05
1.039233636e-05
9.507308789e-06
8.622281263e-06
7.737253719e-06
6.852226183e-06
1.166202867e-05
1.077723935e-05
9.892450062e-06
9.007660758e-06
8.122871479e-06
7.23808217e-06
6.353292866e-06
1.101900346e-05
1.012777652e-05
9.236549601e-06
8.345322643e-06
7.454095699e-06
6.562868767e-06
5.671641827e-06
1.022271777e-05
9.313495523e-06
8.404273249e-06
7.495050993e-06
6.585828728e-06
5.676606502e-06
4.767384225e-06
1.022401252e-05
9.313447868e-06
8.402883156e-06
7.492318518e-06
6.58175382e-06
5.671189134e-06
4.760624477e-06
1.102634805e-05
1.013183004e-05
9.237312006e-06
8.342793972e-06
7.448275929e-06
6.553757896e-06
5.659239866e-06
1.168068097e-05
1.079127971e-05
9.901878454e-06
9.012477197e-06
8.123075951e-06
7.233674698e-06
6.344273439e-06
1.219485556e-05
1.130433021e-05
1.041380494e-05
9.523279614e-06
8.632754305e-06
7.742228996e-06
6.851703679e-06
1.257845451e-05
1.168406153e-05
1.078966854e-05
9.895275539e-06
9.000882554e-06
8.106489537e-06
7.212096575e-06
1.284143819e-05
1.194291636e-05
1.104439453e-05
1.014587268e-05
9.247350842e-06
8.348828972e-06
7.450307138e-06
1.299287641e-05
1.209157815e-05
1.119027995e-05
1.028898173e-05
9.38768351e-06
8.486385292e-06
7.585087062e-06
1.304173887e-05
1.213955033e-05
1.123736179e-05
1.033517326e-05
9.432984695e-06
8.530796166e-06
7.628607625e-06
1.299289337e-05
1.209159243e-05
1.119029148e-05
1.028899054e-05
9.387689561e-06
8.486388621e-06
7.585087668e-06
1.284143657e-05
1.19429147e-05
1.104439285e-05
1.014587101e-05
9.247349162e-06
8.348827304e-06
7.450305454e-06
1.257844016e-05
1.168404896e-05
1.078965778e-05
9.895266615e-06
9.000875431e-06
8.106484238e-06
7.212093074e-06
1.219483129e-05
1.130430927e-05
1.041378715e-05
9.523265068e-06
8.632742996e-06
7.742220902e-06
6.851698833e-06
1.168065184e-05
1.079125456e-05
9.901857234e-06
9.01245994e-06
8.123062668e-06
7.233665345e-06
6.344268077e-06
1.102631609e-05
1.013180255e-05
9.237289018e-06
8.342775459e-06
7.448261901e-06
6.55374836e-06
5.659234816e-06
1.022398059e-05
9.313420664e-06
8.402860705e-06
7.492300772e-06
6.58174081e-06
5.671180877e-06
4.760620924e-06
1.022527536e-05
9.313372996e-06
8.401470652e-06
7.489568293e-06
6.577665912e-06
5.665763543e-06
4.75386118e-06
1.103366062e-05
1.013585572e-05
9.238050799e-06
8.34024587e-06
7.44244098e-06
6.544636072e-06
5.646831137e-06
1.169930336e-05
1.080529231e-05
9.911281265e-06
9.017270214e-06
8.123259187e-06
7.229248167e-06
6.335237124e-06
1.222729295e-05
1.133126796e-05
1.043524299e-05
9.539217993e-06
8.64319299e-06
7.74716801e-06
6.851142999e-06
1.26246487e-05
1.172417142e-05
1.082369417e-05
9.923216878e-06
9.022739597e-06
8.122262314e-06
7.221785043e-06
1.289914366e-05
1.199417405e-05
1.108920446e-05
1.018423481e-05
9.279265214e-06
8.374295572e-06
7.469325965e-06
1.305819073e-05
1.215024763e-05
1.124230453e-05
1.033436143e-05
9.426418324e-06
8.518475239e-06
7.610532131e-06
1.310971256e-05
1.220081637e-05
1.129192016e-05
1.038302399e-05
9.474127773e-06
8.565231606e-06
7.656335406e-06
1.30582078e-05
1.215026194e-05
1.12423161e-05
1.033437023e-05
9.426424383e-06
8.518478531e-06
7.61053269e-06
1.289914202e-05
1.199417233e-05
1.108920273e-05
1.018423308e-05
9.279263446e-06
8.374293801e-06
7.469324184e-06
1.262463429e-05
1.172415878e-05
1.082368332e-05
9.92320785e-06
9.022732358e-06
8.12225687e-06
7.221781417e-06
1.222726863e-05
1.13312469e-05
1.04352251e-05
9.539203339e-06
8.643181566e-06
7.747159785e-06
6.85113803e-06
1.169927416e-05
1.080526709e-05
9.911259972e-06
9.017252879e-06
8.123245821e-06
7.229238728e-06
6.335231654e-06
1.103362862e-05
1.013582818e-05
9.238027762e-06
8.340227335e-06
7.442426912e-06
6.544626479e-06
5.646826043e-06
1.022524343e-05
9.313345802e-06
8.401448179e-06
7.489550558e-06
6.577652904e-06
5.665755278e-06
4.753857648e-06
1.02265382e-05
9.313298133e-06
8.400058081e-06
7.486818037e-06
6.573578008e-06
5.66033793e-06
4.747097877e-06
1.104097303e-05
1.013988096e-05
9.238788899e-06
8.337696823e-06
7.436604809e-06
6.535512724e-06
5.634420657e-06
1.17179248e-05
1.081930219e-05
9.920679589e-06
9.02205696e-06
8.123434377e-06
7.224811777e-06
6.326189177e-06
1.225972773e-05
1.135819797e-05
1.045666814e-05
9.555138301e-06
8.653608482e-06
7.752078684e-06
6.850548849e-06
1.267083787e-05
1.176426635e-05
1.085769483e-05
9.951123293e-06
9.044551739e-06
8.137980215e-06
7.231408688e-06
1.295684157e-05
1.204540911e-05
1.113397667e-05
1.022254424e-05
9.311111794e-06
8.399679333e-06
7.488246897e-06
1.312349558e-05
1.220888867e-05
1.129428177e-05
1.037967487e-05
9.465067991e-06
8.550461084e-06
7.635854189e-06
1.317767602e-05
1.226205176e-05
1.134642755e-05
1.043080332e-05
9.515179106e-06
8.599554871e-06
7.683930659e-06
1.312351271e-05
1.220890304e-05
1.129429337e-05
1.03796837e-05
9.46507402e-06
8.550464351e-06
7.635854704e-06
1.295683987e-05
1.204540739e-05
1.113397491e-05
1.022254243e-05
9.311109943e-06
8.399677469e-06
7.488245009e-06
1.267082339e-05
1.176425363e-05
1.08576839e-05
9.951114136e-06
9.044544402e-06
8.137974647e-06
7.231404913e-06
1.225970337e-05
1.135817677e-05
1.045665016e-05
9.555123539e-06
8.653596959e-06
7.752070345e-06
6.850543725e-06
1.171789554e-05
1.081927689e-05
9.920658231e-06
9.022039544e-06
8.123420936e-06
7.224802254e-06
6.326183575e-06
1.104094101e-05
1.013985338e-05
9.238765814e-06
8.337678246e-06
7.436590686e-06
6.53550309e-06
5.634415516e-06
1.022650623e-05
9.31327091e-06
8.40003562e-06
7.486800314e-06
6.573564974e-06
5.660329668e-06
4.747094357e-06
1.022780112e-05
9.313223361e-06
8.398645599e-06
7.484067858e-06
6.569490151e-06
5.65491237e-06
4.740334642e-06
1.10482854e-05
1.014390587e-05
9.239526425e-06
8.335146917e-06
7.430767461e-06
6.526387964e-06
5.622008476e-06
1.173654547e-05
1.083330947e-05
9.930073535e-06
9.026837545e-06
8.123601581e-06
7.220365619e-06
6.317129659e-06
1.229216008e-05
1.138512032e-05
1.047808052e-05
9.571040701e-06
8.664000907e-06
7.756961099e-06
6.849921291e-06
1.271702216e-05
1.180434641e-05
1.089167066e-05
9.978994878e-06
9.066319104e-06
8.153643337e-06
7.240967572e-06
1.301453205e-05
1.20966217e-05
1.117871136e-05
1.026080104e-05
9.342890693e-06
8.424980337e-06
7.507070016e-06
1.318879106e-05
1.226750144e-05
1.134621181e-05
1.042492218e-05
9.503632575e-06
8.582342942e-06
7.661053331e-06
1.324562938e-05
1.232325668e-05
1.140088406e-05
1.047851141e-05
9.556138757e-06
8.633766094e-06
7.711393452e-06
1.318880827e-05
1.226751584e-05
1.134622344e-05
1.042493104e-05
9.503638609e-06
8.582346181e-06
7.661053796e-06
1.301453032e-05
1.209661994e-05
1.117870955e-05
1.026079916e-05
9.342888777e-06
8.424978382e-06
7.507068023e-06
1.271700762e-05
1.18043336e-05
1.089165962e-05
9.978985617e-06
9.066311654e-06
8.153637643e-06
7.24096366e-06
1.229213566e-05
1.138509903e-05
1.047806244e-05
9.57102583e-06
8.663989252e-06
7.756952643e-06
6.849916037e-06
1.173651613e-05
1.083328413e-05
9.930052109e-06
9.026820048e-06
8.123588051e-06
7.220356023e-06
6.317123976e-06
1.104825332e-05
1.014387829e-05
9.239503299e-06
8.335128302e-06
7.430753306e-06
6.5263783e-06
5.62200329e-06
1.022776912e-05
9.313196134e-06
8.398623131e-06
7.484050112e-06
6.569477095e-06
5.654904101e-06
4.740331086e-06
1.022906401e-05
9.31314855e-06
8.397233107e-06
7.481317665e-06
6.565402253e-06
5.649486779e-06
4.733571384e-06
1.105559761e-05
1.014793039e-05
9.240263252e-06
8.332596043e-06
7.424928905e-06
6.517261711e-06
5.609594543e-06
1.175516517e-05
1.084731405e-05
9.939462972e-06
9.031611839e-06
8.123760734e-06
7.215909604e-06
6.308058498e-06
1.232458983e-05
1.141203493e-05
1.049947999e-05
9.586925052e-06
8.674370142e-06
7.761815173e-06
6.849260244e-06
1.276320145e-05
1.184441148e-05
1.092562152e-05
1.000683153e-05
9.088041578e-06
8.169251581e-06
7.250461612e-06
1.307221495e-05
1.214781169e-05
1.122340839e-05
1.029900508e-05
9.374601804e-06
8.450198498e-06
7.525795215e-06
1.325407704e-05
1.232608581e-05
1.139809451e-05
1.047010326e-05
9.542111976e-06
8.614120721e-06
7.686129435e-06
1.33135725e-05
1.238443102e-05
1.145528956e-05
1.052614811e-05
9.597006628e-06
8.667865174e-06
7.738723688e-06
1.325409435e-05
1.232610025e-05
1.139810618e-05
1.04701121e-05
9.542118017e-06
8.614123934e-06
7.686129863e-06
1.307221321e-05
1.214780986e-05
1.122340651e-05
1.029900315e-05
9.374599809e-06
8.450196461e-06
7.525793118e-06
1.276318682e-05
1.18443986e-05
1.092561038e-05
1.000682218e-05
9.088033989e-06
8.169245785e-06
7.250457578e-06
1.232456532e-05
1.141201354e-05
1.049946181e-05
9.586910092e-06
8.674358356e-06
7.761806604e-06
6.849254875e-06
1.175513583e-05
1.084728865e-05
9.939441469e-06
9.03159428e-06
8.123747104e-06
7.215899921e-06
6.308052744e-06
1.105556548e-05
1.014790279e-05
9.240240084e-06
8.332577397e-06
7.424914707e-06
6.517251996e-06
5.60958931e-06
1.0229032e-05
9.313121322e-06
8.397210643e-06
7.481299914e-06
6.565389222e-06
5.64947852e-06
4.73356782e-06
1.023032691e-05
9.313073745e-06
8.395820625e-06
7.478567492e-06
6.561314355e-06
5.644061223e-06
4.726808112e-06
1.106290969e-05
1.015195453e-05
9.2409994e-06
8.330044273e-06
7.419089143e-06
6.508133991e-06
5.597178879e-06
1.1773784e-05
1.086131597e-05
9.948847916e-06
9.036379884e-06
8.123911864e-06
7.211443768e-06
6.298975732e-06
1.2357017e-05
1.143894183e-05
1.05208666e-05
9.602791371e-06
8.684716211e-06
7.766640965e-06
6.848565749e-06
1.280937574e-05
1.188446163e-05
1.095954746e-05
1.003463329e-05
9.109719164e-06
8.184805002e-06
7.259890855e-06
1.312989034e-05
1.21989791e-05
1.126806775e-05
1.033715647e-05
9.406245154e-06
8.47533385e-06
7.544422559e-06
1.331935359e-05
1.238464178e-05
1.144992991e-05
1.051521812e-05
9.580506255e-06
8.645794422e-06
7.711082587e-06
1.338150545e-05
1.244557478e-05
1.15096441e-05
1.057371345e-05
9.637782779e-06
8.7018521e-06
7.765921444e-06
1.331937095e-05
1.23846563e-05
1.144994162e-05
1.051522695e-05
9.580512292e-06
8.64579761e-06
7.711082952e-06
1.312988857e-05
1.219897723e-05
1.126806583e-05
1.033715446e-05
9.406243083e-06
8.475331722e-06
7.544420336e-06
1.280936105e-05
1.188444867e-05
1.095953623e-05
1.003462385e-05
9.10971145e-06
8.184799079e-06
7.259886678e-06
1.235699242e-05
1.143892033e-05
1.052084834e-05
9.602776321e-06
8.684704302e-06
7.766632268e-06
6.848560262e-06
1.177375465e-05
1.086129048e-05
9.948826384e-06
9.036362253e-06
8.123898134e-06
7.211433997e-06
6.298969884e-06
1.106287754e-05
1.015192688e-05
9.240976217e-06
8.330025573e-06
7.419074913e-06
6.508124231e-06
5.597173583e-06
1.023029491e-05
9.31304651e-06
8.395798125e-06
7.478549735e-06
6.561301321e-06
5.644052928e-06
4.72680455e-06
1.023158984e-05
9.312998998e-06
8.394408143e-06
7.475817305e-06
6.557226468e-06
5.638635668e-06
4.72004484e-06
1.107022164e-05
1.015597826e-05
9.241734895e-06
8.327491571e-06
7.413248173e-06
6.499004808e-06
5.584761455e-06
1.179240198e-05
1.087531522e-05
9.958228426e-06
9.041141696e-06
8.124054931e-06
7.206968136e-06
6.289881377e-06
1.238944163e-05
1.146584099e-05
1.054224037e-05
9.618639699e-06
8.695039092e-06
7.771438451e-06
6.847837795e-06
1.285554508e-05
1.192449681e-05
1.09934485e-05
1.006240017e-05
9.131351878e-06
8.200303586e-06
7.269255281e-06
1.318755823e-05
1.225012389e-05
1.13126895e-05
1.037525514e-05
9.437820767e-06
8.500386374e-06
7.562952038e-06
1.33846207e-05
1.244316936e-05
1.150171804e-05
1.056026674e-05
9.618815403e-06
8.677364057e-06
7.735912761e-06
1.344942822e-05
1.250668796e-05
1.156394769e-05
1.062120744e-05
9.678467187e-06
8.735726918e-06
7.792986681e-06
1.338463812e-05
1.244318396e-05
1.150172976e-05
1.05602756e-05
9.61882142e-06
8.677367229e-06
7.73591306e-06
1.318755643e-05
1.225012201e-05
1.131268752e-05
1.037525308e-05
9.437818608e-06
8.500384166e-06
7.562949701e-06
1.28555303e-05
1.192448376e-05
1.099343718e-05
1.006239063e-05
9.131344063e-06
8.200297529e-06
7.269250968e-06
1.238941695e-05
1.146581945e-05
1.054222201e-05
9.618624531e-06
8.695027074e-06
7.771429631e-06
6.847832175e-06
1.179237255e-05
1.087528964e-05
9.958206839e-06
9.04112397e-06
8.124041119e-06
7.206958279e-06
6.289875418e-06
1.107018946e-05
1.015595057e-05
9.2417117e-06
8.327472812e-06
7.413233906e-06
6.498995023e-06
5.584756126e-06
1.023155782e-05
9.312971735e-06
8.394385626e-06
7.475799541e-06
6.557213438e-06
5.638627367e-06
4.720041262e-06
1.023285278e-05
9.312924252e-06
8.392995665e-06
7.473067149e-06
6.553138611e-06
5.633210105e-06
4.713281559e-06
1.107753346e-05
1.01600016e-05
9.242469757e-06
8.324937909e-06
7.407405999e-06
6.489874157e-06
5.572342281e-06
1.181101907e-05
1.088931178e-05
9.967604506e-06
9.045897253e-06
8.124189948e-06
7.202482679e-06
6.280775389e-06
1.242186371e-05
1.149273246e-05
1.056360126e-05
9.634470044e-06
8.705338823e-06
7.776207624e-06
6.847076381e-06
1.290170946e-05
1.196451701e-05
1.102732461e-05
1.009013216e-05
9.152939742e-06
8.215747327e-06
7.278554892e-06
1.324521861e-05
1.230124609e-05
1.135727363e-05
1.041330111e-05
9.469328635e-06
8.525356103e-06
7.581383628e-06
1.344987835e-05
1.250166859e-05
1.155345886e-05
1.060524914e-05
9.657039415e-06
8.708829645e-06
7.760619929e-06
1.351734079e-05
1.256777057e-05
1.161820032e-05
1.066863009e-05
9.719059864e-06
8.769489617e-06
7.819919382e-06
1.344989583e-05
1.250168325e-05
1.155347062e-05
1.060525802e-05
9.657045401e-06
8.708832799e-06
7.760620167e-06
1.324521677e-05
1.230124419e-05
1.135727158e-05
1.0413299e-05
9.469326375e-06
8.525353816e-06
7.581381192e-06
1.290169458e-05
1.196450389e-05
1.102731319e-05
1.009012251e-05
9.152931802e-06
8.215741158e-06
7.278550456e-06
1.242183891e-05
1.149271083e-05
1.05635828e-05
9.63445475e-06
8.705326696e-06
7.776198694e-06
6.847070628e-06
1.181098957e-05
1.088928615e-05
9.967582829e-06
9.045879446e-06
8.124176085e-06
7.202472734e-06
6.280769337e-06
1.107750127e-05
1.015997387e-05
9.242446491e-06
8.324919098e-06
7.407391701e-06
6.489864341e-06
5.572336922e-06
1.023282079e-05
9.312896965e-06
8.392973171e-06
7.473049377e-06
6.55312558e-06
5.633201794e-06
4.713277997e-06
1.02341157e-05
9.312849436e-06
8.391583189e-06
7.470316978e-06
6.549050742e-06
5.627784509e-06
4.706518267e-06
1.108484512e-05
1.016402451e-05
9.243203901e-06
8.322383266e-06
7.401562613e-06
6.480741992e-06
5.559921358e-06
1.182963522e-05
1.090330568e-05
9.97697607e-06
9.050646509e-06
8.124316937e-06
7.197987351e-06
6.27165777e-06
1.245428315e-05
1.151961619e-05
1.058494924e-05
9.650282316e-06
8.715615386e-06
7.780948448e-06
6.846281508e-06
1.29478688e-05
1.200452225e-05
1.106117574e-05
1.011782923e-05
9.1744827e-06
8.231136191e-06
7.287789664e-06
1.33028714e-05
1.235234571e-05
1.140182004e-05
1.045129437e-05
9.500768697e-06
8.550243002e-06
7.599717313e-06
1.351512648e-05
1.256013943e-05
1.160515233e-05
1.065016528e-05
9.695178229e-06
8.740191154e-06
7.785204078e-06
1.358524314e-05
1.262882257e-05
1.167240193e-05
1.071598136e-05
9.759560748e-06
8.803140161e-06
7.846719544e-06
1.351514404e-05
1.256015412e-05
1.160516413e-05
1.065017419e-05
9.695184211e-06
8.740194272e-06
7.78520428e-06
1.330286954e-05
1.235234375e-05
1.140181796e-05
1.045129218e-05
9.500766359e-06
8.550240601e-06
7.599714791e-06
1.294785384e-05
1.200450904e-05
1.106116424e-05
1.011781946e-05
9.174474641e-06
8.231129902e-06
7.28778511e-06
1.245425826e-05
1.151959447e-05
1.058493069e-05
9.65026693e-06
8.715603136e-06
7.780939399e-06
6.846275613e-06
1.182960568e-05
1.090327996e-05
9.976954325e-06
9.050628666e-06
8.124302979e-06
7.197977329e-06
6.27165165e-06
1.108481293e-05
1.016399673e-05
9.243180577e-06
8.322364445e-06
7.40154826e-06
6.480732142e-06
5.559915957e-06
1.023408372e-05
9.312822146e-06
8.391560654e-06
7.470299206e-06
6.549037684e-06
5.627776197e-06
4.706514706e-06
1.023537871e-05
9.312774708e-06
8.390170797e-06
7.46756685e-06
6.544962919e-06
5.622358956e-06
4.699755024e-06
1.109215677e-05
1.01680471e-05
9.24393743e-06
8.319827768e-06
7.395718086e-06
6.47160839e-06
5.547498738e-06
1.18482506e-05
1.091729695e-05
9.986343263e-06
9.055389616e-06
8.124435958e-06
7.193482261e-06
6.26252861e-06
1.248670013e-05
1.154649227e-05
1.060628446e-05
9.666076649e-06
8.72586886e-06
7.78566101e-06
6.845453217e-06
1.299402324e-05
1.204451265e-05
1.109500205e-05
1.014549147e-05
9.195980868e-06
8.246470282e-06
7.296959689e-06
1.336051675e-05
1.240342286e-05
1.144632894e-05
1.0489235e-05
9.532141059e-06
8.575047147e-06
7.617953199e-06
1.358036527e-05
1.261858196e-05
1.165679862e-05
1.06950153e-05
9.733231963e-06
8.771448675e-06
7.809665319e-06
1.365313541e-05
1.268984409e-05
1.172655267e-05
1.076326137e-05
9.799969964e-06
8.836678655e-06
7.873387268e-06
1.358038292e-05
1.26185967e-05
1.165681044e-05
1.069502422e-05
9.733237964e-06
8.771451746e-06
7.809665476e-06
1.336051491e-05
1.240342083e-05
1.144632679e-05
1.048923274e-05
9.532138677e-06
8.575044632e-06
7.617950582e-06
1.299400822e-05
1.204449934e-05
1.109499046e-05
1.01454816e-05
9.195972707e-06
8.246463869e-06
7.296955e-06
1.248667513e-05
1.15464705e-05
1.060626581e-05
9.666061153e-06
8.7258565e-06
7.785651853e-06
6.845447184e-06
1.184822099e-05
1.091727121e-05
9.986321435e-06
9.055371679e-06
8.124421905e-06
7.193472153e-06
6.262522396e-06
1.109212452e-05
1.01680193e-05
9.243914105e-06
8.319808923e-06
7.395703694e-06
6.471598527e-06
5.547493305e-06
1.023534669e-05
9.312747438e-06
8.390148225e-06
7.467549073e-06
6.544949843e-06
5.622350673e-06
4.699751443e-06
1.023664166e-05
9.312699985e-06
8.388758378e-06
7.46481671e-06
6.540875067e-06
5.61693341e-06
4.692991751e-06
1.109946823e-05
1.017206925e-05
9.244670285e-06
8.317271296e-06
7.38987232e-06
6.462473337e-06
5.535074362e-06
1.186686505e-05
1.09312855e-05
9.995705983e-06
9.060126436e-06
8.124546876e-06
7.188967326e-06
6.253387815e-06
1.25191145e-05
1.157336059e-05
1.06276068e-05
9.681852944e-06
8.736099127e-06
7.790345247e-06
6.844591441e-06
1.304017266e-05
1.208448802e-05
1.112880342e-05
1.017311876e-05
9.217434153e-06
8.261749504e-06
7.30606489e-06
1.341815456e-05
1.245447734e-05
1.149080015e-05
1.052712289e-05
9.563445657e-06
8.599768435e-06
7.636091212e-06
1.364559457e-05
1.267699607e-05
1.170839757e-05
1.073979907e-05
9.771200539e-06
8.802602074e-06
7.834003571e-06
1.372101744e-05
1.275083497e-05
1.178065244e-05
1.081046996e-05
9.840287436e-06
8.870104973e-06
7.899922454e-06
1.364561228e-05
1.267701087e-05
1.170840942e-05
1.073980798e-05
9.771206545e-06
8.802605117e-06
7.83400366e-06
1.341815268e-05
1.24544753e-05
1.149079793e-05
1.052712057e-05
9.563443195e-06
8.599765827e-06
7.636088471e-06
1.304015756e-05
1.208447463e-05
1.112879172e-05
1.01731088e-05
9.217425877e-06
8.261742965e-06
7.306060044e-06
1.25190894e-05
1.157333874e-05
1.062758804e-05
9.681837339e-06
8.736086666e-06
7.790335978e-06
6.844585283e-06
1.186683538e-05
1.093125972e-05
9.995684055e-06
9.060108398e-06
8.124532759e-06
7.188957143e-06
6.253381486e-06
1.109943593e-05
1.017204144e-05
9.244646927e-06
8.31725241e-06
7.389857895e-06
6.462463411e-06
5.535068869e-06
1.023660963e-05
9.312672732e-06
8.3887358e-06
7.464798909e-06
6.540861988e-06
5.616925109e-06
4.692988187e-06
1.023813571e-05
9.31283289e-06
8.387530089e-06
7.462227243e-06
6.536924426e-06
5.611621595e-06
4.686318758e-06
1.110759284e-05
1.017682285e-05
9.246052865e-06
8.315282821e-06
7.384512839e-06
6.453742834e-06
5.522972827e-06
1.188720282e-05
1.094682618e-05
1.000644956e-05
9.066072901e-06
8.12569625e-06
7.185319602e-06
6.244942993e-06
1.255472544e-05
1.16031081e-05
1.065149079e-05
9.699873455e-06
8.748256129e-06
7.796638787e-06
6.84502148e-06
1.309176816e-05
1.212936588e-05
1.116696358e-05
1.020456128e-05
9.242158981e-06
8.279756658e-06
7.317354379e-06
1.348440907e-05
1.25132831e-05
1.154215708e-05
1.05710311e-05
9.599905096e-06
8.628779083e-06
7.657653098e-06
1.37236606e-05
1.274694598e-05
1.17702313e-05
1.079351667e-05
9.816801994e-06
8.84008738e-06
7.86337272e-06
1.380434563e-05
1.282568828e-05
1.184703085e-05
1.086837344e-05
9.889716045e-06
8.911058681e-06
7.932401253e-06
1.37236779e-05
1.274696039e-05
1.17702428e-05
1.079352525e-05
9.816807693e-06
8.840090144e-06
7.863372577e-06
1.348440661e-05
1.251328051e-05
1.154215441e-05
1.057102832e-05
9.599902215e-06
8.628776109e-06
7.657650031e-06
1.309175248e-05
1.212935192e-05
1.116695139e-05
1.020455084e-05
9.242150269e-06
8.279749719e-06
7.317349182e-06
1.255469986e-05
1.160308571e-05
1.065147157e-05
9.699857441e-06
8.748243267e-06
7.796629162e-06
6.845015013e-06
1.188717271e-05
1.094679996e-05
1.000642727e-05
9.066054555e-06
8.125681825e-06
7.185309135e-06
6.244936407e-06
1.110756033e-05
1.017679477e-05
9.246029284e-06
8.315263736e-06
7.384498223e-06
6.453732685e-06
5.522967179e-06
1.023810366e-05
9.312805546e-06
8.387507479e-06
7.46220937e-06
6.53691132e-06
5.611613218e-06
4.686315148e-06
1.021540669e-05
9.314182337e-06
8.412957947e-06
7.511733576e-06
6.610509166e-06
5.70928479e-06
4.808060411e-06
1.097598237e-05
1.010438487e-05
9.232787364e-06
8.361189911e-06
7.489592421e-06
6.617994913e-06
5.746397424e-06
1.15520516e-05
1.06947031e-05
9.837354593e-06
8.980006072e-06
8.122657586e-06
7.265309046e-06
6.407960526e-06
1.197095421e-05
1.111847874e-05
1.026600324e-05
9.413527727e-06
8.56105227e-06
7.708576793e-06
6.85610127e-06
1.226040445e-05
1.140780781e-05
1.055521111e-05
9.702614435e-06
8.850017766e-06
7.997421101e-06
7.144824401e-06
1.244580243e-05
1.159118292e-05
1.073656334e-05
9.881943837e-06
9.02732432e-06
8.17270477e-06
7.318085239e-06
1.254794509e-05
1.169142388e-05
1.083490261e-05
9.978381383e-06
9.121860144e-06
8.265338892e-06
7.408817662e-06
1.258059227e-05
1.172332898e-05
1.086606567e-05
1.000880234e-05
9.151539033e-06
8.294275735e-06
7.437012414e-06
1.254796112e-05
1.16914373e-05
1.083491354e-05
9.978389733e-06
9.121865962e-06
8.265342178e-06
7.408818384e-06
1.244580047e-05
1.159118105e-05
1.073656168e-05
9.881942261e-06
9.02732289e-06
8.172703473e-06
7.318084089e-06
1.226039018e-05
1.140779542e-05
1.05552007e-05
9.702605921e-06
8.850011193e-06
7.997416416e-06
7.144821672e-06
1.197093026e-05
1.111845807e-05
1.026598591e-05
9.413513717e-06
8.56104154e-06
7.70856936e-06
6.856097176e-06
1.155202268e-05
1.069467818e-05
9.83733369e-06
8.979989181e-06
8.122644658e-06
7.265300174e-06
6.407955662e-06
1.09759504e-05
1.010435743e-05
9.23276449e-06
8.361171492e-06
7.489578526e-06
6.617985549e-06
5.74639258e-06
1.021537478e-05
9.314155101e-06
8.412935463e-06
7.511715801e-06
6.610496157e-06
5.709276509e-06
4.808056875e-06
1.021643578e-05
9.313897209e-06
8.411358602e-06
7.508820011e-06
6.606281412e-06
5.703742847e-06
4.801204244e-06
1.098247016e-05
1.010766774e-05
9.232865328e-06
8.358062935e-06
7.483260498e-06
6.608458059e-06
5.73365564e-06
1.156892816e-05
1.070714806e-05
9.845367966e-06
8.983587883e-06
8.121807812e-06
7.260027688e-06
6.398247585e-06
1.200017715e-05
1.114254184e-05
1.028490651e-05
9.42727113e-06
8.569635836e-06
7.712000494e-06
6.854365146e-06
1.230118478e-05
1.144308809e-05
1.058499143e-05
9.726894717e-06
8.868798046e-06
8.01070137e-06
7.152604666e-06
1.249504744e-05
1.163489601e-05
1.077474457e-05
9.914593168e-06
9.054441748e-06
8.194290342e-06
7.334138903e-06
1.26007918e-05
1.173896554e-05
1.087713921e-05
1.001531293e-05
9.15348663e-06
8.291660323e-06
7.429834045e-06
1.263368288e-05
1.177131212e-05
1.090894132e-05
1.004657053e-05
9.184199738e-06
8.321828935e-06
7.459458175e-06
1.260080836e-05
1.173897945e-05
1.087715055e-05
1.001532163e-05
9.153492746e-06
8.291663828e-06
7.429834931e-06
1.249504596e-05
1.163489461e-05
1.077474328e-05
9.914591907e-06
9.054440597e-06
8.194289222e-06
7.33413787e-06
1.230117092e-05
1.144307612e-05
1.058498133e-05
9.726886462e-06
8.868791678e-06
8.010696823e-06
7.152602013e-06
1.200015357e-05
1.11425215e-05
1.028488941e-05
9.427257325e-06
8.569625263e-06
7.711993176e-06
6.854361106e-06
1.156889956e-05
1.070712342e-05
9.845347297e-06
8.983571177e-06
8.12179504e-06
7.260018921e-06
6.398242783e-06
1.098243841e-05
1.010764048e-05
9.232842586e-06
8.358044626e-06
7.483246709e-06
6.608448774e-06
5.733650847e-06
1.021640393e-05
9.31387004e-06
8.411336187e-06
7.508802306e-06
6.606268447e-06
5.703734598e-06
4.801200732e-06
1.021769851e-05
9.313822252e-06
8.409945979e-06
7.506069725e-06
6.602193459e-06
5.698317221e-06
4.794440946e-06
1.09897834e-05
1.011169577e-05
9.23360807e-06
8.355520418e-06
7.4774327e-06
6.59934503e-06
5.721257368e-06
1.158755579e-05
1.072117665e-05
9.854797476e-06
8.988418367e-06
8.122039219e-06
7.255660051e-06
6.389280916e-06
1.203262994e-05
1.116952583e-05
1.030642169e-05
9.443317555e-06
8.58021346e-06
7.717109322e-06
6.854005209e-06
1.234740882e-05
1.148328767e-05
1.061916655e-05
9.755045397e-06
8.890924265e-06
8.026803131e-06
7.162682003e-06
1.255279802e-05
1.168628914e-05
1.08197803e-05
9.953271465e-06
9.086762622e-06
8.22025379e-06
7.353744949e-06
1.266616285e-05
1.179780522e-05
1.092944756e-05
1.00610899e-05
9.19273228e-06
8.324374624e-06
7.456016989e-06
1.270171768e-05
1.183276156e-05
1.096380545e-05
1.009484934e-05
9.225893225e-06
8.356937112e-06
7.48798101e-06
1.266617946e-05
1.179781921e-05
1.09294589e-05
1.006109865e-05
9.192738369e-06
8.324378094e-06
7.456017838e-06
1.25527965e-05
1.168628773e-05
1.081977893e-05
9.953270159e-06
9.086761374e-06
8.220252579e-06
7.353743813e-06
1.234739488e-05
1.14832756e-05
1.061915634e-05
9.755037043e-06
8.890917772e-06
8.026798479e-06
7.162679207e-06
1.203260625e-05
1.116950538e-05
1.030640449e-05
9.44330362e-06
8.580202768e-06
7.717101875e-06
6.854001026e-06
1.158752712e-05
1.072115193e-05
9.854776741e-06
8.988401569e-06
8.122026381e-06
7.255651188e-06
6.389276013e-06
1.098975164e-05
1.011166848e-05
9.233585278e-06
8.355502078e-06
7.477418875e-06
6.599335704e-06
5.721252508e-06
1.021766665e-05
9.313795096e-06
8.409923558e-06
7.506052017e-06
6.602180482e-06
5.698308977e-06
4.794437399e-06
1.021896125e-05
9.313747323e-06
8.408533371e-06
7.503319453e-06
6.598105508e-06
5.692891585e-06
4.787677645e-06
1.099709655e-05
1.011572336e-05
9.234350144e-06
8.352976938e-06
7.471603728e-06
6.590230531e-06
5.708857345e-06
1.160618254e-05
1.073520256e-05
9.86422255e-06
8.993242568e-06
8.122262589e-06
7.251282599e-06
6.380302626e-06
1.206508014e-05
1.119650207e-05
1.032792402e-05
9.459345967e-06
8.590767909e-06
7.722189852e-06
6.853611792e-06
1.239362787e-05
1.152347226e-05
1.065331673e-05
9.783161178e-06
8.913005621e-06
8.042850058e-06
7.172694525e-06
1.261054103e-05
1.173765968e-05
1.086477838e-05
9.991897061e-06
9.119015743e-06
8.246134411e-06
7.373253112e-06
1.273152441e-05
1.185661648e-05
1.098170859e-05
1.010680067e-05
9.231892753e-06
8.356984855e-06
7.482076944e-06
1.276974224e-05
1.18941804e-05
1.10186186e-05
1.014305679e-05
9.267494948e-06
8.391933155e-06
7.516371327e-06
1.273154111e-05
1.185663053e-05
1.098171997e-05
1.010680944e-05
9.231898837e-06
8.356988299e-06
7.482077729e-06
1.261053951e-05
1.173765821e-05
1.086477695e-05
9.991895688e-06
9.119014388e-06
8.246133127e-06
7.373251853e-06
1.239361385e-05
1.152346011e-05
1.065330643e-05
9.783152717e-06
8.912999007e-06
8.04284528e-06
7.172691576e-06
1.206505636e-05
1.119648152e-05
1.03279067e-05
9.45933191e-06
8.590757102e-06
7.722182259e-06
6.853607478e-06
1.160615379e-05
1.073517776e-05
9.864201719e-06
8.993225723e-06
8.122249673e-06
7.251273638e-06
6.380297636e-06
1.099706472e-05
1.011569605e-05
9.234327309e-06
8.352958591e-06
7.471589859e-06
6.59022116e-06
5.708852438e-06
1.021892935e-05
9.313720179e-06
8.408510938e-06
7.503301742e-06
6.598092522e-06
5.692883333e-06
4.787674095e-06
1.022022404e-05
9.313672442e-06
8.407120788e-06
7.500569211e-06
6.594017592e-06
5.687465968e-06
4.78091436e-06
1.100440962e-05
1.01197506e-05
9.235091593e-06
8.350432574e-06
7.465773583e-06
6.581114578e-06
5.696455594e-06
1.162480845e-05
1.074922582e-05
9.873643218e-06
8.998060578e-06
8.122477975e-06
7.246895353e-06
6.371312753e-06
1.209752782e-05
1.122347066e-05
1.034941352e-05
9.475356389e-06
8.601299231e-06
7.727242076e-06
6.853184955e-06
1.243984195e-05
1.156364198e-05
1.068744206e-05
9.811242092e-06
8.935042152e-06
8.058842177e-06
7.182642245e-06
1.266827657e-05
1.178900769e-05
1.090973886e-05
1.003047e-05
9.151201127e-06
8.271932272e-06
7.392663422e-06
1.279687655e-05
1.191539943e-05
1.103392235e-05
1.015244527e-05
9.270968134e-06
8.389491045e-06
7.508013954e-06
1.283775664e-05
1.195556873e-05
1.107338082e-05
1.019119292e-05
9.309004981e-06
8.426817081e-06
7.544629178e-06
1.279689333e-05
1.191541354e-05
1.103393378e-05
1.015245401e-05
9.270974224e-06
8.389494466e-06
7.508014683e-06
1.266827502e-05
1.178900618e-05
1.090973738e-05
1.003046854e-05
9.151199722e-06
8.271930881e-06
7.392662044e-06
1.243982788e-05
1.156362973e-05
1.068743165e-05
9.811233521e-06
8.935035403e-06
8.058837269e-06
7.182639165e-06
1.209750392e-05
1.122344999e-05
1.034939611e-05
9.475342214e-06
8.601288301e-06
7.72723439e-06
6.853180491e-06
1.162477963e-05
1.074920098e-05
9.87362229e-06
8.99804364e-06
8.122464973e-06
7.246886302e-06
6.371307647e-06
1.100437774e-05
1.011972326e-05
9.235068714e-06
8.350414207e-06
7.465759683e-06
6.581105161e-06
5.69645064e-06
1.022019211e-05
9.313645275e-06
8.407098349e-06
7.500551494e-06
6.594004581e-06
5.687457717e-06
4.780910798e-06
1.022148683e-05
9.313597528e-06
8.405708223e-06
7.497818955e-06
6.589929667e-06
5.682040367e-06
4.774151077e-06
1.101172252e-05
1.012377745e-05
9.235832362e-06
8.34788729e-06
7.459942205e-06
6.571997153e-06
5.684052089e-06
1.164343346e-05
1.076324642e-05
9.883059384e-06
9.002872347e-06
8.122685299e-06
7.242498283e-06
6.362311267e-06
1.212997289e-05
1.125043153e-05
1.037089014e-05
9.491348778e-06
8.611807373e-06
7.732265994e-06
6.852724645e-06
1.248605106e-05
1.160379674e-05
1.072154243e-05
9.839288099e-06
8.957033791e-06
8.074779449e-06
7.192525145e-06
1.272600458e-05
1.184033311e-05
1.095466167e-05
1.006899021e-05
9.183318746e-06
8.297647295e-06
7.41197586e-06
1.286221921e-05
1.197415403e-05
1.10860888e-05
1.01980236e-05
9.309958377e-06
8.421893162e-06
7.53382796e-06
1.290576084e-05
1.201692648e-05
1.112809207e-05
1.023925767e-05
9.350423276e-06
8.461588881e-06
7.572754476e-06
1.286223608e-05
1.197416817e-05
1.108610025e-05
1.019803236e-05
9.309964458e-06
8.421896556e-06
7.533828641e-06
1.2726003e-05
1.184033156e-05
1.095466013e-05
1.006898868e-05
9.183317273e-06
8.297645809e-06
7.411974372e-06
1.248603691e-05
1.160378438e-05
1.072153192e-05
9.839279405e-06
8.957026926e-06
8.074774428e-06
7.192521937e-06
1.212994891e-05
1.125041074e-05
1.037087263e-05
9.491334499e-06
8.611796333e-06
7.732258197e-06
6.852720047e-06
1.164340457e-05
1.076322147e-05
9.883038401e-06
9.002855316e-06
8.122672217e-06
7.242489126e-06
6.362306055e-06
1.101169063e-05
1.012375005e-05
9.235809457e-06
8.347868865e-06
7.459928276e-06
6.571987669e-06
5.684047101e-06
1.022145491e-05
9.313570334e-06
8.405685771e-06
7.497801225e-06
6.589916649e-06
5.682032088e-06
4.774147503e-06
1.022274964e-05
9.313522667e-06
8.404295684e-06
7.495068708e-06
6.585841724e-06
5.676614769e-06
4.767387791e-06
1.101903531e-05
1.012780389e-05
9.236572478e-06
8.345341076e-06
7.454109655e-06
6.562878246e-06
5.671646837e-06
1.166205759e-05
1.077726434e-05
9.892471108e-06
9.007677852e-06
8.122884613e-06
7.238091391e-06
6.353298151e-06
1.216241541e-05
1.127738466e-05
1.039235393e-05
9.507323142e-06
8.622292389e-06
7.737261614e-06
6.852230871e-06
1.25322552e-05
1.164393654e-05
1.075561789e-05
9.867299207e-06
8.978980581e-06
8.090661887e-06
7.202343243e-06
1.278372506e-05
1.189163598e-05
1.099954684e-05
1.010745773e-05
9.215368642e-06
8.323279498e-06
7.43119042e-06
1.292755243e-05
1.203288024e-05
1.113820796e-05
1.024353571e-05
9.348863481e-06
8.454191212e-06
7.559518978e-06
1.297375488e-05
1.207825363e-05
1.118275237e-05
1.028725108e-05
9.391749828e-06
8.49624855e-06
7.600747275e-06
1.292756939e-05
1.203289441e-05
1.113821947e-05
1.024354451e-05
9.348869548e-06
8.454194579e-06
7.559519621e-06
1.278372346e-05
1.189163436e-05
1.099954526e-05
1.010745615e-05
9.21536704e-06
8.323277932e-06
7.431188838e-06
1.253224095e-05
1.16439241e-05
1.075560726e-05
9.867290422e-06
8.978973574e-06
8.090656742e-06
7.202339892e-06
1.216239135e-05
1.127736381e-05
1.039233629e-05
9.507308776e-06
8.622281213e-06
7.737253676e-06
6.852226155e-06
1.166202863e-05
1.07772393e-05
9.892450043e-06
9.007660741e-06
8.122871438e-06
7.238082136e-06
6.35329286e-06
1.101900339e-05
1.012777645e-05
9.236549553e-06
8.345322578e-06
7.454095662e-06
6.562868729e-06
5.671641818e-06
1.022271772e-05
9.313495464e-06
8.404273245e-06
7.495050971e-06
6.585828731e-06
5.676606463e-06
4.76738421e-06
1.022401247e-05
9.313447815e-06
8.402883146e-06
7.492318479e-06
6.581753809e-06
5.671189151e-06
4.760624495e-06
1.102634797e-05
1.013182993e-05
9.237311922e-06
8.342793913e-06
7.448275915e-06
6.553757871e-06
5.659239854e-06
1.168068086e-05
1.079127959e-05
9.901878386e-06
9.012477137e-06
8.123075902e-06
7.233674665e-06
6.344273438e-06
1.21948554e-05
1.130433009e-05
1.041380483e-05
9.523279521e-06
8.632754242e-06
7.742228923e-06
6.851703655e-06
1.257845436e-05
1.168406141e-05
1.078966842e-05
9.89527545e-06
9.000882485e-06
8.10648949e-06
7.212096531e-06
1.284143802e-05
1.194291626e-05
1.104439438e-05
1.014587258e-05
9.247350766e-06
8.348828902e-06
7.450307111e-06
1.299287622e-05
1.209157806e-05
1.119027982e-05
1.028898164e-05
9.38768344e-06
8.486385218e-06
7.585087027e-06
1.304173874e-05
1.213955021e-05
1.12373617e-05
1.033517317e-05
9.432984623e-06
8.53079611e-06
7.628607575e-06
1.299289325e-05
1.209159228e-05
1.119029138e-05
1.028899044e-05
9.387689492e-06
8.486388557e-06
7.585087623e-06
1.284143641e-05
1.194291459e-05
1.104439276e-05
1.014587092e-05
9.247349085e-06
8.34882725e-06
7.450305428e-06
1.257844003e-05
1.168404887e-05
1.078965771e-05
9.895266546e-06
9.000875372e-06
8.106484202e-06
7.212093037e-06
1.219483122e-05
1.130430915e-05
1.04137871e-05
9.523265038e-06
8.632742931e-06
7.742220857e-06
6.851698799e-06
1.16806518e-05
1.07912545e-05
9.901857227e-06
9.012459899e-06
8.123062624e-06
7.233665341e-06
6.344268047e-06
1.102631601e-05
1.013180249e-05
9.237288952e-06
8.342775393e-06
7.44826186e-06
6.553748327e-06
5.659234788e-06
1.022398052e-05
9.313420626e-06
8.402860692e-06
7.492300753e-06
6.581740796e-06
5.67118087e-06
4.760620919e-06
1.022527533e-05
9.313372947e-06
8.401470624e-06
7.489568274e-06
6.577665906e-06
5.66576356e-06
4.753861203e-06
1.103366052e-05
1.013585561e-05
9.238050719e-06
8.34024584e-06
7.442440939e-06
6.544636034e-06
5.646831144e-06
1.169930324e-05
1.080529219e-05
9.911281176e-06
9.017270166e-06
8.123259151e-06
7.229248116e-06
6.335237123e-06
1.222729281e-05
1.133126784e-05
1.043524288e-05
9.539217902e-06
8.643192927e-06
7.747167932e-06
6.851142977e-06
1.262464856e-05
1.172417131e-05
1.082369405e-05
9.923216791e-06
9.02273953e-06
8.122262255e-06
7.221785002e-06
1.289914351e-05
1.199417393e-05
1.108920431e-05
1.018423472e-05
9.279265128e-06
8.374295514e-06
7.469325925e-06
1.305819056e-05
1.215024751e-05
1.12423044e-05
1.033436134e-05
9.426418267e-06
8.518475176e-06
7.610532096e-06
1.31097124e-05
1.220081625e-05
1.129192006e-05
1.03830239e-05
9.474127724e-06
8.56523155e-06
7.656335356e-06
1.305820766e-05
1.215026182e-05
1.124231597e-05
1.033437016e-05
9.426424314e-06
8.518478479e-06
7.610532635e-06
1.289914185e-05
1.199417223e-05
1.108920261e-05
1.0184233e-05
9.279263377e-06
8.374293758e-06
7.469324138e-06
1.262463415e-05
1.172415868e-05
1.082368323e-05
9.923207771e-06
9.022732323e-06
8.122256831e-06
7.221781383e-06
1.222726854e-05
1.13312468e-05
1.043522505e-05
9.539203298e-06
8.643181515e-06
7.74715974e-06
6.851137988e-06
1.169927411e-05
1.080526701e-05
9.911259944e-06
9.017252859e-06
8.123245769e-06
7.229238706e-06
6.335231623e-06
1.103362855e-05
1.013582814e-05
9.2380277e-06
8.34022729e-06
7.442426853e-06
6.54462644e-06
5.646826029e-06
1.022524337e-05
9.31334577e-06
8.401448124e-06
7.489550524e-06
6.577652881e-06
5.665755269e-06
4.753857632e-06
1.022653815e-05
9.313298081e-06
8.400058072e-06
7.48681805e-06
6.57357799e-06
5.660337966e-06
4.747097916e-06
1.104097291e-05
1.013988087e-05
9.238788844e-06
8.337696792e-06
7.436604736e-06
6.535512702e-06
5.634420669e-06
1.171792467e-05
1.081930207e-05
9.920679479e-06
9.022056897e-06
8.123434333e-06
7.224811723e-06
6.326189157e-06
1.225972761e-05
1.135819784e-05
1.045666804e-05
9.555138228e-06
8.653608437e-06
7.752078611e-06
6.850548818e-06
1.267083772e-05
1.176426622e-05
1.085769472e-05
9.951123193e-06
9.044551691e-06
8.137980144e-06
7.231408636e-06
1.295684142e-05
1.204540899e-05
1.113397656e-05
1.022254412e-05
9.311111703e-06
8.399679277e-06
7.488246844e-06
1.31234954e-05
1.220888855e-05
1.129428166e-05
1.037967478e-05
9.465067911e-06
8.550461022e-06
7.635854157e-06
1.317767584e-05
1.226205167e-05
1.134642743e-05
1.043080322e-05
9.515179044e-06
8.599554814e-06
7.683930609e-06
1.312351256e-05
1.220890292e-05
1.129429325e-05
1.037968362e-05
9.465073955e-06
8.550464301e-06
7.635854638e-06
1.295683974e-05
1.204540724e-05
1.113397481e-05
1.022254237e-05
9.311109863e-06
8.399677413e-06
7.488244954e-06
1.267082323e-05
1.176425352e-05
1.085768378e-05
9.951114091e-06
9.044544335e-06
8.137974605e-06
7.231404883e-06
1.225970325e-05
1.135817671e-05
1.045665008e-05
9.555123512e-06
8.653596898e-06
7.752070301e-06
6.850543689e-06
1.17178955e-05
1.081927682e-05
9.920658149e-06
9.022039531e-06
8.123420866e-06
7.224802214e-06
6.326183561e-06
1.104094092e-05
1.013985335e-05
9.238765767e-06
8.337678212e-06
7.436590637e-06
6.535503058e-06
5.634415503e-06
1.022650619e-05
9.313270897e-06
8.40003557e-06
7.486800245e-06
6.573564958e-06
5.66032964e-06
4.747094335e-06
1.022780104e-05
9.313223329e-06
8.398645589e-06
7.484067871e-06
6.569490137e-06
5.654912388e-06
4.740334685e-06
1.104828526e-05
1.014390581e-05
9.239526371e-06
8.335146884e-06
7.430767401e-06
6.526387937e-06
5.622008489e-06
1.173654534e-05
1.083330936e-05
9.930073405e-06
9.02683748e-06
8.123601533e-06
7.220365583e-06
6.317129645e-06
1.229215998e-05
1.138512021e-05
1.047808041e-05
9.571040629e-06
8.664000842e-06
7.756961049e-06
6.849921275e-06
1.271702203e-05
1.180434628e-05
1.089167055e-05
9.978994791e-06
9.066319029e-06
8.153643274e-06
7.240967528e-06
1.30145319e-05
1.209662158e-05
1.117871125e-05
1.026080095e-05
9.342890589e-06
8.424980279e-06
7.507069964e-06
1.318879089e-05
1.226750131e-05
1.134621169e-05
1.042492212e-05
9.503632497e-06
8.582342881e-06
7.661053289e-06
1.32456292e-05
1.23232566e-05
1.140088394e-05
1.04785113e-05
9.556138682e-06
8.633766036e-06
7.711393412e-06
1.318880813e-05
1.226751576e-05
1.134622333e-05
1.042493093e-05
9.503638532e-06
8.582346134e-06
7.661053732e-06
1.301453017e-05
1.209661981e-05
1.117870944e-05
1.026079908e-05
9.342888701e-06
8.424978329e-06
7.507067961e-06
1.271700746e-05
1.18043335e-05
1.089165953e-05
9.978985577e-06
9.06631156e-06
8.153637607e-06
7.240963632e-06
1.229213552e-05
1.138509895e-05
1.047806237e-05
9.571025793e-06
8.663989168e-06
7.756952613e-06
6.849916e-06
1.17365161e-05
1.083328403e-05
9.930052016e-06
9.026820014e-06
8.123587984e-06
7.220355982e-06
6.317123947e-06
1.104825324e-05
1.014387825e-05
9.239503239e-06
8.335128269e-06
7.430753278e-06
6.526378264e-06
5.622003278e-06
1.022776908e-05
9.313196118e-06
8.398623097e-06
7.484050062e-06
6.569477083e-06
5.65490408e-06
4.740331097e-06
1.022906393e-05
9.313148524e-06
8.397233089e-06
7.481317668e-06
6.565402251e-06
5.64948679e-06
4.733571402e-06
1.105559746e-05
1.014793032e-05
9.240263189e-06
8.332596022e-06
7.42492886e-06
6.517261701e-06
5.609594539e-06
1.175516506e-05
1.084731395e-05
9.939462867e-06
9.031611776e-06
8.123760672e-06
7.215909586e-06
6.308058503e-06
1.232458975e-05
1.141203482e-05
1.049947991e-05
9.586924976e-06
8.674370064e-06
7.761815142e-06
6.849260235e-06
1.276320133e-05
1.184441136e-05
1.092562142e-05
1.000683146e-05
9.088041474e-06
8.16925155e-06
7.25046157e-06
1.307221482e-05
1.214781155e-05
1.122340827e-05
1.029900502e-05
9.374601707e-06
8.450198464e-06
7.525795168e-06
1.325407689e-05
1.232608565e-05
1.139809439e-05
1.047010317e-05
9.542111909e-06
8.614120672e-06
7.686129402e-06
1.331357234e-05
1.238443091e-05
1.145528944e-05
1.0526148e-05
9.597006552e-06
8.667865116e-06
7.738723658e-06
1.32540942e-05
1.232610015e-05
1.139810608e-05
1.047011199e-05
9.54211794e-06
8.614123875e-06
7.686129819e-06
1.307221305e-05
1.214780976e-05
1.122340641e-05
1.029900307e-05
9.374599751e-06
8.450196393e-06
7.525793078e-06
1.276318666e-05
1.184439849e-05
1.09256103e-05
1.000682212e-05
9.088033916e-06
8.169245725e-06
7.250457547e-06
1.232456517e-05
1.141201345e-05
1.049946174e-05
9.58691002e-06
8.67435827e-06
7.761806583e-06
6.849254839e-06
1.175513576e-05
1.084728855e-05
9.939441388e-06
9.031594222e-06
8.123747045e-06
7.215899899e-06
6.308052696e-06
1.10555654e-05
1.014790272e-05
9.240240018e-06
8.332577375e-06
7.424914668e-06
6.517251977e-06
5.609589298e-06
1.022903197e-05
9.313121303e-06
8.39721059e-06
7.481299885e-06
6.565389182e-06
5.649478494e-06
4.733567816e-06
1.023032684e-05
9.313073704e-06
8.395820594e-06
7.478567464e-06
6.56131437e-06
5.644061221e-06
4.726808111e-06
1.106290956e-05
1.015195446e-05
9.240999362e-06
8.330044219e-06
7.419089126e-06
6.508134004e-06
5.597178877e-06
1.177378391e-05
1.086131588e-05
9.948847864e-06
9.036379827e-06
8.123911793e-06
7.211443749e-06
6.298975748e-06
1.235701692e-05
1.143894172e-05
1.052086652e-05
9.602791321e-06
8.684716135e-06
7.766640924e-06
6.848565734e-06
1.280937563e-05
1.188446151e-05
1.095954736e-05
1.003463324e-05
9.109719077e-06
8.184804974e-06
7.259890808e-06
1.312989021e-05
1.219897896e-05
1.126806764e-05
1.03371564e-05
9.406245075e-06
8.475333823e-06
7.544422506e-06
1.331935343e-05
1.238464163e-05
1.14499298e-05
1.051521802e-05
9.580506164e-06
8.645794385e-06
7.711082547e-06
1.33815053e-05
1.244557465e-05
1.1509644e-05
1.057371335e-05
9.637782678e-06
8.701852054e-06
7.765921395e-06
1.331937083e-05
1.238465617e-05
1.144994154e-05
1.051522685e-05
9.580512201e-06
8.645797561e-06
7.711082909e-06
1.312988843e-05
1.219897712e-05
1.126806573e-05
1.033715438e-05
9.406243016e-06
8.475331667e-06
7.544420304e-06
1.280936088e-05
1.188444855e-05
1.095953613e-05
1.003462379e-05
9.109711402e-06
8.184799015e-06
7.259886648e-06
1.235699223e-05
1.143892027e-05
1.052084824e-05
9.602776246e-06
8.684704229e-06
7.766632223e-06
6.848560219e-06
1.177375455e-05
1.086129043e-05
9.948826285e-06
9.036362175e-06
8.123898091e-06
7.211433985e-06
6.298969861e-06
1.106287745e-05
1.01519268e-05
9.240976169e-06
8.330025519e-06
7.419074876e-06
6.508124222e-06
5.597173573e-06
1.023029488e-05
9.313046492e-06
8.39579812e-06
7.478549699e-06
6.561301306e-06
5.64405291e-06
4.726804533e-06
1.023158973e-05
9.312998921e-06
8.394408125e-06
7.475817287e-06
6.557226505e-06
5.638635665e-06
4.720044851e-06
1.107022152e-05
1.015597819e-05
9.241734849e-06
8.327491497e-06
7.413248172e-06
6.499004806e-06
5.584761471e-06
1.179240189e-05
1.087531513e-05
9.958228365e-06
9.041141642e-06
8.124054884e-06
7.206968102e-06
6.289881383e-06
1.238944154e-05
1.146584092e-05
1.054224025e-05
9.618639669e-06
8.695039047e-06
7.771438392e-06
6.847837799e-06
1.285554496e-05
1.192449671e-05
1.099344839e-05
1.006240012e-05
9.131351831e-06
8.200303533e-06
7.269255256e-06
1.318755809e-05
1.225012378e-05
1.13126894e-05
1.037525507e-05
9.437820691e-06
8.50038635e-06
7.562951987e-06
1.338462052e-05
1.244316925e-05
1.150171792e-05
1.056026665e-05
9.618815311e-06
8.677364018e-06
7.735912713e-06
1.344942806e-05
1.250668782e-05
1.156394759e-05
1.062120735e-05
9.678467098e-06
8.735726861e-06
7.792986634e-06
1.338463801e-05
1.244318384e-05
1.150172968e-05
1.056027549e-05
9.618821342e-06
8.677367181e-06
7.735913018e-06
1.31875563e-05
1.225012189e-05
1.131268743e-05
1.037525298e-05
9.437818553e-06
8.500384109e-06
7.562949667e-06
1.285553013e-05
1.192448364e-05
1.099343708e-05
1.006239055e-05
9.131344016e-06
8.200297468e-06
7.269250942e-06
1.238941676e-05
1.146581935e-05
1.054222191e-05
9.618624462e-06
8.695027016e-06
7.771429565e-06
6.847832136e-06
1.179237243e-05
1.087528959e-05
9.958206755e-06
9.041123904e-06
8.124041096e-06
7.206958256e-06
6.289875405e-06
1.107018939e-05
1.015595051e-05
9.241711641e-06
8.327472729e-06
7.413233894e-06
6.498995e-06
5.584756102e-06
1.023155779e-05
9.312971704e-06
8.394385636e-06
7.475799507e-06
6.557213427e-06
5.638627335e-06
4.720041248e-06
1.023285265e-05
9.312924135e-06
8.392995684e-06
7.473067145e-06
6.553138649e-06
5.633210116e-06
4.713281594e-06
1.107753336e-05
1.01600015e-05
9.242469683e-06
8.324937832e-06
7.40740599e-06
6.489874146e-06
5.572342305e-06
1.1811019e-05
1.088931172e-05
9.96760444e-06
9.045897206e-06
8.124189918e-06
7.202482649e-06
6.280775414e-06
1.24218636e-05
1.149273239e-05
1.056360118e-05
9.634469999e-06
8.705338788e-06
7.776207566e-06
6.847076385e-06
1.290170933e-05
1.196451693e-05
1.10273245e-05
1.009013211e-05
9.152939705e-06
8.215747283e-06
7.278554882e-06
1.324521847e-05
1.230124602e-05
1.135727351e-05
1.041330104e-05
9.469328557e-06
8.525356075e-06
7.581383587e-06
1.344987817e-05
1.25016685e-05
1.155345874e-05
1.060524905e-05
9.657039336e-06
8.708829608e-06
7.760619882e-06
1.351734063e-05
1.256777045e-05
1.16182002e-05
1.066862999e-05
9.719059786e-06
8.76948956e-06
7.819919356e-06
1.344989574e-05
1.250168313e-05
1.155347054e-05
1.060525792e-05
9.65704534e-06
8.708832746e-06
7.76062016e-06
1.324521665e-05
1.230124407e-05
1.135727149e-05
1.04132989e-05
9.469326339e-06
8.525353733e-06
7.581381173e-06
1.290169442e-05
1.196450377e-05
1.10273131e-05
1.009012242e-05
9.152931765e-06
8.215741083e-06
7.278550437e-06
1.242183873e-05
1.149271073e-05
1.056358272e-05
9.634454673e-06
8.705326649e-06
7.776198625e-06
6.847070605e-06
1.181098944e-05
1.088928611e-05
9.967582736e-06
9.045879387e-06
8.124176044e-06
7.202472694e-06
6.280769329e-06
1.107750119e-05
1.015997383e-05
9.242446454e-06
8.32491905e-06
7.40739169e-06
6.4898643e-06
5.572336916e-06
1.023282071e-05
9.312896915e-06
8.392973157e-06
7.473049346e-06
6.553125555e-06
5.633201758e-06
4.713277979e-06
1.023411559e-05
9.312849355e-06
8.391583174e-06
7.470316945e-06
6.549050743e-06
5.627784532e-06
4.706518321e-06
1.108484504e-05
1.016402442e-05
9.24320384e-06
8.322383221e-06
7.401562597e-06
6.480741998e-06
5.559921387e-06
1.182963517e-05
1.090330561e-05
9.976976018e-06
9.050646478e-06
8.124316896e-06
7.197987353e-06
6.271657809e-06
1.245428303e-05
1.15196161e-05
1.05849492e-05
9.650282275e-06
8.715615331e-06
7.780948419e-06
6.846281505e-06
1.294786867e-05
1.200452214e-05
1.106117567e-05
1.011782918e-05
9.174482662e-06
8.23113617e-06
7.287789669e-06
1.330287127e-05
1.235234563e-05
1.140181995e-05
1.045129429e-05
9.50076864e-06
8.550242954e-06
7.599717305e-06
1.351512632e-05
1.25601393e-05
1.160515224e-05
1.06501652e-05
9.695178178e-06
8.740191097e-06
7.785204052e-06
1.358524297e-05
1.262882243e-05
1.167240185e-05
1.071598125e-05
9.759560694e-06
8.803140094e-06
7.846719528e-06
1.351514395e-05
1.256015401e-05
1.160516407e-05
1.06501741e-05
9.695184166e-06
8.74019421e-06
7.785204283e-06
1.330286943e-05
1.235234364e-05
1.140181787e-05
1.045129208e-05
9.500766317e-06
8.550240541e-06
7.599714765e-06
1.294785368e-05
1.200450891e-05
1.106116414e-05
1.011781938e-05
9.174474622e-06
8.231129851e-06
7.287785081e-06
1.245425809e-05
1.151959436e-05
1.058493061e-05
9.650266846e-06
8.71560311e-06
7.780939331e-06
6.846275592e-06
1.182960555e-05
1.09032799e-05
9.976954237e-06
9.050628578e-06
8.124302941e-06
7.197977275e-06
6.271651631e-06
1.108481283e-05
1.016399669e-05
9.24318058e-06
8.322364402e-06
7.401548251e-06
6.480732095e-06
5.559915967e-06
1.02340836e-05
9.312822111e-06
8.391560682e-06
7.470299168e-06
6.549037684e-06
5.627776187e-06
4.706514711e-06
1.023537862e-05
9.312774669e-06
8.390170749e-06
7.467566823e-06
6.544962902e-06
5.622358983e-06
4.699755075e-06
1.109215667e-05
1.016804704e-05
9.243937379e-06
8.319827746e-06
7.395718072e-06
6.47160844e-06
5.547498778e-06
1.184825053e-05
1.091729691e-05
9.986343207e-06
9.055389592e-06
8.124435917e-06
7.193482268e-06
6.262528638e-06
1.248670002e-05
1.154649222e-05
1.060628441e-05
9.666076618e-06
8.725868801e-06
7.785661015e-06
6.845453232e-06
1.299402313e-05
1.204451254e-05
1.1095002e-05
1.014549142e-05
9.195980827e-06
8.246470262e-06
7.296959703e-06
1.336051665e-05
1.240342276e-05
1.144632886e-05
1.048923493e-05
9.532141031e-06
8.575047107e-06
7.617953206e-06
1.358036511e-05
1.261858184e-05
1.165679853e-05
1.069501523e-05
9.733231923e-06
8.771448618e-06
7.809665304e-06
1.365313524e-05
1.268984394e-05
1.17265526e-05
1.076326126e-05
9.799969922e-06
8.836678599e-06
7.873387244e-06
1.358038282e-05
1.261859661e-05
1.165681039e-05
1.069502413e-05
9.733237919e-06
8.771451692e-06
7.809665476e-06
1.336051478e-05
1.240342074e-05
1.144632672e-05
1.048923265e-05
9.53213863e-06
8.575044582e-06
7.617950562e-06
1.299400806e-05
1.204449923e-05
1.109499037e-05
1.014548151e-05
9.195972684e-06
8.246463816e-06
7.296954964e-06
1.248667498e-05
1.154647036e-05
1.060626572e-05
9.666061076e-06
8.725856468e-06
7.785651792e-06
6.845447166e-06
1.184822086e-05
1.091727111e-05
9.986321374e-06
9.055371606e-06
8.124421876e-06
7.193472115e-06
6.262522376e-06
1.109212444e-05
1.016801926e-05
9.24391408e-06
8.319808862e-06
7.39570367e-06
6.471598491e-06
5.5474933e-06
1.023534661e-05
9.312747415e-06
8.390148267e-06
7.467549051e-06
6.544949847e-06
5.622350671e-06
4.699751451e-06
1.023664159e-05
9.312699934e-06
8.388758325e-06
7.464816707e-06
6.540875062e-06
5.616933433e-06
4.692991802e-06
1.109946816e-05
1.017206922e-05
9.244670234e-06
8.317271303e-06
7.389872304e-06
6.46247339e-06
5.535074403e-06
1.186686497e-05
1.093128547e-05
9.995705907e-06
9.060126419e-06
8.12454686e-06
7.188967334e-06
6.253387829e-06
1.251911439e-05
1.157336059e-05
1.062760672e-05
9.681852922e-06
8.736099086e-06
7.790345266e-06
6.844591464e-06
1.304017255e-05
1.208448797e-05
1.112880335e-05
1.017311873e-05
9.2174341e-06
8.261749493e-06
7.306064879e-06
1.341815446e-05
1.245447727e-05
1.149080007e-05
1.052712285e-05
9.563445621e-06
8.599768417e-06
7.636091201e-06
1.364559439e-05
1.267699596e-05
1.170839747e-05
1.073979901e-05
9.771200499e-06
8.80260203e-06
7.834003549e-06
1.372101725e-05
1.275083484e-05
1.178065235e-05
1.081046987e-05
9.840287382e-06
8.870104929e-06
7.899922432e-06
1.364561219e-05
1.267701079e-05
1.170840935e-05
1.073980793e-05
9.771206491e-06
8.802605087e-06
7.834003653e-06
1.341815255e-05
1.245447523e-05
1.149079786e-05
1.052712052e-05
9.563443141e-06
8.599765788e-06
7.636088453e-06
1.304015742e-05
1.208447453e-05
1.112879163e-05
1.017310873e-05
9.217425814e-06
8.261742918e-06
7.306060029e-06
1.251908926e-05
1.157333859e-05
1.062758794e-05
9.681837278e-06
8.736086598e-06
7.790335939e-06
6.844585272e-06
1.186683526e-05
1.093125963e-05
9.995684007e-06
9.060108369e-06
8.124532723e-06
7.188957106e-06
6.253381471e-06
1.109943587e-05
1.017204138e-05
9.244646886e-06
8.317252394e-06
7.389857882e-06
6.462463396e-06
5.535068876e-06
1.023660959e-05
9.312672686e-06
8.388735816e-06
7.464798911e-06
6.540861988e-06
5.616925106e-06
4.692988183e-06
1.023813568e-05
9.312832846e-06
8.387530042e-06
7.462227227e-06
6.536924414e-06
5.611621614e-06
4.68631879e-06
1.110759283e-05
1.017682282e-05
9.246052821e-06
8.315282815e-06
7.384512811e-06
6.453742849e-06
5.522972832e-06
1.188720274e-05
1.094682612e-05
1.000644947e-05
9.066072862e-06
8.125696216e-06
7.185319601e-06
6.244942969e-06
1.255472531e-05
1.160310804e-05
1.065149071e-05
9.699873399e-06
8.748256084e-06
7.79663878e-06
6.84502147e-06
1.309176806e-05
1.212936579e-05
1.116696352e-05
1.02045612e-05
9.242158923e-06
8.279756634e-06
7.317354346e-06
1.348440898e-05
1.251328301e-05
1.154215702e-05
1.057103103e-05
9.599905039e-06
8.628779052e-06
7.657653072e-06
1.372366051e-05
1.274694588e-05
1.177023123e-05
1.079351662e-05
9.816801982e-06
8.840087336e-06
7.863372715e-06
1.38043456e-05
1.282568816e-05
1.184703081e-05
1.086837341e-05
9.889716035e-06
8.911058628e-06
7.932401255e-06
1.372367785e-05
1.274696025e-05
1.177024275e-05
1.079352519e-05
9.816807643e-06
8.840090089e-06
7.863372555e-06
1.348440652e-05
1.251328044e-05
1.154215435e-05
1.057102828e-05
9.599902175e-06
8.628776074e-06
7.657650009e-06
1.309175241e-05
1.212935185e-05
1.116695132e-05
1.02045508e-05
9.242150233e-06
8.279749696e-06
7.317349179e-06
1.255469979e-05
1.160308563e-05
1.065147154e-05
9.699857422e-06
8.748243254e-06
7.796629147e-06
6.845015018e-06
1.188717262e-05
1.094679992e-05
1.000642723e-05
9.066054533e-06
8.125681795e-06
7.185309112e-06
6.244936392e-06
1.110756019e-05
1.017679467e-05
9.246029196e-06
8.31526369e-06
7.38449817e-06
6.453732675e-06
5.52296715e-06
1.023810355e-05
9.312805456e-06
8.387507396e-06
7.462209333e-06
6.536911241e-06
5.611613183e-06
4.686315101e-06
4.700986344e-06
4.684551113e-06
4.804085452e-06
4.998968425e-06
5.215448874e-06
5.407194931e-06
5.538049735e-06
5.584827594e-06
5.538049705e-06
5.407194867e-06
5.215448815e-06
4.998968359e-06
4.804085395e-06
4.684551104e-06
4.700986333e-06
4.684551111e-06
4.649632435e-06
4.767187117e-06
4.970045593e-06
5.198848617e-06
5.402722354e-06
5.542196425e-06
5.592095778e-06
5.542196389e-06
5.402722297e-06
5.19884857e-06
4.970045536e-06
4.767187076e-06
4.649632441e-06
4.684551115e-06
4.804085413e-06
4.767187091e-06
4.889210424e-06
5.099626511e-06
5.336597754e-06
5.547473826e-06
5.691604019e-06
5.743140352e-06
5.691603986e-06
5.547473773e-06
5.336597707e-06
5.099626457e-06
4.88921039e-06
4.767187102e-06
4.804085443e-06
4.998968406e-06
4.970045593e-06
5.099626536e-06
5.316124077e-06
5.557430509e-06
5.77105669e-06
5.916665827e-06
5.968664385e-06
5.916665788e-06
5.771056629e-06
5.557430457e-06
5.316124015e-06
5.099626488e-06
4.970045593e-06
4.998968433e-06
5.21544886e-06
5.198848611e-06
5.336597769e-06
5.557430505e-06
5.800229628e-06
6.013744915e-06
6.158773495e-06
6.210484135e-06
6.15877346e-06
6.013744858e-06
5.800229581e-06
5.557430453e-06
5.33659773e-06
5.198848622e-06
5.215448878e-06
5.407194926e-06
5.402722349e-06
5.547473844e-06
5.771056687e-06
6.013744909e-06
6.225813578e-06
6.369385013e-06
6.420501372e-06
6.369384976e-06
6.225813515e-06
6.013744854e-06
5.771056623e-06
5.547473789e-06
5.402722348e-06
5.407194936e-06
5.538049723e-06
5.542196405e-06
5.69160402e-06
5.916665812e-06
6.158773478e-06
6.369385008e-06
6.511634722e-06
6.562227946e-06
6.511634687e-06
6.369384951e-06
6.158773427e-06
5.916665756e-06
5.691603976e-06
5.542196411e-06
5.538049759e-06
5.584827585e-06
5.592095772e-06
5.743140362e-06
5.968664379e-06
6.210484125e-06
6.420501368e-06
6.562227948e-06
6.612616049e-06
6.56222791e-06
6.420501312e-06
6.210484068e-06
5.968664319e-06
5.743140307e-06
5.592095768e-06
5.584827627e-06
5.538049676e-06
5.542196376e-06
5.691603988e-06
5.916665774e-06
6.158773441e-06
6.369384965e-06
6.51163468e-06
6.562227903e-06
6.51163464e-06
6.36938491e-06
6.158773383e-06
5.916665715e-06
5.691603927e-06
5.542196369e-06
5.538049719e-06
5.407194862e-06
5.402722304e-06
5.54747379e-06
5.771056631e-06
6.013744854e-06
6.225813515e-06
6.369384943e-06
6.420501305e-06
6.369384909e-06
6.225813461e-06
6.013744795e-06
5.771056572e-06
5.547473725e-06
5.402722292e-06
5.407194893e-06
5.215448797e-06
5.198848565e-06
5.336597713e-06
5.557430446e-06
5.800229562e-06
6.013744845e-06
6.158773413e-06
6.21048406e-06
6.158773383e-06
6.0137448e-06
5.800229515e-06
5.557430401e-06
5.336597657e-06
5.198848562e-06
5.215448846e-06
4.998968352e-06
4.970045548e-06
5.09962648e-06
5.316124022e-06
5.557430447e-06
5.771056626e-06
5.916665751e-06
5.968664319e-06
5.916665719e-06
5.771056581e-06
5.557430397e-06
5.316123974e-06
5.099626417e-06
4.970045538e-06
4.998968407e-06
4.804085398e-06
4.767187083e-06
4.889210404e-06
5.099626492e-06
5.336597727e-06
5.547473795e-06
5.691603976e-06
5.743140315e-06
5.691603942e-06
5.547473749e-06
5.33659767e-06
5.09962644e-06
4.889210336e-06
4.767187066e-06
4.804085438e-06
4.684551103e-06
4.649632441e-06
4.767187108e-06
4.970045587e-06
5.198848604e-06
5.402722334e-06
5.54219639e-06
5.59209575e-06
5.542196356e-06
5.402722289e-06
5.198848543e-06
4.970045524e-06
4.767187026e-06
4.649632407e-06
4.684551115e-06
4.700986306e-06
4.684551094e-06
4.804085424e-06
4.998968399e-06
5.215448831e-06
5.407194889e-06
5.538049697e-06
5.584827558e-06
5.538049651e-06
5.407194829e-06
5.215448761e-06
4.998968332e-06
4.804085331e-06
4.68455105e-06
4.700986315e-06
4.707845352e-06
4.693227893e-06
4.806571647e-06
4.990589799e-06
5.194590167e-06
5.37503643e-06
5.498070505e-06
5.542032561e-06
5.498070466e-06
5.375036371e-06
5.194590113e-06
4.990589734e-06
4.806571592e-06
4.693227883e-06
4.707845352e-06
4.693227886e-06
4.662046898e-06
4.773640264e-06
4.964823188e-06
5.179869745e-06
5.371177343e-06
5.501926677e-06
5.548682226e-06
5.501926644e-06
5.371177291e-06
5.1798697e-06
4.964823137e-06
4.773640228e-06
4.662046906e-06
4.693227896e-06
4.806571611e-06
4.773640239e-06
4.889366552e-06
5.087473815e-06
5.309973102e-06
5.507652945e-06
5.64263253e-06
5.69087416e-06
5.642632499e-06
5.507652899e-06
5.309973061e-06
5.087473765e-06
4.889366521e-06
4.773640255e-06
4.80657164e-06
4.990589786e-06
4.964823188e-06
5.087473837e-06
5.291217076e-06
5.5177686e-06
5.718037962e-06
5.854418417e-06
5.903099523e-06
5.854418382e-06
5.718037905e-06
5.517768552e-06
5.291217018e-06
5.087473795e-06
4.964823192e-06
4.990589818e-06
5.194590157e-06
5.179869742e-06
5.309973118e-06
5.517768597e-06
5.745808884e-06
5.946091763e-06
6.082020015e-06
6.130465844e-06
6.082019983e-06
5.946091708e-06
5.74580884e-06
5.517768547e-06
5.309973085e-06
5.179869751e-06
5.19459018e-06
5.375036423e-06
5.371177337e-06
5.507652963e-06
5.718037958e-06
5.946091757e-06
6.14516212e-06
6.279834797e-06
6.32776479e-06
6.279834763e-06
6.145162064e-06
5.946091704e-06
5.718037901e-06
5.507652916e-06
5.37117734e-06
5.375036447e-06
5.498070503e-06
5.501926659e-06
5.642632533e-06
5.854418402e-06
6.082020002e-06
6.279834792e-06
6.413352898e-06
6.460823995e-06
6.413352863e-06
6.27983474e-06
6.082019955e-06
5.854418351e-06
5.642632491e-06
5.501926667e-06
5.498070531e-06
5.542032568e-06
5.54868222e-06
5.69087417e-06
5.903099518e-06
6.130465837e-06
6.327764786e-06
6.460823997e-06
6.508114554e-06
6.460823962e-06
6.327764733e-06
6.130465785e-06
5.903099462e-06
5.69087412e-06
5.54868222e-06
5.542032596e-06
5.498070456e-06
5.501926632e-06
5.6426325e-06
5.854418368e-06
6.082019965e-06
6.279834752e-06
6.413352856e-06
6.460823955e-06
6.413352822e-06
6.279834701e-06
6.082019912e-06
5.854418315e-06
5.642632446e-06
5.501926627e-06
5.498070491e-06
5.37503637e-06
5.371177297e-06
5.507652915e-06
5.71803791e-06
5.946091704e-06
6.145162064e-06
6.279834733e-06
6.327764728e-06
6.279834699e-06
6.145162013e-06
5.946091652e-06
5.718037854e-06
5.507652856e-06
5.37117729e-06
5.375036398e-06
5.194590098e-06
5.179869697e-06
5.309973064e-06
5.51776854e-06
5.745808821e-06
5.946091698e-06
6.08201994e-06
6.130465777e-06
6.082019913e-06
5.946091654e-06
5.745808779e-06
5.517768499e-06
5.309973015e-06
5.179869696e-06
5.194590146e-06
4.990589736e-06
4.964823148e-06
5.087473786e-06
5.291217025e-06
5.517768543e-06
5.718037903e-06
5.854418347e-06
5.903099462e-06
5.854418318e-06
5.718037862e-06
5.517768496e-06
5.291216982e-06
5.087473731e-06
4.96482314e-06
4.990589782e-06
4.806571596e-06
4.773640238e-06
4.889366537e-06
5.0874738e-06
5.309973081e-06
5.507652921e-06
5.642632492e-06
5.690874127e-06
5.64263246e-06
5.507652875e-06
5.309973028e-06
5.087473752e-06
4.889366474e-06
4.773640221e-06
4.806571631e-06
4.693227881e-06
4.662046905e-06
4.773640258e-06
4.964823184e-06
5.179869734e-06
5.371177325e-06
5.501926647e-06
5.548682204e-06
5.501926616e-06
5.371177283e-06
5.179869678e-06
4.964823128e-06
4.773640185e-06
4.662046877e-06
4.693227902e-06
4.707845329e-06
4.693227873e-06
4.806571615e-06
4.990589774e-06
5.194590132e-06
5.375036394e-06
5.49807047e-06
5.542032544e-06
5.498070436e-06
5.375036342e-06
5.19459006e-06
4.990589714e-06
4.806571533e-06
4.693227832e-06
4.707845341e-06
4.714618806e-06
4.701712877e-06
4.808835098e-06
4.982026228e-06
5.173635502e-06
5.34288887e-06
5.458187676e-06
5.499366776e-06
5.458187637e-06
5.342888816e-06
5.173635453e-06
4.982026172e-06
4.80883506e-06
4.701712884e-06
4.714618831e-06
4.701712867e-06
4.67405807e-06
4.779645197e-06
4.959233759e-06
5.160682602e-06
5.339600784e-06
5.461760912e-06
5.505423703e-06
5.46176088e-06
5.339600734e-06
5.160682559e-06
4.95923371e-06
4.779645166e-06
4.674058081e-06
4.701712891e-06
4.808835068e-06
4.779645172e-06
4.889040305e-06
5.074945625e-06
5.283163027e-06
5.467852126e-06
5.593836546e-06
5.638841654e-06
5.593836518e-06
5.467852084e-06
5.28316299e-06
5.074945579e-06
4.889040278e-06
4.779645193e-06
4.808835096e-06
4.982026218e-06
4.959233758e-06
5.074945644e-06
5.266054807e-06
5.478047053e-06
5.665166444e-06
5.792473448e-06
5.837895029e-06
5.792473416e-06
5.665166392e-06
5.478047009e-06
5.266054756e-06
5.074945607e-06
4.959233763e-06
4.982026242e-06
5.17363549e-06
5.160682597e-06
5.283163046e-06
5.47804705e-06
5.691515358e-06
5.878759136e-06
6.00573121e-06
6.050965915e-06
6.005731179e-06
5.878759087e-06
5.691515316e-06
5.478047004e-06
5.283163014e-06
5.160682608e-06
5.173635519e-06
5.342888871e-06
5.339600776e-06
5.467852144e-06
5.665166439e-06
5.878759133e-06
6.065006678e-06
6.190910704e-06
6.23570272e-06
6.190910672e-06
6.06500663e-06
5.878759084e-06
5.665166389e-06
5.467852103e-06
5.339600782e-06
5.342888894e-06
5.45818767e-06
5.461760896e-06
5.593836549e-06
5.792473433e-06
6.005731198e-06
6.1909107e-06
6.315816362e-06
6.360209614e-06
6.31581633e-06
6.190910653e-06
6.005731153e-06
5.792473387e-06
5.593836511e-06
5.461760904e-06
5.458187689e-06
5.499366776e-06
5.505423699e-06
5.638841664e-06
5.837895023e-06
6.050965908e-06
6.235702719e-06
6.360209614e-06
6.404445367e-06
6.360209582e-06
6.23570267e-06
6.050965859e-06
5.837894973e-06
5.638841619e-06
5.505423699e-06
5.499366799e-06
5.458187636e-06
5.461760871e-06
5.593836518e-06
5.792473402e-06
6.005731161e-06
6.190910663e-06
6.315816322e-06
6.360209576e-06
6.315816292e-06
6.190910615e-06
6.005731114e-06
5.792473356e-06
5.59383647e-06
5.461760867e-06
5.458187659e-06
5.342888818e-06
5.33960074e-06
5.467852098e-06
5.665166398e-06
5.878759083e-06
6.065006627e-06
6.190910647e-06
6.235702666e-06
6.190910617e-06
6.06500658e-06
5.878759034e-06
5.665166345e-06
5.467852046e-06
5.339600738e-06
5.342888846e-06
5.173635433e-06
5.160682557e-06
5.283162994e-06
5.478046997e-06
5.691515299e-06
5.878759077e-06
6.005731142e-06
6.050965852e-06
6.005731117e-06
5.878759038e-06
5.69151526e-06
5.478046961e-06
5.283162948e-06
5.160682559e-06
5.173635482e-06
4.982026173e-06
4.959233721e-06
5.074945599e-06
5.26605476e-06
5.478047003e-06
5.66516639e-06
5.792473384e-06
5.837894972e-06
5.792473356e-06
5.665166353e-06
5.478046958e-06
5.266054724e-06
5.074945548e-06
4.959233718e-06
4.982026219e-06
4.808835063e-06
4.779645174e-06
4.889040295e-06
5.07494561e-06
5.28316301e-06
5.467852105e-06
5.593836511e-06
5.638841624e-06
5.593836482e-06
5.467852065e-06
5.283162963e-06
5.074945568e-06
4.889040236e-06
4.779645161e-06
4.808835099e-06
4.701712871e-06
4.674058078e-06
4.779645194e-06
4.959233756e-06
5.160682593e-06
5.339600769e-06
5.461760886e-06
5.505423686e-06
5.461760857e-06
5.339600729e-06
5.160682542e-06
4.959233704e-06
4.779645127e-06
4.674058056e-06
4.701712895e-06
4.714618799e-06
4.701712878e-06
4.808835085e-06
4.982026211e-06
5.173635479e-06
5.342888845e-06
5.458187633e-06
5.499366758e-06
5.458187619e-06
5.342888795e-06
5.17363541e-06
4.982026158e-06
4.808835008e-06
4.701712843e-06
4.714618815e-06
4.721306731e-06
4.710006081e-06
4.810875822e-06
4.973277713e-06
5.152584879e-06
5.310752262e-06
5.418401239e-06
5.45683022e-06
5.418401219e-06
5.31075222e-06
5.152584842e-06
4.973277671e-06
4.810875789e-06
4.710006086e-06
4.721306754e-06
4.710006073e-06
4.685665952e-06
4.785201915e-06
4.953277303e-06
5.141287186e-06
5.307992675e-06
5.42169913e-06
5.462320211e-06
5.4216991e-06
5.307992631e-06
5.141287146e-06
4.95327726e-06
4.785201889e-06
4.685665965e-06
4.71000609e-06
4.810875792e-06
4.785201892e-06
4.888231683e-06
5.062041939e-06
5.256167529e-06
5.428071369e-06
5.545216067e-06
5.587042833e-06
5.545216039e-06
5.428071329e-06
5.256167497e-06
5.0620419e-06
4.888231659e-06
4.785201913e-06
4.810875818e-06
4.97327771e-06
4.953277302e-06
5.06204196e-06
5.240637274e-06
5.43826587e-06
5.612442139e-06
5.730830921e-06
5.773050901e-06
5.730830891e-06
5.612442091e-06
5.438265829e-06
5.24063723e-06
5.062041924e-06
4.953277308e-06
4.973277725e-06
5.152584871e-06
5.141287181e-06
5.256167547e-06
5.438265865e-06
5.637349049e-06
5.81174704e-06
5.929907078e-06
5.971984347e-06
5.92990705e-06
5.811746996e-06
5.637349009e-06
5.438265825e-06
5.256167518e-06
5.141287194e-06
5.152584902e-06
5.310752257e-06
5.307992669e-06
5.428071384e-06
5.612442135e-06
5.811747037e-06
5.985347258e-06
6.102612736e-06
6.144315168e-06
6.102612706e-06
5.985347211e-06
5.811746994e-06
5.612442089e-06
5.428071348e-06
5.307992676e-06
5.31075229e-06
5.418401225e-06
5.421699115e-06
5.545216067e-06
5.730830908e-06
5.929907065e-06
6.102612732e-06
6.219025114e-06
6.260384803e-06
6.219025087e-06
6.10261269e-06
5.929907026e-06
5.730830865e-06
5.545216034e-06
5.421699127e-06
5.41840126e-06
5.456830212e-06
5.462320207e-06
5.587042842e-06
5.773050897e-06
5.971984338e-06
6.144315169e-06
6.260384802e-06
6.301608488e-06
6.260384773e-06
6.144315124e-06
5.971984295e-06
5.773050851e-06
5.587042802e-06
5.46232021e-06
5.456830243e-06
5.418401194e-06
5.421699092e-06
5.54521604e-06
5.730830878e-06
5.929907035e-06
6.102612699e-06
6.219025079e-06
6.260384767e-06
6.21902505e-06
6.102612653e-06
5.92990699e-06
5.730830837e-06
5.545215998e-06
5.421699092e-06
5.418401229e-06
5.310752206e-06
5.307992634e-06
5.428071342e-06
5.612442094e-06
5.811746991e-06
5.985347208e-06
6.102612683e-06
6.14431512e-06
6.102612657e-06
5.985347165e-06
5.811746946e-06
5.612442049e-06
5.428071294e-06
5.307992633e-06
5.310752246e-06
5.152584818e-06
5.141287145e-06
5.256167501e-06
5.438265818e-06
5.637348995e-06
5.811746986e-06
5.929907016e-06
5.971984289e-06
5.929906991e-06
5.811746952e-06
5.63734896e-06
5.438265787e-06
5.256167459e-06
5.14128715e-06
5.152584865e-06
4.973277666e-06
4.953277268e-06
5.062041917e-06
5.240637232e-06
5.438265822e-06
5.61244209e-06
5.730830862e-06
5.773050849e-06
5.730830836e-06
5.612442054e-06
5.438265784e-06
5.240637199e-06
5.062041869e-06
4.953277268e-06
4.973277714e-06
4.810875793e-06
4.785201894e-06
4.888231674e-06
5.062041927e-06
5.256167515e-06
5.428071352e-06
5.545216035e-06
5.587042807e-06
5.545216009e-06
5.428071314e-06
5.256167472e-06
5.062041889e-06
4.88823162e-06
4.785201885e-06
4.810875834e-06
4.710006081e-06
4.685665963e-06
4.785201914e-06
4.953277301e-06
5.141287177e-06
5.307992664e-06
5.421699108e-06
5.462320197e-06
5.421699081e-06
5.307992626e-06
5.141287132e-06
4.953277254e-06
4.785201852e-06
4.685665942e-06
4.710006101e-06
4.721306721e-06
4.710006087e-06
4.81087582e-06
4.973277707e-06
5.152584864e-06
5.310752242e-06
5.418401202e-06
5.456830199e-06
5.418401183e-06
5.310752187e-06
5.152584799e-06
4.973277655e-06
4.810875745e-06
4.710006057e-06
4.721306733e-06
4.72790913e-06
4.718107522e-06
4.812693833e-06
4.964344281e-06
5.131438325e-06
5.278626616e-06
5.378711213e-06
5.414422916e-06
5.378711201e-06
5.278626584e-06
5.131438291e-06
4.964344246e-06
4.812693806e-06
4.718107526e-06
4.727909153e-06
4.71810752e-06
4.696870565e-06
4.790310437e-06
4.946953842e-06
5.121683516e-06
5.276353038e-06
5.381741353e-06
5.41937177e-06
5.381741328e-06
5.276353e-06
5.121683483e-06
4.946953805e-06
4.790310415e-06
4.696870576e-06
4.71810753e-06
4.812693808e-06
4.790310417e-06
4.886940703e-06
5.048762781e-06
5.228986631e-06
5.388310692e-06
5.496771114e-06
5.53547772e-06
5.496771086e-06
5.388310656e-06
5.228986601e-06
5.048762746e-06
4.886940682e-06
4.790310436e-06
4.812693837e-06
4.964344281e-06
4.946953841e-06
5.048762797e-06
5.214964498e-06
5.39842507e-06
5.559865067e-06
5.669490859e-06
5.708567164e-06
5.66949083e-06
5.559865025e-06
5.398425035e-06
5.214964457e-06
5.048762769e-06
4.946953849e-06
4.964344301e-06
5.131438317e-06
5.121683514e-06
5.228986644e-06
5.398425069e-06
5.583309978e-06
5.745055499e-06
5.854547642e-06
5.893521162e-06
5.854547618e-06
5.745055457e-06
5.583309942e-06
5.398425031e-06
5.22898662e-06
5.121683528e-06
5.131438349e-06
5.278626608e-06
5.276353036e-06
5.388310707e-06
5.559865065e-06
5.745055491e-06
5.906183877e-06
6.014940917e-06
6.053602159e-06
6.014940892e-06
5.906183833e-06
5.745055453e-06
5.559865023e-06
5.388310674e-06
5.276353042e-06
5.278626643e-06
5.378711199e-06
5.38174134e-06
5.496771113e-06
5.669490847e-06
5.854547632e-06
6.014940915e-06
6.122979183e-06
6.161349587e-06
6.122979159e-06
6.014940874e-06
5.854547596e-06
5.669490809e-06
5.496771085e-06
5.381741354e-06
5.378711244e-06
5.414422905e-06
5.419371767e-06
5.535477729e-06
5.708567159e-06
5.893521155e-06
6.053602159e-06
6.161349586e-06
6.199603944e-06
6.16134956e-06
6.053602118e-06
5.893521117e-06
5.708567118e-06
5.535477693e-06
5.419371772e-06
5.414422951e-06
5.378711179e-06
5.381741318e-06
5.496771089e-06
5.669490819e-06
5.854547605e-06
6.014940882e-06
6.12297915e-06
6.161349554e-06
6.122979124e-06
6.014940842e-06
5.854547563e-06
5.669490782e-06
5.496771052e-06
5.381741322e-06
5.378711224e-06
5.278626573e-06
5.276353003e-06
5.388310669e-06
5.559865024e-06
5.745055452e-06
5.906183831e-06
6.014940867e-06
6.053602113e-06
6.014940843e-06
5.906183792e-06
5.745055409e-06
5.559864985e-06
5.388310627e-06
5.276353e-06
5.278626612e-06
5.131438267e-06
5.12168348e-06
5.228986603e-06
5.398425025e-06
5.58330993e-06
5.745055449e-06
5.854547586e-06
5.89352111e-06
5.854547563e-06
5.745055416e-06
5.5833099e-06
5.398424996e-06
5.228986567e-06
5.121683486e-06
5.13143832e-06
4.96434424e-06
4.946953811e-06
5.048762759e-06
5.21496446e-06
5.398425026e-06
5.559865023e-06
5.669490806e-06
5.708567118e-06
5.669490783e-06
5.559864991e-06
5.398424994e-06
5.214964428e-06
5.048762719e-06
4.94695381e-06
4.964344284e-06
4.812693802e-06
4.79031042e-06
4.886940693e-06
5.048762772e-06
5.228986618e-06
5.388310679e-06
5.496771084e-06
5.535477697e-06
5.496771062e-06
5.388310642e-06
5.228986577e-06
5.048762735e-06
4.886940646e-06
4.790310411e-06
4.812693842e-06
4.718107519e-06
4.696870577e-06
4.790310437e-06
4.946953842e-06
5.121683512e-06
5.276353033e-06
5.381741334e-06
5.419371758e-06
5.381741311e-06
5.276352996e-06
5.121683468e-06
4.946953803e-06
4.790310383e-06
4.696870558e-06
4.71810755e-06
4.727909119e-06
4.71810752e-06
4.81269383e-06
4.964344279e-06
5.131438312e-06
5.278626607e-06
5.37871119e-06
5.414422897e-06
5.378711165e-06
5.278626559e-06
5.131438265e-06
4.964344235e-06
4.81269376e-06
4.718107499e-06
4.727909144e-06
4.734425981e-06
4.726017168e-06
4.814289098e-06
4.955225905e-06
5.110195813e-06
5.246511913e-06
5.339117588e-06
5.372144851e-06
5.339117566e-06
5.24651188e-06
5.110195783e-06
4.955225865e-06
4.814289079e-06
4.726017176e-06
4.734426002e-06
4.726017174e-06
4.707671883e-06
4.79497074e-06
4.940263348e-06
5.101871572e-06
5.244681849e-06
5.341887554e-06
5.376578354e-06
5.341887533e-06
5.244681814e-06
5.101871544e-06
4.940263317e-06
4.794970721e-06
4.707671894e-06
4.726017186e-06
4.814289083e-06
4.794970723e-06
4.885167339e-06
5.035108124e-06
5.201620305e-06
5.348570072e-06
5.44850166e-06
5.484146287e-06
5.448501633e-06
5.348570038e-06
5.201620278e-06
5.03510809e-06
4.885167324e-06
4.794970741e-06
4.814289114e-06
4.955225902e-06
4.940263351e-06
5.035108137e-06
5.18903645e-06
5.358524628e-06
5.507435202e-06
5.608453234e-06
5.644443788e-06
5.608453207e-06
5.507435165e-06
5.358524598e-06
5.189036413e-06
5.035108113e-06
4.940263359e-06
4.955225928e-06
5.110195811e-06
5.101871569e-06
5.201620316e-06
5.358524631e-06
5.52939812e-06
5.67868448e-06
5.779652877e-06
5.815576333e-06
5.779652855e-06
5.678684441e-06
5.52939809e-06
5.358524596e-06
5.201620297e-06
5.101871585e-06
5.110195839e-06
5.246511917e-06
5.244681849e-06
5.348570085e-06
5.5074352e-06
5.678684472e-06
5.827516506e-06
5.927895217e-06
5.96356366e-06
5.927895194e-06
5.827516466e-06
5.678684439e-06
5.507435162e-06
5.348570056e-06
5.244681854e-06
5.246511943e-06
5.339117572e-06
5.341887542e-06
5.448501661e-06
5.608453221e-06
5.779652867e-06
5.927895213e-06
6.027678538e-06
6.063103938e-06
6.027678515e-06
5.927895176e-06
5.779652834e-06
5.60845319e-06
5.448501637e-06
5.341887554e-06
5.339117616e-06
5.372144827e-06
5.37657835e-06
5.484146296e-06
5.644443783e-06
5.815576326e-06
5.963563659e-06
6.063103937e-06
6.098431703e-06
6.063103913e-06
5.963563622e-06
5.815576291e-06
5.644443748e-06
5.484146265e-06
5.376578356e-06
5.372144883e-06
5.339117556e-06
5.341887521e-06
5.448501637e-06
5.608453197e-06
5.77965284e-06
5.927895183e-06
6.027678507e-06
6.063103907e-06
6.027678482e-06
5.927895149e-06
5.779652805e-06
5.608453163e-06
5.448501604e-06
5.341887527e-06
5.339117596e-06
5.246511881e-06
5.244681817e-06
5.348570051e-06
5.507435165e-06
5.678684437e-06
5.827516465e-06
5.927895172e-06
5.963563617e-06
5.927895148e-06
5.82751643e-06
5.678684396e-06
5.507435128e-06
5.348570014e-06
5.244681817e-06
5.246511907e-06
5.110195759e-06
5.101871537e-06
5.201620278e-06
5.358524589e-06
5.529398078e-06
5.678684431e-06
5.779652825e-06
5.815576286e-06
5.779652805e-06
5.678684403e-06
5.52939805e-06
5.358524564e-06
5.201620248e-06
5.101871544e-06
5.110195809e-06
4.955225868e-06
4.940263324e-06
5.035108103e-06
5.189036418e-06
5.358524592e-06
5.50743516e-06
5.608453186e-06
5.644443748e-06
5.608453166e-06
5.507435133e-06
5.358524561e-06
5.189036387e-06
5.035108068e-06
4.940263324e-06
4.955225906e-06
4.81428908e-06
4.794970726e-06
4.88516733e-06
5.035108115e-06
5.201620292e-06
5.34857006e-06
5.448501633e-06
5.484146268e-06
5.448501614e-06
5.348570028e-06
5.201620256e-06
5.035108083e-06
4.885167291e-06
4.794970719e-06
4.814289105e-06
4.726017178e-06
4.707671894e-06
4.794970742e-06
4.940263352e-06
5.101871569e-06
5.244681847e-06
5.341887537e-06
5.376578342e-06
5.341887516e-06
5.244681812e-06
5.101871528e-06
4.940263317e-06
4.794970692e-06
4.707671881e-06
4.726017194e-06
4.734425979e-06
4.726017169e-06
4.814289097e-06
4.955225903e-06
5.110195801e-06
5.246511902e-06
5.339117557e-06
5.372144823e-06
5.339117537e-06
5.246511861e-06
5.110195761e-06
4.95522586e-06
4.814289036e-06
4.726017159e-06
4.734426007e-06
4.7408573e-06
4.733735042e-06
4.815661644e-06
4.945922592e-06
5.088857352e-06
5.21440817e-06
5.299620374e-06
5.329996027e-06
5.299620342e-06
5.21440813e-06
5.088857327e-06
4.945922557e-06
4.815661621e-06
4.733735046e-06
4.740857323e-06
4.733735044e-06
4.718069916e-06
4.799182835e-06
4.933205838e-06
5.08185136e-06
5.212979119e-06
5.302137743e-06
5.333939972e-06
5.302137724e-06
5.212979086e-06
5.081851336e-06
4.933205808e-06
4.799182818e-06
4.718069929e-06
4.733735065e-06
4.815661625e-06
4.799182819e-06
4.882911606e-06
5.021077974e-06
5.174068559e-06
5.308849519e-06
5.400407716e-06
5.433048547e-06
5.400407692e-06
5.308849488e-06
5.174068537e-06
5.021077947e-06
4.882911593e-06
4.799182836e-06
4.815661658e-06
4.945922591e-06
4.933205841e-06
5.021077992e-06
5.162853142e-06
5.318564559e-06
5.455152556e-06
5.547718057e-06
5.580680788e-06
5.547718035e-06
5.455152522e-06
5.318564532e-06
5.162853109e-06
5.021077967e-06
4.93320585e-06
4.945922611e-06
5.088857364e-06
5.081851357e-06
5.174068571e-06
5.318564561e-06
5.475613488e-06
5.612633995e-06
5.705222792e-06
5.738149873e-06
5.70522277e-06
5.612633959e-06
5.475613463e-06
5.31856453e-06
5.174068554e-06
5.081851374e-06
5.088857385e-06
5.214408175e-06
5.212979115e-06
5.30884953e-06
5.455152553e-06
5.612633989e-06
5.749345163e-06
5.841475648e-06
5.874199683e-06
5.841475625e-06
5.749345128e-06
5.61263396e-06
5.455152519e-06
5.308849506e-06
5.212979124e-06
5.214408207e-06
5.299620352e-06
5.302137732e-06
5.400407718e-06
5.547718045e-06
5.705222782e-06
5.841475642e-06
5.933123189e-06
5.965647866e-06
5.933123168e-06
5.841475611e-06
5.705222754e-06
5.547718016e-06
5.400407697e-06
5.302137747e-06
5.299620393e-06
5.329995997e-06
5.333939968e-06
5.433048555e-06
5.580680784e-06
5.738149865e-06
5.874199683e-06
5.965647866e-06
5.998091779e-06
5.965647844e-06
5.874199649e-06
5.738149833e-06
5.580680752e-06
5.433048528e-06
5.333939976e-06
5.32999604e-06
5.299620324e-06
5.302137714e-06
5.400407694e-06
5.547718024e-06
5.705222756e-06
5.84147562e-06
5.93312316e-06
5.965647838e-06
5.933123138e-06
5.841475587e-06
5.705222726e-06
5.547717994e-06
5.400407667e-06
5.302137721e-06
5.299620363e-06
5.214408137e-06
5.212979088e-06
5.308849499e-06
5.455152522e-06
5.612633955e-06
5.749345126e-06
5.841475607e-06
5.874199645e-06
5.841475585e-06
5.749345095e-06
5.612633921e-06
5.455152489e-06
5.308849465e-06
5.212979091e-06
5.214408166e-06
5.088857309e-06
5.081851329e-06
5.174068536e-06
5.318564523e-06
5.475613452e-06
5.612633952e-06
5.705222744e-06
5.738149829e-06
5.705222726e-06
5.612633927e-06
5.475613421e-06
5.3185645e-06
5.17406851e-06
5.081851338e-06
5.088857352e-06
4.945922559e-06
4.933205816e-06
5.021077959e-06
5.162853111e-06
5.318564525e-06
5.455152518e-06
5.547718013e-06
5.580680749e-06
5.547717994e-06
5.455152492e-06
5.318564498e-06
5.162853086e-06
5.021077927e-06
4.933205819e-06
4.945922592e-06
4.815661629e-06
4.799182818e-06
4.882911599e-06
5.021077969e-06
5.174068549e-06
5.308849506e-06
5.400407694e-06
5.433048532e-06
5.400407675e-06
5.308849479e-06
5.174068518e-06
5.021077942e-06
4.882911563e-06
4.799182819e-06
4.815661653e-06
4.733735047e-06
4.718069928e-06
4.799182839e-06
4.933205841e-06
5.081851359e-06
5.212979117e-06
5.30213773e-06
5.333939963e-06
5.302137711e-06
5.212979085e-06
5.081851321e-06
4.933205808e-06
4.799182791e-06
4.718069916e-06
4.73373507e-06
4.740857295e-06
4.733735042e-06
4.81566164e-06
4.945922587e-06
5.088857337e-06
5.214408153e-06
5.299620342e-06
5.329995996e-06
5.299620316e-06
5.214408122e-06
5.088857299e-06
4.945922548e-06
4.815661593e-06
4.73373503e-06
4.740857328e-06
4.747203072e-06
4.741261136e-06
4.81681146e-06
4.936434341e-06
5.067422943e-06
5.182315369e-06
5.260219541e-06
5.287976433e-06
5.260219521e-06
5.182315331e-06
5.06742292e-06
4.936434322e-06
4.816811442e-06
4.741261136e-06
4.747203107e-06
4.741261128e-06
4.728064665e-06
4.802946718e-06
4.925781308e-06
5.061622884e-06
5.181244846e-06
5.262491925e-06
5.291456628e-06
5.262491906e-06
5.181244815e-06
5.06162286e-06
4.925781282e-06
4.802946705e-06
4.728064679e-06
4.741261157e-06
4.816811442e-06
4.802946703e-06
4.880173502e-06
5.006672338e-06
5.146331398e-06
5.269149032e-06
5.352489285e-06
5.382184502e-06
5.352489265e-06
5.269149002e-06
5.146331378e-06
5.006672316e-06
4.880173491e-06
4.802946722e-06
4.816811473e-06
4.936434341e-06
4.925781309e-06
5.006672355e-06
5.136414575e-06
5.278544862e-06
5.403017128e-06
5.487285328e-06
5.517278161e-06
5.48728531e-06
5.403017097e-06
5.278544837e-06
5.136414546e-06
5.006672334e-06
4.925781322e-06
4.936434373e-06
5.067422942e-06
5.06162288e-06
5.14633141e-06
5.27854486e-06
5.421956081e-06
5.546904046e-06
5.631257387e-06
5.661241781e-06
5.631257368e-06
5.546904014e-06
5.421956057e-06
5.278544833e-06
5.146331392e-06
5.061622897e-06
5.067422975e-06
5.182315371e-06
5.181244842e-06
5.269149043e-06
5.403017124e-06
5.546904044e-06
5.671669846e-06
5.755682212e-06
5.78551023e-06
5.755682189e-06
5.671669815e-06
5.546904016e-06
5.403017095e-06
5.269149021e-06
5.181244853e-06
5.182315399e-06
5.26021953e-06
5.262491913e-06
5.352489285e-06
5.487285318e-06
5.63125738e-06
5.755682206e-06
5.839313137e-06
5.868981374e-06
5.839313119e-06
5.755682178e-06
5.631257355e-06
5.487285293e-06
5.352489267e-06
5.262491929e-06
5.260219554e-06
5.287976412e-06
5.291456622e-06
5.382184508e-06
5.517278159e-06
5.661241773e-06
5.785510229e-06
5.868981373e-06
5.898584172e-06
5.868981354e-06
5.785510198e-06
5.661241747e-06
5.51727813e-06
5.382184484e-06
5.291456633e-06
5.287976441e-06
5.260219499e-06
5.262491897e-06
5.352489264e-06
5.487285299e-06
5.631257356e-06
5.755682185e-06
5.839313112e-06
5.868981349e-06
5.839313093e-06
5.755682156e-06
5.631257329e-06
5.487285273e-06
5.352489241e-06
5.262491906e-06
5.260219544e-06
5.182315341e-06
5.181244818e-06
5.269149012e-06
5.403017097e-06
5.546904009e-06
5.671669812e-06
5.755682175e-06
5.785510196e-06
5.755682154e-06
5.671669783e-06
5.546903982e-06
5.403017067e-06
5.269148982e-06
5.181244823e-06
5.182315379e-06
5.067422908e-06
5.061622854e-06
5.146331376e-06
5.278544828e-06
5.421956047e-06
5.546904011e-06
5.631257345e-06
5.661241742e-06
5.631257329e-06
5.546903986e-06
5.421956022e-06
5.278544806e-06
5.146331354e-06
5.061622865e-06
5.067422951e-06
4.936434314e-06
4.925781286e-06
5.006672326e-06
5.136414548e-06
5.27854483e-06
5.403017095e-06
5.487285288e-06
5.517278127e-06
5.487285272e-06
5.40301707e-06
5.278544803e-06
5.136414526e-06
5.006672297e-06
4.925781292e-06
4.936434353e-06
4.816811439e-06
4.802946703e-06
4.880173496e-06
5.006672336e-06
5.14633139e-06
5.26914902e-06
5.352489265e-06
5.382184487e-06
5.352489248e-06
5.269148996e-06
5.14633136e-06
5.006672309e-06
4.880173461e-06
4.802946705e-06
4.816811477e-06
4.741261134e-06
4.728064678e-06
4.802946722e-06
4.925781312e-06
5.061622884e-06
5.181244843e-06
5.262491914e-06
5.29145662e-06
5.262491895e-06
5.181244816e-06
5.06162285e-06
4.925781283e-06
4.802946681e-06
4.728064667e-06
4.741261162e-06
4.747203073e-06
4.741261129e-06
4.816811459e-06
4.936434346e-06
5.067422936e-06
5.182315362e-06
5.260219523e-06
5.287976415e-06
5.260219503e-06
5.18231534e-06
5.067422902e-06
4.936434305e-06
4.816811408e-06
4.741261121e-06
4.747203108e-06
4.753463315e-06
4.748595439e-06
4.817738545e-06
4.926761164e-06
5.045892592e-06
5.150233527e-06
5.22091511e-06
5.246086078e-06
5.220915099e-06
5.150233493e-06
5.045892562e-06
4.926761142e-06
4.817738533e-06
4.748595444e-06
4.753463345e-06
4.748595434e-06
4.73765613e-06
4.806262391e-06
4.917989757e-06
5.041186142e-06
5.149479031e-06
5.222950096e-06
5.249128319e-06
5.222950077e-06
5.149479004e-06
5.041186117e-06
4.917989736e-06
4.806262381e-06
4.737656143e-06
4.748595471e-06
4.817738522e-06
4.806262379e-06
4.876953024e-06
4.991891216e-06
5.118408821e-06
5.229468613e-06
5.304746366e-06
5.33155415e-06
5.30474635e-06
5.229468585e-06
5.118408802e-06
4.991891196e-06
4.876953018e-06
4.806262395e-06
4.817738562e-06
4.92676116e-06
4.91798976e-06
4.991891228e-06
5.10972075e-06
5.238465533e-06
5.351028918e-06
5.427155049e-06
5.45423591e-06
5.427155033e-06
5.351028889e-06
5.238465512e-06
5.109720724e-06
4.991891212e-06
4.917989771e-06
4.926761191e-06
5.045892583e-06
5.041186138e-06
5.118408831e-06
5.238465531e-06
5.368425898e-06
5.481494636e-06
5.557756665e-06
5.584852058e-06
5.55775665e-06
5.481494608e-06
5.368425877e-06
5.238465508e-06
5.118408819e-06
5.041186153e-06
5.045892617e-06
5.150233523e-06
5.149479028e-06
5.229468622e-06
5.351028914e-06
5.481494634e-06
5.594490554e-06
5.670514909e-06
5.697495303e-06
5.670514887e-06
5.594490528e-06
5.481494609e-06
5.351028888e-06
5.229468604e-06
5.149479041e-06
5.150233553e-06
5.220915104e-06
5.222950084e-06
5.304746367e-06
5.427155041e-06
5.55775666e-06
5.670514901e-06
5.746248385e-06
5.773104462e-06
5.746248369e-06
5.670514878e-06
5.557756635e-06
5.427155021e-06
5.30474635e-06
5.222950099e-06
5.220915129e-06
5.246086063e-06
5.249128314e-06
5.331554155e-06
5.454235908e-06
5.584852052e-06
5.697495301e-06
5.773104462e-06
5.799908883e-06
5.773104444e-06
5.697495274e-06
5.584852028e-06
5.454235883e-06
5.331554134e-06
5.249128323e-06
5.246086094e-06
5.220915079e-06
5.22295007e-06
5.304746347e-06
5.427155024e-06
5.557756639e-06
5.670514882e-06
5.746248363e-06
5.773104439e-06
5.746248346e-06
5.670514857e-06
5.557756616e-06
5.427154999e-06
5.304746327e-06
5.222950078e-06
5.220915119e-06
5.150233494e-06
5.149479006e-06
5.229468594e-06
5.351028891e-06
5.481494603e-06
5.594490524e-06
5.670514875e-06
5.697495273e-06
5.670514857e-06
5.594490497e-06
5.481494579e-06
5.351028863e-06
5.229468568e-06
5.149479011e-06
5.150233527e-06
5.045892556e-06
5.041186114e-06
5.1184088e-06
5.238465501e-06
5.368425866e-06
5.481494604e-06
5.557756628e-06
5.584852023e-06
5.557756613e-06
5.481494581e-06
5.368425848e-06
5.238465485e-06
5.118408782e-06
5.041186125e-06
5.045892593e-06
4.926761136e-06
4.917989738e-06
4.991891204e-06
5.109720728e-06
5.238465505e-06
5.35102889e-06
5.427155013e-06
5.45423588e-06
5.427155e-06
5.351028868e-06
5.238465481e-06
5.109720706e-06
4.99189118e-06
4.917989744e-06
4.926761174e-06
4.817738526e-06
4.806262381e-06
4.87695302e-06
4.991891214e-06
5.118408812e-06
5.229468602e-06
5.304746348e-06
5.331554135e-06
5.304746333e-06
5.229468582e-06
5.118408787e-06
4.991891188e-06
4.876952992e-06
4.806262381e-06
4.817738561e-06
4.748595448e-06
4.737656143e-06
4.806262396e-06
4.917989764e-06
5.041186141e-06
5.149479029e-06
5.222950085e-06
5.249128313e-06
5.222950069e-06
5.149479005e-06
5.041186112e-06
4.917989737e-06
4.806262362e-06
4.737656133e-06
4.748595465e-06
4.753463319e-06
4.748595437e-06
4.817738543e-06
4.926761166e-06
5.045892581e-06
5.150233517e-06
5.220915101e-06
5.246086069e-06
5.220915087e-06
5.150233496e-06
5.045892555e-06
4.92676113e-06
4.8177385e-06
4.748595436e-06
4.75346333e-06
4.759638005e-06
4.755737959e-06
4.818442888e-06
4.91690304e-06
5.024266278e-06
5.118162622e-06
5.181707078e-06
5.204324951e-06
5.181707066e-06
5.118162591e-06
5.024266242e-06
4.916903011e-06
4.818442881e-06
4.755737968e-06
4.759638022e-06
4.755737952e-06
4.746844292e-06
4.809129838e-06
4.90983117e-06
5.020541113e-06
5.117681654e-06
5.183512236e-06
5.206955026e-06
5.183512218e-06
5.117681631e-06
5.020541093e-06
4.909831151e-06
4.80912983e-06
4.746844306e-06
4.75573799e-06
4.818442857e-06
4.809129828e-06
4.873250158e-06
4.976734587e-06
5.090300806e-06
5.189808242e-06
5.25717894e-06
5.28115747e-06
5.257178926e-06
5.18980822e-06
5.090300791e-06
4.976734567e-06
4.873250153e-06
4.80912984e-06
4.818442905e-06
4.916903024e-06
4.909831173e-06
4.976734596e-06
5.082771647e-06
5.198326555e-06
5.299187908e-06
5.367327201e-06
5.391554015e-06
5.367327185e-06
5.299187881e-06
5.198326536e-06
5.082771623e-06
4.976734583e-06
4.909831181e-06
4.916903047e-06
5.024266271e-06
5.020541112e-06
5.090300816e-06
5.198326554e-06
5.315022923e-06
5.416405746e-06
5.484720605e-06
5.508980683e-06
5.484720592e-06
5.41640572e-06
5.315022907e-06
5.198326535e-06
5.090300806e-06
5.020541124e-06
5.024266294e-06
5.118162612e-06
5.117681653e-06
5.189808248e-06
5.299187905e-06
5.416405741e-06
5.517807268e-06
5.585973716e-06
5.610154881e-06
5.585973699e-06
5.517807242e-06
5.41640572e-06
5.299187882e-06
5.189808235e-06
5.117681666e-06
5.118162649e-06
5.181707055e-06
5.183512227e-06
5.257178938e-06
5.367327193e-06
5.4847206e-06
5.58597371e-06
5.653928912e-06
5.678017108e-06
5.653928898e-06
5.585973688e-06
5.484720579e-06
5.367327175e-06
5.257178927e-06
5.18351224e-06
5.181707096e-06
5.204324929e-06
5.206955022e-06
5.281157473e-06
5.391554012e-06
5.508980678e-06
5.610154877e-06
5.678017109e-06
5.702065891e-06
5.678017094e-06
5.610154853e-06
5.508980657e-06
5.391553991e-06
5.281157458e-06
5.206955031e-06
5.204324968e-06
5.181707046e-06
5.183512212e-06
5.257178923e-06
5.367327176e-06
5.484720583e-06
5.585973693e-06
5.653928893e-06
5.678017089e-06
5.653928878e-06
5.585973669e-06
5.48472056e-06
5.367327156e-06
5.257178906e-06
5.183512219e-06
5.181707077e-06
5.118162592e-06
5.117681633e-06
5.189808226e-06
5.299187882e-06
5.416405715e-06
5.517807241e-06
5.585973685e-06
5.610154853e-06
5.58597367e-06
5.51780722e-06
5.416405693e-06
5.299187859e-06
5.189808204e-06
5.117681639e-06
5.118162617e-06
5.024266238e-06
5.020541089e-06
5.090300788e-06
5.198326526e-06
5.315022894e-06
5.416405714e-06
5.484720572e-06
5.508980651e-06
5.484720557e-06
5.416405695e-06
5.315022877e-06
5.198326513e-06
5.090300775e-06
5.020541101e-06
5.024266265e-06
4.916903007e-06
4.909831153e-06
4.976734575e-06
5.082771626e-06
5.19832653e-06
5.299187884e-06
5.367327169e-06
5.391553987e-06
5.367327156e-06
5.299187864e-06
5.198326511e-06
5.082771606e-06
4.976734555e-06
4.90983116e-06
4.916903031e-06
4.81844287e-06
4.809129829e-06
4.873250156e-06
4.976734583e-06
5.0903008e-06
5.189808232e-06
5.257178923e-06
5.281157457e-06
5.25717891e-06
5.189808213e-06
5.090300779e-06
4.976734562e-06
4.873250132e-06
4.80912983e-06
4.818442897e-06
4.755737959e-06
4.746844304e-06
4.809129844e-06
4.909831175e-06
5.020541115e-06
5.117681654e-06
5.183512229e-06
5.206955023e-06
5.183512214e-06
5.117681633e-06
5.020541089e-06
4.909831152e-06
4.809129812e-06
4.746844298e-06
4.755737988e-06
4.759638005e-06
4.755737959e-06
4.818442879e-06
4.916903024e-06
5.024266251e-06
5.118162606e-06
5.181707063e-06
5.204324938e-06
5.181707047e-06
5.11816258e-06
5.024266233e-06
4.916903007e-06
4.818442858e-06
4.755737957e-06
4.759638018e-06
4.765727189e-06
4.762688739e-06
4.818924538e-06
4.906860002e-06
5.002544041e-06
5.086102699e-06
5.142595484e-06
5.162693101e-06
5.14259547e-06
5.086102675e-06
5.002544008e-06
4.906859979e-06
4.818924534e-06
4.762688743e-06
4.765727192e-06
4.762688728e-06
4.755629206e-06
4.811549115e-06
4.901305602e-06
4.999687857e-06
5.085852778e-06
5.144178408e-06
5.164936813e-06
5.144178393e-06
5.085852758e-06
4.999687844e-06
4.901305586e-06
4.811549108e-06
4.75562922e-06
4.762688755e-06
4.818924512e-06
4.811549103e-06
4.869064963e-06
4.961202508e-06
5.062007418e-06
5.15016798e-06
5.209787067e-06
5.230994526e-06
5.209787054e-06
5.150167961e-06
5.062007404e-06
4.961202491e-06
4.869064957e-06
4.811549118e-06
4.818924547e-06
4.906859992e-06
4.901305603e-06
4.961202516e-06
5.055567323e-06
5.15812799e-06
5.247494159e-06
5.307801846e-06
5.329232538e-06
5.30780183e-06
5.247494138e-06
5.158127972e-06
5.055567305e-06
4.961202506e-06
4.901305614e-06
4.906860014e-06
5.002544041e-06
4.999687858e-06
5.062007424e-06
5.158127989e-06
5.261747215e-06
5.351637435e-06
5.412149271e-06
5.433627721e-06
5.41214926e-06
5.351637411e-06
5.261747201e-06
5.15812797e-06
5.062007416e-06
4.99968787e-06
5.002544061e-06
5.086102694e-06
5.085852777e-06
5.150167982e-06
5.247494156e-06
5.351637429e-06
5.441620052e-06
5.5020587e-06
5.523489027e-06
5.502058687e-06
5.441620028e-06
5.351637413e-06
5.247494138e-06
5.150167975e-06
5.085852788e-06
5.086102728e-06
5.142595459e-06
5.1441784e-06
5.209787065e-06
5.307801839e-06
5.412149266e-06
5.502058697e-06
5.562354785e-06
5.583719381e-06
5.562354773e-06
5.502058676e-06
5.41214925e-06
5.307801822e-06
5.209787056e-06
5.144178412e-06
5.142595497e-06
5.162693089e-06
5.164936809e-06
5.230994529e-06
5.329232535e-06
5.433627717e-06
5.523489023e-06
5.583719382e-06
5.605055264e-06
5.583719369e-06
5.523489003e-06
5.433627699e-06
5.329232517e-06
5.230994515e-06
5.164936819e-06
5.162693124e-06
5.142595458e-06
5.144178387e-06
5.209787051e-06
5.307801822e-06
5.412149252e-06
5.502058681e-06
5.562354768e-06
5.583719365e-06
5.562354755e-06
5.50205866e-06
5.41214923e-06
5.307801806e-06
5.209787036e-06
5.144178396e-06
5.142595488e-06
5.086102686e-06
5.085852757e-06
5.150167964e-06
5.247494135e-06
5.351637407e-06
5.441620028e-06
5.502058674e-06
5.523489001e-06
5.502058661e-06
5.44162001e-06
5.351637389e-06
5.247494118e-06
5.150167946e-06
5.085852767e-06
5.086102696e-06
5.002544015e-06
4.999687838e-06
5.062007403e-06
5.158127965e-06
5.261747191e-06
5.351637406e-06
5.412149242e-06
5.433627694e-06
5.41214923e-06
5.351637389e-06
5.261747174e-06
5.158127954e-06
5.062007389e-06
4.99968785e-06
5.002544029e-06
4.906859977e-06
4.901305586e-06
4.961202498e-06
5.055567305e-06
5.158127967e-06
5.247494137e-06
5.307801819e-06
5.329232514e-06
5.307801805e-06
5.24749412e-06
5.158127951e-06
5.055567287e-06
4.961202481e-06
4.901305594e-06
4.906859998e-06
4.81892452e-06
4.811549105e-06
4.86906496e-06
4.961202505e-06
5.062007414e-06
5.150167972e-06
5.209787053e-06
5.230994515e-06
5.209787041e-06
5.150167953e-06
5.062007393e-06
4.961202487e-06
4.869064939e-06
4.811549108e-06
4.818924551e-06
4.76268873e-06
4.755629217e-06
4.811549119e-06
4.901305607e-06
4.999687861e-06
5.085852776e-06
5.144178403e-06
5.164936811e-06
5.144178389e-06
5.08585276e-06
4.999687838e-06
4.901305587e-06
4.811549091e-06
4.755629214e-06
4.762688767e-06
4.765727183e-06
4.762688736e-06
4.818924533e-06
4.906859993e-06
5.002544021e-06
5.086102688e-06
5.14259547e-06
5.16269309e-06
5.142595443e-06
5.086102659e-06
5.002544002e-06
4.906859982e-06
4.81892451e-06
4.76268873e-06
4.765727215e-06
4.771730816e-06
4.769447715e-06
4.819183442e-06
4.896632015e-06
4.980725841e-06
5.054053711e-06
5.103580265e-06
5.121190476e-06
5.103580252e-06
5.054053688e-06
4.98072581e-06
4.896631988e-06
4.819183435e-06
4.769447715e-06
4.771730816e-06
4.769447705e-06
4.764010819e-06
4.813520163e-06
4.892412998e-06
4.978626321e-06
5.053992341e-06
5.104948551e-06
5.123073617e-06
5.10494854e-06
5.053992323e-06
4.97862631e-06
4.892412984e-06
4.813520158e-06
4.764010832e-06
4.769447728e-06
4.819183427e-06
4.813520152e-06
4.864397377e-06
4.945294922e-06
5.033528596e-06
5.110547768e-06
5.162570687e-06
5.181065256e-06
5.162570675e-06
5.11054775e-06
5.033528581e-06
4.945294908e-06
4.864397373e-06
4.813520168e-06
4.81918345e-06
4.896632007e-06
4.892412996e-06
4.945294931e-06
5.028107725e-06
5.117869777e-06
5.195947611e-06
5.24857892e-06
5.267271418e-06
5.248578908e-06
5.195947592e-06
5.117869762e-06
5.028107709e-06
4.945294922e-06
4.89241301e-06
4.896632032e-06
4.980725833e-06
4.978626319e-06
5.033528602e-06
5.117869777e-06
5.208598713e-06
5.28718964e-06
5.340042602e-06
5.358793112e-06
5.340042592e-06
5.28718962e-06
5.208598702e-06
5.11786976e-06
5.033528593e-06
4.978626333e-06
4.980725859e-06
5.054053707e-06
5.053992339e-06
5.110547768e-06
5.195947607e-06
5.287189635e-06
5.365928844e-06
5.418769799e-06
5.437497677e-06
5.418769788e-06
5.365928824e-06
5.287189623e-06
5.195947591e-06
5.110547763e-06
5.053992351e-06
5.054053739e-06
5.103580256e-06
5.104948546e-06
5.162570688e-06
5.248578916e-06
5.340042595e-06
5.418769798e-06
5.471525938e-06
5.490211216e-06
5.471525926e-06
5.418769779e-06
5.340042583e-06
5.248578901e-06
5.162570678e-06
5.104948556e-06
5.103580289e-06
5.121190471e-06
5.123073614e-06
5.181065259e-06
5.267271414e-06
5.358793107e-06
5.437497676e-06
5.490211215e-06
5.508876935e-06
5.490211204e-06
5.437497658e-06
5.358793091e-06
5.2672714e-06
5.181065246e-06
5.123073623e-06
5.121190499e-06
5.103580244e-06
5.104948534e-06
5.162570673e-06
5.2485789e-06
5.340042583e-06
5.418769782e-06
5.471525922e-06
5.4902112e-06
5.471525911e-06
5.418769765e-06
5.340042566e-06
5.248578886e-06
5.162570661e-06
5.104948543e-06
5.10358027e-06
5.054053696e-06
5.053992324e-06
5.110547752e-06
5.19594759e-06
5.287189618e-06
5.365928822e-06
5.418769777e-06
5.437497656e-06
5.418769766e-06
5.365928804e-06
5.287189602e-06
5.195947575e-06
5.110547737e-06
5.053992331e-06
5.054053709e-06
4.980725817e-06
4.978626302e-06
5.033528582e-06
5.117869755e-06
5.208598693e-06
5.287189615e-06
5.340042575e-06
5.358793087e-06
5.340042566e-06
5.287189601e-06
5.208598679e-06
5.117869746e-06
5.03352857e-06
4.978626314e-06
4.980725833e-06
4.896631995e-06
4.892412984e-06
4.945294916e-06
5.028107708e-06
5.117869758e-06
5.19594759e-06
5.248578898e-06
5.267271398e-06
5.248578886e-06
5.195947577e-06
5.117869742e-06
5.028107695e-06
4.9452949e-06
4.892412989e-06
4.896632017e-06
4.819183422e-06
4.813520155e-06
4.864397375e-06
4.945294922e-06
5.033528591e-06
5.11054776e-06
5.162570676e-06
5.181065247e-06
5.162570664e-06
5.110547745e-06
5.033528573e-06
4.945294907e-06
4.864397358e-06
4.813520158e-06
4.819183457e-06
4.769447705e-06
4.764010828e-06
4.813520165e-06
4.892413002e-06
4.978626322e-06
5.053992341e-06
5.104948546e-06
5.123073615e-06
5.104948537e-06
5.053992326e-06
4.978626304e-06
4.892412985e-06
4.813520142e-06
4.764010826e-06
4.769447734e-06
4.771730805e-06
4.769447714e-06
4.819183448e-06
4.896632016e-06
4.980725832e-06
5.054053712e-06
5.103580269e-06
5.121190474e-06
5.103580231e-06
5.054053678e-06
4.980725806e-06
4.896631992e-06
4.819183415e-06
4.769447707e-06
4.771730826e-06
4.777648904e-06
4.776014906e-06
4.819219618e-06
4.886219095e-06
4.958811695e-06
5.022015687e-06
5.064661463e-06
5.079817104e-06
5.064661449e-06
5.022015666e-06
4.958811677e-06
4.886219074e-06
4.81921961e-06
4.776014912e-06
4.777648899e-06
4.776014899e-06
4.771989149e-06
4.815043004e-06
4.883153377e-06
4.957356521e-06
5.022100364e-06
5.065822687e-06
5.08136546e-06
5.065822678e-06
5.02210035e-06
4.95735651e-06
4.883153366e-06
4.815042998e-06
4.771989161e-06
4.776014921e-06
4.819219612e-06
4.815042993e-06
4.859247421e-06
4.929011851e-06
5.004864359e-06
5.070947624e-06
5.115529822e-06
5.131369682e-06
5.115529811e-06
5.07094761e-06
5.004864344e-06
4.929011842e-06
4.859247419e-06
4.815043007e-06
4.819219622e-06
4.886219093e-06
4.883153373e-06
4.92901186e-06
5.000392869e-06
5.077551936e-06
5.144548284e-06
5.189658448e-06
5.205670676e-06
5.189658438e-06
5.144548269e-06
5.077551924e-06
5.000392857e-06
4.929011852e-06
4.883153386e-06
4.886219106e-06
4.958811685e-06
4.957356519e-06
5.004864363e-06
5.077551936e-06
5.155577441e-06
5.223062386e-06
5.268400614e-06
5.284476873e-06
5.268400607e-06
5.223062371e-06
5.155577431e-06
5.077551925e-06
5.004864355e-06
4.95735653e-06
4.958811707e-06
5.02201568e-06
5.022100363e-06
5.070947625e-06
5.144548281e-06
5.223062381e-06
5.290733664e-06
5.336107036e-06
5.352180857e-06
5.336107023e-06
5.290733648e-06
5.223062371e-06
5.144548267e-06
5.07094762e-06
5.022100374e-06
5.022015699e-06
5.064661454e-06
5.065822684e-06
5.115529823e-06
5.189658443e-06
5.26840061e-06
5.336107033e-06
5.381442393e-06
5.397492633e-06
5.381442383e-06
5.336107017e-06
5.268400601e-06
5.189658431e-06
5.115529815e-06
5.065822693e-06
5.06466148e-06
5.079817093e-06
5.081365458e-06
5.131369685e-06
5.205670672e-06
5.284476869e-06
5.352180857e-06
5.397492631e-06
5.413530928e-06
5.397492623e-06
5.35218084e-06
5.284476857e-06
5.20567066e-06
5.131369674e-06
5.081365467e-06
5.079817123e-06
5.064661442e-06
5.065822672e-06
5.115529811e-06
5.189658431e-06
5.268400599e-06
5.33610702e-06
5.381442379e-06
5.397492619e-06
5.38144237e-06
5.336107006e-06
5.268400587e-06
5.189658417e-06
5.115529802e-06
5.065822681e-06
5.064661459e-06
5.022015668e-06
5.02210035e-06
5.070947611e-06
5.144548267e-06
5.223062367e-06
5.290733646e-06
5.336107015e-06
5.352180839e-06
5.336107006e-06
5.29073363e-06
5.223062353e-06
5.144548253e-06
5.0709476e-06
5.022100356e-06
5.022015682e-06
4.95881167e-06
4.957356504e-06
5.004864344e-06
5.077551917e-06
5.155577422e-06
5.223062366e-06
5.268400592e-06
5.284476852e-06
5.268400585e-06
5.223062354e-06
5.15557741e-06
5.07755191e-06
5.004864335e-06
4.957356514e-06
4.958811695e-06
4.886219076e-06
4.883153364e-06
4.929011846e-06
5.000392853e-06
5.077551922e-06
5.144548268e-06
5.189658428e-06
5.205670659e-06
5.18965842e-06
5.144548255e-06
5.077551907e-06
5.000392845e-06
4.929011832e-06
4.883153368e-06
4.886219098e-06
4.819219595e-06
4.815042995e-06
4.859247421e-06
4.929011852e-06
5.004864353e-06
5.070947617e-06
5.115529813e-06
5.131369675e-06
5.115529804e-06
5.070947604e-06
5.004864338e-06
4.929011839e-06
4.859247407e-06
4.815043001e-06
4.81921962e-06
4.776014893e-06
4.771989156e-06
4.815043005e-06
4.883153379e-06
4.95735652e-06
5.022100365e-06
5.065822684e-06
5.081365459e-06
5.065822675e-06
5.022100352e-06
4.957356508e-06
4.883153366e-06
4.815042984e-06
4.771989157e-06
4.776014918e-06
4.777648886e-06
4.77601491e-06
4.819219622e-06
4.886219094e-06
4.958811684e-06
5.02201568e-06
5.064661448e-06
5.079817088e-06
5.064661431e-06
5.022015658e-06
4.958811672e-06
4.886219067e-06
4.819219592e-06
4.776014912e-06
4.777648913e-06
4.783481449e-06
4.782390326e-06
4.819033069e-06
4.87562124e-06
4.936801603e-06
4.989988619e-06
5.025839065e-06
5.038572966e-06
5.025839049e-06
4.989988598e-06
4.936801598e-06
4.875621235e-06
4.819033066e-06
4.782390331e-06
4.783481453e-06
4.782390311e-06
4.779564195e-06
4.816117636e-06
4.873526736e-06
4.935878455e-06
4.990176849e-06
5.026800817e-06
5.039812344e-06
5.02680081e-06
4.990176839e-06
4.935878447e-06
4.873526727e-06
4.81611763e-06
4.779564205e-06
4.782390339e-06
4.819033055e-06
4.816117626e-06
4.853615098e-06
4.912353295e-06
4.976014707e-06
5.03136755e-06
5.068664472e-06
5.081907804e-06
5.068664463e-06
5.031367538e-06
4.976014695e-06
4.91235329e-06
4.853615097e-06
4.816117639e-06
4.819033071e-06
4.875621241e-06
4.873526734e-06
4.912353301e-06
4.972422757e-06
5.03717447e-06
5.093296177e-06
5.13104043e-06
5.144430314e-06
5.13104042e-06
5.093296167e-06
5.03717446e-06
4.972422746e-06
4.912353296e-06
4.873526745e-06
4.875621249e-06
4.936801598e-06
4.935878454e-06
4.976014709e-06
5.03717447e-06
5.1026834e-06
5.159255674e-06
5.197223314e-06
5.210679006e-06
5.197223309e-06
5.159255662e-06
5.102683387e-06
5.03717446e-06
4.976014703e-06
4.935878466e-06
4.936801622e-06
4.989988606e-06
4.990176848e-06
5.031367552e-06
5.093296176e-06
5.159255668e-06
5.216034515e-06
5.254070408e-06
5.267538566e-06
5.254070397e-06
5.216034502e-06
5.159255661e-06
5.093296166e-06
5.031367547e-06
4.990176857e-06
4.989988626e-06
5.025839056e-06
5.026800813e-06
5.068664473e-06
5.131040423e-06
5.19722331e-06
5.254070406e-06
5.292104151e-06
5.305563634e-06
5.292104142e-06
5.254070392e-06
5.197223304e-06
5.131040414e-06
5.068664466e-06
5.026800823e-06
5.025839072e-06
5.038572965e-06
5.039812341e-06
5.081907807e-06
5.144430309e-06
5.210679003e-06
5.267538564e-06
5.305563634e-06
5.319017243e-06
5.305563625e-06
5.267538552e-06
5.210678994e-06
5.144430298e-06
5.081907799e-06
5.039812349e-06
5.038572984e-06
5.025839043e-06
5.026800805e-06
5.068664463e-06
5.131040415e-06
5.197223302e-06
5.254070395e-06
5.292104139e-06
5.305563623e-06
5.29210413e-06
5.254070383e-06
5.197223292e-06
5.131040404e-06
5.068664456e-06
5.026800811e-06
5.025839058e-06
4.9899886e-06
4.990176836e-06
5.031367539e-06
5.093296165e-06
5.159255657e-06
5.2160345e-06
5.25407039e-06
5.26753855e-06
5.254070381e-06
5.216034487e-06
5.159255646e-06
5.093296153e-06
5.031367529e-06
4.990176842e-06
4.989988613e-06
4.936801585e-06
4.935878443e-06
4.976014694e-06
5.037174454e-06
5.102683381e-06
5.159255656e-06
5.197223294e-06
5.210678988e-06
5.197223291e-06
5.159255648e-06
5.102683371e-06
5.037174447e-06
4.976014686e-06
4.935878451e-06
4.936801615e-06
4.875621223e-06
4.873526725e-06
4.912353288e-06
4.972422742e-06
5.037174458e-06
5.093296167e-06
5.131040411e-06
5.144430297e-06
5.131040404e-06
5.093296154e-06
5.037174445e-06
4.972422739e-06
4.912353281e-06
4.87352673e-06
4.875621248e-06
4.81903305e-06
4.816117629e-06
4.853615099e-06
4.912353295e-06
4.976014701e-06
5.031367546e-06
5.068664464e-06
5.081907799e-06
5.068664457e-06
5.031367534e-06
4.976014688e-06
4.912353285e-06
4.853615086e-06
4.816117633e-06
4.81903307e-06
4.782390311e-06
4.779564202e-06
4.816117637e-06
4.873526739e-06
4.935878457e-06
4.99017685e-06
5.026800814e-06
5.039812343e-06
5.026800806e-06
4.990176838e-06
4.935878445e-06
4.873526728e-06
4.816117622e-06
4.779564201e-06
4.782390338e-06
4.78348144e-06
4.782390321e-06
4.819033065e-06
4.875621239e-06
4.936801593e-06
4.989988607e-06
5.025839042e-06
5.038572942e-06
5.025839032e-06
4.989988591e-06
4.936801587e-06
4.875621225e-06
4.819033049e-06
4.782390326e-06
4.783481465e-06
4.789228456e-06
4.788573965e-06
4.818623791e-06
4.864838458e-06
4.914695572e-06
4.957972504e-06
4.987113069e-06
4.997458071e-06
4.987113044e-06
4.957972476e-06
4.914695562e-06
4.86483845e-06
4.818623795e-06
4.788573967e-06
4.789228474e-06
4.788573956e-06
4.786735962e-06
4.816744059e-06
4.863533078e-06
4.914192129e-06
4.958221796e-06
4.987882942e-06
4.998414268e-06
4.987882936e-06
4.958221787e-06
4.91419212e-06
4.863533072e-06
4.816744058e-06
4.786735968e-06
4.788573981e-06
4.818623774e-06
4.816744052e-06
4.847500405e-06
4.895319254e-06
4.94697964e-06
4.991807546e-06
5.021974637e-06
5.032679624e-06
5.021974631e-06
4.991807537e-06
4.946979632e-06
4.895319249e-06
4.847500406e-06
4.816744063e-06
4.818623798e-06
4.864838451e-06
4.863533076e-06
4.895319259e-06
4.94419739e-06
4.996737378e-06
5.042191294e-06
5.072724863e-06
5.083550327e-06
5.072724856e-06
5.042191287e-06
4.99673737e-06
4.944197379e-06
4.895319254e-06
4.863533087e-06
4.864838463e-06
4.914695567e-06
4.914192126e-06
4.946979643e-06
4.996737378e-06
5.049916584e-06
5.095769501e-06
5.126510702e-06
5.137399514e-06
5.126510697e-06
5.095769492e-06
5.049916574e-06
4.996737371e-06
4.94697964e-06
4.914192139e-06
4.914695586e-06
4.957972483e-06
4.958221795e-06
4.991807549e-06
5.042191294e-06
5.095769501e-06
5.141831398e-06
5.172659917e-06
5.183570804e-06
5.17265991e-06
5.141831385e-06
5.095769492e-06
5.042191287e-06
4.991807543e-06
4.958221801e-06
4.957972512e-06
4.987113048e-06
4.987882935e-06
5.021974637e-06
5.072724857e-06
5.126510698e-06
5.172659914e-06
5.203511212e-06
5.21442422e-06
5.203511206e-06
5.172659905e-06
5.126510691e-06
5.072724851e-06
5.021974634e-06
4.987882946e-06
4.98711308e-06
4.997458069e-06
4.998414264e-06
5.032679626e-06
5.083550324e-06
5.137399513e-06
5.183570801e-06
5.214424221e-06
5.225335881e-06
5.214424213e-06
5.183570794e-06
5.137399503e-06
5.083550316e-06
5.032679621e-06
4.998414272e-06
4.997458083e-06
4.987113045e-06
4.98788293e-06
5.021974629e-06
5.072724851e-06
5.126510693e-06
5.172659906e-06
5.203511203e-06
5.214424212e-06
5.203511196e-06
5.172659898e-06
5.126510682e-06
5.072724844e-06
5.021974626e-06
4.987882936e-06
4.987113056e-06
4.957972482e-06
4.958221786e-06
4.991807539e-06
5.042191285e-06
5.095769487e-06
5.141831383e-06
5.172659903e-06
5.183570791e-06
5.172659895e-06
5.141831374e-06
5.095769481e-06
5.042191276e-06
4.991807529e-06
4.958221789e-06
4.957972499e-06
4.914695558e-06
4.914192118e-06
4.94697963e-06
4.996737365e-06
5.049916569e-06
5.095769489e-06
5.126510687e-06
5.1373995e-06
5.126510681e-06
5.095769483e-06
5.049916561e-06
4.99673736e-06
4.946979624e-06
4.914192125e-06
4.91469558e-06
4.864838442e-06
4.863533069e-06
4.895319248e-06
4.944197377e-06
4.996737366e-06
5.042191286e-06
5.072724847e-06
5.083550315e-06
5.072724841e-06
5.042191279e-06
4.996737357e-06
4.944197375e-06
4.895319241e-06
4.863533076e-06
4.864838459e-06
4.818623774e-06
4.816744055e-06
4.847500407e-06
4.895319253e-06
4.946979634e-06
4.991807545e-06
5.021974631e-06
5.03267962e-06
5.021974626e-06
4.991807537e-06
4.946979626e-06
4.895319246e-06
4.847500397e-06
4.816744059e-06
4.818623794e-06
4.788573955e-06
4.786735965e-06
4.81674406e-06
4.863533081e-06
4.914192131e-06
4.958221797e-06
4.987882937e-06
4.998414266e-06
4.987882931e-06
4.958221784e-06
4.914192117e-06
4.863533071e-06
4.81674405e-06
4.786735965e-06
4.78857398e-06
4.789228464e-06
4.788573966e-06
4.818623794e-06
4.864838456e-06
4.914695564e-06
4.95797249e-06
4.987113051e-06
4.997458063e-06
4.987113051e-06
4.957972486e-06
4.914695552e-06
4.864838444e-06
4.818623784e-06
4.788573968e-06
4.789228477e-06
4.794889917e-06
4.794565805e-06
4.817991764e-06
4.853870714e-06
4.892493564e-06
4.925967312e-06
4.948483457e-06
4.956472408e-06
4.948483434e-06
4.925967295e-06
4.892493558e-06
4.853870703e-06
4.817991768e-06
4.794565805e-06
4.794889928e-06
4.794565805e-06
4.793504425e-06
4.816922257e-06
4.853172386e-06
4.892297522e-06
4.926235185e-06
4.94906904e-06
4.957171212e-06
4.949069035e-06
4.926235177e-06
4.892297514e-06
4.853172382e-06
4.816922258e-06
4.793504431e-06
4.794565812e-06
4.817991762e-06
4.816922256e-06
4.840903326e-06
4.877909707e-06
4.917759142e-06
4.952267597e-06
4.975460301e-06
4.983685123e-06
4.975460297e-06
4.952267589e-06
4.917759136e-06
4.877909703e-06
4.840903327e-06
4.816922262e-06
4.817991772e-06
4.853870718e-06
4.853172384e-06
4.877909713e-06
4.915716748e-06
4.95624064e-06
4.991233618e-06
5.014711731e-06
5.023030703e-06
5.014711725e-06
4.99123361e-06
4.956240636e-06
4.915716741e-06
4.877909708e-06
4.853172393e-06
4.853870729e-06
4.892493574e-06
4.892297519e-06
4.917759143e-06
4.956240639e-06
4.997276977e-06
5.032603851e-06
5.056262756e-06
5.064638377e-06
5.05626275e-06
5.032603845e-06
4.997276971e-06
4.956240636e-06
4.917759143e-06
4.892297528e-06
4.892493575e-06
4.925967309e-06
4.926235185e-06
4.952267599e-06
4.991233617e-06
5.032603854e-06
5.068124288e-06
5.091875544e-06
5.100277553e-06
5.09187554e-06
5.068124281e-06
5.032603845e-06
4.991233611e-06
4.952267593e-06
4.926235189e-06
4.925967319e-06
4.94848344e-06
4.949069033e-06
4.975460299e-06
5.014711727e-06
5.056262755e-06
5.091875543e-06
5.115663558e-06
5.124074371e-06
5.115663554e-06
5.091875537e-06
5.056262747e-06
5.014711723e-06
4.975460299e-06
4.949069041e-06
4.948483467e-06
4.956472402e-06
4.957171207e-06
4.983685123e-06
5.0230307e-06
5.064638375e-06
5.100277551e-06
5.124074372e-06
5.132486823e-06
5.124074367e-06
5.100277544e-06
5.064638367e-06
5.023030696e-06
4.98368512e-06
4.957171213e-06
4.956472419e-06
4.948483437e-06
4.949069027e-06
4.975460296e-06
5.014711721e-06
5.056262747e-06
5.091875537e-06
5.115663551e-06
5.124074365e-06
5.115663545e-06
5.09187553e-06
5.05626274e-06
5.014711716e-06
4.975460291e-06
4.949069035e-06
4.948483451e-06
4.925967299e-06
4.926235177e-06
4.95226759e-06
4.991233609e-06
5.032603842e-06
5.068124279e-06
5.091875533e-06
5.100277543e-06
5.091875529e-06
5.068124273e-06
5.032603836e-06
4.991233604e-06
4.952267585e-06
4.926235181e-06
4.925967312e-06
4.892493562e-06
4.892297509e-06
4.917759134e-06
4.95624063e-06
4.997276967e-06
5.032603843e-06
5.056262746e-06
5.064638366e-06
5.056262739e-06
5.032603838e-06
4.997276961e-06
4.956240629e-06
4.917759129e-06
4.892297518e-06
4.892493572e-06
4.853870715e-06
4.853172378e-06
4.877909705e-06
4.915716738e-06
4.956240633e-06
4.99123361e-06
5.014711719e-06
5.023030693e-06
5.014711715e-06
4.991233605e-06
4.956240625e-06
4.915716736e-06
4.877909697e-06
4.853172384e-06
4.85387072e-06
4.817991757e-06
4.816922254e-06
4.840903328e-06
4.877909707e-06
4.917759139e-06
4.952267594e-06
4.975460296e-06
4.983685119e-06
4.975460293e-06
4.952267589e-06
4.917759131e-06
4.877909702e-06
4.84090332e-06
4.816922257e-06
4.817991764e-06
4.794565798e-06
4.793504428e-06
4.816922261e-06
4.853172387e-06
4.89229752e-06
4.926235184e-06
4.949069035e-06
4.95717121e-06
4.949069031e-06
4.926235176e-06
4.892297511e-06
4.853172381e-06
4.816922251e-06
4.793504428e-06
4.794565817e-06
4.79488992e-06
4.794565815e-06
4.817991768e-06
4.853870715e-06
4.89249357e-06
4.925967313e-06
4.948483449e-06
4.956472412e-06
4.94848345e-06
4.925967309e-06
4.892493555e-06
4.853870706e-06
4.817991757e-06
4.794565809e-06
4.794889946e-06
4.800465883e-06
4.800365909e-06
4.817137051e-06
4.84271808e-06
4.870195653e-06
4.893973121e-06
4.909950286e-06
4.915616025e-06
4.909950272e-06
4.893973114e-06
4.870195661e-06
4.842718076e-06
4.817137049e-06
4.800365901e-06
4.800465882e-06
4.800365905e-06
4.799869643e-06
4.816652287e-06
4.842444716e-06
4.870194688e-06
4.894217073e-06
4.910359168e-06
4.916083234e-06
4.910359164e-06
4.89421707e-06
4.870194685e-06
4.842444712e-06
4.816652287e-06
4.799869646e-06
4.800365904e-06
4.817137051e-06
4.816652288e-06
4.833823917e-06
4.860124714e-06
4.88835327e-06
4.912747757e-06
4.92912152e-06
4.934924358e-06
4.929121516e-06
4.912747752e-06
4.888353265e-06
4.860124711e-06
4.833823919e-06
4.81665229e-06
4.817137057e-06
4.842718084e-06
4.842444715e-06
4.860124718e-06
4.886980888e-06
4.915684317e-06
4.940423204e-06
4.957001092e-06
4.962871499e-06
4.957001089e-06
4.940423198e-06
4.915684314e-06
4.886980884e-06
4.860124717e-06
4.84244472e-06
4.842718098e-06
4.870195658e-06
4.870194685e-06
4.88835327e-06
4.915684316e-06
4.944764642e-06
4.969758787e-06
4.986479537e-06
4.992395654e-06
4.986479533e-06
4.969758781e-06
4.944764637e-06
4.915684314e-06
4.888353269e-06
4.870194691e-06
4.870195669e-06
4.893973121e-06
4.894217073e-06
4.91274776e-06
4.940423201e-06
4.969758785e-06
4.994913251e-06
5.011717349e-06
5.017658871e-06
5.011717347e-06
4.994913248e-06
4.969758781e-06
4.940423198e-06
4.912747756e-06
4.894217078e-06
4.893973129e-06
4.909950285e-06
4.910359164e-06
4.929121518e-06
4.95700109e-06
4.986479536e-06
5.01171735e-06
5.028561251e-06
5.03451415e-06
5.028561247e-06
5.011717346e-06
4.986479531e-06
4.957001087e-06
4.929121516e-06
4.910359171e-06
4.909950299e-06
4.915616027e-06
4.916083231e-06
4.934924358e-06
4.962871496e-06
4.992395651e-06
5.017658871e-06
5.034514149e-06
5.040470129e-06
5.034514146e-06
5.017658865e-06
4.992395646e-06
4.962871494e-06
4.934924355e-06
4.916083236e-06
4.915616038e-06
4.909950276e-06
4.91035916e-06
4.929121516e-06
4.957001086e-06
4.98647953e-06
5.011717346e-06
5.028561244e-06
5.034514144e-06
5.02856124e-06
5.011717341e-06
4.986479525e-06
4.957001083e-06
4.92912151e-06
4.910359165e-06
4.90995029e-06
4.89397311e-06
4.894217066e-06
4.912747753e-06
4.940423195e-06
4.96975878e-06
4.994913247e-06
5.011717343e-06
5.017658866e-06
5.011717341e-06
4.994913241e-06
4.969758773e-06
4.940423193e-06
4.91274775e-06
4.894217073e-06
4.893973122e-06
4.870195652e-06
4.870194677e-06
4.888353264e-06
4.915684309e-06
4.944764635e-06
4.969758778e-06
4.986479528e-06
4.992395645e-06
4.986479526e-06
4.969758774e-06
4.94476463e-06
4.915684308e-06
4.888353261e-06
4.870194684e-06
4.870195657e-06
4.842718085e-06
4.84244471e-06
4.860124714e-06
4.886980881e-06
4.915684312e-06
4.940423195e-06
4.957001086e-06
4.96287149e-06
4.957001082e-06
4.940423192e-06
4.915684307e-06
4.886980881e-06
4.860124709e-06
4.842444713e-06
4.842718084e-06
4.817137053e-06
4.816652285e-06
4.83382392e-06
4.860124714e-06
4.888353269e-06
4.912747753e-06
4.929121515e-06
4.934924355e-06
4.929121514e-06
4.912747751e-06
4.888353262e-06
4.860124711e-06
4.833823913e-06
4.816652288e-06
4.817137054e-06
4.800365912e-06
4.799869647e-06
4.816652292e-06
4.842444717e-06
4.870194686e-06
4.894217073e-06
4.910359165e-06
4.916083233e-06
4.910359163e-06
4.89421707e-06
4.87019468e-06
4.842444712e-06
4.816652284e-06
4.799869646e-06
4.800365921e-06
4.80046589e-06
4.800365914e-06
4.817137053e-06
4.842718087e-06
4.870195667e-06
4.893973131e-06
4.909950285e-06
4.915616028e-06
4.909950286e-06
4.893973118e-06
4.870195652e-06
4.842718081e-06
4.817137044e-06
4.800365901e-06
4.800465908e-06
4.805956294e-06
4.805974219e-06
4.816059597e-06
4.831380505e-06
4.847801791e-06
4.861989869e-06
4.871513507e-06
4.874888872e-06
4.871513502e-06
4.861989867e-06
4.847801787e-06
4.831380493e-06
4.816059595e-06
4.805974212e-06
4.805956283e-06
4.805974219e-06
4.805831559e-06
4.815934093e-06
4.831350009e-06
4.847883573e-06
4.862167407e-06
4.871753272e-06
4.875150278e-06
4.87175327e-06
4.862167406e-06
4.847883571e-06
4.831350008e-06
4.815934092e-06
4.805831563e-06
4.805974217e-06
4.816059595e-06
4.815934092e-06
4.826262123e-06
4.841964221e-06
4.858761965e-06
4.873247971e-06
4.882958234e-06
4.886397271e-06
4.882958232e-06
4.873247967e-06
4.858761963e-06
4.841964219e-06
4.826262122e-06
4.815934095e-06
4.816059599e-06
4.831380499e-06
4.831350009e-06
4.841964221e-06
4.857989755e-06
4.87506835e-06
4.889759993e-06
4.89959289e-06
4.903072655e-06
4.899592888e-06
4.88975999e-06
4.875068348e-06
4.857989754e-06
4.841964223e-06
4.831350013e-06
4.831380498e-06
4.847801797e-06
4.847883571e-06
4.858761967e-06
4.875068351e-06
4.89237952e-06
4.907234243e-06
4.917160986e-06
4.920671287e-06
4.917160986e-06
4.90723424e-06
4.892379514e-06
4.875068348e-06
4.858761966e-06
4.847883575e-06
4.847801789e-06
4.861989879e-06
4.862167406e-06
4.873247972e-06
4.88975999e-06
4.907234241e-06
4.922198229e-06
4.932185276e-06
4.9357147e-06
4.932185274e-06
4.922198228e-06
4.907234239e-06
4.88975999e-06
4.873247969e-06
4.86216741e-06
4.861989876e-06
4.871513508e-06
4.871753271e-06
4.882958235e-06
4.899592888e-06
4.917160985e-06
4.932185276e-06
4.942204228e-06
4.945743495e-06
4.942204225e-06
4.932185274e-06
4.917160985e-06
4.899592886e-06
4.882958233e-06
4.871753277e-06
4.871513515e-06
4.87488887e-06
4.875150278e-06
4.886397271e-06
4.903072654e-06
4.920671284e-06
4.935714702e-06
4.945743494e-06
4.949285741e-06
4.945743492e-06
4.935714698e-06
4.920671283e-06
4.903072652e-06
4.886397269e-06
4.875150281e-06
4.874888872e-06
4.871513502e-06
4.871753269e-06
4.882958232e-06
4.899592888e-06
4.917160983e-06
4.932185273e-06
4.942204224e-06
4.945743492e-06
4.942204222e-06
4.932185272e-06
4.91716098e-06
4.899592885e-06
4.882958229e-06
4.871753273e-06
4.871513506e-06
4.861989866e-06
4.862167403e-06
4.873247968e-06
4.889759988e-06
4.907234239e-06
4.922198224e-06
4.932185274e-06
4.935714698e-06
4.932185271e-06
4.922198224e-06
4.907234234e-06
4.889759987e-06
4.873247967e-06
4.862167407e-06
4.861989877e-06
4.847801788e-06
4.847883567e-06
4.858761963e-06
4.875068345e-06
4.892379516e-06
4.907234237e-06
4.91716098e-06
4.920671281e-06
4.917160981e-06
4.907234235e-06
4.89237951e-06
4.875068343e-06
4.858761961e-06
4.847883569e-06
4.847801786e-06
4.831380503e-06
4.831350006e-06
4.841964221e-06
4.85798975e-06
4.875068346e-06
4.889759988e-06
4.899592887e-06
4.903072651e-06
4.899592884e-06
4.889759987e-06
4.875068345e-06
4.857989751e-06
4.841964216e-06
4.831350009e-06
4.831380496e-06
4.816059598e-06
4.815934093e-06
4.826262123e-06
4.841964219e-06
4.858761966e-06
4.873247967e-06
4.882958233e-06
4.886397269e-06
4.88295823e-06
4.873247967e-06
4.858761962e-06
4.841964217e-06
4.82626212e-06
4.815934094e-06
4.816059596e-06
4.805974223e-06
4.805831564e-06
4.815934094e-06
4.831350009e-06
4.847883573e-06
4.862167407e-06
4.871753271e-06
4.875150277e-06
4.87175327e-06
4.862167406e-06
4.847883568e-06
4.831350008e-06
4.815934092e-06
4.805831563e-06
4.805974226e-06
4.805956305e-06
4.805974217e-06
4.816059593e-06
4.831380498e-06
4.847801784e-06
4.861989867e-06
4.871513497e-06
4.874888869e-06
4.871513508e-06
4.861989875e-06
4.847801794e-06
4.831380507e-06
4.816059595e-06
4.805974215e-06
4.805956311e-06
4.811361165e-06
4.811390753e-06
4.814759419e-06
4.819857989e-06
4.825311978e-06
4.830017574e-06
4.833173135e-06
4.834290965e-06
4.833173139e-06
4.830017577e-06
4.825311971e-06
4.81985798e-06
4.814759417e-06
4.811390751e-06
4.811361158e-06
4.811390754e-06
4.811390199e-06
4.814767693e-06
4.819888289e-06
4.8253642e-06
4.830086205e-06
4.833251375e-06
4.834372367e-06
4.833251374e-06
4.830086203e-06
4.825364199e-06
4.819888289e-06
4.814767693e-06
4.811390202e-06
4.811390753e-06
4.814759419e-06
4.814767692e-06
4.818217961e-06
4.823428241e-06
4.828985252e-06
4.833768256e-06
4.836970466e-06
4.838103883e-06
4.836970466e-06
4.833768253e-06
4.828985251e-06
4.823428239e-06
4.818217957e-06
4.814767694e-06
4.81475942e-06
4.819857988e-06
4.819888289e-06
4.823428239e-06
4.828743366e-06
4.83439276e-06
4.839244006e-06
4.842487144e-06
4.843634193e-06
4.842487142e-06
4.839244004e-06
4.83439276e-06
4.828743367e-06
4.823428241e-06
4.819888291e-06
4.819857982e-06
4.825311987e-06
4.8253642e-06
4.828985253e-06
4.834392761e-06
4.840121629e-06
4.845030242e-06
4.848307126e-06
4.849465296e-06
4.848307126e-06
4.845030242e-06
4.840121626e-06
4.834392759e-06
4.828985252e-06
4.825364201e-06
4.825311972e-06
4.83001759e-06
4.830086203e-06
4.833768255e-06
4.839244005e-06
4.845030242e-06
4.849979239e-06
4.853279343e-06
4.854445063e-06
4.853279342e-06
4.849979239e-06
4.845030241e-06
4.839244005e-06
4.833768254e-06
4.830086205e-06
4.830017578e-06
4.833173139e-06
4.833251375e-06
4.836970468e-06
4.842487143e-06
4.848307124e-06
4.853279342e-06
4.856592512e-06
4.857762428e-06
4.856592511e-06
4.853279342e-06
4.848307126e-06
4.842487142e-06
4.836970467e-06
4.833251376e-06
4.833173138e-06
4.834290959e-06
4.834372367e-06
4.838103883e-06
4.843634193e-06
4.849465294e-06
4.854445065e-06
4.857762427e-06
4.858933679e-06
4.857762427e-06
4.854445063e-06
4.849465294e-06
4.843634192e-06
4.838103882e-06
4.834372368e-06
4.83429096e-06
4.833173133e-06
4.833251374e-06
4.836970466e-06
4.842487144e-06
4.848307124e-06
4.853279341e-06
4.856592511e-06
4.857762427e-06
4.856592509e-06
4.853279341e-06
4.848307124e-06
4.842487142e-06
4.836970466e-06
4.833251375e-06
4.833173135e-06
4.830017579e-06
4.830086203e-06
4.833768254e-06
4.839244004e-06
4.845030241e-06
4.849979236e-06
4.853279342e-06
4.854445062e-06
4.85327934e-06
4.849979238e-06
4.84503024e-06
4.839244005e-06
4.833768254e-06
4.830086204e-06
4.830017583e-06
4.825311981e-06
4.825364198e-06
4.828985251e-06
4.834392758e-06
4.840121629e-06
4.84503024e-06
4.848307124e-06
4.849465294e-06
4.848307123e-06
4.84503024e-06
4.840121624e-06
4.834392758e-06
4.82898525e-06
4.825364199e-06
4.825311977e-06
4.819857989e-06
4.819888288e-06
4.82342824e-06
4.828743364e-06
4.834392759e-06
4.839244004e-06
4.842487142e-06
4.843634192e-06
4.842487142e-06
4.839244005e-06
4.83439276e-06
4.828743365e-06
4.823428238e-06
4.819888289e-06
4.819857988e-06
4.814759416e-06
4.814767693e-06
4.81821796e-06
4.823428239e-06
4.828985253e-06
4.833768254e-06
4.836970467e-06
4.838103883e-06
4.836970464e-06
4.833768254e-06
4.82898525e-06
4.823428238e-06
4.818217958e-06
4.814767693e-06
4.814759417e-06
4.811390749e-06
4.811390201e-06
4.814767693e-06
4.819888287e-06
4.825364201e-06
4.830086204e-06
4.833251375e-06
4.834372366e-06
4.833251374e-06
4.830086204e-06
4.825364198e-06
4.81988829e-06
4.814767693e-06
4.811390201e-06
4.811390752e-06
4.81136117e-06
4.811390748e-06
4.814759413e-06
4.819857982e-06
4.825311971e-06
4.830017574e-06
4.833173131e-06
4.834290962e-06
4.833173135e-06
4.830017583e-06
4.825311982e-06
4.819857992e-06
4.814759418e-06
4.811390752e-06
4.811361174e-06
2.666666668e-06
2.66666667e-06
2.666666668e-06
2.666666668e-06
2.66666667e-06
2.666666668e-06
2.666666669e-06
2.666666669e-06
2.666666669e-06
2.666666668e-06
2.66666667e-06
2.666666668e-06
2.666666668e-06
2.66666667e-06
2.666666668e-06
2.66666667e-06
2.666666672e-06
2.66666667e-06
2.66666667e-06
2.666666672e-06
2.66666667e-06
2.666666671e-06
2.666666671e-06
2.666666671e-06
2.66666667e-06
2.666666672e-06
2.66666667e-06
2.66666667e-06
2.666666672e-06
2.66666667e-06
2.666666668e-06
2.66666667e-06
2.666666668e-06
2.666666668e-06
2.66666667e-06
2.666666668e-06
2.666666669e-06
2.666666669e-06
2.666666669e-06
2.666666668e-06
2.66666667e-06
2.666666668e-06
2.666666668e-06
2.66666667e-06
2.666666668e-06
2.666666668e-06
2.66666667e-06
2.666666668e-06
2.666666668e-06
2.66666667e-06
2.666666668e-06
2.666666669e-06
2.666666669e-06
2.666666669e-06
2.666666668e-06
2.66666667e-06
2.666666668e-06
2.666666668e-06
2.66666667e-06
2.666666668e-06
2.66666667e-06
2.666666672e-06
2.66666667e-06
2.66666667e-06
2.666666672e-06
2.66666667e-06
2.666666671e-06
2.666666671e-06
2.666666671e-06
2.66666667e-06
2.666666672e-06
2.66666667e-06
2.66666667e-06
2.666666672e-06
2.66666667e-06
2.666666668e-06
2.66666667e-06
2.666666668e-06
2.666666668e-06
2.66666667e-06
2.666666668e-06
2.666666669e-06
2.666666669e-06
2.666666669e-06
2.666666668e-06
2.66666667e-06
2.666666668e-06
2.666666668e-06
2.66666667e-06
2.666666668e-06
2.666666669e-06
2.666666671e-06
2.666666669e-06
2.666666669e-06
2.666666671e-06
2.666666669e-06
2.666666669e-06
2.666666669e-06
2.666666669e-06
2.666666669e-06
2.666666671e-06
2.666666669e-06
2.666666669e-06
2.666666671e-06
2.666666669e-06
2.666666669e-06
2.666666671e-06
2.666666669e-06
2.666666669e-06
2.666666671e-06
2.666666669e-06
2.666666669e-06
2.66666667e-06
2.666666669e-06
2.666666669e-06
2.666666671e-06
2.666666669e-06
2.666666669e-06
2.666666671e-06
2.666666669e-06
2.666666669e-06
2.666666671e-06
2.666666669e-06
2.666666669e-06
2.666666671e-06
2.666666669e-06
2.666666669e-06
2.666666669e-06
2.666666669e-06
2.666666669e-06
2.666666671e-06
2.666666669e-06
2.666666669e-06
2.666666671e-06
2.666666669e-06
2.666666668e-06
2.66666667e-06
2.666666668e-06
2.666666668e-06
2.66666667e-06
2.666666668e-06
2.666666669e-06
2.666666669e-06
2.666666669e-06
2.666666668e-06
2.66666667e-06
2.666666668e-06
2.666666668e-06
2.66666667e-06
2.666666668e-06
2.66666667e-06
2.666666672e-06
2.66666667e-06
2.66666667e-06
2.666666672e-06
2.66666667e-06
2.666666671e-06
2.666666671e-06
2.666666671e-06
2.66666667e-06
2.666666672e-06
2.66666667e-06
2.66666667e-06
2.666666672e-06
2.66666667e-06
2.666666668e-06
2.66666667e-06
2.666666668e-06
2.666666668e-06
2.66666667e-06
2.666666668e-06
2.666666669e-06
2.666666669e-06
2.666666669e-06
2.666666668e-06
2.66666667e-06
2.666666668e-06
2.666666668e-06
2.66666667e-06
2.666666668e-06
2.666666668e-06
2.66666667e-06
2.666666668e-06
2.666666668e-06
2.66666667e-06
2.666666668e-06
2.666666669e-06
2.666666669e-06
2.666666669e-06
2.666666668e-06
2.66666667e-06
2.666666668e-06
2.666666668e-06
2.66666667e-06
2.666666668e-06
2.66666667e-06
2.666666672e-06
2.66666667e-06
2.66666667e-06
2.666666672e-06
2.66666667e-06
2.666666671e-06
2.666666671e-06
2.666666671e-06
2.66666667e-06
2.666666672e-06
2.66666667e-06
2.66666667e-06
2.666666672e-06
2.66666667e-06
2.666666668e-06
2.66666667e-06
2.666666668e-06
2.666666668e-06
2.66666667e-06
2.666666668e-06
2.666666669e-06
2.666666669e-06
2.666666669e-06
2.666666668e-06
2.66666667e-06
2.666666668e-06
2.666666668e-06
2.66666667e-06
2.666666668e-06
2.666666668e-06
2.66666667e-06
2.666666668e-06
2.666666668e-06
2.66666667e-06
2.666666668e-06
2.666666669e-06
2.666666669e-06
2.666666669e-06
2.666666668e-06
2.66666667e-06
2.666666668e-06
2.666666668e-06
2.66666667e-06
2.666666668e-06
2.66666667e-06
2.666666672e-06
2.66666667e-06
2.66666667e-06
2.666666672e-06
2.66666667e-06
2.666666671e-06
2.666666671e-06
2.666666671e-06
2.66666667e-06
2.666666672e-06
2.66666667e-06
2.66666667e-06
2.666666672e-06
2.66666667e-06
2.666666668e-06
2.66666667e-06
2.666666668e-06
2.666666668e-06
2.66666667e-06
2.666666668e-06
2.666666669e-06
2.666666669e-06
2.666666669e-06
2.666666668e-06
2.66666667e-06
2.666666668e-06
2.666666668e-06
2.66666667e-06
2.666666668e-06
2.666666668e-06
2.66666667e-06
2.666666668e-06
2.666666668e-06
2.66666667e-06
2.666666668e-06
2.666666669e-06
2.666666669e-06
2.666666669e-06
2.666666668e-06
2.66666667e-06
2.666666668e-06
2.666666668e-06
2.66666667e-06
2.666666668e-06
2.66666667e-06
2.666666672e-06
2.66666667e-06
2.66666667e-06
2.666666672e-06
2.66666667e-06
2.666666671e-06
2.666666671e-06
2.666666671e-06
2.66666667e-06
2.666666672e-06
2.66666667e-06
2.66666667e-06
2.666666672e-06
2.66666667e-06
2.666666668e-06
2.66666667e-06
2.666666668e-06
2.666666668e-06
2.66666667e-06
2.666666668e-06
2.666666669e-06
2.666666669e-06
2.666666669e-06
2.666666668e-06
2.66666667e-06
2.666666668e-06
2.666666668e-06
2.66666667e-06
2.666666668e-06
2.666666669e-06
2.666666671e-06
2.666666669e-06
2.666666669e-06
2.666666671e-06
2.666666669e-06
2.666666669e-06
2.666666669e-06
2.666666669e-06
2.666666669e-06
2.666666671e-06
2.666666669e-06
2.666666669e-06
2.666666671e-06
2.666666669e-06
2.666666669e-06
2.666666671e-06
2.666666669e-06
2.666666669e-06
2.666666671e-06
2.666666669e-06
2.666666669e-06
2.66666667e-06
2.666666669e-06
2.666666669e-06
2.666666671e-06
2.666666669e-06
2.666666669e-06
2.666666671e-06
2.666666669e-06
2.666666669e-06
2.666666671e-06
2.666666669e-06
2.666666669e-06
2.666666671e-06
2.666666669e-06
2.666666669e-06
2.666666669e-06
2.666666669e-06
2.666666669e-06
2.666666671e-06
2.666666669e-06
2.666666669e-06
2.666666671e-06
2.666666669e-06
2.666666668e-06
2.66666667e-06
2.666666668e-06
2.666666668e-06
2.66666667e-06
2.666666668e-06
2.666666669e-06
2.666666669e-06
2.666666669e-06
2.666666668e-06
2.66666667e-06
2.666666668e-06
2.666666668e-06
2.66666667e-06
2.666666668e-06
2.66666667e-06
2.666666672e-06
2.66666667e-06
2.66666667e-06
2.666666672e-06
2.66666667e-06
2.666666671e-06
2.666666671e-06
2.666666671e-06
2.66666667e-06
2.666666672e-06
2.66666667e-06
2.66666667e-06
2.666666672e-06
2.66666667e-06
2.666666668e-06
2.66666667e-06
2.666666668e-06
2.666666668e-06
2.66666667e-06
2.666666668e-06
2.666666669e-06
2.666666669e-06
2.666666669e-06
2.666666668e-06
2.66666667e-06
2.666666668e-06
2.666666668e-06
2.66666667e-06
2.666666668e-06
2.666666668e-06
2.66666667e-06
2.666666668e-06
2.666666668e-06
2.66666667e-06
2.666666668e-06
2.666666669e-06
2.666666669e-06
2.666666669e-06
2.666666668e-06
2.66666667e-06
2.666666668e-06
2.666666668e-06
2.66666667e-06
2.666666668e-06
2.66666667e-06
2.666666672e-06
2.66666667e-06
2.66666667e-06
2.666666672e-06
2.66666667e-06
2.666666671e-06
2.666666671e-06
2.666666671e-06
2.66666667e-06
2.666666672e-06
2.66666667e-06
2.66666667e-06
2.666666672e-06
2.66666667e-06
2.666666668e-06
2.66666667e-06
2.666666668e-06
2.666666668e-06
2.66666667e-06
2.666666668e-06
2.666666669e-06
2.666666669e-06
2.666666669e-06
2.666666668e-06
2.66666667e-06
2.666666668e-06
2.666666668e-06
2.66666667e-06
2.666666668e-06
2.666666668e-06
2.66666667e-06
2.666666668e-06
2.666666668e-06
2.66666667e-06
2.666666668e-06
2.666666669e-06
2.666666669e-06
2.666666669e-06
2.666666668e-06
2.66666667e-06
2.666666668e-06
2.666666668e-06
2.66666667e-06
2.666666668e-06
2.66666667e-06
2.666666672e-06
2.66666667e-06
2.66666667e-06
2.666666672e-06
2.66666667e-06
2.666666671e-06
2.666666671e-06
2.666666671e-06
2.66666667e-06
2.666666672e-06
2.66666667e-06
2.66666667e-06
2.666666672e-06
2.66666667e-06
2.666666668e-06
2.66666667e-06
2.666666668e-06
2.666666668e-06
2.66666667e-06
2.666666668e-06
2.666666669e-06
2.666666669e-06
2.666666669e-06
2.666666668e-06
2.66666667e-06
2.666666668e-06
2.666666668e-06
2.66666667e-06
2.666666668e-06
2.666666668e-06
2.66666667e-06
2.666666668e-06
2.666666668e-06
2.66666667e-06
2.666666668e-06
2.666666669e-06
2.666666669e-06
2.666666669e-06
2.666666668e-06
2.66666667e-06
2.666666668e-06
2.666666668e-06
2.66666667e-06
2.666666668e-06
2.66666667e-06
2.666666672e-06
2.66666667e-06
2.66666667e-06
2.666666672e-06
2.66666667e-06
2.666666671e-06
2.666666671e-06
2.666666671e-06
2.66666667e-06
2.666666672e-06
2.66666667e-06
2.66666667e-06
2.666666672e-06
2.66666667e-06
2.666666668e-06
2.66666667e-06
2.666666668e-06
2.666666668e-06
2.66666667e-06
2.666666668e-06
2.666666669e-06
2.666666669e-06
2.666666669e-06
2.666666668e-06
2.66666667e-06
2.666666668e-06
2.666666668e-06
2.66666667e-06
2.666666668e-06
2.666666669e-06
2.666666671e-06
2.666666669e-06
2.666666669e-06
2.666666671e-06
2.666666669e-06
2.666666669e-06
2.666666669e-06
2.666666669e-06
2.666666669e-06
2.666666671e-06
2.666666669e-06
2.666666669e-06
2.666666671e-06
2.666666669e-06
2.666666669e-06
2.666666671e-06
2.666666669e-06
2.666666669e-06
2.666666671e-06
2.666666669e-06
2.666666669e-06
2.66666667e-06
2.666666669e-06
2.666666669e-06
2.666666671e-06
2.666666669e-06
2.666666669e-06
2.666666671e-06
2.666666669e-06
2.666666669e-06
2.666666671e-06
2.666666669e-06
2.666666669e-06
2.666666671e-06
2.666666669e-06
2.666666669e-06
2.666666669e-06
2.666666669e-06
2.666666669e-06
2.666666671e-06
2.666666669e-06
2.666666669e-06
2.666666671e-06
2.666666669e-06
2.666666668e-06
2.66666667e-06
2.666666668e-06
2.666666668e-06
2.66666667e-06
2.666666668e-06
2.666666669e-06
2.666666669e-06
2.666666669e-06
2.666666668e-06
2.66666667e-06
2.666666668e-06
2.666666668e-06
2.66666667e-06
2.666666668e-06
2.66666667e-06
2.666666672e-06
2.66666667e-06
2.66666667e-06
2.666666672e-06
2.66666667e-06
2.666666671e-06
2.666666671e-06
2.666666671e-06
2.66666667e-06
2.666666672e-06
2.66666667e-06
2.66666667e-06
2.666666672e-06
2.66666667e-06
2.666666668e-06
2.66666667e-06
2.666666668e-06
2.666666668e-06
2.66666667e-06
2.666666668e-06
2.666666669e-06
2.666666669e-06
2.666666669e-06
2.666666668e-06
2.66666667e-06
2.666666668e-06
2.666666668e-06
2.66666667e-06
2.666666668e-06
2.666666668e-06
2.66666667e-06
2.666666668e-06
2.666666668e-06
2.66666667e-06
2.666666668e-06
2.666666669e-06
2.666666669e-06
2.666666669e-06
2.666666668e-06
2.66666667e-06
2.666666668e-06
2.666666668e-06
2.66666667e-06
2.666666668e-06
2.66666667e-06
2.666666672e-06
2.66666667e-06
2.66666667e-06
2.666666672e-06
2.66666667e-06
2.666666671e-06
2.666666671e-06
2.666666671e-06
2.66666667e-06
2.666666672e-06
2.66666667e-06
2.66666667e-06
2.666666672e-06
2.66666667e-06
2.666666668e-06
2.66666667e-06
2.666666668e-06
2.666666668e-06
2.66666667e-06
2.666666668e-06
2.666666669e-06
2.666666669e-06
2.666666669e-06
2.666666668e-06
2.66666667e-06
2.666666668e-06
2.666666668e-06
2.66666667e-06
2.666666668e-06
2.666666649e-06
2.666666651e-06
2.666666649e-06
2.666666649e-06
2.666666651e-06
2.666666649e-06
2.66666665e-06
2.66666665e-06
2.66666665e-06
2.666666649e-06
2.666666651e-06
2.666666649e-06
2.666666649e-06
2.666666651e-06
2.666666649e-06
2.666666651e-06
2.666666653e-06
2.666666651e-06
2.666666651e-06
2.666666653e-06
2.666666651e-06
2.666666652e-06
2.666666652e-06
2.666666652e-06
2.666666651e-06
2.666666653e-06
2.666666651e-06
2.666666651e-06
2.666666653e-06
2.666666651e-06
2.666666649e-06
2.666666651e-06
2.666666649e-06
2.666666649e-06
2.666666651e-06
2.666666649e-06
2.66666665e-06
2.66666665e-06
2.66666665e-06
2.666666649e-06
2.666666651e-06
2.666666649e-06
2.666666649e-06
2.666666651e-06
2.666666649e-06
2.666666649e-06
2.666666651e-06
2.666666649e-06
2.666666649e-06
2.666666651e-06
2.666666649e-06
2.66666665e-06
2.66666665e-06
2.66666665e-06
2.666666649e-06
2.666666651e-06
2.666666649e-06
2.666666649e-06
2.666666651e-06
2.666666649e-06
2.666666651e-06
2.666666653e-06
2.666666651e-06
2.666666651e-06
2.666666653e-06
2.666666651e-06
2.666666652e-06
2.666666652e-06
2.666666652e-06
2.666666651e-06
2.666666653e-06
2.666666651e-06
2.666666651e-06
2.666666653e-06
2.666666651e-06
2.666666649e-06
2.666666651e-06
2.666666649e-06
2.666666649e-06
2.666666651e-06
2.666666649e-06
2.66666665e-06
2.66666665e-06
2.66666665e-06
2.666666649e-06
2.666666651e-06
2.666666649e-06
2.666666649e-06
2.666666651e-06
2.666666649e-06
2.66666665e-06
2.666666652e-06
2.66666665e-06
2.66666665e-06
2.666666652e-06
2.66666665e-06
2.666666651e-06
2.666666651e-06
2.666666651e-06
2.66666665e-06
2.666666652e-06
2.66666665e-06
2.66666665e-06
2.666666652e-06
2.66666665e-06
2.66666665e-06
2.666666652e-06
2.66666665e-06
2.66666665e-06
2.666666652e-06
2.66666665e-06
2.666666651e-06
2.666666651e-06
2.666666651e-06
2.66666665e-06
2.666666652e-06
2.66666665e-06
2.66666665e-06
2.666666652e-06
2.66666665e-06
2.66666665e-06
2.666666652e-06
2.66666665e-06
2.66666665e-06
2.666666652e-06
2.66666665e-06
2.666666651e-06
2.666666651e-06
2.666666651e-06
2.66666665e-06
2.666666652e-06
2.66666665e-06
2.66666665e-06
2.666666652e-06
2.66666665e-06
2.666666649e-06
2.666666651e-06
2.666666649e-06
2.666666649e-06
2.666666651e-06
2.666666649e-06
2.66666665e-06
2.66666665e-06
2.66666665e-06
2.666666649e-06
2.666666651e-06
2.666666649e-06
2.666666649e-06
2.666666651e-06
2.666666649e-06
2.666666651e-06
2.666666653e-06
2.666666651e-06
2.666666651e-06
2.666666653e-06
2.666666651e-06
2.666666652e-06
2.666666652e-06
2.666666652e-06
2.666666651e-06
2.666666653e-06
2.666666651e-06
2.666666651e-06
2.666666653e-06
2.666666651e-06
2.666666649e-06
2.666666651e-06
2.666666649e-06
2.666666649e-06
2.666666651e-06
2.666666649e-06
2.66666665e-06
2.66666665e-06
2.66666665e-06
2.666666649e-06
2.666666651e-06
2.666666649e-06
2.666666649e-06
2.666666651e-06
2.666666649e-06
2.666666649e-06
2.666666651e-06
2.666666649e-06
2.666666649e-06
2.666666651e-06
2.666666649e-06
2.66666665e-06
2.66666665e-06
2.66666665e-06
2.666666649e-06
2.666666651e-06
2.666666649e-06
2.666666649e-06
2.666666651e-06
2.666666649e-06
2.666666651e-06
2.666666653e-06
2.666666651e-06
2.666666651e-06
2.666666653e-06
2.666666651e-06
2.666666652e-06
2.666666652e-06
2.666666652e-06
2.666666651e-06
2.666666653e-06
2.666666651e-06
2.666666651e-06
2.666666653e-06
2.666666651e-06
2.666666649e-06
2.666666651e-06
2.666666649e-06
2.666666649e-06
2.666666651e-06
2.666666649e-06
2.66666665e-06
2.66666665e-06
2.66666665e-06
2.666666649e-06
2.666666651e-06
2.666666649e-06
2.666666649e-06
2.666666651e-06
2.666666649e-06
2.666666668e-06
2.66666667e-06
2.666666668e-06
2.666666668e-06
2.66666667e-06
2.666666668e-06
2.666666669e-06
2.666666669e-06
2.666666669e-06
2.666666668e-06
2.66666667e-06
2.666666668e-06
2.666666668e-06
2.66666667e-06
2.666666668e-06
2.66666667e-06
2.666666672e-06
2.66666667e-06
2.66666667e-06
2.666666672e-06
2.66666667e-06
2.666666671e-06
2.666666671e-06
2.666666671e-06
2.66666667e-06
2.666666672e-06
2.66666667e-06
2.66666667e-06
2.666666672e-06
2.66666667e-06
2.666666668e-06
2.66666667e-06
2.666666668e-06
2.666666668e-06
2.66666667e-06
2.666666668e-06
2.666666669e-06
2.666666669e-06
2.666666669e-06
2.666666668e-06
2.66666667e-06
2.666666668e-06
2.666666668e-06
2.66666667e-06
2.666666668e-06
2.666666668e-06
2.66666667e-06
2.666666668e-06
2.666666668e-06
2.66666667e-06
2.666666668e-06
2.666666669e-06
2.666666669e-06
2.666666669e-06
2.666666668e-06
2.66666667e-06
2.666666668e-06
2.666666668e-06
2.66666667e-06
2.666666668e-06
2.66666667e-06
2.666666672e-06
2.66666667e-06
2.66666667e-06
2.666666672e-06
2.66666667e-06
2.666666671e-06
2.666666671e-06
2.666666671e-06
2.66666667e-06
2.666666672e-06
2.66666667e-06
2.66666667e-06
2.666666672e-06
2.66666667e-06
2.666666668e-06
2.66666667e-06
2.666666668e-06
2.666666668e-06
2.66666667e-06
2.666666668e-06
2.666666669e-06
2.666666669e-06
2.666666669e-06
2.666666668e-06
2.66666667e-06
2.666666668e-06
2.666666668e-06
2.66666667e-06
2.666666668e-06
2.666666669e-06
2.666666671e-06
2.666666669e-06
2.666666669e-06
2.666666671e-06
2.666666669e-06
2.666666669e-06
2.666666669e-06
2.666666669e-06
2.666666669e-06
2.666666671e-06
2.666666669e-06
2.666666669e-06
2.666666671e-06
2.666666669e-06
2.666666669e-06
2.666666671e-06
2.666666669e-06
2.666666669e-06
2.666666671e-06
2.666666669e-06
2.666666669e-06
2.66666667e-06
2.666666669e-06
2.666666669e-06
2.666666671e-06
2.666666669e-06
2.666666669e-06
2.666666671e-06
2.666666669e-06
2.666666669e-06
2.666666671e-06
2.666666669e-06
2.666666669e-06
2.666666671e-06
2.666666669e-06
2.666666669e-06
2.666666669e-06
2.666666669e-06
2.666666669e-06
2.666666671e-06
2.666666669e-06
2.666666669e-06
2.666666671e-06
2.666666669e-06
2.666666668e-06
2.66666667e-06
2.666666668e-06
2.666666668e-06
2.66666667e-06
2.666666668e-06
2.666666669e-06
2.666666669e-06
2.666666669e-06
2.666666668e-06
2.66666667e-06
2.666666668e-06
2.666666668e-06
2.66666667e-06
2.666666668e-06
2.66666667e-06
2.666666672e-06
2.66666667e-06
2.66666667e-06
2.666666672e-06
2.66666667e-06
2.666666671e-06
2.666666671e-06
2.666666671e-06
2.66666667e-06
2.666666672e-06
2.66666667e-06
2.66666667e-06
2.666666672e-06
2.66666667e-06
2.666666668e-06
2.66666667e-06
2.666666668e-06
2.666666668e-06
2.66666667e-06
2.666666668e-06
2.666666669e-06
2.666666669e-06
2.666666669e-06
2.666666668e-06
2.66666667e-06
2.666666668e-06
2.666666668e-06
2.66666667e-06
2.666666668e-06
2.666666668e-06
2.66666667e-06
2.666666668e-06
2.666666668e-06
2.66666667e-06
2.666666668e-06
2.666666669e-06
2.666666669e-06
2.666666669e-06
2.666666668e-06
2.66666667e-06
2.666666668e-06
2.666666668e-06
2.66666667e-06
2.666666668e-06
2.66666667e-06
2.666666672e-06
2.66666667e-06
2.66666667e-06
2.666666672e-06
2.66666667e-06
2.666666671e-06
2.666666671e-06
2.666666671e-06
2.66666667e-06
2.666666672e-06
2.66666667e-06
2.66666667e-06
2.666666672e-06
2.66666667e-06
2.666666668e-06
2.66666667e-06
2.666666668e-06
2.666666668e-06
2.66666667e-06
2.666666668e-06
2.666666669e-06
2.666666669e-06
2.666666669e-06
2.666666668e-06
2.66666667e-06
2.666666668e-06
2.666666668e-06
2.66666667e-06
2.666666668e-06
2.666666668e-06
2.66666667e-06
2.666666668e-06
2.666666668e-06
2.66666667e-06
2.666666668e-06
2.666666669e-06
2.666666669e-06
2.666666669e-06
2.666666668e-06
2.66666667e-06
2.666666668e-06
2.666666668e-06
2.66666667e-06
2.666666668e-06
2.66666667e-06
2.666666672e-06
2.66666667e-06
2.66666667e-06
2.666666672e-06
2.66666667e-06
2.666666671e-06
2.666666671e-06
2.666666671e-06
2.66666667e-06
2.666666672e-06
2.66666667e-06
2.66666667e-06
2.666666672e-06
2.66666667e-06
2.666666668e-06
2.66666667e-06
2.666666668e-06
2.666666668e-06
2.66666667e-06
2.666666668e-06
2.666666669e-06
2.666666669e-06
2.666666669e-06
2.666666668e-06
2.66666667e-06
2.666666668e-06
2.666666668e-06
2.66666667e-06
2.666666668e-06
2.666666668e-06
2.66666667e-06
2.666666668e-06
2.666666668e-06
2.66666667e-06
2.666666668e-06
2.666666669e-06
2.666666669e-06
2.666666669e-06
2.666666668e-06
2.66666667e-06
2.666666668e-06
2.666666668e-06
2.66666667e-06
2.666666668e-06
2.66666667e-06
2.666666672e-06
2.66666667e-06
2.66666667e-06
2.666666672e-06
2.66666667e-06
2.666666671e-06
2.666666671e-06
2.666666671e-06
2.66666667e-06
2.666666672e-06
2.66666667e-06
2.66666667e-06
2.666666672e-06
2.66666667e-06
2.666666668e-06
2.66666667e-06
2.666666668e-06
2.666666668e-06
2.66666667e-06
2.666666668e-06
2.666666669e-06
2.666666669e-06
2.666666669e-06
2.666666668e-06
2.66666667e-06
2.666666668e-06
2.666666668e-06
2.66666667e-06
2.666666668e-06
2.666666669e-06
2.666666671e-06
2.666666669e-06
2.666666669e-06
2.666666671e-06
2.666666669e-06
2.666666669e-06
2.666666669e-06
2.666666669e-06
2.666666669e-06
2.666666671e-06
2.666666669e-06
2.666666669e-06
2.666666671e-06
2.666666669e-06
2.666666669e-06
2.666666671e-06
2.666666669e-06
2.666666669e-06
2.666666671e-06
2.666666669e-06
2.666666669e-06
2.66666667e-06
2.666666669e-06
2.666666669e-06
2.666666671e-06
2.666666669e-06
2.666666669e-06
2.666666671e-06
2.666666669e-06
2.666666669e-06
2.666666671e-06
2.666666669e-06
2.666666669e-06
2.666666671e-06
2.666666669e-06
2.666666669e-06
2.666666669e-06
2.666666669e-06
2.666666669e-06
2.666666671e-06
2.666666669e-06
2.666666669e-06
2.666666671e-06
2.666666669e-06
2.666666668e-06
2.66666667e-06
2.666666668e-06
2.666666668e-06
2.66666667e-06
2.666666668e-06
2.666666669e-06
2.666666669e-06
2.666666669e-06
2.666666668e-06
2.66666667e-06
2.666666668e-06
2.666666668e-06
2.66666667e-06
2.666666668e-06
2.66666667e-06
2.666666672e-06
2.66666667e-06
2.66666667e-06
2.666666672e-06
2.66666667e-06
2.666666671e-06
2.666666671e-06
2.666666671e-06
2.66666667e-06
2.666666672e-06
2.66666667e-06
2.66666667e-06
2.666666672e-06
2.66666667e-06
2.666666668e-06
2.66666667e-06
2.666666668e-06
2.666666668e-06
2.66666667e-06
2.666666668e-06
2.666666669e-06
2.666666669e-06
2.666666669e-06
2.666666668e-06
2.66666667e-06
2.666666668e-06
2.666666668e-06
2.66666667e-06
2.666666668e-06
2.666666668e-06
2.66666667e-06
2.666666668e-06
2.666666668e-06
2.66666667e-06
2.666666668e-06
2.666666669e-06
2.666666669e-06
2.666666669e-06
2.666666668e-06
2.66666667e-06
2.666666668e-06
2.666666668e-06
2.66666667e-06
2.666666668e-06
2.66666667e-06
2.666666672e-06
2.66666667e-06
2.66666667e-06
2.666666672e-06
2.66666667e-06
2.666666671e-06
2.666666671e-06
2.666666671e-06
2.66666667e-06
2.666666672e-06
2.66666667e-06
2.66666667e-06
2.666666672e-06
2.66666667e-06
2.666666668e-06
2.66666667e-06
2.666666668e-06
2.666666668e-06
2.66666667e-06
2.666666668e-06
2.666666669e-06
2.666666669e-06
2.666666669e-06
2.666666668e-06
2.66666667e-06
2.666666668e-06
2.666666668e-06
2.66666667e-06
2.666666668e-06
2.666666668e-06
2.66666667e-06
2.666666668e-06
2.666666668e-06
2.66666667e-06
2.666666668e-06
2.666666669e-06
2.666666669e-06
2.666666669e-06
2.666666668e-06
2.66666667e-06
2.666666668e-06
2.666666668e-06
2.66666667e-06
2.666666668e-06
2.66666667e-06
2.666666672e-06
2.66666667e-06
2.66666667e-06
2.666666672e-06
2.66666667e-06
2.666666671e-06
2.666666671e-06
2.666666671e-06
2.66666667e-06
2.666666672e-06
2.66666667e-06
2.66666667e-06
2.666666672e-06
2.66666667e-06
2.666666668e-06
2.66666667e-06
2.666666668e-06
2.666666668e-06
2.66666667e-06
2.666666668e-06
2.666666669e-06
2.666666669e-06
2.666666669e-06
2.666666668e-06
2.66666667e-06
2.666666668e-06
2.666666668e-06
2.66666667e-06
2.666666668e-06
2.666666668e-06
2.66666667e-06
2.666666668e-06
2.666666668e-06
2.66666667e-06
2.666666668e-06
2.666666669e-06
2.666666669e-06
2.666666669e-06
2.666666668e-06
2.66666667e-06
2.666666668e-06
2.666666668e-06
2.66666667e-06
2.666666668e-06
2.66666667e-06
2.666666672e-06
2.66666667e-06
2.66666667e-06
2.666666672e-06
2.66666667e-06
2.666666671e-06
2.666666671e-06
2.666666671e-06
2.66666667e-06
2.666666672e-06
2.66666667e-06
2.66666667e-06
2.666666672e-06
2.66666667e-06
2.666666668e-06
2.66666667e-06
2.666666668e-06
2.666666668e-06
2.66666667e-06
2.666666668e-06
2.666666669e-06
2.666666669e-06
2.666666669e-06
2.666666668e-06
2.66666667e-06
2.666666668e-06
2.666666668e-06
2.66666667e-06
2.666666668e-06
2.666666669e-06
2.666666671e-06
2.666666669e-06
2.666666669e-06
2.666666671e-06
2.666666669e-06
2.666666669e-06
2.666666669e-06
2.666666669e-06
2.666666669e-06
2.666666671e-06
2.666666669e-06
2.666666669e-06
2.666666671e-06
2.666666669e-06
2.666666669e-06
2.666666671e-06
2.666666669e-06
2.666666669e-06
2.666666671e-06
2.666666669e-06
2.666666669e-06
2.66666667e-06
2.666666669e-06
2.666666669e-06
2.666666671e-06
2.666666669e-06
2.666666669e-06
2.666666671e-06
2.666666669e-06
2.666666669e-06
2.666666671e-06
2.666666669e-06
2.666666669e-06
2.666666671e-06
2.666666669e-06
2.666666669e-06
2.666666669e-06
2.666666669e-06
2.666666669e-06
2.666666671e-06
2.666666669e-06
2.666666669e-06
2.666666671e-06
2.666666669e-06
2.666666668e-06
2.66666667e-06
2.666666668e-06
2.666666668e-06
2.66666667e-06
2.666666668e-06
2.666666669e-06
2.666666669e-06
2.666666669e-06
2.666666668e-06
2.66666667e-06
2.666666668e-06
2.666666668e-06
2.66666667e-06
2.666666668e-06
2.66666667e-06
2.666666672e-06
2.66666667e-06
2.66666667e-06
2.666666672e-06
2.66666667e-06
2.666666671e-06
2.666666671e-06
2.666666671e-06
2.66666667e-06
2.666666672e-06
2.66666667e-06
2.66666667e-06
2.666666672e-06
2.66666667e-06
2.666666668e-06
2.66666667e-06
2.666666668e-06
2.666666668e-06
2.66666667e-06
2.666666668e-06
2.666666669e-06
2.666666669e-06
2.666666669e-06
2.666666668e-06
2.66666667e-06
2.666666668e-06
2.666666668e-06
2.66666667e-06
2.666666668e-06
2.666666668e-06
2.66666667e-06
2.666666668e-06
2.666666668e-06
2.66666667e-06
2.666666668e-06
2.666666669e-06
2.666666669e-06
2.666666669e-06
2.666666668e-06
2.66666667e-06
2.666666668e-06
2.666666668e-06
2.66666667e-06
2.666666668e-06
2.66666667e-06
2.666666672e-06
2.66666667e-06
2.66666667e-06
2.666666672e-06
2.66666667e-06
2.666666671e-06
2.666666671e-06
2.666666671e-06
2.66666667e-06
2.666666672e-06
2.66666667e-06
2.66666667e-06
2.666666672e-06
2.66666667e-06
2.666666668e-06
2.66666667e-06
2.666666668e-06
2.666666668e-06
2.66666667e-06
2.666666668e-06
2.666666669e-06
2.666666669e-06
2.666666669e-06
2.666666668e-06
2.66666667e-06
2.666666668e-06
2.666666668e-06
2.66666667e-06
2.666666668e-06
2.666666668e-06
2.66666667e-06
2.666666668e-06
2.666666668e-06
2.66666667e-06
2.666666668e-06
2.666666669e-06
2.666666669e-06
2.666666669e-06
2.666666668e-06
2.66666667e-06
2.666666668e-06
2.666666668e-06
2.66666667e-06
2.666666668e-06
2.66666667e-06
2.666666672e-06
2.66666667e-06
2.66666667e-06
2.666666672e-06
2.66666667e-06
2.666666671e-06
2.666666671e-06
2.666666671e-06
2.66666667e-06
2.666666672e-06
2.66666667e-06
2.66666667e-06
2.666666672e-06
2.66666667e-06
2.666666668e-06
2.66666667e-06
2.666666668e-06
2.666666668e-06
2.66666667e-06
2.666666668e-06
2.666666669e-06
2.666666669e-06
2.666666669e-06
2.666666668e-06
2.66666667e-06
2.666666668e-06
2.666666668e-06
2.66666667e-06
2.666666668e-06
2.666666668e-06
2.66666667e-06
2.666666668e-06
2.666666668e-06
2.66666667e-06
2.666666668e-06
2.666666669e-06
2.666666669e-06
2.666666669e-06
2.666666668e-06
2.66666667e-06
2.666666668e-06
2.666666668e-06
2.66666667e-06
2.666666668e-06
2.66666667e-06
2.666666672e-06
2.66666667e-06
2.66666667e-06
2.666666672e-06
2.66666667e-06
2.666666671e-06
2.666666671e-06
2.666666671e-06
2.66666667e-06
2.666666672e-06
2.66666667e-06
2.66666667e-06
2.666666672e-06
2.66666667e-06
2.666666668e-06
2.66666667e-06
2.666666668e-06
2.666666668e-06
2.66666667e-06
2.666666668e-06
2.666666669e-06
2.666666669e-06
2.666666669e-06
2.666666668e-06
2.66666667e-06
2.666666668e-06
2.666666668e-06
2.66666667e-06
2.666666668e-06
2.666666669e-06
2.666666671e-06
2.666666669e-06
2.666666669e-06
2.666666671e-06
2.666666669e-06
2.666666669e-06
2.666666669e-06
2.666666669e-06
2.666666669e-06
2.666666671e-06
2.666666669e-06
2.666666669e-06
2.666666671e-06
2.666666669e-06
2.666666669e-06
2.666666671e-06
2.666666669e-06
2.666666669e-06
2.666666671e-06
2.666666669e-06
2.666666669e-06
2.66666667e-06
2.666666669e-06
2.666666669e-06
2.666666671e-06
2.666666669e-06
2.666666669e-06
2.666666671e-06
2.666666669e-06
2.666666669e-06
2.666666671e-06
2.666666669e-06
2.666666669e-06
2.666666671e-06
2.666666669e-06
2.666666669e-06
2.666666669e-06
2.666666669e-06
2.666666669e-06
2.666666671e-06
2.666666669e-06
2.666666669e-06
2.666666671e-06
2.666666669e-06
2.666666668e-06
2.66666667e-06
2.666666668e-06
2.666666668e-06
2.66666667e-06
2.666666668e-06
2.666666669e-06
2.666666669e-06
2.666666669e-06
2.666666668e-06
2.66666667e-06
2.666666668e-06
2.666666668e-06
2.66666667e-06
2.666666668e-06
2.66666667e-06
2.666666672e-06
2.66666667e-06
2.66666667e-06
2.666666672e-06
2.66666667e-06
2.666666671e-06
2.666666671e-06
2.666666671e-06
2.66666667e-06
2.666666672e-06
2.66666667e-06
2.66666667e-06
2.666666672e-06
2.66666667e-06
2.666666668e-06
2.66666667e-06
2.666666668e-06
2.666666668e-06
2.66666667e-06
2.666666668e-06
2.666666669e-06
2.666666669e-06
2.666666669e-06
2.666666668e-06
2.66666667e-06
2.666666668e-06
2.666666668e-06
2.66666667e-06
2.666666668e-06
2.666666668e-06
2.66666667e-06
2.666666668e-06
2.666666668e-06
2.66666667e-06
2.666666668e-06
2.666666669e-06
2.666666669e-06
2.666666669e-06
2.666666668e-06
2.66666667e-06
2.666666668e-06
2.666666668e-06
2.66666667e-06
2.666666668e-06
2.66666667e-06
2.666666672e-06
2.66666667e-06
2.66666667e-06
2.666666672e-06
2.66666667e-06
2.666666671e-06
2.666666671e-06
2.666666671e-06
2.66666667e-06
2.666666672e-06
2.66666667e-06
2.66666667e-06
2.666666672e-06
2.66666667e-06
2.666666668e-06
2.66666667e-06
2.666666668e-06
2.666666668e-06
2.66666667e-06
2.666666668e-06
2.666666669e-06
2.666666669e-06
2.666666669e-06
2.666666668e-06
2.66666667e-06
2.666666668e-06
2.666666668e-06
2.66666667e-06
2.666666668e-06
2.666666668e-06
2.66666667e-06
2.666666668e-06
2.666666668e-06
2.66666667e-06
2.666666668e-06
2.666666669e-06
2.666666669e-06
2.666666669e-06
2.666666668e-06
2.66666667e-06
2.666666668e-06
2.666666668e-06
2.66666667e-06
2.666666668e-06
2.66666667e-06
2.666666672e-06
2.66666667e-06
2.66666667e-06
2.666666672e-06
2.66666667e-06
2.666666671e-06
2.666666671e-06
2.666666671e-06
2.66666667e-06
2.666666672e-06
2.66666667e-06
2.66666667e-06
2.666666672e-06
2.66666667e-06
2.666666668e-06
2.66666667e-06
2.666666668e-06
2.666666668e-06
2.66666667e-06
2.666666668e-06
2.666666669e-06
2.666666669e-06
2.666666669e-06
2.666666668e-06
2.66666667e-06
2.666666668e-06
2.666666668e-06
2.66666667e-06
2.666666668e-06
2.666666668e-06
2.66666667e-06
2.666666668e-06
2.666666668e-06
2.66666667e-06
2.666666668e-06
2.666666669e-06
2.666666669e-06
2.666666669e-06
2.666666668e-06
2.66666667e-06
2.666666668e-06
2.666666668e-06
2.66666667e-06
2.666666668e-06
2.66666667e-06
2.666666672e-06
2.66666667e-06
2.66666667e-06
2.666666672e-06
2.66666667e-06
2.666666671e-06
2.666666671e-06
2.666666671e-06
2.66666667e-06
2.666666672e-06
2.66666667e-06
2.66666667e-06
2.666666672e-06
2.66666667e-06
2.666666668e-06
2.66666667e-06
2.666666668e-06
2.666666668e-06
2.66666667e-06
2.666666668e-06
2.666666669e-06
2.666666669e-06
2.666666669e-06
2.666666668e-06
2.66666667e-06
2.666666668e-06
2.666666668e-06
2.66666667e-06
2.666666668e-06
2.666666669e-06
2.666666671e-06
2.666666669e-06
2.666666669e-06
2.666666671e-06
2.666666669e-06
2.666666669e-06
2.666666669e-06
2.666666669e-06
2.666666669e-06
2.666666671e-06
2.666666669e-06
2.666666669e-06
2.666666671e-06
2.666666669e-06
2.666666669e-06
2.666666671e-06
2.666666669e-06
2.666666669e-06
2.666666671e-06
2.666666669e-06
2.666666669e-06
2.66666667e-06
2.666666669e-06
2.666666669e-06
2.666666671e-06
2.666666669e-06
2.666666669e-06
2.666666671e-06
2.666666669e-06
2.666666669e-06
2.666666671e-06
2.666666669e-06
2.666666669e-06
2.666666671e-06
2.666666669e-06
2.666666669e-06
2.666666669e-06
2.666666669e-06
2.666666669e-06
2.666666671e-06
2.666666669e-06
2.666666669e-06
2.666666671e-06
2.666666669e-06
2.666666668e-06
2.66666667e-06
2.666666668e-06
2.666666668e-06
2.66666667e-06
2.666666668e-06
2.666666669e-06
2.666666669e-06
2.666666669e-06
2.666666668e-06
2.66666667e-06
2.666666668e-06
2.666666668e-06
2.66666667e-06
2.666666668e-06
2.66666667e-06
2.666666672e-06
2.66666667e-06
2.66666667e-06
2.666666672e-06
2.66666667e-06
2.666666671e-06
2.666666671e-06
2.666666671e-06
2.66666667e-06
2.666666672e-06
2.66666667e-06
2.66666667e-06
2.666666672e-06
2.66666667e-06
2.666666668e-06
2.66666667e-06
2.666666668e-06
2.666666668e-06
2.66666667e-06
2.666666668e-06
2.666666669e-06
2.666666669e-06
2.666666669e-06
2.666666668e-06
2.66666667e-06
2.666666668e-06
2.666666668e-06
2.66666667e-06
2.666666668e-06
2.666666668e-06
2.66666667e-06
2.666666668e-06
2.666666668e-06
2.66666667e-06
2.666666668e-06
2.666666669e-06
2.666666669e-06
2.666666669e-06
2.666666668e-06
2.66666667e-06
2.666666668e-06
2.666666668e-06
2.66666667e-06
2.666666668e-06
2.66666667e-06
2.666666672e-06
2.66666667e-06
2.66666667e-06
2.666666672e-06
2.66666667e-06
2.666666671e-06
2.666666671e-06
2.666666671e-06
2.66666667e-06
2.666666672e-06
2.66666667e-06
2.66666667e-06
2.666666672e-06
2.66666667e-06
2.666666668e-06
2.66666667e-06
2.666666668e-06
2.666666668e-06
2.66666667e-06
2.666666668e-06
2.666666669e-06
2.666666669e-06
2.666666669e-06
2.666666668e-06
2.66666667e-06
2.666666668e-06
2.666666668e-06
2.66666667e-06
2.666666668e-06
2.666666668e-06
2.66666667e-06
2.666666668e-06
2.666666668e-06
2.66666667e-06
2.666666668e-06
2.666666669e-06
2.666666669e-06
2.666666669e-06
2.666666668e-06
2.66666667e-06
2.666666668e-06
2.666666668e-06
2.66666667e-06
2.666666668e-06
2.66666667e-06
2.666666672e-06
2.66666667e-06
2.66666667e-06
2.666666672e-06
2.66666667e-06
2.666666671e-06
2.666666671e-06
2.666666671e-06
2.66666667e-06
2.666666672e-06
2.66666667e-06
2.66666667e-06
2.666666672e-06
2.66666667e-06
2.666666668e-06
2.66666667e-06
2.666666668e-06
2.666666668e-06
2.66666667e-06
2.666666668e-06
2.666666669e-06
2.666666669e-06
2.666666669e-06
2.666666668e-06
2.66666667e-06
2.666666668e-06
2.666666668e-06
2.66666667e-06
2.666666668e-06
2.666666668e-06
2.66666667e-06
2.666666668e-06
2.666666668e-06
2.66666667e-06
2.666666668e-06
2.666666669e-06
2.666666669e-06
2.666666669e-06
2.666666668e-06
2.66666667e-06
2.666666668e-06
2.666666668e-06
2.66666667e-06
2.666666668e-06
2.66666667e-06
2.666666672e-06
2.66666667e-06
2.66666667e-06
2.666666672e-06
2.66666667e-06
2.666666671e-06
2.666666671e-06
2.666666671e-06
2.66666667e-06
2.666666672e-06
2.66666667e-06
2.66666667e-06
2.666666672e-06
2.66666667e-06
2.666666668e-06
2.66666667e-06
2.666666668e-06
2.666666668e-06
2.66666667e-06
2.666666668e-06
2.666666669e-06
2.666666669e-06
2.666666669e-06
2.666666668e-06
2.66666667e-06
2.666666668e-06
2.666666668e-06
2.66666667e-06
2.666666668e-06
2.666666669e-06
2.666666671e-06
2.666666669e-06
2.666666669e-06
2.666666671e-06
2.666666669e-06
2.666666669e-06
2.666666669e-06
2.666666669e-06
2.666666669e-06
2.666666671e-06
2.666666669e-06
2.666666669e-06
2.666666671e-06
2.666666669e-06
2.666666669e-06
2.666666671e-06
2.666666669e-06
2.666666669e-06
2.666666671e-06
2.666666669e-06
2.666666669e-06
2.66666667e-06
2.666666669e-06
2.666666669e-06
2.666666671e-06
2.666666669e-06
2.666666669e-06
2.666666671e-06
2.666666669e-06
2.666666669e-06
2.666666671e-06
2.666666669e-06
2.666666669e-06
2.666666671e-06
2.666666669e-06
2.666666669e-06
2.666666669e-06
2.666666669e-06
2.666666669e-06
2.666666671e-06
2.666666669e-06
2.666666669e-06
2.666666671e-06
2.666666669e-06
2.666666668e-06
2.66666667e-06
2.666666668e-06
2.666666668e-06
2.66666667e-06
2.666666668e-06
2.666666669e-06
2.666666669e-06
2.666666669e-06
2.666666668e-06
2.66666667e-06
2.666666668e-06
2.666666668e-06
2.66666667e-06
2.666666668e-06
2.66666667e-06
2.666666672e-06
2.66666667e-06
2.66666667e-06
2.666666672e-06
2.66666667e-06
2.666666671e-06
2.666666671e-06
2.666666671e-06
2.66666667e-06
2.666666672e-06
2.66666667e-06
2.66666667e-06
2.666666672e-06
2.66666667e-06
2.666666668e-06
2.66666667e-06
2.666666668e-06
2.666666668e-06
2.66666667e-06
2.666666668e-06
2.666666669e-06
2.666666669e-06
2.666666669e-06
2.666666668e-06
2.66666667e-06
2.666666668e-06
2.666666668e-06
2.66666667e-06
2.666666668e-06
2.666666668e-06
2.66666667e-06
2.666666668e-06
2.666666668e-06
2.66666667e-06
2.666666668e-06
2.666666669e-06
2.666666669e-06
2.666666669e-06
2.666666668e-06
2.66666667e-06
2.666666668e-06
2.666666668e-06
2.66666667e-06
2.666666668e-06
2.66666667e-06
2.666666672e-06
2.66666667e-06
2.66666667e-06
2.666666672e-06
2.66666667e-06
2.666666671e-06
2.666666671e-06
2.666666671e-06
2.66666667e-06
2.666666672e-06
2.66666667e-06
2.66666667e-06
2.666666672e-06
2.66666667e-06
2.666666668e-06
2.66666667e-06
2.666666668e-06
2.666666668e-06
2.66666667e-06
2.666666668e-06
2.666666669e-06
2.666666669e-06
2.666666669e-06
2.666666668e-06
2.66666667e-06
2.666666668e-06
2.666666668e-06
2.66666667e-06
2.666666668e-06
2.666666649e-06
2.666666651e-06
2.666666649e-06
2.666666649e-06
2.666666651e-06
2.666666649e-06
2.66666665e-06
2.66666665e-06
2.66666665e-06
2.666666649e-06
2.666666651e-06
2.666666649e-06
2.666666649e-06
2.666666651e-06
2.666666649e-06
2.666666651e-06
2.666666653e-06
2.666666651e-06
2.666666651e-06
2.666666653e-06
2.666666651e-06
2.666666652e-06
2.666666652e-06
2.666666652e-06
2.666666651e-06
2.666666653e-06
2.666666651e-06
2.666666651e-06
2.666666653e-06
2.666666651e-06
2.666666649e-06
2.666666651e-06
2.666666649e-06
2.666666649e-06
2.666666651e-06
2.666666649e-06
2.66666665e-06
2.66666665e-06
2.66666665e-06
2.666666649e-06
2.666666651e-06
2.666666649e-06
2.666666649e-06
2.666666651e-06
2.666666649e-06
2.666666649e-06
2.666666651e-06
2.666666649e-06
2.666666649e-06
2.666666651e-06
2.666666649e-06
2.66666665e-06
2.66666665e-06
2.66666665e-06
2.666666649e-06
2.666666651e-06
2.666666649e-06
2.666666649e-06
2.666666651e-06
2.666666649e-06
2.666666651e-06
2.666666653e-06
2.666666651e-06
2.666666651e-06
2.666666653e-06
2.666666651e-06
2.666666652e-06
2.666666652e-06
2.666666652e-06
2.666666651e-06
2.666666653e-06
2.666666651e-06
2.666666651e-06
2.666666653e-06
2.666666651e-06
2.666666649e-06
2.666666651e-06
2.666666649e-06
2.666666649e-06
2.666666651e-06
2.666666649e-06
2.66666665e-06
2.66666665e-06
2.66666665e-06
2.666666649e-06
2.666666651e-06
2.666666649e-06
2.666666649e-06
2.666666651e-06
2.666666649e-06
2.66666665e-06
2.666666652e-06
2.66666665e-06
2.66666665e-06
2.666666652e-06
2.66666665e-06
2.666666651e-06
2.666666651e-06
2.666666651e-06
2.66666665e-06
2.666666652e-06
2.66666665e-06
2.66666665e-06
2.666666652e-06
2.66666665e-06
2.66666665e-06
2.666666652e-06
2.66666665e-06
2.66666665e-06
2.666666652e-06
2.66666665e-06
2.666666651e-06
2.666666651e-06
2.666666651e-06
2.66666665e-06
2.666666652e-06
2.66666665e-06
2.66666665e-06
2.666666652e-06
2.66666665e-06
2.66666665e-06
2.666666652e-06
2.66666665e-06
2.66666665e-06
2.666666652e-06
2.66666665e-06
2.666666651e-06
2.666666651e-06
2.666666651e-06
2.66666665e-06
2.666666652e-06
2.66666665e-06
2.66666665e-06
2.666666652e-06
2.66666665e-06
2.666666649e-06
2.666666651e-06
2.666666649e-06
2.666666649e-06
2.666666651e-06
2.666666649e-06
2.66666665e-06
2.66666665e-06
2.66666665e-06
2.666666649e-06
2.666666651e-06
2.666666649e-06
2.666666649e-06
2.666666651e-06
2.666666649e-06
2.666666651e-06
2.666666653e-06
2.666666651e-06
2.666666651e-06
2.666666653e-06
2.666666651e-06
2.666666652e-06
2.666666652e-06
2.666666652e-06
2.666666651e-06
2.666666653e-06
2.666666651e-06
2.666666651e-06
2.666666653e-06
2.666666651e-06
2.666666649e-06
2.666666651e-06
2.666666649e-06
2.666666649e-06
2.666666651e-06
2.666666649e-06
2.66666665e-06
2.66666665e-06
2.66666665e-06
2.666666649e-06
2.666666651e-06
2.666666649e-06
2.666666649e-06
2.666666651e-06
2.666666649e-06
2.666666649e-06
2.666666651e-06
2.666666649e-06
2.666666649e-06
2.666666651e-06
2.666666649e-06
2.66666665e-06
2.66666665e-06
2.66666665e-06
2.666666649e-06
2.666666651e-06
2.666666649e-06
2.666666649e-06
2.666666651e-06
2.666666649e-06
2.666666651e-06
2.666666653e-06
2.666666651e-06
2.666666651e-06
2.666666653e-06
2.666666651e-06
2.666666652e-06
2.666666652e-06
2.666666652e-06
2.666666651e-06
2.666666653e-06
2.666666651e-06
2.666666651e-06
2.666666653e-06
2.666666651e-06
2.666666649e-06
2.666666651e-06
2.666666649e-06
2.666666649e-06
2.666666651e-06
2.666666649e-06
2.66666665e-06
2.66666665e-06
2.66666665e-06
2.666666649e-06
2.666666651e-06
2.666666649e-06
2.666666649e-06
2.666666651e-06
2.666666649e-06
2.666666668e-06
2.66666667e-06
2.666666668e-06
2.666666668e-06
2.66666667e-06
2.666666668e-06
2.666666669e-06
2.666666669e-06
2.666666669e-06
2.666666668e-06
2.66666667e-06
2.666666668e-06
2.666666668e-06
2.66666667e-06
2.666666668e-06
2.66666667e-06
2.666666672e-06
2.66666667e-06
2.66666667e-06
2.666666672e-06
2.66666667e-06
2.666666671e-06
2.666666671e-06
2.666666671e-06
2.66666667e-06
2.666666672e-06
2.66666667e-06
2.66666667e-06
2.666666672e-06
2.66666667e-06
2.666666668e-06
2.66666667e-06
2.666666668e-06
2.666666668e-06
2.66666667e-06
2.666666668e-06
2.666666669e-06
2.666666669e-06
2.666666669e-06
2.666666668e-06
2.66666667e-06
2.666666668e-06
2.666666668e-06
2.66666667e-06
2.666666668e-06
2.666666668e-06
2.66666667e-06
2.666666668e-06
2.666666668e-06
2.66666667e-06
2.666666668e-06
2.666666669e-06
2.666666669e-06
2.666666669e-06
2.666666668e-06
2.66666667e-06
2.666666668e-06
2.666666668e-06
2.66666667e-06
2.666666668e-06
2.66666667e-06
2.666666672e-06
2.66666667e-06
2.66666667e-06
2.666666672e-06
2.66666667e-06
2.666666671e-06
2.666666671e-06
2.666666671e-06
2.66666667e-06
2.666666672e-06
2.66666667e-06
2.66666667e-06
2.666666672e-06
2.66666667e-06
2.666666668e-06
2.66666667e-06
2.666666668e-06
2.666666668e-06
2.66666667e-06
2.666666668e-06
2.666666669e-06
2.666666669e-06
2.666666669e-06
2.666666668e-06
2.66666667e-06
2.666666668e-06
2.666666668e-06
2.66666667e-06
2.666666668e-06
2.666666669e-06
2.666666671e-06
2.666666669e-06
2.666666669e-06
2.666666671e-06
2.666666669e-06
2.666666669e-06
2.666666669e-06
2.666666669e-06
2.666666669e-06
2.666666671e-06
2.666666669e-06
2.666666669e-06
2.666666671e-06
2.666666669e-06
2.666666669e-06
2.666666671e-06
2.666666669e-06
2.666666669e-06
2.666666671e-06
2.666666669e-06
2.666666669e-06
2.66666667e-06
2.666666669e-06
2.666666669e-06
2.666666671e-06
2.666666669e-06
2.666666669e-06
2.666666671e-06
2.666666669e-06
2.666666669e-06
2.666666671e-06
2.666666669e-06
2.666666669e-06
2.666666671e-06
2.666666669e-06
2.666666669e-06
2.666666669e-06
2.666666669e-06
2.666666669e-06
2.666666671e-06
2.666666669e-06
2.666666669e-06
2.666666671e-06
2.666666669e-06
2.666666668e-06
2.66666667e-06
2.666666668e-06
2.666666668e-06
2.66666667e-06
2.666666668e-06
2.666666669e-06
2.666666669e-06
2.666666669e-06
2.666666668e-06
2.66666667e-06
2.666666668e-06
2.666666668e-06
2.66666667e-06
2.666666668e-06
2.66666667e-06
2.666666672e-06
2.66666667e-06
2.66666667e-06
2.666666672e-06
2.66666667e-06
2.666666671e-06
2.666666671e-06
2.666666671e-06
2.66666667e-06
2.666666672e-06
2.66666667e-06
2.66666667e-06
2.666666672e-06
2.66666667e-06
2.666666668e-06
2.66666667e-06
2.666666668e-06
2.666666668e-06
2.66666667e-06
2.666666668e-06
2.666666669e-06
2.666666669e-06
2.666666669e-06
2.666666668e-06
2.66666667e-06
2.666666668e-06
2.666666668e-06
2.66666667e-06
2.666666668e-06
2.666666668e-06
2.66666667e-06
2.666666668e-06
2.666666668e-06
2.66666667e-06
2.666666668e-06
2.666666669e-06
2.666666669e-06
2.666666669e-06
2.666666668e-06
2.66666667e-06
2.666666668e-06
2.666666668e-06
2.66666667e-06
2.666666668e-06
2.66666667e-06
2.666666672e-06
2.66666667e-06
2.66666667e-06
2.666666672e-06
2.66666667e-06
2.666666671e-06
2.666666671e-06
2.666666671e-06
2.66666667e-06
2.666666672e-06
2.66666667e-06
2.66666667e-06
2.666666672e-06
2.66666667e-06
2.666666668e-06
2.66666667e-06
2.666666668e-06
2.666666668e-06
2.66666667e-06
2.666666668e-06
2.666666669e-06
2.666666669e-06
2.666666669e-06
2.666666668e-06
2.66666667e-06
2.666666668e-06
2.666666668e-06
2.66666667e-06
2.666666668e-06
2.666666668e-06
2.66666667e-06
2.666666668e-06
2.666666668e-06
2.66666667e-06
2.666666668e-06
2.666666669e-06
2.666666669e-06
2.666666669e-06
2.666666668e-06
2.66666667e-06
2.666666668e-06
2.666666668e-06
2.66666667e-06
2.666666668e-06
2.66666667e-06
2.666666672e-06
2.66666667e-06
2.66666667e-06
2.666666672e-06
2.66666667e-06
2.666666671e-06
2.666666671e-06
2.666666671e-06
2.66666667e-06
2.666666672e-06
2.66666667e-06
2.66666667e-06
2.666666672e-06
2.66666667e-06
2.666666668e-06
2.66666667e-06
2.666666668e-06
2.666666668e-06
2.66666667e-06
2.666666668e-06
2.666666669e-06
2.666666669e-06
2.666666669e-06
2.666666668e-06
2.66666667e-06
2.666666668e-06
2.666666668e-06
2.66666667e-06
2.666666668e-06
2.666666668e-06
2.66666667e-06
2.666666668e-06
2.666666668e-06
2.66666667e-06
2.666666668e-06
2.666666669e-06
2.666666669e-06
2.666666669e-06
2.666666668e-06
2.66666667e-06
2.666666668e-06
2.666666668e-06
2.66666667e-06
2.666666668e-06
2.66666667e-06
2.666666672e-06
2.66666667e-06
2.66666667e-06
2.666666672e-06
2.66666667e-06
2.666666671e-06
2.666666671e-06
2.666666671e-06
2.66666667e-06
2.666666672e-06
2.66666667e-06
2.66666667e-06
2.666666672e-06
2.66666667e-06
2.666666668e-06
2.66666667e-06
2.666666668e-06
2.666666668e-06
2.66666667e-06
2.666666668e-06
2.666666669e-06
2.666666669e-06
2.666666669e-06
2.666666668e-06
2.66666667e-06
2.666666668e-06
2.666666668e-06
2.66666667e-06
2.666666668e-06
2.666666669e-06
2.666666671e-06
2.666666669e-06
2.666666669e-06
2.666666671e-06
2.666666669e-06
2.666666669e-06
2.666666669e-06
2.666666669e-06
2.666666669e-06
2.666666671e-06
2.666666669e-06
2.666666669e-06
2.666666671e-06
2.666666669e-06
2.666666669e-06
2.666666671e-06
2.666666669e-06
2.666666669e-06
2.666666671e-06
2.666666669e-06
2.666666669e-06
2.66666667e-06
2.666666669e-06
2.666666669e-06
2.666666671e-06
2.666666669e-06
2.666666669e-06
2.666666671e-06
2.666666669e-06
2.666666669e-06
2.666666671e-06
2.666666669e-06
2.666666669e-06
2.666666671e-06
2.666666669e-06
2.666666669e-06
2.666666669e-06
2.666666669e-06
2.666666669e-06
2.666666671e-06
2.666666669e-06
2.666666669e-06
2.666666671e-06
2.666666669e-06
2.666666668e-06
2.66666667e-06
2.666666668e-06
2.666666668e-06
2.66666667e-06
2.666666668e-06
2.666666669e-06
2.666666669e-06
2.666666669e-06
2.666666668e-06
2.66666667e-06
2.666666668e-06
2.666666668e-06
2.66666667e-06
2.666666668e-06
2.66666667e-06
2.666666672e-06
2.66666667e-06
2.66666667e-06
2.666666672e-06
2.66666667e-06
2.666666671e-06
2.666666671e-06
2.666666671e-06
2.66666667e-06
2.666666672e-06
2.66666667e-06
2.66666667e-06
2.666666672e-06
2.66666667e-06
2.666666668e-06
2.66666667e-06
2.666666668e-06
2.666666668e-06
2.66666667e-06
2.666666668e-06
2.666666669e-06
2.666666669e-06
2.666666669e-06
2.666666668e-06
2.66666667e-06
2.666666668e-06
2.666666668e-06
2.66666667e-06
2.666666668e-06
2.666666668e-06
2.66666667e-06
2.666666668e-06
2.666666668e-06
2.66666667e-06
2.666666668e-06
2.666666669e-06
2.666666669e-06
2.666666669e-06
2.666666668e-06
2.66666667e-06
2.666666668e-06
2.666666668e-06
2.66666667e-06
2.666666668e-06
2.66666667e-06
2.666666672e-06
2.66666667e-06
2.66666667e-06
2.666666672e-06
2.66666667e-06
2.666666671e-06
2.666666671e-06
2.666666671e-06
2.66666667e-06
2.666666672e-06
2.66666667e-06
2.66666667e-06
2.666666672e-06
2.66666667e-06
2.666666668e-06
2.66666667e-06
2.666666668e-06
2.666666668e-06
2.66666667e-06
2.666666668e-06
2.666666669e-06
2.666666669e-06
2.666666669e-06
2.666666668e-06
2.66666667e-06
2.666666668e-06
2.666666668e-06
2.66666667e-06
2.666666668e-06
2.666666668e-06
2.66666667e-06
2.666666668e-06
2.666666668e-06
2.66666667e-06
2.666666668e-06
2.666666669e-06
2.666666669e-06
2.666666669e-06
2.666666668e-06
2.66666667e-06
2.666666668e-06
2.666666668e-06
2.66666667e-06
2.666666668e-06
2.66666667e-06
2.666666672e-06
2.66666667e-06
2.66666667e-06
2.666666672e-06
2.66666667e-06
2.666666671e-06
2.666666671e-06
2.666666671e-06
2.66666667e-06
2.666666672e-06
2.66666667e-06
2.66666667e-06
2.666666672e-06
2.66666667e-06
2.666666668e-06
2.66666667e-06
2.666666668e-06
2.666666668e-06
2.66666667e-06
2.666666668e-06
2.666666669e-06
2.666666669e-06
2.666666669e-06
2.666666668e-06
2.66666667e-06
2.666666668e-06
2.666666668e-06
2.66666667e-06
2.666666668e-06
2.666666668e-06
2.66666667e-06
2.666666668e-06
2.666666668e-06
2.66666667e-06
2.666666668e-06
2.666666669e-06
2.666666669e-06
2.666666669e-06
2.666666668e-06
2.66666667e-06
2.666666668e-06
2.666666668e-06
2.66666667e-06
2.666666668e-06
2.66666667e-06
2.666666672e-06
2.66666667e-06
2.66666667e-06
2.666666672e-06
2.66666667e-06
2.666666671e-06
2.666666671e-06
2.666666671e-06
2.66666667e-06
2.666666672e-06
2.66666667e-06
2.66666667e-06
2.666666672e-06
2.66666667e-06
2.666666668e-06
2.66666667e-06
2.666666668e-06
2.666666668e-06
2.66666667e-06
2.666666668e-06
2.666666669e-06
2.666666669e-06
2.666666669e-06
2.666666668e-06
2.66666667e-06
2.666666668e-06
2.666666668e-06
2.66666667e-06
2.666666668e-06
2.666666669e-06
2.666666671e-06
2.666666669e-06
2.666666669e-06
2.666666671e-06
2.666666669e-06
2.666666669e-06
2.666666669e-06
2.666666669e-06
2.666666669e-06
2.666666671e-06
2.666666669e-06
2.666666669e-06
2.666666671e-06
2.666666669e-06
2.666666669e-06
2.666666671e-06
2.666666669e-06
2.666666669e-06
2.666666671e-06
2.666666669e-06
2.666666669e-06
2.66666667e-06
2.666666669e-06
2.666666669e-06
2.666666671e-06
2.666666669e-06
2.666666669e-06
2.666666671e-06
2.666666669e-06
2.666666669e-06
2.666666671e-06
2.666666669e-06
2.666666669e-06
2.666666671e-06
2.666666669e-06
2.666666669e-06
2.666666669e-06
2.666666669e-06
2.666666669e-06
2.666666671e-06
2.666666669e-06
2.666666669e-06
2.666666671e-06
2.666666669e-06
2.666666668e-06
2.66666667e-06
2.666666668e-06
2.666666668e-06
2.66666667e-06
2.666666668e-06
2.666666669e-06
2.666666669e-06
2.666666669e-06
2.666666668e-06
2.66666667e-06
2.666666668e-06
2.666666668e-06
2.66666667e-06
2.666666668e-06
2.66666667e-06
2.666666672e-06
2.66666667e-06
2.66666667e-06
2.666666672e-06
2.66666667e-06
2.666666671e-06
2.666666671e-06
2.666666671e-06
2.66666667e-06
2.666666672e-06
2.66666667e-06
2.66666667e-06
2.666666672e-06
2.66666667e-06
2.666666668e-06
2.66666667e-06
2.666666668e-06
2.666666668e-06
2.66666667e-06
2.666666668e-06
2.666666669e-06
2.666666669e-06
2.666666669e-06
2.666666668e-06
2.66666667e-06
2.666666668e-06
2.666666668e-06
2.66666667e-06
2.666666668e-06
2.666666668e-06
2.66666667e-06
2.666666668e-06
2.666666668e-06
2.66666667e-06
2.666666668e-06
2.666666669e-06
2.666666669e-06
2.666666669e-06
2.666666668e-06
2.66666667e-06
2.666666668e-06
2.666666668e-06
2.66666667e-06
2.666666668e-06
2.66666667e-06
2.666666672e-06
2.66666667e-06
2.66666667e-06
2.666666672e-06
2.66666667e-06
2.666666671e-06
2.666666671e-06
2.666666671e-06
2.66666667e-06
2.666666672e-06
2.66666667e-06
2.66666667e-06
2.666666672e-06
2.66666667e-06
2.666666668e-06
2.66666667e-06
2.666666668e-06
2.666666668e-06
2.66666667e-06
2.666666668e-06
2.666666669e-06
2.666666669e-06
2.666666669e-06
2.666666668e-06
2.66666667e-06
2.666666668e-06
2.666666668e-06
2.66666667e-06
2.666666668e-06
1.023813481e-05
9.312832101e-06
8.387529398e-06
7.462226715e-06
6.536924059e-06
5.611621367e-06
4.686318667e-06
1.110759212e-05
1.017682226e-05
9.246052355e-06
8.315282488e-06
7.384512591e-06
6.453742715e-06
5.522972846e-06
1.188720214e-05
1.094682562e-05
1.000644907e-05
9.066072571e-06
8.125696072e-06
7.185319534e-06
6.244943024e-06
1.255472482e-05
1.160310757e-05
1.065149039e-05
9.699873164e-06
8.748255975e-06
7.79663878e-06
6.845021561e-06
1.309176757e-05
1.21293654e-05
1.116696322e-05
1.020456103e-05
9.242158831e-06
8.279756671e-06
7.317354488e-06
1.34844085e-05
1.251328265e-05
1.154215675e-05
1.057103087e-05
9.599904971e-06
8.628779107e-06
7.657653213e-06
1.372366007e-05
1.274694554e-05
1.177023101e-05
1.079351645e-05
9.816801937e-06
8.840087428e-06
7.863372875e-06
1.380434516e-05
1.282568783e-05
1.184703059e-05
1.086837326e-05
9.889715997e-06
8.911058726e-06
7.932401443e-06
1.37236774e-05
1.274695993e-05
1.177024252e-05
1.079352506e-05
9.816807634e-06
8.84009017e-06
7.863372756e-06
1.348440607e-05
1.251328009e-05
1.15421541e-05
1.057102812e-05
9.599902146e-06
8.628776139e-06
7.657650177e-06
1.309175192e-05
1.212935149e-05
1.116695105e-05
1.020455058e-05
9.242150171e-06
8.279749737e-06
7.317349291e-06
1.255469925e-05
1.160308523e-05
1.065147121e-05
9.699857134e-06
8.748243144e-06
7.796629114e-06
6.84501509e-06
1.188717202e-05
1.094679944e-05
1.000642682e-05
9.066054199e-06
8.125681629e-06
7.185309045e-06
6.244936446e-06
1.110755959e-05
1.01767942e-05
9.246028758e-06
8.315263372e-06
7.38449796e-06
6.45373255e-06
5.522967143e-06
1.023810279e-05
9.312804841e-06
8.387506877e-06
7.462208911e-06
6.536910934e-06
5.611612993e-06
4.686315038e-06
1.023663972e-05
9.312698356e-06
8.388756986e-06
7.464815632e-06
6.54087424e-06
5.616932882e-06
4.692991515e-06
1.109946641e-05
1.017206774e-05
9.24466903e-06
8.317270344e-06
7.38987163e-06
6.462472944e-06
5.535074243e-06
1.186686342e-05
1.093128415e-05
9.99570489e-06
9.060125597e-06
8.124546323e-06
7.188967056e-06
6.253387779e-06
1.251911302e-05
1.15733594e-05
1.062760586e-05
9.681852242e-06
8.736098688e-06
7.790345112e-06
6.844591521e-06
1.304017135e-05
1.208448698e-05
1.112880259e-05
1.01731182e-05
9.217433825e-06
8.261749455e-06
7.306065063e-06
1.34181534e-05
1.245447644e-05
1.149079941e-05
1.052712243e-05
9.563445425e-06
8.599768451e-06
7.636091437e-06
1.364559345e-05
1.26769952e-05
1.170839692e-05
1.073979863e-05
9.771200388e-06
8.802602132e-06
7.834003844e-06
1.372101636e-05
1.275083409e-05
1.178065184e-05
1.081046954e-05
9.840287299e-06
8.870105046e-06
7.899922761e-06
1.364561123e-05
1.267701002e-05
1.170840883e-05
1.07398076e-05
9.771206392e-06
8.802605193e-06
7.834003981e-06
1.341815159e-05
1.245447443e-05
1.149079731e-05
1.052712016e-05
9.563443015e-06
8.599765887e-06
7.636088746e-06
1.304015641e-05
1.208447372e-05
1.112879103e-05
1.017310832e-05
9.217425636e-06
8.26174297e-06
7.306060248e-06
1.251908817e-05
1.157333772e-05
1.062758724e-05
9.68183679e-06
8.736086335e-06
7.790335886e-06
6.844585426e-06
1.1866834e-05
1.093125857e-05
9.99568316e-06
9.060107758e-06
8.124532338e-06
7.188956936e-06
6.253381533e-06
1.109943448e-05
1.017204017e-05
9.244645892e-06
8.317251622e-06
7.389857336e-06
6.46246307e-06
5.535068795e-06
1.023660799e-05
9.312671307e-06
8.388734659e-06
7.464797963e-06
6.540861296e-06
5.616924653e-06
4.692987991e-06
1.023537684e-05
9.312773187e-06
8.390169496e-06
7.467565852e-06
6.544962135e-06
5.622358463e-06
4.699754794e-06
1.109215503e-05
1.016804563e-05
9.24393623e-06
8.319826813e-06
7.395717444e-06
6.471608035e-06
5.547498618e-06
1.184824905e-05
1.091729563e-05
9.986342258e-06
9.055388819e-06
8.124435403e-06
7.193482001e-06
6.262528587e-06
1.248669873e-05
1.154649112e-05
1.060628359e-05
9.666075998e-06
8.725868434e-06
7.785660863e-06
6.845453296e-06
1.2994022e-05
1.204451164e-05
1.109500128e-05
1.014549094e-05
9.19598057e-06
8.246470237e-06
7.296959872e-06
1.336051567e-05
1.240342198e-05
1.144632824e-05
1.048923455e-05
9.532140851e-06
8.575047156e-06
7.617953442e-06
1.358036423e-05
1.261858113e-05
1.165679802e-05
1.06950149e-05
9.733231811e-06
8.77144872e-06
7.809665607e-06
1.365313439e-05
1.268984326e-05
1.172655212e-05
1.076326096e-05
9.799969851e-06
8.836678726e-06
7.873387561e-06
1.358038194e-05
1.261859589e-05
1.16568099e-05
1.069502385e-05
9.733237834e-06
8.771451816e-06
7.809665772e-06
1.336051388e-05
1.240342002e-05
1.144632621e-05
1.048923236e-05
9.532138511e-06
8.575044686e-06
7.617950846e-06
1.299400712e-05
1.204449846e-05
1.109498982e-05
1.014548115e-05
9.195972503e-06
8.246463855e-06
7.296955191e-06
1.248667393e-05
1.154646953e-05
1.060626507e-05
9.666060653e-06
8.725856204e-06
7.785651761e-06
6.84544733e-06
1.184821972e-05
1.091727014e-05
9.986320574e-06
9.055371068e-06
8.124421511e-06
7.193471956e-06
6.262522425e-06
1.109212313e-05
1.016801809e-05
9.243913131e-06
8.319808144e-06
7.395703169e-06
6.47159818e-06
5.547493235e-06
1.023534514e-05
9.312746119e-06
8.390147165e-06
7.467548171e-06
6.544949217e-06
5.622350233e-06
4.699751277e-06
1.023411393e-05
9.312847957e-06
8.391581968e-06
7.470315992e-06
6.54905002e-06
5.627784036e-06
4.706518041e-06
1.108484346e-05
1.016402311e-05
9.243202736e-06
8.322382348e-06
7.401562005e-06
6.480741613e-06
5.559921247e-06
1.182963373e-05
1.090330442e-05
9.976975073e-06
9.050645756e-06
8.12431644e-06
7.19798708e-06
6.271657762e-06
1.245428183e-05
1.151961509e-05
1.05849484e-05
9.650281686e-06
8.715614999e-06
7.780948275e-06
6.846281584e-06
1.294786761e-05
1.200452129e-05
1.106117502e-05
1.011782872e-05
9.174482434e-06
8.231136125e-06
7.287789844e-06
1.330287036e-05
1.235234488e-05
1.140181942e-05
1.045129394e-05
9.500768484e-06
8.550243009e-06
7.599717551e-06
1.351512551e-05
1.256013862e-05
1.160515178e-05
1.065016492e-05
9.695178046e-06
8.740191213e-06
7.785204358e-06
1.35852422e-05
1.262882177e-05
1.167240141e-05
1.0715981e-05
9.759560616e-06
8.803140249e-06
7.846719829e-06
1.351514313e-05
1.256015335e-05
1.160516361e-05
1.065017383e-05
9.695184109e-06
8.740194337e-06
7.785204571e-06
1.330286857e-05
1.235234299e-05
1.140181739e-05
1.045129182e-05
9.500766237e-06
8.550240625e-06
7.599715054e-06
1.294785279e-05
1.20045082e-05
1.106116364e-05
1.011781906e-05
9.174474467e-06
8.231129869e-06
7.287785297e-06
1.24542571e-05
1.151959357e-05
1.058493001e-05
9.650266455e-06
8.715602876e-06
7.780939298e-06
6.846275751e-06
1.182960446e-05
1.090327898e-05
9.976953526e-06
9.050628075e-06
8.124302598e-06
7.197977144e-06
6.271651678e-06
1.108481159e-05
1.016399559e-05
9.243179661e-06
8.322363713e-06
7.401547759e-06
6.480731812e-06
5.559915895e-06
1.023408223e-05
9.312820878e-06
8.39155962e-06
7.470298343e-06
6.549037066e-06
5.627775794e-06
4.706514529e-06
1.023285109e-05
9.312922813e-06
8.392994518e-06
7.473066211e-06
6.553137943e-06
5.633209645e-06
4.713281326e-06
1.107753185e-05
1.016000025e-05
9.242468636e-06
8.324937016e-06
7.407405409e-06
6.489873784e-06
5.572342177e-06
1.181101762e-05
1.088931062e-05
9.967603544e-06
9.045896489e-06
8.124189481e-06
7.202482411e-06
6.280775377e-06
1.242186243e-05
1.149273145e-05
1.056360043e-05
9.634469424e-06
8.705338454e-06
7.776207446e-06
6.847076471e-06
1.290170831e-05
1.196451612e-05
1.102732392e-05
1.009013169e-05
9.152939486e-06
8.215747245e-06
7.278555049e-06
1.324521759e-05
1.230124531e-05
1.135727304e-05
1.041330072e-05
9.469328428e-06
8.525356135e-06
7.581383828e-06
1.344987741e-05
1.250166784e-05
1.155345835e-05
1.060524879e-05
9.657039239e-06
8.708829715e-06
7.760620181e-06
1.351733989e-05
1.256776982e-05
1.161819983e-05
1.066862975e-05
9.719059742e-06
8.769489693e-06
7.819919657e-06
1.344989495e-05
1.250168253e-05
1.155347013e-05
1.060525769e-05
9.657045294e-06
8.708832865e-06
7.76062046e-06
1.324521584e-05
1.230124345e-05
1.135727105e-05
1.041329865e-05
9.469326251e-06
8.52535385e-06
7.581381457e-06
1.290169357e-05
1.19645031e-05
1.102731261e-05
1.009012213e-05
9.152931629e-06
8.215741137e-06
7.278550643e-06
1.242183783e-05
1.149270997e-05
1.056358215e-05
9.634454302e-06
8.705326454e-06
7.776198602e-06
6.847070772e-06
1.181098841e-05
1.088928522e-05
9.967582063e-06
9.0458789e-06
8.124175729e-06
7.202472548e-06
6.280769388e-06
1.10775e-05
1.015997278e-05
9.242445584e-06
8.32491843e-06
7.407391214e-06
6.489864032e-06
5.572336857e-06
1.023281934e-05
9.312895734e-06
8.39297214e-06
7.47304856e-06
6.553124963e-06
5.633201406e-06
4.713277808e-06
1.023158821e-05
9.312997638e-06
8.39440701e-06
7.475816421e-06
6.557225828e-06
5.638635224e-06
4.720044616e-06
1.107022007e-05
1.015597695e-05
9.241733839e-06
8.327490699e-06
7.413247584e-06
6.499004456e-06
5.584761332e-06
1.179240058e-05
1.087531407e-05
9.958227529e-06
9.041140959e-06
8.124054436e-06
7.206967904e-06
6.289881352e-06
1.238944041e-05
1.146584002e-05
1.054223955e-05
9.618639135e-06
8.695038699e-06
7.771438294e-06
6.847837879e-06
1.285554398e-05
1.192449594e-05
1.099344781e-05
1.006239974e-05
9.131351612e-06
8.20030351e-06
7.269255429e-06
1.318755726e-05
1.225012312e-05
1.131268894e-05
1.037525478e-05
9.437820578e-06
8.500386412e-06
7.562952214e-06
1.338461979e-05
1.244316865e-05
1.150171754e-05
1.056026638e-05
9.618815253e-06
8.677364134e-06
7.735912992e-06
1.344942733e-05
1.250668727e-05
1.156394723e-05
1.062120711e-05
9.67846708e-06
8.735726991e-06
7.792986945e-06
1.338463726e-05
1.244318328e-05
1.15017293e-05
1.056027528e-05
9.618821302e-06
8.677367299e-06
7.735913327e-06
1.318755554e-05
1.225012128e-05
1.131268703e-05
1.037525274e-05
9.437818473e-06
8.500384232e-06
7.562949955e-06
1.285552934e-05
1.192448299e-05
1.099343662e-05
1.006239025e-05
9.131343899e-06
8.200297525e-06
7.269251153e-06
1.238941592e-05
1.146581863e-05
1.054222137e-05
9.618624089e-06
8.695026831e-06
7.771429561e-06
6.847832309e-06
1.179237139e-05
1.087528874e-05
9.958206086e-06
9.041123417e-06
8.12404079e-06
7.206958116e-06
6.289875463e-06
1.107018821e-05
1.015594955e-05
9.241710829e-06
8.327472135e-06
7.41323346e-06
6.498994765e-06
5.584756056e-06
1.023155642e-05
9.312970571e-06
8.394384651e-06
7.475798735e-06
6.557212856e-06
5.638626972e-06
4.720041071e-06
1.023032533e-05
9.313072431e-06
8.395819529e-06
7.478566609e-06
6.561313709e-06
5.64406081e-06
4.726807898e-06
1.106290817e-05
1.015195325e-05
9.240998388e-06
8.330043458e-06
7.419088554e-06
6.508133653e-06
5.597178742e-06
1.177378264e-05
1.086131484e-05
9.948847012e-06
9.036379182e-06
8.123911358e-06
7.211443558e-06
6.298975717e-06
1.235701583e-05
1.143894084e-05
1.052086581e-05
9.602790825e-06
8.684715814e-06
7.766640827e-06
6.848565826e-06
1.280937469e-05
1.188446078e-05
1.095954681e-05
1.003463285e-05
9.109718894e-06
8.184804936e-06
7.259890986e-06
1.312988942e-05
1.219897833e-05
1.126806719e-05
1.033715611e-05
9.406244979e-06
8.475333876e-06
7.544422732e-06
1.331935273e-05
1.238464107e-05
1.144992941e-05
1.051521779e-05
9.580506117e-06
8.645794493e-06
7.711082823e-06
1.33815046e-05
1.244557412e-05
1.150964363e-05
1.057371315e-05
9.637782668e-06
8.701852175e-06
7.765921713e-06
1.33193701e-05
1.238465566e-05
1.144994115e-05
1.051522666e-05
9.580512194e-06
8.645797673e-06
7.711083216e-06
1.312988771e-05
1.219897655e-05
1.126806533e-05
1.033715415e-05
9.406242968e-06
8.475331765e-06
7.544420583e-06
1.280936012e-05
1.188444793e-05
1.095953569e-05
1.003462351e-05
9.109711295e-06
8.18479907e-06
7.259886855e-06
1.235699142e-05
1.143891958e-05
1.052084771e-05
9.602775895e-06
8.684704038e-06
7.766632214e-06
6.848560374e-06
1.177375351e-05
1.08612896e-05
9.948825655e-06
9.036361722e-06
8.12389779e-06
7.211433877e-06
6.298969912e-06
1.106287628e-05
1.015192587e-05
9.240975391e-06
8.330024904e-06
7.419074464e-06
6.508123999e-06
5.597173512e-06
1.023029354e-05
9.313045379e-06
8.39579719e-06
7.478548943e-06
6.56130076e-06
5.64405256e-06
4.726804349e-06
1.022906245e-05
9.313147243e-06
8.397232028e-06
7.481316817e-06
6.565401599e-06
5.649486387e-06
4.733571165e-06
1.105559611e-05
1.014792916e-05
9.240262241e-06
8.332595275e-06
7.424928311e-06
6.517261377e-06
5.609594422e-06
1.175516382e-05
1.084731292e-05
9.939462061e-06
9.03161114e-06
8.123760258e-06
7.215909368e-06
6.308058479e-06
1.23245887e-05
1.141203393e-05
1.049947922e-05
9.586924484e-06
8.674369767e-06
7.761815028e-06
6.849260304e-06
1.276320042e-05
1.184441065e-05
1.092562087e-05
1.000683108e-05
9.088041314e-06
8.16925153e-06
7.250461734e-06
1.307221404e-05
1.214781095e-05
1.122340783e-05
1.029900472e-05
9.374601627e-06
8.450198519e-06
7.525795411e-06
1.325407622e-05
1.23260851e-05
1.1398094e-05
1.047010295e-05
9.542111862e-06
8.614120767e-06
7.686129695e-06
1.331357167e-05
1.238443039e-05
1.145528907e-05
1.052614783e-05
9.597006531e-06
8.667865235e-06
7.738723961e-06
1.325409351e-05
1.232609964e-05
1.13981057e-05
1.047011183e-05
9.542117911e-06
8.614124007e-06
7.686130114e-06
1.307221236e-05
1.21478092e-05
1.122340602e-05
1.029900286e-05
9.374599683e-06
8.450196499e-06
7.525793344e-06
1.276318592e-05
1.184439789e-05
1.092560985e-05
1.000682185e-05
9.08803381e-06
8.169245784e-06
7.250457747e-06
1.232456435e-05
1.141201277e-05
1.049946121e-05
9.586909676e-06
8.674358091e-06
7.761806551e-06
6.849254977e-06
1.175513478e-05
1.084728777e-05
9.93944074e-06
9.031593764e-06
8.12374676e-06
7.215899778e-06
6.308052765e-06
1.105556425e-05
1.014790177e-05
9.240239269e-06
8.332576771e-06
7.42491426e-06
6.517251757e-06
5.609589243e-06
1.022903069e-05
9.313120173e-06
8.397209678e-06
7.48129916e-06
6.565388646e-06
5.649478142e-06
4.733567619e-06
1.022779956e-05
9.313222068e-06
8.398644527e-06
7.484067025e-06
6.569489477e-06
5.654911959e-06
4.740334438e-06
1.104828391e-05
1.014390469e-05
9.239525405e-06
8.335146155e-06
7.430766874e-06
6.526387624e-06
5.622008362e-06
1.173654409e-05
1.083330835e-05
9.930072629e-06
9.02683687e-06
8.123601121e-06
7.220365355e-06
6.317129614e-06
1.229215897e-05
1.138511932e-05
1.047807974e-05
9.571040153e-06
8.664000552e-06
7.756960935e-06
6.849921328e-06
1.271702118e-05
1.18043456e-05
1.089166999e-05
9.978994438e-06
9.066318851e-06
8.153643287e-06
7.240967689e-06
1.301453114e-05
1.2096621e-05
1.117871081e-05
1.026080068e-05
9.342890496e-06
8.424980349e-06
7.50707022e-06
1.318879023e-05
1.226750077e-05
1.134621131e-05
1.042492189e-05
9.503632444e-06
8.582342992e-06
7.661053584e-06
1.324562855e-05
1.232325608e-05
1.140088358e-05
1.047851113e-05
9.556138643e-06
8.633766182e-06
7.711393698e-06
1.318880745e-05
1.226751523e-05
1.134622297e-05
1.042493076e-05
9.503638486e-06
8.582346281e-06
7.661054021e-06
1.301452948e-05
1.209661927e-05
1.117870907e-05
1.026079887e-05
9.34288863e-06
8.424978443e-06
7.50706822e-06
1.271700673e-05
1.18043329e-05
1.08916591e-05
9.978985287e-06
9.066311462e-06
8.153637657e-06
7.240963834e-06
1.229213469e-05
1.138509825e-05
1.047806187e-05
9.571025409e-06
8.663988996e-06
7.756952575e-06
6.849916139e-06
1.17365151e-05
1.083328325e-05
9.93005138e-06
9.026819542e-06
8.123587709e-06
7.220355859e-06
6.317124007e-06
1.104825212e-05
1.014387731e-05
9.23950247e-06
8.335127686e-06
7.430752863e-06
6.526378041e-06
5.622003219e-06
1.022776781e-05
9.313194986e-06
8.398622165e-06
7.484049361e-06
6.569476534e-06
5.654903721e-06
4.740330886e-06
1.022653664e-05
9.313296833e-06
8.400057028e-06
7.486817198e-06
6.57357735e-06
5.660337517e-06
4.747097691e-06
1.104097157e-05
1.013987973e-05
9.238787878e-06
8.337696054e-06
7.436604201e-06
6.535512374e-06
5.634420527e-06
1.171792343e-05
1.081930105e-05
9.92067867e-06
9.022056304e-06
8.123433899e-06
7.22481151e-06
6.326189126e-06
1.225972662e-05
1.135819696e-05
1.045666736e-05
9.55513777e-06
8.653608133e-06
7.752078512e-06
6.850548886e-06
1.267083688e-05
1.176426552e-05
1.085769416e-05
9.95112286e-06
9.044551478e-06
8.137980159e-06
7.231408791e-06
1.295684066e-05
1.20454084e-05
1.113397612e-05
1.02225439e-05
9.311111586e-06
8.399679348e-06
7.488247094e-06
1.312349472e-05
1.220888801e-05
1.129428128e-05
1.037967458e-05
9.465067839e-06
8.550461136e-06
7.635854443e-06
1.317767517e-05
1.226205116e-05
1.134642707e-05
1.043080305e-05
9.515178981e-06
8.59955496e-06
7.683930906e-06
1.312351187e-05
1.220890242e-05
1.129429289e-05
1.037968342e-05
9.465073918e-06
8.550464438e-06
7.635854925e-06
1.295683901e-05
1.204540674e-05
1.113397441e-05
1.022254213e-05
9.311109811e-06
8.399677517e-06
7.488245207e-06
1.267082251e-05
1.176425292e-05
1.085768335e-05
9.951113798e-06
9.04454421e-06
8.137974655e-06
7.231405099e-06
1.225970243e-05
1.135817598e-05
1.045664957e-05
9.555123135e-06
8.653596701e-06
7.75207026e-06
6.850543832e-06
1.171789448e-05
1.0819276e-05
9.920657531e-06
9.022039056e-06
8.123420571e-06
7.224802089e-06
6.326183619e-06
1.104093978e-05
1.013985238e-05
9.238764987e-06
8.337677614e-06
7.436590234e-06
6.535502826e-06
5.634415432e-06
1.022650488e-05
9.313269763e-06
8.400034654e-06
7.486799528e-06
6.573564397e-06
5.660329287e-06
4.74709416e-06
1.022527382e-05
9.313371675e-06
8.401469552e-06
7.489567419e-06
6.57766529e-06
5.665763143e-06
4.753860974e-06
1.103365918e-05
1.013585444e-05
9.23804977e-06
8.340245063e-06
7.442440375e-06
6.544635702e-06
5.646831007e-06
1.169930197e-05
1.080529114e-05
9.911280337e-06
9.017269527e-06
8.123258714e-06
7.229247896e-06
6.335237079e-06
1.22272918e-05
1.133126698e-05
1.04352422e-05
9.539217423e-06
8.64319261e-06
7.747167846e-06
6.85114304e-06
1.26246477e-05
1.172417057e-05
1.082369351e-05
9.923216436e-06
9.022739323e-06
8.122262249e-06
7.221785152e-06
1.289914275e-05
1.199417329e-05
1.108920389e-05
1.018423446e-05
9.279265017e-06
8.374295586e-06
7.469326163e-06
1.305818986e-05
1.215024695e-05
1.124230403e-05
1.033436112e-05
9.426418188e-06
8.518475296e-06
7.610532372e-06
1.310971169e-05
1.220081573e-05
1.129191968e-05
1.03830237e-05
9.474127667e-06
8.565231681e-06
7.656335662e-06
1.305820694e-05
1.21502613e-05
1.12423156e-05
1.033436996e-05
9.426424261e-06
8.518478602e-06
7.61053293e-06
1.289914113e-05
1.199417169e-05
1.108920222e-05
1.018423276e-05
9.279263305e-06
8.374293847e-06
7.46932439e-06
1.262463338e-05
1.172415809e-05
1.082368276e-05
9.923207478e-06
9.022732169e-06
8.122256869e-06
7.221781597e-06
1.222726771e-05
1.133124608e-05
1.043522448e-05
9.539202919e-06
8.643181305e-06
7.747159713e-06
6.851138119e-06
1.169927307e-05
1.080526616e-05
9.91125929e-06
9.017252374e-06
8.123245458e-06
7.22923855e-06
6.335231654e-06
1.103362737e-05
1.013582714e-05
9.238026932e-06
8.340226668e-06
7.442426444e-06
6.544626187e-06
5.64682596e-06
1.022524204e-05
9.313344618e-06
8.401447192e-06
7.489549766e-06
6.577652326e-06
5.665754879e-06
4.753857475e-06
1.022401096e-05
9.313446482e-06
8.402882055e-06
7.492317591e-06
6.58175319e-06
5.671188714e-06
4.760624247e-06
1.102634658e-05
1.013182874e-05
9.237310978e-06
8.342793128e-06
7.448275327e-06
6.553757528e-06
5.659239724e-06
1.168067957e-05
1.079127852e-05
9.901877493e-06
9.01247648e-06
8.123075459e-06
7.23367443e-06
6.344273398e-06
1.219485434e-05
1.130432924e-05
1.04138041e-05
9.523279022e-06
8.632753916e-06
7.742228827e-06
6.851703713e-06
1.257845346e-05
1.168406065e-05
1.078966786e-05
9.895275062e-06
9.000882281e-06
8.106489476e-06
7.212096678e-06
1.284143725e-05
1.194291559e-05
1.104439396e-05
1.014587228e-05
9.247350643e-06
8.348828988e-06
7.450307334e-06
1.299287549e-05
1.209157745e-05
1.119027944e-05
1.028898139e-05
9.38768336e-06
8.486385352e-06
7.585087299e-06
1.304173799e-05
1.213954967e-05
1.123736129e-05
1.033517296e-05
9.432984577e-06
8.530796234e-06
7.628607888e-06
1.299289251e-05
1.209159176e-05
1.119029097e-05
1.028899023e-05
9.387689427e-06
8.486388674e-06
7.585087926e-06
1.284143567e-05
1.1942914e-05
1.104439233e-05
1.014587067e-05
9.247349008e-06
8.348827344e-06
7.450305677e-06
1.257843921e-05
1.168404824e-05
1.07896572e-05
9.895266223e-06
9.000875249e-06
8.106484227e-06
7.212093244e-06
1.219483033e-05
1.130430844e-05
1.041378652e-05
9.523264618e-06
8.632742742e-06
7.74222082e-06
6.851698911e-06
1.168065071e-05
1.079125363e-05
9.901856515e-06
9.012459396e-06
8.123062292e-06
7.233665176e-06
6.344268052e-06
1.102631481e-05
1.013180148e-05
9.237288123e-06
8.342774766e-06
7.448261398e-06
6.553748056e-06
5.659234707e-06
1.022397916e-05
9.31341943e-06
8.402859698e-06
7.492299978e-06
6.581740226e-06
5.67118048e-06
4.760620754e-06
1.022274809e-05
9.313521348e-06
8.404294587e-06
7.495067823e-06
6.585841089e-06
5.676614288e-06
4.767387565e-06
1.101903387e-05
1.012780268e-05
9.23657149e-06
8.345340306e-06
7.454109107e-06
6.562877903e-06
5.671646706e-06
1.166205634e-05
1.07772633e-05
9.892470238e-06
9.007677246e-06
8.122884187e-06
7.238091165e-06
6.353298144e-06
1.216241436e-05
1.12773838e-05
1.039235321e-05
9.50732265e-06
8.622292087e-06
7.737261511e-06
6.852230963e-06
1.253225429e-05
1.164393581e-05
1.075561734e-05
9.86729886e-06
8.978980381e-06
8.090661893e-06
7.202343421e-06
1.278372427e-05
1.189163534e-05
1.099954642e-05
1.010745747e-05
9.215368537e-06
8.323279601e-06
7.431190677e-06
1.29275517e-05
1.203287964e-05
1.113820759e-05
1.024353549e-05
9.348863429e-06
8.454191356e-06
7.559519276e-06
1.297375415e-05
1.207825309e-05
1.118275197e-05
1.028725089e-05
9.391749799e-06
8.496248695e-06
7.600747613e-06
1.292756864e-05
1.203289391e-05
1.113821907e-05
1.02435443e-05
9.348869525e-06
8.454194716e-06
7.559519949e-06
1.278372271e-05
1.189163381e-05
1.099954483e-05
1.010745591e-05
9.21536699e-06
8.323278058e-06
7.431189117e-06
1.253224013e-05
1.164392347e-05
1.075560677e-05
9.86729012e-06
8.978973464e-06
8.090656793e-06
7.20234011e-06
1.216239043e-05
1.127736309e-05
1.039233573e-05
9.507308366e-06
8.622281014e-06
7.737253638e-06
6.852226277e-06
1.166202754e-05
1.077723845e-05
9.89244931e-06
9.007660215e-06
8.122871096e-06
7.238081999e-06
6.353292897e-06
1.101900218e-05
1.012777543e-05
9.236548689e-06
8.345321958e-06
7.454095195e-06
6.562868474e-06
5.671641739e-06
1.022271633e-05
9.313494261e-06
8.404272239e-06
7.495050187e-06
6.585828136e-06
5.676606101e-06
4.767384046e-06
1.022148526e-05
9.313596251e-06
8.405707149e-06
7.497818107e-06
6.589929005e-06
5.682039917e-06
4.774150882e-06
1.101172108e-05
1.012377625e-05
9.235831372e-06
8.347886547e-06
7.459941698e-06
6.57199682e-06
5.684051969e-06
1.164343226e-05
1.076324544e-05
9.883058581e-06
9.002871771e-06
8.122684924e-06
7.242498104e-06
6.362311275e-06
1.212997185e-05
1.125043067e-05
1.037088949e-05
9.491348311e-06
8.611807123e-06
7.732265943e-06
6.852724776e-06
1.24860502e-05
1.160379604e-05
1.072154193e-05
9.83928778e-06
8.957033648e-06
8.074779512e-06
7.192525384e-06
1.272600383e-05
1.184033255e-05
1.095466127e-05
1.006898997e-05
9.183318722e-06
8.297647432e-06
7.411976177e-06
1.286221852e-05
1.19741535e-05
1.108608847e-05
1.01980234e-05
9.309958381e-06
8.421893346e-06
7.533828311e-06
1.290576017e-05
1.201692598e-05
1.112809173e-05
1.023925751e-05
9.350423306e-06
8.461589076e-06
7.572754858e-06
1.286223539e-05
1.197416769e-05
1.108609993e-05
1.01980322e-05
9.309964494e-06
8.421896741e-06
7.533829022e-06
1.272600229e-05
1.184033103e-05
1.095465976e-05
1.00689885e-05
9.183317243e-06
8.297645983e-06
7.41197472e-06
1.24860361e-05
1.160378379e-05
1.072153148e-05
9.839279148e-06
8.957026839e-06
8.074774524e-06
7.192522207e-06
1.212994802e-05
1.125041006e-05
1.037087209e-05
9.491334127e-06
8.611796148e-06
7.732258198e-06
6.852720223e-06
1.164340353e-05
1.076322059e-05
9.883037716e-06
9.002854827e-06
8.122671912e-06
7.242489028e-06
6.362306143e-06
1.101168944e-05
1.0123749e-05
9.235808644e-06
8.347868233e-06
7.459927837e-06
6.571987425e-06
5.684047052e-06
1.022145353e-05
9.313569151e-06
8.405684791e-06
7.497800441e-06
6.589916075e-06
5.682031727e-06
4.774147357e-06
1.022022201e-05
9.313670677e-06
8.407119342e-06
7.500568008e-06
6.594016639e-06
5.687465285e-06
4.780913952e-06
1.100440767e-05
1.011974894e-05
9.23509021e-06
8.35043146e-06
7.465772726e-06
6.581113973e-06
5.696455237e-06
1.162480672e-05
1.074922436e-05
9.873641983e-06
8.998059601e-06
8.122477244e-06
7.24689487e-06
6.371312502e-06
1.209752622e-05
1.12234693e-05
1.034941242e-05
9.475355502e-06
8.601298607e-06
7.727241709e-06
6.853184817e-06
1.243984054e-05
1.15636408e-05
1.068744108e-05
9.811241348e-06
8.93504163e-06
8.058841924e-06
7.182642187e-06
1.266827527e-05
1.178900662e-05
1.090973798e-05
1.003046934e-05
9.151200711e-06
8.271932089e-06
7.392663448e-06
1.279687529e-05
1.191539841e-05
1.103392152e-05
1.015244465e-05
9.270967761e-06
8.389490894e-06
7.508014005e-06
1.283775539e-05
1.195556773e-05
1.107337999e-05
1.019119232e-05
9.309004642e-06
8.42681694e-06
7.54462924e-06
1.279689208e-05
1.191541254e-05
1.103393297e-05
1.015245342e-05
9.27097388e-06
8.389494315e-06
7.508014765e-06
1.266827375e-05
1.178900511e-05
1.090973655e-05
1.003046793e-05
9.151199314e-06
8.271930708e-06
7.392662108e-06
1.24398265e-05
1.156362862e-05
1.068743074e-05
9.81123283e-06
8.935034931e-06
8.058837039e-06
7.182639161e-06
1.209750246e-05
1.122344879e-05
1.034939509e-05
9.47534143e-06
8.601287745e-06
7.727234088e-06
6.853180394e-06
1.162477806e-05
1.074919958e-05
9.87362118e-06
8.998042764e-06
8.122464318e-06
7.246885902e-06
6.371307465e-06
1.100437602e-05
1.011972173e-05
9.235067492e-06
8.350413194e-06
7.465758906e-06
6.581104626e-06
5.696450352e-06
1.022019023e-05
9.313643622e-06
8.407096989e-06
7.500550361e-06
6.594003698e-06
5.687457086e-06
4.78091045e-06
1.021895954e-05
9.313745862e-06
8.408532162e-06
7.503318489e-06
6.59810478e-06
5.692891088e-06
4.787677406e-06
1.099709498e-05
1.011572202e-05
9.234349077e-06
8.352976105e-06
7.471603131e-06
6.590230173e-06
5.708857205e-06
1.160618118e-05
1.073520143e-05
9.864221679e-06
8.993241897e-06
8.122262159e-06
7.251282377e-06
6.38030263e-06
1.206507894e-05
1.119650109e-05
1.032792327e-05
9.45934542e-06
8.590767601e-06
7.722189751e-06
6.853611936e-06
1.239362687e-05
1.152347148e-05
1.065331614e-05
9.783160806e-06
8.913005437e-06
8.042850106e-06
7.172694751e-06
1.261054014e-05
1.173765903e-05
1.086477788e-05
9.991896802e-06
9.119015644e-06
8.246134563e-06
7.37325343e-06
1.273152357e-05
1.185661587e-05
1.098170812e-05
1.010680047e-05
9.231892731e-06
8.35698502e-06
7.482077301e-06
1.276974141e-05
1.189417983e-05
1.101861815e-05
1.014305657e-05
9.267494961e-06
8.391933333e-06
7.516371707e-06
1.27315403e-05
1.185662995e-05
1.098171956e-05
1.010680919e-05
9.231898856e-06
8.35698848e-06
7.482078106e-06
1.261053866e-05
1.173765755e-05
1.086477651e-05
9.991895425e-06
9.119014349e-06
8.246133272e-06
7.373252187e-06
1.23936129e-05
1.152345941e-05
1.065330589e-05
9.783152376e-06
8.912998854e-06
8.042845356e-06
7.172691851e-06
1.206505526e-05
1.119648067e-05
1.032790605e-05
9.459331465e-06
8.590756847e-06
7.722182254e-06
6.853607641e-06
1.160615258e-05
1.073517675e-05
9.864200938e-06
8.993225126e-06
8.1222493e-06
7.251273497e-06
6.380297674e-06
1.099706333e-05
1.011569485e-05
9.234326369e-06
8.352957886e-06
7.471589343e-06
6.590220847e-06
5.708852369e-06
1.021892775e-05
9.313718797e-06
8.408509821e-06
7.503300851e-06
6.598091857e-06
5.692882874e-06
4.787673916e-06
1.021769666e-05
9.313820681e-06
8.40994468e-06
7.506068689e-06
6.602192681e-06
5.698316667e-06
4.794440695e-06
1.098978172e-05
1.011169431e-05
9.233606905e-06
8.355519468e-06
7.477432046e-06
6.599344633e-06
5.7212572e-06
1.15875543e-05
1.072117541e-05
9.854796519e-06
8.988417598e-06
8.122038699e-06
7.255659809e-06
6.389280895e-06
1.203262865e-05
1.116952471e-05
1.030642086e-05
9.443316964e-06
8.580213092e-06
7.717109189e-06
6.854005331e-06
1.234740771e-05
1.148328676e-05
1.061916588e-05
9.755044953e-06
8.890924045e-06
8.026803125e-06
7.162682231e-06
1.2552797e-05
1.168628837e-05
1.081977975e-05
9.953271145e-06
9.086762495e-06
8.220253892e-06
7.353745251e-06
1.266616191e-05
1.179780447e-05
1.092944704e-05
1.006108964e-05
9.192732189e-06
8.324374775e-06
7.456017328e-06
1.270171675e-05
1.183276087e-05
1.096380494e-05
1.009484906e-05
9.225893158e-06
8.356937287e-06
7.487981371e-06
1.266617856e-05
1.179781852e-05
1.092945841e-05
1.006109837e-05
9.192738307e-06
8.32437827e-06
7.456018186e-06
1.255279556e-05
1.168628695e-05
1.081977839e-05
9.953269841e-06
9.086761259e-06
8.220252702e-06
7.353744126e-06
1.234739383e-05
1.148327476e-05
1.061915572e-05
9.755036641e-06
8.890917579e-06
8.026798515e-06
7.162679466e-06
1.203260503e-05
1.116950441e-05
1.030640375e-05
9.4433031e-06
8.580202455e-06
7.717101811e-06
6.854001169e-06
1.158752575e-05
1.072115082e-05
9.85477585e-06
8.98840088e-06
8.122025935e-06
7.255650987e-06
6.389276039e-06
1.098975009e-05
1.011166715e-05
9.233584208e-06
8.355501275e-06
7.47741832e-06
6.599335357e-06
5.72125241e-06
1.02176649e-05
9.313793609e-06
8.409922308e-06
7.506051035e-06
6.602179757e-06
5.698308464e-06
4.794437176e-06
1.021643338e-05
9.313895128e-06
8.411356873e-06
7.508818581e-06
6.606280336e-06
5.703742039e-06
4.801203772e-06
1.09824679e-05
1.010766581e-05
9.232863692e-06
8.358061564e-06
7.48325946e-06
6.608457364e-06
5.733655245e-06
1.156892611e-05
1.07071463e-05
9.845366505e-06
8.983586705e-06
8.121806885e-06
7.260027113e-06
6.39824732e-06
1.200017529e-05
1.114254021e-05
1.028490518e-05
9.427270129e-06
8.569635067e-06
7.712000027e-06
6.854364997e-06
1.230118308e-05
1.144308665e-05
1.058499027e-05
9.726893832e-06
8.868797434e-06
8.010701016e-06
7.152604617e-06
1.249504585e-05
1.163489467e-05
1.077474357e-05
9.91459239e-06
9.054441251e-06
8.194290086e-06
7.334138942e-06
1.260079031e-05
1.173896423e-05
1.087713824e-05
1.00153122e-05
9.153486164e-06
8.291660133e-06
7.429834103e-06
1.26336814e-05
1.177131087e-05
1.090894035e-05
1.004656981e-05
9.184199284e-06
8.321828771e-06
7.459458246e-06
1.260080686e-05
1.173897825e-05
1.087714956e-05
1.001532093e-05
9.153492274e-06
8.291663656e-06
7.429835011e-06
1.249504443e-05
1.163489333e-05
1.077474224e-05
9.914591162e-06
9.054440077e-06
8.194288993e-06
7.33413792e-06
1.230116929e-05
1.144307472e-05
1.05849802e-05
9.726885623e-06
8.868791082e-06
8.010696531e-06
7.152601993e-06
1.200015175e-05
1.114251997e-05
1.028488817e-05
9.427256364e-06
8.569624571e-06
7.711992766e-06
6.854360967e-06
1.156889759e-05
1.070712177e-05
9.845345901e-06
8.983570061e-06
8.121794228e-06
7.260018383e-06
6.398242542e-06
1.09824363e-05
1.010763869e-05
9.232841037e-06
8.358043393e-06
7.483245784e-06
6.60844814e-06
5.733650467e-06
1.021640163e-05
9.313868059e-06
8.4113345e-06
7.508800942e-06
6.606267389e-06
5.703733828e-06
4.801200257e-06
1.021540583e-05
9.314181584e-06
8.412957332e-06
7.511733075e-06
6.610508849e-06
5.709284575e-06
4.808060315e-06
1.097598162e-05
1.010438428e-05
9.232786913e-06
8.361189535e-06
7.489592165e-06
6.617994806e-06
5.746397443e-06
1.155205099e-05
1.069470257e-05
9.837354184e-06
8.980005785e-06
8.122657375e-06
7.265308984e-06
6.407960605e-06
1.197095361e-05
1.111847825e-05
1.026600289e-05
9.413527516e-06
8.561052141e-06
7.708576781e-06
6.85610141e-06
1.226040393e-05
1.140780737e-05
1.055521082e-05
9.702614243e-06
8.8500177e-06
7.997421143e-06
7.144824572e-06
1.244580193e-05
1.15911825e-05
1.07365631e-05
9.881943679e-06
9.027324268e-06
8.172704868e-06
7.318085452e-06
1.254794463e-05
1.169142349e-05
1.083490238e-05
9.978381248e-06
9.121860138e-06
8.265339005e-06
7.408817905e-06
1.258059182e-05
1.172332862e-05
1.086606543e-05
1.000880222e-05
9.151539057e-06
8.294275833e-06
7.437012684e-06
1.25479606e-05
1.169143697e-05
1.083491327e-05
9.978389623e-06
9.121865946e-06
8.265342284e-06
7.408818641e-06
1.244579996e-05
1.159118068e-05
1.073656143e-05
9.881942125e-06
9.027322848e-06
8.172703581e-06
7.318084302e-06
1.226038964e-05
1.140779499e-05
1.05552004e-05
9.702605725e-06
8.850011104e-06
7.997416483e-06
7.144821839e-06
1.197092962e-05
1.111845758e-05
1.026598553e-05
9.413513453e-06
8.561041412e-06
7.70856935e-06
6.856097279e-06
1.155202198e-05
1.069467761e-05
9.83733321e-06
8.979988834e-06
8.122644477e-06
7.265300087e-06
6.40795571e-06
1.097594963e-05
1.01043568e-05
9.232763924e-06
8.361171094e-06
7.489578237e-06
6.617985397e-06
5.746392536e-06
1.021537387e-05
9.314154344e-06
8.412934819e-06
7.511715324e-06
6.610495796e-06
5.709276276e-06
4.808056745e-06
1.023813478e-05
9.312832092e-06
8.387529408e-06
7.462226723e-06
6.536924021e-06
5.611621365e-06
4.686318656e-06
1.110759202e-05
1.017682214e-05
9.246052289e-06
8.315282406e-06
7.384512501e-06
6.453742654e-06
5.522972776e-06
1.188720203e-05
1.094682548e-05
1.0006449e-05
9.066072507e-06
8.125695958e-06
7.185319488e-06
6.244942979e-06
1.255472467e-05
1.160310746e-05
1.065149029e-05
9.699873096e-06
8.748255865e-06
7.796638702e-06
6.845021508e-06
1.309176745e-05
1.212936528e-05
1.11669631e-05
1.020456093e-05
9.242158759e-06
8.279756588e-06
7.317354431e-06
1.348440838e-05
1.251328253e-05
1.154215663e-05
1.057103076e-05
9.599904911e-06
8.628779016e-06
7.657653154e-06
1.37236599e-05
1.274694542e-05
1.177023087e-05
1.079351635e-05
9.816801846e-06
8.840087329e-06
7.8633728e-06
1.380434497e-05
1.282568773e-05
1.184703043e-05
1.086837316e-05
9.889715909e-06
8.91105863e-06
7.932401373e-06
1.372367722e-05
1.274695979e-05
1.177024237e-05
1.079352495e-05
9.816807528e-06
8.840090069e-06
7.863372683e-06
1.348440589e-05
1.251327989e-05
1.154215397e-05
1.0571028e-05
9.599902015e-06
8.628776052e-06
7.657650084e-06
1.309175171e-05
1.21293513e-05
1.116695091e-05
1.020455046e-05
9.242150052e-06
8.279749642e-06
7.317349194e-06
1.255469906e-05
1.160308506e-05
1.065147107e-05
9.699857029e-06
8.748243042e-06
7.79662903e-06
6.845014997e-06
1.188717183e-05
1.094679927e-05
1.000642671e-05
9.066054083e-06
8.125681532e-06
7.185308949e-06
6.244936347e-06
1.11075594e-05
1.017679403e-05
9.246028635e-06
8.315263238e-06
7.384497851e-06
6.453732448e-06
5.522967062e-06
1.023810266e-05
9.31280471e-06
8.387506774e-06
7.462208831e-06
6.536910879e-06
5.611612924e-06
4.686314971e-06
1.023663984e-05
9.312698429e-06
8.388757033e-06
7.464815677e-06
6.540874278e-06
5.616932935e-06
4.69299153e-06
1.109946653e-05
1.017206779e-05
9.244669073e-06
8.317270388e-06
7.389871649e-06
6.462472975e-06
5.535074245e-06
1.186686348e-05
1.093128416e-05
9.995704911e-06
9.060125627e-06
8.124546321e-06
7.188967073e-06
6.253387769e-06
1.251911298e-05
1.157335938e-05
1.062760582e-05
9.681852243e-06
8.736098635e-06
7.79034508e-06
6.844591502e-06
1.304017128e-05
1.208448691e-05
1.112880251e-05
1.017311815e-05
9.217433756e-06
8.261749367e-06
7.306065013e-06
1.341815328e-05
1.245447629e-05
1.149079931e-05
1.052712232e-05
9.563445358e-06
8.599768346e-06
7.636091363e-06
1.364559329e-05
1.267699504e-05
1.170839678e-05
1.073979851e-05
9.771200267e-06
8.802602014e-06
7.834003748e-06
1.372101612e-05
1.27508339e-05
1.178065164e-05
1.08104694e-05
9.840287136e-06
8.870104902e-06
7.899922665e-06
1.364561096e-05
1.267700982e-05
1.17084086e-05
1.073980743e-05
9.771206233e-06
8.802605032e-06
7.834003869e-06
1.341815134e-05
1.245447421e-05
1.149079709e-05
1.052712001e-05
9.563442857e-06
8.599765725e-06
7.636088611e-06
1.304015614e-05
1.208447349e-05
1.112879082e-05
1.017310816e-05
9.217425469e-06
8.26174281e-06
7.306060111e-06
1.251908793e-05
1.157333752e-05
1.062758705e-05
9.681836611e-06
8.736086186e-06
7.790335744e-06
6.844585284e-06
1.186683376e-05
1.093125837e-05
9.995682996e-06
9.060107582e-06
8.124532199e-06
7.188956802e-06
6.253381399e-06
1.109943426e-05
1.017204001e-05
9.244645776e-06
8.317251485e-06
7.389857215e-06
6.462462942e-06
5.535068692e-06
1.023660784e-05
9.312671179e-06
8.388734533e-06
7.464797851e-06
6.54086122e-06
5.616924544e-06
4.692987899e-06
1.023537697e-05
9.312773236e-06
8.390169533e-06
7.467565884e-06
6.544962172e-06
5.6223585e-06
4.699754814e-06
1.109215514e-05
1.016804569e-05
9.24393627e-06
8.319826896e-06
7.395717436e-06
6.47160806e-06
5.547498638e-06
1.184824911e-05
1.091729568e-05
9.98634226e-06
9.055388841e-06
8.124435411e-06
7.193482007e-06
6.262528564e-06
1.248669869e-05
1.15464911e-05
1.060628354e-05
9.666075972e-06
8.725868409e-06
7.785660832e-06
6.845453274e-06
1.299402193e-05
1.204451155e-05
1.109500123e-05
1.014549084e-05
9.195980523e-06
8.24647014e-06
7.296959821e-06
1.336051555e-05
1.240342182e-05
1.144632817e-05
1.048923444e-05
9.532140758e-06
8.575047062e-06
7.617953367e-06
1.358036408e-05
1.261858097e-05
1.165679789e-05
1.069501477e-05
9.733231681e-06
8.771448613e-06
7.809665502e-06
1.365313415e-05
1.268984307e-05
1.172655192e-05
1.076326082e-05
9.799969676e-06
8.836678593e-06
7.873387454e-06
1.358038165e-05
1.261859571e-05
1.165680966e-05
1.069502369e-05
9.733237662e-06
8.771451668e-06
7.809665658e-06
1.33605136e-05
1.240341983e-05
1.144632599e-05
1.048923219e-05
9.532138361e-06
8.57504453e-06
7.617950722e-06
1.299400685e-05
1.204449827e-05
1.10949896e-05
1.014548098e-05
9.195972343e-06
8.24646371e-06
7.29695506e-06
1.248667372e-05
1.154646935e-05
1.060626486e-05
9.666060475e-06
8.725856038e-06
7.785651625e-06
6.845447186e-06
1.184821948e-05
1.091726995e-05
9.986320402e-06
9.055370907e-06
8.124421352e-06
7.193471842e-06
6.262522291e-06
1.10921229e-05
1.016801793e-05
9.243913015e-06
8.31980803e-06
7.395703053e-06
6.471598075e-06
5.547493114e-06
1.023534497e-05
9.312745969e-06
8.390147039e-06
7.467548044e-06
6.544949111e-06
5.622350105e-06
4.699751179e-06
1.023411401e-05
9.312848008e-06
8.391582018e-06
7.470316055e-06
6.549050061e-06
5.62778406e-06
4.706518077e-06
1.108484358e-05
1.016402317e-05
9.243202805e-06
8.322382416e-06
7.401561988e-06
6.480741635e-06
5.559921256e-06
1.182963379e-05
1.090330445e-05
9.976975096e-06
9.050645769e-06
8.124316432e-06
7.197987085e-06
6.271657755e-06
1.245428178e-05
1.151961507e-05
1.058494836e-05
9.650281657e-06
8.715614964e-06
7.780948244e-06
6.846281568e-06
1.294786755e-05
1.200452121e-05
1.106117494e-05
1.011782864e-05
9.174482364e-06
8.231136048e-06
7.287789789e-06
1.330287022e-05
1.235234475e-05
1.140181932e-05
1.045129383e-05
9.500768375e-06
8.550242922e-06
7.599717474e-06
1.351512533e-05
1.256013848e-05
1.160515164e-05
1.065016479e-05
9.69517794e-06
8.740191095e-06
7.785204253e-06
1.358524195e-05
1.262882161e-05
1.167240119e-05
1.071598085e-05
9.759560464e-06
8.803140093e-06
7.846719722e-06
1.351514284e-05
1.256015315e-05
1.160516338e-05
1.065017369e-05
9.695183913e-06
8.740194188e-06
7.785204448e-06
1.330286831e-05
1.235234277e-05
1.14018172e-05
1.045129163e-05
9.500766059e-06
8.550240489e-06
7.599714932e-06
1.294785254e-05
1.200450801e-05
1.106116343e-05
1.011781886e-05
9.174474314e-06
8.231129736e-06
7.287785172e-06
1.24542569e-05
1.151959338e-05
1.05849298e-05
9.650266278e-06
8.715602712e-06
7.780939163e-06
6.846275609e-06
1.182960424e-05
1.09032788e-05
9.976953339e-06
9.050627903e-06
8.124302447e-06
7.197977015e-06
6.271651548e-06
1.108481139e-05
1.016399546e-05
9.243179526e-06
8.322363568e-06
7.401547657e-06
6.480731712e-06
5.559915776e-06
1.023408202e-05
9.312820735e-06
8.391559495e-06
7.470298228e-06
6.549036974e-06
5.627775676e-06
4.706514449e-06
1.023285115e-05
9.312922855e-06
8.392994547e-06
7.473066276e-06
6.553137968e-06
5.633209661e-06
4.713281364e-06
1.107753196e-05
1.016000032e-05
9.242468695e-06
8.324937061e-06
7.407405428e-06
6.489873803e-06
5.572342175e-06
1.181101767e-05
1.088931063e-05
9.967603557e-06
9.045896507e-06
8.124189466e-06
7.202482415e-06
6.28077536e-06
1.24218624e-05
1.14927314e-05
1.056360039e-05
9.634469412e-06
8.705338419e-06
7.776207423e-06
6.847076437e-06
1.290170827e-05
1.196451602e-05
1.102732381e-05
1.009013163e-05
9.152939392e-06
8.215747181e-06
7.27855499e-06
1.324521749e-05
1.230124517e-05
1.13572729e-05
1.041330063e-05
9.469328318e-06
8.525356045e-06
7.58138376e-06
1.344987725e-05
1.25016677e-05
1.155345816e-05
1.060524867e-05
9.65703912e-06
8.708829608e-06
7.760620075e-06
1.351733965e-05
1.256776965e-05
1.16181996e-05
1.066862961e-05
9.719059578e-06
8.769489548e-06
7.81991955e-06
1.344989468e-05
1.250168232e-05
1.15534699e-05
1.060525753e-05
9.657045112e-06
8.708832715e-06
7.760620327e-06
1.32452156e-05
1.230124325e-05
1.135727083e-05
1.041329849e-05
9.469326077e-06
8.525353694e-06
7.581381322e-06
1.290169335e-05
1.196450289e-05
1.10273124e-05
1.009012196e-05
9.152931468e-06
8.215740982e-06
7.278550525e-06
1.242183759e-05
1.149270977e-05
1.056358194e-05
9.634454133e-06
8.705326291e-06
7.776198451e-06
6.847070632e-06
1.18109882e-05
1.088928506e-05
9.967581876e-06
9.045878731e-06
8.124175577e-06
7.202472415e-06
6.280769274e-06
1.10774998e-05
1.015997265e-05
9.242445456e-06
8.324918242e-06
7.40739109e-06
6.489863915e-06
5.572336741e-06
1.023281916e-05
9.312895607e-06
8.39297203e-06
7.473048456e-06
6.5531249e-06
5.633201309e-06
4.713277737e-06
1.02315883e-05
9.312997643e-06
8.394407061e-06
7.475816454e-06
6.557225832e-06
5.638635243e-06
4.720044632e-06
1.107022017e-05
1.015597703e-05
9.241733867e-06
8.327490741e-06
7.413247612e-06
6.499004482e-06
5.584761338e-06
1.179240063e-05
1.087531411e-05
9.958227517e-06
9.041140987e-06
8.124054419e-06
7.206967894e-06
6.289881321e-06
1.238944037e-05
1.146583996e-05
1.054223952e-05
9.618639115e-06
8.695038681e-06
7.77143827e-06
6.847837823e-06
1.285554395e-05
1.192449582e-05
1.099344773e-05
1.006239963e-05
9.131351539e-06
8.200303445e-06
7.269255359e-06
1.318755717e-05
1.225012297e-05
1.13126888e-05
1.037525466e-05
9.437820478e-06
8.500386321e-06
7.562952145e-06
1.338461963e-05
1.24431685e-05
1.150171736e-05
1.056026627e-05
9.618815134e-06
8.677364027e-06
7.735912886e-06
1.344942709e-05
1.250668705e-05
1.156394703e-05
1.062120695e-05
9.678466916e-06
8.735726867e-06
7.792986818e-06
1.338463699e-05
1.244318305e-05
1.150172909e-05
1.05602751e-05
9.618821131e-06
8.677367168e-06
7.735913185e-06
1.318755529e-05
1.225012109e-05
1.131268681e-05
1.037525258e-05
9.437818318e-06
8.500384067e-06
7.562949815e-06
1.285552911e-05
1.192448278e-05
1.099343642e-05
1.006239007e-05
9.131343727e-06
8.200297366e-06
7.269251027e-06
1.238941567e-05
1.146581843e-05
1.054222116e-05
9.618623911e-06
8.695026676e-06
7.771429407e-06
6.847832174e-06
1.17923712e-05
1.087528857e-05
9.958205899e-06
9.04112328e-06
8.124040632e-06
7.206957979e-06
6.289875351e-06
1.107018804e-05
1.015594937e-05
9.241710701e-06
8.327471996e-06
7.413233306e-06
6.498994627e-06
5.584755954e-06
1.02315563e-05
9.312970413e-06
8.39438454e-06
7.475798657e-06
6.557212771e-06
5.638626887e-06
4.72004101e-06
1.023032541e-05
9.313072468e-06
8.39581956e-06
7.478566645e-06
6.561313717e-06
5.644060827e-06
4.726807901e-06
1.106290825e-05
1.015195333e-05
9.240998384e-06
8.330043496e-06
7.41908858e-06
6.508133672e-06
5.597178743e-06
1.177378271e-05
1.086131489e-05
9.948847023e-06
9.036379196e-06
8.12391137e-06
7.211443539e-06
6.298975692e-06
1.235701578e-05
1.143894079e-05
1.052086578e-05
9.602790794e-06
8.684715777e-06
7.766640778e-06
6.848565778e-06
1.280937462e-05
1.188446069e-05
1.095954672e-05
1.003463276e-05
9.109718827e-06
8.184804863e-06
7.259890923e-06
1.312988929e-05
1.219897821e-05
1.126806708e-05
1.033715597e-05
9.406244879e-06
8.475333775e-06
7.544422662e-06
1.331935254e-05
1.23846409e-05
1.144992928e-05
1.051521763e-05
9.580506009e-06
8.645794372e-06
7.711082725e-06
1.338150434e-05
1.244557388e-05
1.150964348e-05
1.057371296e-05
9.637782504e-06
8.701852062e-06
7.765921576e-06
1.331936985e-05
1.23846554e-05
1.144994096e-05
1.051522646e-05
9.58051201e-06
8.645797551e-06
7.711083062e-06
1.312988747e-05
1.219897633e-05
1.126806514e-05
1.033715398e-05
9.406242801e-06
8.47533161e-06
7.544420444e-06
1.28093599e-05
1.18844477e-05
1.095953551e-05
1.003462331e-05
9.109711114e-06
8.184798911e-06
7.259886734e-06
1.235699118e-05
1.143891936e-05
1.052084755e-05
9.602775693e-06
8.684703889e-06
7.766632054e-06
6.848560242e-06
1.17737533e-05
1.086128941e-05
9.948825479e-06
9.036361559e-06
8.12389765e-06
7.211433724e-06
6.298969798e-06
1.106287615e-05
1.015192569e-05
9.240975267e-06
8.330024795e-06
7.419074321e-06
6.508123864e-06
5.597173427e-06
1.023029344e-05
9.313045226e-06
8.395797028e-06
7.478548868e-06
6.561300659e-06
5.644052449e-06
4.726804292e-06
1.022906252e-05
9.313147293e-06
8.397232046e-06
7.481316831e-06
6.565401616e-06
5.649486409e-06
4.733571159e-06
1.10555962e-05
1.014792921e-05
9.240262247e-06
8.332595305e-06
7.424928343e-06
6.517261388e-06
5.60959443e-06
1.175516388e-05
1.084731295e-05
9.939462066e-06
9.031611157e-06
8.123760271e-06
7.215909355e-06
6.308058453e-06
1.232458866e-05
1.141203391e-05
1.049947918e-05
9.586924451e-06
8.674369727e-06
7.761814986e-06
6.849260271e-06
1.276320035e-05
1.184441058e-05
1.092562076e-05
1.000683101e-05
9.088041232e-06
8.169251445e-06
7.250461678e-06
1.307221391e-05
1.214781084e-05
1.12234077e-05
1.029900462e-05
9.374601517e-06
8.450198417e-06
7.52579531e-06
1.3254076e-05
1.232608495e-05
1.139809388e-05
1.04701028e-05
9.542111729e-06
8.614120657e-06
7.686129575e-06
1.331357142e-05
1.238443015e-05
1.145528891e-05
1.052614765e-05
9.597006354e-06
8.66786511e-06
7.738723833e-06
1.325409326e-05
1.232609939e-05
1.139810551e-05
1.047011164e-05
9.542117737e-06
8.614123863e-06
7.686129968e-06
1.307221212e-05
1.2147809e-05
1.12234058e-05
1.029900268e-05
9.374599512e-06
8.450196353e-06
7.525793196e-06
1.276318569e-05
1.184439766e-05
1.092560965e-05
1.000682166e-05
9.088033649e-06
8.169245618e-06
7.250457632e-06
1.232456411e-05
1.141201256e-05
1.049946104e-05
9.586909485e-06
8.67435795e-06
7.761806387e-06
6.849254854e-06
1.175513454e-05
1.084728758e-05
9.939440604e-06
9.031593604e-06
8.12374662e-06
7.215899628e-06
6.308052649e-06
1.105556412e-05
1.014790163e-05
9.240239132e-06
8.332576628e-06
7.424914125e-06
6.517251616e-06
5.609589145e-06
1.022903054e-05
9.313120063e-06
8.397209526e-06
7.481299066e-06
6.565388583e-06
5.649478039e-06
4.733567568e-06
1.022779964e-05
9.313222099e-06
8.398644561e-06
7.484067035e-06
6.56948953e-06
5.65491199e-06
4.740334443e-06
1.1048284e-05
1.01439047e-05
9.239525436e-06
8.335146165e-06
7.430766894e-06
6.526387619e-06
5.622008372e-06
1.173654414e-05
1.083330836e-05
9.930072636e-06
9.026836882e-06
8.123601117e-06
7.220365345e-06
6.317129588e-06
1.229215895e-05
1.13851193e-05
1.047807971e-05
9.57104011e-06
8.664000518e-06
7.7569609e-06
6.84992131e-06
1.271702108e-05
1.180434549e-05
1.089166991e-05
9.978994346e-06
9.066318777e-06
8.153643192e-06
7.240967627e-06
1.3014531e-05
1.209662086e-05
1.117871069e-05
1.026080056e-05
9.342890394e-06
8.424980255e-06
7.507070089e-06
1.318879004e-05
1.22675006e-05
1.134621117e-05
1.042492175e-05
9.503632313e-06
8.582342896e-06
7.661053445e-06
1.324562831e-05
1.232325584e-05
1.140088339e-05
1.047851097e-05
9.556138478e-06
8.633766035e-06
7.711393579e-06
1.318880721e-05
1.226751498e-05
1.134622277e-05
1.042493058e-05
9.503638323e-06
8.582346115e-06
7.661053884e-06
1.301452925e-05
1.209661905e-05
1.117870886e-05
1.026079868e-05
9.342888469e-06
8.424978298e-06
7.507068074e-06
1.271700649e-05
1.180433269e-05
1.08916589e-05
9.978985098e-06
9.066311301e-06
8.153637499e-06
7.240963707e-06
1.229213447e-05
1.138509805e-05
1.047806165e-05
9.571025261e-06
8.663988842e-06
7.756952411e-06
6.849916028e-06
1.173651488e-05
1.083328306e-05
9.930051246e-06
9.026819395e-06
8.123587556e-06
7.220355704e-06
6.317123895e-06
1.104825195e-05
1.014387717e-05
9.239502337e-06
8.335127527e-06
7.430752735e-06
6.526377896e-06
5.622003119e-06
1.022776764e-05
9.313194895e-06
8.398622066e-06
7.484049247e-06
6.569476473e-06
5.654903632e-06
4.740330838e-06
1.022653672e-05
9.313296872e-06
8.400057028e-06
7.48681721e-06
6.573577372e-06
5.660337552e-06
4.747097715e-06
1.104097165e-05
1.013987975e-05
9.238787929e-06
8.337696076e-06
7.436604213e-06
6.535512368e-06
5.63442052e-06
1.171792348e-05
1.081930105e-05
9.920678699e-06
9.022056305e-06
8.123433894e-06
7.224811493e-06
6.326189099e-06
1.225972657e-05
1.135819691e-05
1.045666734e-05
9.555137709e-06
8.6536081e-06
7.752078462e-06
6.850548872e-06
1.267083677e-05
1.17642654e-05
1.085769411e-05
9.951122732e-06
9.044551408e-06
8.137980068e-06
7.231408741e-06
1.295684052e-05
1.204540824e-05
1.113397602e-05
1.022254375e-05
9.311111481e-06
8.399679242e-06
7.488246982e-06
1.312349457e-05
1.220888782e-05
1.129428113e-05
1.037967443e-05
9.465067718e-06
8.550461026e-06
7.635854311e-06
1.317767497e-05
1.226205091e-05
1.134642688e-05
1.043080287e-05
9.51517884e-06
8.599554813e-06
7.683930776e-06
1.312351164e-05
1.220890215e-05
1.129429269e-05
1.037968323e-05
9.465073755e-06
8.550464282e-06
7.63585479e-06
1.295683879e-05
1.204540647e-05
1.113397423e-05
1.022254194e-05
9.311109639e-06
8.399677384e-06
7.488245067e-06
1.267082225e-05
1.176425272e-05
1.085768317e-05
9.951113609e-06
9.044544035e-06
8.137974515e-06
7.231404952e-06
1.225970219e-05
1.135817578e-05
1.045664937e-05
9.555122961e-06
8.653596532e-06
7.752070126e-06
6.850543702e-06
1.171789429e-05
1.081927583e-05
9.920657372e-06
9.0220389e-06
8.123420428e-06
7.224801949e-06
6.326183492e-06
1.10409396e-05
1.013985225e-05
9.238764832e-06
8.337677475e-06
7.436590087e-06
6.53550269e-06
5.634415329e-06
1.022650476e-05
9.313269684e-06
8.400034558e-06
7.486799425e-06
6.573564332e-06
5.660329188e-06
4.747094092e-06
1.022527387e-05
9.313371713e-06
8.40146958e-06
7.489567427e-06
6.577665262e-06
5.665763143e-06
4.753861003e-06
1.103365921e-05
1.013585447e-05
9.238049822e-06
8.340245096e-06
7.442440387e-06
6.544635695e-06
5.646830989e-06
1.169930201e-05
1.080529114e-05
9.911280366e-06
9.017269515e-06
8.123258694e-06
7.22924788e-06
6.33523705e-06
1.222729171e-05
1.133126691e-05
1.043524217e-05
9.53921736e-06
8.643192578e-06
7.747167781e-06
6.851143017e-06
1.262464757e-05
1.172417046e-05
1.082369342e-05
9.923216316e-06
9.022739236e-06
8.122262157e-06
7.221785104e-06
1.28991426e-05
1.199417315e-05
1.108920375e-05
1.018423432e-05
9.279264903e-06
8.374295481e-06
7.469326059e-06
1.305818969e-05
1.215024677e-05
1.124230387e-05
1.033436097e-05
9.426418065e-06
8.518475162e-06
7.61053226e-06
1.310971149e-05
1.220081549e-05
1.12919195e-05
1.03830235e-05
9.474127525e-06
8.565231523e-06
7.656335542e-06
1.30582067e-05
1.215026106e-05
1.124231539e-05
1.033436975e-05
9.426424099e-06
8.518478458e-06
7.610532794e-06
1.289914091e-05
1.199417146e-05
1.108920202e-05
1.018423259e-05
9.279263125e-06
8.374293715e-06
7.469324261e-06
1.262463316e-05
1.172415786e-05
1.082368258e-05
9.923207292e-06
9.022731995e-06
8.12225675e-06
7.221781456e-06
1.222726747e-05
1.133124589e-05
1.043522432e-05
9.539202712e-06
8.643181143e-06
7.747159593e-06
6.851137978e-06
1.169927288e-05
1.080526599e-05
9.911259107e-06
9.017252197e-06
8.123245328e-06
7.229238443e-06
6.335231538e-06
1.103362724e-05
1.0135827e-05
9.238026781e-06
8.340226549e-06
7.44242631e-06
6.544626073e-06
5.646825841e-06
1.022524194e-05
9.313344533e-06
8.401447096e-06
7.489549651e-06
6.577652242e-06
5.665754817e-06
4.753857391e-06
1.022401097e-05
9.313446525e-06
8.402882076e-06
7.492317623e-06
6.581753142e-06
5.671188717e-06
4.760624261e-06
1.102634656e-05
1.013182876e-05
9.237310978e-06
8.342793135e-06
7.448275327e-06
6.553757511e-06
5.659239689e-06
1.168067959e-05
1.079127853e-05
9.901877529e-06
9.012476443e-06
8.123075428e-06
7.233674415e-06
6.344273356e-06
1.219485425e-05
1.130432914e-05
1.041380407e-05
9.523278966e-06
8.632753845e-06
7.742228768e-06
6.851703675e-06
1.257845334e-05
1.168406052e-05
1.078966775e-05
9.895274965e-06
9.000882161e-06
8.106489376e-06
7.212096615e-06
1.284143709e-05
1.194291542e-05
1.104439381e-05
1.014587215e-05
9.247350516e-06
8.348828882e-06
7.450307226e-06
1.29928753e-05
1.209157728e-05
1.119027928e-05
1.028898124e-05
9.387683223e-06
8.486385217e-06
7.585087188e-06
1.304173778e-05
1.213954944e-05
1.12373611e-05
1.033517276e-05
9.432984424e-06
8.530796076e-06
7.628607759e-06
1.299289226e-05
1.209159153e-05
1.119029077e-05
1.028899002e-05
9.38768927e-06
8.486388533e-06
7.585087782e-06
1.284143546e-05
1.194291379e-05
1.104439214e-05
1.014587048e-05
9.247348841e-06
8.348827202e-06
7.450305542e-06
1.257843902e-05
1.1684048e-05
1.078965704e-05
9.895266046e-06
9.000875076e-06
8.106484103e-06
7.21209311e-06
1.219483012e-05
1.130430825e-05
1.041378634e-05
9.523264447e-06
8.63274256e-06
7.742220693e-06
6.851698782e-06
1.168065054e-05
1.079125345e-05
9.901856356e-06
9.012459235e-06
8.123062163e-06
7.233665081e-06
6.344267947e-06
1.102631469e-05
1.013180132e-05
9.237288022e-06
8.342774639e-06
7.448261326e-06
6.553747951e-06
5.659234586e-06
1.022397906e-05
9.313419346e-06
8.402859617e-06
7.492299847e-06
6.58174013e-06
5.6711804e-06
4.760620659e-06
1.022274814e-05
9.313521335e-06
8.404294594e-06
7.495067829e-06
6.585841038e-06
5.676614307e-06
4.767387534e-06
1.101903388e-05
1.012780268e-05
9.236571497e-06
8.345340309e-06
7.45410908e-06
6.562877887e-06
5.67164667e-06
1.166205631e-05
1.077726328e-05
9.892470247e-06
9.007677179e-06
8.122884155e-06
7.238091122e-06
6.35329808e-06
1.216241428e-05
1.127738369e-05
1.039235315e-05
9.507322594e-06
8.622292005e-06
7.737261456e-06
6.852230905e-06
1.253225416e-05
1.164393569e-05
1.07556172e-05
9.867298753e-06
8.97898026e-06
8.0906618e-06
7.202343331e-06
1.278372411e-05
1.189163517e-05
1.099954626e-05
1.010745734e-05
9.215368391e-06
8.323279502e-06
7.431190557e-06
1.292755153e-05
1.203287946e-05
1.113820743e-05
1.024353534e-05
9.34886328e-06
8.454191231e-06
7.559519163e-06
1.297375393e-05
1.207825286e-05
1.118275178e-05
1.028725069e-05
9.391749634e-06
8.496248548e-06
7.600747475e-06
1.292756842e-05
1.203289365e-05
1.113821888e-05
1.02435441e-05
9.348869347e-06
8.454194578e-06
7.559519808e-06
1.27837225e-05
1.189163357e-05
1.099954467e-05
1.010745572e-05
9.215366828e-06
8.32327791e-06
7.431188983e-06
1.253223993e-05
1.164392325e-05
1.075560662e-05
9.867289949e-06
8.978973308e-06
8.090656649e-06
7.202339969e-06
1.216239022e-05
1.127736291e-05
1.039233554e-05
9.507308205e-06
8.622280848e-06
7.737253515e-06
6.852226154e-06
1.166202736e-05
1.07772383e-05
9.89244917e-06
9.00766008e-06
8.122870987e-06
7.238081906e-06
6.353292775e-06
1.101900203e-05
1.012777533e-05
9.236548581e-06
8.345321847e-06
7.454095125e-06
6.562868393e-06
5.671641626e-06
1.022271624e-05
9.313494197e-06
8.404272148e-06
7.495050105e-06
6.585828048e-06
5.676605996e-06
4.767383955e-06
1.022148532e-05
9.313596199e-06
8.405707165e-06
7.497818058e-06
6.589928974e-06
5.682039921e-06
4.774150835e-06
1.101172111e-05
1.012377622e-05
9.235831399e-06
8.347886539e-06
7.459941661e-06
6.5719968e-06
5.684051951e-06
1.16434322e-05
1.076324535e-05
9.883058543e-06
9.002871698e-06
8.122684877e-06
7.242498034e-06
6.362311219e-06
1.212997177e-05
1.125043057e-05
1.037088942e-05
9.491348236e-06
8.611807052e-06
7.732265864e-06
6.852724711e-06
1.248605003e-05
1.160379592e-05
1.072154178e-05
9.839287666e-06
8.957033543e-06
8.074779403e-06
7.192525279e-06
1.272600364e-05
1.184033238e-05
1.095466111e-05
1.006898985e-05
9.183318575e-06
8.297647335e-06
7.411976047e-06
1.286221835e-05
1.19741533e-05
1.10860883e-05
1.019802325e-05
9.30995823e-06
8.42189323e-06
7.533828195e-06
1.290575995e-05
1.201692573e-05
1.112809154e-05
1.023925733e-05
9.350423129e-06
8.46158894e-06
7.572754729e-06
1.286223515e-05
1.197416746e-05
1.108609973e-05
1.019803203e-05
9.309964306e-06
8.421896604e-06
7.53382888e-06
1.272600207e-05
1.184033083e-05
1.095465958e-05
1.006898833e-05
9.183317084e-06
8.297645837e-06
7.411974592e-06
1.248603591e-05
1.160378359e-05
1.072153129e-05
9.839278986e-06
8.957026697e-06
8.074774385e-06
7.192522066e-06
1.212994784e-05
1.125040988e-05
1.037087192e-05
9.491333986e-06
8.611796018e-06
7.732258073e-06
6.852720097e-06
1.164340334e-05
1.076322046e-05
9.883037572e-06
9.002854691e-06
8.122671804e-06
7.242488935e-06
6.362306031e-06
1.101168932e-05
1.012374895e-05
9.235808524e-06
8.347868154e-06
7.459927755e-06
6.57198736e-06
5.684046956e-06
1.022145346e-05
9.313569083e-06
8.405684696e-06
7.497800379e-06
6.589915996e-06
5.68203164e-06
4.77414729e-06
1.022022202e-05
9.313670654e-06
8.407119306e-06
7.500567941e-06
6.594016612e-06
5.687465277e-06
4.780913917e-06
1.100440766e-05
1.011974892e-05
9.235090218e-06
8.350431425e-06
7.465772684e-06
6.581113927e-06
5.69645521e-06
1.162480665e-05
1.074922425e-05
9.873641934e-06
8.99805954e-06
8.122477181e-06
7.2468948e-06
6.371312446e-06
1.20975261e-05
1.122346919e-05
1.034941235e-05
9.475355414e-06
8.601298517e-06
7.727241621e-06
6.853184741e-06
1.243984036e-05
1.156364064e-05
1.068744097e-05
9.811241215e-06
8.935041516e-06
8.058841791e-06
7.182642104e-06
1.266827506e-05
1.178900644e-05
1.090973783e-05
1.003046919e-05
9.151200579e-06
8.271931965e-06
7.392663331e-06
1.279687509e-05
1.191539822e-05
1.103392137e-05
1.015244447e-05
9.270967619e-06
8.389490766e-06
7.508013899e-06
1.283775515e-05
1.195556748e-05
1.107337982e-05
1.019119214e-05
9.309004465e-06
8.426816793e-06
7.544629131e-06
1.279689184e-05
1.191541232e-05
1.103393277e-05
1.015245324e-05
9.270973703e-06
8.389494178e-06
7.508014632e-06
1.266827354e-05
1.178900495e-05
1.090973636e-05
1.003046775e-05
9.15119917e-06
8.271930566e-06
7.392661982e-06
1.243982634e-05
1.156362842e-05
1.068743056e-05
9.811232661e-06
8.935034802e-06
8.058836907e-06
7.182639029e-06
1.20975023e-05
1.122344862e-05
1.034939495e-05
9.475341295e-06
8.601287627e-06
7.727233964e-06
6.853180283e-06
1.162477788e-05
1.074919947e-05
9.873621048e-06
8.998042625e-06
8.122464203e-06
7.246885802e-06
6.371307382e-06
1.100437594e-05
1.011972167e-05
9.235067381e-06
8.350413096e-06
7.465758838e-06
6.581104547e-06
5.696450278e-06
1.022019017e-05
9.313643554e-06
8.407096894e-06
7.500550279e-06
6.594003654e-06
5.687457021e-06
4.780910398e-06
1.021895952e-05
9.313745825e-06
8.408532128e-06
7.503318428e-06
6.598104765e-06
5.692891038e-06
4.787677354e-06
1.099709497e-05
1.011572199e-05
9.234349053e-06
8.352976046e-06
7.471603094e-06
6.590230107e-06
5.708857151e-06
1.160618109e-05
1.073520134e-05
9.86422162e-06
8.99324183e-06
8.122262077e-06
7.25128232e-06
6.380302553e-06
1.206507881e-05
1.119650098e-05
1.032792318e-05
9.459345329e-06
8.590767486e-06
7.722189667e-06
6.853611849e-06
1.239362667e-05
1.152347133e-05
1.0653316e-05
9.783160654e-06
8.913005314e-06
8.042849966e-06
7.172694673e-06
1.261053995e-05
1.173765883e-05
1.086477774e-05
9.991896622e-06
9.119015521e-06
8.246134424e-06
7.373253318e-06
1.273152336e-05
1.185661568e-05
1.098170798e-05
1.010680027e-05
9.231892574e-06
8.356984901e-06
7.482077184e-06
1.276974116e-05
1.189417959e-05
1.101861798e-05
1.014305638e-05
9.267494784e-06
8.391933186e-06
7.516371578e-06
1.273154006e-05
1.185662972e-05
1.098171937e-05
1.010680901e-05
9.231898678e-06
8.356988332e-06
7.482077975e-06
1.261053845e-05
1.173765738e-05
1.086477633e-05
9.991895245e-06
9.119014196e-06
8.246133133e-06
7.373252071e-06
1.239361272e-05
1.152345921e-05
1.065330573e-05
9.783152213e-06
8.912998719e-06
8.042845239e-06
7.172691725e-06
1.20650551e-05
1.119648053e-05
1.032790592e-05
9.459331315e-06
8.590756731e-06
7.722182143e-06
6.853607545e-06
1.160615242e-05
1.073517663e-05
9.864200827e-06
8.993225001e-06
8.122249214e-06
7.251273407e-06
6.380297605e-06
1.099706328e-05
1.011569478e-05
9.234326285e-06
8.352957761e-06
7.471589278e-06
6.590220787e-06
5.708852291e-06
1.021892769e-05
9.313718728e-06
8.408509759e-06
7.503300776e-06
6.598091814e-06
5.69288284e-06
4.787673866e-06
1.021769662e-05
9.313820635e-06
8.409944625e-06
7.506068624e-06
6.602192645e-06
5.698316604e-06
4.794440608e-06
1.098978169e-05
1.011169424e-05
9.233606844e-06
8.355519406e-06
7.477432011e-06
6.599344558e-06
5.721257131e-06
1.158755422e-05
1.072117532e-05
9.854796456e-06
8.988417517e-06
8.12203862e-06
7.255659735e-06
6.389280823e-06
1.20326285e-05
1.116952461e-05
1.030642075e-05
9.443316864e-06
8.580212967e-06
7.717109094e-06
6.854005228e-06
1.234740751e-05
1.148328661e-05
1.06191657e-05
9.755044816e-06
8.890923913e-06
8.026803004e-06
7.162682117e-06
1.255279681e-05
1.168628817e-05
1.081977958e-05
9.953270968e-06
9.086762359e-06
8.220253739e-06
7.35374514e-06
1.26661617e-05
1.179780429e-05
1.092944687e-05
1.006108946e-05
9.192732045e-06
8.324374629e-06
7.456017214e-06
1.270171649e-05
1.183276065e-05
1.096380474e-05
1.009484888e-05
9.225893004e-06
8.356937116e-06
7.487981241e-06
1.266617831e-05
1.179781829e-05
1.092945823e-05
1.00610982e-05
9.192738141e-06
8.324378101e-06
7.45601805e-06
1.255279534e-05
1.168628679e-05
1.081977823e-05
9.953269664e-06
9.086761107e-06
8.220252576e-06
7.353744004e-06
1.234739364e-05
1.148327459e-05
1.061915555e-05
9.755036478e-06
8.890917449e-06
8.026798412e-06
7.162679337e-06
1.203260489e-05
1.116950425e-05
1.030640363e-05
9.443302969e-06
8.580202338e-06
7.717101714e-06
6.854001066e-06
1.158752563e-05
1.072115067e-05
9.85477576e-06
8.988400791e-06
8.122025856e-06
7.255650914e-06
6.389275969e-06
1.098975005e-05
1.01116671e-05
9.233584152e-06
8.355501205e-06
7.477418235e-06
6.599335295e-06
5.721252361e-06
1.021766481e-05
9.313793556e-06
8.409922278e-06
7.506051004e-06
6.602179702e-06
5.698308412e-06
4.794437151e-06
1.021643334e-05
9.313895085e-06
8.411356784e-06
7.508818521e-06
6.606280268e-06
5.703741962e-06
4.801203708e-06
1.098246784e-05
1.010766574e-05
9.232863621e-06
8.358061494e-06
7.483259401e-06
6.608457263e-06
5.733655164e-06
1.156892601e-05
1.070714621e-05
9.845366428e-06
8.983586605e-06
8.121806817e-06
7.260027014e-06
6.398247234e-06
1.200017513e-05
1.114254009e-05
1.028490507e-05
9.427270002e-06
8.569634971e-06
7.711999907e-06
6.854364871e-06
1.230118288e-05
1.144308649e-05
1.05849901e-05
9.726893676e-06
8.868797293e-06
8.010700908e-06
7.152604476e-06
1.249504565e-05
1.163489448e-05
1.077474337e-05
9.914592221e-06
9.054441078e-06
8.194289941e-06
7.334138805e-06
1.260079007e-05
1.173896406e-05
1.087713805e-05
1.001531202e-05
9.153486018e-06
8.291659988e-06
7.429833978e-06
1.263368114e-05
1.177131065e-05
1.090894014e-05
1.004656962e-05
9.184199129e-06
8.3218286e-06
7.459458114e-06
1.260080663e-05
1.173897802e-05
1.087714938e-05
1.001532076e-05
9.153492111e-06
8.291663487e-06
7.429834874e-06
1.249504422e-05
1.163489316e-05
1.077474207e-05
9.914591009e-06
9.054439916e-06
8.194288883e-06
7.334137791e-06
1.230116913e-05
1.144307456e-05
1.058498003e-05
9.726885497e-06
8.868790961e-06
8.010696419e-06
7.152601877e-06
1.200015163e-05
1.114251982e-05
1.028488805e-05
9.427256249e-06
8.569624453e-06
7.711992664e-06
6.85436089e-06
1.156889749e-05
1.070712166e-05
9.845345813e-06
8.983569998e-06
8.121794144e-06
7.260018312e-06
6.398242491e-06
1.098243625e-05
1.010763865e-05
9.232840976e-06
8.358043375e-06
7.483245715e-06
6.608448073e-06
5.733650467e-06
1.021640154e-05
9.313868042e-06
8.411334466e-06
7.508800909e-06
6.606267351e-06
5.703733778e-06
4.801200249e-06
1.021540574e-05
9.314181483e-06
8.412957249e-06
7.511733004e-06
6.610508773e-06
5.709284495e-06
4.808060266e-06
1.09759815e-05
1.010438412e-05
9.232786761e-06
8.361189377e-06
7.489592038e-06
6.617994687e-06
5.746397335e-06
1.155205081e-05
1.069470241e-05
9.837354027e-06
8.980005654e-06
8.12265727e-06
7.265308887e-06
6.407960503e-06
1.197095345e-05
1.11184781e-05
1.026600274e-05
9.413527373e-06
8.56105202e-06
7.708576675e-06
6.856101309e-06
1.226040376e-05
1.140780722e-05
1.055521067e-05
9.702614115e-06
8.850017569e-06
7.997421044e-06
7.144824468e-06
1.244580178e-05
1.159118235e-05
1.073656296e-05
9.881943548e-06
9.027324162e-06
8.172704762e-06
7.318085351e-06
1.254794445e-05
1.169142334e-05
1.083490226e-05
9.978381109e-06
9.121860026e-06
8.265338915e-06
7.408817795e-06
1.258059164e-05
1.172332848e-05
1.086606531e-05
1.000880209e-05
9.151538943e-06
8.294275764e-06
7.437012576e-06
1.254796047e-05
1.169143682e-05
1.083491316e-05
9.978389483e-06
9.121865845e-06
8.265342193e-06
7.408818553e-06
1.244579984e-05
1.159118054e-05
1.073656129e-05
9.88194202e-06
9.027322745e-06
8.172703491e-06
7.318084222e-06
1.226038954e-05
1.140779486e-05
1.055520025e-05
9.702605653e-06
8.850011016e-06
7.997416383e-06
7.144821772e-06
1.197092954e-05
1.111845747e-05
1.026598541e-05
9.413513378e-06
8.561041327e-06
7.708569267e-06
6.856097242e-06
1.155202187e-05
1.069467752e-05
9.837333134e-06
8.979988775e-06
8.122644396e-06
7.265300022e-06
6.407955666e-06
1.097594952e-05
1.010435669e-05
9.232763827e-06
8.361171006e-06
7.489578175e-06
6.617985323e-06
5.746392513e-06
1.021537378e-05
9.314154283e-06
8.412934766e-06
7.511715254e-06
6.610495762e-06
5.709276235e-06
4.808056722e-06
1.023813479e-05
9.312832104e-06
8.387529438e-06
7.462226701e-06
6.536924022e-06
5.611621341e-06
4.68631866e-06
1.110759201e-05
1.017682212e-05
9.246052271e-06
8.315282388e-06
7.384512512e-06
6.453742641e-06
5.522972776e-06
1.188720202e-05
1.09468255e-05
1.000644903e-05
9.066072506e-06
8.125695988e-06
7.185319472e-06
6.244942978e-06
1.25547247e-05
1.160310749e-05
1.065149028e-05
9.6998731e-06
8.748255896e-06
7.796638701e-06
6.845021522e-06
1.309176746e-05
1.212936531e-05
1.116696311e-05
1.020456096e-05
9.242158773e-06
8.279756601e-06
7.317354444e-06
1.348440839e-05
1.251328256e-05
1.154215666e-05
1.05710308e-05
9.599904926e-06
8.628779039e-06
7.657653176e-06
1.372365994e-05
1.274694545e-05
1.17702309e-05
1.079351638e-05
9.816801858e-06
8.840087348e-06
7.863372815e-06
1.3804345e-05
1.282568773e-05
1.184703044e-05
1.086837317e-05
9.889715901e-06
8.911058652e-06
7.932401359e-06
1.372367725e-05
1.274695983e-05
1.177024239e-05
1.079352497e-05
9.816807529e-06
8.840090119e-06
7.863372667e-06
1.348440592e-05
1.251327995e-05
1.154215398e-05
1.057102802e-05
9.599902039e-06
8.628776069e-06
7.657650095e-06
1.309175177e-05
1.212935134e-05
1.116695093e-05
1.020455051e-05
9.242150053e-06
8.279749638e-06
7.317349228e-06
1.255469912e-05
1.160308507e-05
1.065147107e-05
9.699857055e-06
8.748243022e-06
7.796629053e-06
6.845015016e-06
1.188717191e-05
1.094679929e-05
1.000642673e-05
9.06605414e-06
8.125681547e-06
7.185308957e-06
6.244936357e-06
1.11075595e-05
1.017679404e-05
9.246028695e-06
8.315263276e-06
7.384497867e-06
6.453732464e-06
5.522967086e-06
1.023810275e-05
9.312804745e-06
8.387506817e-06
7.462208845e-06
6.536910914e-06
5.611612942e-06
4.686314985e-06
1.023663987e-05
9.312698462e-06
8.38875709e-06
7.464815656e-06
6.540874311e-06
5.616932946e-06
4.692991547e-06
1.10994666e-05
1.017206784e-05
9.244669145e-06
8.31727043e-06
7.389871683e-06
6.462472972e-06
5.535074258e-06
1.186686348e-05
1.09312842e-05
9.995704929e-06
9.060125639e-06
8.124546363e-06
7.188967071e-06
6.253387779e-06
1.251911302e-05
1.157335942e-05
1.062760584e-05
9.681852241e-06
8.736098668e-06
7.790345089e-06
6.844591513e-06
1.304017128e-05
1.208448689e-05
1.112880252e-05
1.017311813e-05
9.217433763e-06
8.26174937e-06
7.306065009e-06
1.341815325e-05
1.245447627e-05
1.149079931e-05
1.05271223e-05
9.563445347e-06
8.599768341e-06
7.636091367e-06
1.364559329e-05
1.267699502e-05
1.170839678e-05
1.073979851e-05
9.771200279e-06
8.802602001e-06
7.834003756e-06
1.372101617e-05
1.275083391e-05
1.178065167e-05
1.081046942e-05
9.840287174e-06
8.870104898e-06
7.899922656e-06
1.364561099e-05
1.26770098e-05
1.170840862e-05
1.073980744e-05
9.771206236e-06
8.80260503e-06
7.834003848e-06
1.341815135e-05
1.245447421e-05
1.149079709e-05
1.052711999e-05
9.563442842e-06
8.599765733e-06
7.636088601e-06
1.304015618e-05
1.20844735e-05
1.112879081e-05
1.017310816e-05
9.217425465e-06
8.261742799e-06
7.306060124e-06
1.251908795e-05
1.15733375e-05
1.062758706e-05
9.68183663e-06
8.736086178e-06
7.790335745e-06
6.844585303e-06
1.18668338e-05
1.093125839e-05
9.995683003e-06
9.060107615e-06
8.124532196e-06
7.1889568e-06
6.25338138e-06
1.10994343e-05
1.017204001e-05
9.244645748e-06
8.317251496e-06
7.389857211e-06
6.462462961e-06
5.535068681e-06
1.023660787e-05
9.312671161e-06
8.388734499e-06
7.46479786e-06
6.5408612e-06
5.616924545e-06
4.692987868e-06
1.023537698e-05
9.31277327e-06
8.390169571e-06
7.467565862e-06
6.544962225e-06
5.622358527e-06
4.69975482e-06
1.109215519e-05
1.016804578e-05
9.243936329e-06
8.319826916e-06
7.395717474e-06
6.471608056e-06
5.547498639e-06
1.184824912e-05
1.091729572e-05
9.986342284e-06
9.055388873e-06
8.124435435e-06
7.193482006e-06
6.262528586e-06
1.248669872e-05
1.154649114e-05
1.060628357e-05
9.666075997e-06
8.725868413e-06
7.785660855e-06
6.845453266e-06
1.29940219e-05
1.204451157e-05
1.109500123e-05
1.014549086e-05
9.195980506e-06
8.246470143e-06
7.296959809e-06
1.33605155e-05
1.240342181e-05
1.144632815e-05
1.048923444e-05
9.532140765e-06
8.575047048e-06
7.617953362e-06
1.358036406e-05
1.261858095e-05
1.165679787e-05
1.069501478e-05
9.733231702e-06
8.771448598e-06
7.809665507e-06
1.365313419e-05
1.268984307e-05
1.172655197e-05
1.076326084e-05
9.799969714e-06
8.836678579e-06
7.873387465e-06
1.35803817e-05
1.261859568e-05
1.16568097e-05
1.069502369e-05
9.733237665e-06
8.771451647e-06
7.809665659e-06
1.336051364e-05
1.240341979e-05
1.144632599e-05
1.048923217e-05
9.532138346e-06
8.575044529e-06
7.617950713e-06
1.299400691e-05
1.204449824e-05
1.10949896e-05
1.014548097e-05
9.195972349e-06
8.246463698e-06
7.296955069e-06
1.248667375e-05
1.154646931e-05
1.060626489e-05
9.666060485e-06
8.725856047e-06
7.785651612e-06
6.845447209e-06
1.184821948e-05
1.091726994e-05
9.986320442e-06
9.055370922e-06
8.124421353e-06
7.193471836e-06
6.262522288e-06
1.109212292e-05
1.016801796e-05
9.243912975e-06
8.31980802e-06
7.395703065e-06
6.471598092e-06
5.54749312e-06
1.023534497e-05
9.312745981e-06
8.390147002e-06
7.467548041e-06
6.544949092e-06
5.622350123e-06
4.699751138e-06
1.023411405e-05
9.312848056e-06
8.391582048e-06
7.470316043e-06
6.549050068e-06
5.62778407e-06
4.706518079e-06
1.10848436e-05
1.016402326e-05
9.243202827e-06
8.322382428e-06
7.401562041e-06
6.480741641e-06
5.559921268e-06
1.18296338e-05
1.09033045e-05
9.976975136e-06
9.050645804e-06
8.124316439e-06
7.197987101e-06
6.271657765e-06
1.245428183e-05
1.151961509e-05
1.058494838e-05
9.650281697e-06
8.715614953e-06
7.780948257e-06
6.846281559e-06
1.294786751e-05
1.200452124e-05
1.106117494e-05
1.011782866e-05
9.174482362e-06
8.231136046e-06
7.287789779e-06
1.330287017e-05
1.235234474e-05
1.140181929e-05
1.045129382e-05
9.500768396e-06
8.550242906e-06
7.599717462e-06
1.351512532e-05
1.256013847e-05
1.160515164e-05
1.065016478e-05
9.69517795e-06
8.740191084e-06
7.785204251e-06
1.358524199e-05
1.262882161e-05
1.167240125e-05
1.071598086e-05
9.759560479e-06
8.803140102e-06
7.846719724e-06
1.351514287e-05
1.256015315e-05
1.160516341e-05
1.065017366e-05
9.695183929e-06
8.740194189e-06
7.785204439e-06
1.330286832e-05
1.235234279e-05
1.140181719e-05
1.04512916e-05
9.500766058e-06
8.550240489e-06
7.599714913e-06
1.294785258e-05
1.2004508e-05
1.106116343e-05
1.011781886e-05
9.174474307e-06
8.231129735e-06
7.287785164e-06
1.245425693e-05
1.151959336e-05
1.058492982e-05
9.650266273e-06
8.715602705e-06
7.780939154e-06
6.846275615e-06
1.182960424e-05
1.090327879e-05
9.97695336e-06
9.050627901e-06
8.124302443e-06
7.197977011e-06
6.271651562e-06
1.108481139e-05
1.016399545e-05
9.243179518e-06
8.322363578e-06
7.401547655e-06
6.480731728e-06
5.559915795e-06
1.023408205e-05
9.312820754e-06
8.391559509e-06
7.47029822e-06
6.549036967e-06
5.627775709e-06
4.706514395e-06
1.02328512e-05
9.312922921e-06
8.392994596e-06
7.473066278e-06
6.553137961e-06
5.633209673e-06
4.713281363e-06
1.107753199e-05
1.016000037e-05
9.242468729e-06
8.324937095e-06
7.407405445e-06
6.48987382e-06
5.572342195e-06
1.18110177e-05
1.088931066e-05
9.967603608e-06
9.045896539e-06
8.124189478e-06
7.202482424e-06
6.280775379e-06
1.242186244e-05
1.149273141e-05
1.056360043e-05
9.634469426e-06
8.705338422e-06
7.776207414e-06
6.847076453e-06
1.290170824e-05
1.196451603e-05
1.102732381e-05
1.009013162e-05
9.15293943e-06
8.215747173e-06
7.278554995e-06
1.324521742e-05
1.230124517e-05
1.135727289e-05
1.041330059e-05
9.469328346e-06
8.525356019e-06
7.581383759e-06
1.344987721e-05
1.25016677e-05
1.155345819e-05
1.060524863e-05
9.657039145e-06
8.708829588e-06
7.760620076e-06
1.351733968e-05
1.256776968e-05
1.161819966e-05
1.066862959e-05
9.719059605e-06
8.769489557e-06
7.819919534e-06
1.344989469e-05
1.250168233e-05
1.155346993e-05
1.060525749e-05
9.657045139e-06
8.708832718e-06
7.760620309e-06
1.324521561e-05
1.230124325e-05
1.135727083e-05
1.041329845e-05
9.469326091e-06
8.525353692e-06
7.581381302e-06
1.290169339e-05
1.19645029e-05
1.102731239e-05
1.009012195e-05
9.152931461e-06
8.215740982e-06
7.278550505e-06
1.242183763e-05
1.149270978e-05
1.056358194e-05
9.634454125e-06
8.705326283e-06
7.776198443e-06
6.84707062e-06
1.181098822e-05
1.088928504e-05
9.967581878e-06
9.04587873e-06
8.124175574e-06
7.202472411e-06
6.280769271e-06
1.107749981e-05
1.01599726e-05
9.242445456e-06
8.324918265e-06
7.407391092e-06
6.489863925e-06
5.572336759e-06
1.02328192e-05
9.312895621e-06
8.392972066e-06
7.473048456e-06
6.55312488e-06
5.633201315e-06
4.713277706e-06
1.023158832e-05
9.312997731e-06
8.394407111e-06
7.475816464e-06
6.55722586e-06
5.638635251e-06
4.720044627e-06
1.107022021e-05
1.015597704e-05
9.241733919e-06
8.32749077e-06
7.413247632e-06
6.4990045e-06
5.584761347e-06
1.179240067e-05
1.087531411e-05
9.958227572e-06
9.04114101e-06
8.124054454e-06
7.206967887e-06
6.28988136e-06
1.23894404e-05
1.146583997e-05
1.054223955e-05
9.618639122e-06
8.695038691e-06
7.771438254e-06
6.847837852e-06
1.285554392e-05
1.192449583e-05
1.099344773e-05
1.006239965e-05
9.131351555e-06
8.200303436e-06
7.269255355e-06
1.318755711e-05
1.225012298e-05
1.131268878e-05
1.037525464e-05
9.437820486e-06
8.5003863e-06
7.562952145e-06
1.338461962e-05
1.244316851e-05
1.150171736e-05
1.056026624e-05
9.618815147e-06
8.677364005e-06
7.735912898e-06
1.344942713e-05
1.250668711e-05
1.156394703e-05
1.062120697e-05
9.678466944e-06
8.735726855e-06
7.792986822e-06
1.338463702e-05
1.244318306e-05
1.150172909e-05
1.05602751e-05
9.618821148e-06
8.677367152e-06
7.735913176e-06
1.318755532e-05
1.225012106e-05
1.13126868e-05
1.037525257e-05
9.437818319e-06
8.500384054e-06
7.562949797e-06
1.285552914e-05
1.192448277e-05
1.099343641e-05
1.006239009e-05
9.131343718e-06
8.200297358e-06
7.26925102e-06
1.238941569e-05
1.146581845e-05
1.054222117e-05
9.61862392e-06
8.695026667e-06
7.771429414e-06
6.847832158e-06
1.179237124e-05
1.087528859e-05
9.95820591e-06
9.04112327e-06
8.12404063e-06
7.206957979e-06
6.289875332e-06
1.107018804e-05
1.015594933e-05
9.241710683e-06
8.327472e-06
7.413233307e-06
6.49899462e-06
5.584755963e-06
1.02315563e-05
9.312970456e-06
8.394384553e-06
7.475798657e-06
6.557212751e-06
5.638626877e-06
4.720041007e-06
1.023032544e-05
9.313072515e-06
8.39581961e-06
7.478566654e-06
6.561313759e-06
5.644060831e-06
4.726807903e-06
1.10629083e-05
1.015195334e-05
9.240998448e-06
8.330043502e-06
7.419088629e-06
6.508133692e-06
5.597178757e-06
1.177378274e-05
1.086131488e-05
9.948847053e-06
9.036379213e-06
8.1239114e-06
7.211443544e-06
6.298975709e-06
1.23570158e-05
1.143894081e-05
1.052086579e-05
9.602790804e-06
8.684715798e-06
7.766640784e-06
6.848565782e-06
1.280937461e-05
1.188446067e-05
1.095954673e-05
1.003463278e-05
9.109718826e-06
8.184804862e-06
7.259890906e-06
1.312988926e-05
1.219897816e-05
1.126806706e-05
1.033715597e-05
9.406244881e-06
8.475333778e-06
7.544422651e-06
1.331935256e-05
1.238464091e-05
1.144992926e-05
1.051521763e-05
9.580506008e-06
8.645794372e-06
7.711082729e-06
1.33815044e-05
1.244557394e-05
1.150964344e-05
1.0573713e-05
9.637782532e-06
8.70185205e-06
7.76592158e-06
1.331936987e-05
1.238465543e-05
1.144994095e-05
1.051522649e-05
9.580512003e-06
8.645797534e-06
7.711083065e-06
1.312988749e-05
1.21989763e-05
1.126806515e-05
1.033715396e-05
9.406242788e-06
8.475331602e-06
7.544420437e-06
1.28093599e-05
1.188444769e-05
1.095953551e-05
1.003462332e-05
9.109711107e-06
8.18479891e-06
7.259886727e-06
1.235699119e-05
1.14389194e-05
1.052084755e-05
9.602775702e-06
8.684703873e-06
7.766632076e-06
6.84856024e-06
1.177375335e-05
1.086128944e-05
9.948825478e-06
9.036361546e-06
8.123897654e-06
7.211433726e-06
6.298969783e-06
1.106287612e-05
1.015192568e-05
9.240975233e-06
8.330024774e-06
7.419074331e-06
6.508123844e-06
5.597173421e-06
1.023029342e-05
9.313045252e-06
8.395797061e-06
7.478548838e-06
6.561300659e-06
5.644052452e-06
4.726804283e-06
1.022906256e-05
9.313147321e-06
8.39723211e-06
7.48131686e-06
6.565401635e-06
5.649486398e-06
4.733571169e-06
1.105559626e-05
1.014792926e-05
9.240262293e-06
8.332595337e-06
7.424928381e-06
6.517261424e-06
5.609594441e-06
1.175516389e-05
1.084731299e-05
9.939462067e-06
9.031611164e-06
8.123760262e-06
7.215909374e-06
6.308058465e-06
1.232458863e-05
1.141203394e-05
1.04994792e-05
9.586924467e-06
8.674369735e-06
7.761814999e-06
6.849260267e-06
1.27632003e-05
1.184441056e-05
1.09256208e-05
1.000683101e-05
9.088041239e-06
8.169251442e-06
7.250461681e-06
1.307221386e-05
1.214781079e-05
1.12234077e-05
1.029900459e-05
9.374601527e-06
8.450198408e-06
7.525795319e-06
1.325407602e-05
1.232608493e-05
1.139809388e-05
1.047010278e-05
9.542111734e-06
8.614120671e-06
7.686129579e-06
1.331357148e-05
1.23844302e-05
1.145528893e-05
1.052614766e-05
9.597006371e-06
8.667865121e-06
7.738723828e-06
1.325409325e-05
1.232609941e-05
1.13981055e-05
1.047011164e-05
9.542117732e-06
8.614123848e-06
7.686129983e-06
1.307221212e-05
1.214780897e-05
1.122340583e-05
1.029900266e-05
9.374599511e-06
8.450196335e-06
7.525793209e-06
1.27631857e-05
1.184439767e-05
1.092560966e-05
1.000682165e-05
9.088033627e-06
8.169245625e-06
7.250457628e-06
1.232456414e-05
1.141201259e-05
1.049946103e-05
9.586909493e-06
8.674357928e-06
7.761806408e-06
6.849254855e-06
1.175513459e-05
1.084728758e-05
9.939440574e-06
9.031593611e-06
8.123746622e-06
7.215899626e-06
6.30805265e-06
1.105556411e-05
1.014790161e-05
9.24023912e-06
8.332576616e-06
7.424914122e-06
6.517251611e-06
5.60958914e-06
1.022903053e-05
9.313120047e-06
8.397209582e-06
7.481299033e-06
6.56538855e-06
5.649478055e-06
4.733567558e-06
1.022779967e-05
9.313222133e-06
8.398644608e-06
7.484067053e-06
6.569489527e-06
5.654911981e-06
4.740334449e-06
1.104828407e-05
1.014390477e-05
9.239525484e-06
8.335146234e-06
7.430766926e-06
6.526387654e-06
5.622008366e-06
1.173654414e-05
1.083330841e-05
9.930072607e-06
9.026836881e-06
8.123601103e-06
7.220365382e-06
6.317129601e-06
1.229215889e-05
1.138511936e-05
1.047807973e-05
9.571040125e-06
8.664000511e-06
7.756960921e-06
6.849921306e-06
1.271702102e-05
1.18043455e-05
1.089166992e-05
9.978994338e-06
9.066318776e-06
8.153643204e-06
7.240967632e-06
1.301453094e-05
1.209662084e-05
1.117871068e-05
1.026080053e-05
9.342890404e-06
8.424980246e-06
7.507070102e-06
1.318879003e-05
1.22675006e-05
1.134621117e-05
1.042492173e-05
9.503632316e-06
8.582342888e-06
7.661053459e-06
1.324562836e-05
1.232325588e-05
1.140088343e-05
1.047851097e-05
9.556138496e-06
8.633766036e-06
7.711393586e-06
1.31888072e-05
1.226751501e-05
1.134622276e-05
1.042493057e-05
9.503638345e-06
8.582346101e-06
7.661053901e-06
1.301452925e-05
1.209661905e-05
1.117870883e-05
1.026079868e-05
9.342888471e-06
8.424978265e-06
7.507068093e-06
1.271700651e-05
1.180433268e-05
1.089165889e-05
9.9789851e-06
9.066311288e-06
8.153637494e-06
7.240963704e-06
1.229213449e-05
1.138509806e-05
1.047806166e-05
9.571025263e-06
8.663988828e-06
7.756952422e-06
6.849916012e-06
1.173651493e-05
1.083328306e-05
9.930051216e-06
9.026819403e-06
8.123587532e-06
7.220355723e-06
6.317123894e-06
1.104825197e-05
1.014387714e-05
9.239502337e-06
8.335127525e-06
7.430752702e-06
6.52637792e-06
5.622003113e-06
1.022776766e-05
9.313194847e-06
8.398622065e-06
7.484049261e-06
6.569476435e-06
5.654903648e-06
4.740330831e-06
1.022653673e-05
9.31329691e-06
8.400057056e-06
7.486817214e-06
6.573577404e-06
5.660337539e-06
4.747097719e-06
1.104097168e-05
1.013987983e-05
9.238787958e-06
8.337696122e-06
7.436604247e-06
6.535512395e-06
5.634420529e-06
1.171792348e-05
1.081930112e-05
9.920678689e-06
9.022056313e-06
8.123433897e-06
7.224811523e-06
6.326189104e-06
1.225972654e-05
1.135819698e-05
1.045666733e-05
9.555137724e-06
8.653608097e-06
7.752078498e-06
6.850548857e-06
1.267083672e-05
1.176426543e-05
1.085769407e-05
9.951122751e-06
9.044551403e-06
8.137980097e-06
7.231408732e-06
1.295684046e-05
1.204540824e-05
1.113397598e-05
1.022254372e-05
9.311111481e-06
8.399679253e-06
7.488246988e-06
1.312349454e-05
1.220888782e-05
1.129428112e-05
1.037967441e-05
9.465067719e-06
8.55046103e-06
7.635854317e-06
1.317767499e-05
1.226205093e-05
1.134642692e-05
1.043080288e-05
9.515178846e-06
8.599554825e-06
7.683930783e-06
1.312351164e-05
1.220890216e-05
1.12942927e-05
1.037968321e-05
9.465073753e-06
8.550464291e-06
7.635854798e-06
1.295683879e-05
1.204540649e-05
1.113397419e-05
1.022254193e-05
9.311109642e-06
8.399677365e-06
7.488245078e-06
1.267082228e-05
1.176425269e-05
1.085768315e-05
9.951113586e-06
9.044544062e-06
8.137974491e-06
7.231404943e-06
1.225970222e-05
1.135817577e-05
1.045664938e-05
9.555122961e-06
8.653596537e-06
7.752070113e-06
6.850543696e-06
1.171789433e-05
1.081927582e-05
9.920657372e-06
9.022038886e-06
8.123420412e-06
7.224801971e-06
6.326183492e-06
1.104093963e-05
1.013985222e-05
9.238764863e-06
8.337677453e-06
7.436590084e-06
6.535502708e-06
5.634415322e-06
1.022650476e-05
9.313269622e-06
8.400034525e-06
7.486799443e-06
6.573564301e-06
5.660329197e-06
4.747094083e-06
1.022527389e-05
9.313371752e-06
8.401469575e-06
7.489567429e-06
6.577665314e-06
5.665763121e-06
4.753861004e-06
1.103365925e-05
1.013585455e-05
9.238049834e-06
8.340245131e-06
7.442440419e-06
6.544635713e-06
5.646831011e-06
1.169930203e-05
1.080529121e-05
9.911280363e-06
9.017269551e-06
8.123258696e-06
7.229247884e-06
6.335237071e-06
1.222729172e-05
1.133126694e-05
1.043524216e-05
9.539217381e-06
8.64319257e-06
7.747167793e-06
6.851143008e-06
1.262464753e-05
1.172417049e-05
1.082369339e-05
9.92321632e-06
9.022739232e-06
8.122262173e-06
7.221785077e-06
1.289914254e-05
1.199417314e-05
1.108920371e-05
1.018423428e-05
9.27926488e-06
8.374295476e-06
7.469326061e-06
1.305818967e-05
1.215024676e-05
1.124230386e-05
1.033436094e-05
9.426418053e-06
8.518475163e-06
7.610532252e-06
1.310971151e-05
1.22008155e-05
1.129191952e-05
1.038302351e-05
9.474127515e-06
8.565231542e-06
7.656335536e-06
1.305820669e-05
1.215026105e-05
1.12423154e-05
1.033436973e-05
9.42642408e-06
8.518478463e-06
7.610532788e-06
1.289914087e-05
1.199417145e-05
1.108920201e-05
1.018423255e-05
9.279263123e-06
8.374293705e-06
7.469324241e-06
1.262463314e-05
1.172415785e-05
1.082368257e-05
9.923207264e-06
9.022731995e-06
8.122256709e-06
7.221781426e-06
1.222726747e-05
1.133124586e-05
1.043522429e-05
9.539202725e-06
8.643181137e-06
7.747159557e-06
6.851137977e-06
1.169927291e-05
1.080526598e-05
9.91125912e-06
9.017252203e-06
8.12324532e-06
7.229238411e-06
6.33523154e-06
1.103362724e-05
1.013582696e-05
9.238026776e-06
8.340226519e-06
7.442426315e-06
6.544626068e-06
5.646825847e-06
1.022524192e-05
9.313344489e-06
8.401447063e-06
7.489549651e-06
6.577652221e-06
5.665754792e-06
4.753857378e-06
1.022401101e-05
9.313446544e-06
8.402882076e-06
7.492317625e-06
6.581753175e-06
5.671188716e-06
4.76062427e-06
1.102634664e-05
1.013182881e-05
9.237311003e-06
8.342793186e-06
7.448275352e-06
6.553757521e-06
5.659239706e-06
1.168067961e-05
1.079127854e-05
9.9018775e-06
9.012476466e-06
8.123075439e-06
7.233674408e-06
6.344273365e-06
1.219485426e-05
1.130432917e-05
1.041380407e-05
9.523278956e-06
8.632753852e-06
7.742228752e-06
6.851703664e-06
1.25784533e-05
1.168406051e-05
1.078966774e-05
9.895274933e-06
9.000882162e-06
8.106489376e-06
7.212096589e-06
1.284143704e-05
1.194291539e-05
1.104439376e-05
1.014587211e-05
9.247350481e-06
8.348828847e-06
7.450307212e-06
1.299287529e-05
1.209157725e-05
1.119027922e-05
1.028898122e-05
9.387683205e-06
8.486385178e-06
7.585087173e-06
1.304173778e-05
1.213954944e-05
1.123736108e-05
1.033517274e-05
9.432984416e-06
8.530796064e-06
7.628607744e-06
1.299289224e-05
1.209159149e-05
1.119029073e-05
1.028898999e-05
9.387689239e-06
8.486388515e-06
7.585087757e-06
1.284143538e-05
1.194291373e-05
1.104439211e-05
1.014587045e-05
9.247348793e-06
8.348827181e-06
7.450305504e-06
1.257843895e-05
1.168404798e-05
1.078965703e-05
9.895266019e-06
9.000875014e-06
8.10648406e-06
7.212093072e-06
1.219483008e-05
1.13043082e-05
1.041378631e-05
9.523264435e-06
8.632742524e-06
7.742220652e-06
6.851698779e-06
1.168065052e-05
1.079125343e-05
9.901856334e-06
9.012459246e-06
8.123062127e-06
7.23366501e-06
6.344267952e-06
1.102631465e-05
1.013180129e-05
9.237287967e-06
8.342774617e-06
7.448261264e-06
6.553747916e-06
5.659234606e-06
1.022397902e-05
9.313419303e-06
8.402859569e-06
7.49229983e-06
6.581740121e-06
5.671180367e-06
4.760620666e-06
1.022274815e-05
9.313521371e-06
8.40429461e-06
7.49506785e-06
6.585841057e-06
5.676614327e-06
4.767387544e-06
1.101903394e-05
1.012780273e-05
9.236571511e-06
8.345340318e-06
7.454109086e-06
6.562877893e-06
5.671646682e-06
1.16620563e-05
1.077726326e-05
9.892470233e-06
9.007677191e-06
8.122884155e-06
7.238091125e-06
6.353298079e-06
1.216241424e-05
1.127738373e-05
1.039235314e-05
9.507322568e-06
8.622291999e-06
7.737261447e-06
6.852230892e-06
1.253225409e-05
1.164393564e-05
1.075561716e-05
9.867298723e-06
8.978980231e-06
8.090661779e-06
7.202343319e-06
1.278372404e-05
1.189163512e-05
1.099954619e-05
1.010745728e-05
9.215368356e-06
8.323279441e-06
7.431190527e-06
1.292755148e-05
1.203287941e-05
1.113820733e-05
1.024353531e-05
9.348863239e-06
8.454191184e-06
7.559519129e-06
1.297375392e-05
1.207825282e-05
1.118275174e-05
1.028725068e-05
9.391749592e-06
8.496248528e-06
7.600747453e-06
1.292756838e-05
1.203289357e-05
1.113821883e-05
1.024354406e-05
9.348869292e-06
8.454194551e-06
7.559519763e-06
1.278372242e-05
1.189163349e-05
1.099954461e-05
1.010745567e-05
9.215366768e-06
8.323277863e-06
7.431188932e-06
1.253223982e-05
1.164392321e-05
1.075560656e-05
9.867289898e-06
8.978973236e-06
8.09065659e-06
7.20233995e-06
1.216239015e-05
1.127736285e-05
1.039233549e-05
9.507308175e-06
8.62228079e-06
7.737253472e-06
6.852226149e-06
1.166202729e-05
1.077723824e-05
9.892449119e-06
9.007660057e-06
8.122870922e-06
7.238081849e-06
6.353292758e-06
1.101900198e-05
1.012777527e-05
9.236548538e-06
8.345321802e-06
7.454095056e-06
6.562868332e-06
5.67164163e-06
1.022271618e-05
9.31349413e-06
8.404272128e-06
7.495050058e-06
6.585828031e-06
5.676605987e-06
4.767383954e-06
1.022148534e-05
9.313596236e-06
8.405707161e-06
7.497818077e-06
6.589928997e-06
5.682039931e-06
4.774150829e-06
1.101172116e-05
1.012377629e-05
9.235831404e-06
8.347886527e-06
7.459941668e-06
6.571996813e-06
5.684051943e-06
1.164343219e-05
1.076324536e-05
9.883058525e-06
9.002871707e-06
8.122684854e-06
7.242498046e-06
6.362311218e-06
1.212997171e-05
1.12504306e-05
1.037088936e-05
9.491348211e-06
8.611807011e-06
7.732265858e-06
6.852724686e-06
1.248604997e-05
1.160379586e-05
1.072154173e-05
9.839287619e-06
8.957033483e-06
8.074779362e-06
7.19252526e-06
1.272600355e-05
1.18403323e-05
1.095466103e-05
1.006898977e-05
9.183318521e-06
8.297647265e-06
7.411975996e-06
1.286221824e-05
1.197415324e-05
1.108608821e-05
1.01980232e-05
9.309958167e-06
8.421893173e-06
7.533828136e-06
1.290575989e-05
1.201692567e-05
1.112809149e-05
1.02392573e-05
9.350423065e-06
8.461588901e-06
7.57275468e-06
1.286223508e-05
1.197416736e-05
1.108609965e-05
1.019803196e-05
9.30996424e-06
8.421896558e-06
7.533828818e-06
1.272600197e-05
1.184033073e-05
1.095465949e-05
1.006898823e-05
9.183317022e-06
8.297645766e-06
7.41197452e-06
1.248603579e-05
1.160378352e-05
1.072153121e-05
9.839278918e-06
8.957026627e-06
8.074774314e-06
7.192522036e-06
1.212994772e-05
1.125040981e-05
1.037087185e-05
9.491333938e-06
8.611795941e-06
7.732258006e-06
6.852720069e-06
1.164340323e-05
1.07632204e-05
9.883037503e-06
9.002854649e-06
8.122671723e-06
7.242488877e-06
6.362305976e-06
1.101168923e-05
1.012374885e-05
9.23580845e-06
8.347868078e-06
7.459927688e-06
6.571987316e-06
5.684046931e-06
1.022145338e-05
9.313569037e-06
8.405684691e-06
7.497800332e-06
6.589915966e-06
5.682031632e-06
4.774147244e-06
1.022022205e-05
9.313670704e-06
8.407119331e-06
7.500567961e-06
6.594016629e-06
5.687465272e-06
4.78091391e-06
1.100440773e-05
1.011974895e-05
9.235090204e-06
8.350431425e-06
7.465772704e-06
6.581113942e-06
5.696455178e-06
1.162480665e-05
1.074922425e-05
9.873641896e-06
8.998059536e-06
8.122477174e-06
7.246894807e-06
6.371312422e-06
1.209752606e-05
1.122346919e-05
1.034941226e-05
9.475355381e-06
8.601298492e-06
7.7272416e-06
6.8531847e-06
1.243984029e-05
1.156364057e-05
1.068744088e-05
9.811241162e-06
8.935041455e-06
8.058841748e-06
7.182642056e-06
1.266827495e-05
1.178900634e-05
1.090973772e-05
1.00304691e-05
9.151200501e-06
8.271931887e-06
7.392663264e-06
1.279687496e-05
1.191539814e-05
1.103392127e-05
1.015244439e-05
9.270967547e-06
8.389490679e-06
7.508013825e-06
1.283775506e-05
1.195556741e-05
1.107337976e-05
1.019119207e-05
9.309004392e-06
8.426816723e-06
7.544629064e-06
1.279689172e-05
1.191541222e-05
1.103393267e-05
1.015245316e-05
9.270973619e-06
8.389494104e-06
7.508014553e-06
1.266827341e-05
1.178900482e-05
1.090973624e-05
1.003046764e-05
9.151199068e-06
8.271930483e-06
7.392661885e-06
1.24398262e-05
1.156362833e-05
1.068743047e-05
9.811232583e-06
8.935034703e-06
8.058836838e-06
7.182638965e-06
1.209750217e-05
1.122344851e-05
1.034939486e-05
9.475341213e-06
8.60128753e-06
7.727233888e-06
6.853180216e-06
1.162477776e-05
1.07491994e-05
9.873620962e-06
8.998042564e-06
8.122464142e-06
7.246885724e-06
6.371307304e-06
1.100437582e-05
1.011972157e-05
9.235067283e-06
8.350413034e-06
7.465758756e-06
6.5811045e-06
5.696450229e-06
1.022019011e-05
9.313643512e-06
8.407096853e-06
7.500550238e-06
6.594003595e-06
5.687456984e-06
4.780910328e-06
1.021895955e-05
9.313745868e-06
8.408532158e-06
7.503318447e-06
6.598104761e-06
5.692891068e-06
4.787677372e-06
1.099709498e-05
1.011572201e-05
9.234349035e-06
8.352976057e-06
7.471603088e-06
6.590230094e-06
5.708857128e-06
1.160618109e-05
1.073520131e-05
9.864221577e-06
8.993241814e-06
8.122262082e-06
7.251282286e-06
6.380302532e-06
1.206507876e-05
1.119650093e-05
1.032792312e-05
9.459345264e-06
8.590767476e-06
7.722189616e-06
6.853611808e-06
1.239362657e-05
1.152347124e-05
1.065331593e-05
9.783160583e-06
8.913005252e-06
8.042849921e-06
7.1726946e-06
1.261053979e-05
1.173765871e-05
1.08647776e-05
9.991896527e-06
9.119015421e-06
8.24613433e-06
7.37325325e-06
1.273152323e-05
1.185661556e-05
1.098170786e-05
1.010680018e-05
9.231892483e-06
8.356984786e-06
7.482077121e-06
1.276974108e-05
1.189417947e-05
1.10186179e-05
1.01430563e-05
9.26749469e-06
8.391933097e-06
7.516371524e-06
1.273153992e-05
1.185662958e-05
1.098171926e-05
1.010680891e-05
9.231898575e-06
8.356988241e-06
7.482077901e-06
1.261053829e-05
1.173765722e-05
1.08647762e-05
9.991895125e-06
9.119014086e-06
8.246133021e-06
7.373251973e-06
1.239361259e-05
1.152345907e-05
1.065330562e-05
9.783152109e-06
8.912998609e-06
8.042845133e-06
7.172691647e-06
1.206505498e-05
1.119648038e-05
1.032790581e-05
9.459331207e-06
8.590756626e-06
7.72218206e-06
6.853607453e-06
1.160615228e-05
1.073517655e-05
9.864200705e-06
8.993224924e-06
8.122249152e-06
7.25127331e-06
6.380297521e-06
1.099706311e-05
1.011569468e-05
9.23432617e-06
8.352957699e-06
7.471589214e-06
6.590220716e-06
5.708852227e-06
1.021892764e-05
9.313718682e-06
8.408509702e-06
7.503300704e-06
6.598091742e-06
5.692882766e-06
4.787673792e-06
1.021769663e-05
9.313820666e-06
8.409944625e-06
7.506068624e-06
6.602192655e-06
5.698316643e-06
4.794440636e-06
1.09897817e-05
1.011169431e-05
9.233606857e-06
8.355519419e-06
7.477431973e-06
6.599344548e-06
5.721257131e-06
1.158755419e-05
1.072117529e-05
9.854796403e-06
8.988417493e-06
8.1220386e-06
7.255659681e-06
6.389280795e-06
1.203262841e-05
1.116952455e-05
1.030642068e-05
9.443316783e-06
8.580212942e-06
7.717109032e-06
6.854005181e-06
1.234740738e-05
1.148328652e-05
1.061916563e-05
9.755044709e-06
8.890923844e-06
8.026802932e-06
7.162682051e-06
1.255279663e-05
1.168628805e-05
1.081977944e-05
9.953270854e-06
9.086762233e-06
8.220253652e-06
7.353745062e-06
1.266616154e-05
1.179780416e-05
1.092944672e-05
1.006108936e-05
9.192731907e-06
8.324374528e-06
7.456017146e-06
1.270171638e-05
1.183276051e-05
1.096380464e-05
1.009484877e-05
9.225892888e-06
8.35693703e-06
7.48798117e-06
1.266617815e-05
1.179781812e-05
1.092945809e-05
1.006109804e-05
9.192738042e-06
8.324377999e-06
7.456017965e-06
1.255279516e-05
1.16862866e-05
1.081977808e-05
9.953269511e-06
9.086761003e-06
8.220252438e-06
7.353743909e-06
1.234739351e-05
1.148327442e-05
1.06191554e-05
9.755036359e-06
8.890917324e-06
8.026798282e-06
7.162679253e-06
1.203260476e-05
1.116950408e-05
1.030640349e-05
9.443302853e-06
8.580202226e-06
7.717101608e-06
6.854000972e-06
1.158752549e-05
1.072115056e-05
9.854775616e-06
8.988400683e-06
8.122025776e-06
7.255650812e-06
6.389275864e-06
1.098974987e-05
1.0111667e-05
9.233584018e-06
8.35550109e-06
7.477418154e-06
6.599335209e-06
5.721252261e-06
1.021766476e-05
9.313793496e-06
8.409922222e-06
7.50605091e-06
6.602179633e-06
5.698308347e-06
4.79443708e-06
1.021643335e-05
9.313895099e-06
8.411356803e-06
7.508818507e-06
6.606280263e-06
5.703741979e-06
4.801203706e-06
1.098246789e-05
1.010766577e-05
9.232863648e-06
8.358061518e-06
7.483259386e-06
6.608457289e-06
5.733655154e-06
1.156892595e-05
1.070714617e-05
9.845366362e-06
8.983586561e-06
8.121806767e-06
7.260026988e-06
6.398247183e-06
1.200017503e-05
1.114254001e-05
1.028490498e-05
9.427269921e-06
8.569634908e-06
7.711999871e-06
6.854364828e-06
1.230118274e-05
1.144308638e-05
1.058498998e-05
9.726893561e-06
8.868797208e-06
8.010700801e-06
7.152604421e-06
1.249504546e-05
1.163489435e-05
1.07747432e-05
9.914592087e-06
9.054440964e-06
8.19428983e-06
7.334138725e-06
1.26007899e-05
1.173896392e-05
1.087713787e-05
1.001531191e-05
9.153485885e-06
8.291659867e-06
7.429833883e-06
1.2633681e-05
1.17713105e-05
1.090894001e-05
1.004656951e-05
9.184199006e-06
8.321828506e-06
7.459458017e-06
1.260080644e-05
1.173897781e-05
1.087714923e-05
1.001532059e-05
9.153491988e-06
8.291663386e-06
7.42983476e-06
1.2495044e-05
1.163489296e-05
1.077474191e-05
9.914590824e-06
9.054439792e-06
8.194288735e-06
7.33413767e-06
1.230116894e-05
1.144307441e-05
1.058497986e-05
9.726885336e-06
8.868790813e-06
8.010696283e-06
7.152601766e-06
1.200015145e-05
1.114251964e-05
1.028488788e-05
9.427256102e-06
8.569624317e-06
7.711992542e-06
6.854360774e-06
1.156889734e-05
1.07071215e-05
9.845345691e-06
8.983569827e-06
8.121794042e-06
7.260018218e-06
6.398242364e-06
1.098243609e-05
1.01076385e-05
9.232840864e-06
8.358043218e-06
7.4832456e-06
6.608447973e-06
5.73365033e-06
1.021640149e-05
9.313867916e-06
8.411334388e-06
7.508800829e-06
6.606267265e-06
5.703733724e-06
4.801200172e-06
1.021540571e-05
9.314181474e-06
8.412957242e-06
7.511732987e-06
6.610508729e-06
5.709284487e-06
4.808060254e-06
1.097598147e-05
1.01043841e-05
9.232786734e-06
8.361189396e-06
7.489592026e-06
6.617994677e-06
5.74639732e-06
1.155205074e-05
1.069470238e-05
9.837353994e-06
8.98000561e-06
8.122657248e-06
7.265308864e-06
6.407960478e-06
1.197095341e-05
1.111847807e-05
1.02660027e-05
9.413527325e-06
8.561052002e-06
7.70857666e-06
6.856101284e-06
1.226040369e-05
1.14078072e-05
1.055521061e-05
9.70261406e-06
8.850017549e-06
7.997420998e-06
7.144824459e-06
1.24458017e-05
1.159118233e-05
1.073656288e-05
9.881943509e-06
9.027324138e-06
8.1727047e-06
7.318085338e-06
1.254794439e-05
1.16914233e-05
1.083490216e-05
9.978381074e-06
9.121859995e-06
8.265338853e-06
7.408817759e-06
1.258059157e-05
1.172332838e-05
1.086606524e-05
1.000880204e-05
9.151538875e-06
8.294275712e-06
7.437012518e-06
1.254796039e-05
1.169143671e-05
1.083491311e-05
9.978389433e-06
9.121865775e-06
8.265342152e-06
7.408818493e-06
1.244579973e-05
1.159118048e-05
1.073656122e-05
9.881941944e-06
9.027322684e-06
8.172703424e-06
7.318084176e-06
1.226038943e-05
1.140779483e-05
1.055520019e-05
9.702605573e-06
8.850010954e-06
7.997416334e-06
7.144821724e-06
1.197092944e-05
1.11184574e-05
1.026598536e-05
9.413513308e-06
8.561041263e-06
7.708569217e-06
6.856097185e-06
1.15520218e-05
1.069467745e-05
9.837333103e-06
8.979988699e-06
8.122644343e-06
7.265299988e-06
6.407955615e-06
1.097594949e-05
1.010435667e-05
9.232763844e-06
8.361170976e-06
7.489578134e-06
6.617985304e-06
5.746392458e-06
1.021537379e-05
9.314154225e-06
8.41293474e-06
7.511715228e-06
6.61049571e-06
5.709276216e-06
4.808056696e-06
1.023813475e-05
9.312832044e-06
8.387529366e-06
7.462226659e-06
6.53692398e-06
5.611621323e-06
4.686318644e-06
1.110759194e-05
1.017682204e-05
9.246052213e-06
8.315282305e-06
7.384512456e-06
6.453742589e-06
5.522972745e-06
1.188720191e-05
1.09468254e-05
1.000644892e-05
9.06607241e-06
8.125695919e-06
7.185319402e-06
6.244942915e-06
1.255472452e-05
1.160310736e-05
1.065149018e-05
9.699872985e-06
8.748255822e-06
7.796638634e-06
6.845021451e-06
1.309176731e-05
1.212936515e-05
1.116696301e-05
1.020456084e-05
9.242158681e-06
8.27975652e-06
7.317354363e-06
1.348440824e-05
1.251328242e-05
1.154215654e-05
1.057103068e-05
9.599904821e-06
8.628778971e-06
7.657653098e-06
1.372365979e-05
1.274694529e-05
1.177023079e-05
1.079351627e-05
9.816801775e-06
8.84008728e-06
7.863372754e-06
1.380434489e-05
1.282568757e-05
1.184703035e-05
1.086837308e-05
9.889715833e-06
8.911058566e-06
7.93240131e-06
1.372367713e-05
1.274695965e-05
1.177024228e-05
1.079352485e-05
9.816807435e-06
8.840090011e-06
7.863372605e-06
1.34844058e-05
1.251327981e-05
1.154215387e-05
1.057102791e-05
9.599901965e-06
8.628775983e-06
7.657650035e-06
1.309175164e-05
1.212935121e-05
1.11669508e-05
1.020455041e-05
9.242150005e-06
8.27974956e-06
7.317349172e-06
1.255469897e-05
1.160308498e-05
1.065147098e-05
9.699856994e-06
8.74824298e-06
7.796628983e-06
6.845014986e-06
1.188717174e-05
1.094679919e-05
1.000642663e-05
9.06605406e-06
8.12568148e-06
7.185308905e-06
6.244936332e-06
1.110755929e-05
1.01767939e-05
9.246028557e-06
8.315263165e-06
7.384497784e-06
6.453732421e-06
5.522967027e-06
1.023810258e-05
9.312804622e-06
8.387506694e-06
7.462208766e-06
6.536910798e-06
5.611612878e-06
4.686314925e-06
1.023663976e-05
9.312698361e-06
8.388756989e-06
7.464815607e-06
6.540874227e-06
5.616932867e-06
4.69299152e-06
1.109946643e-05
1.017206774e-05
9.244669048e-06
8.317270332e-06
7.389871616e-06
6.462472875e-06
5.535074211e-06
1.186686336e-05
1.093128408e-05
9.995704814e-06
9.06012552e-06
8.124546263e-06
7.188966973e-06
6.253387697e-06
1.251911286e-05
1.157335926e-05
1.062760569e-05
9.681852133e-06
8.736098561e-06
7.790344983e-06
6.844591407e-06
1.304017109e-05
1.208448674e-05
1.112880236e-05
1.017311802e-05
9.217433645e-06
8.261749277e-06
7.306064901e-06
1.341815304e-05
1.245447609e-05
1.149079913e-05
1.052712218e-05
9.563445206e-06
8.599768238e-06
7.636091261e-06
1.3645593e-05
1.26769948e-05
1.170839658e-05
1.073979834e-05
9.771200113e-06
8.802601882e-06
7.834003639e-06
1.372101587e-05
1.275083367e-05
1.178065146e-05
1.081046923e-05
9.840286992e-06
8.870104777e-06
7.89992254e-06
1.364561079e-05
1.267700961e-05
1.170840845e-05
1.073980728e-05
9.77120609e-06
8.802604928e-06
7.834003742e-06
1.341815112e-05
1.245447402e-05
1.149079693e-05
1.052711981e-05
9.56344272e-06
8.599765607e-06
7.636088504e-06
1.304015592e-05
1.208447329e-05
1.112879063e-05
1.017310797e-05
9.217425346e-06
8.26174267e-06
7.306060033e-06
1.25190877e-05
1.157333729e-05
1.062758688e-05
9.681836446e-06
8.736086044e-06
7.790335633e-06
6.844585208e-06
1.186683356e-05
1.093125822e-05
9.995682847e-06
9.060107451e-06
8.124532084e-06
7.188956702e-06
6.253381331e-06
1.109943411e-05
1.017203986e-05
9.244645629e-06
8.317251414e-06
7.389857142e-06
6.462462907e-06
5.53506863e-06
1.023660772e-05
9.312671076e-06
8.388734437e-06
7.464797786e-06
6.540861114e-06
5.616924499e-06
4.692987845e-06
1.023537686e-05
9.312773169e-06
8.390169486e-06
7.467565782e-06
6.54496213e-06
5.622358436e-06
4.699754784e-06
1.109215504e-05
1.016804568e-05
9.243936224e-06
8.319826824e-06
7.395717413e-06
6.471607968e-06
5.547498571e-06
1.184824899e-05
1.091729559e-05
9.986342145e-06
9.055388746e-06
8.124435329e-06
7.193481932e-06
6.262528497e-06
1.248669856e-05
1.154649098e-05
1.060628343e-05
9.666075869e-06
8.725868305e-06
7.785660744e-06
6.845453154e-06
1.299402174e-05
1.204451138e-05
1.109500107e-05
1.014549072e-05
9.195980394e-06
8.246470067e-06
7.296959699e-06
1.336051531e-05
1.240342163e-05
1.144632797e-05
1.04892343e-05
9.532140616e-06
8.575046943e-06
7.617953265e-06
1.358036379e-05
1.261858074e-05
1.165679766e-05
1.069501462e-05
9.733231537e-06
8.771448467e-06
7.809665398e-06
1.365313393e-05
1.268984283e-05
1.172655174e-05
1.076326065e-05
9.799969543e-06
8.836678456e-06
7.873387347e-06
1.358038149e-05
1.261859552e-05
1.165680951e-05
1.069502352e-05
9.733237541e-06
8.77145154e-06
7.809665548e-06
1.33605134e-05
1.240341963e-05
1.144632582e-05
1.0489232e-05
9.532138223e-06
8.575044399e-06
7.617950609e-06
1.299400664e-05
1.204449805e-05
1.109498941e-05
1.01454808e-05
9.195972206e-06
8.246463582e-06
7.296954982e-06
1.24866735e-05
1.15464691e-05
1.060626471e-05
9.666060303e-06
8.725855913e-06
7.785651515e-06
6.845447101e-06
1.184821926e-05
1.09172698e-05
9.986320288e-06
9.05537074e-06
8.124421241e-06
7.19347174e-06
6.262522231e-06
1.109212275e-05
1.016801784e-05
9.24391288e-06
8.319807931e-06
7.395702981e-06
6.471598036e-06
5.547493056e-06
1.023534484e-05
9.312745909e-06
8.390146929e-06
7.467547965e-06
6.544949019e-06
5.622350095e-06
4.699751114e-06
1.023411391e-05
9.312847957e-06
8.391581968e-06
7.470315945e-06
6.549049986e-06
5.627783986e-06
4.70651803e-06
1.108484347e-05
1.016402312e-05
9.243202721e-06
8.322382328e-06
7.401561975e-06
6.480741558e-06
5.559921188e-06
1.182963368e-05
1.090330437e-05
9.976975005e-06
9.05064569e-06
8.124316347e-06
7.197987007e-06
6.271657687e-06
1.245428165e-05
1.151961493e-05
1.058494824e-05
9.650281554e-06
8.715614859e-06
7.780948155e-06
6.846281446e-06
1.294786734e-05
1.200452105e-05
1.10611748e-05
1.01178285e-05
9.174482218e-06
8.231135976e-06
7.287789665e-06
1.330286997e-05
1.235234457e-05
1.140181913e-05
1.045129369e-05
9.500768216e-06
8.550242813e-06
7.599717371e-06
1.351512504e-05
1.256013826e-05
1.160515142e-05
1.065016462e-05
9.695177768e-06
8.740190967e-06
7.785204147e-06
1.358524173e-05
1.262882137e-05
1.167240102e-05
1.071598067e-05
9.759560317e-06
8.803139976e-06
7.846719613e-06
1.351514268e-05
1.256015296e-05
1.160516324e-05
1.065017351e-05
9.69518379e-06
8.740194067e-06
7.785204344e-06
1.330286811e-05
1.235234258e-05
1.140181701e-05
1.045129147e-05
9.500765912e-06
8.550240371e-06
7.599714809e-06
1.294785233e-05
1.200450779e-05
1.106116323e-05
1.011781871e-05
9.174474146e-06
8.231129625e-06
7.287785074e-06
1.245425668e-05
1.151959315e-05
1.058492963e-05
9.650266115e-06
8.715602578e-06
7.780939065e-06
6.846275521e-06
1.182960402e-05
1.090327863e-05
9.976953208e-06
9.05062776e-06
8.124302346e-06
7.197976924e-06
6.271651482e-06
1.108481124e-05
1.016399536e-05
9.243179426e-06
8.322363478e-06
7.401547576e-06
6.480731649e-06
5.559915716e-06
1.023408192e-05
9.312820688e-06
8.391559418e-06
7.470298145e-06
6.549036915e-06
5.627775653e-06
4.706514384e-06
1.023285107e-05
9.312922803e-06
8.392994481e-06
7.473066182e-06
6.553137891e-06
5.633209595e-06
4.71328132e-06
1.107753188e-05
1.016000023e-05
9.242468632e-06
8.32493699e-06
7.407405396e-06
6.489873711e-06
5.572342102e-06
1.181101759e-05
1.088931051e-05
9.967603489e-06
9.04589642e-06
8.124189397e-06
7.20248232e-06
6.280775286e-06
1.242186228e-05
1.149273126e-05
1.056360026e-05
9.634469298e-06
8.70533832e-06
7.776207332e-06
6.847076331e-06
1.290170807e-05
1.196451586e-05
1.102732366e-05
1.009013148e-05
9.15293926e-06
8.21574711e-06
7.27855488e-06
1.324521723e-05
1.230124499e-05
1.135727272e-05
1.041330046e-05
9.469328164e-06
8.52535593e-06
7.581383653e-06
1.344987696e-05
1.250166748e-05
1.155345798e-05
1.060524847e-05
9.657038957e-06
8.708829469e-06
7.760619959e-06
1.351733943e-05
1.256776943e-05
1.161819943e-05
1.066862943e-05
9.71905943e-06
8.76948943e-06
7.819919411e-06
1.344989452e-05
1.250168212e-05
1.155346975e-05
1.060525737e-05
9.657044975e-06
8.708832603e-06
7.760620213e-06
1.32452154e-05
1.230124304e-05
1.135727067e-05
1.041329832e-05
9.469325931e-06
8.525353588e-06
7.581381209e-06
1.290169312e-05
1.196450268e-05
1.102731223e-05
1.009012178e-05
9.152931312e-06
8.215740871e-06
7.278550419e-06
1.242183737e-05
1.149270959e-05
1.056358177e-05
9.634453954e-06
8.705326164e-06
7.776198352e-06
6.847070538e-06
1.181098798e-05
1.088928486e-05
9.967581721e-06
9.0458786e-06
8.124175477e-06
7.202472328e-06
6.280769176e-06
1.107749969e-05
1.015997253e-05
9.242445374e-06
8.324918188e-06
7.407391014e-06
6.489863867e-06
5.572336689e-06
1.023281909e-05
9.312895537e-06
8.39297199e-06
7.473048387e-06
6.553124827e-06
5.633201266e-06
4.713277683e-06
1.023158819e-05
9.312997592e-06
8.39440698e-06
7.475816369e-06
6.557225773e-06
5.638635197e-06
4.72004457e-06
1.10702201e-05
1.015597693e-05
9.241733835e-06
8.327490687e-06
7.413247558e-06
6.499004398e-06
5.584761264e-06
1.179240055e-05
1.087531394e-05
9.958227443e-06
9.041140869e-06
8.124054366e-06
7.206967797e-06
6.28988125e-06
1.238944026e-05
1.146583983e-05
1.054223942e-05
9.618638966e-06
8.695038578e-06
7.771438162e-06
6.847837733e-06
1.285554374e-05
1.192449566e-05
1.099344758e-05
1.006239951e-05
9.131351422e-06
8.200303351e-06
7.269255259e-06
1.318755691e-05
1.225012278e-05
1.131268863e-05
1.037525448e-05
9.437820333e-06
8.500386196e-06
7.562952038e-06
1.338461936e-05
1.244316826e-05
1.150171717e-05
1.056026607e-05
9.618814972e-06
8.677363886e-06
7.735912768e-06
1.344942689e-05
1.250668686e-05
1.156394681e-05
1.06212068e-05
9.678466754e-06
8.735726736e-06
7.792986686e-06
1.338463683e-05
1.244318289e-05
1.150172891e-05
1.056027495e-05
9.618820996e-06
8.677367037e-06
7.73591307e-06
1.31875551e-05
1.22501209e-05
1.131268663e-05
1.037525241e-05
9.43781818e-06
8.500383933e-06
7.562949711e-06
1.285552887e-05
1.192448259e-05
1.099343623e-05
1.006238992e-05
9.131343577e-06
8.200297253e-06
7.269250933e-06
1.238941544e-05
1.146581826e-05
1.0542221e-05
9.618623766e-06
8.695026547e-06
7.771429291e-06
6.847832064e-06
1.179237103e-05
1.087528839e-05
9.958205768e-06
9.041123134e-06
8.12404052e-06
7.206957875e-06
6.289875265e-06
1.107018796e-05
1.015594926e-05
9.241710598e-06
8.327471915e-06
7.413233232e-06
6.498994588e-06
5.584755902e-06
1.023155621e-05
9.312970357e-06
8.394384477e-06
7.475798603e-06
6.55721271e-06
5.638626858e-06
4.720040948e-06
1.023032529e-05
9.3130724e-06
8.395819513e-06
7.478566557e-06
6.561313651e-06
5.644060772e-06
4.72680784e-06
1.106290815e-05
1.015195324e-05
9.240998353e-06
8.330043432e-06
7.419088515e-06
6.508133611e-06
5.597178689e-06
1.177378261e-05
1.086131473e-05
9.948846917e-06
9.036379091e-06
8.123911281e-06
7.211443445e-06
6.298975632e-06
1.235701566e-05
1.143894066e-05
1.052086568e-05
9.602790662e-06
8.684715666e-06
7.766640669e-06
6.848565687e-06
1.280937443e-05
1.188446051e-05
1.095954657e-05
1.003463264e-05
9.1097187e-06
8.184804752e-06
7.259890826e-06
1.312988906e-05
1.2198978e-05
1.126806691e-05
1.033715581e-05
9.406244739e-06
8.475333642e-06
7.544422566e-06
1.331935229e-05
1.238464067e-05
1.144992908e-05
1.051521745e-05
9.580505845e-06
8.64579422e-06
7.711082616e-06
1.338150415e-05
1.244557369e-05
1.150964324e-05
1.057371281e-05
9.637782341e-06
8.701851908e-06
7.765921472e-06
1.33193697e-05
1.238465524e-05
1.144994078e-05
1.051522633e-05
9.58051185e-06
8.64579742e-06
7.711082965e-06
1.312988728e-05
1.219897614e-05
1.126806495e-05
1.033715382e-05
9.406242647e-06
8.475331488e-06
7.54442034e-06
1.280935965e-05
1.188444751e-05
1.095953531e-05
1.003462317e-05
9.109710965e-06
8.184798817e-06
7.259886633e-06
1.235699097e-05
1.143891917e-05
1.052084738e-05
9.602775564e-06
8.684703747e-06
7.766631959e-06
6.84856013e-06
1.177375319e-05
1.086128923e-05
9.948825348e-06
9.036361416e-06
8.123897535e-06
7.211433627e-06
6.298969724e-06
1.106287607e-05
1.015192558e-05
9.240975139e-06
8.330024719e-06
7.419074249e-06
6.508123805e-06
5.597173359e-06
1.023029335e-05
9.313045204e-06
8.395796965e-06
7.478548804e-06
6.56130061e-06
5.644052438e-06
4.726804237e-06
1.022906242e-05
9.313147229e-06
8.39723201e-06
7.481316767e-06
6.565401544e-06
5.649486341e-06
4.733571118e-06
1.10555961e-05
1.014792915e-05
9.240262168e-06
8.332595235e-06
7.424928268e-06
6.517261336e-06
5.609594356e-06
1.175516378e-05
1.084731284e-05
9.93946195e-06
9.031611071e-06
8.123760148e-06
7.215909263e-06
6.308058377e-06
1.23245885e-05
1.141203377e-05
1.049947905e-05
9.586924334e-06
8.674369618e-06
7.76181489e-06
6.849260173e-06
1.276320015e-05
1.18444104e-05
1.092562062e-05
1.000683085e-05
9.088041109e-06
8.169251336e-06
7.250461571e-06
1.307221368e-05
1.214781063e-05
1.122340752e-05
1.029900444e-05
9.374601386e-06
8.450198284e-06
7.525795224e-06
1.325407576e-05
1.232608472e-05
1.139809367e-05
1.047010262e-05
9.542111565e-06
8.614120502e-06
7.686129472e-06
1.331357121e-05
1.238442996e-05
1.145528872e-05
1.052614746e-05
9.597006202e-06
8.667864966e-06
7.738723727e-06
1.32540931e-05
1.232609921e-05
1.139810535e-05
1.047011147e-05
9.542117588e-06
8.61412374e-06
7.686129869e-06
1.307221193e-05
1.214780877e-05
1.122340565e-05
1.029900251e-05
9.374599371e-06
8.450196234e-06
7.525793092e-06
1.276318545e-05
1.184439746e-05
1.092560949e-05
1.00068215e-05
9.088033509e-06
8.169245516e-06
7.250457516e-06
1.23245639e-05
1.141201236e-05
1.049946088e-05
9.586909337e-06
8.674357798e-06
7.761806297e-06
6.849254754e-06
1.175513442e-05
1.084728739e-05
9.939440464e-06
9.031593458e-06
8.123746515e-06
7.215899562e-06
6.308052575e-06
1.105556406e-05
1.014790151e-05
9.24023906e-06
8.332576564e-06
7.424914055e-06
6.517251566e-06
5.609589076e-06
1.022903049e-05
9.313120016e-06
8.397209491e-06
7.481298983e-06
6.565388498e-06
5.649478024e-06
4.733567534e-06
1.022779957e-05
9.313222034e-06
8.398644496e-06
7.484066971e-06
6.569489438e-06
5.654911917e-06
4.740334381e-06
1.10482839e-05
1.014390465e-05
9.239525351e-06
8.335146097e-06
7.430766824e-06
6.526387568e-06
5.622008282e-06
1.173654404e-05
1.083330827e-05
9.93007253e-06
9.026836775e-06
8.12360101e-06
7.220365255e-06
6.317129509e-06
1.229215877e-05
1.138511918e-05
1.047807958e-05
9.571039976e-06
8.664000399e-06
7.756960803e-06
6.849921191e-06
1.271702089e-05
1.180434533e-05
1.089166976e-05
9.978994197e-06
9.066318645e-06
8.153643084e-06
7.240967502e-06
1.301453078e-05
1.209662064e-05
1.11787105e-05
1.026080038e-05
9.342890273e-06
8.424980119e-06
7.507069988e-06
1.318878976e-05
1.226750039e-05
1.134621096e-05
1.042492155e-05
9.503632158e-06
8.582342738e-06
7.661053339e-06
1.324562807e-05
1.232325566e-05
1.140088323e-05
1.047851075e-05
9.556138337e-06
8.6337659e-06
7.711393472e-06
1.318880703e-05
1.226751484e-05
1.134622261e-05
1.042493038e-05
9.503638211e-06
8.582345991e-06
7.661053782e-06
1.301452904e-05
1.209661886e-05
1.117870869e-05
1.026079851e-05
9.342888355e-06
8.424978155e-06
7.507067966e-06
1.271700627e-05
1.180433248e-05
1.089165873e-05
9.978984948e-06
9.066311168e-06
8.153637374e-06
7.24096359e-06
1.229213426e-05
1.138509787e-05
1.047806149e-05
9.571025114e-06
8.663988698e-06
7.756952321e-06
6.849915923e-06
1.173651474e-05
1.083328287e-05
9.930051113e-06
9.026819256e-06
8.123587447e-06
7.220355643e-06
6.317123819e-06
1.104825191e-05
1.014387704e-05
9.239502292e-06
8.335127459e-06
7.430752676e-06
6.52637786e-06
5.622003063e-06
1.022776762e-05
9.313194815e-06
8.398622012e-06
7.484049176e-06
6.569476407e-06
5.654903596e-06
4.740330799e-06
1.022653665e-05
9.313296821e-06
8.400056962e-06
7.486817132e-06
6.573577297e-06
5.660337461e-06
4.747097631e-06
1.104097151e-05
1.013987969e-05
9.238787845e-06
8.337696006e-06
7.436604167e-06
6.535512314e-06
5.634420463e-06
1.171792336e-05
1.081930097e-05
9.920678576e-06
9.022056183e-06
8.123433804e-06
7.224811405e-06
6.326189035e-06
1.22597264e-05
1.13581968e-05
1.04566672e-05
9.555137574e-06
8.653607969e-06
7.752078369e-06
6.850548737e-06
1.267083658e-05
1.176426524e-05
1.085769393e-05
9.951122615e-06
9.04455126e-06
8.13797996e-06
7.231408608e-06
1.295684028e-05
1.204540804e-05
1.113397581e-05
1.02225436e-05
9.311111348e-06
8.399679109e-06
7.488246852e-06
1.312349426e-05
1.220888762e-05
1.129428091e-05
1.037967424e-05
9.465067562e-06
8.550460882e-06
7.635854189e-06
1.31776747e-05
1.226205073e-05
1.134642669e-05
1.043080268e-05
9.515178686e-06
8.599554676e-06
7.683930667e-06
1.312351146e-05
1.2208902e-05
1.129429253e-05
1.037968307e-05
9.46507362e-06
8.550464157e-06
7.635854696e-06
1.295683858e-05
1.20454063e-05
1.113397406e-05
1.022254178e-05
9.31110951e-06
8.39967724e-06
7.488244969e-06
1.267082205e-05
1.17642525e-05
1.0857683e-05
9.951113448e-06
9.044543901e-06
8.137974377e-06
7.231404845e-06
1.225970201e-05
1.135817561e-05
1.045664922e-05
9.555122814e-06
8.653596396e-06
7.752070023e-06
6.850543626e-06
1.171789412e-05
1.081927565e-05
9.920657241e-06
9.022038757e-06
8.123420325e-06
7.224801865e-06
6.326183431e-06
1.104093957e-05
1.013985214e-05
9.238764801e-06
8.337677397e-06
7.436590053e-06
6.535502639e-06
5.634415287e-06
1.022650469e-05
9.313269593e-06
8.4000345e-06
7.486799359e-06
6.573564306e-06
5.660329157e-06
4.74709405e-06
1.022527379e-05
9.313371665e-06
8.401469489e-06
7.489567369e-06
6.577665225e-06
5.66576306e-06
4.75386092e-06
1.103365913e-05
1.013585441e-05
9.238049719e-06
8.340245043e-06
7.442440356e-06
6.544635654e-06
5.646830945e-06
1.169930191e-05
1.080529108e-05
9.911280243e-06
9.017269428e-06
8.123258608e-06
7.229247793e-06
6.335236991e-06
1.222729159e-05
1.13312668e-05
1.043524202e-05
9.539217251e-06
8.643192466e-06
7.747167686e-06
6.851142912e-06
1.26246474e-05
1.172417032e-05
1.082369326e-05
9.923216194e-06
9.022739115e-06
8.122262057e-06
7.22178499e-06
1.289914238e-05
1.199417299e-05
1.108920357e-05
1.018423417e-05
9.279264753e-06
8.37429535e-06
7.469325949e-06
1.305818942e-05
1.215024658e-05
1.124230367e-05
1.03343608e-05
9.426417905e-06
8.518475022e-06
7.610532137e-06
1.310971126e-05
1.220081531e-05
1.129191931e-05
1.038302335e-05
9.474127375e-06
8.565231389e-06
7.656335425e-06
1.305820655e-05
1.215026089e-05
1.124231525e-05
1.033436963e-05
9.426423966e-06
8.518478325e-06
7.610532696e-06
1.289914069e-05
1.199417126e-05
1.108920187e-05
1.018423244e-05
9.279262993e-06
8.374293581e-06
7.469324165e-06
1.262463293e-05
1.172415767e-05
1.082368243e-05
9.923207144e-06
9.022731866e-06
8.12225661e-06
7.221781353e-06
1.222726727e-05
1.133124569e-05
1.043522417e-05
9.539202578e-06
8.643181017e-06
7.74715947e-06
6.85113792e-06
1.169927274e-05
1.080526585e-05
9.911258987e-06
9.017252085e-06
8.123245225e-06
7.229238344e-06
6.335231483e-06
1.103362717e-05
1.013582694e-05
9.238026711e-06
8.34022647e-06
7.442426244e-06
6.544626007e-06
5.646825803e-06
1.022524186e-05
9.313344445e-06
8.401447039e-06
7.489549615e-06
6.577652218e-06
5.665754763e-06
4.753857358e-06
1.022401092e-05
9.313446468e-06
8.402882006e-06
7.492317569e-06
6.581753106e-06
5.67118866e-06
4.760624195e-06
1.102634656e-05
1.01318287e-05
9.237310924e-06
8.3427931e-06
7.448275296e-06
6.553757483e-06
5.659239648e-06
1.168067954e-05
1.079127846e-05
9.901877434e-06
9.012476403e-06
8.123075364e-06
7.233674327e-06
6.344273296e-06
1.219485418e-05
1.130432906e-05
1.041380394e-05
9.523278891e-06
8.632753779e-06
7.742228682e-06
6.85170359e-06
1.257845319e-05
1.168406042e-05
1.078966763e-05
9.895274844e-06
9.000882069e-06
8.106489309e-06
7.212096521e-06
1.284143692e-05
1.194291528e-05
1.104439366e-05
1.014587202e-05
9.247350386e-06
8.348828764e-06
7.450307149e-06
1.299287511e-05
1.209157709e-05
1.11902791e-05
1.028898109e-05
9.3876831e-06
8.486385072e-06
7.585087091e-06
1.304173759e-05
1.213954926e-05
1.123736095e-05
1.03351726e-05
9.432984306e-06
8.53079596e-06
7.628607648e-06
1.299289211e-05
1.209159138e-05
1.119029064e-05
1.02889899e-05
9.387689163e-06
8.486388415e-06
7.585087679e-06
1.284143524e-05
1.194291362e-05
1.1044392e-05
1.014587035e-05
9.24734873e-06
8.348827081e-06
7.450305436e-06
1.25784388e-05
1.168404783e-05
1.078965689e-05
9.895265908e-06
9.000874953e-06
8.106483976e-06
7.212093014e-06
1.219482992e-05
1.130430805e-05
1.041378619e-05
9.52326432e-06
8.632742448e-06
7.742220587e-06
6.851698705e-06
1.168065042e-05
1.079125332e-05
9.901856234e-06
9.012459138e-06
8.123062049e-06
7.233664981e-06
6.344267886e-06
1.10263146e-05
1.013180127e-05
9.23728792e-06
8.342774591e-06
7.448261236e-06
6.553747896e-06
5.659234571e-06
1.022397902e-05
9.313419276e-06
8.402859545e-06
7.492299812e-06
6.5817401e-06
5.671180357e-06
4.76062063e-06
1.022274811e-05
9.313521305e-06
8.404294572e-06
7.4950678e-06
6.585841025e-06
5.676614281e-06
4.767387487e-06
1.101903387e-05
1.012780265e-05
9.236571497e-06
8.345340253e-06
7.45410906e-06
6.56287786e-06
5.671646651e-06
1.16620563e-05
1.077726322e-05
9.892470199e-06
9.007677153e-06
8.122884123e-06
7.238091067e-06
6.353298036e-06
1.21624142e-05
1.127738364e-05
1.039235307e-05
9.507322537e-06
8.622291956e-06
7.737261405e-06
6.852230835e-06
1.253225403e-05
1.164393559e-05
1.075561712e-05
9.867298658e-06
8.978980183e-06
8.090661733e-06
7.202343263e-06
1.278372397e-05
1.189163504e-05
1.099954615e-05
1.010745723e-05
9.215368295e-06
8.323279397e-06
7.431190492e-06
1.292755137e-05
1.203287928e-05
1.113820726e-05
1.024353522e-05
9.348863153e-06
8.45419113e-06
7.559519086e-06
1.297375377e-05
1.207825268e-05
1.118275165e-05
1.028725059e-05
9.391749512e-06
8.496248462e-06
7.60074739e-06
1.292756827e-05
1.203289353e-05
1.113821877e-05
1.024354401e-05
9.348869245e-06
8.454194485e-06
7.559519716e-06
1.278372232e-05
1.189163342e-05
1.099954453e-05
1.01074556e-05
9.215366721e-06
8.323277804e-06
7.431188887e-06
1.253223974e-05
1.16439231e-05
1.075560647e-05
9.867289818e-06
8.978973189e-06
8.090656525e-06
7.202339898e-06
1.216239004e-05
1.127736273e-05
1.039233539e-05
9.507308076e-06
8.62228075e-06
7.737253416e-06
6.852226089e-06
1.166202722e-05
1.077723814e-05
9.892449057e-06
9.007659976e-06
8.122870887e-06
7.238081799e-06
6.353292705e-06
1.101900194e-05
1.012777525e-05
9.236548514e-06
8.345321787e-06
7.454095056e-06
6.562868321e-06
5.671641604e-06
1.022271618e-05
9.313494164e-06
8.404272085e-06
7.495050043e-06
6.585828023e-06
5.676605969e-06
4.767383927e-06
1.022148533e-05
9.313596196e-06
8.405707147e-06
7.497818067e-06
6.589928987e-06
5.682039897e-06
4.774150822e-06
1.101172112e-05
1.012377622e-05
9.235831392e-06
8.347886531e-06
7.459941673e-06
6.571996788e-06
5.684051921e-06
1.164343219e-05
1.076324536e-05
9.883058505e-06
9.002871678e-06
8.122684859e-06
7.242498032e-06
6.362311188e-06
1.212997171e-05
1.125043054e-05
1.037088935e-05
9.491348205e-06
8.611807005e-06
7.732265848e-06
6.852724653e-06
1.248604997e-05
1.160379583e-05
1.072154172e-05
9.839287603e-06
8.95703348e-06
8.07477935e-06
7.192525242e-06
1.272600352e-05
1.184033227e-05
1.095466103e-05
1.006898977e-05
9.183318501e-06
8.297647236e-06
7.411976e-06
1.286221819e-05
1.197415316e-05
1.108608815e-05
1.019802317e-05
9.309958125e-06
8.421893138e-06
7.533828118e-06
1.29057598e-05
1.201692561e-05
1.112809141e-05
1.023925724e-05
9.350423028e-06
8.461588851e-06
7.57275466e-06
1.286223503e-05
1.197416736e-05
1.108609962e-05
1.019803194e-05
9.309964211e-06
8.421896518e-06
7.533828822e-06
1.272600191e-05
1.184033068e-05
1.095465945e-05
1.006898821e-05
9.183316977e-06
8.297645757e-06
7.41197451e-06
1.248603575e-05
1.160378345e-05
1.072153117e-05
9.83927887e-06
8.957026581e-06
8.074774284e-06
7.192521995e-06
1.212994764e-05
1.125040972e-05
1.037087179e-05
9.491333846e-06
8.611795915e-06
7.732257979e-06
6.852720041e-06
1.164340316e-05
1.076322033e-05
9.88303745e-06
9.00285458e-06
8.122671721e-06
7.242488821e-06
6.362305956e-06
1.101168921e-05
1.012374888e-05
9.235808453e-06
8.347868077e-06
7.459927685e-06
6.571987298e-06
5.68404692e-06
1.022145339e-05
9.313569053e-06
8.405684653e-06
7.497800348e-06
6.589915961e-06
5.682031598e-06
4.774147239e-06
1.022022203e-05
9.313670684e-06
8.407119331e-06
7.500567969e-06
6.594016612e-06
5.687465251e-06
4.780913936e-06
1.100440772e-05
1.011974893e-05
9.235090198e-06
8.350431474e-06
7.465772729e-06
6.581113937e-06
5.696455183e-06
1.162480663e-05
1.074922428e-05
9.873641901e-06
8.99805955e-06
8.122477187e-06
7.246894818e-06
6.371312432e-06
1.20975261e-05
1.122346921e-05
1.03494123e-05
9.4753554e-06
8.601298509e-06
7.72724162e-06
6.853184699e-06
1.243984032e-05
1.15636406e-05
1.068744092e-05
9.811241184e-06
8.935041484e-06
8.058841775e-06
7.182642067e-06
1.266827497e-05
1.178900634e-05
1.090973776e-05
1.003046914e-05
9.151200512e-06
8.271931899e-06
7.392663294e-06
1.279687497e-05
1.191539809e-05
1.103392124e-05
1.01524444e-05
9.270967538e-06
8.389490694e-06
7.50801383e-06
1.283775504e-05
1.19555674e-05
1.10733797e-05
1.019119204e-05
9.309004397e-06
8.426816722e-06
7.544629069e-06
1.279689173e-05
1.191541225e-05
1.103393267e-05
1.015245316e-05
9.27097363e-06
8.3894941e-06
7.508014591e-06
1.266827339e-05
1.178900481e-05
1.090973623e-05
1.003046766e-05
9.151199066e-06
8.271930498e-06
7.392661904e-06
1.243982617e-05
1.15636283e-05
1.068743043e-05
9.81123257e-06
8.93503469e-06
8.05883683e-06
7.182638956e-06
1.209750212e-05
1.122344846e-05
1.034939482e-05
9.475341168e-06
8.601287519e-06
7.727233872e-06
6.853180215e-06
1.162477771e-05
1.074919935e-05
9.873620935e-06
8.998042512e-06
8.122464133e-06
7.246885693e-06
6.371307313e-06
1.100437584e-05
1.011972159e-05
9.235067296e-06
8.35041304e-06
7.46575876e-06
6.581104494e-06
5.696450245e-06
1.022019014e-05
9.313643481e-06
8.407096867e-06
7.500550268e-06
6.594003597e-06
5.687456981e-06
4.780910331e-06
1.021895953e-05
9.313745858e-06
8.408532171e-06
7.503318461e-06
6.598104775e-06
5.692891086e-06
4.787677385e-06
1.099709505e-05
1.011572204e-05
9.234349076e-06
8.352976092e-06
7.47160313e-06
6.590230144e-06
5.708857174e-06
1.160618112e-05
1.073520136e-05
9.864221618e-06
8.993241865e-06
8.122262107e-06
7.251282329e-06
6.380302582e-06
1.206507884e-05
1.119650102e-05
1.032792318e-05
9.459345332e-06
8.590767522e-06
7.722189666e-06
6.853611834e-06
1.239362664e-05
1.152347132e-05
1.065331598e-05
9.783160649e-06
8.913005313e-06
8.042849977e-06
7.172694631e-06
1.261053988e-05
1.173765878e-05
1.086477768e-05
9.991896605e-06
9.119015466e-06
8.246134393e-06
7.373253282e-06
1.273152328e-05
1.185661557e-05
1.09817079e-05
1.010680021e-05
9.231892516e-06
8.356984839e-06
7.48207715e-06
1.276974107e-05
1.189417951e-05
1.101861789e-05
1.01430563e-05
9.267494724e-06
8.391933133e-06
7.516371542e-06
1.273153998e-05
1.185662965e-05
1.098171929e-05
1.010680897e-05
9.231898613e-06
8.356988283e-06
7.482077931e-06
1.261053833e-05
1.173765725e-05
1.086477622e-05
9.991895186e-06
9.119014109e-06
8.246133056e-06
7.373252003e-06
1.239361258e-05
1.152345909e-05
1.065330559e-05
9.783152134e-06
8.912998636e-06
8.042845145e-06
7.172691663e-06
1.206505498e-05
1.119648036e-05
1.032790577e-05
9.459331208e-06
8.590756636e-06
7.722182042e-06
6.853607461e-06
1.16061523e-05
1.073517649e-05
9.864200711e-06
8.993224908e-06
8.12224913e-06
7.251273302e-06
6.380297538e-06
1.099706317e-05
1.011569468e-05
9.234326199e-06
8.352957718e-06
7.471589205e-06
6.59022071e-06
5.708852254e-06
1.021892766e-05
9.313718679e-06
8.408509703e-06
7.503300739e-06
6.598091736e-06
5.692882793e-06
4.787673818e-06
1.021769665e-05
9.313820679e-06
8.409944684e-06
7.506068679e-06
6.602192673e-06
5.698316684e-06
4.794440659e-06
1.098978179e-05
1.011169435e-05
9.233606914e-06
8.355519473e-06
7.477432047e-06
6.599344624e-06
5.721257184e-06
1.158755431e-05
1.072117539e-05
9.854796459e-06
8.98841757e-06
8.122038668e-06
7.25565976e-06
6.389280853e-06
1.203262856e-05
1.116952466e-05
1.030642077e-05
9.443316899e-06
8.580213013e-06
7.717109125e-06
6.854005234e-06
1.234740752e-05
1.148328663e-05
1.061916571e-05
9.755044826e-06
8.890923934e-06
8.026803022e-06
7.162682114e-06
1.255279677e-05
1.168628816e-05
1.081977955e-05
9.953270967e-06
9.086762334e-06
8.220253742e-06
7.353745114e-06
1.266616163e-05
1.179780421e-05
1.092944682e-05
1.006108942e-05
9.192731994e-06
8.324374599e-06
7.456017181e-06
1.270171642e-05
1.183276058e-05
1.096380469e-05
1.009484882e-05
9.225892953e-06
8.356937093e-06
7.487981202e-06
1.266617825e-05
1.179781823e-05
1.092945818e-05
1.006109815e-05
9.192738093e-06
8.324378076e-06
7.456018006e-06
1.255279525e-05
1.168628667e-05
1.081977816e-05
9.953269603e-06
9.086761044e-06
8.220252509e-06
7.353743951e-06
1.234739352e-05
1.148327446e-05
1.061915544e-05
9.755036401e-06
8.890917365e-06
8.026798317e-06
7.162679276e-06
1.203260475e-05
1.116950411e-05
1.030640348e-05
9.443302859e-06
8.58020224e-06
7.717101608e-06
6.854000994e-06
1.158752552e-05
1.072115055e-05
9.85477563e-06
8.988400686e-06
8.122025766e-06
7.255650818e-06
6.389275892e-06
1.098974996e-05
1.011166699e-05
9.233584055e-06
8.355501116e-06
7.477418187e-06
6.599335226e-06
5.721252297e-06
1.021766478e-05
9.313793497e-06
8.409922206e-06
7.506050938e-06
6.602179639e-06
5.69830837e-06
4.794437087e-06
1.021643337e-05
9.313895158e-06
8.41135687e-06
7.508818573e-06
6.606280319e-06
5.703742042e-06
4.801203755e-06
1.098246794e-05
1.010766585e-05
9.232863707e-06
8.358061583e-06
7.483259485e-06
6.608457354e-06
5.733655233e-06
1.156892614e-05
1.070714631e-05
9.845366474e-06
8.983586683e-06
8.121806897e-06
7.260027069e-06
6.398247266e-06
1.200017524e-05
1.114254016e-05
1.02849051e-05
9.427270078e-06
8.569635017e-06
7.711999973e-06
6.854364915e-06
1.230118294e-05
1.144308653e-05
1.058499011e-05
9.726893741e-06
8.868797336e-06
8.010700919e-06
7.15260451e-06
1.249504565e-05
1.16348945e-05
1.077474336e-05
9.914592233e-06
9.054441097e-06
8.194289961e-06
7.3341388e-06
1.260079004e-05
1.173896401e-05
1.087713801e-05
1.001531201e-05
9.153485977e-06
8.291659977e-06
7.429833955e-06
1.26336811e-05
1.17713106e-05
1.090894011e-05
1.00465696e-05
9.184199099e-06
8.321828584e-06
7.459458082e-06
1.260080659e-05
1.173897795e-05
1.087714936e-05
1.00153207e-05
9.153492103e-06
8.291663455e-06
7.429834843e-06
1.249504414e-05
1.163489304e-05
1.077474202e-05
9.914590931e-06
9.05443988e-06
8.194288817e-06
7.334137753e-06
1.2301169e-05
1.144307442e-05
1.058497995e-05
9.72688541e-06
8.86879087e-06
8.010696348e-06
7.152601815e-06
1.200015148e-05
1.114251968e-05
1.028488794e-05
9.42725613e-06
8.569624344e-06
7.711992583e-06
6.854360809e-06
1.156889737e-05
1.070712151e-05
9.845345713e-06
8.983569847e-06
8.121794049e-06
7.260018229e-06
6.398242389e-06
1.098243619e-05
1.010763853e-05
9.232840899e-06
8.358043252e-06
7.48324566e-06
6.608448012e-06
5.733650376e-06
1.021640153e-05
9.313867949e-06
8.411334383e-06
7.508800859e-06
6.606267307e-06
5.703733717e-06
4.801200176e-06
1.021540574e-05
9.314181505e-06
8.412957264e-06
7.511732998e-06
6.610508777e-06
5.70928453e-06
4.808060281e-06
1.097598148e-05
1.010438411e-05
9.232786757e-06
8.361189405e-06
7.489592064e-06
6.617994687e-06
5.746397373e-06
1.155205082e-05
1.069470242e-05
9.837354041e-06
8.980005662e-06
8.122657284e-06
7.265308874e-06
6.4079605e-06
1.197095348e-05
1.111847809e-05
1.026600273e-05
9.413527404e-06
8.561052045e-06
7.708576679e-06
6.856101316e-06
1.226040377e-05
1.140780722e-05
1.055521065e-05
9.702614133e-06
8.850017601e-06
7.997421035e-06
7.14482449e-06
1.244580176e-05
1.159118236e-05
1.073656295e-05
9.881943548e-06
9.027324176e-06
8.172704765e-06
7.318085355e-06
1.254794446e-05
1.169142332e-05
1.083490223e-05
9.978381136e-06
9.121860016e-06
8.265338921e-06
7.408817793e-06
1.258059164e-05
1.172332843e-05
1.086606527e-05
1.000880212e-05
9.151538921e-06
8.294275745e-06
7.43701257e-06
1.254796044e-05
1.169143676e-05
1.083491312e-05
9.978389475e-06
9.121865835e-06
8.265342164e-06
7.408818526e-06
1.24457998e-05
1.15911805e-05
1.073656125e-05
9.881941985e-06
9.027322733e-06
8.172703457e-06
7.318084205e-06
1.226038947e-05
1.140779483e-05
1.055520022e-05
9.702605616e-06
8.850010981e-06
7.99741637e-06
7.144821759e-06
1.197092949e-05
1.111845742e-05
1.026598539e-05
9.413513346e-06
8.561041286e-06
7.708569266e-06
6.856097208e-06
1.155202181e-05
1.069467743e-05
9.837333087e-06
8.979988719e-06
8.122644352e-06
7.265299995e-06
6.407955615e-06
1.097594943e-05
1.010435659e-05
9.232763776e-06
8.361170946e-06
7.489578102e-06
6.61798528e-06
5.746392446e-06
1.021537377e-05
9.314154227e-06
8.412934705e-06
7.511715232e-06
6.610495712e-06
5.709276176e-06
4.808056688e-06
4.811361855e-06
4.81139144e-06
4.81476011e-06
4.819858687e-06
4.825312684e-06
4.830018285e-06
4.833173842e-06
4.834291668e-06
4.833173848e-06
4.830018291e-06
4.825312689e-06
4.819858703e-06
4.814760128e-06
4.811391458e-06
4.811361874e-06
4.811391444e-06
4.811390898e-06
4.81476839e-06
4.819888989e-06
4.825364901e-06
4.830086907e-06
4.83325208e-06
4.834373074e-06
4.833252083e-06
4.830086914e-06
4.82536491e-06
4.819889e-06
4.814768404e-06
4.811390913e-06
4.81139146e-06
4.814760112e-06
4.814768389e-06
4.818218659e-06
4.823428941e-06
4.828985954e-06
4.833768961e-06
4.836971174e-06
4.838104592e-06
4.836971176e-06
4.833768965e-06
4.828985963e-06
4.823428953e-06
4.818218671e-06
4.814768408e-06
4.814760136e-06
4.819858685e-06
4.819888988e-06
4.823428941e-06
4.82874407e-06
4.834393465e-06
4.839244713e-06
4.842487852e-06
4.843634903e-06
4.842487854e-06
4.839244718e-06
4.834393473e-06
4.82874408e-06
4.823428952e-06
4.819889007e-06
4.819858707e-06
4.825312677e-06
4.8253649e-06
4.828985954e-06
4.834393464e-06
4.840122334e-06
4.845030951e-06
4.848307835e-06
4.849466006e-06
4.848307836e-06
4.845030956e-06
4.840122343e-06
4.834393474e-06
4.828985967e-06
4.825364919e-06
4.825312698e-06
4.830018282e-06
4.830086905e-06
4.833768957e-06
4.839244712e-06
4.84503095e-06
4.84997995e-06
4.853280054e-06
4.854445777e-06
4.853280055e-06
4.849979954e-06
4.845030957e-06
4.839244722e-06
4.833768972e-06
4.830086923e-06
4.830018305e-06
4.833173835e-06
4.833252077e-06
4.83697117e-06
4.842487849e-06
4.848307832e-06
4.853280053e-06
4.856593223e-06
4.857763141e-06
4.856593225e-06
4.853280058e-06
4.848307841e-06
4.84248786e-06
4.836971183e-06
4.833252095e-06
4.833173856e-06
4.834291658e-06
4.834373069e-06
4.838104587e-06
4.843634899e-06
4.849466003e-06
4.854445775e-06
4.85776314e-06
4.858934393e-06
4.857763142e-06
4.85444578e-06
4.84946601e-06
4.84363491e-06
4.838104601e-06
4.834373087e-06
4.834291678e-06
4.833173833e-06
4.833252077e-06
4.83697117e-06
4.842487849e-06
4.848307834e-06
4.853280053e-06
4.856593224e-06
4.857763141e-06
4.856593226e-06
4.853280058e-06
4.848307841e-06
4.84248786e-06
4.836971185e-06
4.833252095e-06
4.833173853e-06
4.830018281e-06
4.830086905e-06
4.833768959e-06
4.839244712e-06
4.845030951e-06
4.849979949e-06
4.853280055e-06
4.854445778e-06
4.853280057e-06
4.849979954e-06
4.845030958e-06
4.839244723e-06
4.833768973e-06
4.830086923e-06
4.8300183e-06
4.825312686e-06
4.825364902e-06
4.828985955e-06
4.834393465e-06
4.840122336e-06
4.845030953e-06
4.848307837e-06
4.849466008e-06
4.84830784e-06
4.845030957e-06
4.840122342e-06
4.834393477e-06
4.82898597e-06
4.825364919e-06
4.825312703e-06
4.819858694e-06
4.81988899e-06
4.823428944e-06
4.828744072e-06
4.834393469e-06
4.839244716e-06
4.842487854e-06
4.843634905e-06
4.842487858e-06
4.839244721e-06
4.834393477e-06
4.828744083e-06
4.823428957e-06
4.819889009e-06
4.819858711e-06
4.814760123e-06
4.814768394e-06
4.818218663e-06
4.823428946e-06
4.828985961e-06
4.833768966e-06
4.836971179e-06
4.838104597e-06
4.836971181e-06
4.83376897e-06
4.828985969e-06
4.823428955e-06
4.818218678e-06
4.814768413e-06
4.81476014e-06
4.811391451e-06
4.811390903e-06
4.814768398e-06
4.819888997e-06
4.825364908e-06
4.830086916e-06
4.833252087e-06
4.834373081e-06
4.83325209e-06
4.830086919e-06
4.825364917e-06
4.819889007e-06
4.814768412e-06
4.811390921e-06
4.811391473e-06
4.811361858e-06
4.811391456e-06
4.814760125e-06
4.819858689e-06
4.825312682e-06
4.83001829e-06
4.833173852e-06
4.834291677e-06
4.833173853e-06
4.830018302e-06
4.825312697e-06
4.819858708e-06
4.814760138e-06
4.811391474e-06
4.8113619e-06
4.805957636e-06
4.805975564e-06
4.816060956e-06
4.831381869e-06
4.847803164e-06
4.861991245e-06
4.871514884e-06
4.874890251e-06
4.871514885e-06
4.861991254e-06
4.847803168e-06
4.831381886e-06
4.816060975e-06
4.805975598e-06
4.805957682e-06
4.805975567e-06
4.805832916e-06
4.81593545e-06
4.831351373e-06
4.847884941e-06
4.862168781e-06
4.871754649e-06
4.875151659e-06
4.871754653e-06
4.862168792e-06
4.847884955e-06
4.831351395e-06
4.815935474e-06
4.805832948e-06
4.805975611e-06
4.816060953e-06
4.81593545e-06
4.826263486e-06
4.841965589e-06
4.858763339e-06
4.873249349e-06
4.882959617e-06
4.886398657e-06
4.88295962e-06
4.873249357e-06
4.858763352e-06
4.84196561e-06
4.82626351e-06
4.815935484e-06
4.816061003e-06
4.831381855e-06
4.83135137e-06
4.841965587e-06
4.857991125e-06
4.875069726e-06
4.889761374e-06
4.899594276e-06
4.903074044e-06
4.89959428e-06
4.889761384e-06
4.875069744e-06
4.857991147e-06
4.841965612e-06
4.831351407e-06
4.831381905e-06
4.84780315e-06
4.847884938e-06
4.858763337e-06
4.875069726e-06
4.892380901e-06
4.907235629e-06
4.917162377e-06
4.92067268e-06
4.91716238e-06
4.907235637e-06
4.892380914e-06
4.875069745e-06
4.858763363e-06
4.847884975e-06
4.847803198e-06
4.861991243e-06
4.862168775e-06
4.873249343e-06
4.889761371e-06
4.907235628e-06
4.922199621e-06
4.932186671e-06
4.935716099e-06
4.932186674e-06
4.922199629e-06
4.90723564e-06
4.889761391e-06
4.87324937e-06
4.862168811e-06
4.861991289e-06
4.871514872e-06
4.871754643e-06
4.882959609e-06
4.89959427e-06
4.917162371e-06
4.932186669e-06
4.942205625e-06
4.945744895e-06
4.942205627e-06
4.932186679e-06
4.917162386e-06
4.899594291e-06
4.882959634e-06
4.871754679e-06
4.871514918e-06
4.87489023e-06
4.875151651e-06
4.886398646e-06
4.903074038e-06
4.920672673e-06
4.935716096e-06
4.945744894e-06
4.949287144e-06
4.945744896e-06
4.935716106e-06
4.920672687e-06
4.903074058e-06
4.886398674e-06
4.875151687e-06
4.874890284e-06
4.871514863e-06
4.871754643e-06
4.882959608e-06
4.899594269e-06
4.917162373e-06
4.932186669e-06
4.942205624e-06
4.945744894e-06
4.942205627e-06
4.932186677e-06
4.917162387e-06
4.899594292e-06
4.882959636e-06
4.871754681e-06
4.871514915e-06
4.861991243e-06
4.862168775e-06
4.873249344e-06
4.889761372e-06
4.907235629e-06
4.92219962e-06
4.932186672e-06
4.935716101e-06
4.932186678e-06
4.922199629e-06
4.907235641e-06
4.889761393e-06
4.873249372e-06
4.862168811e-06
4.861991282e-06
4.847803169e-06
4.847884942e-06
4.858763338e-06
4.875069727e-06
4.892380902e-06
4.90723563e-06
4.91716238e-06
4.920672682e-06
4.917162384e-06
4.907235638e-06
4.892380915e-06
4.875069748e-06
4.858763366e-06
4.847884974e-06
4.847803206e-06
4.831381875e-06
4.831351376e-06
4.841965592e-06
4.857991131e-06
4.875069735e-06
4.889761381e-06
4.89959428e-06
4.903074049e-06
4.899594286e-06
4.889761388e-06
4.875069747e-06
4.857991151e-06
4.841965619e-06
4.831351412e-06
4.831381911e-06
4.816060966e-06
4.815935458e-06
4.826263494e-06
4.841965598e-06
4.858763349e-06
4.87324936e-06
4.882959626e-06
4.886398666e-06
4.882959629e-06
4.873249365e-06
4.858763363e-06
4.841965616e-06
4.826263521e-06
4.815935497e-06
4.816061001e-06
4.805975578e-06
4.805832929e-06
4.815935468e-06
4.831351388e-06
4.847884955e-06
4.862168796e-06
4.871754665e-06
4.875151674e-06
4.87175467e-06
4.862168803e-06
4.84788497e-06
4.831351407e-06
4.815935492e-06
4.805832964e-06
4.805975626e-06
4.805957649e-06
4.805975591e-06
4.816060978e-06
4.831381882e-06
4.847803181e-06
4.861991263e-06
4.871514897e-06
4.874890268e-06
4.871514911e-06
4.861991279e-06
4.847803191e-06
4.831381901e-06
4.816061002e-06
4.805975625e-06
4.805957711e-06
4.800467155e-06
4.800367187e-06
4.817138348e-06
4.842719385e-06
4.870196961e-06
4.893974425e-06
4.909951589e-06
4.915617332e-06
4.909951588e-06
4.893974435e-06
4.870196963e-06
4.842719389e-06
4.817138352e-06
4.800367214e-06
4.800467209e-06
4.800367188e-06
4.799870925e-06
4.816653575e-06
4.842446008e-06
4.870195988e-06
4.894218381e-06
4.910360478e-06
4.916084548e-06
4.910360479e-06
4.894218389e-06
4.870195998e-06
4.842446027e-06
4.816653594e-06
4.799870958e-06
4.800367238e-06
4.817138339e-06
4.816653577e-06
4.833825213e-06
4.860126019e-06
4.888354577e-06
4.912749072e-06
4.929122837e-06
4.93492568e-06
4.929122839e-06
4.912749078e-06
4.888354588e-06
4.860126034e-06
4.833825234e-06
4.816653607e-06
4.817138395e-06
4.842719362e-06
4.842446006e-06
4.860126015e-06
4.886982192e-06
4.915685628e-06
4.940424521e-06
4.957002414e-06
4.962872826e-06
4.957002419e-06
4.940424529e-06
4.915685644e-06
4.88698221e-06
4.860126039e-06
4.842446042e-06
4.842719419e-06
4.870196949e-06
4.870195986e-06
4.888354577e-06
4.915685631e-06
4.944765962e-06
4.969760112e-06
4.986480869e-06
4.992396988e-06
4.986480869e-06
4.969760116e-06
4.944765973e-06
4.915685648e-06
4.888354598e-06
4.870196022e-06
4.870197003e-06
4.893974425e-06
4.894218376e-06
4.912749065e-06
4.940424518e-06
4.969760109e-06
4.994914583e-06
5.011718685e-06
5.01766021e-06
5.011718689e-06
4.994914588e-06
4.969760121e-06
4.940424536e-06
4.91274909e-06
4.894218413e-06
4.893974476e-06
4.909951591e-06
4.910360473e-06
4.92912283e-06
4.957002411e-06
4.986480863e-06
5.011718683e-06
5.02856259e-06
5.034515493e-06
5.02856259e-06
5.01171869e-06
4.986480873e-06
4.957002428e-06
4.929122854e-06
4.910360508e-06
4.909951633e-06
4.915617328e-06
4.916084542e-06
4.93492567e-06
4.96287282e-06
4.992396981e-06
5.017660206e-06
5.034515493e-06
5.040471475e-06
5.034515493e-06
5.017660213e-06
4.992396992e-06
4.962872837e-06
4.934925695e-06
4.916084577e-06
4.91561738e-06
4.909951578e-06
4.910360471e-06
4.929122829e-06
4.957002408e-06
4.986480861e-06
5.011718682e-06
5.028562589e-06
5.034515491e-06
5.028562589e-06
5.011718687e-06
4.986480871e-06
4.957002428e-06
4.929122853e-06
4.910360509e-06
4.909951639e-06
4.893974422e-06
4.894218375e-06
4.912749066e-06
4.940424518e-06
4.969760109e-06
4.994914581e-06
5.011718684e-06
5.017660209e-06
5.011718689e-06
4.994914588e-06
4.969760118e-06
4.940424535e-06
4.91274909e-06
4.894218411e-06
4.893974473e-06
4.870196959e-06
4.870195984e-06
4.888354575e-06
4.915685627e-06
4.944765961e-06
4.969760111e-06
4.986480869e-06
4.992396988e-06
4.98648087e-06
4.969760115e-06
4.944765973e-06
4.915685646e-06
4.888354599e-06
4.87019602e-06
4.870197011e-06
4.842719383e-06
4.842446011e-06
4.860126019e-06
4.886982196e-06
4.915685634e-06
4.940424526e-06
4.957002418e-06
4.962872828e-06
4.957002421e-06
4.940424529e-06
4.915685645e-06
4.886982213e-06
4.860126044e-06
4.842446047e-06
4.842719424e-06
4.817138349e-06
4.816653581e-06
4.83382522e-06
4.860126025e-06
4.888354584e-06
4.912749081e-06
4.929122845e-06
4.934925687e-06
4.929122848e-06
4.912749084e-06
4.888354595e-06
4.860126041e-06
4.833825243e-06
4.81665362e-06
4.817138389e-06
4.800367203e-06
4.79987094e-06
4.816653595e-06
4.842446026e-06
4.870196004e-06
4.894218398e-06
4.910360495e-06
4.916084566e-06
4.910360497e-06
4.894218404e-06
4.870196016e-06
4.842446042e-06
4.816653614e-06
4.799870975e-06
4.800367247e-06
4.800467184e-06
4.80036721e-06
4.817138363e-06
4.842719408e-06
4.870196994e-06
4.893974458e-06
4.909951612e-06
4.915617356e-06
4.909951625e-06
4.89397446e-06
4.870196988e-06
4.842719405e-06
4.817138382e-06
4.800367239e-06
4.800467211e-06
4.794891138e-06
4.79456702e-06
4.817992987e-06
4.853871949e-06
4.892494801e-06
4.925968552e-06
4.948484693e-06
4.956473649e-06
4.948484687e-06
4.925968563e-06
4.892494814e-06
4.853871959e-06
4.817993003e-06
4.794567051e-06
4.794891181e-06
4.794567024e-06
4.793505645e-06
4.816923484e-06
4.85317362e-06
4.892298762e-06
4.926236434e-06
4.94907029e-06
4.957172469e-06
4.949070292e-06
4.926236436e-06
4.89229877e-06
4.853173634e-06
4.8169235e-06
4.793505677e-06
4.794567071e-06
4.81799298e-06
4.816923485e-06
4.840904563e-06
4.877910953e-06
4.917760393e-06
4.952268856e-06
4.975461564e-06
4.983686391e-06
4.975461566e-06
4.95226886e-06
4.917760402e-06
4.877910968e-06
4.840904581e-06
4.816923516e-06
4.817993041e-06
4.853871931e-06
4.853173619e-06
4.877910951e-06
4.915717996e-06
4.956241898e-06
4.991234882e-06
5.014712999e-06
5.023031978e-06
5.014713001e-06
4.991234888e-06
4.956241908e-06
4.91571801e-06
4.877910971e-06
4.853173655e-06
4.853871993e-06
4.892494794e-06
4.892298762e-06
4.917760391e-06
4.956241899e-06
4.997278244e-06
5.032605128e-06
5.056264036e-06
5.06463966e-06
5.056264035e-06
5.032605131e-06
4.997278254e-06
4.956241915e-06
4.917760413e-06
4.892298795e-06
4.892494855e-06
4.925968552e-06
4.926236431e-06
4.95226885e-06
4.991234881e-06
5.032605123e-06
5.068125568e-06
5.091876829e-06
5.100278842e-06
5.09187683e-06
5.068125569e-06
5.032605133e-06
4.991234896e-06
4.952268872e-06
4.926236466e-06
4.925968611e-06
4.948484698e-06
4.949070288e-06
4.975461558e-06
5.014712995e-06
5.056264033e-06
5.091876828e-06
5.115664847e-06
5.124075666e-06
5.115664847e-06
5.091876831e-06
5.056264039e-06
5.01471301e-06
4.975461579e-06
4.949070321e-06
4.948484745e-06
4.956473655e-06
4.957172463e-06
4.983686384e-06
5.023031971e-06
5.064639654e-06
5.100278838e-06
5.124075665e-06
5.13248812e-06
5.124075665e-06
5.100278842e-06
5.064639662e-06
5.023031985e-06
4.983686406e-06
4.957172499e-06
4.956473704e-06
4.948484694e-06
4.949070282e-06
4.975461557e-06
5.014712992e-06
5.056264027e-06
5.091876825e-06
5.115664847e-06
5.124075663e-06
5.115664846e-06
5.091876826e-06
5.056264035e-06
5.014713007e-06
4.975461579e-06
4.949070321e-06
4.948484741e-06
4.925968546e-06
4.926236425e-06
4.952268851e-06
4.991234876e-06
5.03260512e-06
5.068125563e-06
5.091876825e-06
5.100278836e-06
5.091876825e-06
5.068125568e-06
5.032605128e-06
4.991234891e-06
4.95226887e-06
4.926236463e-06
4.925968603e-06
4.892494796e-06
4.892298755e-06
4.917760391e-06
4.956241893e-06
4.997278241e-06
5.032605123e-06
5.056264034e-06
5.064639658e-06
5.056264033e-06
5.032605126e-06
4.997278249e-06
4.956241908e-06
4.91776041e-06
4.892298795e-06
4.892494862e-06
4.85387195e-06
4.853173619e-06
4.877910954e-06
4.915717997e-06
4.956241898e-06
4.991234885e-06
5.014713001e-06
5.023031977e-06
5.014713e-06
4.991234888e-06
4.956241908e-06
4.91571801e-06
4.877910975e-06
4.853173656e-06
4.853871995e-06
4.817992995e-06
4.816923489e-06
4.840904569e-06
4.877910958e-06
4.917760399e-06
4.952268864e-06
4.97546157e-06
4.983686397e-06
4.975461572e-06
4.952268865e-06
4.917760408e-06
4.877910973e-06
4.840904592e-06
4.816923527e-06
4.817993042e-06
4.794567044e-06
4.79350566e-06
4.816923503e-06
4.85317364e-06
4.892298781e-06
4.926236454e-06
4.949070312e-06
4.957172489e-06
4.949070311e-06
4.926236456e-06
4.892298791e-06
4.853173651e-06
4.816923522e-06
4.793505697e-06
4.794567083e-06
4.794891166e-06
4.794567047e-06
4.817993014e-06
4.853871975e-06
4.892494834e-06
4.925968591e-06
4.948484734e-06
4.95647369e-06
4.948484736e-06
4.925968589e-06
4.892494841e-06
4.853871984e-06
4.817993037e-06
4.794567076e-06
4.794891186e-06
4.789229633e-06
4.788575129e-06
4.818624957e-06
4.864839629e-06
4.914696744e-06
4.957973684e-06
4.98711426e-06
4.997459278e-06
4.987114248e-06
4.957973684e-06
4.914696755e-06
4.864839644e-06
4.818624976e-06
4.788575161e-06
4.789229664e-06
4.788575122e-06
4.786737128e-06
4.816745233e-06
4.863534263e-06
4.914193323e-06
4.958222999e-06
4.987884144e-06
4.998415478e-06
4.987884146e-06
4.958223e-06
4.914193327e-06
4.863534273e-06
4.816745246e-06
4.78673716e-06
4.788575173e-06
4.818624951e-06
4.816745233e-06
4.847501593e-06
4.895320451e-06
4.946980844e-06
4.991808758e-06
5.021975856e-06
5.032680849e-06
5.021975857e-06
4.991808761e-06
4.94698085e-06
4.895320464e-06
4.847501606e-06
4.816745266e-06
4.818625009e-06
4.864839634e-06
4.863534263e-06
4.895320453e-06
4.944198593e-06
4.99673859e-06
5.042192517e-06
5.072726088e-06
5.083551558e-06
5.072726087e-06
5.042192521e-06
4.996738596e-06
4.944198606e-06
4.895320468e-06
4.863534298e-06
4.864839681e-06
4.91469675e-06
4.914193322e-06
4.946980842e-06
4.996738589e-06
5.049917804e-06
5.095770733e-06
5.126511939e-06
5.137400756e-06
5.126511938e-06
5.095770735e-06
5.04991781e-06
4.996738603e-06
4.946980864e-06
4.914193357e-06
4.914696809e-06
4.957973686e-06
4.958222997e-06
4.991808757e-06
5.042192515e-06
5.09577073e-06
5.141832634e-06
5.172661161e-06
5.183572053e-06
5.172661159e-06
5.141832632e-06
5.095770735e-06
5.042192525e-06
4.991808775e-06
4.958223031e-06
4.957973751e-06
4.987114261e-06
4.987884142e-06
5.021975851e-06
5.07272608e-06
5.126511935e-06
5.17266116e-06
5.20351246e-06
5.214425474e-06
5.20351246e-06
5.172661159e-06
5.126511941e-06
5.072726094e-06
5.021975868e-06
4.987884178e-06
4.987114311e-06
4.997459266e-06
4.998415472e-06
5.032680843e-06
5.083551552e-06
5.137400749e-06
5.183572051e-06
5.214425473e-06
5.225337138e-06
5.214425472e-06
5.183572049e-06
5.137400755e-06
5.083551563e-06
5.032680861e-06
4.99841551e-06
4.997459322e-06
4.987114255e-06
4.987884135e-06
5.021975848e-06
5.072726078e-06
5.126511929e-06
5.172661154e-06
5.203512457e-06
5.21442547e-06
5.203512457e-06
5.172661153e-06
5.126511935e-06
5.07272609e-06
5.021975866e-06
4.987884176e-06
4.987114298e-06
4.957973682e-06
4.958222987e-06
4.991808754e-06
5.042192508e-06
5.095770723e-06
5.141832627e-06
5.172661156e-06
5.183572045e-06
5.172661151e-06
5.141832627e-06
5.095770731e-06
5.042192521e-06
4.991808772e-06
4.958223028e-06
4.957973727e-06
4.914696745e-06
4.914193316e-06
4.946980841e-06
4.996738583e-06
5.0499178e-06
5.095770726e-06
5.126511935e-06
5.137400751e-06
5.126511932e-06
5.095770728e-06
5.049917804e-06
4.996738595e-06
4.946980857e-06
4.914193354e-06
4.914696806e-06
4.864839631e-06
4.863534259e-06
4.895320449e-06
4.944198591e-06
4.996738588e-06
5.042192516e-06
5.072726087e-06
5.083551556e-06
5.072726084e-06
5.042192517e-06
4.996738593e-06
4.944198601e-06
4.895320469e-06
4.863534298e-06
4.864839681e-06
4.818624956e-06
4.816745237e-06
4.847501599e-06
4.895320454e-06
4.94698085e-06
4.991808767e-06
5.021975861e-06
5.032680853e-06
5.021975861e-06
4.991808765e-06
4.946980856e-06
4.895320468e-06
4.84750162e-06
4.816745276e-06
4.818625004e-06
4.788575146e-06
4.786737146e-06
4.816745252e-06
4.863534282e-06
4.914193343e-06
4.958223019e-06
4.98788417e-06
4.998415498e-06
4.987884166e-06
4.958223018e-06
4.91419335e-06
4.863534292e-06
4.816745272e-06
4.786737184e-06
4.788575187e-06
4.78922965e-06
4.788575152e-06
4.818624986e-06
4.864839656e-06
4.914696781e-06
4.957973719e-06
4.987114302e-06
4.997459319e-06
4.987114301e-06
4.957973722e-06
4.914696795e-06
4.86483968e-06
4.818625013e-06
4.788575182e-06
4.789229684e-06
4.783482567e-06
4.782391443e-06
4.819034191e-06
4.875622369e-06
4.936802738e-06
4.989989762e-06
5.025840215e-06
5.038574134e-06
5.025840217e-06
4.989989762e-06
4.936802744e-06
4.875622388e-06
4.819034207e-06
4.782391475e-06
4.783482615e-06
4.78239144e-06
4.779565323e-06
4.816118766e-06
4.87352788e-06
4.935879611e-06
4.990178016e-06
5.026801986e-06
5.039813519e-06
5.026801983e-06
4.990178015e-06
4.935879613e-06
4.873527888e-06
4.816118776e-06
4.779565353e-06
4.782391489e-06
4.819034199e-06
4.816118768e-06
4.853616247e-06
4.912354454e-06
4.976015873e-06
5.031368726e-06
5.068665654e-06
5.081908993e-06
5.068665653e-06
5.031368728e-06
4.976015877e-06
4.912354465e-06
4.853616256e-06
4.8161188e-06
4.819034243e-06
4.875622395e-06
4.873527881e-06
4.912354458e-06
4.972423923e-06
5.037175646e-06
5.093297366e-06
5.131041621e-06
5.144431511e-06
5.131041619e-06
5.093297367e-06
5.037175651e-06
4.972423936e-06
4.91235447e-06
4.873527914e-06
4.875622427e-06
4.936802754e-06
4.935879611e-06
4.976015873e-06
5.037175646e-06
5.102684584e-06
5.159256871e-06
5.19722452e-06
5.210680217e-06
5.197224517e-06
5.15925687e-06
5.102684588e-06
5.037175659e-06
4.97601589e-06
4.935879649e-06
4.93680281e-06
4.989989767e-06
4.990178014e-06
5.031368727e-06
5.093297363e-06
5.159256868e-06
5.216035721e-06
5.25407162e-06
5.267539784e-06
5.254071618e-06
5.216035718e-06
5.159256872e-06
5.093297371e-06
5.03136874e-06
4.990178047e-06
4.989989837e-06
5.025840218e-06
5.026801983e-06
5.068665652e-06
5.131041613e-06
5.197224515e-06
5.254071619e-06
5.292105369e-06
5.305564858e-06
5.292105367e-06
5.254071615e-06
5.19722452e-06
5.131041622e-06
5.068665666e-06
5.02680202e-06
5.025840274e-06
5.038574122e-06
5.039813515e-06
5.08190899e-06
5.144431504e-06
5.210680209e-06
5.267539782e-06
5.305564858e-06
5.319018471e-06
5.305564855e-06
5.267539778e-06
5.210680212e-06
5.144431513e-06
5.081909003e-06
5.039813551e-06
5.038574177e-06
5.025840211e-06
5.026801976e-06
5.068665645e-06
5.131041609e-06
5.197224509e-06
5.25407161e-06
5.292105363e-06
5.305564851e-06
5.292105361e-06
5.254071609e-06
5.197224512e-06
5.131041619e-06
5.068665662e-06
5.026802015e-06
5.025840263e-06
4.989989757e-06
4.990178004e-06
5.031368719e-06
5.093297355e-06
5.15925686e-06
5.216035712e-06
5.254071614e-06
5.267539775e-06
5.254071607e-06
5.216035709e-06
5.159256864e-06
5.093297362e-06
5.031368736e-06
4.990178042e-06
4.989989808e-06
4.936802739e-06
4.935879602e-06
4.976015867e-06
5.037175637e-06
5.102684578e-06
5.159256861e-06
5.197224513e-06
5.210680209e-06
5.197224509e-06
5.15925686e-06
5.102684581e-06
5.037175648e-06
4.976015885e-06
4.935879643e-06
4.936802799e-06
4.875622373e-06
4.873527878e-06
4.912354453e-06
4.972423919e-06
5.037175646e-06
5.093297361e-06
5.131041617e-06
5.144431505e-06
5.131041613e-06
5.093297359e-06
5.037175645e-06
4.972423926e-06
4.91235447e-06
4.873527915e-06
4.875622425e-06
4.81903419e-06
4.81611877e-06
4.853616251e-06
4.912354457e-06
4.976015879e-06
5.031368732e-06
5.068665659e-06
5.081908997e-06
5.068665658e-06
5.031368729e-06
4.976015881e-06
4.912354467e-06
4.853616269e-06
4.816118809e-06
4.819034235e-06
4.78239146e-06
4.779565342e-06
4.816118788e-06
4.873527899e-06
4.935879634e-06
4.990178037e-06
5.026802012e-06
5.039813541e-06
5.026802005e-06
4.990178033e-06
4.935879636e-06
4.873527908e-06
4.816118806e-06
4.779565378e-06
4.782391508e-06
4.78348259e-06
4.782391471e-06
4.819034215e-06
4.875622406e-06
4.936802789e-06
4.989989806e-06
5.025840258e-06
5.038574165e-06
5.025840255e-06
4.989989804e-06
4.936802786e-06
4.875622418e-06
4.819034245e-06
4.782391504e-06
4.783482636e-06
4.777649974e-06
4.776015983e-06
4.8192207e-06
4.886220188e-06
4.958812796e-06
5.022016807e-06
5.064662588e-06
5.079818237e-06
5.064662585e-06
5.022016807e-06
4.958812808e-06
4.886220208e-06
4.81922072e-06
4.77601602e-06
4.77765003e-06
4.776016e-06
4.771990246e-06
4.815044103e-06
4.883154489e-06
4.957357646e-06
5.022101504e-06
5.06582383e-06
5.081366609e-06
5.065823825e-06
5.0221015e-06
4.957357648e-06
4.883154496e-06
4.815044109e-06
4.771990276e-06
4.776016037e-06
4.819220721e-06
4.815044106e-06
4.859248542e-06
4.929012985e-06
5.0048655e-06
5.070948776e-06
5.115530979e-06
5.131370847e-06
5.115530976e-06
5.070948776e-06
5.004865501e-06
4.929012991e-06
4.859248547e-06
4.815044136e-06
4.819220762e-06
4.886220215e-06
4.883154496e-06
4.929012987e-06
5.00039401e-06
5.077553088e-06
5.144549447e-06
5.189659616e-06
5.205671851e-06
5.189659611e-06
5.144549445e-06
5.07755309e-06
5.000394019e-06
4.929012998e-06
4.883154527e-06
4.886220263e-06
4.958812821e-06
4.957357648e-06
5.004865499e-06
5.077553087e-06
5.155578606e-06
5.223063561e-06
5.2684018e-06
5.284478062e-06
5.268401795e-06
5.223063559e-06
5.155578609e-06
5.077553099e-06
5.004865515e-06
4.957357685e-06
4.958812885e-06
5.022016823e-06
5.022101505e-06
5.070948777e-06
5.144549443e-06
5.223063558e-06
5.29073485e-06
5.336108227e-06
5.352182056e-06
5.336108223e-06
5.290734845e-06
5.22306356e-06
5.14454945e-06
5.070948787e-06
5.022101535e-06
5.022016888e-06
5.064662591e-06
5.065823829e-06
5.115530978e-06
5.18965961e-06
5.268401794e-06
5.336108227e-06
5.381443591e-06
5.397493837e-06
5.381443587e-06
5.33610822e-06
5.268401793e-06
5.189659615e-06
5.115530991e-06
5.065823864e-06
5.064662654e-06
5.079818233e-06
5.081366608e-06
5.131370844e-06
5.205671844e-06
5.284478055e-06
5.352182054e-06
5.397493838e-06
5.413532137e-06
5.397493833e-06
5.352182047e-06
5.284478054e-06
5.20567185e-06
5.131370856e-06
5.081366643e-06
5.079818285e-06
5.064662583e-06
5.065823821e-06
5.115530969e-06
5.189659604e-06
5.268401785e-06
5.336108217e-06
5.381443585e-06
5.397493829e-06
5.38144358e-06
5.336108213e-06
5.268401785e-06
5.189659611e-06
5.115530986e-06
5.065823858e-06
5.064662634e-06
5.022016798e-06
5.022101492e-06
5.070948765e-06
5.144549435e-06
5.223063549e-06
5.290734837e-06
5.336108219e-06
5.352182045e-06
5.336108211e-06
5.290734833e-06
5.223063549e-06
5.144549437e-06
5.070948781e-06
5.022101529e-06
5.022016855e-06
4.958812801e-06
4.957357636e-06
5.004865489e-06
5.077553076e-06
5.155578595e-06
5.223063548e-06
5.26840179e-06
5.28447805e-06
5.268401784e-06
5.223063544e-06
5.155578597e-06
5.077553082e-06
5.004865508e-06
4.957357678e-06
4.958812867e-06
4.886220201e-06
4.88315449e-06
4.929012982e-06
5.000394003e-06
5.077553084e-06
5.144549441e-06
5.189659612e-06
5.205671843e-06
5.189659606e-06
5.144549434e-06
5.077553082e-06
5.000394008e-06
4.929012998e-06
4.883154525e-06
4.886220249e-06
4.819220717e-06
4.815044104e-06
4.859248543e-06
4.929012986e-06
5.004865504e-06
5.070948779e-06
5.115530983e-06
5.131370848e-06
5.11553098e-06
5.070948774e-06
5.004865504e-06
4.929012992e-06
4.85924856e-06
4.815044145e-06
4.819220759e-06
4.77601601e-06
4.771990267e-06
4.815044129e-06
4.883154515e-06
4.957357672e-06
5.022101527e-06
5.065823857e-06
5.081366635e-06
5.06582385e-06
5.02210152e-06
4.957357673e-06
4.883154517e-06
4.815044144e-06
4.771990302e-06
4.776016061e-06
4.777650003e-06
4.776016023e-06
4.819220745e-06
4.886220242e-06
4.958812864e-06
5.022016859e-06
5.06466263e-06
5.079818274e-06
5.064662626e-06
5.022016843e-06
4.958812844e-06
4.886220232e-06
4.81922076e-06
4.776016057e-06
4.777650053e-06
4.771731864e-06
4.769448772e-06
4.819184503e-06
4.89663309e-06
4.980726928e-06
5.054054816e-06
5.103581376e-06
5.121191594e-06
5.103581368e-06
5.054054819e-06
4.980726936e-06
4.896633107e-06
4.819184518e-06
4.769448799e-06
4.771731918e-06
4.769448777e-06
4.764011898e-06
4.813521244e-06
4.892414093e-06
4.978627432e-06
5.053993463e-06
5.104949678e-06
5.123074751e-06
5.104949672e-06
5.053993457e-06
4.978627428e-06
4.8924141e-06
4.813521248e-06
4.764011925e-06
4.769448827e-06
4.819184518e-06
4.813521248e-06
4.864398479e-06
4.94529604e-06
5.033529723e-06
5.110548905e-06
5.162571832e-06
5.181066408e-06
5.162571825e-06
5.110548901e-06
5.033529722e-06
4.945296045e-06
4.864398482e-06
4.813521277e-06
4.819184574e-06
4.896633111e-06
4.892414101e-06
4.945296042e-06
5.028108851e-06
5.117870914e-06
5.195948761e-06
5.248580077e-06
5.267272581e-06
5.24858007e-06
5.195948757e-06
5.117870916e-06
5.028108857e-06
4.94529605e-06
4.892414136e-06
4.896633175e-06
4.980726954e-06
4.978627435e-06
5.033529724e-06
5.117870913e-06
5.208599867e-06
5.287190806e-06
5.340043775e-06
5.358794291e-06
5.340043769e-06
5.2871908e-06
5.208599869e-06
5.117870921e-06
5.033529738e-06
4.978627472e-06
4.980727014e-06
5.054054846e-06
5.053993467e-06
5.110548906e-06
5.195948757e-06
5.287190802e-06
5.365930019e-06
5.418770982e-06
5.437498868e-06
5.418770976e-06
5.365930013e-06
5.287190798e-06
5.195948759e-06
5.110548914e-06
5.053993497e-06
5.054054888e-06
5.103581393e-06
5.104949678e-06
5.162571829e-06
5.24858007e-06
5.34004377e-06
5.418770981e-06
5.471527129e-06
5.490212412e-06
5.471527123e-06
5.418770974e-06
5.340043765e-06
5.248580074e-06
5.162571841e-06
5.104949713e-06
5.103581442e-06
5.121191599e-06
5.123074751e-06
5.181066405e-06
5.267272576e-06
5.358794284e-06
5.437498865e-06
5.490212413e-06
5.508878138e-06
5.490212407e-06
5.437498856e-06
5.358794282e-06
5.267272578e-06
5.181066417e-06
5.123074785e-06
5.121191659e-06
5.103581373e-06
5.104949669e-06
5.16257182e-06
5.248580062e-06
5.340043759e-06
5.418770971e-06
5.471527121e-06
5.490212403e-06
5.471527115e-06
5.418770963e-06
5.340043757e-06
5.248580067e-06
5.162571834e-06
5.104949706e-06
5.103581431e-06
5.054054816e-06
5.05399345e-06
5.110548893e-06
5.195948746e-06
5.287190789e-06
5.365930006e-06
5.418770972e-06
5.437498853e-06
5.418770963e-06
5.365929998e-06
5.287190786e-06
5.195948747e-06
5.110548907e-06
5.053993489e-06
5.054054868e-06
4.980726926e-06
4.978627419e-06
5.03352971e-06
5.1178709e-06
5.208599853e-06
5.287190789e-06
5.340043761e-06
5.358794276e-06
5.340043754e-06
5.287190782e-06
5.208599853e-06
5.117870903e-06
5.033529729e-06
4.978627461e-06
4.980726998e-06
4.896633106e-06
4.89241409e-06
4.945296036e-06
5.028108843e-06
5.117870905e-06
5.195948753e-06
5.248580071e-06
5.267272572e-06
5.248580062e-06
5.195948741e-06
5.117870904e-06
5.028108842e-06
4.945296049e-06
4.892414126e-06
4.89663316e-06
4.819184522e-06
4.813521243e-06
4.864398479e-06
4.94529604e-06
5.033529726e-06
5.110548909e-06
5.162571835e-06
5.181066408e-06
5.162571829e-06
5.110548899e-06
5.033529726e-06
4.945296042e-06
4.864398496e-06
4.813521285e-06
4.819184577e-06
4.769448793e-06
4.764011917e-06
4.81352127e-06
4.892414122e-06
4.978627458e-06
5.053993488e-06
5.104949708e-06
5.123074778e-06
5.104949699e-06
5.053993478e-06
4.978627456e-06
4.89241412e-06
4.813521285e-06
4.764011954e-06
4.769448847e-06
4.7717319e-06
4.769448807e-06
4.81918456e-06
4.896633148e-06
4.980726987e-06
5.054054868e-06
5.103581428e-06
5.121191649e-06
5.103581414e-06
5.054054845e-06
4.980726967e-06
4.896633133e-06
4.81918456e-06
4.769448834e-06
4.771731945e-06
4.765728228e-06
4.762689795e-06
4.818925599e-06
4.90686108e-06
5.002545133e-06
5.086103803e-06
5.142596581e-06
5.162694206e-06
5.142596576e-06
5.086103803e-06
5.002545129e-06
4.906861084e-06
4.818925601e-06
4.76268981e-06
4.765728291e-06
4.762689795e-06
4.755630278e-06
4.811550189e-06
4.901306694e-06
4.999688965e-06
5.085853895e-06
5.144179529e-06
5.164937944e-06
5.144179523e-06
5.085853887e-06
4.999688957e-06
4.901306697e-06
4.811550187e-06
4.7556303e-06
4.762689852e-06
4.818925609e-06
4.811550192e-06
4.869066059e-06
4.961203618e-06
5.062008544e-06
5.150169116e-06
5.20978821e-06
5.230995676e-06
5.209788202e-06
5.15016911e-06
5.062008539e-06
4.961203624e-06
4.869066059e-06
4.811550221e-06
4.818925669e-06
4.906861087e-06
4.901306699e-06
4.961203625e-06
5.055568445e-06
5.158129125e-06
5.24749531e-06
5.307803001e-06
5.329233703e-06
5.307802994e-06
5.247495303e-06
5.158129123e-06
5.055568451e-06
4.961203625e-06
4.901306734e-06
4.906861154e-06
5.002545144e-06
4.999688969e-06
5.062008547e-06
5.158129126e-06
5.26174837e-06
5.351638601e-06
5.412150446e-06
5.433628903e-06
5.412150438e-06
5.351638593e-06
5.261748368e-06
5.158129132e-06
5.062008556e-06
4.999689008e-06
5.002545202e-06
5.086103826e-06
5.0858539e-06
5.150169119e-06
5.247495305e-06
5.351638597e-06
5.441621229e-06
5.502059886e-06
5.523490219e-06
5.502059878e-06
5.441621221e-06
5.351638588e-06
5.247495304e-06
5.150169123e-06
5.085853931e-06
5.086103856e-06
5.142596601e-06
5.144179531e-06
5.209788207e-06
5.307802995e-06
5.412150441e-06
5.502059884e-06
5.562355982e-06
5.583720584e-06
5.562355973e-06
5.502059876e-06
5.412150436e-06
5.307802996e-06
5.209788216e-06
5.144179564e-06
5.142596646e-06
5.162694222e-06
5.164937943e-06
5.230995674e-06
5.329233698e-06
5.433628896e-06
5.523490217e-06
5.583720585e-06
5.605056472e-06
5.583720575e-06
5.523490206e-06
5.433628892e-06
5.329233696e-06
5.230995683e-06
5.164937979e-06
5.162694287e-06
5.142596589e-06
5.144179518e-06
5.209788198e-06
5.307802985e-06
5.41215043e-06
5.502059872e-06
5.562355973e-06
5.583720573e-06
5.562355964e-06
5.502059862e-06
5.412150426e-06
5.307802985e-06
5.209788208e-06
5.144179559e-06
5.142596654e-06
5.086103802e-06
5.085853882e-06
5.150169104e-06
5.247495289e-06
5.35163858e-06
5.441621213e-06
5.502059874e-06
5.523490203e-06
5.502059863e-06
5.441621202e-06
5.351638577e-06
5.247495289e-06
5.150169115e-06
5.085853921e-06
5.086103858e-06
5.002545118e-06
4.999688949e-06
5.062008531e-06
5.158129109e-06
5.261748352e-06
5.351638581e-06
5.41215043e-06
5.433628884e-06
5.412150421e-06
5.351638569e-06
5.261748348e-06
5.158129109e-06
5.062008545e-06
4.999688991e-06
5.002545185e-06
4.906861079e-06
4.901306685e-06
4.961203614e-06
5.055568436e-06
5.158129115e-06
5.2474953e-06
5.307802994e-06
5.329233691e-06
5.307802982e-06
5.247495283e-06
5.158129112e-06
5.055568431e-06
4.961203624e-06
4.901306724e-06
4.906861139e-06
4.81892561e-06
4.811550187e-06
4.86906606e-06
4.961203619e-06
5.062008545e-06
5.150169118e-06
5.209788212e-06
5.230995676e-06
5.209788204e-06
5.150169106e-06
5.062008543e-06
4.961203619e-06
4.869066074e-06
4.811550229e-06
4.81892567e-06
4.762689814e-06
4.755630295e-06
4.811550215e-06
4.901306719e-06
4.999688991e-06
5.085853921e-06
5.144179564e-06
5.164937971e-06
5.144179551e-06
5.08585391e-06
4.999688985e-06
4.901306717e-06
4.811550227e-06
4.755630333e-06
4.762689866e-06
4.765728274e-06
4.762689834e-06
4.818925653e-06
4.906861122e-06
5.002545174e-06
5.086103851e-06
5.142596643e-06
5.16269427e-06
5.142596627e-06
5.086103823e-06
5.002545163e-06
4.906861122e-06
4.818925656e-06
4.762689856e-06
4.765728321e-06
4.759639048e-06
4.755739013e-06
4.818443952e-06
4.91690412e-06
5.024267374e-06
5.118163736e-06
5.181708192e-06
5.204326063e-06
5.181708172e-06
5.118163716e-06
5.024267359e-06
4.916904112e-06
4.81844394e-06
4.755739037e-06
4.759639109e-06
4.755739035e-06
4.746845365e-06
4.809130919e-06
4.909832269e-06
5.020542224e-06
5.11768278e-06
5.183513363e-06
5.206956166e-06
5.183513358e-06
5.11768277e-06
5.020542214e-06
4.909832266e-06
4.809130911e-06
4.746845387e-06
4.755739082e-06
4.818443966e-06
4.80913092e-06
4.873251263e-06
4.976735707e-06
5.090301941e-06
5.189809389e-06
5.257180092e-06
5.281158631e-06
5.257180083e-06
5.189809382e-06
5.090301934e-06
4.976735708e-06
4.873251259e-06
4.809130949e-06
4.818444023e-06
4.916904123e-06
4.909832274e-06
4.976735711e-06
5.082772776e-06
5.198327702e-06
5.299189071e-06
5.36732837e-06
5.391555194e-06
5.367328362e-06
5.299189062e-06
5.198327695e-06
5.082772781e-06
4.976735712e-06
4.909832308e-06
4.916904194e-06
5.024267379e-06
5.02054223e-06
5.090301946e-06
5.198327703e-06
5.315024089e-06
5.416406924e-06
5.484721796e-06
5.508981879e-06
5.484721785e-06
5.416406916e-06
5.315024086e-06
5.198327706e-06
5.090301951e-06
5.020542268e-06
5.024267444e-06
5.118163751e-06
5.117682785e-06
5.189809393e-06
5.299189065e-06
5.416406921e-06
5.51780846e-06
5.585974916e-06
5.610156089e-06
5.585974907e-06
5.517808447e-06
5.416406911e-06
5.299189064e-06
5.189809395e-06
5.117682818e-06
5.118163787e-06
5.181708204e-06
5.183513369e-06
5.257180093e-06
5.367328364e-06
5.484721788e-06
5.585974914e-06
5.653930127e-06
5.678018328e-06
5.653930115e-06
5.585974902e-06
5.484721781e-06
5.367328361e-06
5.257180094e-06
5.183513402e-06
5.181708254e-06
5.20432608e-06
5.206956167e-06
5.28115863e-06
5.391555188e-06
5.508981872e-06
5.610156087e-06
5.678018329e-06
5.702067117e-06
5.678018318e-06
5.610156074e-06
5.508981865e-06
5.391555183e-06
5.281158636e-06
5.206956204e-06
5.204326141e-06
5.18170819e-06
5.183513352e-06
5.257180079e-06
5.367328351e-06
5.484721775e-06
5.585974902e-06
5.653930115e-06
5.678018317e-06
5.653930106e-06
5.585974889e-06
5.48472177e-06
5.367328349e-06
5.257180089e-06
5.183513395e-06
5.181708261e-06
5.118163722e-06
5.117682766e-06
5.189809375e-06
5.299189048e-06
5.416406902e-06
5.517808443e-06
5.585974901e-06
5.61015607e-06
5.585974888e-06
5.517808427e-06
5.416406897e-06
5.299189044e-06
5.189809384e-06
5.117682806e-06
5.118163793e-06
5.024267355e-06
5.020542208e-06
5.090301929e-06
5.198327684e-06
5.315024071e-06
5.416406903e-06
5.484721774e-06
5.508981856e-06
5.484721765e-06
5.416406888e-06
5.315024063e-06
5.198327679e-06
5.090301938e-06
5.02054225e-06
5.024267419e-06
4.916904111e-06
4.909832258e-06
4.976735698e-06
5.082772763e-06
5.19832769e-06
5.299189059e-06
5.367328361e-06
5.391555179e-06
5.367328348e-06
5.299189038e-06
5.198327682e-06
5.082772759e-06
4.976735706e-06
4.909832296e-06
4.916904169e-06
4.818443962e-06
4.809130914e-06
4.873251261e-06
4.976735703e-06
5.090301941e-06
5.18980939e-06
5.257180095e-06
5.28115863e-06
5.257180085e-06
5.189809375e-06
5.090301937e-06
4.976735701e-06
4.873251274e-06
4.809130957e-06
4.818444019e-06
4.755739053e-06
4.746845384e-06
4.809130946e-06
4.909832294e-06
5.020542254e-06
5.117682807e-06
5.183513399e-06
5.206956194e-06
5.183513387e-06
5.117682793e-06
5.020542245e-06
4.909832288e-06
4.809130954e-06
4.746845423e-06
4.7557391e-06
4.759639102e-06
4.755739075e-06
4.81844401e-06
4.916904163e-06
5.024267416e-06
5.118163783e-06
5.181708252e-06
5.204326125e-06
5.181708235e-06
5.118163749e-06
5.024267406e-06
4.91690416e-06
4.818444006e-06
4.755739091e-06
4.759639141e-06
4.753464381e-06
4.748596511e-06
4.817739626e-06
4.926762264e-06
5.045893706e-06
5.150234664e-06
5.220916256e-06
5.246087219e-06
5.220916235e-06
5.150234635e-06
5.045893688e-06
4.926762257e-06
4.817739609e-06
4.74859654e-06
4.753464443e-06
4.748596533e-06
4.737657221e-06
4.80626349e-06
4.917990875e-06
5.041187272e-06
5.149480178e-06
5.222951248e-06
5.249129482e-06
5.222951238e-06
5.149480166e-06
5.04118726e-06
4.91799087e-06
4.806263479e-06
4.737657243e-06
4.748596585e-06
4.817739644e-06
4.806263493e-06
4.876954148e-06
4.99189236e-06
5.118409979e-06
5.229469786e-06
5.304747543e-06
5.331555338e-06
5.304747533e-06
5.229469775e-06
5.118409968e-06
4.991892355e-06
4.876954141e-06
4.80626352e-06
4.817739698e-06
4.926762279e-06
4.917990883e-06
4.991892361e-06
5.109721905e-06
5.238466704e-06
5.351030108e-06
5.427156246e-06
5.454237118e-06
5.427156236e-06
5.351030097e-06
5.238466696e-06
5.109721905e-06
4.991892362e-06
4.917990914e-06
4.926762352e-06
5.045893721e-06
5.041187281e-06
5.118409985e-06
5.238466706e-06
5.368427091e-06
5.481495845e-06
5.557757884e-06
5.584853284e-06
5.557757874e-06
5.481495835e-06
5.368427086e-06
5.238466704e-06
5.118409986e-06
5.041187317e-06
5.045893791e-06
5.150234677e-06
5.149480183e-06
5.229469788e-06
5.351030102e-06
5.48149584e-06
5.594491776e-06
5.670516139e-06
5.697496542e-06
5.670516126e-06
5.59449176e-06
5.48149583e-06
5.351030099e-06
5.229469786e-06
5.149480216e-06
5.150234724e-06
5.220916267e-06
5.222951251e-06
5.304747545e-06
5.427156239e-06
5.557757877e-06
5.670516137e-06
5.746249633e-06
5.773105713e-06
5.746249618e-06
5.670516122e-06
5.557757865e-06
5.427156235e-06
5.304747542e-06
5.222951286e-06
5.220916321e-06
5.24608723e-06
5.249129481e-06
5.331555337e-06
5.454237109e-06
5.584853276e-06
5.697496541e-06
5.773105715e-06
5.799910141e-06
5.773105701e-06
5.697496525e-06
5.584853264e-06
5.454237104e-06
5.331555338e-06
5.24912952e-06
5.246087291e-06
5.220916242e-06
5.222951233e-06
5.304747529e-06
5.427156223e-06
5.55775786e-06
5.670516123e-06
5.746249617e-06
5.773105699e-06
5.746249607e-06
5.670516105e-06
5.557757852e-06
5.42715622e-06
5.304747535e-06
5.222951276e-06
5.220916317e-06
5.150234645e-06
5.149480161e-06
5.229469766e-06
5.351030082e-06
5.48149582e-06
5.594491756e-06
5.670516117e-06
5.69749652e-06
5.670516104e-06
5.594491735e-06
5.48149581e-06
5.351030074e-06
5.229469771e-06
5.149480201e-06
5.150234725e-06
5.045893691e-06
5.041187254e-06
5.11840996e-06
5.238466681e-06
5.368427067e-06
5.48149582e-06
5.557757857e-06
5.584853255e-06
5.557757846e-06
5.481495801e-06
5.36842706e-06
5.238466674e-06
5.118409967e-06
5.041187296e-06
5.045893762e-06
4.926762261e-06
4.917990861e-06
4.991892346e-06
5.109721887e-06
5.238466687e-06
5.351030089e-06
5.427156231e-06
5.454237097e-06
5.427156216e-06
5.351030066e-06
5.238466676e-06
5.109721877e-06
4.991892352e-06
4.9179909e-06
4.926762321e-06
4.817739633e-06
4.80626348e-06
4.876954141e-06
4.991892351e-06
5.118409975e-06
5.229469781e-06
5.304747543e-06
5.331555333e-06
5.304747532e-06
5.229469763e-06
5.118409966e-06
4.991892347e-06
4.876954151e-06
4.806263525e-06
4.817739698e-06
4.748596554e-06
4.737657237e-06
4.806263513e-06
4.917990899e-06
5.041187301e-06
5.149480203e-06
5.222951279e-06
5.249129507e-06
5.222951265e-06
5.149480186e-06
5.04118729e-06
4.91799089e-06
4.806263519e-06
4.737657278e-06
4.7485966e-06
4.753464432e-06
4.748596564e-06
4.817739678e-06
4.926762324e-06
5.045893766e-06
5.150234708e-06
5.220916312e-06
5.246087272e-06
5.220916287e-06
5.150234681e-06
5.045893749e-06
4.92676231e-06
4.817739678e-06
4.748596588e-06
4.753464461e-06
4.747204179e-06
4.741262241e-06
4.816812581e-06
4.936435482e-06
5.067424094e-06
5.182316538e-06
5.260220714e-06
5.287977614e-06
5.260220704e-06
5.182316526e-06
5.067424077e-06
4.936435472e-06
4.816812561e-06
4.741262254e-06
4.747204237e-06
4.74126225e-06
4.72806579e-06
4.802947848e-06
4.92578246e-06
5.061624053e-06
5.181246031e-06
5.262493117e-06
5.29145783e-06
5.262493105e-06
5.181246017e-06
5.061624036e-06
4.925782452e-06
4.802947834e-06
4.728065808e-06
4.741262302e-06
4.816812588e-06
4.802947852e-06
4.880174658e-06
5.006673518e-06
5.146332597e-06
5.269150246e-06
5.352490505e-06
5.382185735e-06
5.352490493e-06
5.269150232e-06
5.146332583e-06
5.006673513e-06
4.880174648e-06
4.802947879e-06
4.816812643e-06
4.936435498e-06
4.925782468e-06
5.006673521e-06
5.136415769e-06
5.278546074e-06
5.403018359e-06
5.487286568e-06
5.517279412e-06
5.487286554e-06
5.403018348e-06
5.278546064e-06
5.136415764e-06
5.006673517e-06
4.925782497e-06
4.93643557e-06
5.067424119e-06
5.061624062e-06
5.146332601e-06
5.278546074e-06
5.421957316e-06
5.546905297e-06
5.63125865e-06
5.661243052e-06
5.631258638e-06
5.546905286e-06
5.421957308e-06
5.278546072e-06
5.146332601e-06
5.061624097e-06
5.067424187e-06
5.182316559e-06
5.181246035e-06
5.269150248e-06
5.403018353e-06
5.546905296e-06
5.671671114e-06
5.75568349e-06
5.785511517e-06
5.755683474e-06
5.671671094e-06
5.546905281e-06
5.403018345e-06
5.26915024e-06
5.181246065e-06
5.18231661e-06
5.260220728e-06
5.262493118e-06
5.352490503e-06
5.487286557e-06
5.631258641e-06
5.755683486e-06
5.839314429e-06
5.868982673e-06
5.839314416e-06
5.755683468e-06
5.631258625e-06
5.48728655e-06
5.352490498e-06
5.262493153e-06
5.260220785e-06
5.287977623e-06
5.291457827e-06
5.38218573e-06
5.517279401e-06
5.661243043e-06
5.785511514e-06
5.868982673e-06
5.898585477e-06
5.868982659e-06
5.785511495e-06
5.661243026e-06
5.517279393e-06
5.382185727e-06
5.291457866e-06
5.287977676e-06
5.260220705e-06
5.262493097e-06
5.352490485e-06
5.487286538e-06
5.631258623e-06
5.755683469e-06
5.839314412e-06
5.868982654e-06
5.839314399e-06
5.755683448e-06
5.631258609e-06
5.487286533e-06
5.352490488e-06
5.26249314e-06
5.26022077e-06
5.182316528e-06
5.181246007e-06
5.269150221e-06
5.403018326e-06
5.546905267e-06
5.671671084e-06
5.755683462e-06
5.78551149e-06
5.755683448e-06
5.671671063e-06
5.546905253e-06
5.403018316e-06
5.269150222e-06
5.181246046e-06
5.182316592e-06
5.067424076e-06
5.061624025e-06
5.146332568e-06
5.27854604e-06
5.421957283e-06
5.546905266e-06
5.631258618e-06
5.661243015e-06
5.631258603e-06
5.546905244e-06
5.421957274e-06
5.278546033e-06
5.146332576e-06
5.061624067e-06
5.067424141e-06
4.936435469e-06
4.925782435e-06
5.006673499e-06
5.136415743e-06
5.278546048e-06
5.403018328e-06
5.487286543e-06
5.517279383e-06
5.487286526e-06
5.403018306e-06
5.278546032e-06
5.13641573e-06
5.006673501e-06
4.925782476e-06
4.936435531e-06
4.816812576e-06
4.802947828e-06
4.880174643e-06
5.006673504e-06
5.146332583e-06
5.269150231e-06
5.352490496e-06
5.382185719e-06
5.352490482e-06
5.269150213e-06
5.146332571e-06
5.006673495e-06
4.88017465e-06
4.802947874e-06
4.81681264e-06
4.74126227e-06
4.728065797e-06
4.802947863e-06
4.925782475e-06
5.061624075e-06
5.18124605e-06
5.262493141e-06
5.291457849e-06
5.262493126e-06
5.181246031e-06
5.06162406e-06
4.925782463e-06
4.80294787e-06
4.728065837e-06
4.741262314e-06
4.747204212e-06
4.741262273e-06
4.816812619e-06
4.936435526e-06
5.067424151e-06
5.182316587e-06
5.260220768e-06
5.287977657e-06
5.260220744e-06
5.18231656e-06
5.067424128e-06
4.936435507e-06
4.816812617e-06
4.7412623e-06
4.747204243e-06
4.740858477e-06
4.733736216e-06
4.81566283e-06
4.945923804e-06
5.088858584e-06
5.214409408e-06
5.299621609e-06
5.329997275e-06
5.2996216e-06
5.214409403e-06
5.088858561e-06
4.945923784e-06
4.815662808e-06
4.733736227e-06
4.740858514e-06
4.733736228e-06
4.718071103e-06
4.79918403e-06
4.933207059e-06
5.081852604e-06
5.212980378e-06
5.30213901e-06
5.33394125e-06
5.302138997e-06
5.21298036e-06
5.081852583e-06
4.933207045e-06
4.79918401e-06
4.718071119e-06
4.733736271e-06
4.815662837e-06
4.799184033e-06
4.882912829e-06
5.021079221e-06
5.174069831e-06
5.308850809e-06
5.400409012e-06
5.433049858e-06
5.400408999e-06
5.308850791e-06
5.174069816e-06
5.021079215e-06
4.882912817e-06
4.799184059e-06
4.815662891e-06
4.945923815e-06
4.933207064e-06
5.021079226e-06
5.162854407e-06
5.31856585e-06
5.455153865e-06
5.547719375e-06
5.580682117e-06
5.54771936e-06
5.45515385e-06
5.318565838e-06
5.162854401e-06
5.021079217e-06
4.933207097e-06
4.945923886e-06
5.088858601e-06
5.081852607e-06
5.174069835e-06
5.318565848e-06
5.4756148e-06
5.612635324e-06
5.705224135e-06
5.738151228e-06
5.705224121e-06
5.61263531e-06
5.475614789e-06
5.318565844e-06
5.174069831e-06
5.081852643e-06
5.088858667e-06
5.214409427e-06
5.21298038e-06
5.308850809e-06
5.455153858e-06
5.612635322e-06
5.749346516e-06
5.841477012e-06
5.874201056e-06
5.841476995e-06
5.749346494e-06
5.612635303e-06
5.455153846e-06
5.308850799e-06
5.212980408e-06
5.214409482e-06
5.299621625e-06
5.30213901e-06
5.400409007e-06
5.547719363e-06
5.705224124e-06
5.841477005e-06
5.933124564e-06
5.96564925e-06
5.933124549e-06
5.841476983e-06
5.705224106e-06
5.547719351e-06
5.400409002e-06
5.302139043e-06
5.299621693e-06
5.329997292e-06
5.333941245e-06
5.433049851e-06
5.580682105e-06
5.738151216e-06
5.87420105e-06
5.965649251e-06
5.99809317e-06
5.965649234e-06
5.874201027e-06
5.738151196e-06
5.580682092e-06
5.433049847e-06
5.333941283e-06
5.329997346e-06
5.299621604e-06
5.302138984e-06
5.400408987e-06
5.547719339e-06
5.705224103e-06
5.841476986e-06
5.933124543e-06
5.965649228e-06
5.933124528e-06
5.841476962e-06
5.705224088e-06
5.547719331e-06
5.400408989e-06
5.302139028e-06
5.299621669e-06
5.214409396e-06
5.212980346e-06
5.308850779e-06
5.455153826e-06
5.612635287e-06
5.74934648e-06
5.84147698e-06
5.874201022e-06
5.841476962e-06
5.749346455e-06
5.612635269e-06
5.455153809e-06
5.308850775e-06
5.212980383e-06
5.214409454e-06
5.088858555e-06
5.081852562e-06
5.174069796e-06
5.318565805e-06
5.475614761e-06
5.612635284e-06
5.705224098e-06
5.738151182e-06
5.70522408e-06
5.612635262e-06
5.475614749e-06
5.318565795e-06
5.174069803e-06
5.081852607e-06
5.088858609e-06
4.945923785e-06
4.933207024e-06
5.021079197e-06
5.162854371e-06
5.318565815e-06
5.455153824e-06
5.547719341e-06
5.580682079e-06
5.547719322e-06
5.455153801e-06
5.318565795e-06
5.162854355e-06
5.021079195e-06
4.933207063e-06
4.945923836e-06
4.81566282e-06
4.799184e-06
4.882912807e-06
5.021079199e-06
5.174069806e-06
5.308850784e-06
5.400408996e-06
5.433049835e-06
5.400408978e-06
5.308850763e-06
5.174069796e-06
5.021079188e-06
4.88291281e-06
4.799184044e-06
4.815662875e-06
4.733736234e-06
4.718071103e-06
4.799184037e-06
4.933207066e-06
5.081852612e-06
5.212980388e-06
5.302139029e-06
5.333941261e-06
5.302139011e-06
5.212980366e-06
5.081852599e-06
4.933207051e-06
4.799184043e-06
4.718071142e-06
4.733736278e-06
4.740858505e-06
4.733736242e-06
4.815662863e-06
4.945923825e-06
5.088858619e-06
5.214409462e-06
5.29962167e-06
5.329997318e-06
5.299621639e-06
5.214409425e-06
5.088858592e-06
4.945923803e-06
4.815662858e-06
4.733736267e-06
4.740858536e-06
4.73442725e-06
4.726018442e-06
4.814290383e-06
4.955227214e-06
5.110197142e-06
5.246513265e-06
5.339118949e-06
5.372146213e-06
5.339118924e-06
5.246513247e-06
5.110197121e-06
4.955227191e-06
4.814290349e-06
4.726018444e-06
4.734427292e-06
4.726018445e-06
4.707673164e-06
4.794972033e-06
4.940264671e-06
5.101872921e-06
5.244683219e-06
5.341888929e-06
5.376579743e-06
5.341888913e-06
5.244683196e-06
5.101872896e-06
4.940264652e-06
4.794972007e-06
4.707673179e-06
4.726018503e-06
4.814290388e-06
4.794972035e-06
4.885168661e-06
5.035109472e-06
5.201621682e-06
5.348571476e-06
5.448503068e-06
5.484147711e-06
5.448503053e-06
5.348571455e-06
5.201621663e-06
5.035109462e-06
4.885168645e-06
4.794972059e-06
4.81429045e-06
4.95522722e-06
4.940264675e-06
5.035109477e-06
5.189037822e-06
5.35852603e-06
5.507436626e-06
5.608454667e-06
5.644445236e-06
5.608454653e-06
5.507436608e-06
5.358526014e-06
5.189037815e-06
5.035109465e-06
4.940264708e-06
4.955227298e-06
5.110197159e-06
5.101872921e-06
5.201621685e-06
5.358526027e-06
5.529399548e-06
5.678685927e-06
5.779654341e-06
5.815577811e-06
5.779654326e-06
5.678685909e-06
5.529399531e-06
5.358526021e-06
5.201621679e-06
5.101872959e-06
5.110197232e-06
5.246513281e-06
5.244683217e-06
5.348571473e-06
5.507436618e-06
5.678685921e-06
5.827517979e-06
5.927896706e-06
5.963565158e-06
5.927896688e-06
5.827517956e-06
5.678685899e-06
5.507436601e-06
5.348571458e-06
5.244683246e-06
5.24651334e-06
5.339118951e-06
5.341888926e-06
5.448503063e-06
5.608454655e-06
5.779654329e-06
5.927896698e-06
6.027680039e-06
6.063105446e-06
6.027680019e-06
5.927896671e-06
5.779654309e-06
5.608454638e-06
5.448503053e-06
5.341888958e-06
5.339119032e-06
5.372146219e-06
5.376579734e-06
5.484147702e-06
5.644445221e-06
5.815577796e-06
5.963565151e-06
6.063105448e-06
6.098433221e-06
6.063105428e-06
5.963565124e-06
5.815577775e-06
5.644445204e-06
5.484147696e-06
5.376579769e-06
5.372146294e-06
5.33911893e-06
5.341888898e-06
5.448503038e-06
5.608454627e-06
5.779654304e-06
5.927896676e-06
6.027680015e-06
6.063105423e-06
6.027679996e-06
5.927896648e-06
5.779654288e-06
5.608454616e-06
5.448503035e-06
5.341888941e-06
5.339119004e-06
5.246513241e-06
5.244683177e-06
5.348571437e-06
5.50743658e-06
5.67868588e-06
5.82751794e-06
5.927896666e-06
5.963565117e-06
5.927896646e-06
5.82751791e-06
5.678685861e-06
5.507436559e-06
5.348571431e-06
5.244683214e-06
5.246513303e-06
5.110197112e-06
5.101872869e-06
5.201621639e-06
5.358525979e-06
5.529399499e-06
5.678685879e-06
5.779654295e-06
5.815577757e-06
5.779654275e-06
5.678685854e-06
5.529399485e-06
5.358525964e-06
5.201621643e-06
5.101872915e-06
5.110197166e-06
4.955227198e-06
4.940264628e-06
5.035109438e-06
5.189037777e-06
5.358525986e-06
5.507436578e-06
5.608454626e-06
5.644445187e-06
5.608454605e-06
5.507436551e-06
5.358525967e-06
5.189037755e-06
5.035109435e-06
4.940264667e-06
4.955227239e-06
4.814290358e-06
4.794971993e-06
4.885168631e-06
5.035109438e-06
5.201621648e-06
5.348571441e-06
5.448503044e-06
5.48414768e-06
5.448503022e-06
5.348571414e-06
5.201621637e-06
5.035109426e-06
4.885168632e-06
4.794972037e-06
4.814290413e-06
4.726018443e-06
4.707673154e-06
4.794972034e-06
4.94026467e-06
5.101872918e-06
5.244683221e-06
5.34188894e-06
5.376579746e-06
5.341888921e-06
5.244683193e-06
5.101872903e-06
4.940264652e-06
4.794972036e-06
4.707673196e-06
4.726018493e-06
4.734427289e-06
4.726018453e-06
4.814290408e-06
4.955227238e-06
5.110197178e-06
5.246513314e-06
5.339118999e-06
5.372146254e-06
5.33911897e-06
5.246513277e-06
5.110197154e-06
4.955227214e-06
4.814290408e-06
4.726018486e-06
4.734427321e-06
4.727910282e-06
4.718108683e-06
4.812694997e-06
4.964345473e-06
5.13143953e-06
5.278627837e-06
5.378712449e-06
5.414424157e-06
5.378712419e-06
5.278627812e-06
5.131439498e-06
4.964345438e-06
4.812694949e-06
4.718108666e-06
4.727910318e-06
4.718108678e-06
4.696871736e-06
4.790311614e-06
4.946955047e-06
5.121684745e-06
5.276354284e-06
5.381742601e-06
5.419373032e-06
5.381742583e-06
5.276354259e-06
5.121684717e-06
4.946955024e-06
4.790311584e-06
4.696871747e-06
4.718108744e-06
4.812694999e-06
4.790311617e-06
4.886941906e-06
5.048764016e-06
5.228987887e-06
5.388311973e-06
5.496772395e-06
5.535479016e-06
5.496772377e-06
5.388311949e-06
5.228987865e-06
5.048764001e-06
4.886941889e-06
4.79031164e-06
4.812695069e-06
4.964345473e-06
4.946955051e-06
5.048764018e-06
5.214965748e-06
5.398426343e-06
5.559866363e-06
5.669492161e-06
5.70856848e-06
5.669492145e-06
5.559866342e-06
5.398426324e-06
5.214965737e-06
5.048764004e-06
4.94695508e-06
4.964345558e-06
5.131439535e-06
5.121684744e-06
5.228987889e-06
5.398426339e-06
5.583311275e-06
5.745056815e-06
5.854548972e-06
5.893522503e-06
5.854548955e-06
5.745056794e-06
5.583311257e-06
5.398426333e-06
5.228987882e-06
5.121684783e-06
5.131439623e-06
5.278627851e-06
5.276354281e-06
5.38831197e-06
5.559866354e-06
5.745056807e-06
5.906185211e-06
6.014942268e-06
6.053603521e-06
6.014942247e-06
5.906185184e-06
5.745056782e-06
5.559866334e-06
5.38831195e-06
5.276354309e-06
5.278627921e-06
5.378712446e-06
5.381742594e-06
5.496772388e-06
5.669492144e-06
5.854548958e-06
6.014942259e-06
6.122980544e-06
6.161350954e-06
6.122980521e-06
6.014942231e-06
5.854548935e-06
5.669492127e-06
5.496772373e-06
5.381742627e-06
5.378712537e-06
5.414424152e-06
5.419373021e-06
5.535479004e-06
5.70856846e-06
5.893522486e-06
6.053603511e-06
6.161350954e-06
6.199605319e-06
6.161350933e-06
6.053603481e-06
5.893522462e-06
5.708568441e-06
5.535478993e-06
5.419373056e-06
5.414424246e-06
5.378712416e-06
5.381742566e-06
5.496772359e-06
5.669492116e-06
5.854548929e-06
6.014942233e-06
6.122980517e-06
6.161350926e-06
6.122980495e-06
6.014942204e-06
5.85454891e-06
5.669492099e-06
5.496772354e-06
5.381742608e-06
5.378712506e-06
5.278627809e-06
5.276354234e-06
5.388311923e-06
5.55986631e-06
5.74505676e-06
5.906185166e-06
6.014942222e-06
6.053603472e-06
6.014942201e-06
5.906185134e-06
5.745056738e-06
5.559866285e-06
5.388311918e-06
5.276354273e-06
5.278627874e-06
5.131439497e-06
5.121684687e-06
5.228987836e-06
5.398426286e-06
5.583311217e-06
5.745056759e-06
5.854548918e-06
5.893522443e-06
5.854548895e-06
5.745056729e-06
5.5833112e-06
5.398426267e-06
5.228987837e-06
5.121684733e-06
5.131439552e-06
4.964345441e-06
4.946954994e-06
5.048763968e-06
5.214965695e-06
5.39842629e-06
5.559866308e-06
5.669492111e-06
5.708568422e-06
5.669492089e-06
5.559866277e-06
5.39842627e-06
5.214965671e-06
5.048763963e-06
4.946955032e-06
4.964345489e-06
4.812694951e-06
4.790311566e-06
4.886941867e-06
5.048763968e-06
5.228987844e-06
5.388311928e-06
5.49677236e-06
5.535478975e-06
5.496772337e-06
5.388311898e-06
5.228987832e-06
5.048763954e-06
4.886941871e-06
4.79031161e-06
4.812695022e-06
4.718108669e-06
4.696871716e-06
4.790311611e-06
4.946955036e-06
5.121684735e-06
5.276354279e-06
5.381742605e-06
5.419373029e-06
5.381742585e-06
5.276354248e-06
5.121684718e-06
4.946955015e-06
4.790311609e-06
4.696871757e-06
4.718108722e-06
4.727910321e-06
4.718108686e-06
4.812695016e-06
4.96434549e-06
5.131439556e-06
5.278627879e-06
5.378712497e-06
5.414424196e-06
5.378712468e-06
5.278627849e-06
5.131439543e-06
4.964345473e-06
4.812695011e-06
4.718108715e-06
4.727910352e-06
4.721308163e-06
4.710007507e-06
4.810877253e-06
4.973279188e-06
5.152586391e-06
5.310753797e-06
5.418402774e-06
5.456831777e-06
5.418402765e-06
5.310753764e-06
5.152586348e-06
4.973279158e-06
4.810877215e-06
4.710007502e-06
4.721308193e-06
4.710007514e-06
4.685667396e-06
4.785203371e-06
4.953278799e-06
5.141288715e-06
5.307994229e-06
5.421700694e-06
5.462321792e-06
5.421700674e-06
5.307994202e-06
5.141288683e-06
4.953278773e-06
4.785203338e-06
4.685667408e-06
4.710007576e-06
4.810877272e-06
4.785203374e-06
4.888233176e-06
5.062043474e-06
5.256169096e-06
5.428072966e-06
5.545217673e-06
5.587044456e-06
5.545217653e-06
5.42807294e-06
5.256169071e-06
5.062043455e-06
4.888233152e-06
4.785203395e-06
4.810877338e-06
4.973279193e-06
4.953278801e-06
5.062043474e-06
5.240638832e-06
5.438267461e-06
5.612443764e-06
5.730832558e-06
5.773052556e-06
5.730832541e-06
5.612443739e-06
5.43826744e-06
5.24063882e-06
5.062043458e-06
4.953278831e-06
4.973279281e-06
5.152586377e-06
5.14128871e-06
5.256169096e-06
5.438267457e-06
5.637350674e-06
5.811748699e-06
5.929908754e-06
5.971986038e-06
5.929908735e-06
5.811748676e-06
5.637350656e-06
5.438267446e-06
5.256169086e-06
5.14128875e-06
5.152586477e-06
5.310753799e-06
5.307994226e-06
5.428072963e-06
5.612443754e-06
5.811748691e-06
5.985348943e-06
6.102614444e-06
6.144316889e-06
6.10261442e-06
5.985348913e-06
5.811748662e-06
5.612443731e-06
5.428072942e-06
5.307994254e-06
5.310753877e-06
5.418402788e-06
5.421700683e-06
5.545217662e-06
5.73083254e-06
5.929908738e-06
6.102614435e-06
6.219026837e-06
6.260386535e-06
6.219026815e-06
6.102614404e-06
5.929908711e-06
5.730832521e-06
5.545217646e-06
5.421700719e-06
5.418402874e-06
5.456831783e-06
5.462321779e-06
5.587044441e-06
5.773052533e-06
5.971986017e-06
6.14431688e-06
6.260386535e-06
6.301610231e-06
6.260386512e-06
6.144316845e-06
5.97198599e-06
5.773052511e-06
5.587044428e-06
5.462321814e-06
5.456831862e-06
5.418402758e-06
5.421700652e-06
5.545217631e-06
5.730832509e-06
5.929908704e-06
6.102614404e-06
6.219026808e-06
6.260386503e-06
6.219026786e-06
6.102614371e-06
5.929908681e-06
5.730832489e-06
5.545217626e-06
5.421700695e-06
5.41840284e-06
5.310753766e-06
5.307994174e-06
5.428072911e-06
5.612443702e-06
5.811748639e-06
5.98534889e-06
6.102614393e-06
6.144316835e-06
6.102614369e-06
5.985348854e-06
5.811748614e-06
5.612443676e-06
5.428072902e-06
5.307994211e-06
5.31075383e-06
5.152586351e-06
5.141288648e-06
5.256169037e-06
5.438267392e-06
5.637350609e-06
5.811748632e-06
5.929908693e-06
5.971985968e-06
5.929908666e-06
5.8117486e-06
5.637350589e-06
5.438267373e-06
5.256169035e-06
5.141288693e-06
5.152586402e-06
4.973279148e-06
4.953278735e-06
5.062043418e-06
5.24063877e-06
5.4382674e-06
5.612443699e-06
5.730832501e-06
5.773052491e-06
5.730832477e-06
5.612443665e-06
5.438267374e-06
5.240638744e-06
5.062043409e-06
4.953278773e-06
4.9732792e-06
4.810877213e-06
4.785203311e-06
4.888233123e-06
5.062043415e-06
5.256169043e-06
5.428072913e-06
5.545217627e-06
5.587044403e-06
5.545217605e-06
5.428072882e-06
5.256169029e-06
5.062043399e-06
4.888233129e-06
4.785203359e-06
4.810877287e-06
4.710007503e-06
4.685667371e-06
4.785203359e-06
4.95327878e-06
5.141288696e-06
5.307994216e-06
5.421700691e-06
5.462321782e-06
5.421700669e-06
5.307994183e-06
5.141288677e-06
4.953278756e-06
4.785203356e-06
4.68566741e-06
4.710007548e-06
4.721308183e-06
4.710007522e-06
4.810877277e-06
4.9732792e-06
5.152586402e-06
5.31075382e-06
5.418402821e-06
5.456831807e-06
5.418402794e-06
5.310753781e-06
5.152586383e-06
4.973279185e-06
4.810877264e-06
4.710007545e-06
4.721308223e-06
4.714620327e-06
4.70171439e-06
4.808836626e-06
4.9820278e-06
5.173637108e-06
5.342890516e-06
5.458189328e-06
5.499368451e-06
5.458189317e-06
5.34289048e-06
5.173637063e-06
4.982027763e-06
4.808836578e-06
4.701714388e-06
4.714620367e-06
4.701714395e-06
4.674059603e-06
4.779646747e-06
4.959235351e-06
5.160684231e-06
5.339602445e-06
5.461762583e-06
5.505425394e-06
5.461762561e-06
5.339602413e-06
5.160684198e-06
4.959235324e-06
4.779646709e-06
4.674059614e-06
4.701714459e-06
4.808836627e-06
4.779646747e-06
4.889041898e-06
5.07494726e-06
5.283164699e-06
5.467853835e-06
5.593838265e-06
5.63884339e-06
5.593838244e-06
5.467853805e-06
5.28316467e-06
5.074947236e-06
4.889041867e-06
4.779646768e-06
4.808836704e-06
4.982027799e-06
4.959235352e-06
5.074947257e-06
5.266056467e-06
5.478048754e-06
5.665168182e-06
5.7924752e-06
5.837896801e-06
5.792475182e-06
5.665168156e-06
5.478048729e-06
5.266056457e-06
5.074947239e-06
4.959235385e-06
4.982027888e-06
5.173637107e-06
5.160684226e-06
5.283164698e-06
5.478048748e-06
5.6915171e-06
5.878760913e-06
6.005733004e-06
6.050967726e-06
6.005732984e-06
5.878760888e-06
5.691517075e-06
5.478048737e-06
5.283164685e-06
5.16068427e-06
5.173637198e-06
5.342890516e-06
5.339602437e-06
5.467853828e-06
5.665168171e-06
5.878760903e-06
6.065008485e-06
6.190912534e-06
6.235704563e-06
6.190912508e-06
6.065008451e-06
5.878760871e-06
5.665168145e-06
5.467853803e-06
5.339602467e-06
5.342890593e-06
5.45818933e-06
5.461762569e-06
5.593838248e-06
5.79247518e-06
6.005732986e-06
6.190912526e-06
6.315818207e-06
6.360211473e-06
6.315818186e-06
6.19091249e-06
6.005732957e-06
5.792475157e-06
5.593838233e-06
5.461762605e-06
5.458189419e-06
5.499368451e-06
5.505425376e-06
5.638843371e-06
5.837896775e-06
6.050967704e-06
6.235704553e-06
6.360211471e-06
6.404447236e-06
6.360211448e-06
6.235704514e-06
6.050967674e-06
5.837896749e-06
5.638843356e-06
5.505425412e-06
5.499368524e-06
5.45818931e-06
5.461762534e-06
5.593838216e-06
5.792475145e-06
6.005732951e-06
6.190912489e-06
6.315818176e-06
6.360211437e-06
6.315818152e-06
6.190912453e-06
6.005732924e-06
5.792475124e-06
5.593838208e-06
5.461762579e-06
5.458189374e-06
5.342890475e-06
5.339602379e-06
5.467853772e-06
5.665168113e-06
5.878760847e-06
6.065008425e-06
6.190912478e-06
6.235704504e-06
6.190912452e-06
6.065008387e-06
5.878760816e-06
5.665168085e-06
5.46785376e-06
5.339602419e-06
5.342890536e-06
5.17363706e-06
5.160684158e-06
5.283164631e-06
5.478048674e-06
5.691517025e-06
5.878760837e-06
6.005732935e-06
6.050967648e-06
6.005732908e-06
5.8787608e-06
5.691517001e-06
5.478048654e-06
5.283164627e-06
5.160684202e-06
5.173637116e-06
4.982027752e-06
4.959235279e-06
5.074947196e-06
5.266056397e-06
5.478048683e-06
5.665168107e-06
5.792475134e-06
5.837896726e-06
5.792475109e-06
5.66516807e-06
5.478048657e-06
5.266056369e-06
5.074947185e-06
4.959235318e-06
4.982027797e-06
4.808836574e-06
4.779646675e-06
4.889041835e-06
5.07494719e-06
5.283164637e-06
5.467853769e-06
5.593838209e-06
5.638843327e-06
5.593838187e-06
5.467853736e-06
5.283164618e-06
5.074947172e-06
4.889041838e-06
4.779646725e-06
4.808836639e-06
4.701714371e-06
4.674059568e-06
4.779646723e-06
4.959235325e-06
5.160684207e-06
5.33960242e-06
5.461762574e-06
5.505425375e-06
5.461762548e-06
5.339602385e-06
5.160684184e-06
4.9592353e-06
4.779646721e-06
4.67405961e-06
4.701714426e-06
4.714620324e-06
4.701714393e-06
4.808836634e-06
4.982027803e-06
5.173637123e-06
5.342890525e-06
5.458189344e-06
5.499368462e-06
5.458189327e-06
5.342890474e-06
5.173637082e-06
4.982027772e-06
4.808836625e-06
4.701714424e-06
4.714620384e-06
4.707846774e-06
4.693229324e-06
4.806573097e-06
4.990591296e-06
5.194591691e-06
5.375037983e-06
5.498072075e-06
5.542034157e-06
5.498072053e-06
5.375037942e-06
5.194591635e-06
4.990591243e-06
4.806573042e-06
4.693229326e-06
4.707846825e-06
4.693229325e-06
4.662048359e-06
4.773641739e-06
4.964824705e-06
5.179871294e-06
5.371178923e-06
5.501928262e-06
5.548683829e-06
5.501928239e-06
5.371178887e-06
5.17987126e-06
4.964824674e-06
4.773641696e-06
4.662048366e-06
4.693229392e-06
4.806573087e-06
4.773641739e-06
4.88936807e-06
5.087475374e-06
5.309974694e-06
5.507654572e-06
5.642634164e-06
5.690875811e-06
5.642634142e-06
5.507654538e-06
5.309974661e-06
5.087475347e-06
4.889368037e-06
4.773641761e-06
4.806573167e-06
4.990591296e-06
4.964824704e-06
5.087475371e-06
5.291218655e-06
5.517770216e-06
5.718039612e-06
5.854420081e-06
5.903101206e-06
5.854420058e-06
5.718039583e-06
5.517770191e-06
5.291218639e-06
5.087475351e-06
4.964824738e-06
4.99059138e-06
5.194591699e-06
5.17987129e-06
5.309974692e-06
5.517770211e-06
5.745810538e-06
5.946093449e-06
6.082021718e-06
6.130467564e-06
6.082021697e-06
5.946093419e-06
5.745810514e-06
5.5177702e-06
5.309974676e-06
5.179871334e-06
5.194591782e-06
5.375037984e-06
5.371178911e-06
5.507654561e-06
5.7180396e-06
5.946093439e-06
6.145163832e-06
6.279836529e-06
6.327766533e-06
6.279836502e-06
6.145163793e-06
5.946093402e-06
5.718039572e-06
5.507654535e-06
5.371178942e-06
5.375038058e-06
5.498072064e-06
5.501928245e-06
5.642634145e-06
5.854420056e-06
6.082021695e-06
6.279836519e-06
6.413354645e-06
6.460825755e-06
6.413354622e-06
6.279836481e-06
6.082021664e-06
5.854420029e-06
5.642634125e-06
5.501928282e-06
5.498072159e-06
5.54203415e-06
5.548683808e-06
5.690875788e-06
5.903101177e-06
6.130467537e-06
6.327766521e-06
6.460825754e-06
6.508116322e-06
6.460825727e-06
6.327766479e-06
6.130467505e-06
5.903101147e-06
5.690875771e-06
5.548683845e-06
5.542034226e-06
5.498072047e-06
5.501928207e-06
5.642634108e-06
5.854420017e-06
6.082021659e-06
6.279836478e-06
6.413354611e-06
6.460825716e-06
6.413354583e-06
6.279836441e-06
6.082021629e-06
5.854419994e-06
5.642634098e-06
5.501928252e-06
5.498072111e-06
5.375037932e-06
5.371178849e-06
5.5076545e-06
5.718039534e-06
5.946093375e-06
6.145163764e-06
6.279836467e-06
6.327766467e-06
6.279836439e-06
6.145163723e-06
5.94609334e-06
5.718039503e-06
5.507654485e-06
5.371178887e-06
5.37503799e-06
5.194591624e-06
5.179871213e-06
5.309974617e-06
5.517770128e-06
5.745810456e-06
5.946093365e-06
6.082021639e-06
6.130467477e-06
6.082021612e-06
5.946093322e-06
5.74581043e-06
5.517770106e-06
5.309974612e-06
5.179871258e-06
5.194591686e-06
4.990591223e-06
4.964824624e-06
5.087475301e-06
5.291218574e-06
5.517770135e-06
5.718039529e-06
5.854420004e-06
5.903101121e-06
5.854419977e-06
5.718039487e-06
5.517770107e-06
5.291218544e-06
5.087475289e-06
4.964824663e-06
4.990591281e-06
4.806573023e-06
4.773641659e-06
4.889367999e-06
5.087475295e-06
5.309974621e-06
5.507654494e-06
5.642634098e-06
5.690875737e-06
5.642634075e-06
5.50765446e-06
5.309974599e-06
5.087475276e-06
4.889368e-06
4.773641708e-06
4.806573099e-06
4.693229289e-06
4.662048315e-06
4.773641707e-06
4.964824667e-06
5.179871264e-06
5.37117889e-06
5.501928246e-06
5.548683803e-06
5.501928218e-06
5.371178852e-06
5.17987124e-06
4.964824642e-06
4.773641702e-06
4.662048357e-06
4.693229362e-06
4.707846772e-06
4.693229313e-06
4.806573091e-06
4.99059129e-06
5.194591699e-06
5.375037988e-06
5.498072088e-06
5.542034158e-06
5.498072064e-06
5.375037945e-06
5.194591656e-06
4.990591244e-06
4.806573085e-06
4.693229355e-06
4.707846828e-06
4.700987177e-06
4.684551966e-06
4.804086312e-06
4.998969313e-06
5.215449778e-06
5.407195856e-06
5.538050667e-06
5.584828541e-06
5.538050639e-06
5.407195802e-06
5.215449714e-06
4.998969256e-06
4.80408624e-06
4.684551951e-06
4.700987219e-06
4.684551973e-06
4.649633321e-06
4.767188002e-06
4.970046512e-06
5.198849557e-06
5.402723314e-06
5.542197381e-06
5.592096751e-06
5.542197352e-06
5.402723268e-06
5.198849505e-06
4.970046462e-06
4.767187939e-06
4.649633306e-06
4.684552024e-06
4.804086315e-06
4.767188009e-06
4.889211348e-06
5.099627465e-06
5.336598726e-06
5.547474822e-06
5.691605018e-06
5.743141365e-06
5.691604989e-06
5.54747478e-06
5.33659868e-06
5.099627423e-06
4.889211294e-06
4.767188006e-06
4.804086371e-06
4.998969332e-06
4.970046515e-06
5.099627466e-06
5.316125041e-06
5.557431499e-06
5.771057702e-06
5.916666844e-06
5.968665419e-06
5.916666816e-06
5.771057662e-06
5.557431459e-06
5.316125006e-06
5.099627425e-06
4.970046527e-06
4.998969395e-06
5.215449803e-06
5.19884956e-06
5.336598729e-06
5.557431495e-06
5.800230643e-06
6.01374595e-06
6.15877454e-06
6.210485195e-06
6.158774514e-06
6.013745912e-06
5.800230605e-06
5.557431465e-06
5.336598693e-06
5.19884958e-06
5.215449871e-06
5.407195872e-06
5.402723313e-06
5.54747482e-06
5.771057692e-06
6.013745945e-06
6.225814633e-06
6.369386081e-06
6.420502447e-06
6.369386046e-06
6.225814585e-06
6.013745894e-06
5.771057648e-06
5.547474772e-06
5.402723321e-06
5.407195924e-06
5.538050677e-06
5.542197377e-06
5.691605011e-06
5.916666828e-06
6.158774524e-06
6.369386073e-06
6.511635803e-06
6.562229036e-06
6.511635772e-06
6.369386025e-06
6.158774476e-06
5.916666782e-06
5.691604968e-06
5.542197392e-06
5.538050736e-06
5.584828559e-06
5.592096745e-06
5.743141356e-06
5.9686654e-06
6.210485175e-06
6.420502442e-06
6.562229037e-06
6.612617146e-06
6.562229004e-06
6.420502391e-06
6.210485128e-06
5.968665353e-06
5.743141318e-06
5.59209676e-06
5.584828607e-06
5.538050649e-06
5.54219734e-06
5.691604974e-06
5.916666788e-06
6.158774486e-06
6.369386033e-06
6.511635768e-06
6.562228997e-06
6.511635736e-06
6.369385985e-06
6.158774442e-06
5.916666747e-06
5.691604943e-06
5.542197364e-06
5.538050702e-06
5.407195818e-06
5.402723248e-06
5.547474761e-06
5.771057627e-06
6.013745882e-06
6.225814567e-06
6.369386019e-06
6.420502382e-06
6.369385984e-06
6.225814513e-06
6.013745836e-06
5.77105758e-06
5.547474726e-06
5.402723268e-06
5.407195855e-06
5.215449726e-06
5.198849482e-06
5.336598659e-06
5.557431415e-06
5.800230565e-06
6.013745872e-06
6.158774463e-06
6.21048511e-06
6.158774432e-06
6.013745819e-06
5.800230525e-06
5.557431374e-06
5.336598635e-06
5.19884951e-06
5.215449771e-06
4.998969258e-06
4.970046439e-06
5.099627398e-06
5.316124963e-06
5.557431421e-06
5.771057624e-06
5.916666774e-06
5.968665339e-06
5.91666674e-06
5.771057569e-06
5.557431378e-06
5.316124916e-06
5.099627369e-06
4.970046459e-06
4.998969304e-06
4.80408626e-06
4.767187935e-06
4.889211284e-06
5.099627396e-06
5.336598662e-06
5.547474755e-06
5.691604961e-06
5.743141301e-06
5.691604933e-06
5.547474709e-06
5.336598628e-06
5.099627357e-06
4.889211266e-06
4.767187964e-06
4.804086309e-06
4.684551957e-06
4.649633288e-06
4.767187985e-06
4.970046486e-06
5.198849537e-06
5.402723295e-06
5.542197379e-06
5.592096738e-06
5.542197347e-06
5.402723245e-06
5.198849501e-06
4.970046444e-06
4.767187962e-06
4.649633311e-06
4.684551999e-06
4.700987199e-06
4.684551971e-06
4.804086328e-06
4.998969333e-06
5.215449806e-06
5.407195883e-06
5.538050709e-06
5.584828574e-06
5.53805068e-06
5.407195827e-06
5.215449756e-06
4.998969273e-06
4.804086295e-06
4.684551994e-06
4.700987227e-06
)
;

boundaryField
{
    wall
    {
        type            zeroGradient;
    }
    inlet
    {
        type            fixedValue;
        value           uniform 0;
    }
    outlet
    {
        type            zeroGradient;
    }
}


// ************************************************************************* //
