/*--------------------------------*- C++ -*----------------------------------*\
| =========                 |                                                 |
| \\      /  F ield         | OpenFOAM: The Open Source CFD Toolbox           |
|  \\    /   O peration     | Version:  2406                                  |
|   \\  /    A nd           | Website:  www.openfoam.com                      |
|    \\/     M anipulation  |                                                 |
\*---------------------------------------------------------------------------*/
FoamFile
{
    version     2.0;
    format      ascii;
    arch        "LSB;label=32;scalar=64";
    class       volScalarField;
    location    "1";
    object      ddt0(porosityF,rho);
}
// * * * * * * * * * * * * * * * * * * * * * * * * * * * * * * * * * * * * * //

dimensions      [1 -3 -1 0 0 0 0];

internalField   nonuniform List<scalar> 
27660
(
-0.0004884745498
-0.0004812524022
-0.0004879109017
-0.0005146391033
-0.0005431586494
-0.0005421274666
-0.000587369074
-0.0004931498922
-0.0004755619303
-0.0004795971742
-0.0004892430156
-0.0005322704598
-0.0005818460237
-0.0004833623886
-0.0005011867489
-0.0004720462675
-0.0004651996849
-0.0004389209523
-0.0004303826808
-0.0003867122013
-0.0002388395143
-0.0005173966737
-0.0004926812012
-0.0004796464962
-0.0004534187813
-0.0004223526658
-0.0003770038919
-0.0002563510641
-0.0005185664417
-0.0005043659803
-0.0004837619683
-0.0004616579615
-0.0004055853855
-0.0003662049239
-0.0003433048625
-0.0005138570102
-0.0005076561731
-0.0005131727353
-0.0005021624073
-0.0004489778896
-0.000409347916
-0.0004355313691
-0.0004932944791
-0.000499086342
-0.0005237634649
-0.0005222956603
-0.0004930686763
-0.0004572194212
-0.000491005163
-0.0004711101546
-0.0004881757539
-0.0005046333786
-0.0005108088172
-0.0005037698301
-0.0004813548956
-0.0004876184353
-0.0004641681773
-0.0004752112568
-0.0004820543075
-0.0004892281744
-0.0004902820765
-0.0004812897489
-0.0004695607495
-0.0004680238979
-0.0004636414404
-0.0004706711065
-0.0004727548873
-0.000471855028
-0.0004711060645
-0.000459284219
-0.0004747987992
-0.0004622002358
-0.0004698742036
-0.000467563811
-0.0004629019344
-0.0004625437361
-0.0004545671482
-0.0004839198624
-0.0004681592094
-0.0004745194031
-0.000470602318
-0.0004629124533
-0.0004594498938
-0.0004484185791
-0.0004921246505
-0.0004749491102
-0.0004791632904
-0.0004748706321
-0.0004653878739
-0.0004558485435
-0.0004410119168
-0.0004955409138
-0.0004778034863
-0.000479143918
-0.0004740905748
-0.0004635606162
-0.0004497211433
-0.0004346092109
-0.000498277033
-0.0004756887411
-0.0004769562252
-0.0004728343681
-0.000466016333
-0.0004527051429
-0.0004218849056
-0.001325910077
-0.001070538407
-0.001042255872
-0.001125619471
-0.001162826875
-0.001132686401
-0.001077916334
-0.001292793157
-0.001045858346
-0.001019965969
-0.001092383295
-0.00109872962
-0.00104409065
-0.0009521605303
-0.001265932442
-0.001034829019
-0.001023103306
-0.001085407982
-0.001056177427
-0.0009483116364
-0.0008253173539
-0.001235406044
-0.001015407995
-0.001026606893
-0.001074219835
-0.001001004107
-0.000893902105
-0.0008024394246
-0.001210305784
-0.00101918078
-0.00106571787
-0.001105795348
-0.0009837062009
-0.0008925834033
-0.0008596691982
-0.001175929759
-0.001022403322
-0.001081665418
-0.001132863905
-0.0009916771086
-0.0009124193253
-0.0009170099157
-0.001141098758
-0.001011134794
-0.001075892667
-0.001142578904
-0.001010952755
-0.0009481995313
-0.0009453802222
-0.001124485716
-0.0009903898224
-0.001062498557
-0.001131740693
-0.001012518545
-0.0009640271764
-0.0009530623628
-0.001125009586
-0.0009825918615
-0.001048079203
-0.001110449535
-0.001000044028
-0.0009616412442
-0.0009461852248
-0.001139006047
-0.0009797201343
-0.001036753901
-0.001095963863
-0.0009948063877
-0.000953671162
-0.0009394517158
-0.001168855406
-0.000988091056
-0.001034514967
-0.001094901036
-0.001012725313
-0.0009494637904
-0.0009369701868
-0.001207592298
-0.001005802258
-0.00103743048
-0.001101378448
-0.001047348161
-0.0009552485941
-0.0009370516901
-0.00125065952
-0.001034969297
-0.001042165709
-0.001103337125
-0.001071730768
-0.0009748531483
-0.0009400906491
-0.00129127706
-0.001063842399
-0.001043875917
-0.001097389186
-0.001077251727
-0.0009981354036
-0.0009484596065
-0.001334571979
-0.001077669579
-0.001037889435
-0.001088147473
-0.001080800094
-0.001024793628
-0.0009661927036
-0.005644527147
-0.004180274098
-0.003862943745
-0.003980571615
-0.004026195326
-0.004012363634
-0.003979160982
-0.005439243218
-0.004122880596
-0.003869693223
-0.003992853348
-0.004009899843
-0.003945373499
-0.003860448258
-0.005356106715
-0.004095972692
-0.00386187353
-0.003977918871
-0.003962211819
-0.003881376925
-0.003826395123
-0.005302936751
-0.004068928935
-0.003883369047
-0.00399911143
-0.003905151271
-0.003833943682
-0.003835461473
-0.005225963675
-0.004028702426
-0.003908345147
-0.004040630468
-0.003895616191
-0.003832510285
-0.00388949916
-0.005148573705
-0.003997392538
-0.003919403736
-0.004055403301
-0.003899097356
-0.003868204856
-0.00397630033
-0.005068641301
-0.003969297859
-0.00391703328
-0.004047476127
-0.003892640999
-0.003897039616
-0.004051028653
-0.005048311421
-0.003954172582
-0.003903851537
-0.004032969186
-0.003879436217
-0.003903220669
-0.004076906998
-0.005070253036
-0.003956132959
-0.003888759091
-0.004016852657
-0.00386845815
-0.003891234734
-0.004052715273
-0.005128259382
-0.003968727878
-0.003880355382
-0.004008983072
-0.00387379363
-0.003884486712
-0.004005276636
-0.005196220387
-0.003998152126
-0.003879821476
-0.004009054223
-0.003896615888
-0.003877135757
-0.003952852878
-0.00527082517
-0.004046260891
-0.003883403722
-0.004015318973
-0.003933537289
-0.003875134338
-0.003912491862
-0.005331852428
-0.004094414342
-0.003885921541
-0.004012094285
-0.003964471086
-0.003878455903
-0.003885432128
-0.005426132965
-0.00413356739
-0.003883783578
-0.003997841168
-0.003972694235
-0.003886272886
-0.003869084958
-0.005645572137
-0.004187556065
-0.003873229737
-0.003973504707
-0.003977634751
-0.003917076356
-0.003865480705
-0.0157845788
-0.01298915066
-0.0120473772
-0.01209257551
-0.01213517026
-0.01220721726
-0.01238720852
-0.01522892869
-0.01280733148
-0.01203073803
-0.01209944026
-0.01211378692
-0.01224145874
-0.01236437106
-0.01481883328
-0.01282114779
-0.01207277455
-0.01213768119
-0.01207999119
-0.01230275976
-0.01244149
-0.01455533784
-0.01285933498
-0.01211461401
-0.01218656752
-0.01208733956
-0.01239064914
-0.01260410407
-0.01440324922
-0.01283766556
-0.0121412002
-0.01222046912
-0.01220354215
-0.01247768027
-0.01274957343
-0.01434356745
-0.01280820661
-0.01215621366
-0.01222232988
-0.01229695186
-0.01254129032
-0.01283590188
-0.0143085709
-0.01276448338
-0.01215320745
-0.0122093868
-0.01233685031
-0.0125848225
-0.01285335088
-0.01430510815
-0.012762333
-0.0121466907
-0.01220232463
-0.01234797957
-0.01259244258
-0.0128415731
-0.01432468909
-0.01277550181
-0.01213364246
-0.01219403553
-0.01232572951
-0.01257282021
-0.01285080364
-0.01435695839
-0.01281394809
-0.01213127545
-0.0121871126
-0.01227205114
-0.01253667496
-0.01284763129
-0.0144131963
-0.0128290941
-0.01212610773
-0.01218694287
-0.01218670577
-0.01248622571
-0.01278285341
-0.01454106456
-0.01283490897
-0.01211336603
-0.01218748076
-0.01209570659
-0.01240594778
-0.01265717492
-0.01479109866
-0.01280366895
-0.01208082643
-0.01216358079
-0.01207752761
-0.01231040799
-0.0125130309
-0.01520430187
-0.01281159362
-0.01204747653
-0.01212769392
-0.01210639785
-0.01222633984
-0.01243081574
-0.01573639754
-0.01297485308
-0.01204212502
-0.01208013869
-0.01209361192
-0.01213088354
-0.01233663235
-0.02005688447
-0.01661319579
-0.01519084627
-0.01502551819
-0.01505167825
-0.01516587948
-0.01525437303
-0.01949382468
-0.01626337207
-0.01510670031
-0.01501951039
-0.01504860843
-0.01520490143
-0.01523659189
-0.01917904818
-0.01610926977
-0.01510681055
-0.01507404648
-0.01508355483
-0.01528483356
-0.01531406446
-0.01892763078
-0.01607167593
-0.01511812381
-0.01510790338
-0.01512582351
-0.01534592976
-0.01522739147
-0.01869423259
-0.01606303723
-0.01513943024
-0.01511697405
-0.0151922148
-0.01539470312
-0.01516369647
-0.0185159381
-0.01605718424
-0.01515709177
-0.01511867603
-0.01524474275
-0.0154249864
-0.0152019567
-0.01839499702
-0.01604818178
-0.01515675897
-0.01510627848
-0.01526809218
-0.01544156809
-0.01530659252
-0.01837248695
-0.01606161522
-0.0151597088
-0.0151043907
-0.01527828507
-0.01540571315
-0.0153685166
-0.0184170009
-0.01607120263
-0.01515288443
-0.01510131811
-0.01526518577
-0.01542951596
-0.01529049984
-0.01854937242
-0.01608730058
-0.01515093262
-0.01510065298
-0.01523055933
-0.01540507469
-0.01517770339
-0.01871773863
-0.01607330528
-0.01513835733
-0.01510034339
-0.01517631574
-0.01537166995
-0.01514156106
-0.01893247632
-0.01606162804
-0.01512017301
-0.01510143112
-0.0151156156
-0.01532986335
-0.01523324515
-0.01915963753
-0.01608880575
-0.01509973509
-0.01507844458
-0.01507039862
-0.01528406424
-0.01535612478
-0.01946977135
-0.01625231233
-0.01510842522
-0.01504419263
-0.01505846747
-0.01522113531
-0.01530315829
-0.02000516216
-0.01658593012
-0.01517182401
-0.01501168775
-0.01502515655
-0.01512092986
-0.01525029162
-0.02655408811
-0.02180047675
-0.01943809877
-0.0189579557
-0.01898396948
-0.01919059712
-0.01918800238
-0.02501146053
-0.02116247423
-0.01925407397
-0.01895356745
-0.01905788798
-0.01926887782
-0.01930382959
-0.02400152964
-0.02064792582
-0.01915321783
-0.019002098
-0.0192773221
-0.01940289724
-0.01936017851
-0.02356119265
-0.02031840039
-0.01909044458
-0.01903441057
-0.01940900727
-0.01945694101
-0.01936170475
-0.02342914932
-0.02018573655
-0.01908915201
-0.01908345786
-0.01939039034
-0.0195374146
-0.01923971472
-0.02340873076
-0.02015739322
-0.0191113745
-0.0191512235
-0.01935159086
-0.0195260757
-0.01897891231
-0.02341964778
-0.02018666786
-0.01911929285
-0.01915897043
-0.01931982398
-0.01943013334
-0.01868388498
-0.02343928771
-0.02020884661
-0.01913289772
-0.01916922509
-0.01931869207
-0.0194343679
-0.01854595878
-0.02343986634
-0.02020886511
-0.01912926457
-0.01916000041
-0.01931941172
-0.01940512627
-0.01866101025
-0.02344157955
-0.02019412445
-0.01912124928
-0.01914961842
-0.01934719824
-0.01948358315
-0.01894040767
-0.02345500077
-0.02020796365
-0.01910254286
-0.0190915014
-0.01938162491
-0.01947775565
-0.01919501494
-0.02358181109
-0.02033235076
-0.01910592487
-0.01903138232
-0.0193838682
-0.01939886938
-0.01933750511
-0.02399679172
-0.02064129039
-0.01915064157
-0.01899596739
-0.01925318788
-0.01938237546
-0.01937068426
-0.0249927666
-0.02114641982
-0.01925008162
-0.0189708934
-0.01907281222
-0.01930361994
-0.01933823535
-0.02650773275
-0.02177079345
-0.01941802527
-0.01895507325
-0.01898207263
-0.01918244134
-0.01919709314
-0.03584426441
-0.02599576231
-0.02198266004
-0.02106019769
-0.02094869208
-0.0211121524
-0.02119522424
-0.03375519752
-0.024984788
-0.02164750768
-0.02101459466
-0.02102639834
-0.02119645078
-0.02096174657
-0.03185334729
-0.02423917886
-0.02146052623
-0.02100982183
-0.02120195008
-0.02134771835
-0.02110886784
-0.030419442
-0.02368767121
-0.02134496203
-0.02102403693
-0.02132940384
-0.02131775844
-0.02139102112
-0.0294189212
-0.02331566839
-0.02129291307
-0.02109561525
-0.02137486698
-0.02120378066
-0.02173971916
-0.02885754887
-0.02313216897
-0.02127889689
-0.02119790801
-0.0214076847
-0.02135088637
-0.02220966702
-0.02855041637
-0.02304882082
-0.02126733711
-0.02122957785
-0.0214154737
-0.02148119577
-0.02263358281
-0.02849549514
-0.02304859689
-0.02127914144
-0.0212533131
-0.0214278524
-0.02153582519
-0.0227589302
-0.02856130891
-0.02306392365
-0.02127867695
-0.02123455187
-0.02141328005
-0.02144704292
-0.02259755516
-0.02888462235
-0.02316061999
-0.02129337396
-0.02120121802
-0.02139903364
-0.02130055939
-0.02214932086
-0.02944705788
-0.0233403959
-0.02130989976
-0.02110490131
-0.02136236867
-0.02115488538
-0.02167106875
-0.0304511824
-0.02371031959
-0.0213652771
-0.02102301455
-0.02130286141
-0.02127208962
-0.02134185901
-0.0318643884
-0.02424126475
-0.02146779019
-0.02100453916
-0.0211763209
-0.02132566723
-0.02111184439
-0.03374644442
-0.02497626322
-0.02164678443
-0.02102630327
-0.02103841105
-0.02123801021
-0.02100718263
-0.03580132309
-0.02597071789
-0.02196705973
-0.02106311388
-0.02096342229
-0.02113011016
-0.02122053657
-0.04614070849
-0.0349330245
-0.02806318504
-0.02606576503
-0.02562877874
-0.0255986149
-0.02573930234
-0.04373872095
-0.03309738321
-0.02729555395
-0.02587509469
-0.02563859702
-0.02562952107
-0.0257901841
-0.04205259896
-0.03196911458
-0.02689869227
-0.0257958415
-0.02562769484
-0.02565429465
-0.02568634069
-0.04097447854
-0.03129542016
-0.02671027585
-0.02574959001
-0.02562337972
-0.02573814964
-0.02544972232
-0.04007628937
-0.03075684128
-0.02656864441
-0.02573280337
-0.02569003295
-0.02556608374
-0.0250865155
-0.03941907562
-0.03039133753
-0.0262605625
-0.02575245463
-0.02579095106
-0.02541714521
-0.02466457598
-0.03890292791
-0.03012666607
-0.02622731416
-0.02577952395
-0.02585970123
-0.02534393406
-0.02436207715
-0.0388054714
-0.03008405602
-0.02621479557
-0.02580341784
-0.02588415378
-0.02526021256
-0.02432552781
-0.03890758944
-0.03012894773
-0.02623515872
-0.02578400782
-0.02584855253
-0.02530611654
-0.02431223091
-0.03944020095
-0.03040461559
-0.02627618882
-0.02575270509
-0.02576617896
-0.02535745078
-0.02458448494
-0.04010191077
-0.03077782829
-0.02658123911
-0.02573298212
-0.0256630071
-0.02550009828
-0.02499397014
-0.04100507062
-0.03131921432
-0.02672783466
-0.02575214162
-0.02559632733
-0.02567727322
-0.02537895186
-0.04206881417
-0.03197697656
-0.02691837402
-0.02580186416
-0.02561247727
-0.02564259791
-0.0256724678
-0.04373392924
-0.03309606023
-0.02730634572
-0.02589379867
-0.02565981053
-0.02568281714
-0.02583235388
-0.04610063279
-0.03491258562
-0.02805528356
-0.02607860358
-0.02566297565
-0.02564219991
-0.02578149316
-0.05900459249
-0.04171389477
-0.03241562856
-0.02940625388
-0.02871021461
-0.02857798761
-0.02893265813
-0.05473004884
-0.03920750703
-0.03129735552
-0.02907048252
-0.02867869017
-0.02861250262
-0.02921487314
-0.05118458817
-0.0374019342
-0.03062499401
-0.0289711571
-0.02868704086
-0.02879623421
-0.02959784968
-0.04936403418
-0.03639565417
-0.03027428851
-0.02891949319
-0.02864751065
-0.02930695212
-0.0300500365
-0.04855720554
-0.03575208901
-0.03005000192
-0.02881133461
-0.02861690593
-0.02955763613
-0.03036597397
-0.0483522432
-0.03539992099
-0.02988829906
-0.02877052463
-0.02863074508
-0.02959292104
-0.03051024203
-0.04829384808
-0.03512622581
-0.02968545513
-0.0287107536
-0.02863568361
-0.02954599716
-0.03042026108
-0.04830935205
-0.0350967232
-0.0296523137
-0.02872148912
-0.02864992645
-0.02971268923
-0.03027991533
-0.04829488356
-0.03512545921
-0.02968984753
-0.02871380353
-0.02862185678
-0.02950734102
-0.0303702454
-0.04836825628
-0.03541066922
-0.02989931755
-0.02876989508
-0.02860124666
-0.02952821859
-0.03043266235
-0.04858135357
-0.0357714635
-0.03005986756
-0.02880860355
-0.0285811761
-0.02947446939
-0.03026826029
-0.04939520451
-0.03641866613
-0.03028666202
-0.02891642357
-0.02861051015
-0.02922627651
-0.02996280006
-0.05120740975
-0.03741224347
-0.03063876901
-0.02896922087
-0.02866280931
-0.02874590946
-0.02956565214
-0.05473458792
-0.03920446739
-0.03130381296
-0.0290828855
-0.02869882053
-0.02866168381
-0.02924437685
-0.05897675646
-0.04169165716
-0.03240350711
-0.02941271281
-0.02874050954
-0.0286209532
-0.02897605959
-0.07506382719
-0.05579779443
-0.04170297244
-0.03635205515
-0.03486648649
-0.0345459532
-0.0342180855
-0.07141976779
-0.05242125383
-0.03986171658
-0.03564776239
-0.0347112596
-0.03452441148
-0.03406822213
-0.06654810211
-0.04920228188
-0.03806694383
-0.03533115994
-0.03482213324
-0.03455607593
-0.03377450845
-0.06220692446
-0.04692216081
-0.03683799419
-0.03519212336
-0.03489271537
-0.03423921989
-0.03355944335
-0.05883745022
-0.04543287035
-0.03555118515
-0.0349496171
-0.03483695421
-0.03429241947
-0.03362464404
-0.0569119252
-0.04471404608
-0.03623528628
-0.03492699609
-0.03474190084
-0.0344811018
-0.03351746187
-0.0556964059
-0.04425239811
-0.03693487544
-0.03499756852
-0.03465047687
-0.0343405167
-0.03377698641
-0.05554970644
-0.0442019532
-0.03704386623
-0.03504218198
-0.03463825536
-0.03397461839
-0.03375665433
-0.05570022724
-0.04425031133
-0.03693217037
-0.03499632699
-0.03463512712
-0.03430324243
-0.0337338094
-0.05693173583
-0.04472463037
-0.03624483781
-0.03492518499
-0.03471026336
-0.03442487759
-0.03344079565
-0.05887633879
-0.04545319455
-0.03556126392
-0.03494374908
-0.03479336388
-0.03421797169
-0.03353650343
-0.06225431933
-0.04694723788
-0.03684716626
-0.03517773649
-0.03484498887
-0.03416186983
-0.03350249757
-0.06659095208
-0.04921792477
-0.03807664764
-0.03531130349
-0.03478319834
-0.03453479077
-0.0337861266
-0.07144345396
-0.05241981215
-0.03985752077
-0.03564505081
-0.03472479045
-0.03456799981
-0.03412216603
-0.07505383504
-0.05577767254
-0.04168424772
-0.03634477723
-0.03488504581
-0.03458228133
-0.03426642296
-0.0837372657
-0.06274541548
-0.04712434418
-0.04040586798
-0.03823674866
-0.0376176673
-0.03754238734
-0.08506569553
-0.05996950114
-0.04520540832
-0.03950755761
-0.03794867579
-0.03758470646
-0.03782095563
-0.08551879837
-0.05723301315
-0.0454620006
-0.03910739824
-0.03797634348
-0.03769827611
-0.03837480849
-0.08470394885
-0.05503338525
-0.04470468526
-0.0388667572
-0.03806561666
-0.03790788796
-0.03866675358
-0.08315324365
-0.05330077388
-0.04549021904
-0.03870257427
-0.03810216969
-0.03797434686
-0.03888743029
-0.08164291942
-0.05234615345
-0.04115262603
-0.03844902251
-0.0380718801
-0.03806246006
-0.03957537263
-0.07762549931
-0.05154542612
-0.04108374356
-0.0384221112
-0.03801631463
-0.03874186263
-0.03929696394
-0.07714858493
-0.0514853174
-0.04118376645
-0.03848517498
-0.03804576896
-0.03946679366
-0.0395899518
-0.07763970846
-0.05154658544
-0.04108568299
-0.03842588002
-0.03800749127
-0.03873051543
-0.03926548874
-0.0816592973
-0.05236119959
-0.04116263639
-0.03845319568
-0.03804841108
-0.03801613731
-0.03951899444
-0.0831915774
-0.05332831253
-0.04549481559
-0.03869891092
-0.03806109516
-0.03790395752
-0.03880629061
-0.08475142705
-0.05506474883
-0.04469963493
-0.03884640521
-0.03801214481
-0.03783166389
-0.03859785411
-0.08555572309
-0.05725272544
-0.04542907223
-0.03907462279
-0.03792930307
-0.03767178929
-0.03836540031
-0.08508859606
-0.05997130599
-0.04520837252
-0.03949531084
-0.03795697157
-0.0376300848
-0.03787466591
-0.08372223014
-0.06272811352
-0.04710363754
-0.04039333451
-0.03825387922
-0.03765945836
-0.03761044366
-0.05924661124
-0.07655548232
-0.05735455929
-0.04955970585
-0.04570376746
-0.04404116597
-0.04369855025
-0.06445200515
-0.07603789843
-0.05163769175
-0.04715742117
-0.0448366766
-0.04372505425
-0.04339451647
-0.07003930079
-0.07527200384
-0.04984215676
-0.04633402393
-0.04452467558
-0.0436595967
-0.04319377476
-0.07423963728
-0.07410357733
-0.04842597566
-0.0457549659
-0.04439878786
-0.04360482058
-0.0431480432
-0.07758956455
-0.07241227415
-0.04613435567
-0.04500217454
-0.04433652715
-0.04342299103
-0.04279776647
-0.08174766732
-0.07146651992
-0.0470294864
-0.04476451305
-0.04458811943
-0.04343170627
-0.04174747023
-0.08792759138
-0.07061276405
-0.05043482016
-0.04512435135
-0.04469261242
-0.04182940482
-0.04190414536
-0.08870359942
-0.07068098389
-0.05077204721
-0.04524182911
-0.0449465094
-0.04116561831
-0.04205402656
-0.08791605654
-0.07062086352
-0.0504544683
-0.04514192293
-0.04470490229
-0.04178447642
-0.04184974166
-0.08176874942
-0.07149548232
-0.0470518152
-0.04478299707
-0.0445842613
-0.04339280656
-0.04167930162
-0.07758896082
-0.07245599644
-0.04616469397
-0.0450078223
-0.0443056038
-0.04336290125
-0.04271634849
-0.07427333183
-0.07414501343
-0.04845958443
-0.0457349957
-0.04434365437
-0.04353210464
-0.04308557327
-0.07005122369
-0.07529295632
-0.04990310517
-0.04630040998
-0.04447318087
-0.04362396111
-0.04319920255
-0.06445736145
-0.07604008418
-0.05163350466
-0.04713373637
-0.04483972698
-0.04377789984
-0.04346539115
-0.05921236418
-0.07652734816
-0.05736677254
-0.04954986723
-0.04572240298
-0.04409509214
-0.04376175472
-0.02285529806
-0.05269013416
-0.07830960943
-0.05580658636
-0.05004120142
-0.04764861081
-0.04819350193
-0.03216625069
-0.05784183047
-0.07823741053
-0.05359353454
-0.04903392314
-0.04824623631
-0.04877138238
-0.04106382538
-0.06171638588
-0.07426641662
-0.05214446781
-0.04851352547
-0.04836390518
-0.04876253966
-0.04830331381
-0.06493997986
-0.07184220733
-0.05137133873
-0.04816513096
-0.04847349661
-0.04875803269
-0.0542006753
-0.06833173059
-0.0688005287
-0.05028829408
-0.04786238908
-0.04839235899
-0.04882111074
-0.05221183528
-0.0697100269
-0.06861241604
-0.049959025
-0.0475417575
-0.04862061955
-0.04988791196
-0.05200415471
-0.07049403945
-0.05551505068
-0.049043602
-0.04775120265
-0.05103628815
-0.04929189276
-0.05129442206
-0.07053358517
-0.05527773189
-0.04908583497
-0.04789550217
-0.05060415071
-0.046305359
-0.05199183659
-0.07050523648
-0.0555422856
-0.04906982955
-0.04775690355
-0.0510635317
-0.04928119605
-0.05219672357
-0.06974046833
-0.06838812361
-0.04998983621
-0.04754038376
-0.04858883134
-0.04981410054
-0.05425395218
-0.06835758618
-0.06883444436
-0.05030149985
-0.04783278916
-0.04832952932
-0.0487393341
-0.04832780507
-0.06496702521
-0.0718631141
-0.05134890834
-0.04810538835
-0.04839402102
-0.04870064214
-0.04104145093
-0.06170657637
-0.07422736576
-0.05209582562
-0.04845347117
-0.04832456876
-0.04877738833
-0.03214993327
-0.05782169519
-0.07818820846
-0.05355494955
-0.04902814113
-0.04829547493
-0.04885012281
-0.02278744719
-0.0526251797
-0.07819928767
-0.05577713984
-0.05005747807
-0.04770961007
-0.04827714573
0.09952744284
-0.003955935943
-0.0478005227
-0.05906199835
-0.06046095235
-0.05402563689
-0.05282456886
0.08592141956
-0.01558015715
-0.05435419098
-0.06087638302
-0.05981433049
-0.0533539574
-0.05205748879
0.07449340346
-0.02504096789
-0.05748860877
-0.0607454928
-0.05854029684
-0.05293862875
-0.05192304542
0.06868744684
-0.03103913328
-0.05958415981
-0.06102639382
-0.05727550425
-0.05272780688
-0.05176297076
0.06180049974
-0.03946155829
-0.05751345657
-0.06352860082
-0.05657073707
-0.0524737005
-0.0517229869
0.05937149796
-0.04387621172
-0.05637797771
-0.06391459741
-0.05409789206
-0.05206020914
-0.05137059453
0.0424017384
-0.05006034864
-0.0586404793
-0.06330535768
-0.05463213284
-0.04848242365
-0.05074625898
0.04367175148
-0.05005296278
-0.06062483067
-0.06217919473
-0.05419195141
-0.05273127869
-0.05376514161
0.0423905637
-0.05007897402
-0.05873737716
-0.06329640343
-0.0546450325
-0.04842277794
-0.05069049093
0.05941780001
-0.04390575157
-0.0566843459
-0.0639814469
-0.05409460456
-0.05201582782
-0.05133217013
0.06185604541
-0.03943762346
-0.05769978062
-0.0634483883
-0.0565224106
-0.05239637917
-0.05163835917
0.0687737108
-0.03104543844
-0.05958790748
-0.06098761734
-0.05720293756
-0.05263267712
-0.05170004398
0.07453186959
-0.02501191736
-0.05743269868
-0.06065778139
-0.05845848584
-0.05288324481
-0.05193659639
0.08599446996
-0.01554672093
-0.05429303602
-0.06079566691
-0.05977695727
-0.05339197209
-0.05214363408
0.0996666772
-0.003844853043
-0.04772105669
-0.05898679033
-0.06043810628
-0.05412527693
-0.05292959526
0.221301893
0.06800207238
-0.03089159037
-0.05158194658
-0.05849895143
-0.06403077002
-0.0654674185
0.2105866633
0.05052176161
-0.04089059724
-0.05579649498
-0.06084669248
-0.06234778038
-0.06258487868
0.2012934407
0.03587470281
-0.04695142935
-0.05867066388
-0.06191456449
-0.06158484441
-0.0606127342
0.2389574829
0.03116741115
-0.05046184549
-0.06016638819
-0.06260575206
-0.0609187057
-0.05912332507
0.2602202307
0.02098907883
-0.05300794521
-0.06214786353
-0.06323661915
-0.06078447379
-0.05853522711
0.2698875069
0.01187738106
-0.0498894634
-0.06281812986
-0.06606757941
-0.0629508299
-0.05750289123
0.263791835
-0.004171111119
-0.05212786052
-0.06480942659
-0.06637183402
-0.06448290752
-0.05398545327
0.2666078398
-0.005170021277
-0.05074488628
-0.06490516345
-0.06986781874
-0.05614658659
-0.05529590972
0.2638009438
-0.004206196971
-0.05209645155
-0.06484296689
-0.06638868498
-0.06444428686
-0.05391831812
0.2699219507
0.01185027891
-0.04994596245
-0.06281765318
-0.06607838655
-0.06289293367
-0.05741860431
0.2604478731
0.02105286108
-0.05309502681
-0.06212262209
-0.06317878041
-0.06068511666
-0.058445016
0.2391920063
0.03129456913
-0.05045617401
-0.06011079972
-0.06249824947
-0.06079831763
-0.05905423867
0.2012268916
0.03588604876
-0.04689548725
-0.0585719627
-0.06176957555
-0.06151955005
-0.06063841105
0.210654229
0.0505856609
-0.04082783126
-0.05570851846
-0.06075967164
-0.06236979365
-0.0626832736
0.2214682728
0.06813811681
-0.03081804359
-0.05153313491
-0.05848724531
-0.06409339186
-0.06548066996
0.303277189
0.2562157406
0.1180066968
0.0166977156
-0.02313479127
-0.04816204805
-0.05524889908
0.3019836958
0.2479018955
0.0948770803
0.00373539122
-0.03261533288
-0.05104698734
-0.05735926708
0.3187948566
0.2469431632
0.08199950541
-0.005293089988
-0.03801982098
-0.05288931756
-0.05928197707
0.345526959
0.2619334438
0.08126960731
-0.005520438293
-0.04022270003
-0.0525183825
-0.05867322538
0.3572666787
0.2540156717
0.06752509413
-0.0118700291
-0.04251598592
-0.05400671151
-0.05876160732
0.3442179468
0.2379867479
0.05643425096
-0.01874405664
-0.04595197292
-0.05945180787
-0.0599892458
0.3172792989
0.1935436358
0.03137349428
-0.02784220741
-0.05465583703
-0.05736439618
-0.06057532229
0.2978325409
0.1767044682
0.02283310457
-0.02897564651
-0.05389721129
-0.05691350662
-0.06059996956
0.3170172204
0.1933737756
0.03127209865
-0.02790961124
-0.05467186681
-0.05735048148
-0.06053647223
0.3442809854
0.2380593726
0.05653395457
-0.01871681196
-0.0459509042
-0.05940419469
-0.05991641224
0.357794857
0.2543726041
0.06772841792
-0.01178109952
-0.04242534392
-0.05388113822
-0.05865320838
0.3461642693
0.2623504925
0.0814564887
-0.005413804101
-0.04008336781
-0.05236524283
-0.05857747834
0.3194337229
0.2473114809
0.08213407201
-0.005177228191
-0.03786184661
-0.05280113607
-0.05927125237
0.302470109
0.2479909745
0.09492406548
0.003814350962
-0.03250856079
-0.05103454898
-0.05740709361
0.3037791762
0.2563928303
0.1181063192
0.01677969426
-0.02309641376
-0.04814694362
-0.05522704219
0.310767359
0.2751951425
0.1478782053
0.04391259537
-0.002852040699
-0.04125861567
-0.05103162386
0.3147250918
0.2649790992
0.1190833254
0.02703354137
-0.01789934092
-0.04688664779
-0.05613877956
0.3376428014
0.2608942971
0.09918133865
0.01306828228
-0.0281837761
-0.05021441073
-0.05776116288
0.3531536472
0.2468477758
0.08695815874
0.004549276544
-0.03564105267
-0.05105785833
-0.05875684228
0.3503090115
0.216273121
0.06405673353
-0.007524436948
-0.04007688774
-0.05368372269
-0.06008409482
0.3121890927
0.1721563034
0.03814122315
-0.02194546199
-0.04592162476
-0.05604232735
-0.06136163486
0.2592565387
0.125268332
0.01414447891
-0.03130443315
-0.05121349854
-0.05730825001
-0.06109160403
0.2219058862
0.08075909283
0.001310158833
-0.03153212124
-0.04832093588
-0.05787156714
-0.06182480537
0.2588898892
0.124876161
0.01382384005
-0.03153157515
-0.05123244027
-0.05724222526
-0.06098170899
0.31207952
0.1720663577
0.03804223469
-0.02203176631
-0.0460243594
-0.05602444211
-0.06131671165
0.3507807742
0.2164045663
0.06413076476
-0.007485737573
-0.04003987514
-0.05359748907
-0.05997816704
0.3539787107
0.2474483404
0.08722189095
0.004664410458
-0.03553046801
-0.05092100964
-0.05864482317
0.3386585629
0.2616352269
0.09946358229
0.01324256275
-0.02803351886
-0.05012177726
-0.05768832864
0.3154588529
0.2653663326
0.1193017396
0.02718288884
-0.0177898618
-0.04685481589
-0.05617882549
0.3114334565
0.2754584845
0.1481166818
0.04406655127
-0.002748702213
-0.04120319448
-0.05106348458
0.3081229759
0.2867364972
0.246164048
0.1626721844
0.105741384
0.02014158572
0.0204681228
0.3184294142
0.2976550568
0.2357445061
0.1851478721
0.103849616
0.02195968036
0.02768499681
0.3842274102
0.3604093237
0.2411682029
0.1863327329
0.07802195138
0.02792830681
0.01186089875
0.4549534873
0.4050623737
0.2070864116
0.1426046425
0.03222843877
0.0150110858
-0.002715756067
0.44019165
0.3291519099
0.1383020351
0.06309287368
-0.007391150942
-0.0108268673
-0.02154092921
0.3732268414
0.2369403833
0.08460963578
0.02884493954
-0.01363551136
-0.01341162157
-0.02225300524
0.3103415232
0.1720683744
0.05590513077
0.04440561373
0.04359868867
0.024935643
-0.0006397339443
0.252325645
0.1369145572
0.08907829006
0.1087621328
0.09693620586
0.04157104526
0.00787500751
0.3097905951
0.1714644409
0.05557765021
0.04412445162
0.04643199798
0.02805688555
0.001345447147
0.3730024783
0.2365025635
0.08427834406
0.0294839684
-0.01684977367
-0.01451966527
-0.022819055
0.440392521
0.329248711
0.1382521278
0.063336092
-0.008023011017
-0.01124711039
-0.02179773515
0.4568413423
0.4077676604
0.2082167378
0.1432293014
0.03238635622
0.0152379923
-0.002686240991
0.386090724
0.3624489807
0.2424318375
0.1873737016
0.07844044401
0.02807738299
0.01202482843
0.319824059
0.298879233
0.2361312807
0.1853841895
0.1037911965
0.02196410184
0.02786134486
0.3089860861
0.2874402988
0.2460966406
0.1624702112
0.1055662541
0.02017449797
0.02027687012
0.2702442913
0.2610601505
0.2472799562
0.2467983955
0.2366462295
0.213550001
0.2176916739
0.2934832839
0.2800787999
0.2549102148
0.2595640282
0.2269521426
0.2425738477
0.1979997856
0.3674380893
0.3370947897
0.2795639649
0.2750054478
0.2249155692
0.169868482
0.05838496779
0.4468283578
0.3927695497
0.2876708905
0.2651719464
0.1362950768
0.1053639276
-0.0005131475206
0.4954704774
0.4300787549
0.2806719658
0.2320897904
0.09921486816
0.07697539164
-0.01454900775
0.4823040485
0.4260530167
0.264854304
0.2063797329
0.1006570815
0.05755369549
-0.0230116057
0.4469061985
0.3873995387
0.2475503696
0.2263318824
0.1096407546
0.01535138646
-0.01670897465
0.4101885675
0.3597656883
0.2991157275
0.1453803852
0.04791420952
0.004093777817
-0.003499830289
0.4465087389
0.3872631148
0.246776652
0.2260874927
0.1074729702
0.0154265799
-0.01585430292
0.4822500276
0.4255481516
0.2644504293
0.2069021598
0.09391898942
0.05666214256
-0.0231789513
0.4968140719
0.4319440107
0.2812327111
0.2321537218
0.09859081166
0.07745262611
-0.0147743531
0.4486350654
0.3947636329
0.2889303076
0.2658167866
0.1377930965
0.1060500996
-0.000466779566
0.3692583828
0.3386498593
0.2808314467
0.2760693374
0.226216932
0.1703640464
0.05883385036
0.2951201708
0.2814878539
0.2555278161
0.2601277405
0.2272267052
0.2428834998
0.1991296229
0.2712712642
0.2629008146
0.2488190369
0.2480914336
0.2371476421
0.2130697146
0.2183580802
-0.0004993268535
-0.000495161789
-0.000508530378
-0.0005085594046
-0.0004958097881
-0.0004496083052
-0.0003946600557
-0.0004922893691
-0.0004906629355
-0.0005168875227
-0.0005230364163
-0.0005128359511
-0.0004704087527
-0.000413422146
-0.0004771814069
-0.0004763454672
-0.0005009457052
-0.0005043146276
-0.0005076319513
-0.0004796653139
-0.0004481433088
-0.0004711544651
-0.0004803320753
-0.0004973039327
-0.0005052185257
-0.0005073626115
-0.0004935514201
-0.000471568757
-0.0004633569006
-0.0004714849044
-0.0004769432602
-0.0004945444653
-0.0004957761469
-0.0004949697147
-0.0004795779033
-0.0004738210831
-0.0004685670978
-0.0004761862555
-0.0004859930202
-0.0004877055295
-0.0004919526949
-0.0004952568504
-0.000481508825
-0.0004706051472
-0.0004790729098
-0.0004760277357
-0.0004777460473
-0.000488409678
-0.0005150225113
-0.0004851260712
-0.0004816823489
-0.0004798510161
-0.0004776203613
-0.0004811111913
-0.0004884234213
-0.0005184841547
-0.0004902730468
-0.0004885859688
-0.0004868343005
-0.0004860735857
-0.0004832775173
-0.0004777064363
-0.000484462394
-0.0004980211127
-0.0004919877017
-0.0004982693935
-0.0004869591096
-0.0004605251123
-0.0004333088209
-0.0004077573518
-0.0005079513795
-0.0005012100209
-0.000505452117
-0.0004767968882
-0.0004131504034
-0.0003466858495
-0.0003094536744
-0.0005205364412
-0.0005091195975
-0.0005030785004
-0.0004582518478
-0.0003661354865
-0.0002672916177
-0.0002403828251
-0.0005256795751
-0.0005064684706
-0.0004923032315
-0.0004393707693
-0.0003585462272
-0.0002851220597
-0.0002466208047
-0.0005143261908
-0.0004919742262
-0.000481466311
-0.0004449333779
-0.0004243014988
-0.0003748648043
-0.000356690925
-0.0004959196095
-0.0004754424711
-0.0004847312979
-0.0004915776934
-0.0005414022693
-0.0004884494522
-0.0003467266651
-0.001333065299
-0.001085750861
-0.001066765164
-0.001124094529
-0.001094929967
-0.001025490728
-0.0009485514072
-0.001286468021
-0.001064490229
-0.001060623105
-0.001133664985
-0.001109699923
-0.001019344651
-0.0009756367448
-0.001235665557
-0.001037446742
-0.001059432085
-0.00114222042
-0.001102100092
-0.0009933899003
-0.0009536349691
-0.001183189623
-0.0009965371939
-0.001047406517
-0.001135990205
-0.001082847308
-0.0009936917673
-0.0009637527124
-0.001158814579
-0.0009795180543
-0.001045354057
-0.001120608387
-0.001047152096
-0.0009854326499
-0.0009624252072
-0.001147487985
-0.0009815484387
-0.001034845209
-0.001095134741
-0.001002782238
-0.0009724018156
-0.0009612402455
-0.001140449811
-0.000990829483
-0.001035747317
-0.001090976779
-0.0009877523934
-0.0009685556752
-0.0009701061298
-0.001142590086
-0.0009913368308
-0.001046294536
-0.001101720372
-0.0009904035434
-0.000971508523
-0.00097971008
-0.001149164014
-0.0009982487182
-0.00105543711
-0.001112307346
-0.0009961193646
-0.0009607121063
-0.0009653996523
-0.001164961317
-0.001005574092
-0.001061782625
-0.001117841018
-0.0009936330516
-0.0009152362997
-0.0009044746433
-0.001197219584
-0.001020707027
-0.001068722072
-0.001113418711
-0.0009830353493
-0.0008525641439
-0.0008106583083
-0.001238319538
-0.001040521863
-0.001068652974
-0.001100169564
-0.0009796360145
-0.0008289311463
-0.0007652014581
-0.001276725718
-0.001062266478
-0.001058611809
-0.001088783679
-0.001004016264
-0.0008736595231
-0.0008343424011
-0.001304813867
-0.001075650113
-0.001047095492
-0.001100745681
-0.001078343746
-0.0009923132098
-0.0008844905436
-0.00133232644
-0.001077039677
-0.001038239642
-0.001114407774
-0.001138297885
-0.001110917513
-0.001002015873
-0.005645521945
-0.004195557819
-0.003895242799
-0.0039967653
-0.003987315705
-0.003919717884
-0.003853598355
-0.005425216266
-0.004142029303
-0.00391379026
-0.004041477794
-0.004018973365
-0.003925033816
-0.003892748888
-0.005311353576
-0.004092528147
-0.00390255717
-0.004048853396
-0.004009411402
-0.003918207496
-0.003909508555
-0.005254078219
-0.004044535974
-0.003893375429
-0.004044759579
-0.00396863073
-0.003919353251
-0.003947965441
-0.005190827417
-0.00399226686
-0.003883612075
-0.00402964908
-0.003921055438
-0.003910583365
-0.003983688904
-0.005140361272
-0.003972395202
-0.003881504171
-0.004010015704
-0.003883028154
-0.003904446457
-0.004027314515
-0.005080427808
-0.003960540845
-0.003882171906
-0.004001745094
-0.003866948985
-0.003901531838
-0.004064994711
-0.005077125041
-0.003960784456
-0.003887550337
-0.004011295028
-0.003870499537
-0.003905278327
-0.004084120682
-0.005092409126
-0.003969620403
-0.003896328862
-0.004026112423
-0.003878773573
-0.003893841308
-0.004059171565
-0.005144088812
-0.00398912465
-0.003908126221
-0.004037984621
-0.003883533303
-0.003862151543
-0.003982614715
-0.00521284132
-0.004026558856
-0.00391668818
-0.00403543026
-0.003884196781
-0.003812333047
-0.003872721948
-0.005291584828
-0.00407723473
-0.003915697148
-0.004027361765
-0.003902471218
-0.003796384802
-0.003800815786
-0.005348389332
-0.004117109349
-0.003904228672
-0.004015402657
-0.003947711051
-0.003849764379
-0.003813355858
-0.00543123642
-0.004144651943
-0.003892289262
-0.004013036454
-0.004005194058
-0.003938213625
-0.003862842106
-0.005636134241
-0.004190059996
-0.003878102204
-0.004003143743
-0.004035186351
-0.004012067146
-0.003944178281
-0.01577884151
-0.01300444567
-0.01208367203
-0.01212990041
-0.01213686185
-0.01216748423
-0.01232751442
-0.01519771012
-0.01282364422
-0.0120774861
-0.012168134
-0.01214222806
-0.01224695954
-0.01241398081
-0.01478268722
-0.01281649696
-0.01210764304
-0.01220897157
-0.01213414973
-0.01235388548
-0.01252254107
-0.01452524281
-0.01284421087
-0.01212957668
-0.01222433118
-0.01214338021
-0.01246304415
-0.01269581204
-0.0143985551
-0.01282507873
-0.01213747564
-0.01221630206
-0.01222117792
-0.01252995835
-0.01282274636
-0.01435661741
-0.01281565057
-0.01213888039
-0.01219297662
-0.01228636371
-0.01256395446
-0.01287501718
-0.01433315941
-0.01278444357
-0.01213102467
-0.01218176899
-0.01233489182
-0.01259648498
-0.01286618324
-0.01433746594
-0.01278460011
-0.01213803845
-0.01219431846
-0.01236291594
-0.01260968266
-0.01285087578
-0.01433622737
-0.01278414366
-0.01214304562
-0.01220945464
-0.01234787147
-0.01259011188
-0.01286050686
-0.01435792473
-0.01282396996
-0.01215617814
-0.01221717415
-0.0122895651
-0.01253747704
-0.01284728737
-0.0144147218
-0.0128511135
-0.01215736559
-0.01221457113
-0.01219354841
-0.01246588131
-0.01275679223
-0.01454960919
-0.01286040108
-0.01213738132
-0.01220680773
-0.01209748409
-0.01238181703
-0.01261415805
-0.01479591653
-0.01282029502
-0.01209082473
-0.01217562315
-0.01208611108
-0.01231709326
-0.01249027212
-0.01519826919
-0.01281395504
-0.01204885305
-0.01214257196
-0.01213899368
-0.01228096807
-0.01244055016
-0.01572828137
-0.01296934354
-0.01203783715
-0.01209827137
-0.01213186855
-0.01220162733
-0.01237666027
-0.02003862776
-0.0166244382
-0.01522447276
-0.01506884489
-0.0150690349
-0.01515015175
-0.01522966025
-0.019451715
-0.01625979311
-0.01513842622
-0.01508489308
-0.0150887707
-0.01522047619
-0.01526362929
-0.01914033173
-0.01610100995
-0.01513103648
-0.01513021827
-0.01513426645
-0.01532912005
-0.01536148832
-0.01889839334
-0.01606126764
-0.01513444419
-0.01514021483
-0.01517257988
-0.01539526906
-0.01527502203
-0.01869038724
-0.01606235642
-0.0151471242
-0.01512527976
-0.01521303677
-0.01541946159
-0.01518343216
-0.01852971491
-0.01607815787
-0.01515135841
-0.01510170361
-0.01524105334
-0.0154302662
-0.01520014438
-0.01841646228
-0.01607619153
-0.01514749995
-0.0150902639
-0.01526760765
-0.01544266166
-0.01530535282
-0.01838902795
-0.01608034113
-0.01515814141
-0.01510286354
-0.0152866672
-0.01541166197
-0.01537769721
-0.01841119747
-0.01607043786
-0.01515941007
-0.01511220687
-0.0152759898
-0.01543709884
-0.01530360581
-0.01853277615
-0.016085585
-0.01516389105
-0.01511713868
-0.0152391203
-0.0154139956
-0.01518645975
-0.0187024544
-0.01608138373
-0.01515389827
-0.01511508215
-0.01518032956
-0.0153668215
-0.01513974578
-0.01892531266
-0.01607038519
-0.01512896059
-0.01511131185
-0.0151158806
-0.01531664362
-0.01521432364
-0.0191489417
-0.01608872555
-0.01509702293
-0.01508020648
-0.01507012806
-0.0152803533
-0.01533670939
-0.01945151106
-0.0162409839
-0.01510000279
-0.01504392258
-0.01507037236
-0.0152503225
-0.01529416649
-0.0199956099
-0.01657349549
-0.01516360854
-0.01501010077
-0.01503570411
-0.015162046
-0.01525899973
-0.02653317106
-0.02179783744
-0.0194599143
-0.01899734121
-0.01900456303
-0.01917806628
-0.0191595441
-0.02497547103
-0.02113838868
-0.01926892764
-0.01900709123
-0.01909550187
-0.01928094291
-0.01928813451
-0.02396860171
-0.02063237528
-0.01916704985
-0.01903896993
-0.01931588032
-0.01942716338
-0.01937279327
-0.02354520875
-0.02030676336
-0.01910540986
-0.0190583326
-0.01943812965
-0.0194684222
-0.01937675924
-0.02343349019
-0.02018615544
-0.01909864005
-0.01909975011
-0.01941026375
-0.01952447388
-0.01923557046
-0.02342594742
-0.02017498244
-0.01910696849
-0.0191360933
-0.01934473862
-0.01950013611
-0.01895841626
-0.02343651903
-0.02020086408
-0.0191156976
-0.01914141049
-0.01929985944
-0.01940653243
-0.01866643334
-0.02344617568
-0.02020547767
-0.01913071636
-0.01916032642
-0.01929524726
-0.0194175396
-0.01853856812
-0.02343079516
-0.02019452659
-0.01912783822
-0.0191541125
-0.01929736903
-0.01939684567
-0.01865993509
-0.02342590202
-0.02018246526
-0.01911852746
-0.01914261617
-0.01932910902
-0.0194751029
-0.0189414829
-0.02343944222
-0.02020203169
-0.0190979079
-0.01908532933
-0.01936599704
-0.01946953358
-0.0191920936
-0.0235716935
-0.0203227337
-0.01909483694
-0.01902316601
-0.01936593575
-0.01938250536
-0.01932023181
-0.02398689238
-0.02062123817
-0.01913010998
-0.01897858942
-0.01923294309
-0.01936181277
-0.019348273
-0.02498336617
-0.02112094945
-0.01922767904
-0.0189461101
-0.01905716207
-0.01930587525
-0.01931906814
-0.02651015021
-0.0217524542
-0.01940618102
-0.01892851493
-0.01895957861
-0.01918894684
-0.01919269237
-0.03583150833
-0.025987425
-0.02199446608
-0.02109154752
-0.02096716547
-0.02110414207
-0.02116769465
-0.0337326169
-0.02496698413
-0.02165746153
-0.02105475405
-0.02105574584
-0.02120897485
-0.02094222345
-0.031833801
-0.02422593896
-0.02147340969
-0.02104002162
-0.02123294252
-0.02136679053
-0.0210974113
-0.03041537115
-0.02368048721
-0.02135880114
-0.02104570396
-0.02135538632
-0.02133734414
-0.02137938112
-0.02942685822
-0.02331709393
-0.02130043717
-0.0211104657
-0.02139286959
-0.02120297518
-0.02171234353
-0.02887370683
-0.02314406372
-0.02127368099
-0.02118262807
-0.02139710256
-0.02131900943
-0.02216511065
-0.02856406253
-0.02305220746
-0.02126027212
-0.02120929931
-0.02138971741
-0.02143822448
-0.02259195556
-0.02850123232
-0.02303655384
-0.02127010921
-0.0212379526
-0.02139711598
-0.02149822831
-0.02273398566
-0.02855690314
-0.02304869866
-0.02127179643
-0.02122183721
-0.02138627149
-0.02142595067
-0.0225892204
-0.02887626639
-0.02315074846
-0.0212868857
-0.02118981603
-0.02137923928
-0.02128952587
-0.02215324129
-0.02943872972
-0.02333406001
-0.02130010655
-0.02109391939
-0.02134441196
-0.02114191616
-0.02167515586
-0.03044608258
-0.02369941203
-0.02134803579
-0.02100703651
-0.02128103643
-0.02125022901
-0.02133411154
-0.03186139393
-0.02422155451
-0.02144220106
-0.02097856525
-0.02114778182
-0.02129795931
-0.02108547185
-0.03374667826
-0.02495676445
-0.02162209293
-0.02099153916
-0.02100725637
-0.0212149719
-0.0209594488
-0.03581095081
-0.02596245017
-0.02195791768
-0.02103180929
-0.02092740832
-0.02110969857
-0.02118642006
-0.04612789355
-0.03492816894
-0.02806848606
-0.02608906948
-0.02564637541
-0.02559981478
-0.02571647564
-0.04372259805
-0.03309231394
-0.02730431484
-0.02590553297
-0.02566605624
-0.0256492888
-0.02577642962
-0.0420387204
-0.03196439355
-0.0269169304
-0.02583103307
-0.02566251707
-0.02567864393
-0.02567818654
-0.04096989738
-0.03129586639
-0.02672341963
-0.02577928074
-0.0256579921
-0.02575510397
-0.02543653365
-0.04007912582
-0.03075973586
-0.0265728944
-0.02574902985
-0.02570933476
-0.02556556833
-0.0250531834
-0.0394284597
-0.03039813968
-0.02625263788
-0.02573971532
-0.02577820227
-0.02539184949
-0.02461732353
-0.03891229498
-0.03012313682
-0.02621246284
-0.02575733811
-0.02583182939
-0.02530985566
-0.02432022368
-0.03880988985
-0.03007037
-0.0261960154
-0.02578288605
-0.02585588499
-0.02523701482
-0.02430821787
-0.03890428491
-0.03011848712
-0.02622362459
-0.02577151304
-0.02583175082
-0.02529984846
-0.02431883792
-0.03943470163
-0.0303997027
-0.02627107496
-0.02574804659
-0.02576169921
-0.02536207961
-0.02460271206
-0.0400962618
-0.03077307893
-0.02657164807
-0.02572546242
-0.02565884568
-0.025505227
-0.02501225948
-0.04100077684
-0.03130935397
-0.0267074767
-0.02572970645
-0.02558163544
-0.02567113118
-0.02538173045
-0.04206779777
-0.03196143888
-0.02688940507
-0.02576448385
-0.02557652878
-0.02560807487
-0.02565149775
-0.04373958384
-0.03308716237
-0.02728037929
-0.02584600759
-0.02560934441
-0.02563103013
-0.02578348436
-0.04611500294
-0.0349186977
-0.02804723577
-0.02604044898
-0.02561002189
-0.02558967605
-0.02572154085
-0.05898691075
-0.04171322368
-0.03242583134
-0.02943115788
-0.02873311241
-0.02859149781
-0.02893304221
-0.05470970475
-0.03920514886
-0.0313102149
-0.02910353909
-0.02871175983
-0.02863960191
-0.02921820333
-0.05116753882
-0.03740218222
-0.03064664275
-0.02901072914
-0.02872670916
-0.02881283817
-0.02960117316
-0.0493540456
-0.03639968612
-0.03029072309
-0.02895615128
-0.02868781549
-0.02932905143
-0.03004625266
-0.04855193754
-0.03575601919
-0.0300591693
-0.02883456176
-0.02863953814
-0.02956329957
-0.03035199038
-0.04835148557
-0.03540631472
-0.02988714047
-0.0287678408
-0.02862457078
-0.02958340182
-0.03049150391
-0.04829420647
-0.03512447339
-0.02967431675
-0.02869768496
-0.02861751195
-0.02952839917
-0.0304123813
-0.04830646469
-0.03508690485
-0.02963743365
-0.02870903719
-0.0286344642
-0.02970467944
-0.03029213773
-0.04828772453
-0.0351168617
-0.02968158598
-0.02870933341
-0.02861836723
-0.02951989328
-0.03040033691
-0.04836141325
-0.03540535454
-0.02989669303
-0.0287708269
-0.02860756362
-0.02954908516
-0.03046770673
-0.04857399004
-0.03576615068
-0.03005241251
-0.02880347863
-0.02858585659
-0.02949521509
-0.03029941095
-0.04939005226
-0.03641045241
-0.03027012357
-0.02889723643
-0.02860213207
-0.02923335323
-0.02997569489
-0.05120831004
-0.03740160954
-0.0306157217
-0.02893687438
-0.02863268383
-0.02873170179
-0.02954857603
-0.05474347641
-0.03920092679
-0.03128403928
-0.02904258608
-0.02865011264
-0.02860836023
-0.02919411591
-0.05899161886
-0.04170028782
-0.03239741582
-0.02938022903
-0.02868959247
-0.02856457878
-0.02890623937
-0.07504539483
-0.05580143048
-0.04172896889
-0.03638974504
-0.03490263735
-0.03457643895
-0.03423665772
-0.07140081779
-0.05242212267
-0.03988530322
-0.03569137499
-0.03475688754
-0.03456568681
-0.03409738198
-0.06653229556
-0.04920582895
-0.03809560073
-0.03537654888
-0.03487102602
-0.03460196159
-0.03380753277
-0.0621954315
-0.04692848227
-0.03686355694
-0.03523627528
-0.03494257131
-0.03427528267
-0.03358016082
-0.05882943684
-0.04543649248
-0.03557326275
-0.03498180419
-0.03486628122
-0.03431372485
-0.03362916098
-0.05690761249
-0.04471825479
-0.03624458756
-0.0349390236
-0.03474777572
-0.03448673127
-0.03351147747
-0.05569410936
-0.04425159646
-0.03693440439
-0.0350004207
-0.0346504995
-0.03434544391
-0.03377433032
-0.05554698627
-0.04419588394
-0.03703960897
-0.03504444066
-0.03464365111
-0.03399279499
-0.03378351391
-0.05569725932
-0.04424236657
-0.03693074502
-0.03500360118
-0.0346502692
-0.03433025498
-0.03377658196
-0.05692922194
-0.04471715465
-0.03624661769
-0.03493093724
-0.03472792729
-0.03445151081
-0.03348462004
-0.05887224856
-0.04544643646
-0.03555420397
-0.03493959083
-0.03480234483
-0.0342377781
-0.03357003728
-0.06225186737
-0.0469428512
-0.0368391479
-0.03516825205
-0.034840108
-0.03416443264
-0.03350638418
-0.06659551473
-0.04921799021
-0.03806745961
-0.03529499449
-0.0347635154
-0.03450384238
-0.03375002587
-0.07145456886
-0.05242717653
-0.03985138809
-0.03562496375
-0.03469041927
-0.03451983909
-0.03406237232
-0.07506351128
-0.05578831388
-0.04168181938
-0.0363291158
-0.03484879854
-0.03453081555
-0.03419523729
-0.08372288517
-0.06274952478
-0.04715297929
-0.04044660978
-0.03827632587
-0.037650374
-0.03756805815
-0.08505549788
-0.05997369126
-0.04524490149
-0.03955295771
-0.03799686834
-0.03762915167
-0.03784632831
-0.08550751893
-0.05723793275
-0.04548354664
-0.03914797164
-0.03802311606
-0.03774318471
-0.03839794487
-0.08469397827
-0.05503961722
-0.04472440806
-0.03890393968
-0.03811197113
-0.03794329083
-0.03867959679
-0.08314317605
-0.0533024716
-0.04550270163
-0.03872976832
-0.0381304893
-0.03799389052
-0.03889106252
-0.08163785615
-0.05234637597
-0.04115937867
-0.03846124044
-0.03808090906
-0.03806643141
-0.03957836076
-0.07762959356
-0.05154033274
-0.04108355222
-0.03842746668
-0.03802088806
-0.03874274135
-0.03930122089
-0.07715269956
-0.05147667109
-0.04118025658
-0.03848879065
-0.03805423943
-0.03947689088
-0.03961496042
-0.07764794084
-0.05153828649
-0.04108305563
-0.03843150203
-0.03802193577
-0.03874773741
-0.03930089916
-0.08166456277
-0.05235447585
-0.0411575163
-0.0384552828
-0.03806368141
-0.03804144455
-0.03955488666
-0.08319280585
-0.05332206625
-0.0454882335
-0.03869491871
-0.03806868268
-0.03792303148
-0.03884179484
-0.08475286763
-0.05506130109
-0.04469701004
-0.03884353125
-0.03801003938
-0.03783281296
-0.03861239791
-0.08556125228
-0.05725465211
-0.04542845961
-0.03906896929
-0.03791406015
-0.03764231337
-0.0383434801
-0.08509899643
-0.05997983177
-0.04520066998
-0.03948417404
-0.0379296954
-0.03758307928
-0.03781730966
-0.08372496477
-0.06273779625
-0.04710562401
-0.04038642175
-0.03822671719
-0.03760993911
-0.03753597405
-0.05923325536
-0.07655533016
-0.0573832156
-0.04959904365
-0.04574689216
-0.04407837272
-0.04372227039
-0.06444546707
-0.07604569257
-0.05165712043
-0.04719865648
-0.04488815814
-0.04377855787
-0.04342458464
-0.07002970476
-0.0752777092
-0.04987538374
-0.04636833859
-0.04456738774
-0.04370200026
-0.04321863289
-0.07422854903
-0.07410844541
-0.04844664609
-0.04577959851
-0.04443774523
-0.04364182409
-0.04316201031
-0.07757227215
-0.07241093924
-0.04614336329
-0.0450185333
-0.04436031352
-0.0434473709
-0.04279939639
-0.08173734541
-0.07146135589
-0.04702899547
-0.0447731247
-0.04460023355
-0.04344145338
-0.04174026172
-0.08791455266
-0.07060088182
-0.05042991497
-0.04512753762
-0.04470120511
-0.04182944854
-0.04190422464
-0.08870303299
-0.07067002155
-0.05076597357
-0.04524101877
-0.04495457235
-0.04115614044
-0.04204091078
-0.08792169427
-0.0706145339
-0.05044828333
-0.04514003268
-0.04470719261
-0.04180322587
-0.04187998686
-0.08177208755
-0.07149218992
-0.04704436336
-0.04477864049
-0.04458787356
-0.04341109225
-0.04172036864
-0.07759034425
-0.07245121138
-0.04615467195
-0.04500326481
-0.04430890931
-0.04337955573
-0.04274840014
-0.07427349035
-0.07414367805
-0.04844978131
-0.04573883803
-0.04434499181
-0.04353463499
-0.0430934479
-0.07005299903
-0.07529649044
-0.04990408227
-0.04630935082
-0.04446290813
-0.04360103884
-0.04316924987
-0.06446050216
-0.07605009508
-0.05164753511
-0.0471382702
-0.04481907742
-0.04373563219
-0.04341293148
-0.05920522256
-0.07653452131
-0.0573883232
-0.04955706423
-0.04570704442
-0.04405206883
-0.04370194976
-0.0228377815
-0.05267624553
-0.07830448927
-0.05583453773
-0.05007578957
-0.04767903672
-0.04820975481
-0.03215798333
-0.05783828186
-0.07824838382
-0.05362847435
-0.04907835989
-0.04828345122
-0.04878716461
-0.04105014396
-0.06171046324
-0.07428286437
-0.05217461964
-0.04855042606
-0.04839436896
-0.0487788173
-0.04829336765
-0.06493800895
-0.07185535599
-0.05139433501
-0.04819980985
-0.04849965452
-0.04876636781
-0.0541895562
-0.06832300208
-0.06880459337
-0.05030409223
-0.04788261164
-0.04841230314
-0.04881858047
-0.05220326615
-0.06970116235
-0.06859864141
-0.04996864869
-0.047543018
-0.048623918
-0.04988446159
-0.05199631983
-0.07048443674
-0.05551068282
-0.04904650457
-0.0477502802
-0.05104546295
-0.04930591672
-0.05129334714
-0.07052931878
-0.05527185271
-0.04908257816
-0.04788752262
-0.0506408943
-0.04633850466
-0.05199340391
-0.07050246771
-0.05553439371
-0.04906399677
-0.04775380095
-0.0510691473
-0.04930916225
-0.05219783428
-0.0697391513
-0.06836400365
-0.04998309401
-0.047546294
-0.048609146
-0.04984110819
-0.05424520387
-0.06835535141
-0.0688301277
-0.05029687082
-0.04783811346
-0.0483473421
-0.04876222461
-0.048326123
-0.06496818684
-0.07186242414
-0.05135396395
-0.04811074907
-0.04839901447
-0.04869732765
-0.04103752164
-0.06171042503
-0.07423588875
-0.0521080382
-0.04844754578
-0.04830143447
-0.04873326576
-0.0321456348
-0.05783002075
-0.07820415447
-0.05356394248
-0.04900848239
-0.04824998059
-0.04878479712
-0.02277325091
-0.05262717754
-0.07820672134
-0.0557847279
-0.05004068559
-0.0476648247
-0.04820828095
0.09957011676
-0.003923241842
-0.04778653025
-0.0590591441
-0.0604633745
-0.0540564503
-0.05283838247
0.08596065243
-0.01556188772
-0.05434744423
-0.06088604806
-0.05983446091
-0.0533812333
-0.05207134062
0.07452785438
-0.0250203323
-0.05748317975
-0.06075703722
-0.05856143827
-0.05295803081
-0.05193538075
0.06870662567
-0.03102561428
-0.05958304651
-0.06103684015
-0.05730049948
-0.05274493476
-0.05176713552
0.06175654119
-0.03945597187
-0.05752457932
-0.06352600328
-0.05658136817
-0.05248464802
-0.05171700934
0.05932571917
-0.04387826668
-0.0563866589
-0.06391812645
-0.05410144731
-0.05206122298
-0.05137747289
0.04236957198
-0.0500611781
-0.05864271241
-0.06330068584
-0.05463051887
-0.04845544692
-0.0507333572
0.04365361695
-0.05005505526
-0.06062225209
-0.06217119229
-0.05418791084
-0.05271263365
-0.05379255806
0.04238797939
-0.05007738862
-0.05872438733
-0.06329036779
-0.05464008956
-0.04843966757
-0.05071415232
0.05938289458
-0.04390888398
-0.05669455145
-0.06397669134
-0.05409595429
-0.05203218257
-0.05134541615
0.06183057396
-0.0394474152
-0.05765804014
-0.06347187779
-0.05653293518
-0.05241634134
-0.05165837052
0.06877352464
-0.03104548194
-0.05959217624
-0.06099661609
-0.05721456763
-0.05264241451
-0.05169420754
0.07455543587
-0.02500724534
-0.05744022165
-0.06067248411
-0.05846398242
-0.05286585975
-0.05188880161
0.08602578131
-0.01554227371
-0.05430418352
-0.06081013898
-0.05976361615
-0.05334773168
-0.05206847117
0.09967621194
-0.003832943554
-0.04773120817
-0.05899166203
-0.06041474284
-0.05407637804
-0.05284800868
0.2213495907
0.06804845168
-0.03086722194
-0.05156175305
-0.05847335441
-0.06401456088
-0.06543387407
0.2106434655
0.05056440076
-0.04087119643
-0.05578075058
-0.06083147684
-0.06235324009
-0.0625946995
0.2013500471
0.03591023972
-0.04693331537
-0.05866022637
-0.06190589439
-0.06159516356
-0.06063177128
0.2389263465
0.03120697622
-0.05044934416
-0.06015979316
-0.0626070533
-0.06092773112
-0.05913421666
0.2600784797
0.02100308141
-0.05300526812
-0.06213496622
-0.06322856948
-0.06078364306
-0.05853383156
0.2697325392
0.01187017129
-0.04988598341
-0.06280609611
-0.06606263232
-0.06295550855
-0.0574881095
0.2636432294
-0.004185161759
-0.05212490373
-0.06479861383
-0.06635650708
-0.0644754383
-0.05396379433
0.2665426816
-0.005180547379
-0.05074630984
-0.06489677889
-0.06985573726
-0.05611390611
-0.05527401573
0.2637697861
-0.004214852942
-0.05210290198
-0.06483963931
-0.06638416145
-0.06445210319
-0.05393671019
0.2698754401
0.01183295748
-0.04994834196
-0.06282195417
-0.06608178564
-0.06289899058
-0.05743941735
0.2603394593
0.02102944002
-0.0530774805
-0.06213739281
-0.0631992872
-0.06071024467
-0.05845947503
0.239117881
0.0312826699
-0.05046095327
-0.06012622836
-0.06252151622
-0.06081719027
-0.05904601385
0.2012174029
0.03588946947
-0.04690107386
-0.05858814422
-0.06178938431
-0.06151132363
-0.06059011058
0.2106153612
0.05059375684
-0.04083745521
-0.05572582509
-0.06076386631
-0.06232911557
-0.06258831658
0.2213613759
0.06814074855
-0.0308302275
-0.05155274494
-0.05847912695
-0.06403656678
-0.06536803276
0.3032818507
0.2562213354
0.1180606972
0.01675101949
-0.0230887871
-0.04810922798
-0.05515589398
0.3020318371
0.2479163768
0.09492165743
0.003763541726
-0.03258890077
-0.05104506381
-0.0573510885
0.3187675679
0.2469267671
0.0820517518
-0.005263929904
-0.03800900809
-0.0529050739
-0.05930307656
0.3453841853
0.2618783729
0.08129724989
-0.005499642722
-0.04022283273
-0.05254133806
-0.05870774553
0.3571179723
0.2539422882
0.06752418466
-0.0118606547
-0.04251518203
-0.05402175552
-0.05878725284
0.3440776418
0.2379486242
0.05644603051
-0.01872207542
-0.04592737977
-0.05945446843
-0.0600012829
0.3172131351
0.1935414846
0.0313834047
-0.02781652101
-0.05462160439
-0.05734438794
-0.06057395083
0.2978443547
0.1767486222
0.0228590437
-0.02894267092
-0.05387647591
-0.05689407322
-0.06057395215
0.3171048674
0.1933891113
0.03128772141
-0.02789925663
-0.05466106618
-0.05734544267
-0.06054268607
0.344330676
0.2380141608
0.05651512416
-0.01872907262
-0.04596676254
-0.05941328026
-0.05993135303
0.3576888063
0.254261146
0.06768197318
-0.01180925072
-0.04245524806
-0.05391623397
-0.05867323806
0.3459859251
0.2622476014
0.08141893638
-0.005441362172
-0.04011355015
-0.05239592146
-0.05857885042
0.3192725867
0.2472256166
0.08211119088
-0.005190654742
-0.03788590645
-0.05280593517
-0.05923271124
0.3022713783
0.2479023852
0.09488890069
0.003794515863
-0.03252328354
-0.05100418127
-0.05733171992
0.3034310706
0.2562409218
0.1180541728
0.01674621959
-0.02312533873
-0.0481116937
-0.05504727871
0.3106923391
0.275013674
0.1478927531
0.04393277687
-0.002816197999
-0.04117175763
-0.05091465595
0.3146452361
0.2647886981
0.1190766181
0.02703039824
-0.01790493867
-0.04688257818
-0.05609681713
0.3374997876
0.2606904573
0.09920369583
0.01307376518
-0.0282254011
-0.0502719356
-0.0577770567
0.3529489269
0.2466145621
0.0869438959
0.004538697147
-0.03570329324
-0.05115729334
-0.05883674441
0.350171818
0.2161395152
0.06404358614
-0.007545282264
-0.04012313545
-0.05376788783
-0.06017442817
0.3121410373
0.1721009076
0.03812158017
-0.02196228206
-0.04591828265
-0.05607173261
-0.06142090324
0.2592891488
0.1252134068
0.01414314169
-0.03125541728
-0.05117769559
-0.05728891037
-0.06109811035
0.2219369206
0.080726784
0.001298146055
-0.03153699125
-0.04832209397
-0.05784322629
-0.06182686426
0.2590111814
0.1248793029
0.01386955953
-0.03145547707
-0.05120561021
-0.05722470489
-0.06098638847
0.312206846
0.1720692693
0.03802170838
-0.02208233781
-0.04602944116
-0.05603403002
-0.06133101143
0.3507743717
0.2164363824
0.06411935369
-0.0075292838
-0.04007345497
-0.05363590624
-0.06000467744
0.3538044377
0.2473605085
0.08717866609
0.004625978355
-0.03556862285
-0.05096254945
-0.05865840755
0.3384476078
0.2614336896
0.09937533082
0.01319968197
-0.02806362322
-0.05013233468
-0.05765683346
0.3152152035
0.2651868372
0.1191888277
0.02713551534
-0.01780830076
-0.04682710983
-0.05610441266
0.3110381859
0.2752979304
0.1480421816
0.04401816211
-0.002791695759
-0.04117354678
-0.05095792534
0.3079417375
0.2862195758
0.2458926584
0.1623766111
0.105470001
0.02003645831
0.02044929187
0.3182084528
0.2971710047
0.2353574311
0.1849293155
0.1038012973
0.02194128799
0.02752709335
0.3839528461
0.3600400207
0.2410330209
0.1863302176
0.07811825718
0.02804696486
0.01198455629
0.4545527673
0.4047096158
0.2071190876
0.1427290922
0.03219237222
0.01498616978
-0.002729914983
0.4399494102
0.3290431925
0.1382771412
0.06301253989
-0.007517960092
-0.01100432464
-0.02167393009
0.3731375119
0.2368411146
0.0844998816
0.02873798793
-0.01370644042
-0.01349856307
-0.02234141927
0.3103931025
0.1718939601
0.05571033681
0.04420163037
0.04350427029
0.02492140199
-0.0006663175765
0.2523728591
0.1367043445
0.08864852455
0.1084977242
0.0968830683
0.04153570521
0.00781041982
0.3099210786
0.1713759786
0.05549023828
0.04403174318
0.04633051595
0.02795196866
0.0011716125
0.3731487786
0.2365170796
0.08424562821
0.02932807577
-0.01688698665
-0.01453588922
-0.02284292744
0.4404730995
0.3293211643
0.138274793
0.06322086139
-0.008061062933
-0.01128233315
-0.02181468083
0.4564872021
0.4073728591
0.2080658837
0.1431006233
0.03228498831
0.01516205979
-0.002682838563
0.3856529171
0.3620095014
0.2421626941
0.1872009324
0.07843292793
0.02815920398
0.01210674831
0.3192937182
0.2984567042
0.2360155212
0.1854235154
0.1039408618
0.02211338448
0.02787615333
0.3084627649
0.2869865151
0.2461073077
0.1625861303
0.1055508996
0.02007831226
0.02020073336
0.270030093
0.2605769108
0.2472034721
0.2470300056
0.2364661929
0.2126524988
0.2163042028
0.2934092859
0.2801784883
0.2552983255
0.2599303916
0.2272784174
0.2426116993
0.1978659612
0.3668727121
0.3368111472
0.2800741812
0.2760216789
0.226378686
0.1704813869
0.05859814273
0.4463245023
0.3922482016
0.2876261593
0.2651823657
0.1365701921
0.1052876069
-0.0006592689591
0.4951470303
0.4299376548
0.280431836
0.2318040803
0.09970981057
0.07683245096
-0.01475634838
0.4819153914
0.4254551431
0.2641987002
0.2059474398
0.09966271783
0.05742933868
-0.0231473327
0.4467843619
0.3869326016
0.2466796738
0.2258587323
0.1094329421
0.01528830663
-0.01675653896
0.4102892761
0.3593691934
0.2986531444
0.145261464
0.0479466674
0.004073750662
-0.003562696972
0.4465510937
0.3868773087
0.2464793339
0.2260176118
0.1078192227
0.01536239563
-0.0160218269
0.4822926445
0.4253712983
0.2642282286
0.2066057409
0.09438344933
0.05678530994
-0.02318693576
0.4966070236
0.4316349031
0.2810722535
0.2319967531
0.0989428457
0.07747772158
-0.01473632671
0.4483437073
0.3944254571
0.2888468084
0.2658800316
0.1379519014
0.1060869782
-0.0004291680181
0.3688520821
0.3384863483
0.2810195886
0.2762404401
0.226149989
0.1705155755
0.05887342949
0.2943279992
0.2808494275
0.2556730745
0.2607097567
0.2281662626
0.243472911
0.1988331661
0.2707663452
0.2617868822
0.2476265373
0.2472796142
0.2363786032
0.2130320998
0.2171096168
-0.0004832911201
-0.0004724799584
-0.0004876971055
-0.0005030302154
-0.0005405023831
-0.0006009322475
-0.0004593439373
-0.0004763724035
-0.0004645972342
-0.0004728266484
-0.0004858299114
-0.000519688748
-0.0005748926729
-0.0003235135081
-0.0004841572758
-0.0004644875737
-0.0004680724166
-0.0004562237663
-0.0004608435472
-0.000476847816
-0.0002561737796
-0.0004992025459
-0.0004787977138
-0.0004663989319
-0.0004449057152
-0.0004162965081
-0.0004007382451
-0.0002842173505
-0.00050904898
-0.000493538743
-0.000480643489
-0.0004646268787
-0.0004094377889
-0.0003774305379
-0.0003523844465
-0.0005087625908
-0.0005001253083
-0.0005079335724
-0.0005001037661
-0.0004464363953
-0.0004083222391
-0.0004319200197
-0.0004925938779
-0.0004979877554
-0.0005172117359
-0.0005155086665
-0.0004829953554
-0.0004499638734
-0.0004824386296
-0.0004770102203
-0.0004903018004
-0.0005037624548
-0.0005064178398
-0.0004954485468
-0.0004749676208
-0.0004827231874
-0.0004724112274
-0.0004789452809
-0.0004864544219
-0.0004895751751
-0.0004887331611
-0.0004793847048
-0.0004687271713
-0.0004725063785
-0.000468478416
-0.0004762053695
-0.0004774449357
-0.0004772211313
-0.0004747983001
-0.0004604195375
-0.0004750481397
-0.0004656235543
-0.0004745751908
-0.0004749591645
-0.0004719172922
-0.0004691083351
-0.0004554253079
-0.0004814732346
-0.0004697985697
-0.0004789577103
-0.0004801571845
-0.0004728040566
-0.0004611339372
-0.0004458814141
-0.0004893058961
-0.000477114858
-0.0004841082197
-0.0004842816216
-0.0004728073255
-0.0004555991998
-0.0004361639316
-0.0004952556104
-0.0004797392073
-0.0004828620784
-0.0004772800797
-0.0004643882763
-0.0004492942023
-0.0004242164263
-0.0004939008598
-0.0004764094629
-0.0004817364376
-0.0004755730951
-0.0004746554548
-0.0004449414512
-0.0003917794554
-0.001318067914
-0.001065004682
-0.001033675017
-0.001111642713
-0.001142576135
-0.001143260912
-0.001069118318
-0.001272435938
-0.001044921579
-0.001030784683
-0.001114831161
-0.001137161054
-0.001101696989
-0.0009226942485
-0.00124492819
-0.00101863396
-0.001015582291
-0.00108222144
-0.00105670146
-0.0009974589347
-0.0008330519944
-0.001224764561
-0.001004058082
-0.001031172262
-0.001078629785
-0.0009891263754
-0.0009242278233
-0.0008167279919
-0.001201802514
-0.001014016763
-0.001065911545
-0.001105683632
-0.0009668422691
-0.000894658701
-0.0008645854616
-0.001169784645
-0.001016972496
-0.001078453492
-0.001131829302
-0.0009817021177
-0.0009076829264
-0.0009125111022
-0.001145555277
-0.001009841049
-0.001071529768
-0.001138399628
-0.001005406102
-0.000941414507
-0.0009395078752
-0.001132938405
-0.0009961854296
-0.001061130264
-0.001128191349
-0.001009709959
-0.0009605135345
-0.0009506736253
-0.001132224465
-0.0009893897119
-0.00105136188
-0.001112318602
-0.001001902294
-0.0009626153078
-0.0009472282555
-0.001143311436
-0.0009836734846
-0.001041474213
-0.001102134566
-0.001001485794
-0.0009583023319
-0.0009416031651
-0.001168052165
-0.0009906649874
-0.001038639028
-0.001102008075
-0.001021706937
-0.00095583677
-0.0009378644697
-0.001203887754
-0.001008392463
-0.001043282095
-0.001108692117
-0.001054240427
-0.000961168278
-0.000934932046
-0.001246879197
-0.001038856042
-0.001050584177
-0.001110985124
-0.001075030122
-0.0009747324906
-0.0009352843758
-0.001289760982
-0.001066493892
-0.001051498996
-0.001106006384
-0.001081545725
-0.0009946748158
-0.000934842546
-0.001335703234
-0.001072548122
-0.001033264372
-0.001088641438
-0.001076629288
-0.001036587072
-0.0009662733736
-0.005627657414
-0.004174147171
-0.003861130029
-0.003986032945
-0.0040288466
-0.004021823845
-0.003973238027
-0.005415261137
-0.004112179692
-0.003859548356
-0.00398765578
-0.004007209586
-0.003968760444
-0.003873593911
-0.005338705205
-0.004084108793
-0.003865040013
-0.003983357642
-0.003946433499
-0.003888784567
-0.003832108058
-0.005301153982
-0.004056527769
-0.003883089823
-0.004003886821
-0.003896041137
-0.003835041223
-0.003837490505
-0.005229595883
-0.004025969872
-0.003905718604
-0.004034251978
-0.003885136927
-0.003834376625
-0.003891131051
-0.005149293598
-0.003997561232
-0.003917665366
-0.004051303016
-0.003892047684
-0.003866947361
-0.003977663743
-0.005080675017
-0.003975458666
-0.003913890284
-0.004045711897
-0.003892950951
-0.003894095085
-0.004048478329
-0.005061035108
-0.00396308613
-0.003905492639
-0.004034925988
-0.003885196758
-0.003904745491
-0.004074123847
-0.005077044117
-0.003961312891
-0.003896238064
-0.00402404085
-0.003877243937
-0.003896187077
-0.00405324477
-0.005131881078
-0.003971972099
-0.003887850425
-0.004018345644
-0.00388282288
-0.003889796933
-0.004009472952
-0.005196860174
-0.00400292841
-0.00388555965
-0.004017966366
-0.003904917765
-0.003882572401
-0.003956049036
-0.005270791844
-0.004051881308
-0.003890445912
-0.004024827558
-0.003941742722
-0.003879534191
-0.003907894053
-0.005331212469
-0.004099592957
-0.003894945408
-0.004022069349
-0.003971231709
-0.003879804416
-0.003874361722
-0.005427613585
-0.00413632759
-0.003891070042
-0.004006050862
-0.003977454314
-0.003886241205
-0.003848579559
-0.005643535816
-0.004186325681
-0.003878487042
-0.003979740866
-0.003986770837
-0.003928408648
-0.00385304515
-0.01573016061
-0.01296107355
-0.01202785579
-0.01207543528
-0.01211798029
-0.01219637936
-0.01237783341
-0.01520812466
-0.01279956529
-0.01203509043
-0.01211356414
-0.01212715246
-0.01227408921
-0.01240742677
-0.01481038777
-0.01280331064
-0.01206757267
-0.01214551649
-0.01207485254
-0.01232182357
-0.01246077808
-0.01455625446
-0.01284595176
-0.01210882104
-0.0121934117
-0.01208105207
-0.01239797643
-0.01261918757
-0.01440842585
-0.01283878402
-0.0121399563
-0.01221717338
-0.01218891586
-0.01248171381
-0.01276421372
-0.01434890858
-0.01281682865
-0.01215902193
-0.01222064297
-0.01229151964
-0.01254443454
-0.01284254636
-0.01432248596
-0.01277997601
-0.01215379296
-0.01221473745
-0.01235362626
-0.01258748934
-0.01284710914
-0.01431856533
-0.01277630862
-0.01214874844
-0.01221027606
-0.01236796809
-0.01259567509
-0.01282938872
-0.01432834212
-0.01277820808
-0.01213991809
-0.01220374938
-0.01233869994
-0.01257612976
-0.01284252636
-0.01435627884
-0.01281581819
-0.01213861467
-0.01219717987
-0.01227930906
-0.0125410224
-0.01284848081
-0.01441203498
-0.01283598949
-0.0121331864
-0.01219541967
-0.01219421722
-0.01249577829
-0.01278519975
-0.01453876906
-0.0128410312
-0.01212236171
-0.01219796036
-0.01210642424
-0.01241504551
-0.01264375339
-0.01478715051
-0.01280917854
-0.01209031402
-0.01217652923
-0.01208800207
-0.01231478584
-0.01248710601
-0.01519541751
-0.0128138591
-0.0120573514
-0.01213911965
-0.01211257152
-0.01222856353
-0.01239722148
-0.01570318439
-0.01296174337
-0.01204124413
-0.01207945882
-0.01209386635
-0.01212746759
-0.01230216729
-0.02000907103
-0.01657774742
-0.01516831178
-0.015000471
-0.01502472541
-0.01514723183
-0.0152540385
-0.01948018861
-0.01625101847
-0.01510781676
-0.01503349566
-0.01506809239
-0.01523685534
-0.01527434586
-0.01916802763
-0.01609408184
-0.01509081529
-0.01507038447
-0.01507501406
-0.01529614527
-0.01532944163
-0.01891603574
-0.01606293619
-0.01510997995
-0.01511318526
-0.01511301959
-0.01534572283
-0.0152301214
-0.01868355796
-0.01605748523
-0.01513656141
-0.01512127003
-0.01517953664
-0.01538983789
-0.01515944745
-0.01851774935
-0.0160629596
-0.01515824951
-0.01511593146
-0.01524132827
-0.01542400847
-0.01519730962
-0.01840473726
-0.01606121004
-0.01516039212
-0.01511091677
-0.01528322744
-0.01544087547
-0.01530249157
-0.01837781491
-0.01607215884
-0.01516173595
-0.01511132837
-0.01529374269
-0.01540864625
-0.01536599183
-0.01841594041
-0.01607252117
-0.01515441933
-0.01510566119
-0.01527151859
-0.01543422614
-0.01529092269
-0.0185463235
-0.01608706068
-0.01515254077
-0.01510317625
-0.01523156584
-0.01540960175
-0.01518118908
-0.01871310975
-0.01607398788
-0.01513965805
-0.0151035425
-0.01518117738
-0.01538134929
-0.01514398464
-0.01892441482
-0.01606007381
-0.01512423944
-0.01510897568
-0.01512532162
-0.01533734764
-0.01522526061
-0.01915009749
-0.01608780426
-0.01510438166
-0.01508900146
-0.01508124412
-0.01528913676
-0.01534555504
-0.01945826595
-0.01625256321
-0.01511764673
-0.01505577341
-0.01506548956
-0.01522449628
-0.01528162197
-0.01998065828
-0.01657590271
-0.01517130963
-0.01501189772
-0.01502436214
-0.01511376666
-0.01522016947
-0.02652393557
-0.02176177733
-0.01942131597
-0.01894160071
-0.01895962393
-0.01916282272
-0.01918353381
-0.02500453764
-0.02114420319
-0.01924280656
-0.01895787534
-0.01906691431
-0.0192837256
-0.01932590557
-0.02398777234
-0.02064270706
-0.0191271073
-0.01898330688
-0.01925485481
-0.01939118777
-0.01935706081
-0.02354949289
-0.0203155618
-0.01907859321
-0.01902907789
-0.01938279653
-0.0194411982
-0.01934440938
-0.02341736283
-0.02016927035
-0.01908093584
-0.01909171989
-0.01938140226
-0.01952052261
-0.01922005181
-0.02340783225
-0.02015159923
-0.01910406854
-0.01913822478
-0.01934829023
-0.019513325
-0.01896880301
-0.02342139544
-0.02018720604
-0.01912179663
-0.01915249465
-0.01932348113
-0.01942523614
-0.01868545217
-0.02343430121
-0.02020831644
-0.01913470937
-0.01916945401
-0.01932234822
-0.01943786094
-0.01855385419
-0.02343635972
-0.02020801299
-0.01912816802
-0.01915622161
-0.01931650057
-0.01941152779
-0.01867016995
-0.02343824046
-0.02019196411
-0.01911732249
-0.01914089133
-0.01934004781
-0.01949279586
-0.01894807192
-0.02344764111
-0.02020124416
-0.01909434022
-0.01908603622
-0.01938233931
-0.01948780719
-0.01920072568
-0.02357168873
-0.02032339929
-0.01909955831
-0.0190325914
-0.01939133421
-0.0194054481
-0.01933696628
-0.02398602057
-0.02063234672
-0.01914556104
-0.01900141092
-0.01926576662
-0.01938977492
-0.01936831334
-0.02498254913
-0.02114455274
-0.01925580376
-0.01898184841
-0.01908308167
-0.01930849999
-0.0193365133
-0.02648637077
-0.02176995531
-0.01941955732
-0.01895906471
-0.01898379595
-0.01917398923
-0.01917623558
-0.03581901656
-0.02596957837
-0.02197003308
-0.02105062651
-0.02093393856
-0.0210898808
-0.02118002424
-0.03375300207
-0.02497499647
-0.02163586894
-0.02101618293
-0.02102742899
-0.02120140131
-0.02095817354
-0.03184446468
-0.02423555784
-0.02144091644
-0.02099229856
-0.02117471082
-0.02132789255
-0.02109623536
-0.0304122165
-0.02368323262
-0.02133512639
-0.02101346216
-0.02129684042
-0.02129319371
-0.02136251083
-0.02940692732
-0.02329852372
-0.02128407251
-0.02109798552
-0.02136064747
-0.0211820439
-0.02171015785
-0.02885328051
-0.02312261605
-0.0212696043
-0.02118115181
-0.02139944914
-0.02133167792
-0.0221909269
-0.02854769265
-0.0230441395
-0.02126586303
-0.02121763002
-0.02141402036
-0.02147028376
-0.02262917894
-0.02849199616
-0.02304463065
-0.02128012031
-0.02125057566
-0.02142902213
-0.02153478746
-0.02276196264
-0.02856359412
-0.02306298651
-0.021280378
-0.02123111868
-0.02141121773
-0.02144946982
-0.02260045415
-0.02888396405
-0.02315951776
-0.02129146361
-0.02119319465
-0.02139324501
-0.02130275098
-0.02215004839
-0.02943997463
-0.02333571997
-0.02130169134
-0.02109948864
-0.02136233311
-0.02115956578
-0.02167173347
-0.03044067829
-0.02370411307
-0.02135767235
-0.02102245663
-0.02130754382
-0.02127498845
-0.02133857488
-0.0318519641
-0.02423301455
-0.02146143927
-0.02100686057
-0.02118420535
-0.02132960235
-0.0211024511
-0.03373571239
-0.02497350928
-0.02164971854
-0.02103416209
-0.02104616918
-0.02123795332
-0.02099649595
-0.03577613958
-0.02596752045
-0.02196713112
-0.02106573558
-0.02096390691
-0.02112064132
-0.02120083231
-0.04611636215
-0.03492560829
-0.02804978968
-0.02605466497
-0.02561975956
-0.02558351661
-0.0257147226
-0.04373328767
-0.0330956547
-0.02728480214
-0.02587559226
-0.0256347308
-0.02563074839
-0.0257766507
-0.04204298137
-0.03195568563
-0.02688576113
-0.0257816326
-0.02559688556
-0.02562753913
-0.02566416354
-0.04096629362
-0.0312786313
-0.02669730582
-0.025733959
-0.02558874511
-0.02569789085
-0.0254150774
-0.04006688003
-0.03073492723
-0.02655512525
-0.02572336906
-0.02566547905
-0.02553697954
-0.02505140103
-0.03941978305
-0.03037845566
-0.02625161105
-0.0257347242
-0.0257731137
-0.02539609168
-0.02464075967
-0.03890553832
-0.03012000367
-0.02622191278
-0.02576406445
-0.02585043706
-0.02533194945
-0.02435197082
-0.03881075694
-0.03008224938
-0.02621544159
-0.02579802612
-0.02588203374
-0.02526000314
-0.02432444386
-0.03891847199
-0.03013208382
-0.02624109543
-0.02578404109
-0.02584938779
-0.0253089123
-0.02431325049
-0.0394458046
-0.03040597766
-0.02627756084
-0.02575003694
-0.02576521089
-0.0253594664
-0.02458488136
-0.04009904653
-0.0307746125
-0.02657483612
-0.02573017071
-0.02566326136
-0.02550121233
-0.02499096105
-0.04099628705
-0.0313130679
-0.02671968147
-0.02574857436
-0.02559563573
-0.02567340772
-0.02536858113
-0.04205662156
-0.03196663837
-0.02690993277
-0.02579645436
-0.02560729767
-0.02563440729
-0.02565405432
-0.04372436581
-0.03308956852
-0.02730263942
-0.02589194537
-0.02565516346
-0.02567038479
-0.0258109567
-0.04607455158
-0.03490313939
-0.02805110157
-0.02607586605
-0.02565622671
-0.02562813187
-0.02576174532
-0.05898857588
-0.04170539474
-0.03239917943
-0.02939014057
-0.02869847709
-0.02856204295
-0.02889935619
-0.05472641655
-0.03920248126
-0.03128768981
-0.02907170791
-0.02867828639
-0.02861470339
-0.0291858242
-0.05117415447
-0.03738404649
-0.03061141353
-0.02895773365
-0.02865760463
-0.02876330039
-0.02956391183
-0.04935371346
-0.03637439759
-0.03025856272
-0.02890436485
-0.02861127414
-0.02926391514
-0.03000698252
-0.04854958037
-0.03572978658
-0.03003375519
-0.02880042492
-0.0285919024
-0.02952519598
-0.03032695206
-0.04835517407
-0.03538964989
-0.02988004866
-0.02875650475
-0.0286133463
-0.02957262192
-0.03048692274
-0.04829865125
-0.03512345219
-0.029681698
-0.02869963939
-0.02862703913
-0.02953633457
-0.03041434285
-0.0483169226
-0.03510060855
-0.02965481059
-0.02871838306
-0.02864890383
-0.02971113494
-0.03028712961
-0.04830699509
-0.03513327932
-0.02969714936
-0.02871653437
-0.02862518865
-0.02951202041
-0.03038315306
-0.04837518427
-0.03541446108
-0.02990198606
-0.02877050598
-0.0286036314
-0.02953492542
-0.03043885916
-0.04857973133
-0.03576827144
-0.03005431556
-0.02880731459
-0.02858371192
-0.0294775572
-0.03026508309
-0.04938673142
-0.03641048099
-0.03027882667
-0.02891322881
-0.0286102336
-0.02921936774
-0.02994989754
-0.05119560932
-0.03739964692
-0.03062953465
-0.02896273321
-0.02865558187
-0.02873162989
-0.02954507335
-0.05472680464
-0.03919720647
-0.03129921761
-0.02907873239
-0.02869004325
-0.02864751569
-0.02922476296
-0.0589517937
-0.04168279964
-0.03239944715
-0.02940840906
-0.02873034217
-0.02860418488
-0.02895733818
-0.07505977093
-0.05578652774
-0.04168568515
-0.03633604155
-0.03485456623
-0.03452943491
-0.03418716619
-0.07143057539
-0.05241503337
-0.03985693535
-0.03565310713
-0.03471852235
-0.03452964093
-0.03405187355
-0.06655416503
-0.04918728466
-0.03806050184
-0.03531948109
-0.03479649584
-0.03453730283
-0.03375903537
-0.0622112683
-0.04690761036
-0.03682962592
-0.03517824211
-0.03485759767
-0.03420374466
-0.03352848169
-0.0588434283
-0.04542167944
-0.03554022182
-0.03493907599
-0.03481237725
-0.03426267386
-0.03359136994
-0.05692221905
-0.04471454583
-0.03622805647
-0.03491913428
-0.0347284012
-0.03446355502
-0.03349669669
-0.05570570642
-0.04425706261
-0.0369324191
-0.03499503948
-0.03464647816
-0.03433585525
-0.03377344663
-0.05555990843
-0.04421307591
-0.03704790175
-0.03504441826
-0.03464063221
-0.03398574781
-0.03377123346
-0.05571281432
-0.04426398271
-0.03693857346
-0.03500232251
-0.03464348159
-0.03431837748
-0.03374993461
-0.05694207413
-0.04473261201
-0.03623839734
-0.03492773937
-0.03471769196
-0.03443700109
-0.03345951541
-0.0588777328
-0.04545138154
-0.0355595938
-0.03494350885
-0.03479872809
-0.03422825411
-0.03354528268
-0.06224904789
-0.04693787083
-0.03684095484
-0.03517528623
-0.03484648978
-0.03416487232
-0.03349737267
-0.0665819462
-0.04920425077
-0.03806596015
-0.0353057652
-0.03477719599
-0.03452174614
-0.03377211833
-0.07143942458
-0.05241424949
-0.03985461207
-0.0356406378
-0.03471492629
-0.03455480218
-0.03410760767
-0.0750343235
-0.05577011116
-0.041681202
-0.03633951899
-0.03487376167
-0.03456487697
-0.0342491218
-0.08372491658
-0.06273656746
-0.04711296981
-0.04039786891
-0.03823364595
-0.03760835353
-0.03753156476
-0.08507279408
-0.05996476972
-0.04520797476
-0.03951804831
-0.03796277856
-0.03759755566
-0.03781440387
-0.08552882273
-0.05722348649
-0.04543614799
-0.03909653741
-0.03795562433
-0.03768908575
-0.03836214848
-0.08472004711
-0.05502835771
-0.04468754534
-0.03885255905
-0.03803373946
-0.0378783377
-0.03864068827
-0.08317484265
-0.05330131118
-0.04547733669
-0.03869215672
-0.03807774021
-0.03794725349
-0.03886185392
-0.08166370099
-0.05235432418
-0.04115177458
-0.03844359134
-0.03806016326
-0.03804662283
-0.03956328978
-0.07765552597
-0.05155362548
-0.04108241897
-0.03842244055
-0.03801484296
-0.03873843323
-0.03929974479
-0.07717712292
-0.05149757188
-0.04118714328
-0.03848882775
-0.03804988259
-0.03947175709
-0.03960517605
-0.07766640831
-0.05156034313
-0.04109121399
-0.03843125883
-0.03801613953
-0.03873579106
-0.03928415585
-0.08167339138
-0.05237042218
-0.04117103738
-0.03845691677
-0.03805650869
-0.03803072993
-0.03953636395
-0.08319467803
-0.05332729666
-0.04548373262
-0.03869782696
-0.03806758257
-0.03791679081
-0.03881786943
-0.08474841068
-0.05505635187
-0.04468352923
-0.03884528282
-0.03801734318
-0.03783845146
-0.03859872207
-0.08555084302
-0.05724125595
-0.04542137475
-0.03907283776
-0.03792833335
-0.03766839628
-0.03835801618
-0.08508710596
-0.05996683378
-0.04520493157
-0.03949404009
-0.03795240113
-0.03762159453
-0.0378646275
-0.08371104565
-0.06272156723
-0.04709939708
-0.04038822258
-0.03824449678
-0.03764419869
-0.03760303963
-0.05920911467
-0.0765439855
-0.05739015934
-0.04957185335
-0.04571812056
-0.04405257187
-0.04369920428
-0.06443321728
-0.07603782591
-0.0516648741
-0.04718029212
-0.04486357344
-0.04375648244
-0.04340622796
-0.07002521527
-0.07527203226
-0.04988293263
-0.04633508304
-0.04451461213
-0.04365782277
-0.04318922608
-0.07423987489
-0.07411147798
-0.04844708341
-0.04574887762
-0.04437571802
-0.04358296826
-0.04312940603
-0.07758899767
-0.07243206241
-0.0461359365
-0.04499654178
-0.04431704181
-0.04340434168
-0.0427794383
-0.08175883481
-0.07148729222
-0.04703527051
-0.04476589094
-0.04458226744
-0.04342239583
-0.0417382832
-0.08792494121
-0.07062706798
-0.05044120934
-0.04513206688
-0.04469872732
-0.04182296217
-0.04190313503
-0.08869809685
-0.0706956089
-0.05077779729
-0.0452489111
-0.04495611688
-0.04116694965
-0.04205677605
-0.08789997961
-0.0706337522
-0.05045744328
-0.04514607456
-0.04471170172
-0.04181024864
-0.04188095937
-0.08174786467
-0.07150575516
-0.04706257973
-0.04478827896
-0.04459227176
-0.04341382814
-0.04170407468
-0.07756961369
-0.07245715656
-0.04616410364
-0.04500932223
-0.04431550862
-0.04338202597
-0.042735321
-0.07425933695
-0.07413968734
-0.04847457648
-0.04574384385
-0.04435708257
-0.04354540046
-0.04309282478
-0.07004179036
-0.0752880926
-0.04990455822
-0.04630728546
-0.04448140217
-0.04362695386
-0.04319636727
-0.06445132376
-0.07603832166
-0.05163701954
-0.04713982598
-0.04484368285
-0.04377566965
-0.04345870677
-0.05921219663
-0.07652075016
-0.05735569844
-0.04954357235
-0.04571734168
-0.04408583857
-0.04375735817
-0.02277650193
-0.05264325203
-0.07824269337
-0.05580396015
-0.0500555412
-0.0476680586
-0.0482122992
-0.03210593565
-0.05781376411
-0.07822677303
-0.05360679848
-0.04905937282
-0.04828346227
-0.04879403908
-0.04100838988
-0.06169153072
-0.07424875615
-0.05213787165
-0.04850423053
-0.04836882347
-0.04876894924
-0.0482782959
-0.06493027838
-0.07184267348
-0.05136206965
-0.04814405525
-0.04845948346
-0.0487503839
-0.05422005183
-0.06833856752
-0.06880892682
-0.05028521047
-0.04784695355
-0.04837937018
-0.04881035235
-0.05221262307
-0.06972584518
-0.06861095398
-0.04996680589
-0.04754276067
-0.04861772446
-0.04988458001
-0.05200095949
-0.07050627196
-0.05553035785
-0.04905820099
-0.04775834715
-0.05105414823
-0.04931299088
-0.05128793293
-0.07054096888
-0.05529068219
-0.04909894224
-0.04790500496
-0.0506397488
-0.04633674507
-0.05197990809
-0.07050590857
-0.05555129179
-0.04907791877
-0.04777019382
-0.05107352804
-0.04931121888
-0.05219198843
-0.06973206583
-0.0686617191
-0.04999719572
-0.04754895574
-0.04861003577
-0.0498533287
-0.05425435511
-0.06834293429
-0.06883154472
-0.05030468305
-0.04784612561
-0.0483526101
-0.04876168803
-0.04829341816
-0.06494484865
-0.07186850514
-0.05135843766
-0.04812135103
-0.04840903179
-0.04870807909
-0.04102217558
-0.06169582722
-0.07422959445
-0.05210386846
-0.04846307888
-0.04832742898
-0.04877229995
-0.03212975904
-0.05781330351
-0.07819570869
-0.05356293321
-0.04903334597
-0.0482933747
-0.04884127179
-0.02279335508
-0.05262476302
-0.07819522134
-0.05577264223
-0.05005261992
-0.04770034349
-0.04827671421
0.09974288304
-0.003840780105
-0.04775391187
-0.05902529378
-0.06044345875
-0.05407159423
-0.05284575851
0.08614091463
-0.0155020289
-0.05431388937
-0.06085152993
-0.05981669719
-0.05338448041
-0.05207979585
0.07473711921
-0.02495968269
-0.05744393218
-0.06071364975
-0.05852338923
-0.0529369831
-0.05193217363
0.06888417857
-0.03099130763
-0.05955989036
-0.06099953006
-0.05724947039
-0.05270620982
-0.05175373343
0.06199166894
-0.03941776643
-0.05757502426
-0.06347823387
-0.05654866268
-0.05245236086
-0.05170845354
0.05944481303
-0.04388193891
-0.05641358883
-0.06392975896
-0.05409495473
-0.05204877178
-0.05136645081
0.0424258065
-0.05007585503
-0.058681016
-0.06332039583
-0.05464295214
-0.04847358191
-0.05074450994
0.04371256679
-0.05005651141
-0.06064109267
-0.06221153517
-0.0542112554
-0.0527387708
-0.05379373612
0.04244681241
-0.05006661781
-0.05871769852
-0.06334670687
-0.05466516175
-0.04845383492
-0.05072327389
0.05950911989
-0.04386652681
-0.05643586261
-0.06397304679
-0.05411657194
-0.05204599844
-0.05135625332
0.06195616451
-0.03938307238
-0.05775531184
-0.06340932982
-0.05653949433
-0.05242264939
-0.05166021504
0.06887406914
-0.03099879821
-0.05956906397
-0.0609889235
-0.05722336629
-0.05264965794
-0.0517071405
0.07462462949
-0.02498105348
-0.05742346
-0.06066536698
-0.05847091604
-0.05288604859
-0.05193040988
0.08608562171
-0.01551682722
-0.05428786438
-0.06080390493
-0.05978316162
-0.05338685655
-0.05213228493
0.099669197
-0.003843646313
-0.04772086621
-0.05898645405
-0.06043380376
-0.05410922932
-0.05292349214
0.2216175785
0.06819704567
-0.03083916434
-0.05157789495
-0.05850771535
-0.06405035773
-0.06540428045
0.2109798111
0.05068683123
-0.04083382886
-0.05577044325
-0.06082770216
-0.06237422955
-0.06260734704
0.2017471809
0.03603412749
-0.04688902862
-0.05862727592
-0.06187004402
-0.06158240314
-0.06064754103
0.2393802609
0.03130637104
-0.05042349789
-0.06012337332
-0.06256096749
-0.06088772016
-0.05911538133
0.2605903161
0.02108781108
-0.05302028583
-0.06211002626
-0.06319846495
-0.06074963878
-0.05851400442
0.2700329469
0.01188633427
-0.04989461496
-0.06280538285
-0.06605325733
-0.06292448902
-0.05748171566
0.2638459976
-0.004194604347
-0.05213063176
-0.06482162745
-0.0663744433
-0.06446989086
-0.05397175141
0.2666327325
-0.005176109745
-0.05076350754
-0.06492299679
-0.06989043808
-0.05614286373
-0.05529538653
0.2637729011
-0.004174702014
-0.05212683386
-0.06485644316
-0.06640561734
-0.06448105702
-0.05395087889
0.269916648
0.01192738195
-0.04991326695
-0.06284196054
-0.06609557281
-0.0629366925
-0.05746008026
0.2604918149
0.02113059609
-0.05311209059
-0.06211527302
-0.06319494169
-0.06071265936
-0.05846837657
0.2393363479
0.03137283091
-0.05042727143
-0.06010668902
-0.06251366598
-0.06081678176
-0.05906296403
0.2014186803
0.03596907285
-0.04687744419
-0.0585739227
-0.06177972883
-0.06152143091
-0.06063777662
0.2108441584
0.05065113732
-0.04081423388
-0.05571001382
-0.06076021045
-0.06236048725
-0.06267494887
0.2215516629
0.06815468925
-0.03081926083
-0.05153428377
-0.05848315478
-0.06407968533
-0.06548143238
0.3036873696
0.2565489312
0.1182182915
0.01677909422
-0.0231308422
-0.04814017697
-0.05516590613
0.3025215745
0.2482212288
0.09505589966
0.003804308404
-0.03257478951
-0.05105615915
-0.05734792608
0.3194012045
0.2474186534
0.082243592
-0.005177307549
-0.03793400092
-0.05287843674
-0.05928589776
0.3460546173
0.2623008956
0.08143150715
-0.00544097986
-0.04015184917
-0.05247322218
-0.05865821756
0.3575569206
0.2542825028
0.06765069948
-0.01180290364
-0.04246128025
-0.05396055927
-0.05873566586
0.3442060705
0.2380257837
0.05645561539
-0.01871671012
-0.04592096898
-0.05942095021
-0.05996672583
0.3170812415
0.1934031816
0.03130836905
-0.027857933
-0.05464166247
-0.05734675021
-0.06056255163
0.2977335658
0.1766255825
0.0227989409
-0.02897556773
-0.05389165579
-0.05690543421
-0.06059234567
0.3169543059
0.1934155265
0.03130637372
-0.02788804177
-0.05466486513
-0.05734769767
-0.06054295186
0.3441712098
0.2381293617
0.05654229183
-0.01871241312
-0.04593264034
-0.05942170964
-0.05993844673
0.3577084697
0.2544392014
0.06779421656
-0.01175319112
-0.04242589779
-0.05389542676
-0.05867130909
0.3462133379
0.2624935021
0.08155086021
-0.005369443431
-0.04007750052
-0.05237161352
-0.05858204231
0.3195492725
0.2474270631
0.0822262918
-0.005132451962
-0.03784249888
-0.05279689887
-0.05925533905
0.3026745777
0.2481752985
0.09500662788
0.003844881731
-0.03249756962
-0.05102056329
-0.0573830539
0.3039221108
0.2565298236
0.1181019341
0.01676703773
-0.02310299871
-0.04814780721
-0.05525955608
0.3112000008
0.2755335947
0.148175878
0.04404041464
-0.002811957229
-0.04121379615
-0.05098478602
0.3153169357
0.2653991202
0.1193397117
0.02713713024
-0.01787565946
-0.04690177185
-0.05613625874
0.3383249916
0.2613778083
0.09944830411
0.01318878017
-0.02813321832
-0.05023444518
-0.05775159316
0.3536839621
0.2472347242
0.08714268417
0.004613635023
-0.03561787466
-0.05106078237
-0.05875550144
0.3503679099
0.216304668
0.06410247908
-0.007511442974
-0.04006349698
-0.05367881457
-0.06007934308
0.3119225235
0.1721205881
0.03810404373
-0.02196448187
-0.04590424034
-0.05602378534
-0.06135579782
0.2589033434
0.1250522332
0.01407847273
-0.03127530009
-0.05117598767
-0.05727005177
-0.06106057897
0.2217236963
0.08070572921
0.001327687769
-0.03149734419
-0.04829273408
-0.05784421729
-0.06182204577
0.2587804006
0.1249580331
0.01394501853
-0.03140330679
-0.05119348474
-0.05723411769
-0.06099548465
0.3119248179
0.1721120675
0.03807605373
-0.02203194097
-0.04598104013
-0.05600683032
-0.06132240884
0.3505983498
0.2164400434
0.06419288003
-0.007462290504
-0.04002360732
-0.05359521152
-0.0599820915
0.3539460029
0.2474071916
0.08727123761
0.004711830347
-0.03551625375
-0.05091872698
-0.058638203
0.3387407908
0.2615626097
0.09948583704
0.01327244191
-0.02801204604
-0.05011457674
-0.05767464616
0.3156523808
0.2655038984
0.1193603411
0.02721803833
-0.01777659052
-0.04684097556
-0.05615456206
0.3116366443
0.2758392567
0.1481550695
0.04404681286
-0.002771770517
-0.0412133973
-0.05107938547
0.3085989207
0.2871703889
0.2463928864
0.1627020468
0.1056142318
0.02007963064
0.02018991465
0.3193031377
0.2983528519
0.2361845456
0.1854305547
0.103815299
0.02189080235
0.02781203666
0.385399654
0.3613892602
0.241741376
0.1868017142
0.07820558915
0.02796776175
0.0118876629
0.4556947934
0.4057126905
0.2072717336
0.1426952113
0.03211103206
0.01497642945
-0.002711458483
0.4397015273
0.3286370501
0.1381900978
0.06305992244
-0.007437357735
-0.01084443838
-0.02148795682
0.3727396685
0.2366121463
0.08457476743
0.02890833814
-0.01355769633
-0.01326885761
-0.02212564227
0.309893194
0.171872934
0.05600024442
0.04487589832
0.04414624031
0.02534993546
-0.0003464857898
0.2522001991
0.137108583
0.08963949033
0.109236969
0.09720826523
0.04168935435
0.007921007503
0.3097068944
0.1717077293
0.0558607609
0.04420530171
0.04645284594
0.02793184561
0.001047389591
0.3727332906
0.2365613003
0.0844802268
0.0293959739
-0.01679495362
-0.0144200195
-0.02275016769
0.4398890061
0.3289855479
0.1383658298
0.06336091835
-0.007920135754
-0.01112664972
-0.02168501604
0.456803198
0.4072449658
0.2078941863
0.1433498614
0.03250728708
0.01536629929
-0.002524295436
0.3865623771
0.3626607082
0.2423101623
0.1873274886
0.07857144138
0.02821697014
0.01216802937
0.319942954
0.2993666733
0.2366893322
0.1858032357
0.103953718
0.02195081045
0.02790854153
0.3089387079
0.2880169652
0.2467961403
0.162614092
0.1055248454
0.02009651789
0.02009183639
0.2708660677
0.2619343764
0.2478753905
0.2473984357
0.2365610295
0.2127014595
0.218191184
0.2943009906
0.2808436948
0.2556324742
0.260555516
0.2278743692
0.2432180405
0.199857703
0.3685549019
0.3381198157
0.2805207079
0.2758459474
0.2254153568
0.170043308
0.05868069903
0.4477580998
0.3939740603
0.2887185592
0.2659147253
0.1369451522
0.1056250687
-0.0005194334506
0.4957963474
0.4311456615
0.2814569135
0.2324702597
0.1003068655
0.07737209891
-0.01458398634
0.4817985496
0.425748193
0.265389315
0.2068203013
0.09967424966
0.05781170612
-0.02291587454
0.4464138503
0.3875024826
0.2481204902
0.2267383194
0.1096005445
0.01553959659
-0.01651780629
0.4098334068
0.3600153732
0.299789727
0.145751858
0.04814302065
0.004158720085
-0.00348081094
0.4462578799
0.3875395991
0.2478382104
0.226792471
0.108451373
0.01540978707
-0.0161024761
0.4818935798
0.4257012599
0.2653359149
0.2070740583
0.09506820164
0.05703086126
-0.02306908998
0.4965975609
0.4321642238
0.2818891151
0.2325094747
0.09952285724
0.0777030954
-0.01463723161
0.448751781
0.3948988154
0.2892338674
0.2662309759
0.1383738039
0.1062216484
-0.0003674116878
0.3697380861
0.3393496946
0.2808120811
0.2758288393
0.2260244828
0.1703011476
0.05884675931
0.2947337331
0.2819512115
0.2562912799
0.2606074057
0.2272953501
0.2424635974
0.1991262897
0.2702905893
0.2620963386
0.2485430374
0.2479127823
0.2371284059
0.2132770152
0.217567685
-0.0004979931762
-0.0004916718408
-0.0005196497457
-0.0005209629943
-0.0004894056536
-0.0004270677035
-0.0003771682322
-0.0004834471286
-0.0004873150854
-0.0005195054694
-0.000535574833
-0.0005322975313
-0.0004854888246
-0.0004144850604
-0.0004686548074
-0.0004712396528
-0.0005019838134
-0.0005209032047
-0.000531252872
-0.0005219557697
-0.0004678563785
-0.000460430273
-0.0004754330887
-0.0004943240306
-0.0005133601637
-0.0005243710957
-0.000520285706
-0.0004924888416
-0.0004564760014
-0.0004656794814
-0.0004764355886
-0.0004936426983
-0.0005025307397
-0.0005047370534
-0.0004933311831
-0.00046619852
-0.0004597080252
-0.0004681511592
-0.000477343102
-0.0004804765503
-0.0004875581447
-0.0004951724938
-0.0004771305708
-0.0004665048409
-0.0004675074055
-0.0004664265566
-0.0004655362011
-0.0004792682312
-0.0005083365656
-0.0004856362638
-0.0004783575054
-0.0004737491323
-0.0004692149584
-0.0004690747185
-0.0004801009507
-0.0005137680626
-0.0004931201168
-0.0004875671341
-0.000486377185
-0.0004797513229
-0.0004757407143
-0.0004747818978
-0.0004871036797
-0.0004988397439
-0.0004941439128
-0.0004998580673
-0.0004860012906
-0.0004617170758
-0.0004389167791
-0.0004182405327
-0.0005064640452
-0.0005021221488
-0.0005091978268
-0.0004849372553
-0.0004265713437
-0.0003611864882
-0.0003236647668
-0.0005160045396
-0.0005083171431
-0.0005104241817
-0.0004778467031
-0.0003945214042
-0.0002914665614
-0.0002551468256
-0.0005199446409
-0.0005084118118
-0.0005026446274
-0.0004692169767
-0.0003988823679
-0.0003164941172
-0.0002675983504
-0.0005104031423
-0.0004972403698
-0.0004961785492
-0.0004851057605
-0.0004683812041
-0.0003859980874
-0.000374320438
-0.0004995981119
-0.0004834171103
-0.0004905257757
-0.0005104641535
-0.0005364625115
-0.0004226201379
-6.600326032e-05
-0.001332568909
-0.001085201809
-0.001056070965
-0.00111729181
-0.001104284543
-0.001048720925
-0.0009900579477
-0.001278873056
-0.001056586017
-0.001062821896
-0.001144646537
-0.001119795835
-0.001008672084
-0.0009462397137
-0.001228885895
-0.001028915109
-0.001055415722
-0.001148383697
-0.001125253991
-0.001014358904
-0.0009659328851
-0.001177419373
-0.0009912788515
-0.001044991411
-0.001131868064
-0.001089808118
-0.001009343253
-0.0009757529945
-0.001151496891
-0.0009750579755
-0.001040701337
-0.001114219867
-0.001038116272
-0.0009864540379
-0.0009676203487
-0.001142393345
-0.0009749247511
-0.001029580252
-0.001091759149
-0.0009957335045
-0.0009661068443
-0.0009585509268
-0.001141270655
-0.0009863673567
-0.001031747319
-0.001086076242
-0.0009809482491
-0.0009605309988
-0.0009651861623
-0.001143988727
-0.0009933400077
-0.001043442455
-0.001095924658
-0.0009834608534
-0.0009660107848
-0.0009785651763
-0.001151981075
-0.001002091723
-0.001055250873
-0.001108392533
-0.0009926701049
-0.0009608888515
-0.0009715963872
-0.001167175608
-0.00100772906
-0.001062923288
-0.001116695655
-0.000995579691
-0.0009229034172
-0.0009171555396
-0.00119622146
-0.001021909185
-0.001070121561
-0.001117791658
-0.000993258353
-0.0008679535646
-0.0008212337004
-0.001233536614
-0.001040626533
-0.001074665327
-0.001112630815
-0.0009985847867
-0.0008481922461
-0.0007663860261
-0.00126892272
-0.001062582303
-0.001071687452
-0.00110892668
-0.001029895485
-0.000889425996
-0.0008288789148
-0.001296428475
-0.001078568409
-0.00106211045
-0.001123338876
-0.001110498616
-0.001006368591
-0.0008858440827
-0.001335070552
-0.001075902501
-0.001038987676
-0.001094767884
-0.001156027154
-0.001181470698
-0.0009659317235
-0.005640797429
-0.00419212353
-0.00389404828
-0.004006521821
-0.004009260062
-0.00394470938
-0.003887503566
-0.005417524187
-0.004128471089
-0.003899123032
-0.004030973151
-0.004006992283
-0.003903777379
-0.003865937819
-0.005306755651
-0.004082420533
-0.003890655637
-0.004035483582
-0.00400110786
-0.003916560948
-0.003909287783
-0.005245416308
-0.004038766203
-0.003888378282
-0.004034104188
-0.003961136887
-0.003914535045
-0.003946370488
-0.005184399966
-0.003988314028
-0.003877783864
-0.004020777637
-0.003911861201
-0.003902827453
-0.003979878246
-0.005136588822
-0.003965398895
-0.003873363417
-0.004005555984
-0.00387734211
-0.003896286546
-0.004022480376
-0.005088125379
-0.003961345887
-0.003879163835
-0.004001410191
-0.003861398509
-0.003894598461
-0.00406282402
-0.005076238871
-0.003963436083
-0.003889418701
-0.004012024528
-0.00386564996
-0.003903696816
-0.00408855128
-0.005091498121
-0.003971418365
-0.003900789251
-0.004025004755
-0.003878273325
-0.003897675878
-0.004069732806
-0.005142606168
-0.003990389035
-0.003909688589
-0.004035320688
-0.003887572494
-0.003871295757
-0.003997805996
-0.005211577618
-0.004025492805
-0.00391362085
-0.004037598841
-0.003893836913
-0.003825767599
-0.003881052495
-0.005287652379
-0.004072467891
-0.003914361776
-0.004036121039
-0.003914920527
-0.003806901011
-0.003793219218
-0.005339989202
-0.00411206948
-0.003908369067
-0.004028107725
-0.003959401743
-0.003849931239
-0.00379644417
-0.005427715483
-0.004140987128
-0.003896436056
-0.004023442631
-0.004021825673
-0.003939655611
-0.003853081072
-0.005641825686
-0.004191603229
-0.00388603412
-0.003995548911
-0.004042244717
-0.004037252619
-0.003934610009
-0.015738517
-0.01297922356
-0.01205698972
-0.0120999555
-0.01209990668
-0.01213139939
-0.01231490208
-0.01520131299
-0.01281972016
-0.01206747085
-0.01216113109
-0.01214171895
-0.01223615293
-0.01241785006
-0.01478125681
-0.01280642781
-0.01208872746
-0.0121861046
-0.01211436538
-0.01234516835
-0.01252541661
-0.01453094436
-0.01283495702
-0.01212180644
-0.01221137862
-0.01212707048
-0.01244781547
-0.01269201036
-0.01440927443
-0.0128248699
-0.01212908962
-0.01220796412
-0.0122101071
-0.01251695955
-0.01281874142
-0.01436284955
-0.01281209027
-0.01213459315
-0.0121924383
-0.01228564801
-0.01255792161
-0.01287505125
-0.01433878995
-0.01278145132
-0.01213272004
-0.01218803279
-0.01233506754
-0.01259396445
-0.01287356582
-0.01432898923
-0.01278256707
-0.01213964461
-0.01219788369
-0.01235923877
-0.01261194854
-0.01286120518
-0.01433021864
-0.01278000997
-0.01214506734
-0.01220677219
-0.01234564417
-0.01259447977
-0.01286939751
-0.01435409525
-0.01282002919
-0.01215472164
-0.0122115339
-0.01229164915
-0.01254272868
-0.0128503301
-0.01441163826
-0.01284618433
-0.01215065933
-0.01221290755
-0.01219877279
-0.01247407927
-0.01274800757
-0.0145452332
-0.01285298204
-0.0121360023
-0.01221175898
-0.01210050143
-0.01238244511
-0.01259298274
-0.01479271199
-0.01281903504
-0.012097516
-0.01218204089
-0.01208546877
-0.01230145185
-0.01246028785
-0.01519670691
-0.01281751992
-0.01205526399
-0.0121422061
-0.01213906081
-0.01226352257
-0.01241429524
-0.01570332113
-0.0129659357
-0.01202980521
-0.01206633725
-0.01209969119
-0.01215334726
-0.01229681988
-0.02000405506
-0.01659716036
-0.01519235401
-0.0150295241
-0.01502682664
-0.01510855362
-0.0152177873
-0.01946156637
-0.01626652085
-0.01513626288
-0.01507922942
-0.01508987145
-0.01521717299
-0.0152842308
-0.01915030024
-0.01610004647
-0.01511946634
-0.0151132067
-0.01511790642
-0.01531494404
-0.01536389517
-0.01892756305
-0.01606615024
-0.01513662897
-0.01513636005
-0.01516071526
-0.01537554885
-0.01526167739
-0.01870858166
-0.01607192462
-0.01514418191
-0.01512473652
-0.01520732955
-0.01540792595
-0.01517588354
-0.01853852734
-0.01608175546
-0.01515454196
-0.01510653107
-0.01524458323
-0.0154294128
-0.01520056539
-0.01841518916
-0.01606846769
-0.01515224534
-0.01509868129
-0.01527213373
-0.01544291197
-0.01530797934
-0.01837729739
-0.01607243519
-0.0151570545
-0.01510549188
-0.01528598784
-0.01541228025
-0.01537517664
-0.01840723203
-0.01606502729
-0.01515733127
-0.01510983169
-0.01527641382
-0.01543966582
-0.01529729147
-0.01853284289
-0.01608219353
-0.01516081012
-0.01511454545
-0.01524532599
-0.01542057136
-0.01517925958
-0.01870377529
-0.0160781004
-0.01514810391
-0.01511424928
-0.01519074961
-0.01538023278
-0.01513709903
-0.01892703187
-0.01606776225
-0.01512953922
-0.01511559967
-0.01512399431
-0.01532552868
-0.01521722626
-0.01915918856
-0.01609589924
-0.01510471816
-0.01508423675
-0.01506984252
-0.01527071193
-0.01533999039
-0.0194627083
-0.01625626138
-0.01510951551
-0.01504145854
-0.01506315058
-0.01522417547
-0.01527692522
-0.01997669793
-0.01657721339
-0.01515129092
-0.01498142447
-0.01500174001
-0.01510352673
-0.01517744785
-0.02650667497
-0.02177868053
-0.01943593739
-0.01896628495
-0.0189740737
-0.01915530332
-0.01916327927
-0.02498805319
-0.02115263758
-0.01927736291
-0.01900502634
-0.01909813178
-0.0192838968
-0.01931960192
-0.02398833244
-0.02064452061
-0.01917125672
-0.0190401686
-0.01931419046
-0.01940712756
-0.01937059971
-0.02357554582
-0.0203348999
-0.01912229771
-0.01906859484
-0.0194379199
-0.01944713092
-0.01935961639
-0.02344370445
-0.02020415275
-0.01910454604
-0.01910739429
-0.01941060528
-0.01951605164
-0.01922451322
-0.02342905746
-0.02018138484
-0.0191165358
-0.01914408032
-0.01934944154
-0.01949932494
-0.01895691051
-0.02343036496
-0.02018988649
-0.01912107903
-0.0191507381
-0.01930813436
-0.01940951466
-0.01866945186
-0.0234322783
-0.02019424465
-0.01912794107
-0.01916354344
-0.01930082266
-0.01942223228
-0.01854217512
-0.02342962825
-0.02019299934
-0.01912486805
-0.01915552003
-0.01930483704
-0.01940326503
-0.01866418763
-0.02343238109
-0.02018588735
-0.01911733583
-0.01914580659
-0.01934406351
-0.01948674036
-0.01894798054
-0.02344996423
-0.02020694777
-0.0190979981
-0.01908856434
-0.01938804968
-0.01949478008
-0.01920848419
-0.02358151516
-0.02033014557
-0.01910318615
-0.01903377141
-0.01938976112
-0.01940822346
-0.01934406291
-0.02399795492
-0.02063908798
-0.01914445376
-0.01899024498
-0.0192410231
-0.01936725967
-0.0193748394
-0.02499221238
-0.0211474567
-0.01924392993
-0.0189530183
-0.01905093087
-0.01927780339
-0.01932061269
-0.02648857827
-0.0217590313
-0.01939336661
-0.01891729817
-0.01893330058
-0.01913407588
-0.01912940959
-0.03580620057
-0.02597296603
-0.02197679352
-0.02106812934
-0.02094551175
-0.02109108115
-0.0211754918
-0.03374681462
-0.02497947103
-0.02166682766
-0.0210560834
-0.02105818709
-0.021207467
-0.02095496572
-0.03185493092
-0.02424039954
-0.02148170343
-0.02104487807
-0.02123072395
-0.02134732985
-0.02109061881
-0.0304376511
-0.02370905503
-0.02137737653
-0.02105643842
-0.02135387852
-0.02131683943
-0.02135946182
-0.02943291022
-0.02333059384
-0.02130765863
-0.02111829574
-0.02139215413
-0.02119432715
-0.02169937723
-0.02887137193
-0.02314322404
-0.02128038856
-0.02119074457
-0.02140275962
-0.02132073368
-0.02216238409
-0.02854924987
-0.02303940086
-0.02126201881
-0.02121955936
-0.02140098407
-0.02144557457
-0.02259414355
-0.02848103974
-0.02302501596
-0.02126738573
-0.0212435888
-0.02140685419
-0.0215070979
-0.02274024486
-0.02855164965
-0.02304640383
-0.02127076302
-0.02122500728
-0.02139752671
-0.02144053969
-0.0225998536
-0.02887848235
-0.02315481959
-0.02128804764
-0.02119366456
-0.02139590198
-0.02131071881
-0.02217305259
-0.02944537629
-0.02334270809
-0.02130414658
-0.02109973827
-0.02136789066
-0.02116819345
-0.02170484507
-0.0304550089
-0.02371136897
-0.02136012389
-0.02102167408
-0.02130750091
-0.02127606957
-0.02136386182
-0.03187043007
-0.02424078134
-0.02145891955
-0.02099614446
-0.02116275137
-0.0213113408
-0.02111942838
-0.03375281996
-0.02498001769
-0.02163660075
-0.02100376027
-0.02100951902
-0.02120438884
-0.02097430183
-0.0357873593
-0.02596196782
-0.02194473658
-0.02102662551
-0.02090820039
-0.02107363735
-0.0211532031
-0.04610386329
-0.03491594648
-0.02805429239
-0.02607219036
-0.02562879164
-0.02558646879
-0.02571574862
-0.04373281373
-0.03310363921
-0.02731494215
-0.0259109183
-0.02566661286
-0.02564378143
-0.02578299384
-0.04205536207
-0.03197829397
-0.02692508595
-0.02583079207
-0.02565145025
-0.02566003861
-0.025666013
-0.04098569533
-0.03131540732
-0.0267386454
-0.02578458374
-0.02564419941
-0.02573207522
-0.02541287485
-0.04008290489
-0.03076465466
-0.02657736716
-0.02575334401
-0.02570321837
-0.02555327985
-0.02503986997
-0.03942170015
-0.03038898096
-0.02625472512
-0.0257467825
-0.02578493063
-0.02539520539
-0.02461723247
-0.0388888754
-0.03010804063
-0.02621014929
-0.02576764754
-0.02584667217
-0.02532264837
-0.02432591877
-0.03878173372
-0.03005819285
-0.02619325806
-0.02579038348
-0.02587021729
-0.02525590328
-0.02431714947
-0.0388907723
-0.03011376089
-0.02622373584
-0.02577692037
-0.02584814341
-0.02531920424
-0.02433344554
-0.03942996422
-0.0304025075
-0.02627325357
-0.02575540697
-0.02578145036
-0.02538404356
-0.02462702688
-0.04009956459
-0.03078355839
-0.02658098722
-0.02573944984
-0.02568209102
-0.02553181529
-0.02504585054
-0.04101147946
-0.0313248905
-0.02672404292
-0.02575252086
-0.02560697884
-0.02569979063
-0.02541345967
-0.04207826503
-0.03197912474
-0.02690779464
-0.02579046444
-0.02560025209
-0.02563017804
-0.02568506127
-0.0437442353
-0.03310046073
-0.02728847886
-0.02586466945
-0.02562555017
-0.02564821361
-0.02580746732
-0.04608906631
-0.03490609768
-0.02803042419
-0.02603968134
-0.02559752296
-0.02557486239
-0.0257154273
-0.05896225103
-0.04169993826
-0.03240982776
-0.02941189761
-0.02871011464
-0.02857271273
-0.02892833804
-0.05471817707
-0.03921467545
-0.03131750679
-0.02910300569
-0.02870692161
-0.02863216302
-0.0292225027
-0.05118232
-0.03741438215
-0.03065123656
-0.02900302522
-0.02870843663
-0.0287892015
-0.02958529469
-0.04936725141
-0.03641356106
-0.03030350523
-0.0289580948
-0.02866889881
-0.02930273466
-0.03002288013
-0.04855441847
-0.0357587443
-0.03006229867
-0.02883905264
-0.0286329732
-0.02955041314
-0.03034026121
-0.04834225987
-0.03539753364
-0.02988941213
-0.02877523627
-0.02863262192
-0.02958507412
-0.03049428662
-0.04826875068
-0.03510741017
-0.02967115703
-0.02870628673
-0.02863226383
-0.02953548163
-0.03042689272
-0.04827974334
-0.03507171887
-0.02963196658
-0.02871409224
-0.02864697214
-0.0297074715
-0.03030864859
-0.04827371244
-0.03511028911
-0.02967995877
-0.02871442703
-0.02863288825
-0.02953119216
-0.03042514734
-0.04835572693
-0.03540735522
-0.02990172787
-0.02878084628
-0.02862508599
-0.02956687413
-0.03049260822
-0.04857675392
-0.03577511866
-0.03006361725
-0.02882085057
-0.02860622667
-0.02952042808
-0.03033345785
-0.04939928933
-0.03642390287
-0.03028703279
-0.02892144678
-0.02862684427
-0.02926342075
-0.03001144203
-0.05121364444
-0.03741406999
-0.0306326808
-0.02896091824
-0.02865455185
-0.02876230814
-0.02959034488
-0.05473943094
-0.03920853539
-0.0312905357
-0.02905751647
-0.02866512355
-0.02862640641
-0.02922870005
-0.05895614406
-0.04168652564
-0.03238190745
-0.02937724235
-0.02867681615
-0.0285496791
-0.02890992992
-0.07502119849
-0.05578514477
-0.04170823216
-0.03636352176
-0.03487172463
-0.03455363011
-0.0342231917
-0.0714069576
-0.05242766165
-0.03988658482
-0.0356822105
-0.03474705007
-0.0345568251
-0.03409904858
-0.06654286691
-0.04921661327
-0.03809937349
-0.03536254631
-0.03484827294
-0.03457757382
-0.033790927
-0.06220533536
-0.04693683245
-0.03687509444
-0.03523751794
-0.03492268081
-0.03424508873
-0.033553608
-0.05882926078
-0.04543758784
-0.03557651922
-0.03498931177
-0.03486138959
-0.03430080505
-0.03361319507
-0.05689153648
-0.04471108929
-0.03625218843
-0.03494790524
-0.03475684652
-0.03449149082
-0.03350859426
-0.0556662613
-0.04423224121
-0.03693004003
-0.03500566152
-0.03466284944
-0.03436559091
-0.03378327863
-0.05551938653
-0.04417521711
-0.03702984338
-0.03504517196
-0.03465040792
-0.03402665472
-0.03380836514
-0.05567811037
-0.04423138925
-0.03692785441
-0.03500799701
-0.03465976424
-0.03435784126
-0.03379037691
-0.0569155288
-0.04471513188
-0.03625360821
-0.03494340951
-0.0347390142
-0.0344690902
-0.0335039541
-0.05886396562
-0.04545025187
-0.03556791138
-0.03495873471
-0.03481862943
-0.03425860025
-0.03359602344
-0.06224770815
-0.04694997091
-0.03685333411
-0.03518952491
-0.03486384624
-0.03419048743
-0.03353587673
-0.0665844421
-0.04921877675
-0.03807501348
-0.03530964089
-0.03477942105
-0.0345223184
-0.0337780208
-0.07143594481
-0.05242357124
-0.03985571318
-0.0356283202
-0.03469542952
-0.03452854015
-0.03408416009
-0.07502231388
-0.0557728109
-0.04167094471
-0.03631722559
-0.03483056343
-0.03451167784
-0.03418543823
-0.0836983432
-0.0627326491
-0.04712986357
-0.04041848461
-0.03824576092
-0.03762870609
-0.03756174396
-0.08505839051
-0.05997723196
-0.04524403001
-0.03954134169
-0.03798431314
-0.03761610596
-0.0378445563
-0.08551176355
-0.05724798558
-0.04548085853
-0.03913491475
-0.03799995429
-0.03771395176
-0.03837478792
-0.08470016514
-0.05504824751
-0.04473765532
-0.03890816128
-0.03809377638
-0.03791330211
-0.03864948053
-0.0831409843
-0.05330394353
-0.04550817485
-0.03874185431
-0.03812885924
-0.03798249122
-0.038871938
-0.08161754228
-0.05233758418
-0.0411625709
-0.03847263897
-0.03809220862
-0.03806707554
-0.03956749035
-0.07758523185
-0.05151788509
-0.04107851591
-0.03843383222
-0.03803308883
-0.03873919322
-0.03929017611
-0.07710560544
-0.0514513139
-0.04116887266
-0.03848865066
-0.03805935964
-0.03947508252
-0.03961395183
-0.07760383105
-0.05152044161
-0.04107677118
-0.03843261577
-0.03802730025
-0.03873721336
-0.03929448107
-0.08164516834
-0.05234574529
-0.0411610836
-0.03846254705
-0.03807084916
-0.0380473855
-0.03955762271
-0.08317998347
-0.05332064355
-0.04549849572
-0.03870732644
-0.03808192177
-0.03793808115
-0.03885387851
-0.08474311143
-0.05506514914
-0.0447152744
-0.0388575855
-0.0380313452
-0.0378579862
-0.03863374725
-0.08554752043
-0.05725286918
-0.04544650518
-0.03907603027
-0.03792711348
-0.03765909965
-0.03837049859
-0.08508646517
-0.05997441825
-0.04519650164
-0.03948036467
-0.03792838958
-0.03758571486
-0.0378348296
-0.08370379969
-0.06272296739
-0.04709016905
-0.04036739141
-0.03820034653
-0.03758443139
-0.03752741327
-0.05921366671
-0.0765309289
-0.05737044915
-0.04957481992
-0.0457189789
-0.04405616452
-0.04370572
-0.06445030218
-0.07604570787
-0.05165903625
-0.04718559619
-0.04487204667
-0.04375855907
-0.04341651046
-0.07003464954
-0.07528393215
-0.04988826188
-0.04635923203
-0.04454397861
-0.04366846401
-0.04318907128
-0.07424380804
-0.07411507597
-0.0484556992
-0.04578688733
-0.04442118221
-0.04361091628
-0.0431269009
-0.0775801579
-0.07241156203
-0.04615616455
-0.04503708751
-0.0443638835
-0.04343764832
-0.04277914869
-0.08173540182
-0.07145008695
-0.04703418257
-0.04478871947
-0.04461506008
-0.04344672524
-0.0417338654
-0.08790346027
-0.0705760876
-0.05042409353
-0.04513581904
-0.04471215522
-0.04184085846
-0.04190217039
-0.08869566605
-0.07064013332
-0.05074935504
-0.04523875913
-0.04496051178
-0.04112756466
-0.04196622282
-0.08790969356
-0.07058496977
-0.05042783876
-0.04513233595
-0.04470413986
-0.0418292148
-0.04189560608
-0.08176007857
-0.07146758632
-0.04703566924
-0.04477463647
-0.04459212669
-0.0434162916
-0.04172334225
-0.07760642746
-0.07243642633
-0.04615365999
-0.04500170104
-0.04431681318
-0.04338617249
-0.04275584389
-0.07428143232
-0.07413920919
-0.04844176376
-0.04573625966
-0.04435857173
-0.04355500988
-0.0431099076
-0.07006328525
-0.07529161916
-0.04986766721
-0.04629653173
-0.0444696182
-0.04361446242
-0.0431851742
-0.06447727385
-0.07604336774
-0.05161988498
-0.04711829992
-0.04480994676
-0.04372665197
-0.04340907101
-0.05922934546
-0.07651952056
-0.05732586186
-0.04951743058
-0.04566733818
-0.04401432842
-0.043680329
-0.02282331759
-0.0526459484
-0.07824908104
-0.05580338777
-0.05004557368
-0.04765459326
-0.04819928763
-0.03217213287
-0.0578388115
-0.07822943024
-0.05360697696
-0.04905303163
-0.04825822646
-0.04877890625
-0.04106320636
-0.0617151477
-0.07427105044
-0.05216100784
-0.04852109388
-0.04835451802
-0.04874421739
-0.04833139729
-0.06496161248
-0.07186449799
-0.0514014416
-0.04818145687
-0.04846773795
-0.04872776578
-0.05421509595
-0.06833838677
-0.06881500632
-0.05032617876
-0.04788907879
-0.04840425218
-0.04879686463
-0.05220631904
-0.06970661394
-0.06854615374
-0.04998907792
-0.04756569612
-0.04863114517
-0.04987827855
-0.0519866685
-0.07046948144
-0.05550640412
-0.04905792764
-0.04776632107
-0.05105687733
-0.04932452885
-0.05128613886
-0.07050562008
-0.05525308114
-0.04908141106
-0.04788118356
-0.05074150292
-0.04639807266
-0.05198973724
-0.07047616041
-0.05550917614
-0.04905437436
-0.04775705267
-0.05104933135
-0.04931700148
-0.05221790303
-0.06972262547
-0.0684974078
-0.0499743597
-0.04754437248
-0.04860402272
-0.04985365255
-0.0542489435
-0.06835619197
-0.06881136399
-0.05029020977
-0.04784198509
-0.04835254419
-0.04876945176
-0.04835863786
-0.06498020616
-0.07185387755
-0.05135063295
-0.04812059226
-0.04841504019
-0.0487095768
-0.04108607151
-0.0617294191
-0.07424269293
-0.05209993533
-0.04845237662
-0.04831192959
-0.04874410217
-0.03220085402
-0.05784958829
-0.07820191027
-0.05354668883
-0.04899990157
-0.04824114019
-0.04878028669
-0.02284986701
-0.05264820053
-0.07822476079
-0.05575713083
-0.05000287751
-0.04762207061
-0.04818666272
0.09952777525
-0.003891502841
-0.04774825628
-0.05900436395
-0.06041187817
-0.0540323138
-0.05281791929
0.08589372589
-0.01557966024
-0.054333564
-0.06084401577
-0.05978468646
-0.05333973805
-0.05204873523
0.07441100434
-0.02504653133
-0.05747821667
-0.06072629358
-0.05851347415
-0.05290221035
-0.05188971352
0.06859090436
-0.03107740465
-0.05961221011
-0.06104235997
-0.05726882406
-0.0526986005
-0.05171727076
0.06165799585
-0.03949218039
-0.05758406651
-0.06353562773
-0.05657717287
-0.05246763686
-0.0516880217
0.0592670646
-0.04390574649
-0.05647586719
-0.06394363795
-0.05412002373
-0.05206515517
-0.0513672368
0.0423600143
-0.05005825821
-0.05863886157
-0.06331064537
-0.05465167812
-0.04845752024
-0.05072881769
0.0436594614
-0.0500370211
-0.06059234407
-0.06216817045
-0.05420818006
-0.05267050333
-0.05383488958
0.0423678283
-0.05005665727
-0.05865096638
-0.06331125078
-0.05464684131
-0.04845463732
-0.0507239159
0.0592767713
-0.04391139557
-0.05653295302
-0.06394525822
-0.05409980262
-0.05203892987
-0.05134151435
0.0616370504
-0.03949585448
-0.05761050728
-0.06349244354
-0.05653476709
-0.05242352992
-0.05166556416
0.06858975152
-0.0310933138
-0.05960340877
-0.06100082828
-0.05721857539
-0.05265642067
-0.05170540046
0.07436055707
-0.02507002439
-0.05746626182
-0.06068121636
-0.05846399227
-0.05287161771
-0.05189456955
0.08584376194
-0.01561147196
-0.05433119307
-0.06081316258
-0.05975669986
-0.05333421188
-0.05205556867
0.09944623078
-0.003915051812
-0.04774832523
-0.0589905789
-0.06039980763
-0.05400891944
-0.05281583399
0.2211936008
0.06804052218
-0.03084017852
-0.05151884494
-0.05841624176
-0.06396699093
-0.06535864405
0.2104502869
0.0505058108
-0.0408638399
-0.05573659175
-0.06075867355
-0.06228352927
-0.06253441354
0.2010251791
0.0358054888
-0.04693694431
-0.05862494501
-0.06183076792
-0.06151072145
-0.0605545107
0.2387726471
0.03113049273
-0.05048392451
-0.06016075865
-0.06256309696
-0.06085321669
-0.05905397563
0.2600672171
0.02093619361
-0.05305772679
-0.06215842492
-0.06322208384
-0.06074686212
-0.05848250419
0.2697890269
0.01183356044
-0.04992761835
-0.06283547872
-0.06607639906
-0.06294765793
-0.05746324548
0.2637248558
-0.004185953774
-0.0521493927
-0.06482403795
-0.06637476663
-0.06449331712
-0.05395724359
0.2666283168
-0.005162713701
-0.05075556584
-0.06490817529
-0.06985313418
-0.05605954801
-0.05521230342
0.2637099184
-0.004190733408
-0.05214638802
-0.06483925715
-0.06638481937
-0.06449035452
-0.05395619209
0.2698106281
0.01181150515
-0.04994056093
-0.06284174538
-0.06607670625
-0.06292184093
-0.05745427138
0.2600562605
0.02093047161
-0.05306849419
-0.06214735455
-0.06320292925
-0.0607178976
-0.05846504319
0.2387182261
0.03113451487
-0.05048107505
-0.06013639805
-0.06252988854
-0.06082606631
-0.05904839682
0.2008067209
0.03575580239
-0.04693683366
-0.05859944547
-0.06180242526
-0.0615021412
-0.06056864411
0.2103026062
0.05043565194
-0.04087996742
-0.05573230402
-0.0607634047
-0.06230276715
-0.06255484703
0.2210538589
0.06796715973
-0.03086121483
-0.05153345916
-0.05843744074
-0.06398624654
-0.06539450239
0.3030888003
0.2560672891
0.1179415529
0.01670711524
-0.02308744238
-0.04807015633
-0.05508502453
0.301834393
0.2476433547
0.09477207852
0.003729153078
-0.03255062142
-0.0509628722
-0.05728815865
0.3186464073
0.2466727668
0.08189509436
-0.005306179406
-0.03796780533
-0.0528139514
-0.05920687471
0.3452786762
0.2617019813
0.08121919633
-0.005545259004
-0.04020559153
-0.05246431743
-0.05860043112
0.3572773945
0.2538621163
0.0674751562
-0.01189840548
-0.0425206189
-0.0539837271
-0.05871645981
0.3442769605
0.2380089555
0.05646106381
-0.0187503262
-0.04595663718
-0.05945360878
-0.05997570041
0.317411144
0.1935990049
0.03139093421
-0.02784907662
-0.05464450888
-0.05736499382
-0.06058791073
0.2980979135
0.1768825916
0.02290870455
-0.02892810985
-0.05393551471
-0.05694802478
-0.06057862024
0.31736102
0.1935558727
0.0313627007
-0.02787897669
-0.05465889018
-0.05735764646
-0.06057091437
0.344413773
0.2380080482
0.05645993988
-0.01876156815
-0.04596480148
-0.0594237453
-0.05994507277
0.357495261
0.2539939952
0.06753896329
-0.01186739494
-0.04248506511
-0.05393653075
-0.05868224407
0.3454393994
0.2618339026
0.0812515596
-0.0055034174
-0.04015201612
-0.05241952486
-0.05858536941
0.3186360127
0.2467171324
0.08188110529
-0.00528185507
-0.0379347948
-0.05280334013
-0.05922805123
0.3018086077
0.2475349949
0.09466338976
0.003693116888
-0.03257233296
-0.05099511943
-0.05734143998
0.3030952529
0.2559572105
0.1177914976
0.01662459059
-0.02314969564
-0.04813437068
-0.05515124649
0.3103893061
0.2748315653
0.1477924953
0.04387226243
-0.002846205549
-0.04115098245
-0.0508896933
0.3144098167
0.2644958117
0.1189108041
0.02695943006
-0.01790635283
-0.04681058767
-0.05603166541
0.3374899959
0.2606963126
0.09912572352
0.01301403225
-0.02822683434
-0.05020320221
-0.05767504491
0.352950604
0.246662711
0.08697196196
0.004493805048
-0.03572944319
-0.05111693555
-0.05874113988
0.3505337978
0.2162070338
0.06402915742
-0.007623724763
-0.04017231077
-0.05377130109
-0.06012107955
0.3124618671
0.1721559375
0.0380725437
-0.02207950078
-0.0459943809
-0.05609514712
-0.06142471467
0.2595661567
0.1251266802
0.01409525491
-0.03129150497
-0.05121580737
-0.05730422962
-0.06109442415
0.2222135127
0.0807120974
0.001249913591
-0.03161895526
-0.04847721202
-0.0578894375
-0.06189582839
0.259478654
0.125064804
0.01402098436
-0.03134742542
-0.0512069692
-0.05724794369
-0.06102998139
0.3125313931
0.1721640819
0.03801822555
-0.02211971342
-0.04599108599
-0.05601311347
-0.06133355011
0.3507780996
0.216387286
0.06404428127
-0.007597744401
-0.04008763467
-0.05364144988
-0.06001486287
0.3532498105
0.2469078035
0.08699581023
0.004547622128
-0.03560832625
-0.050987114
-0.0586782217
0.3377211
0.2609285382
0.09912549443
0.01307647581
-0.02812440061
-0.05013968402
-0.05768771436
0.3146127395
0.2646465069
0.1188704637
0.02698110962
-0.01788018436
-0.04684237619
-0.05612347363
0.3105976248
0.2748935426
0.1476921616
0.04384214427
-0.002865303317
-0.04123022277
-0.05101103447
0.3075340944
0.2862485514
0.2460290793
0.1623341813
0.1052187982
0.01983470036
0.01998225522
0.3178342607
0.2967233244
0.2351348015
0.1847266268
0.1036587677
0.02209090515
0.02783080643
0.3835354607
0.3595698896
0.2409521206
0.1862306264
0.07807425284
0.02795026249
0.01191017724
0.454580172
0.4050043096
0.2075390175
0.14264377
0.03206281077
0.01485574668
-0.002761727511
0.4409008436
0.329586797
0.1383394272
0.06286882735
-0.007853134592
-0.01119648321
-0.02170745372
0.3737343653
0.2369561866
0.08432489352
0.02860462806
-0.01607879956
-0.01406291526
-0.02253848603
0.3107290367
0.1716359557
0.05535048466
0.04376009603
0.04523454041
0.02577265761
-0.0004955835083
0.2527344248
0.1363786295
0.08780326263
0.107842264
0.09659476897
0.04130200025
0.007590033757
0.3106082242
0.1715471319
0.05533482077
0.04358449437
0.045727329
0.02698163432
0.0001776293491
0.3738306739
0.2369387668
0.08426839666
0.02884138239
-0.01677546129
-0.01440634633
-0.02274227239
0.4411711526
0.3298324038
0.1383718762
0.06299927667
-0.007922728528
-0.01115985323
-0.02169133986
0.4554449334
0.4061159734
0.2077460788
0.1427478749
0.03225018607
0.01500630296
-0.002697628125
0.3841193247
0.3604217689
0.2413195847
0.186501617
0.07809649397
0.02800730685
0.01195997592
0.3182939957
0.2973937771
0.2352650315
0.1848234322
0.1036943238
0.022023129
0.02772358911
0.3079719244
0.2866577314
0.2457759181
0.1624826947
0.105602232
0.02005328366
0.02003961785
0.2696332397
0.2606545897
0.2471953488
0.2470452994
0.2360875199
0.2121598904
0.2164700606
0.2933784257
0.2797353681
0.254925603
0.259638909
0.22689642
0.2426096677
0.1989009777
0.3668755164
0.3369929896
0.2807884283
0.2764786305
0.2258460894
0.1698367608
0.05850073734
0.4459371448
0.3916099461
0.2873069133
0.2650752594
0.1372600776
0.1052216875
-0.0007339165848
0.495516596
0.4293350952
0.2795571087
0.2310342575
0.09979066764
0.07681928383
-0.01488474922
0.4828117776
0.4256442336
0.2630993908
0.2051923721
0.09716562695
0.05702217274
-0.02323143799
0.4473560436
0.386767454
0.2452895402
0.2250481249
0.1085707805
0.01510098637
-0.01676802588
0.411047173
0.3591685981
0.2978785329
0.1449473069
0.04791276626
0.003960543724
-0.003714171638
0.4473519689
0.3867856834
0.2455703787
0.2253549638
0.108325434
0.01513208838
-0.0165554115
0.4830265883
0.4256604492
0.2633665691
0.2054891134
0.09576136968
0.0568951296
-0.02312165839
0.4961886612
0.430118532
0.2799141047
0.2311680842
0.09957884374
0.07709250314
-0.01469381866
0.4471596872
0.3927815058
0.2875589304
0.2650604004
0.1375316348
0.1054869623
-0.0005326970988
0.3674794987
0.3370974379
0.2799744184
0.2754097071
0.2251387268
0.1697496737
0.05844216509
0.2933076795
0.2799210174
0.2550898011
0.2601239554
0.2275494123
0.2428486141
0.1980758054
0.2701214257
0.2614106377
0.2472419402
0.2469733548
0.2364293143
0.2131078284
0.2189802658
-0.0004004294769
-0.0004216935803
-0.0004397782861
-0.0004474509025
-0.0004536626466
-0.0004740322215
-0.0005301866068
-0.0005852729723
-0.0005783813821
-0.0004865889207
-0.0003331224724
-0.0002118261592
-0.0002573677934
-0.000488078382
-0.0003367792348
-0.0003993882373
-0.0004175301749
-0.0004224920584
-0.0004431394506
-0.000453637159
-0.0004469576816
-0.0004928280211
-0.0006016126281
-0.0006855080613
-0.0006590584839
-0.0005220335906
-0.0002654427343
-8.365302959e-05
-0.0002576080076
-0.0004273447068
-0.0004226221356
-0.0004128075256
-0.0004046728678
-0.000417443852
-0.0004471522352
-0.000458207019
-0.0004811398337
-0.0005648239701
-0.0006828887877
-0.0007626355482
-0.0007380922126
-0.0006084023032
-0.0003028802335
-0.0001476864103
-0.0003822551941
-0.0004347941034
-0.0004358575968
-0.0004155619792
-0.0003761855041
-0.0003805241599
-0.0004116762005
-0.0004410468797
-0.0005270092535
-0.0006392790115
-0.0007381059723
-0.0007970338758
-0.0007523628887
-0.0005871519118
-0.0002812670653
-0.0003154527891
-0.0004422016231
-0.0004494852047
-0.0004486912454
-0.000384828758
-0.0003193922486
-0.000325620763
-0.0003546865621
-0.0004175537726
-0.0005506640222
-0.0006913427685
-0.000760065763
-0.000788720103
-0.0007236168907
-0.0005049508702
-0.0003421107091
-0.0004710785076
-0.0004475686933
-0.0004644542741
-0.0004211142442
-0.0003333924642
-0.0002608160343
-0.0002630493161
-0.0003027305603
-0.0003991300962
-0.0005560579663
-0.0006803473897
-0.0007237547787
-0.0007308267907
-0.0006295441105
-0.0004248276949
-0.0005330969214
-0.0004966478506
-0.000488662831
-0.0004520104686
-0.0003678456556
-0.0002729151907
-0.0002073699432
-0.0002228485455
-0.0002862234883
-0.0003986525645
-0.0005304525049
-0.0006129202547
-0.0006455665264
-0.0006275362075
-0.0004921995505
-0.0005864350194
-0.0006007767469
-0.0005681908573
-0.0005334508133
-0.0004280119615
-0.0003182939902
-0.0002323551496
-0.0001960237095
-0.0002329397392
-0.0003132033054
-0.0004109460567
-0.0004959118584
-0.0005355771324
-0.0005535176709
-0.0005100894303
-0.0005729295653
-0.0006727573145
-0.0006729506805
-0.0006383432944
-0.0005491526465
-0.0004108333699
-0.0003004081403
-0.0002413371379
-0.0002335266666
-0.0002894293397
-0.000368861088
-0.0004353528269
-0.0004659303853
-0.0004785320591
-0.0004848637433
-0.0004767074804
-0.0006338150137
-0.0007321495487
-0.000723912752
-0.0006778641743
-0.0005498741391
-0.0004069100436
-0.000325508654
-0.0002975472854
-0.0003080962081
-0.0003664947057
-0.0004310162764
-0.000449819448
-0.0004455267568
-0.0004480819798
-0.0003283955305
-0.0005032169172
-0.0006844547024
-0.0007616229472
-0.0007353388494
-0.0006628905394
-0.0005237195554
-0.0004185096164
-0.000379512816
-0.0003747314557
-0.0003876723676
-0.0004259341383
-0.0004481696335
-0.0004445717595
-0.0004268893836
-0.0002186346007
-0.0002977379293
-0.0005617740421
-0.0007069614723
-0.0007492279899
-0.0006979605164
-0.0005996171685
-0.0004946174468
-0.0004428816516
-0.00043779203
-0.0004314859371
-0.0004297319588
-0.00043840679
-0.0004416813919
-0.0004187132789
-0.0002442502062
-0.0001879545282
-0.0003351752167
-0.0005633588763
-0.0006780754619
-0.0006901994277
-0.0006225368729
-0.0005268329231
-0.0004657349622
-0.0004534812975
-0.0004522400484
-0.0004401912361
-0.0004338651733
-0.000434505139
-0.0004107161059
-0.0003676498776
-0.0002629033374
-0.0001921642316
-0.0003125722173
-0.000497358229
-0.0006022119182
-0.0006057775058
-0.0005443157317
-0.0004772408283
-0.0004459121656
-0.0004439467294
-0.0004398230674
-0.0004321120184
-0.0004283004445
-0.0003972046673
-0.0004068077777
-0.0004627465706
-0.0003940565724
-0.000324147166
-0.0003424534944
-0.0004117902609
-0.0004748375846
-0.0004987050659
-0.0004821454078
-0.0004498573564
-0.000428168341
-0.0004165845404
-0.0004059469996
-0.000395593426
-0.0004129391897
-0.0009906479982
-0.000952380404
-0.0009536094182
-0.0009493794871
-0.0009470333853
-0.000952330574
-0.0009695021125
-0.0009939313404
-0.001006622682
-0.0009805734949
-0.000896390689
-0.0007943683134
-0.0007715165675
-0.0009309692896
-0.0008708985584
-0.0009356866648
-0.0009318528239
-0.0009266948778
-0.000914543941
-0.0009063846573
-0.0009204597992
-0.0009607599903
-0.00101000495
-0.001042232279
-0.00104835117
-0.0009788812007
-0.0008540929677
-0.000748147825
-0.0008297822401
-0.0009488970052
-0.0009434723601
-0.0009224340111
-0.00091707866
-0.0009001297003
-0.0008776220383
-0.0008924108096
-0.0009516468568
-0.001029345607
-0.001086911139
-0.001112083597
-0.001125160729
-0.001018392783
-0.0008462721175
-0.0007495799164
-0.0009100434731
-0.0009393554658
-0.0009110323363
-0.0009011384011
-0.0008990816939
-0.0008815912148
-0.000884393922
-0.0009431417787
-0.001015249192
-0.001094462247
-0.001145617355
-0.001163649361
-0.001168910776
-0.001013181422
-0.0008199536553
-0.0008558156772
-0.0009386666862
-0.0009033694702
-0.000880290719
-0.0008876608681
-0.0008846724244
-0.0008572722305
-0.0008798311572
-0.0009702992655
-0.00106756514
-0.001130799814
-0.001161708324
-0.001159542087
-0.001117516538
-0.0009563977637
-0.0008674579146
-0.0009505684589
-0.0009197563116
-0.0008933827343
-0.0008926804891
-0.0008669815055
-0.0008413980096
-0.0008099746794
-0.0008522599115
-0.0009696242236
-0.001074029925
-0.001111528765
-0.001121397694
-0.001106983403
-0.001032208174
-0.0009233845602
-0.0009712992372
-0.0009638388872
-0.0009547361467
-0.0009534624565
-0.0008958611748
-0.0008203058828
-0.0007893693828
-0.000776560335
-0.0008380622697
-0.0009644228844
-0.001041135997
-0.001050592152
-0.001051060699
-0.001026881233
-0.0009706649716
-0.0009918444774
-0.001011336052
-0.00102939729
-0.001023404586
-0.0009879273209
-0.0008697720321
-0.0007865072936
-0.0007728345716
-0.0007813661623
-0.0008587525861
-0.000955911771
-0.000981812859
-0.0009800606865
-0.0009769625593
-0.0009790680845
-0.0009945677978
-0.001035860328
-0.001080661944
-0.001086131862
-0.001071841349
-0.0009852275467
-0.0008561515426
-0.0007950488742
-0.000794459537
-0.0008230931582
-0.0008909141424
-0.0009351435541
-0.0009283993607
-0.0009277871666
-0.0009590249839
-0.0009563027261
-0.00102781507
-0.00110120271
-0.001128931159
-0.001112345071
-0.001074088122
-0.0009753926964
-0.0008750914118
-0.000836059849
-0.0008479798881
-0.0008762223198
-0.0009069401206
-0.000909452729
-0.000908665931
-0.0009390301349
-0.000872652616
-0.0009409493992
-0.001094799956
-0.001141439365
-0.001138329012
-0.001096051957
-0.001041955103
-0.0009644986865
-0.0009045455905
-0.0008844825862
-0.0008925659036
-0.0009045737659
-0.0009083868034
-0.0009162886105
-0.0009347977107
-0.0007946139567
-0.0008359372592
-0.000979387947
-0.001120497645
-0.001131129056
-0.001101561368
-0.001041772783
-0.0009830393711
-0.0009406481001
-0.0009161926469
-0.0009093057225
-0.0009069108712
-0.0009129895131
-0.0009266147441
-0.0009414902328
-0.0007931265085
-0.0007881054375
-0.0008502567667
-0.0009804197581
-0.001075559411
-0.00107828121
-0.001035864773
-0.0009763437749
-0.0009309384104
-0.000913388584
-0.0009123547961
-0.0009157092696
-0.0009219216598
-0.0009338207969
-0.0009492873976
-0.0009019197809
-0.0008490182166
-0.0007782327051
-0.0008283119216
-0.0009363509769
-0.001007681697
-0.001011950673
-0.0009725203672
-0.0009289608906
-0.0009098345331
-0.0009164466756
-0.0009262276963
-0.000932125038
-0.0009403263857
-0.0009446466373
-0.0009180955215
-0.001010732783
-0.0009124332708
-0.000863112045
-0.0008644553104
-0.0009103367143
-0.0009557665497
-0.0009705868243
-0.0009595430982
-0.0009431728004
-0.0009351826453
-0.0009357129245
-0.0009399475067
-0.000940150975
-0.000945706858
-0.003926294887
-0.003939989711
-0.004018354378
-0.004152482551
-0.004334982307
-0.004532181156
-0.004642797928
-0.004684948321
-0.004673529691
-0.004551701822
-0.004292723754
-0.004026149219
-0.003871206374
-0.003859770287
-0.003834803262
-0.003928046132
-0.004018376749
-0.004196263667
-0.004552832739
-0.005079276247
-0.005401874976
-0.005490860149
-0.00553951071
-0.005555284973
-0.005457721087
-0.005121768793
-0.004533303
-0.004098473311
-0.003917530197
-0.003882140545
-0.004008546869
-0.004197604205
-0.004606739968
-0.005281470363
-0.005568433719
-0.005667541367
-0.00570519709
-0.005761293517
-0.005803970113
-0.005768629088
-0.005651339694
-0.005345344294
-0.004594527068
-0.004100515532
-0.003935397587
-0.004137461223
-0.004552658979
-0.00529008424
-0.00561955391
-0.00570308784
-0.005726745806
-0.005749033477
-0.005791208163
-0.005853555983
-0.005896800963
-0.005864802059
-0.005720768308
-0.005318532585
-0.004503968172
-0.004062392761
-0.004321800433
-0.005070778142
-0.00557206224
-0.005718192764
-0.005727664785
-0.00573380184
-0.005741327785
-0.005767040844
-0.005821866611
-0.005901864048
-0.005919877432
-0.005858455655
-0.005625764339
-0.005071987033
-0.004276498202
-0.004523467776
-0.005386715946
-0.005648220794
-0.005731138757
-0.005743089444
-0.005746361881
-0.005742020482
-0.005741684497
-0.005759391625
-0.005829086883
-0.005881940247
-0.005881572195
-0.005758954698
-0.005426484594
-0.004518474831
-0.004637093948
-0.00548732722
-0.005691688305
-0.00575545653
-0.005756292571
-0.005740694961
-0.005731517474
-0.005735989706
-0.005735022047
-0.005768966251
-0.005805287009
-0.005827982254
-0.005782701349
-0.005534620908
-0.004655341265
-0.004672391235
-0.005539024399
-0.00575635041
-0.005802380902
-0.005796788612
-0.005754042786
-0.005720987082
-0.005725790006
-0.005731215787
-0.005751214596
-0.005764787454
-0.005774481918
-0.00574679445
-0.005530773407
-0.004680366451
-0.004654702799
-0.005559114484
-0.005799373891
-0.005837885416
-0.005836632077
-0.005801023485
-0.005745284857
-0.00572363488
-0.005721828209
-0.005743866438
-0.005752371485
-0.005751761411
-0.005706454598
-0.005492651119
-0.004640151372
-0.004520592677
-0.005458631353
-0.005798659925
-0.005869630114
-0.005868740096
-0.005848880811
-0.005801516232
-0.005763112609
-0.005743500085
-0.005751318614
-0.005753961106
-0.005746495476
-0.005678279823
-0.005401042208
-0.004513238474
-0.004262995771
-0.005078337353
-0.005676375563
-0.005870230885
-0.005888338996
-0.005866116794
-0.005824632881
-0.005791713229
-0.005765709978
-0.00575674241
-0.005745678284
-0.005728991855
-0.005593558163
-0.005090751662
-0.004307270738
-0.004032078252
-0.004488091492
-0.005306110128
-0.005714378639
-0.005861463902
-0.005862385526
-0.005819143019
-0.005786042583
-0.005764562234
-0.005749244326
-0.00572844978
-0.005635793492
-0.005306109434
-0.00456702179
-0.004126000408
-0.003906580273
-0.004117562144
-0.004557381923
-0.005284195998
-0.005637546907
-0.005771041084
-0.005775530895
-0.005741094725
-0.00570910609
-0.005680078323
-0.005594569881
-0.005306153631
-0.004615105362
-0.004200044442
-0.003997891973
-0.003892713692
-0.003976120973
-0.004116311771
-0.004483558938
-0.005051425164
-0.005431125106
-0.005540177546
-0.005527656032
-0.005490746123
-0.005403459219
-0.005095922474
-0.004564914213
-0.004195048792
-0.00400664477
-0.003917597222
-0.003861788327
-0.003925437942
-0.003961875019
-0.004074669485
-0.004263998133
-0.004501638712
-0.0046453934
-0.004674978816
-0.004639546048
-0.004515357925
-0.004306696096
-0.004115833609
-0.003983764909
-0.003902446436
-0.003871977543
-0.01247724188
-0.01260900041
-0.01275813023
-0.01282424422
-0.01196427578
-0.01130548314
-0.01119250277
-0.01126790177
-0.01120612009
-0.01128923639
-0.01186453104
-0.01270509698
-0.01265935919
-0.01254037534
-0.0123652863
-0.01258166593
-0.0127395134
-0.01271686919
-0.01124707437
-0.01048186713
-0.01023610015
-0.01019653051
-0.01022676524
-0.01025083589
-0.01028142562
-0.01045812848
-0.01115025904
-0.01262859867
-0.01265988971
-0.01250181984
-0.01273716
-0.0127141247
-0.01118691243
-0.01033320735
-0.01011022814
-0.01005267174
-0.01003273611
-0.01004524257
-0.01008614509
-0.01013287205
-0.01016960609
-0.01031754723
-0.01108700941
-0.01263184846
-0.01265053845
-0.01279983645
-0.01124096806
-0.01033524481
-0.01007233326
-0.01000978614
-0.01001131396
-0.01000786992
-0.01001326101
-0.01003664507
-0.01007362096
-0.01009516775
-0.01013323435
-0.01030369768
-0.01114343886
-0.01272191981
-0.01193561394
-0.01047384382
-0.01010422415
-0.01000827085
-0.009997205047
-0.009999100533
-0.009997721403
-0.009997907226
-0.01000288681
-0.01004506715
-0.01007206398
-0.01009027029
-0.01015038445
-0.01044739259
-0.01185967861
-0.01129340245
-0.01022660896
-0.01004084532
-0.01000541292
-0.009999935944
-0.009999417994
-0.009996574338
-0.009996095681
-0.009982794012
-0.01000401769
-0.01003065051
-0.01006711252
-0.01012221359
-0.01026397916
-0.01127357259
-0.01118846813
-0.01019152144
-0.01003010066
-0.01000621561
-0.009999828607
-0.009990184039
-0.009981187739
-0.009991470171
-0.009983289821
-0.009988209599
-0.00999117733
-0.01002339044
-0.01008658751
-0.01023938742
-0.01119910181
-0.01126624359
-0.01021910716
-0.01004374866
-0.01002139002
-0.01001491549
-0.009995181495
-0.009972516095
-0.009978780494
-0.009979785286
-0.009991731983
-0.009988244716
-0.01000237344
-0.0100529854
-0.0102287552
-0.01127214358
-0.01119582645
-0.01023298887
-0.01006686196
-0.01002584146
-0.01001743467
-0.01000966607
-0.009979497289
-0.00996654294
-0.009955802673
-0.009977949845
-0.009988269128
-0.01000154285
-0.01003235202
-0.01019459446
-0.01118078166
-0.01127106087
-0.01026776159
-0.0101051145
-0.01004853701
-0.01002594837
-0.01002460703
-0.01000925535
-0.009992729355
-0.009969721564
-0.009977970841
-0.009991057112
-0.01000759809
-0.01004031928
-0.01022586292
-0.01126758007
-0.01185093631
-0.01044939222
-0.01015541887
-0.0100732105
-0.01004725475
-0.01002601357
-0.01001160294
-0.01000828272
-0.009992029995
-0.009988405799
-0.009988455476
-0.01000181635
-0.01010161897
-0.01047684445
-0.01190625109
-0.01272602866
-0.01113689579
-0.01031409582
-0.01011511628
-0.01006671724
-0.01004473674
-0.01001649177
-0.01001234334
-0.01000978024
-0.01000651069
-0.009999611297
-0.01006324358
-0.01033569586
-0.01125305723
-0.01278624917
-0.01270103218
-0.01263964883
-0.0110673284
-0.01030240512
-0.01014014871
-0.01008840835
-0.01005359509
-0.01003555662
-0.01003154382
-0.01004375403
-0.01010139105
-0.01033232146
-0.01117508875
-0.01271756012
-0.01272883596
-0.01260464139
-0.01271817758
-0.01263250379
-0.01113205737
-0.01044364448
-0.01025350329
-0.01022119839
-0.01020998582
-0.01018805594
-0.01022457141
-0.01046964077
-0.01123327514
-0.01270437313
-0.01272344052
-0.01258531469
-0.01243642281
-0.0125919192
-0.01269567639
-0.01273675172
-0.01184755444
-0.01125670362
-0.01118574946
-0.01126004267
-0.0111752087
-0.01126422046
-0.01188977129
-0.01275249337
-0.01269562188
-0.01255534201
-0.01245410497
-0.01525174056
-0.01521241561
-0.01516780354
-0.01519637673
-0.01606111371
-0.01665103615
-0.01683383334
-0.01683836423
-0.01682626922
-0.01664356469
-0.01604701121
-0.01515746159
-0.01514954713
-0.01518418229
-0.01517977827
-0.01517629748
-0.015112484
-0.01522087856
-0.01654772497
-0.01677801493
-0.01675522403
-0.01690529817
-0.01698361354
-0.01692663206
-0.01678659941
-0.01676597545
-0.0165208945
-0.01518806144
-0.0150969464
-0.0151597437
-0.0151460422
-0.01521519196
-0.01649912887
-0.01663727832
-0.01663713093
-0.01671215758
-0.01684386941
-0.01690061769
-0.01686324606
-0.01676013725
-0.01668942448
-0.01663439268
-0.01646741866
-0.01519038704
-0.01513382881
-0.01518880234
-0.01654787647
-0.01663525231
-0.01662338477
-0.01660135207
-0.01660850861
-0.01665759584
-0.01668078213
-0.01664063306
-0.01661002586
-0.01664196666
-0.01667426218
-0.01663812096
-0.01655341762
-0.01517005379
-0.01606551525
-0.01677893704
-0.01662895932
-0.0165917662
-0.01655710449
-0.0165487513
-0.01654841978
-0.01655151245
-0.01652903177
-0.01653647951
-0.01657185286
-0.01664195443
-0.01668495276
-0.01679246062
-0.01607280378
-0.0166414814
-0.01674850923
-0.01669966238
-0.01659578791
-0.01654568897
-0.01651211052
-0.01649441728
-0.01651111965
-0.01651030905
-0.01651362863
-0.01653066402
-0.01660208841
-0.01675875899
-0.01679439413
-0.016641679
-0.016815104
-0.01689125254
-0.01683312458
-0.01664688747
-0.01654247676
-0.01650498068
-0.01646989793
-0.01647397159
-0.01648308152
-0.01650140138
-0.01652044561
-0.0166277874
-0.01687001214
-0.01693393775
-0.0168054625
-0.01682268633
-0.0169661968
-0.01688843575
-0.01667181363
-0.01653713847
-0.01650569425
-0.01647826358
-0.01646959204
-0.01646240685
-0.01648577139
-0.01652311127
-0.01665503692
-0.01689799327
-0.01698157755
-0.01679887926
-0.01681496116
-0.01689839128
-0.01683960138
-0.01663471692
-0.01652313019
-0.01649232183
-0.01646690524
-0.01645817
-0.01644146354
-0.01646749234
-0.01651579226
-0.01662608181
-0.01682219775
-0.01688038358
-0.01678665611
-0.01664122514
-0.01675361855
-0.01671477795
-0.01659237573
-0.01653881433
-0.01650796181
-0.0164821768
-0.01647285265
-0.01645817184
-0.01647943647
-0.01652199568
-0.01658185631
-0.01668199336
-0.01672740393
-0.01661273012
-0.01606769892
-0.01676975275
-0.01664923243
-0.01660647099
-0.01656319028
-0.01653378569
-0.01651524253
-0.01651247037
-0.01650207331
-0.01651328506
-0.01653436532
-0.01657987421
-0.01662281316
-0.01677583835
-0.01604497917
-0.01516763269
-0.01656464444
-0.0166389328
-0.0166408848
-0.01660154031
-0.01657380277
-0.01661566636
-0.01665052594
-0.01662184703
-0.01657621834
-0.01657564749
-0.01661765987
-0.01664677449
-0.01657436011
-0.01517964586
-0.01514415743
-0.01520008843
-0.01649792202
-0.0166391979
-0.01665364464
-0.01670596964
-0.01682575978
-0.01687118528
-0.01681468448
-0.01668121396
-0.01662131226
-0.01664420662
-0.01652709287
-0.01522616322
-0.01514776756
-0.01518774916
-0.01509194182
-0.01518245412
-0.01655807201
-0.01678638457
-0.01676418238
-0.01690020926
-0.01695629091
-0.01686876626
-0.01672181214
-0.01676632897
-0.01656336549
-0.01522150028
-0.01510385172
-0.01520235589
-0.01523108886
-0.01519508607
-0.01513710371
-0.0151654945
-0.0160724918
-0.0166340631
-0.01679392479
-0.01678702143
-0.01677757848
-0.01660875449
-0.01604030122
-0.01516073362
-0.01512782937
-0.01518455279
-0.01527331819
-0.01922899808
-0.019204319
-0.01902324631
-0.01863531784
-0.01833192231
-0.01813207114
-0.01790023982
-0.01782300235
-0.01789958433
-0.01813896248
-0.01833356955
-0.01863685218
-0.01905336702
-0.01921698577
-0.01921573068
-0.01917561045
-0.01894353836
-0.01845437088
-0.01804744449
-0.0183562935
-0.01809692604
-0.01787468381
-0.01783036163
-0.01789041357
-0.01813396325
-0.01837871078
-0.01804745646
-0.01846450115
-0.01896621457
-0.0192014507
-0.01900728725
-0.01845147183
-0.01808683691
-0.01823429304
-0.01828743404
-0.01811609148
-0.01796361503
-0.01796194026
-0.01798241134
-0.01816000474
-0.01834834154
-0.01828402418
-0.01809997522
-0.01846687078
-0.01903428228
-0.0186345586
-0.01804958061
-0.01823333774
-0.01819979563
-0.01835942263
-0.01846830221
-0.01825519432
-0.01820810525
-0.01824839813
-0.01846615804
-0.01840149148
-0.01826675856
-0.01829091701
-0.0180691117
-0.01864566715
-0.01833331985
-0.01835876068
-0.01827958158
-0.01835187606
-0.01845483345
-0.01847010451
-0.01846580132
-0.01847307154
-0.01845945601
-0.01846304827
-0.01846338655
-0.01840170477
-0.01835382062
-0.01839764864
-0.01834611504
-0.01812504861
-0.01808488291
-0.01810135926
-0.01845655699
-0.01847124613
-0.01845971718
-0.01844130194
-0.01845600383
-0.01846267223
-0.01846883899
-0.01846293022
-0.0184606168
-0.01815982216
-0.01814136466
-0.01814606655
-0.01788609187
-0.01785533978
-0.01794609754
-0.01824219996
-0.01846410122
-0.01846082174
-0.01843006182
-0.01842778219
-0.01843258741
-0.01845739949
-0.01845963761
-0.01824666909
-0.01798790143
-0.01790099996
-0.01790177079
-0.01780663129
-0.01780713798
-0.01793807284
-0.01818927116
-0.01845023012
-0.01845442807
-0.01843973149
-0.01843644166
-0.01842262284
-0.01844061368
-0.01845615219
-0.01820804947
-0.01796657383
-0.01783384492
-0.01781752332
-0.01788546223
-0.01786455616
-0.01795156505
-0.01823289239
-0.01843841157
-0.01843115522
-0.01841381421
-0.01841953314
-0.01840992164
-0.01842691111
-0.01844627705
-0.01825189704
-0.0179629
-0.01786574545
-0.01788353821
-0.01813054155
-0.0181111548
-0.0181251495
-0.01845088074
-0.01845938915
-0.01844668443
-0.01842211901
-0.01842193808
-0.01842110817
-0.01844000754
-0.01845740436
-0.01845924914
-0.01812083738
-0.0180888576
-0.01811216691
-0.01833003722
-0.01837667728
-0.01833051233
-0.01838641655
-0.01845728614
-0.01845715904
-0.01843585414
-0.01842973441
-0.01842810876
-0.01844861809
-0.01844844648
-0.01839170216
-0.01831695793
-0.01836767858
-0.01831834228
-0.01862619025
-0.0180658191
-0.01829237437
-0.01825181966
-0.01838392579
-0.01843757084
-0.01823126358
-0.01819191244
-0.01824009643
-0.01845118086
-0.01838812121
-0.01824505122
-0.01828671566
-0.01807427963
-0.01863134471
-0.01902156303
-0.01846523056
-0.01811715588
-0.01829259596
-0.01833234614
-0.01812029762
-0.01795524598
-0.01794856224
-0.01795551817
-0.01811810356
-0.01831693131
-0.01828769317
-0.0181318764
-0.01848177607
-0.01902770171
-0.01919732238
-0.01894684208
-0.01845537107
-0.01806093908
-0.01838416591
-0.01811869868
-0.01788168882
-0.01782244253
-0.01785977292
-0.0180878142
-0.01836445736
-0.01806894642
-0.01848065506
-0.0189730294
-0.01922543735
-0.01923018764
-0.01921327271
-0.01902271409
-0.01862618792
-0.01833472494
-0.01813878704
-0.0178995028
-0.01781445444
-0.01788183943
-0.0181144512
-0.01831950024
-0.0186263363
-0.01901799951
-0.01921862232
-0.01926889532
-0.02100702281
-0.02117591993
-0.02174740233
-0.02229405401
-0.02262600737
-0.02284656707
-0.02299655051
-0.02301298682
-0.023005528
-0.02286639536
-0.02264515539
-0.02231822322
-0.02180393493
-0.02121205062
-0.02101772918
-0.02115116677
-0.02181723339
-0.02246124592
-0.02281038914
-0.02264435572
-0.02294439685
-0.02291278441
-0.02281319571
-0.0229259947
-0.02297064102
-0.022678814
-0.02283058604
-0.02250260849
-0.02187282022
-0.02120829351
-0.02174561385
-0.02246475274
-0.02291325858
-0.02290573164
-0.022799103
-0.02278647153
-0.02258768567
-0.02245448464
-0.02260450916
-0.02281976088
-0.02283540615
-0.02293521186
-0.02293973836
-0.02251614878
-0.02180388058
-0.02230217909
-0.0228163839
-0.02290420399
-0.02288600063
-0.02265685376
-0.0224287064
-0.02238587573
-0.02231243164
-0.02238625099
-0.02244247284
-0.02267843386
-0.02292731219
-0.02294792722
-0.02285223133
-0.02234372882
-0.0226324339
-0.02264860411
-0.02279309487
-0.02264804113
-0.02243397355
-0.02237229488
-0.02234870389
-0.02235091771
-0.02235485827
-0.02237909165
-0.02244959559
-0.02267838886
-0.02285005743
-0.02270002562
-0.02266963625
-0.02284533978
-0.02293999862
-0.02277378306
-0.02241865634
-0.02237819247
-0.02239137068
-0.02237420001
-0.02237372507
-0.02237650755
-0.02239416046
-0.0223861933
-0.02244264996
-0.02282527592
-0.0229915782
-0.02289154982
-0.02298742479
-0.02289987129
-0.02257032821
-0.02237371388
-0.02235570559
-0.02239341307
-0.02238174587
-0.02237706134
-0.02236485428
-0.02239022062
-0.02237537413
-0.02239853821
-0.02260893951
-0.02294402725
-0.02302698196
-0.02299986495
-0.02279527152
-0.022429818
-0.02229465181
-0.02233626364
-0.02237877772
-0.02238458091
-0.02240137983
-0.02238626804
-0.02239425933
-0.02237030106
-0.02232221169
-0.02245898562
-0.02282308545
-0.02302190035
-0.02299345613
-0.02291068945
-0.02257300123
-0.02236210324
-0.02232899668
-0.02235268329
-0.02234744582
-0.02237570686
-0.02238245121
-0.02239145917
-0.02236687097
-0.02239637699
-0.02259602741
-0.02291920208
-0.0229951094
-0.02285534135
-0.02296269453
-0.02279255569
-0.02241660838
-0.02235923197
-0.02236900376
-0.02235648743
-0.02237199919
-0.02238781389
-0.02240449993
-0.02239619608
-0.02245577487
-0.02280278489
-0.02295384468
-0.02283903304
-0.02262715232
-0.0226730386
-0.02281097932
-0.02264822744
-0.02242543491
-0.02236481383
-0.02234225124
-0.02233885745
-0.02234894849
-0.02238763191
-0.02245889175
-0.02266477915
-0.02281013994
-0.0226712659
-0.02261852276
-0.02229530768
-0.02281786618
-0.02291640347
-0.02290008555
-0.02264708563
-0.02242022066
-0.02237775334
-0.02230757757
-0.02238336939
-0.02244608859
-0.02266026618
-0.02290836304
-0.02292622308
-0.0228441054
-0.02229703542
-0.02176496499
-0.0224905184
-0.0229355201
-0.02292073599
-0.02281302068
-0.0227915852
-0.02258568933
-0.02244763617
-0.02259018849
-0.02279690006
-0.02280602831
-0.02292387549
-0.02294772283
-0.02249751632
-0.02176931702
-0.02118351231
-0.02183874202
-0.02249417936
-0.02282754778
-0.02267653997
-0.02297050834
-0.02293412752
-0.02281857462
-0.02291696799
-0.02295237969
-0.02267161064
-0.02283795126
-0.02249213094
-0.02185929073
-0.02122823085
-0.02103583691
-0.0212093149
-0.02177576332
-0.02230907932
-0.02264389745
-0.02287608108
-0.02302084871
-0.02301956968
-0.02299448009
-0.02284037912
-0.0226148995
-0.02228642888
-0.02175249826
-0.02121191367
-0.02107660203
-0.02565752046
-0.02543588168
-0.02488600221
-0.02450151786
-0.02436206477
-0.02438388158
-0.02440889838
-0.02452372796
-0.02441849716
-0.02440440622
-0.02438545219
-0.02453008267
-0.02493903159
-0.025462262
-0.02567009058
-0.02541965966
-0.02476158309
-0.02426484149
-0.02417863794
-0.02414571365
-0.02437319917
-0.02477363627
-0.02501320828
-0.02478086323
-0.02439351405
-0.02417888618
-0.02422180129
-0.02431579533
-0.02481367017
-0.02546908919
-0.02489072838
-0.02426953769
-0.02401142158
-0.02401462506
-0.02423592002
-0.0245881908
-0.02501618024
-0.0252528448
-0.02501949118
-0.02459802397
-0.02425839571
-0.02405264201
-0.02405656844
-0.02433093487
-0.02494319699
-0.02451234957
-0.02419020491
-0.02401758362
-0.02428495195
-0.02452452889
-0.02482199024
-0.02514025353
-0.02532025696
-0.02513552596
-0.02481504886
-0.02452887871
-0.02431654071
-0.02406881817
-0.02425549929
-0.02456029725
-0.02436847198
-0.02415180147
-0.02422852237
-0.02451040299
-0.024768693
-0.0249189258
-0.02491214847
-0.02492627717
-0.02490971734
-0.02491407132
-0.02477366198
-0.02453718682
-0.02427972848
-0.02420975338
-0.02441631004
-0.02438318298
-0.02437105902
-0.02457281438
-0.02480296576
-0.02491819108
-0.02494450868
-0.02492562586
-0.02492855687
-0.02491822054
-0.02493956739
-0.02492112146
-0.02482501169
-0.02461392057
-0.02442247739
-0.02443459509
-0.02440656147
-0.02477055751
-0.0250050474
-0.02513158729
-0.02491393207
-0.02493126937
-0.02491981942
-0.02492937335
-0.02491092436
-0.02493724316
-0.02493077828
-0.02514411244
-0.02502641815
-0.02480113954
-0.02444436481
-0.02452374339
-0.02501259722
-0.02524389101
-0.0253122266
-0.02491763588
-0.02492624134
-0.02492513153
-0.02495479222
-0.02494418958
-0.02496052535
-0.02495221616
-0.02532271834
-0.0252513785
-0.0250213955
-0.02453366543
-0.02441414778
-0.02478152108
-0.02500904502
-0.02512025193
-0.0248900273
-0.02490161761
-0.02489202991
-0.02492727163
-0.02493323483
-0.02495409174
-0.02493650467
-0.02514558054
-0.02501188795
-0.02476968482
-0.02439600828
-0.02438973354
-0.0243960138
-0.02459386595
-0.02480069248
-0.02489184517
-0.02491951909
-0.02491227958
-0.02493792013
-0.02494572584
-0.02496656869
-0.0249402555
-0.02482700705
-0.02457730644
-0.02436090389
-0.02435517128
-0.02435780966
-0.02417160498
-0.02425921447
-0.02451879016
-0.02474968587
-0.02489736122
-0.02490476508
-0.02492822393
-0.02491957958
-0.02493084827
-0.02478135292
-0.02451624967
-0.02422473635
-0.02414248772
-0.02433085171
-0.02449983789
-0.02420797373
-0.02404132906
-0.02430085405
-0.02452058695
-0.02480754389
-0.0251304682
-0.02531454153
-0.02513503789
-0.02481706707
-0.02451228033
-0.02427389865
-0.02400944354
-0.02418808594
-0.02448204808
-0.02490103286
-0.02429288784
-0.0240445781
-0.02404739304
-0.02426097681
-0.02459558009
-0.02501595607
-0.02524479701
-0.02500402035
-0.02456908887
-0.02421987327
-0.02400629304
-0.0240084322
-0.02427066379
-0.02489410454
-0.02543650614
-0.02477342697
-0.02429804961
-0.02422662773
-0.02418707225
-0.02440822913
-0.02479734328
-0.02501878491
-0.02476374869
-0.02435309827
-0.02413492152
-0.02417603478
-0.02426270442
-0.02477871379
-0.025477795
-0.0256797085
-0.02545676178
-0.02491193846
-0.02452053461
-0.02438252245
-0.02441148714
-0.02443416717
-0.02453009843
-0.02439446973
-0.02435259133
-0.02432177922
-0.02446501276
-0.02487121414
-0.02545459556
-0.02570954652
-0.02932751253
-0.02994295441
-0.0304054969
-0.03064297636
-0.03060984493
-0.03054142642
-0.03024009556
-0.03000402065
-0.03024238802
-0.03054990521
-0.03062275378
-0.03065876781
-0.03043801333
-0.0299559184
-0.02931861688
-0.02993795971
-0.03051836139
-0.03074863665
-0.03093402842
-0.03087478943
-0.03052922299
-0.02999809563
-0.02969392567
-0.02999590488
-0.03053075016
-0.03088776002
-0.03095955991
-0.03077811203
-0.03054512718
-0.02995864426
-0.03041485095
-0.03075635653
-0.0308514817
-0.03071654399
-0.03058465152
-0.03033573081
-0.0298567033
-0.02959119838
-0.02984675435
-0.03031781967
-0.03058086918
-0.03073733614
-0.03087871236
-0.03079507925
-0.03044084379
-0.03065722673
-0.0309487268
-0.03072331045
-0.03054674021
-0.03041057566
-0.03032424585
-0.03001033106
-0.0298691063
-0.0299964629
-0.03029365981
-0.03038363123
-0.03054938968
-0.03074743237
-0.03098430531
-0.03067857895
-0.03061704337
-0.03088507683
-0.0305831889
-0.03040140378
-0.03034115876
-0.03026482592
-0.03006818349
-0.03008103868
-0.03005587838
-0.03023979541
-0.03031871283
-0.03039459106
-0.03059607142
-0.03090503706
-0.03063718543
-0.03053824763
-0.03052845846
-0.03032526879
-0.03031376666
-0.03025461658
-0.03019363195
-0.03012636162
-0.03016049338
-0.03011854435
-0.03018459517
-0.03024439669
-0.03030218083
-0.03032469772
-0.03053601762
-0.03055110323
-0.03022604201
-0.02998847426
-0.02984751955
-0.03000787516
-0.03006133324
-0.03011481617
-0.03010375159
-0.03015277314
-0.03011463938
-0.03013594688
-0.0300680983
-0.02999136491
-0.02983210667
-0.02997651771
-0.03022151893
-0.02998469616
-0.02967864618
-0.029577945
-0.02986495905
-0.03007977252
-0.0301481014
-0.03013816489
-0.03018762967
-0.03017208472
-0.03019576944
-0.03010401835
-0.02985094557
-0.0295554088
-0.02964862511
-0.02995311864
-0.03022371132
-0.02998464881
-0.02983453583
-0.02998660875
-0.0300443819
-0.03010952571
-0.03009864898
-0.0301542368
-0.03013281905
-0.03015962195
-0.03007890544
-0.02998655956
-0.0298157055
-0.0299458989
-0.03017384858
-0.03053004862
-0.03052673809
-0.03031622886
-0.03028656263
-0.03021522236
-0.030168604
-0.03012452383
-0.03017895462
-0.03014770968
-0.03020308356
-0.03024189166
-0.03028514283
-0.03028974179
-0.0304792465
-0.03047681152
-0.03059223222
-0.03087655135
-0.03058745874
-0.03038277994
-0.0303009637
-0.0302183094
-0.03005297085
-0.03009294266
-0.0300660864
-0.03023441589
-0.0303033944
-0.03036315162
-0.03053502629
-0.03082831971
-0.03055072386
-0.03062547532
-0.03094484707
-0.03073791591
-0.03054103868
-0.0303841845
-0.03029056759
-0.02998440696
-0.02984700256
-0.02998110261
-0.03028273024
-0.03036234588
-0.03049726408
-0.03067324261
-0.03090153219
-0.03059571417
-0.0303955827
-0.03076162733
-0.03087444791
-0.03073551315
-0.0305834878
-0.03031169046
-0.02982708304
-0.02955534981
-0.0298163586
-0.03028853668
-0.03053407936
-0.03067342183
-0.03081247464
-0.03071718404
-0.03037927831
-0.02991549019
-0.03049781115
-0.03075905746
-0.03095344025
-0.0308852821
-0.03052624103
-0.02997700476
-0.02965420431
-0.02995085645
-0.03047895165
-0.03082687919
-0.03089566822
-0.03071619212
-0.0304949726
-0.02995078514
-0.02931730314
-0.02993150352
-0.03040029704
-0.0306386481
-0.03060761954
-0.03053323735
-0.03021676235
-0.02995901146
-0.03018334257
-0.0304807031
-0.03055039792
-0.03058809914
-0.03036396172
-0.02993139641
-0.02935891392
-0.03369036088
-0.03316886998
-0.03289042855
-0.03293743708
-0.03308453882
-0.03316820735
-0.03365634022
-0.03401308007
-0.03365568379
-0.03317394214
-0.03308234944
-0.03294272124
-0.03290625453
-0.03314719275
-0.03366523384
-0.03315531478
-0.03266971907
-0.03248503852
-0.03240557096
-0.03266546415
-0.03308388313
-0.03371948182
-0.03409525358
-0.03371282736
-0.03307861519
-0.03266925286
-0.03242181857
-0.03250418789
-0.03269151486
-0.03314223701
-0.03289374897
-0.03248648073
-0.0327169922
-0.03288393564
-0.03294304848
-0.03323224026
-0.03372418513
-0.03404593758
-0.03370525666
-0.03320615928
-0.03292510329
-0.03288096093
-0.03271937944
-0.03250139572
-0.03289509858
-0.0329446072
-0.03241520644
-0.0328886175
-0.03306390483
-0.03303928601
-0.03311133848
-0.03345976247
-0.03366823151
-0.03343570193
-0.03306650345
-0.03300042354
-0.03304545351
-0.03288843426
-0.03243883431
-0.03295231192
-0.03309135699
-0.03267332771
-0.03294551517
-0.0330370612
-0.03286308928
-0.03287706109
-0.03307071652
-0.03298968613
-0.03305704406
-0.03284305853
-0.03281987799
-0.03300872081
-0.03293207497
-0.03268230315
-0.03309372499
-0.03317135415
-0.03308646805
-0.03322847431
-0.03310555209
-0.03287534042
-0.03286185681
-0.03291207055
-0.03295547592
-0.03290825432
-0.03285204368
-0.0328481189
-0.03307775428
-0.0332139968
-0.03308438524
-0.03317891402
-0.03366004314
-0.03372092854
-0.03371872457
-0.03345859174
-0.03306983048
-0.03290435447
-0.03284496387
-0.03290179008
-0.03285627079
-0.03292164909
-0.03306455971
-0.03343255762
-0.03369775672
-0.03370370806
-0.03364337978
-0.03402157877
-0.03410399039
-0.03403922509
-0.03366370175
-0.03298493988
-0.03294445247
-0.03289184636
-0.03294266305
-0.03291693229
-0.03298003302
-0.03300011385
-0.03364748523
-0.0340184797
-0.03407757582
-0.03399245315
-0.033653994
-0.03371010457
-0.03369647947
-0.03342709622
-0.03304279812
-0.03289716826
-0.03284266832
-0.0329045649
-0.03286471725
-0.03293389376
-0.03306144943
-0.03342703477
-0.03368197414
-0.03367914143
-0.03361091618
-0.03315544939
-0.0330644097
-0.03319879856
-0.03306202757
-0.0328275611
-0.03283545358
-0.0329095806
-0.03296705675
-0.0329252146
-0.03284830221
-0.03284031129
-0.03306156146
-0.03317246668
-0.03302038555
-0.03310230436
-0.03304841692
-0.03264479929
-0.03291760328
-0.03299568124
-0.0328073536
-0.03283189635
-0.03305173702
-0.03299060026
-0.03305364265
-0.03283786576
-0.03281388951
-0.03297575418
-0.03287066717
-0.03260075867
-0.0330068793
-0.03290236101
-0.0324021214
-0.03287303647
-0.03303034832
-0.03299229399
-0.0330634247
-0.03342553922
-0.03364441925
-0.03342291038
-0.03305935256
-0.03297579408
-0.03299838011
-0.03282891304
-0.03236539498
-0.03287253101
-0.03287011393
-0.03248276702
-0.03271180321
-0.03286677258
-0.03291354434
-0.03319896407
-0.03369252237
-0.03401997073
-0.03368169263
-0.03317182652
-0.03287327379
-0.03282855074
-0.03266267386
-0.03246138741
-0.03287416564
-0.03312460931
-0.03267284231
-0.03248285576
-0.0324098666
-0.03265500699
-0.03306998304
-0.03370797562
-0.03409516802
-0.03368624353
-0.03302485448
-0.03260258975
-0.03236249869
-0.03246079262
-0.03268477018
-0.0331881969
-0.03367647657
-0.03313777068
-0.03287127968
-0.03291019869
-0.03305695181
-0.03316051585
-0.03364745787
-0.03400645404
-0.0336295204
-0.03311778383
-0.03301169605
-0.03286457896
-0.03285981543
-0.03316579331
-0.03373529858
-0.03803885403
-0.03883283384
-0.03891663582
-0.03899765986
-0.0389899194
-0.03917018562
-0.0382899034
-0.03761734681
-0.03829010903
-0.03917440502
-0.0389980613
-0.03901345923
-0.03893929878
-0.03883382906
-0.03802176638
-0.03882484996
-0.03926478371
-0.03946109045
-0.03919907724
-0.03879822325
-0.03863185524
-0.03800089573
-0.03759449494
-0.03800008118
-0.03864123521
-0.03881877978
-0.03922533356
-0.03948429083
-0.03928321611
-0.03883017914
-0.03892813612
-0.03946734081
-0.03856624676
-0.038380136
-0.03826843611
-0.03818351959
-0.03788341455
-0.0377880361
-0.03787599357
-0.03817548786
-0.03827039724
-0.03839894062
-0.03858432847
-0.03948924266
-0.03893457096
-0.03901292624
-0.0392134207
-0.03838643721
-0.03817852782
-0.03835378908
-0.03848487016
-0.03832767256
-0.03832224272
-0.03831300796
-0.03846220025
-0.03833424344
-0.03817867256
-0.03840040671
-0.03923693484
-0.03902386514
-0.03900171129
-0.03880804791
-0.03826901842
-0.03835193149
-0.03858646293
-0.03871567741
-0.03859249593
-0.03866587364
-0.03858437204
-0.03870005782
-0.03856319046
-0.03834459277
-0.03827842957
-0.03882977501
-0.03901323742
-0.03917950935
-0.03863661782
-0.03818178353
-0.03848343026
-0.03871797382
-0.03875891961
-0.03848258994
-0.03855498907
-0.03848496407
-0.03875751455
-0.03870732675
-0.03847679425
-0.03818694375
-0.03865191829
-0.03918490514
-0.03829440477
-0.03799914504
-0.03788300314
-0.03832868933
-0.03859400647
-0.03848583098
-0.03822575496
-0.03840692901
-0.03823344761
-0.03849690859
-0.03860131832
-0.03832564277
-0.03788033379
-0.03799882927
-0.03828273306
-0.03759733155
-0.03755480345
-0.03778583867
-0.0383225929
-0.0386593382
-0.03855168883
-0.03840629179
-0.03848124801
-0.03841240223
-0.0385656462
-0.03867064399
-0.03833065755
-0.03778018636
-0.0375371657
-0.03756183993
-0.03828578683
-0.03800596303
-0.03788328746
-0.03832043035
-0.03858450591
-0.03847045221
-0.03822004957
-0.03840846551
-0.03822609857
-0.03848347539
-0.03860752502
-0.03833814531
-0.03787788935
-0.03797828075
-0.03824652931
-0.03917749673
-0.03866148325
-0.03819608437
-0.03848252709
-0.03871011525
-0.03875268022
-0.03847967918
-0.03855796765
-0.03848154179
-0.03876385755
-0.03872885049
-0.03849427058
-0.03817588222
-0.03861300849
-0.03912681316
-0.03899571713
-0.03884009715
-0.03830050427
-0.03836064347
-0.03857662751
-0.03871402634
-0.03859585845
-0.03866334346
-0.03860200695
-0.03872791458
-0.0385931647
-0.03835093783
-0.03825878356
-0.038790652
-0.03894971355
-0.03900832249
-0.03924757325
-0.03842503388
-0.03819969468
-0.03835980324
-0.03848646895
-0.03833127085
-0.03833289396
-0.03833552565
-0.03849209732
-0.03835169878
-0.03816814261
-0.03837591825
-0.03920940207
-0.0389774715
-0.03892431087
-0.03949525873
-0.03861319031
-0.03841901945
-0.03829660756
-0.03819642426
-0.03788813784
-0.0377867702
-0.03788373528
-0.03817687315
-0.03826152131
-0.0383785252
-0.03856324021
-0.03947019419
-0.03892262519
-0.03881667502
-0.0392682249
-0.03949053251
-0.0392476908
-0.03884381806
-0.03866498474
-0.03800911963
-0.03752625152
-0.03798938266
-0.03862310481
-0.03879991042
-0.03921186598
-0.03946907899
-0.03928841442
-0.0388707283
-0.03803271512
-0.03883262955
-0.03892538123
-0.03901108289
-0.03900306547
-0.03918316687
-0.03829075651
-0.03757841482
-0.03827238503
-0.03914465273
-0.038959841
-0.03897592028
-0.03891099401
-0.03885332538
-0.03809918032
-0.04319246334
-0.04289072667
-0.04302603281
-0.04312835435
-0.04287266349
-0.04228661049
-0.04338570173
-0.04352947685
-0.04338591977
-0.0422864643
-0.04287304172
-0.04314386874
-0.04304167968
-0.0428855251
-0.04316747528
-0.04288254498
-0.04277105233
-0.0430652739
-0.04337465424
-0.04347088088
-0.04301795633
-0.04348195516
-0.04387085268
-0.04347898034
-0.04301265541
-0.04347719857
-0.04340514043
-0.04308821411
-0.04277501633
-0.04287737247
-0.04303875671
-0.04307152788
-0.04354540781
-0.0436487785
-0.04354009899
-0.04322668407
-0.0430555088
-0.04318314475
-0.04304415659
-0.0432119365
-0.043539728
-0.04367436034
-0.04357896854
-0.04308570877
-0.04302993085
-0.04315171066
-0.04338419373
-0.04365175941
-0.04365207423
-0.04299954778
-0.04261277037
-0.04230256253
-0.04229749298
-0.04228472824
-0.04258008964
-0.04297616878
-0.0436564272
-0.04367957712
-0.04341201685
-0.04315562608
-0.0428872457
-0.04348087877
-0.04354590168
-0.04300186497
-0.04241330738
-0.04217004047
-0.04191545203
-0.04193736735
-0.04190450988
-0.04214489503
-0.04238674208
-0.04299323737
-0.04355697653
-0.04350108928
-0.04289651809
-0.04229415907
-0.04302197893
-0.04323109296
-0.04261527051
-0.04217228069
-0.04210769716
-0.0419424
-0.04157146558
-0.04194105168
-0.04210027492
-0.04216284297
-0.04261252745
-0.04323850261
-0.04302986056
-0.0423037199
-0.0433918763
-0.0434883793
-0.04306251002
-0.04230707636
-0.04191871571
-0.04194652318
-0.0418599068
-0.04140304905
-0.04186516182
-0.04195721673
-0.04192914842
-0.04231346247
-0.04307041019
-0.04348886984
-0.04338943852
-0.04353997577
-0.04389424082
-0.04321583591
-0.04230404513
-0.04193326793
-0.04156852583
-0.04140359687
-0.04141265972
-0.0414067923
-0.04158227186
-0.04195573015
-0.04231853814
-0.04322569893
-0.04388274635
-0.04352528026
-0.04338427746
-0.04348715817
-0.043060616
-0.04229101958
-0.04189876207
-0.04192435012
-0.04184895822
-0.0414029828
-0.041849276
-0.04193339709
-0.04191818236
-0.04230954327
-0.04306437343
-0.04346396736
-0.04335085687
-0.04228762116
-0.04301819626
-0.04322522304
-0.04258849709
-0.0421425199
-0.04208603196
-0.041934413
-0.04157224097
-0.04192972656
-0.04209152874
-0.04215828632
-0.04260414098
-0.04321883754
-0.04299134077
-0.04224800246
-0.04286976507
-0.04347602695
-0.04354610035
-0.04298216502
-0.04238560882
-0.04215368561
-0.04191714049
-0.04194464287
-0.04191327895
-0.04215692013
-0.04239502798
-0.04298418264
-0.04352774948
-0.0434516531
-0.04283638346
-0.04313318878
-0.0433906583
-0.04368457623
-0.04365715631
-0.04298942833
-0.04260800026
-0.04231460599
-0.04232005947
-0.04230912658
-0.04260427626
-0.04298436364
-0.04365125499
-0.04365685003
-0.04337793035
-0.04311398681
-0.04302823429
-0.04307239775
-0.04358764059
-0.04368992072
-0.04355573739
-0.04323936031
-0.0430773517
-0.04323979421
-0.04307033754
-0.04322287652
-0.04353080737
-0.04365859507
-0.04356355383
-0.04308249675
-0.04304864163
-0.04287691073
-0.04276109044
-0.04307425839
-0.04339717549
-0.04349151911
-0.04302922198
-0.04350167907
-0.04390972489
-0.04348563119
-0.04300462879
-0.0434567709
-0.04336861136
-0.04307540596
-0.04281263032
-0.0429360245
-0.04320131687
-0.04288840049
-0.04302635639
-0.04313948052
-0.04288603239
-0.04230167018
-0.04339938542
-0.04354359851
-0.04338151305
-0.04227248821
-0.04285341764
-0.04312066412
-0.04303742585
-0.04292404894
-0.04326914925
-0.04896437802
-0.04870355025
-0.04807908605
-0.04782876201
-0.04771130299
-0.04799183383
-0.04640078706
-0.04634425771
-0.04640070825
-0.04798403761
-0.04771238127
-0.04784635795
-0.04811337401
-0.04871357771
-0.04895675555
-0.04871598442
-0.04811931474
-0.04657180463
-0.04640406197
-0.04672133164
-0.04690728278
-0.04661461363
-0.04644944401
-0.04661824932
-0.04690930847
-0.0467431716
-0.04645318079
-0.04680639106
-0.04814498418
-0.04872489357
-0.04809911355
-0.04656373814
-0.0461287679
-0.04614921378
-0.04670554228
-0.0471871336
-0.04714908136
-0.04697305009
-0.04714600745
-0.04718489713
-0.04672131262
-0.04619179441
-0.04617306858
-0.04682364551
-0.04811467276
-0.04785192673
-0.04642114537
-0.04616007857
-0.04695379986
-0.04723738278
-0.04740220835
-0.04739925037
-0.04742005616
-0.04739376817
-0.04739574343
-0.04723484105
-0.04697116457
-0.04619321044
-0.04647387994
-0.04787244581
-0.04772980882
-0.04674117892
-0.04671566939
-0.04724034047
-0.04717976797
-0.04714710997
-0.04716091832
-0.04737732132
-0.04715384664
-0.04714231441
-0.04717718765
-0.04724573497
-0.04673724676
-0.04677758652
-0.047750345
-0.04800610802
-0.04692189623
-0.04719499254
-0.04740736402
-0.04715098188
-0.04712027561
-0.04717709754
-0.04746155062
-0.04717098391
-0.04712058493
-0.04715631504
-0.04741441777
-0.04721207776
-0.04694697694
-0.04802264228
-0.04640775093
-0.04662532088
-0.04715551035
-0.0474034854
-0.04716337377
-0.04718012097
-0.04713026526
-0.04722505721
-0.04712516707
-0.04718343074
-0.04717168286
-0.04740711483
-0.04716164616
-0.04663297735
-0.04640642728
-0.04634652369
-0.04646135471
-0.0469634657
-0.0474126792
-0.04737088888
-0.04745685678
-0.04722671848
-0.04724375841
-0.04722770094
-0.04746833264
-0.04738551344
-0.04741250311
-0.0469465576
-0.04643894265
-0.04632696682
-0.04640368876
-0.0466336308
-0.04715335849
-0.04739646702
-0.04715266285
-0.04716900106
-0.04712433175
-0.04722604125
-0.04713223889
-0.04718509458
-0.04716849943
-0.04739940734
-0.04713543273
-0.04659820593
-0.04637190302
-0.04797867556
-0.04692310477
-0.04720001328
-0.04741323586
-0.0471564772
-0.04712636082
-0.04718047328
-0.0474603485
-0.04718634332
-0.04713273865
-0.04715996535
-0.04740808279
-0.04718057275
-0.04688323004
-0.04794522817
-0.04771028052
-0.04674922378
-0.04672908308
-0.04725546515
-0.04719684087
-0.04716638087
-0.04717182381
-0.04738493639
-0.0471704102
-0.0471619622
-0.04719459126
-0.04724652424
-0.04670483925
-0.04671932566
-0.04768248817
-0.04784424862
-0.04645517551
-0.04619412546
-0.04697277645
-0.04725593659
-0.04742162261
-0.04741200184
-0.04742045424
-0.04740515315
-0.04741162287
-0.04724843946
-0.046957905
-0.04617274896
-0.04643913646
-0.04782950898
-0.04810204765
-0.04686295723
-0.04618061572
-0.0461945756
-0.04673554605
-0.0472114857
-0.04716543341
-0.04696312566
-0.04715204056
-0.04719192589
-0.04671259299
-0.04617757923
-0.04616424667
-0.04668250454
-0.04813260277
-0.04870810426
-0.0481327825
-0.04686697812
-0.04647010681
-0.04677239095
-0.04694362423
-0.04664744857
-0.04647444373
-0.04662679836
-0.04690471299
-0.04673298216
-0.04643819957
-0.04666405282
-0.0481833497
-0.04881226519
-0.04898060649
-0.0487239716
-0.04811454395
-0.04786969322
-0.04774411205
-0.04802272844
-0.04641977537
-0.0463516016
-0.04640354562
-0.04798332661
-0.04770221023
-0.04783378609
-0.04811894713
-0.04879582995
-0.04905492938
-0.05000843977
-0.05158815251
-0.05188135073
-0.05173445304
-0.05148426237
-0.05130274573
-0.05201955763
-0.05210014945
-0.05201819157
-0.05131304118
-0.05148641754
-0.05175287064
-0.05190047975
-0.05159094265
-0.04999248104
-0.05158457139
-0.05160703203
-0.05196376676
-0.0515597789
-0.05106065809
-0.05084068318
-0.05131349496
-0.0517705713
-0.05131774009
-0.05085881128
-0.05107789018
-0.05157021333
-0.05186354722
-0.05160405949
-0.0515793945
-0.05189058002
-0.05197683219
-0.05163664094
-0.05089215592
-0.0501603695
-0.05007107691
-0.05045743948
-0.0510813716
-0.05045763161
-0.05007624934
-0.05018152736
-0.05092257986
-0.05161629313
-0.05185082188
-0.05189044687
-0.05176027006
-0.05157431497
-0.05089173377
-0.0499745997
-0.05002477865
-0.0501755652
-0.05027399576
-0.0505901776
-0.05026681608
-0.05016882407
-0.05003952824
-0.05000979794
-0.05091998596
-0.05157399942
-0.05176599719
-0.05150384129
-0.05107305138
-0.05016246348
-0.05002404971
-0.05011098543
-0.05028896082
-0.05023575135
-0.05030555841
-0.05023228369
-0.05028289035
-0.05011755388
-0.050045775
-0.0501869381
-0.05109486637
-0.05151557568
-0.05131533079
-0.05084847579
-0.05007493396
-0.05017408737
-0.0502861481
-0.05050556917
-0.05048804346
-0.05057189753
-0.05049409665
-0.05050927604
-0.05029358516
-0.05018685892
-0.05008971105
-0.05087680302
-0.05133237751
-0.05204181295
-0.05132970117
-0.05046960275
-0.0502804852
-0.0502318481
-0.05048469965
-0.05056660116
-0.05079709314
-0.05057777906
-0.05050073749
-0.05024356297
-0.05028509498
-0.05047333494
-0.05132881495
-0.05203811236
-0.05212132874
-0.05179476245
-0.05110883849
-0.05061306475
-0.05031343234
-0.05057648951
-0.05080350711
-0.0505046315
-0.05081161382
-0.05059692794
-0.05033115889
-0.05061894207
-0.05110745809
-0.05178281054
-0.05210990611
-0.05205917985
-0.05134589355
-0.05048476758
-0.05028756942
-0.0502467273
-0.05050465083
-0.0505849968
-0.05081251941
-0.0505983352
-0.0505241246
-0.05025976578
-0.0502904103
-0.05047934621
-0.05133047858
-0.05204857397
-0.05134284747
-0.05088083345
-0.05009762341
-0.05018847109
-0.05029285875
-0.05051271493
-0.05050414919
-0.05059425704
-0.050520408
-0.05052804147
-0.05030050972
-0.05018789877
-0.05008158173
-0.0508399371
-0.05131155437
-0.05148899524
-0.05108907165
-0.0502024978
-0.05005621252
-0.05012499388
-0.05029463145
-0.05024893056
-0.0503324385
-0.05025848823
-0.05030061143
-0.05012370544
-0.05005380465
-0.05018537226
-0.05107420188
-0.05147016522
-0.05174794754
-0.05157798751
-0.05093813171
-0.05003085803
-0.0500581711
-0.05019279436
-0.05029461149
-0.05062692851
-0.05029597546
-0.05019180631
-0.05005639021
-0.05004581404
-0.05093137092
-0.05159781156
-0.05174842564
-0.05189782412
-0.0518278147
-0.05163569713
-0.05094454728
-0.05020741366
-0.05010147124
-0.05048805494
-0.05112268675
-0.05049160411
-0.05009123394
-0.05018902865
-0.05093002675
-0.05168076505
-0.05201125194
-0.05193086996
-0.05160756244
-0.05163107335
-0.05183500534
-0.05159026978
-0.05110555138
-0.05088604918
-0.05135006699
-0.05180951136
-0.05135002405
-0.05085009996
-0.05108049375
-0.05159460374
-0.05201253513
-0.05170295491
-0.05168179051
-0.05006342399
-0.05162188008
-0.05191872693
-0.05177299132
-0.05151682407
-0.05134083294
-0.05205705109
-0.05213329213
-0.05206542043
-0.05132242915
-0.05148340532
-0.05174696582
-0.05191849498
-0.05167393014
-0.05011643282
-0.06285167028
-0.05515261535
-0.05454732998
-0.05535415605
-0.05482049266
-0.05318432163
-0.05363979868
-0.05396998301
-0.05363928886
-0.05320064755
-0.05483044905
-0.05537689891
-0.05456873633
-0.05514646272
-0.06286986701
-0.05515321861
-0.05416623217
-0.05412439598
-0.05479756374
-0.0547725304
-0.05407725389
-0.05367265227
-0.05354607358
-0.053667123
-0.05408558036
-0.05480438752
-0.05484005922
-0.05411524449
-0.05416325467
-0.05513965099
-0.05457620535
-0.05414355522
-0.05381988183
-0.05494702157
-0.05449845433
-0.0542049534
-0.05413407514
-0.05439441112
-0.05412862357
-0.05421348078
-0.05453216857
-0.05499928733
-0.05383982227
-0.05411549942
-0.05456227647
-0.0554048086
-0.0548273641
-0.05495787241
-0.05501417981
-0.05407574781
-0.05391952516
-0.05424877593
-0.05454293652
-0.05424495456
-0.0539205872
-0.05408821742
-0.05503841093
-0.05499813814
-0.05485420157
-0.05540242346
-0.05485893816
-0.05479870507
-0.05450737901
-0.05407453224
-0.05363516932
-0.05357551913
-0.05392634973
-0.05423189849
-0.05392234109
-0.05357781228
-0.05363730624
-0.05408995478
-0.05453436283
-0.05482643803
-0.05487361811
-0.05320358993
-0.05409335983
-0.05421025704
-0.05391715699
-0.05356720809
-0.05353180581
-0.05379195496
-0.05420109757
-0.05378879888
-0.05352780511
-0.05356076828
-0.05392216464
-0.05422153297
-0.05410917294
-0.05322642868
-0.05366134689
-0.05370284689
-0.05414968236
-0.05425180873
-0.0539205269
-0.05378758287
-0.05387095177
-0.05424594051
-0.05387065065
-0.05379375856
-0.0539296758
-0.05425329147
-0.05415392479
-0.05370725672
-0.05366389107
-0.05399146591
-0.05359498817
-0.05443966226
-0.05455708948
-0.0542289483
-0.05419847159
-0.05424639374
-0.05492138325
-0.05424546287
-0.05420305426
-0.0542359001
-0.0545589051
-0.05444838865
-0.05360008944
-0.05399138505
-0.05366892028
-0.05369591882
-0.05414939277
-0.0542605691
-0.0539291497
-0.05379062437
-0.05387095828
-0.05424415754
-0.05387134114
-0.05379529337
-0.05393318176
-0.05425629508
-0.0541448784
-0.05368510348
-0.05366543195
-0.05322161063
-0.05410067225
-0.05423738996
-0.05394030429
-0.05358592348
-0.05352446438
-0.0537925358
-0.05420060167
-0.05379339347
-0.05352595148
-0.0535810278
-0.05392439489
-0.05421916879
-0.0540789512
-0.05318973189
-0.05482888087
-0.05481370886
-0.05455246851
-0.0541084653
-0.05365210313
-0.05357638206
-0.05393469487
-0.05423714128
-0.05393301297
-0.05358053853
-0.05364789358
-0.05409831672
-0.05452786901
-0.05479631169
-0.05481935793
-0.05537513165
-0.05484529492
-0.05501599379
-0.05504599692
-0.05410596828
-0.05393893171
-0.05426653166
-0.05456764089
-0.05426431111
-0.05393085397
-0.05409874757
-0.05503696773
-0.05499371022
-0.05484786059
-0.05538931747
-0.05457183527
-0.05413281975
-0.05386095194
-0.05501444019
-0.05455417038
-0.05424124767
-0.05416547711
-0.05445482294
-0.05415596617
-0.05422967905
-0.05453427526
-0.0549958513
-0.05388401916
-0.05419946665
-0.05461581563
-0.05516014029
-0.05419232984
-0.05414063102
-0.05486268097
-0.05483398961
-0.05411910764
-0.05371719705
-0.0536135827
-0.05370460643
-0.05409880485
-0.05480791424
-0.05484898286
-0.05419696032
-0.05428759066
-0.05524666171
-0.06281884476
-0.05518583614
-0.05459526788
-0.05541176236
-0.05486807954
-0.05322700208
-0.05367586273
-0.05400835585
-0.05368293167
-0.05320345326
-0.05483871205
-0.05539208653
-0.05460410138
-0.05523825348
-0.06294662336
-0.05705499131
-0.05815934548
-0.0593755947
-0.05836962731
-0.05834713168
-0.05863585361
-0.05773974283
-0.05864101745
-0.05774076759
-0.05862398989
-0.05834594605
-0.05838813207
-0.05939995528
-0.05816678938
-0.05707610404
-0.05819258975
-0.05827976149
-0.05876631633
-0.05796312559
-0.05742572209
-0.05743605364
-0.05714512706
-0.05822669606
-0.05714546796
-0.0574372265
-0.05744772566
-0.0580063572
-0.05880805792
-0.0582745186
-0.05816947118
-0.05943476691
-0.05878940343
-0.05779243643
-0.05715750628
-0.05651562837
-0.05623787107
-0.05617600608
-0.05694231711
-0.05617673874
-0.05625324882
-0.05655309293
-0.05719402423
-0.05782917025
-0.05881073244
-0.05941024322
-0.05844800997
-0.05801429373
-0.05717841585
-0.05620114195
-0.0563834829
-0.05625141317
-0.05597345669
-0.05624747166
-0.05597608187
-0.05626375911
-0.05641129215
-0.05623431195
-0.05720139827
-0.05802383549
-0.05842193433
-0.05840633661
-0.05747083208
-0.05653728927
-0.05639013198
-0.05643273334
-0.05647637953
-0.05619067396
-0.05627068101
-0.05620049642
-0.05649163311
-0.05644522981
-0.05641207743
-0.05655927893
-0.05747429283
-0.05838821365
-0.05866205111
-0.05745595845
-0.05625009385
-0.05625557645
-0.05648233559
-0.05708069907
-0.05699681124
-0.05684932227
-0.05701359268
-0.05710168012
-0.0565235571
-0.05626607432
-0.05625957177
-0.05745197911
-0.05865138614
-0.05773777583
-0.0571213792
-0.05617809379
-0.05597639607
-0.05619611488
-0.05700313889
-0.05725775896
-0.0574948092
-0.05726694156
-0.05700704022
-0.05620080809
-0.05597922571
-0.0561800986
-0.05711258868
-0.0577441787
-0.05858368739
-0.05814499347
-0.05690415021
-0.05624955311
-0.05627470734
-0.05685002822
-0.05749689141
-0.05854212784
-0.05750311119
-0.05685669001
-0.05627780675
-0.05624727861
-0.05689060899
-0.05812041712
-0.05857220143
-0.05772948114
-0.0571010908
-0.05617652187
-0.05598761212
-0.05620403316
-0.05700432402
-0.05726260265
-0.05750597019
-0.05726600874
-0.05699797795
-0.05619580633
-0.05598193729
-0.05617220084
-0.05709035503
-0.05771774808
-0.05860376453
-0.05742237583
-0.05626665735
-0.0562785986
-0.05650113839
-0.05710544731
-0.05700857143
-0.05686144875
-0.0570147901
-0.05709409326
-0.0564970197
-0.05627312449
-0.05625266808
-0.05741333859
-0.05858007684
-0.05834115486
-0.05744098176
-0.05656280543
-0.05642126897
-0.05644918937
-0.05653924985
-0.05620968492
-0.0562873292
-0.056215561
-0.05651007165
-0.05645128863
-0.05641336263
-0.05654802228
-0.05743794032
-0.05832902356
-0.05838502708
-0.05800389267
-0.05718602138
-0.05623122889
-0.05642257528
-0.05628240574
-0.05599501368
-0.05626190604
-0.05599440427
-0.05628296877
-0.05641843102
-0.0562419505
-0.05720415428
-0.05802157191
-0.05839124487
-0.05941586409
-0.05883230729
-0.05785357558
-0.05719581794
-0.05657059727
-0.0562746639
-0.0561930489
-0.05691792429
-0.05619001293
-0.05626629544
-0.05655482516
-0.05720294731
-0.05788174447
-0.05888324709
-0.05947423717
-0.05826599956
-0.05836939549
-0.05884207351
-0.05802201475
-0.05746883705
-0.05744929782
-0.05712882946
-0.05814941913
-0.05712618949
-0.05743608749
-0.05744685858
-0.05801388854
-0.05886970996
-0.058433021
-0.05832905774
-0.05714869716
-0.05827992835
-0.0594395478
-0.05842234672
-0.05838089906
-0.05862920593
-0.05776117549
-0.05858924948
-0.05773997345
-0.05860109047
-0.05834287546
-0.05838973003
-0.05945620411
-0.05831824059
-0.05722900859
-0.05638185279
-0.05932743873
-0.06056016092
-0.06160408252
-0.06161884022
-0.06189421656
-0.06167923553
-0.06246339692
-0.06165129563
-0.0618445342
-0.06158251616
-0.06161985777
-0.06062564982
-0.05941671258
-0.05645805823
-0.05936548837
-0.06132385387
-0.06189275021
-0.06190732331
-0.06134462022
-0.06118676564
-0.06131863516
-0.06168455278
-0.06130604904
-0.06117863301
-0.06135807218
-0.06195840434
-0.06196846405
-0.06139902311
-0.05943069944
-0.06063961354
-0.06193500417
-0.0616516334
-0.06104058317
-0.06043890694
-0.06021794965
-0.06029096419
-0.06039127272
-0.06030561809
-0.06023617784
-0.06047747238
-0.06109140703
-0.06170824959
-0.06197872094
-0.06064971601
-0.06169861266
-0.06197288803
-0.06106910418
-0.06019959812
-0.05915166196
-0.05910801156
-0.05962782967
-0.05974942453
-0.05963799337
-0.05913270625
-0.05920028952
-0.0602578932
-0.06109496095
-0.06197944535
-0.06166140662
-0.06168739226
-0.06140418555
-0.06047477863
-0.05916652609
-0.05812806942
-0.05841623984
-0.05900084554
-0.05922641419
-0.05900928643
-0.05844077593
-0.05816470029
-0.05920434764
-0.06048871319
-0.061387253
-0.0616328615
-0.06191869593
-0.06121776306
-0.06024114423
-0.05912279557
-0.05842270828
-0.05901514976
-0.05921822941
-0.05933538619
-0.05922415586
-0.05902716322
-0.05845284539
-0.05913941532
-0.06024767557
-0.06120214091
-0.06187757421
-0.06166007091
-0.06130852279
-0.06028583466
-0.05963279328
-0.05899578432
-0.05922043318
-0.05989880612
-0.06046870427
-0.05990071404
-0.05922343507
-0.05899944488
-0.05963705135
-0.06028945496
-0.06130152837
-0.06164625847
-0.06239942699
-0.0616456273
-0.06038357895
-0.05974835368
-0.05922986681
-0.05934157145
-0.0604746803
-0.06163961227
-0.06047620046
-0.05934769301
-0.05923295446
-0.05974266122
-0.06037854912
-0.06163639784
-0.06238524338
-0.06161390325
-0.06128188077
-0.06030635539
-0.05965323465
-0.0590251612
-0.05922431209
-0.05990361334
-0.06047725381
-0.05990470726
-0.0592274028
-0.05902840101
-0.05963976718
-0.06028589539
-0.06128239151
-0.06160321433
-0.06183643498
-0.06117813164
-0.06024621545
-0.05914979659
-0.05845721322
-0.05903304708
-0.05922036348
-0.05934348609
-0.05921443131
-0.0590297046
-0.0584435815
-0.0591213399
-0.06022427486
-0.06116703948
-0.06182421133
-0.0615796571
-0.06135998078
-0.06048568408
-0.05922185535
-0.05817872516
-0.0584639796
-0.05900803527
-0.05923508515
-0.05900295585
-0.0584342016
-0.05815030039
-0.05918988005
-0.06047159701
-0.06135276991
-0.06156701115
-0.06160860322
-0.06195587019
-0.06110077049
-0.06028147016
-0.05922368137
-0.05915659455
-0.05965283907
-0.05975733255
-0.0596496892
-0.05913414658
-0.05919726254
-0.06026676095
-0.06111111568
-0.06197412026
-0.06161866154
-0.06062814342
-0.06197860031
-0.06172447209
-0.06110900229
-0.06049834486
-0.06025919699
-0.06031131636
-0.06039697147
-0.06031265429
-0.06024309931
-0.06048070979
-0.06111225854
-0.0617542269
-0.06204085984
-0.06069278325
-0.05945905166
-0.06142758184
-0.06199494341
-0.06198385799
-0.06139208381
-0.06120458638
-0.06130527015
-0.06165419459
-0.06130162063
-0.06118404823
-0.06136082793
-0.06196736285
-0.0620313521
-0.06153478106
-0.05957278253
-0.05657463843
-0.05948025444
-0.06066261892
-0.06165906632
-0.06163189081
-0.0618732469
-0.06165122814
-0.06240133766
-0.06162769976
-0.06183797612
-0.06157346452
-0.06161278568
-0.06067463516
-0.05956147929
-0.05665090402
-0.004192305753
-0.009209143005
-0.02627169938
-0.04113195899
-0.03951578669
-0.03946262032
-0.02739147227
-0.02080727575
-0.02710657506
-0.03954495825
-0.03948241283
-0.04112245921
-0.02627287969
-0.009380447323
-0.004003566569
-0.009101651692
-0.03318146971
-0.04544369636
-0.05385476073
-0.05443695001
-0.05114975074
-0.04080246043
-0.03713570075
-0.04069622628
-0.0511571007
-0.05442257382
-0.05391903343
-0.04559918581
-0.03343668283
-0.00928586584
-0.02621326142
-0.04545151795
-0.05418456078
-0.05854537704
-0.05917112868
-0.05844325888
-0.05264588773
-0.05032416097
-0.05263288868
-0.05845246964
-0.05919582494
-0.05861081974
-0.05430688017
-0.04560303712
-0.02625623619
-0.04115613529
-0.05390081646
-0.05857102041
-0.06000033646
-0.06052184059
-0.06022626052
-0.05794232808
-0.05754302174
-0.05795731061
-0.06025887972
-0.06057205155
-0.06006431194
-0.05862185893
-0.05393857699
-0.04114389607
-0.03959067909
-0.05449943667
-0.05921393834
-0.06053814669
-0.06135460013
-0.06112006365
-0.06021751232
-0.06024573007
-0.06022592099
-0.06115148644
-0.06141241068
-0.06058364359
-0.05922723772
-0.05446809404
-0.03950695711
-0.03943341127
-0.05117687723
-0.05847362376
-0.06024199337
-0.06113329335
-0.06132728022
-0.06118219562
-0.06123343777
-0.06119477808
-0.06135078238
-0.06117200363
-0.06026977863
-0.05847725001
-0.05114924633
-0.03936962119
-0.02745086957
-0.04083500483
-0.05265672985
-0.0579518865
-0.0602359219
-0.06119145898
-0.06164654044
-0.06224071859
-0.06165264332
-0.06119941333
-0.0602450413
-0.05797117768
-0.05266240826
-0.04083556756
-0.02743616044
-0.02064472702
-0.03701920932
-0.05027249492
-0.05752546894
-0.06024512314
-0.06123630683
-0.06224479304
-0.06374828369
-0.06224176582
-0.06123301563
-0.06023905386
-0.05751487901
-0.0502506178
-0.0369782588
-0.02058624354
-0.02648796681
-0.04038476076
-0.05252262798
-0.05793546171
-0.06023735773
-0.06120128761
-0.06166119483
-0.06225267575
-0.06165924751
-0.06117075
-0.06018325744
-0.0579100004
-0.05247474124
-0.04029698333
-0.02634051229
-0.03967119212
-0.0512535193
-0.05848591781
-0.06028282924
-0.06117237714
-0.06136490191
-0.06121299824
-0.0612555734
-0.06121052991
-0.06133808511
-0.06112594588
-0.060262601
-0.05846215935
-0.05123217861
-0.039645571
-0.03960098092
-0.05446230839
-0.05921569285
-0.06059541584
-0.06143170535
-0.06118504652
-0.06026050213
-0.06025616776
-0.06025220911
-0.06116097825
-0.06140258035
-0.06056859629
-0.05920624308
-0.05446463642
-0.03960252169
-0.04109344419
-0.05390095317
-0.0586142206
-0.06008696182
-0.06059889329
-0.06027641021
-0.05797190919
-0.05753363322
-0.05794326317
-0.06025993957
-0.06057398122
-0.06007621734
-0.05863786768
-0.05393741443
-0.04110942699
-0.02620672118
-0.04557216561
-0.05430800691
-0.0586298909
-0.05922446802
-0.05846598273
-0.05264783699
-0.05027456497
-0.05257716712
-0.05847017279
-0.05920582661
-0.05863447791
-0.05435790253
-0.04566450933
-0.02623165647
-0.009401283239
-0.03345499494
-0.04561918996
-0.05394493047
-0.05445448033
-0.05108258151
-0.04070514437
-0.03698876833
-0.0404497793
-0.05120843299
-0.05443458656
-0.05391346059
-0.04563397682
-0.03358105798
-0.009417213418
-0.004226173749
-0.009329851088
-0.02626710204
-0.04114725486
-0.03946518724
-0.03927343587
-0.02723368055
-0.02057284658
-0.02658032508
-0.03960675988
-0.03950487823
-0.04105667786
-0.02615579574
-0.009385098856
-0.004209732758
0.1776756728
0.1219004378
0.04656752387
-0.003602127525
-0.02850026481
-0.03601836976
-0.02824039399
-0.02113781634
-0.02802428109
-0.03594496958
-0.02835007572
-0.00370073738
0.04620519288
0.122156938
0.1776104879
0.1212128428
0.08140183954
0.02144344477
-0.02401970466
-0.03969275527
-0.04628786004
-0.04009672658
-0.03376000947
-0.04001925712
-0.04624870086
-0.03964921004
-0.02414970273
0.02115048258
0.08116591511
0.1221315278
0.0467625808
0.02166093924
-0.01182419384
-0.03998355437
-0.05205412565
-0.05495016407
-0.05043455927
-0.0456252266
-0.05043029978
-0.05495786197
-0.05206573869
-0.04007438836
-0.01206358688
0.0211572448
0.04646408364
-0.0035349078
-0.02393171012
-0.03996737571
-0.05185361758
-0.05782969079
-0.05969577402
-0.05766582779
-0.05458548005
-0.05769007339
-0.05974130787
-0.0578934039
-0.0519303088
-0.0400695465
-0.02413963222
-0.003736758519
-0.02849157939
-0.03971575066
-0.05207416144
-0.05784102457
-0.06082022047
-0.06175685564
-0.06101642192
-0.06015981377
-0.06106043632
-0.0618242578
-0.06089856689
-0.05791278197
-0.05210187397
-0.03969853513
-0.02844501548
-0.03598273599
-0.04629003545
-0.05496865272
-0.05971099929
-0.06175937215
-0.06305676001
-0.06289971621
-0.06259477118
-0.06293509375
-0.06310479343
-0.06181367094
-0.0597641345
-0.05498105087
-0.04624335288
-0.03591020623
-0.02826953827
-0.04011843805
-0.05045649886
-0.0576828518
-0.06101286163
-0.06290005568
-0.06379187715
-0.06437823458
-0.06381650428
-0.0629355241
-0.06105442974
-0.05771514621
-0.05047660921
-0.04009682389
-0.02825276204
-0.02097462702
-0.03367026961
-0.04559279148
-0.05458403715
-0.06019539299
-0.06259635549
-0.06438319171
-0.06604782308
-0.06438542916
-0.06260743165
-0.06019052007
-0.05457443477
-0.04557430478
-0.03361777605
-0.02091165841
-0.02748517412
-0.03975877806
-0.05032905905
-0.05766618927
-0.0610432287
-0.06292894434
-0.06382023461
-0.06439141842
-0.06381496955
-0.06292522143
-0.06104704576
-0.05762419601
-0.05026545596
-0.03965194251
-0.02733500721
-0.03604952888
-0.04632547079
-0.05500639309
-0.05976543813
-0.06183013424
-0.06311664145
-0.062938517
-0.06261126586
-0.06291890339
-0.06309373407
-0.06181632938
-0.05973208439
-0.05498512999
-0.04631245233
-0.03603688101
-0.02838784997
-0.03970118475
-0.05209543293
-0.05791374424
-0.06090876921
-0.06182330442
-0.06105192537
-0.06020893401
-0.06101217888
-0.06178741026
-0.0608708777
-0.05787994519
-0.05208733427
-0.0397129177
-0.02841826626
-0.003577314882
-0.0240786894
-0.04006979275
-0.05195231456
-0.05790951682
-0.05975094895
-0.05770424337
-0.05459162748
-0.05767011751
-0.05973000408
-0.0578771465
-0.05193186951
-0.04010639649
-0.02415193742
-0.003636971877
0.04651439901
0.02132579764
-0.01203964074
-0.04009698115
-0.05208901064
-0.05494342711
-0.0504163207
-0.04558488634
-0.05036096892
-0.05496061928
-0.05205826791
-0.0400919353
-0.01214045034
0.0211659014
0.0464880494
0.1210285164
0.08109161133
0.02123014866
-0.02416794139
-0.03968568781
-0.04619941583
-0.03998627986
-0.03362318907
-0.03979959909
-0.046238679
-0.03962675666
-0.02410364478
0.02119539366
0.08093813016
0.1221773324
0.1781764886
0.1222473769
0.04662633719
-0.003568213059
-0.0283706527
-0.03583054524
-0.02805611749
-0.02090594164
-0.02756482869
-0.03594583193
-0.02832514984
-0.003542792014
0.0465204986
0.1219624596
0.1771510052
0.1060741036
0.07296006516
0.02760536717
-0.002783711941
-0.01760407464
-0.02172844472
-0.01750079177
-0.01305133446
-0.01736982397
-0.02161539914
-0.01746380481
-0.002728646662
0.02747254833
0.07276396051
0.106586785
0.07337024905
0.04863662761
0.01237910164
-0.0146861787
-0.02431248649
-0.02791745463
-0.02419858634
-0.02043744904
-0.02415092058
-0.02787908766
-0.02425424986
-0.0146630649
0.01229373911
0.04834923331
0.07297892835
0.02770020001
0.01244909963
-0.007547690715
-0.02412209819
-0.03138699158
-0.03306729814
-0.03040226051
-0.02754926022
-0.03041417617
-0.03309710021
-0.03141183011
-0.02413673988
-0.007627655269
0.01216392908
0.02739858298
-0.002783898454
-0.01468283803
-0.0241230148
-0.03129906346
-0.03482077944
-0.03594424158
-0.03467107214
-0.03292504841
-0.0347001336
-0.03600515607
-0.03489829757
-0.03136366782
-0.024171727
-0.01475923707
-0.002810291213
-0.01761111425
-0.02434568588
-0.03141323762
-0.03483202329
-0.03663681896
-0.03780499739
-0.03737420044
-0.03645700586
-0.03740154792
-0.0378618203
-0.03671633526
-0.03491448712
-0.03145374014
-0.02432322643
-0.01751727993
-0.02168982797
-0.02792029353
-0.03308728903
-0.03595914917
-0.03781244854
-0.0385182156
-0.03841378515
-0.03824317945
-0.03843970382
-0.03855943709
-0.03786244329
-0.03601694953
-0.0331183192
-0.02788505651
-0.0215962926
-0.01749586014
-0.0242069392
-0.0304201121
-0.0346880847
-0.03739051225
-0.03842030408
-0.03894908428
-0.03931079576
-0.03896155319
-0.03844091346
-0.03741460063
-0.03471390525
-0.03044474597
-0.02419687925
-0.01746268786
-0.01294978607
-0.02038340839
-0.02753224603
-0.03292546643
-0.03641268975
-0.03824931031
-0.03931918521
-0.04023907265
-0.03931398293
-0.03824929634
-0.03641031297
-0.0329180886
-0.02752143664
-0.02035954732
-0.01290915301
-0.01707409122
-0.02399907045
-0.03035198116
-0.03468429455
-0.03739778568
-0.03843776588
-0.03897157816
-0.03932501553
-0.03896267964
-0.03842575833
-0.03736810604
-0.03464307082
-0.03030151903
-0.02392751933
-0.01697743573
-0.02167403739
-0.02792068087
-0.03311970592
-0.03601147427
-0.03786279491
-0.0385627801
-0.03844842874
-0.03826634689
-0.0384367139
-0.0385421604
-0.03782554009
-0.03597440277
-0.03308128004
-0.02789197248
-0.02164488199
-0.01747111114
-0.02429169719
-0.03144040184
-0.03490088625
-0.03671104105
-0.03786240964
-0.03741777414
-0.03643764852
-0.03740349764
-0.03784010637
-0.03667748541
-0.03485950062
-0.03139841506
-0.02425776504
-0.01743139678
-0.002674559762
-0.01467337486
-0.0241745851
-0.03136675985
-0.03487970638
-0.03598734449
-0.03470319538
-0.0329361426
-0.03468748566
-0.03597766879
-0.03485872606
-0.03133875318
-0.02415860226
-0.01467894048
-0.002672495159
0.02765822204
0.01237505633
-0.007615461208
-0.02417437379
-0.03140753108
-0.0330624501
-0.03039574143
-0.0275334943
-0.03036960427
-0.03307467862
-0.03138294081
-0.02414917179
-0.007644177056
0.01222375194
0.0275580931
0.0731571676
0.04874393515
0.01229659929
-0.01473002283
-0.02427945171
-0.02784888566
-0.02412187603
-0.0203608757
-0.02402357568
-0.02785323051
-0.024203024
-0.01464889519
0.01224549883
0.04830104726
0.07292723974
0.1059925984
0.07305797049
0.02756022641
-0.00272438036
-0.01747121973
-0.02156197325
-0.01736346308
-0.01292115706
-0.01712396113
-0.02158993238
-0.01735029888
-0.002623198518
0.02757124589
0.07282153639
0.1059982296
0.1016796837
0.06976171854
0.0265718083
-0.002831326757
-0.01708805484
-0.0213672312
-0.01715709969
-0.0131819031
-0.01711005624
-0.02137032343
-0.01708493409
-0.002817622389
0.02656517844
0.06955270931
0.102118903
0.06995526637
0.04630094585
0.01170138192
-0.01427675067
-0.02373598321
-0.02718195397
-0.02391789659
-0.02034544515
-0.02390352679
-0.02718393354
-0.02372804345
-0.01426964809
0.01167890951
0.04611692239
0.06978299581
0.02667810829
0.01177376407
-0.007604827364
-0.02370160037
-0.03063014649
-0.0325839982
-0.0300590636
-0.02731530489
-0.0300629016
-0.0325911602
-0.03063519464
-0.02371882368
-0.007640867469
0.011687393
0.02659759964
-0.002780339609
-0.01422832626
-0.02368769947
-0.03056981853
-0.03437648166
-0.03549029588
-0.0341909795
-0.03259819746
-0.03419917526
-0.03550444884
-0.03439557308
-0.03059285499
-0.02371674265
-0.01425585769
-0.002793843347
-0.01707656247
-0.02372885435
-0.03062601162
-0.03437610931
-0.03620481659
-0.03704674774
-0.03662772118
-0.03594662301
-0.03664274768
-0.03706776194
-0.0362235372
-0.03439593577
-0.0306408325
-0.0237361699
-0.01708205605
-0.0213493343
-0.02716994165
-0.03258016242
-0.035491108
-0.03704719506
-0.03782201517
-0.03776436505
-0.03762674981
-0.03777791137
-0.03784103767
-0.03706494776
-0.03550347297
-0.03258762613
-0.02716810883
-0.021332936
-0.01716672903
-0.02392054462
-0.0300629663
-0.03419585763
-0.03662548299
-0.03776590194
-0.03834624241
-0.03874817598
-0.03835399582
-0.03777849104
-0.0366432423
-0.0342081626
-0.03007410675
-0.02392866281
-0.01716591873
-0.01309918307
-0.02029959571
-0.02729729298
-0.03259290233
-0.03593442821
-0.03762888221
-0.0387530618
-0.03977991354
-0.038749458
-0.03762986579
-0.03594113901
-0.03259363427
-0.02729060087
-0.02028758121
-0.01306699189
-0.01684228921
-0.02376511352
-0.0300089827
-0.03418513991
-0.03663481744
-0.03777445335
-0.03835843109
-0.03875448504
-0.03835407255
-0.03777356164
-0.0366398157
-0.03416607773
-0.02998095535
-0.02372210057
-0.01675974986
-0.02141314484
-0.02721154219
-0.03260828233
-0.03551581589
-0.03707558594
-0.03784344951
-0.03777932126
-0.03763465699
-0.03777299997
-0.03783722659
-0.03707524211
-0.03551048819
-0.03261484409
-0.0272262885
-0.02141464307
-0.01707476021
-0.02373210176
-0.03063683144
-0.03440054133
-0.03623514445
-0.03707371685
-0.03664397017
-0.03593704409
-0.03662986399
-0.03706460585
-0.03622606415
-0.03439424207
-0.03063646682
-0.02373988757
-0.01705088225
-0.002762063939
-0.01423849007
-0.02371836252
-0.03058919378
-0.03439674717
-0.0355055129
-0.03420141272
-0.0325957785
-0.03418660071
-0.03550299846
-0.03439081987
-0.03057544837
-0.02370253915
-0.01423094239
-0.002736807235
0.02667634978
0.01175069567
-0.007616644964
-0.02371680798
-0.03062436466
-0.0325754917
-0.03004830732
-0.02729410726
-0.03002507718
-0.03259233875
-0.03061623063
-0.02368943494
-0.007608378527
0.01171110133
0.02669478788
0.06950441406
0.04619623696
0.01172591302
-0.01425170495
-0.02370758342
-0.02714044864
-0.02386807816
-0.02028599831
-0.02380120601
-0.02717519653
-0.02367977864
-0.01420363872
0.01172375257
0.04609102134
0.06970173037
0.1013258818
0.06977901363
0.0266752018
-0.0027521808
-0.01703660345
-0.02128178897
-0.01706479221
-0.01307091265
-0.01689272153
-0.02135102853
-0.01696952866
-0.00269777381
0.02665611477
0.0692572286
0.1016500825
0.09914425586
0.06727148458
0.02591264004
-0.002755423762
-0.01659022756
-0.0208100159
-0.01663083801
-0.01292932056
-0.01660955289
-0.02082659197
-0.0165969457
-0.002749733719
0.02592092953
0.06737253365
0.09826249346
0.06756673926
0.04468084416
0.01142407455
-0.0137381821
-0.02311153017
-0.02678242461
-0.02336228258
-0.01994851688
-0.02335264182
-0.02678896237
-0.02311478392
-0.01373595406
0.01139937697
0.04459827195
0.06750151029
0.02606110904
0.01151201705
-0.007348427238
-0.0231059452
-0.0301717454
-0.03184481384
-0.02942677079
-0.0267989864
-0.0294296414
-0.03185046353
-0.03016942284
-0.023102128
-0.007382037608
0.01145412005
0.02601111641
-0.002666031225
-0.0136715961
-0.02308471334
-0.03016651631
-0.03367019964
-0.03475594818
-0.03343667117
-0.03199772842
-0.03343719806
-0.03476151527
-0.03367604663
-0.0301738021
-0.02310066933
-0.01370035174
-0.002696409602
-0.01656042622
-0.02309120548
-0.03016277249
-0.03366656108
-0.03550888391
-0.03616846445
-0.03574051277
-0.03516336479
-0.03573802136
-0.03617409516
-0.03551609754
-0.033673082
-0.03017080289
-0.02310937145
-0.01658989995
-0.02078979623
-0.02676462288
-0.03183592284
-0.03475347555
-0.03616867294
-0.0369620841
-0.03692913977
-0.036815102
-0.03693536668
-0.03697040043
-0.03617671472
-0.0347593381
-0.03183985319
-0.02677293139
-0.02080162983
-0.01664046813
-0.02336583678
-0.02943002823
-0.03344292509
-0.03575335623
-0.03693275293
-0.03754253394
-0.03793472539
-0.03754866908
-0.03693879531
-0.03575607265
-0.03344929696
-0.02943975068
-0.02337601654
-0.01665749615
-0.01285906539
-0.01990869596
-0.02678412129
-0.03199777482
-0.0351760749
-0.03682069866
-0.03793881254
-0.03882626158
-0.03793660475
-0.03681971753
-0.0351736586
-0.03199662636
-0.02677953209
-0.019900586
-0.01284092283
-0.01637120473
-0.02321485678
-0.0293787055
-0.03342518936
-0.03574023303
-0.03693485033
-0.03755241082
-0.03793996457
-0.03754944629
-0.03693035384
-0.03571881559
-0.03340657791
-0.02935504089
-0.02316846301
-0.01630157411
-0.0208598188
-0.02680215432
-0.03186001507
-0.03476993276
-0.03617712354
-0.03697176455
-0.03693926235
-0.03682563918
-0.03693480994
-0.03696602854
-0.0361640244
-0.03476751668
-0.0318740124
-0.02682924592
-0.0208792624
-0.01658365135
-0.02310942187
-0.03016364499
-0.03367962545
-0.03552531032
-0.03618168945
-0.03575347314
-0.03518445377
-0.03574554715
-0.03617399408
-0.03552050361
-0.03367889089
-0.03017309037
-0.02312701325
-0.01659068257
-0.002694384225
-0.01370145241
-0.02308461894
-0.0301759532
-0.03367942408
-0.03476432557
-0.03344169013
-0.0319994452
-0.03342732262
-0.03476289009
-0.03367460439
-0.03016732107
-0.02308567077
-0.01369528677
-0.002673879218
0.02604273854
0.01146792101
-0.007355215486
-0.02310093822
-0.03016293214
-0.03183440047
-0.02941456788
-0.02678062248
-0.02939256741
-0.03184787297
-0.03015289021
-0.02307795659
-0.007342568607
0.01145153936
0.02607075465
0.06768255568
0.04464846281
0.01147320211
-0.0137003026
-0.02308335069
-0.02674328075
-0.02331041465
-0.01989786423
-0.02324397967
-0.0267752176
-0.0230635402
-0.01366277256
0.01146985302
0.04455779954
0.06739175708
0.09932604107
0.06760409408
0.02606388075
-0.002675217134
-0.01654724681
-0.02074894712
-0.01656022449
-0.0128409276
-0.01642789456
-0.02081244816
-0.01651241439
-0.00262650206
0.02606501153
0.06753189645
0.09842768647
0.09497883344
0.06565858317
0.02539806005
-0.002491782617
-0.01599635022
-0.0199762864
-0.0160788202
-0.01254822045
-0.01606947756
-0.01999379634
-0.01601191132
-0.002489850423
0.02541996188
0.06569946009
0.09599338674
0.06604063543
0.04318974236
0.01128201076
-0.01300328197
-0.02234015269
-0.02578980905
-0.02255443677
-0.01929595379
-0.02254496218
-0.02580228145
-0.02235136717
-0.01300621577
0.01125985334
0.04313034842
0.06597657535
0.02559780208
0.01138390064
-0.00687180746
-0.02216419361
-0.02913194636
-0.03083598613
-0.02852676555
-0.02600663917
-0.02852911687
-0.0308437817
-0.02913107511
-0.02215141264
-0.006910185674
0.01132267969
0.02553363049
-0.002388139653
-0.01293157043
-0.02213840879
-0.0291127971
-0.03265746052
-0.03376224689
-0.03252904441
-0.03113207272
-0.03252918913
-0.03376650473
-0.03266255229
-0.02911777608
-0.0221541787
-0.01296531665
-0.002433433838
-0.0159631409
-0.02231822067
-0.02912055681
-0.03265283173
-0.03453149742
-0.03524828285
-0.03485114396
-0.03436212222
-0.03485510856
-0.03525041677
-0.03453497662
-0.03265787779
-0.0291286283
-0.02233984652
-0.01599739896
-0.01995892081
-0.02577465231
-0.03082682392
-0.03375939448
-0.03524771309
-0.0360419329
-0.03603150817
-0.03594999941
-0.03603826564
-0.03604798786
-0.03524990224
-0.03376246505
-0.03083205037
-0.02578583182
-0.01997891195
-0.01608634549
-0.02256255163
-0.02853239556
-0.032534481
-0.03484643128
-0.03603254719
-0.03666237967
-0.03706769798
-0.03666883282
-0.03603949548
-0.0348538651
-0.03253892364
-0.02854103977
-0.02256931944
-0.01611117063
-0.01248582794
-0.01926149259
-0.02599496845
-0.03113132814
-0.0343522863
-0.03595233218
-0.03707152395
-0.03796849136
-0.03707012082
-0.03595295837
-0.03435409615
-0.03112841054
-0.02599053804
-0.01925098772
-0.0124766189
-0.01586022024
-0.02241755017
-0.02848250937
-0.03251654556
-0.03484866293
-0.03603742235
-0.03667307504
-0.03707320956
-0.03667005902
-0.03603794862
-0.03485650571
-0.03250176272
-0.02845924261
-0.02236656838
-0.01579608899
-0.02002382572
-0.02582384186
-0.03085331592
-0.03377364489
-0.03525887752
-0.03605031182
-0.03604155701
-0.03595666585
-0.03603707416
-0.03605112294
-0.03527115082
-0.03377474258
-0.03086694608
-0.02585011742
-0.02005019625
-0.01600352692
-0.02234730282
-0.02912798481
-0.03266792714
-0.0345449665
-0.03525756083
-0.03485800566
-0.03435036245
-0.03484357922
-0.03525787864
-0.03454540841
-0.03266672984
-0.02913593015
-0.0223570975
-0.01602265431
-0.002433041172
-0.01297191412
-0.02213400525
-0.02912321036
-0.0326655625
-0.03376735719
-0.03253030762
-0.0311287379
-0.03251519411
-0.03376619454
-0.03266176055
-0.02911237981
-0.02213632357
-0.01296482853
-0.002424338389
0.02554215162
0.01132941221
-0.006880396337
-0.02215276614
-0.02912393068
-0.03082989741
-0.02851363051
-0.02599000547
-0.02849253985
-0.03084063861
-0.02911445275
-0.02213101805
-0.006865879209
0.01131231132
0.02556119896
0.0656647014
0.04316886983
0.01134091051
-0.01296634269
-0.02231840026
-0.02577017045
-0.02249895132
-0.01924788149
-0.02243768292
-0.02579868993
-0.0222963205
-0.01292787279
0.01133692403
0.04303839705
0.06578776902
0.09491288847
0.06594196139
0.02556662138
-0.002421743683
-0.0159642732
-0.0199346729
-0.01602107698
-0.0124765317
-0.01591808266
-0.01998304805
-0.01594046208
-0.002369263036
0.02554929156
0.06539775734
0.09525714465
0.09279840398
0.06196526715
0.0244192445
-0.002544291907
-0.01563606478
-0.01942538782
-0.015721413
-0.01236072737
-0.01571898208
-0.01944240495
-0.01566590362
-0.002540800003
0.02444397339
0.06197710216
0.09158128326
0.06249966194
0.04146591299
0.01084162539
-0.01255368013
-0.02176873269
-0.02502405034
-0.02192780542
-0.01884661178
-0.02191944459
-0.02503717477
-0.02178448989
-0.01255396008
0.01082541797
0.04140067949
0.0623417683
0.02467330546
0.01095326127
-0.006665378939
-0.02143431538
-0.02823016018
-0.02999614912
-0.02780521629
-0.02541578031
-0.027807299
-0.03000531575
-0.02823753303
-0.02144253946
-0.006698637243
0.01090062951
0.02460463008
-0.002427726395
-0.01247833283
-0.02141218784
-0.02826189088
-0.031818094
-0.03292529312
-0.03176608992
-0.03043157883
-0.03176623639
-0.03293167066
-0.03182625808
-0.02826885187
-0.02143227127
-0.01250622508
-0.002469189475
-0.01559597802
-0.02173875212
-0.02821524899
-0.03181290807
-0.03369778397
-0.03436471132
-0.03395299252
-0.03350520354
-0.03395115313
-0.03437071033
-0.03370467537
-0.03182018015
-0.02822637519
-0.02175821739
-0.01563755192
-0.01940528769
-0.02500456661
-0.0299862777
-0.03292303267
-0.03436702733
-0.03513760392
-0.03514169867
-0.03508827882
-0.03514821657
-0.03514598124
-0.03437378842
-0.03292848921
-0.02999145271
-0.02500877684
-0.0194246408
-0.01572817858
-0.02193828006
-0.02781333837
-0.0317755737
-0.03397122961
-0.03514598253
-0.03579467044
-0.03620945098
-0.03580132889
-0.03515333056
-0.03397307125
-0.03178170057
-0.02782189303
-0.02193795303
-0.01574808342
-0.01230862844
-0.01881894622
-0.02540804268
-0.03043644232
-0.0335282286
-0.03509511168
-0.03621328476
-0.03712232186
-0.0362133262
-0.03509712701
-0.03352839183
-0.03043539064
-0.02540456678
-0.01880264063
-0.01229704484
-0.01553878153
-0.02180857641
-0.02776554514
-0.03175542211
-0.03395628858
-0.03514985484
-0.03580531397
-0.03621598136
-0.03580394447
-0.03514699648
-0.03393281991
-0.03173969994
-0.02774296244
-0.02175493334
-0.01547282592
-0.01945957913
-0.02504587953
-0.03001138939
-0.03293648014
-0.03437470124
-0.03514658055
-0.03515378205
-0.03510183913
-0.03515136442
-0.03514298971
-0.03435601957
-0.03293373868
-0.03002169451
-0.02505955294
-0.01948338317
-0.01565162474
-0.0217821298
-0.02824092044
-0.03183245756
-0.03371300788
-0.03437902025
-0.03396604676
-0.0335355854
-0.03396150921
-0.03436934398
-0.03370556585
-0.03182946961
-0.02824985107
-0.02178672482
-0.01566698491
-0.002480605947
-0.01252237535
-0.02143587869
-0.02827413388
-0.03182805018
-0.03293144366
-0.03176933488
-0.0304357601
-0.03175580654
-0.03292816145
-0.03182446929
-0.02826296974
-0.02143038824
-0.01251795274
-0.002476253614
0.02458156446
0.01089296025
-0.006673199548
-0.02143561474
-0.02822789922
-0.02998875405
-0.02779272577
-0.02540256712
-0.02777249118
-0.02999618954
-0.0282283379
-0.02141676827
-0.006666642401
0.01087379652
0.02458919371
0.06211017873
0.04143510621
0.01091380787
-0.01250751318
-0.02173941102
-0.02498949435
-0.0218685375
-0.01879857487
-0.02181795241
-0.02500745793
-0.02172803929
-0.01247835015
0.01090263406
0.04130004547
0.06208188698
0.09273454891
0.06232222752
0.02461604268
-0.002462385195
-0.01560490691
-0.01938328792
-0.01566540661
-0.01229664098
-0.01558661617
-0.01941594304
-0.01558259276
-0.002418796088
0.02459268136
0.06188304625
0.09162080348
0.08753871844
0.05974327841
0.02356540993
-0.002471577189
-0.01520760588
-0.01882226424
-0.01534260272
-0.01212096533
-0.01534434945
-0.01883736786
-0.01523649786
-0.002454816974
0.02362176514
0.05977765848
0.08852312537
0.06029999939
0.03960469753
0.0105367899
-0.01198070378
-0.02114065759
-0.02421662656
-0.02130163274
-0.01837435357
-0.02129695877
-0.02422766351
-0.02115564582
-0.01197692997
0.01052918128
0.03955534799
0.06014338931
0.02387816189
0.01065704253
-0.006350716459
-0.02069739351
-0.02740348981
-0.02916289414
-0.02707077111
-0.02479518529
-0.02707342
-0.02917264549
-0.02741212189
-0.02070619069
-0.006382092805
0.01060617138
0.0237922343
-0.002341336036
-0.01190558478
-0.02067718954
-0.02741494492
-0.03098109299
-0.03207012298
-0.03096680545
-0.02970474231
-0.03096860414
-0.03207747109
-0.03099083428
-0.02742413385
-0.0206980097
-0.01192885546
-0.002385913559
-0.01515888991
-0.02110821389
-0.02738849703
-0.03097553599
-0.03285179931
-0.03351560528
-0.03313088056
-0.03276507335
-0.03313707887
-0.03351959403
-0.03285967372
-0.030985159
-0.02740062367
-0.02112182232
-0.0152000371
-0.01879671814
-0.02419672087
-0.02915214183
-0.03206745049
-0.03351512742
-0.03429810123
-0.034324326
-0.03429828367
-0.03433191191
-0.03430631039
-0.03352246152
-0.03207532919
-0.0291581556
-0.02419302463
-0.01880976307
-0.01534645758
-0.02130993345
-0.02707867263
-0.03097393365
-0.033124127
-0.03432583737
-0.03498393765
-0.03537173319
-0.03499115437
-0.03433434769
-0.03313546591
-0.0309841196
-0.02709002859
-0.021307094
-0.01536330913
-0.01207697549
-0.01835154343
-0.02478930881
-0.02970690522
-0.03274982546
-0.03430072768
-0.03537534234
-0.03606735653
-0.03537590944
-0.03430367866
-0.03275454119
-0.0297095522
-0.0247897301
-0.01833363187
-0.01206459965
-0.01518919943
-0.02120597713
-0.02703693671
-0.03095807969
-0.03312995429
-0.03433352372
-0.03499550584
-0.03537829302
-0.034993678
-0.03433384488
-0.03313959966
-0.03094980645
-0.02701885792
-0.02115472551
-0.01512223289
-0.01883933046
-0.02422816248
-0.02917662843
-0.0320816998
-0.03352474671
-0.03430538038
-0.03433589613
-0.03430664777
-0.03433247125
-0.03430618738
-0.0335371355
-0.03208291864
-0.0291879122
-0.02423738331
-0.01885999316
-0.0152151528
-0.02114690618
-0.02741262604
-0.03099561471
-0.03286622498
-0.0335212481
-0.03313845966
-0.0327512299
-0.0331247051
-0.03352313947
-0.0328607192
-0.03099221129
-0.02742047534
-0.02114418052
-0.01522424983
-0.002393745639
-0.01194542361
-0.0206970312
-0.02742623608
-0.03099150209
-0.03207659139
-0.0309716732
-0.02970795892
-0.0309590342
-0.03207474421
-0.03098697131
-0.02741257704
-0.02069333163
-0.01193254569
-0.002385010444
0.02376816843
0.01059622984
-0.006361549282
-0.02070035949
-0.02740153349
-0.02915560454
-0.02706119236
-0.02478639912
-0.02704370377
-0.02916290744
-0.02739951309
-0.02068042982
-0.006357435838
0.01058243343
0.02376488513
0.05994271679
0.0396032508
0.01061699232
-0.01193087581
-0.02110616935
-0.02417380588
-0.0212456922
-0.01832904012
-0.02121001437
-0.02418889211
-0.02109507844
-0.01189675692
0.01061045204
0.03947862021
0.05987252338
0.08744751276
0.06011332313
0.02379001841
-0.002384065318
-0.01517400383
-0.01877405223
-0.01528829303
-0.01206452836
-0.01522936869
-0.01879718512
-0.01515387603
-0.002334235003
0.02378364023
0.05974927762
0.08786548275
0.08506137056
0.0569032624
0.02254826328
-0.002511178987
-0.01483330936
-0.01829332534
-0.01500853281
-0.01194962472
-0.01501174145
-0.01830321642
-0.01484263486
-0.002491119303
0.02259655359
0.05699899862
0.08407850814
0.05751694218
0.03785814001
0.01010113581
-0.01154036661
-0.0205611585
-0.02353148864
-0.02072827023
-0.01796379982
-0.02072874477
-0.02354523033
-0.02057277418
-0.01153744679
0.01008495381
0.03778654159
0.05735489008
0.02291798803
0.01024284641
-0.006150168169
-0.020038479
-0.02665889034
-0.02836445496
-0.02637571232
-0.02423374619
-0.02637899978
-0.02837428927
-0.02666737613
-0.02004695685
-0.006187898786
0.01016499561
0.02277450794
-0.002360089069
-0.01145479481
-0.02001659148
-0.02663866727
-0.03018066932
-0.03126496003
-0.03022494972
-0.02904008106
-0.03022596634
-0.03127169492
-0.03019007434
-0.02665126443
-0.02004404542
-0.01149124638
-0.002430759561
-0.01478106276
-0.0205222425
-0.02664154798
-0.03017508288
-0.03206471325
-0.03270425406
-0.03231916941
-0.03197274345
-0.03231552233
-0.03271101132
-0.03207167521
-0.03018654838
-0.02666011512
-0.02054050647
-0.0148267704
-0.01826676999
-0.0235098543
-0.02835379459
-0.031262725
-0.03270755016
-0.03338866668
-0.03340989842
-0.03340435095
-0.03341503796
-0.03339419997
-0.03271027256
-0.03127186592
-0.02836526092
-0.02351384511
-0.01829117012
-0.01501028799
-0.02073417204
-0.02638348044
-0.03023422717
-0.03234053432
-0.03341446672
-0.03406224067
-0.03447450037
-0.03406794958
-0.0334195477
-0.03233719831
-0.03024520531
-0.02640066548
-0.02073897038
-0.01503951797
-0.0119116906
-0.01794486163
-0.0242292145
-0.02904654266
-0.03200470173
-0.03341195816
-0.03447836823
-0.03537357842
-0.03447805197
-0.03341339743
-0.03200587187
-0.02905216059
-0.02423683613
-0.01793523728
-0.01191460341
-0.01488013105
-0.02065731492
-0.02634677747
-0.03021750987
-0.03232445342
-0.03342040593
-0.03407254997
-0.03448042768
-0.03406962726
-0.03341539258
-0.03229995857
-0.03021052983
-0.0263370747
-0.0206186463
-0.01483049142
-0.01829643455
-0.02355830439
-0.02837800956
-0.03127465959
-0.03271367348
-0.03339484825
-0.03342068556
-0.03341701146
-0.03341740593
-0.03338814844
-0.03268687267
-0.03127531822
-0.02839538683
-0.02357841036
-0.01833055628
-0.01480814626
-0.02056153959
-0.02666614914
-0.03019275736
-0.03207706544
-0.03271790482
-0.03232962262
-0.03201052449
-0.03232658063
-0.03270103714
-0.03207018938
-0.0301920825
-0.02667768043
-0.02056829465
-0.01483168839
-0.002426830199
-0.0115054419
-0.02003717712
-0.02665166965
-0.0301909194
-0.03127303853
-0.03023128285
-0.02905016452
-0.03022124296
-0.03127018503
-0.03018708038
-0.02663963215
-0.02003855775
-0.01149492598
-0.002429052986
0.02274458708
0.01014937603
-0.006175095003
-0.02004542524
-0.02665930151
-0.0283635749
-0.02637218209
-0.02423162805
-0.02635737834
-0.0283716442
-0.02665501481
-0.02002553731
-0.006176387963
0.01013754074
0.02273683409
0.0572732528
0.0378422294
0.01017603572
-0.01149216185
-0.02052811942
-0.0235064646
-0.02068698012
-0.01792910165
-0.02066520073
-0.02353142666
-0.02052492261
-0.01145946814
0.01016636497
0.03772716319
0.05706255831
0.08512325956
0.05734390372
0.02277831556
-0.00242344831
-0.01479471018
-0.01825830593
-0.0149693172
-0.01191232573
-0.01492593487
-0.01827094273
-0.01477775699
-0.002383899057
0.02275197479
0.05711549402
0.08399052899
0.07990971606
0.05462453078
0.02167492857
-0.002438678149
-0.01438737505
-0.01773156949
-0.01465048247
-0.01171168847
-0.01465546515
-0.01774418504
-0.01439660457
-0.002444599708
0.02167597036
0.05472021738
0.08067061172
0.05521778473
0.0361242395
0.009809008497
-0.01098336836
-0.01992454551
-0.02282071863
-0.02015574208
-0.01751487438
-0.02015953548
-0.02283507836
-0.01993795235
-0.01099490185
0.009767246201
0.0360509083
0.05506841657
0.02201221235
0.009939632146
-0.005836966199
-0.01929140605
-0.02575586719
-0.02754365197
-0.02565015758
-0.02361769395
-0.02565334308
-0.02755272274
-0.02576452461
-0.01930553068
-0.00588399096
0.009850323401
0.02185793031
-0.002301600315
-0.01090621902
-0.01927170894
-0.025796971
-0.02932687897
-0.03040347197
-0.02941922393
-0.02830354232
-0.02941999942
-0.03040800198
-0.02933548682
-0.02581151254
-0.01930334603
-0.01094836334
-0.002382358057
-0.01433937819
-0.01988982971
-0.02573893183
-0.02932109055
-0.03119988069
-0.03183611768
-0.03148078644
-0.03120630183
-0.03148499122
-0.03182745096
-0.03120483858
-0.02933336187
-0.02576005998
-0.01991130231
-0.01438096637
-0.01770679025
-0.02280173348
-0.02753297772
-0.03040070723
-0.03183571706
-0.03254574019
-0.03259046436
-0.03260519812
-0.03259445477
-0.03254751852
-0.03183751241
-0.03041209291
-0.02755038191
-0.02281136664
-0.01773505789
-0.01465125106
-0.02016027555
-0.0256574492
-0.02942586018
-0.03147274544
-0.03259245031
-0.03324840103
-0.03363181022
-0.03325199953
-0.03259594098
-0.03148281078
-0.02944004203
-0.02568133236
-0.02017401748
-0.01468787981
-0.01167976871
-0.01749900029
-0.02361367149
-0.02830620097
-0.03118492153
-0.03260804639
-0.03363513253
-0.03424015585
-0.03363375736
-0.03260804721
-0.03118942943
-0.02831524105
-0.02362858649
-0.0174986943
-0.01169202698
-0.01454360798
-0.02009932706
-0.02562379531
-0.02941092924
-0.03147908037
-0.03259918078
-0.03325640904
-0.03363573872
-0.0332527558
-0.03259539755
-0.03148652682
-0.02940969382
-0.02562169416
-0.02007041393
-0.01450302328
-0.01773312132
-0.02283817573
-0.02755379926
-0.03041018673
-0.03183751575
-0.03254748132
-0.03259807814
-0.03261069557
-0.0325935658
-0.0325453563
-0.0318520992
-0.03041597423
-0.02757541275
-0.02285943773
-0.01777275703
-0.01436272626
-0.01991917815
-0.02575755286
-0.02933730873
-0.03120862173
-0.03183239158
-0.03148487796
-0.03118605311
-0.0314722205
-0.03183928296
-0.03120996692
-0.02933957373
-0.02578797748
-0.01992536672
-0.01439197744
-0.002386057714
-0.01096653886
-0.0192979771
-0.02581315246
-0.02933711055
-0.03041123777
-0.0294262271
-0.0283116633
-0.02941579915
-0.03040940838
-0.02933489578
-0.02580470702
-0.01929975333
-0.01095930697
-0.002395513212
0.02180246581
0.009820338727
-0.005880080513
-0.01930716549
-0.02575775218
-0.02754726441
-0.02565234967
-0.02362163341
-0.02563828203
-0.02755320445
-0.0257800464
-0.01928690272
-0.005889976309
0.009797719979
0.02178257744
0.05494533164
0.03609289265
0.009858932103
-0.01095099167
-0.01990073248
-0.02280062637
-0.02012679295
-0.01749114653
-0.02011126315
-0.02281772378
-0.01989063154
-0.01092377434
0.009827736785
0.03593505583
0.0547614724
0.07963537427
0.05504976777
0.02187302806
-0.002372243848
-0.01435340826
-0.01770483596
-0.0146216965
-0.01168832032
-0.0145910809
-0.01771901809
-0.01435057759
-0.002349035587
0.02180117592
0.0547971717
0.0799496265
0.07730366955
0.05196749677
0.02068952289
-0.002453336752
-0.01399975296
-0.01723207871
-0.01432839555
-0.01153925911
-0.01433354247
-0.01724160957
-0.01400500065
-0.002467778514
0.0206473786
0.05189381633
0.07620584997
0.05248799674
0.03440795079
0.009352943192
-0.01057276146
-0.01930952258
-0.02212593878
-0.01959528465
-0.01710406241
-0.01959988747
-0.02213750167
-0.01931961199
-0.01058648924
0.009298442948
0.03429453565
0.05225459743
0.0209881608
0.009473782266
-0.005676245876
-0.01864015651
-0.02499509487
-0.02671375321
-0.02492622501
-0.02302738477
-0.0249292208
-0.02672273464
-0.02500353646
-0.0186514229
-0.005721298692
0.009384006405
0.02085111069
-0.002323029
-0.01049903695
-0.01862061967
-0.02501181315
-0.02847203133
-0.02953564326
-0.02861141022
-0.02757091473
-0.02861120149
-0.02954094326
-0.02847962842
-0.02502344827
-0.01864758283
-0.01053505274
-0.0023786623
-0.01395060845
-0.01927585158
-0.02497853367
-0.0284665054
-0.03032925359
-0.03091586141
-0.03056510215
-0.03027978523
-0.03055938814
-0.0309343047
-0.03033322753
-0.02847629473
-0.0249907041
-0.01928744701
-0.01396664001
-0.01720452501
-0.0221056151
-0.02670314222
-0.02953337253
-0.03091845842
-0.03155976246
-0.03160979162
-0.03163798966
-0.03161162136
-0.03156113662
-0.03092083622
-0.02954256614
-0.02671644358
-0.02210366762
-0.01720823261
-0.01432713423
-0.0195993521
-0.02493372009
-0.02861960378
-0.03058538676
-0.03161383397
-0.03226354872
-0.03265904018
-0.03226536494
-0.03161342982
-0.03057425958
-0.02862986484
-0.02495344435
-0.01960333732
-0.01434250081
-0.01151168763
-0.01709159891
-0.0230252747
-0.02757783258
-0.03031884761
-0.03164533105
-0.03266297699
-0.0334660168
-0.03265977914
-0.03164258119
-0.03031614269
-0.02758494216
-0.02303734048
-0.01708251203
-0.01150478587
-0.01423635659
-0.01954683091
-0.02490267303
-0.0286043022
-0.03056891337
-0.0316182293
-0.03227033352
-0.03266209761
-0.03226490855
-0.03161024186
-0.03054599051
-0.02860039061
-0.02489849393
-0.01951075833
-0.01418061215
-0.01721750566
-0.02213193931
-0.02672168428
-0.02954178894
-0.03092367716
-0.03156183187
-0.03161596871
-0.03164594595
-0.03161093416
-0.03155285691
-0.03089449054
-0.02954207563
-0.0267365349
-0.02214021833
-0.01723452085
-0.01395641232
-0.0192989587
-0.0250031802
-0.02848204174
-0.03033731043
-0.03092794542
-0.03057015862
-0.03032120193
-0.0305683805
-0.03090769155
-0.03033307382
-0.02848190891
-0.02498025542
-0.01929777697
-0.01395579589
-0.002414768906
-0.01055974745
-0.01864564255
-0.02502595549
-0.02848096701
-0.02954276381
-0.02861706266
-0.02758189014
-0.0286074254
-0.02953785863
-0.02847726917
-0.02501555278
-0.01864863784
-0.01054704975
-0.002398728287
0.02074403609
0.0093387354
-0.005722870775
-0.01865271645
-0.02499392581
-0.02671344104
-0.0249259643
-0.0230300407
-0.02491212886
-0.02671660186
-0.02494602193
-0.01863454167
-0.005737220255
0.009321549687
0.02077413833
0.05197130043
0.03433206505
0.009390809594
-0.01053631529
-0.01927560309
-0.02209214891
-0.01955997994
-0.01707438295
-0.01954533889
-0.02210093571
-0.01926403815
-0.01050882567
0.009355809292
0.03420133259
0.0520273637
0.07728758563
0.05226573847
0.0208755345
-0.002364962506
-0.01394147311
-0.01718536214
-0.0142816675
-0.01150034866
-0.0142572313
-0.01718576544
-0.01392714012
-0.002350401959
0.02078937396
0.05188949421
0.07623585217
0.07187621056
0.04966990987
0.01974585469
-0.002413270726
-0.01353902701
-0.0166701077
-0.01390512396
-0.0112343689
-0.01390845777
-0.01667688028
-0.01354928863
-0.002444472819
0.01966098499
0.04949842525
0.07269364095
0.05009831641
0.03280823749
0.009000539249
-0.01006276181
-0.01864226669
-0.02136415237
-0.01893483835
-0.01656116047
-0.01893575222
-0.02137087215
-0.01865123512
-0.01008203768
0.008925380152
0.03265866697
0.04985091332
0.01999887153
0.009104701364
-0.005423623437
-0.01791242422
-0.02413346571
-0.02579370682
-0.02408758687
-0.02228964137
-0.02408632805
-0.02579759474
-0.0241404951
-0.01792438815
-0.005469619243
0.009018514359
0.01988054196
-0.002298394516
-0.009999416116
-0.01789565369
-0.02415128749
-0.02751101657
-0.02854706789
-0.02767225518
-0.02669113051
-0.02766835389
-0.02854507523
-0.02751398066
-0.02416074879
-0.01791726278
-0.01002377691
-0.002339458242
-0.0134972255
-0.01861368281
-0.02411731765
-0.02750603116
-0.02933222392
-0.02997226576
-0.0296593246
-0.02943900401
-0.0296602262
-0.02994181779
-0.02932985365
-0.02750755171
-0.02412615382
-0.01860719835
-0.01349767655
-0.01664785789
-0.02134876038
-0.02578525473
-0.02854566626
-0.02997254195
-0.03061938235
-0.03069073306
-0.03073218017
-0.0306904278
-0.03061322803
-0.02996160464
-0.02854274315
-0.02577963629
-0.0213235771
-0.01662731533
-0.01390485504
-0.01894248235
-0.02409701521
-0.02768012678
-0.0296531905
-0.03069376622
-0.0313432443
-0.03171867544
-0.03134241539
-0.03068982737
-0.02965747573
-0.02767903958
-0.02409650537
-0.01892294408
-0.01389103867
-0.01121185406
-0.01655397769
-0.02229066658
-0.02669730497
-0.02941404511
-0.03073664225
-0.03172260957
-0.03231858241
-0.03171723175
-0.03073055238
-0.02941381665
-0.02669536442
-0.02228604644
-0.01652527915
-0.01117958367
-0.01382312374
-0.01889138017
-0.02406455232
-0.02766369041
-0.02965849086
-0.03069683651
-0.03134756182
-0.03172000024
-0.03134035142
-0.03068757456
-0.02965701819
-0.02765442461
-0.02404841248
-0.01884225432
-0.01374927717
-0.01664616265
-0.02136630363
-0.02579902316
-0.02854976907
-0.02996975906
-0.03061805777
-0.03069428412
-0.03073445663
-0.03068773904
-0.0306104132
-0.02997760958
-0.02854591003
-0.0258018811
-0.02135701417
-0.01663975651
-0.0134838569
-0.0186351658
-0.02414074903
-0.02751776695
-0.0293352563
-0.02996212529
-0.02966147619
-0.02941193164
-0.02964863641
-0.02996880019
-0.02933093398
-0.02751460165
-0.0241573207
-0.0186161994
-0.01345189995
-0.002384464179
-0.0100525084
-0.01791497397
-0.02415870495
-0.02751284153
-0.02854566713
-0.02767115739
-0.02669554271
-0.02766190426
-0.02854277994
-0.02751044828
-0.02414921248
-0.01791074349
-0.01002220085
-0.002345951308
0.01975759326
0.008977609903
-0.005459479807
-0.01791565146
-0.02412874637
-0.02578136093
-0.02407607909
-0.02228412384
-0.02406356209
-0.02578558762
-0.0241372514
-0.01789681324
-0.005464511982
0.008986667238
0.01982206143
0.04952602557
0.03271115104
0.009044983296
-0.01001428309
-0.01859859554
-0.02131875065
-0.01889045676
-0.01652446643
-0.01887782709
-0.02132722312
-0.0185864634
-0.009983906812
0.009021216623
0.03261897536
0.0495286358
0.07170717896
0.04988450153
0.01993406173
-0.002312219209
-0.01347116294
-0.0166082082
-0.01384214828
-0.01118236519
-0.01382302481
-0.01660284876
-0.01343687474
-0.002297913486
0.01984410024
0.0493684269
0.07219033645
0.06935163835
0.04681711818
0.01875993805
-0.002423538283
-0.01312101731
-0.0160792277
-0.01361487668
-0.01110601257
-0.01361092718
-0.01607797189
-0.01313047609
-0.002470276516
0.01863041582
0.04653345016
0.06830980265
0.04703985547
0.03096249701
0.008520606803
-0.009678663671
-0.01798506468
-0.02056141685
-0.0183774464
-0.01616086025
-0.01837048723
-0.02055649666
-0.01798835518
-0.009715341161
0.008394584012
0.03076482485
0.04685251051
0.01893960738
0.008600057011
-0.005298282324
-0.01726436514
-0.0232849874
-0.0249563755
-0.02336342673
-0.02169455301
-0.02335338523
-0.02494869918
-0.02328911372
-0.01729300087
-0.005383363771
0.008462816428
0.01880289186
-0.002330733206
-0.009626709087
-0.01724910987
-0.02327477605
-0.02665237302
-0.02766925781
-0.02685220963
-0.02594195741
-0.02684026303
-0.02765802552
-0.02665040054
-0.02329130072
-0.0172927344
-0.009685634705
-0.002388243577
-0.01308395858
-0.01796107099
-0.02326917205
-0.02664764644
-0.02844809097
-0.02896415663
-0.02865911321
-0.02841079522
-0.028641663
-0.02897221672
-0.02843710525
-0.02664622702
-0.02328011271
-0.0179646455
-0.01308607569
-0.01606179976
-0.02055438562
-0.02495079429
-0.02766887495
-0.02896774147
-0.02958077474
-0.0296598171
-0.02970611049
-0.02965366517
-0.02956772293
-0.02895072175
-0.02765238807
-0.02492791208
-0.02051574467
-0.01601512535
-0.01361965121
-0.01839260722
-0.02337653393
-0.02686197798
-0.02867692149
-0.02966445678
-0.03030086856
-0.03066793451
-0.0302953513
-0.02965146751
-0.02864441657
-0.02684105416
-0.02334956521
-0.01835065174
-0.01357349345
-0.01109367793
-0.01616277087
-0.02170229549
-0.02595350826
-0.02845609483
-0.02971430473
-0.03067296038
-0.03132333899
-0.03066439082
-0.02970262104
-0.0284389621
-0.02593578618
-0.02167565727
-0.01611884237
-0.0110388702
-0.01353659066
-0.01833814767
-0.02333934928
-0.02683983342
-0.02865159449
-0.02966062191
-0.03030178177
-0.03066765999
-0.03029422889
-0.02965058813
-0.02863349472
-0.02682427346
-0.02331404585
-0.01829112838
-0.01346047219
-0.01604249099
-0.02056038271
-0.02495323057
-0.02766221439
-0.02895820988
-0.02957157054
-0.02965675412
-0.02970805507
-0.0296527766
-0.02956597113
-0.0289352868
-0.02765732484
-0.02495331272
-0.02056260414
-0.01603500239
-0.01303987752
-0.01797448747
-0.02328155501
-0.02664669725
-0.02843768535
-0.02896142773
-0.02864752676
-0.02845094493
-0.02865191103
-0.02894829038
-0.02843843277
-0.026647755
-0.02329542212
-0.01797403132
-0.01300720073
-0.002395312085
-0.009664325358
-0.01725568515
-0.02326704913
-0.02663778793
-0.02765237775
-0.02683790083
-0.02594150392
-0.02683446676
-0.02765729784
-0.02664461472
-0.02326373965
-0.01725469574
-0.009649623359
-0.002372600291
0.01874767321
0.008491269636
-0.005319506864
-0.01725150246
-0.02326160509
-0.02492686096
-0.02333788844
-0.0216832528
-0.02333229495
-0.02494251026
-0.02328987906
-0.01723987838
-0.005318920522
0.008499563893
0.01879656938
0.0466107806
0.03088665814
0.008554988961
-0.009629420061
-0.01793607154
-0.02051657183
-0.01833270443
-0.01613152192
-0.01832824674
-0.0205379696
-0.01794291154
-0.009608517406
0.008538656954
0.03079071443
0.04664617101
0.06931922946
0.04699288875
0.01892098509
-0.002320927887
-0.0130452549
-0.01600924716
-0.0135408455
-0.01105589335
-0.01352863418
-0.01600698891
-0.01300432709
-0.002319613023
0.01883337638
0.04655315792
0.06830032435
0.06383290076
0.04430698828
0.01765827744
-0.002480466258
-0.01272104136
-0.01560272021
-0.01321843499
-0.01082646665
-0.01320731539
-0.01559587788
-0.012724265
-0.002516077235
0.01756334621
0.04410097643
0.0641753304
0.04448330358
0.02936458148
0.008020226087
-0.009273906695
-0.01735927978
-0.01983878945
-0.01772288019
-0.01563005299
-0.01771312655
-0.01983235623
-0.01736325998
-0.009306327796
0.007904131882
0.02915214525
0.04437359204
0.01781514431
0.008090433293
-0.005168544877
-0.01661729663
-0.02241463317
-0.02402162556
-0.02251757444
-0.02094604031
-0.02250244986
-0.02400981524
-0.02242146659
-0.01665132213
-0.005255727687
0.007924961229
0.01768401321
-0.002400765924
-0.009224732436
-0.0166035728
-0.02247556806
-0.02567058395
-0.0266528152
-0.02588057742
-0.02502420102
-0.02586617165
-0.02663799228
-0.02566827246
-0.02249319266
-0.01665961061
-0.009328280912
-0.002491828755
-0.01270186132
-0.01733236544
-0.02240066553
-0.02566601757
-0.02741368851
-0.02807088092
-0.02780099409
-0.02761474024
-0.02779854926
-0.02805896279
-0.02740571508
-0.02566950672
-0.02241276879
-0.01737545593
-0.01274592708
-0.01558929051
-0.01983430867
-0.02401736656
-0.02665291304
-0.0280698928
-0.02862523079
-0.02872023105
-0.02877276413
-0.02871024094
-0.02860624792
-0.02806200802
-0.02663638612
-0.02399921112
-0.01982136103
-0.01557441443
-0.01321507562
-0.01773877107
-0.02253016698
-0.02588974625
-0.02779884513
-0.02872598858
-0.02935072442
-0.02969947383
-0.02934018393
-0.02870582614
-0.02778664693
-0.02585978929
-0.02249431947
-0.01769582033
-0.01316615204
-0.01082961928
-0.01563456165
-0.0209546066
-0.02503392467
-0.02758677507
-0.02878027725
-0.02970583271
-0.03031930556
-0.02969401451
-0.02876564998
-0.0275752783
-0.02500621227
-0.0209138804
-0.01558301732
-0.01075654502
-0.01313062807
-0.01768199822
-0.02248627204
-0.02585893598
-0.02779002302
-0.02871230876
-0.02934490773
-0.0296975212
-0.02933898607
-0.02870793732
-0.02778412064
-0.02584375883
-0.02245681209
-0.01763989401
-0.01305948652
-0.01553592826
-0.01983104115
-0.02400178062
-0.02662561507
-0.02804395428
-0.02859980751
-0.028704504
-0.02876631022
-0.02870763456
-0.02860650611
-0.02806005707
-0.02663313478
-0.02401034043
-0.01984868617
-0.01552016543
-0.01257839051
-0.01733832386
-0.02238921494
-0.02563336272
-0.02737263407
-0.02802831054
-0.02777804456
-0.02756373089
-0.02777674804
-0.02804834568
-0.0273935807
-0.02565859419
-0.0224139186
-0.01738032178
-0.01256013537
-0.002403409701
-0.009224860115
-0.01657006549
-0.02242918123
-0.02561753195
-0.02660454886
-0.02583918477
-0.02500320179
-0.02584677177
-0.02662999524
-0.02565411487
-0.02245529329
-0.01660244692
-0.009264720594
-0.002423928399
0.01770801294
0.008045914118
-0.005134970769
-0.0165601294
-0.02234443144
-0.02395868249
-0.02246211565
-0.0209146243
-0.02246815624
-0.02399755403
-0.0223942384
-0.01658431878
-0.005171856568
0.007989005462
0.01768971922
0.04421940031
0.02934455355
0.008078634825
-0.009204223101
-0.01729043262
-0.01977878064
-0.01765942583
-0.01559486945
-0.01767019883
-0.01982778826
-0.01734440377
-0.009217687102
0.008030167578
0.02919047122
0.04415508547
0.06343939401
0.04457873339
0.01785861847
-0.002352865807
-0.01262054159
-0.01550806921
-0.01310611193
-0.01077500745
-0.01310695274
-0.0155007514
-0.01256401175
-0.00236143217
0.01774622706
0.04410167854
0.06385270872
0.06126925701
0.04185857855
0.01687900529
-0.002321097912
-0.01213171414
-0.014980661
-0.01284697062
-0.01061419727
-0.0128940504
-0.01513496653
-0.01231463075
-0.002239371476
0.0174703278
0.04278810686
0.0622873262
0.04182759695
0.02784052045
0.007768809682
-0.008741194776
-0.0165613978
-0.01898386036
-0.01704148293
-0.01515054009
-0.01712118465
-0.01912718533
-0.01666509409
-0.008539418205
0.008442494033
0.02884403574
0.04301955517
0.0169892456
0.007817889361
-0.004858380029
-0.01583531604
-0.02140577537
-0.02301824418
-0.02164989221
-0.02026443137
-0.02173705045
-0.02313878287
-0.02144143764
-0.01561054657
-0.004323984431
0.008429266175
0.0175541527
-0.002303154141
-0.008723879371
-0.01583053604
-0.02153259608
-0.02466755954
-0.02560593046
-0.0248908805
-0.0241607408
-0.02499942463
-0.02571310575
-0.02465562946
-0.0213654879
-0.01558536953
-0.008615338334
-0.002380736448
-0.01216862277
-0.01656743134
-0.02140851395
-0.02465856379
-0.02635412181
-0.02683201653
-0.02655708792
-0.02635273556
-0.02661509695
-0.02687540066
-0.02629457578
-0.02463186823
-0.0214208953
-0.0167962759
-0.0126165675
-0.01496417482
-0.0190026903
-0.02304401502
-0.02561197757
-0.02683184585
-0.02746194359
-0.02756273587
-0.02760265527
-0.0275632366
-0.02751222442
-0.02689202817
-0.02572219564
-0.02319749285
-0.01929035917
-0.01537930752
-0.01281656128
-0.01706439681
-0.02168086233
-0.02491855207
-0.02656925492
-0.02755246816
-0.02818546652
-0.02852405347
-0.02816108469
-0.02756649415
-0.02662929435
-0.02503919441
-0.02183112755
-0.01725996557
-0.0130037772
-0.0106245023
-0.0151306085
-0.02025517931
-0.02417134384
-0.02640484707
-0.02760348938
-0.0285093967
-0.02911271577
-0.02853520396
-0.02762130236
-0.0264094381
-0.02420348239
-0.02031852279
-0.01519632633
-0.01059544495
-0.01276679222
-0.01704018226
-0.0216615918
-0.02493819053
-0.02659545205
-0.02756409688
-0.0281497619
-0.02850971409
-0.0282045119
-0.02758653339
-0.02657344444
-0.02490393334
-0.02164471545
-0.01701338327
-0.01266655381
-0.01497010781
-0.01905213733
-0.02307274895
-0.02563838194
-0.02684675891
-0.0274800656
-0.02755088537
-0.02759038728
-0.02755198432
-0.02747315784
-0.02683436652
-0.02561268112
-0.02303320696
-0.01900460383
-0.01485462677
-0.0120540462
-0.01662575234
-0.02143449132
-0.02465083032
-0.02632620493
-0.02684174582
-0.02656837178
-0.02638044133
-0.02653675898
-0.0268257411
-0.02637330134
-0.02465945276
-0.0214207976
-0.01661408177
-0.0119678503
-0.00223212097
-0.008694926053
-0.01577820483
-0.02148321205
-0.02463182852
-0.0256153065
-0.02491188727
-0.02413389401
-0.02486768791
-0.02558196966
-0.02463635533
-0.02150182292
-0.01583465004
-0.008780526782
-0.00229435637
0.01706042827
0.00791583842
-0.004740667328
-0.01577990696
-0.02139657681
-0.02303701589
-0.02163755336
-0.02021485814
-0.02160347439
-0.02299727903
-0.0213752851
-0.01579413442
-0.004878997499
0.007682658529
0.01688556566
0.0418972998
0.02802634424
0.007912375251
-0.008718040276
-0.01660732276
-0.01902061219
-0.01702595145
-0.01510415361
-0.01698297907
-0.01895670738
-0.01655319283
-0.008703816956
0.007735496756
0.0276097078
0.04188994583
0.06202750798
0.04220341067
0.01717060545
-0.002270609398
-0.01217430181
-0.01497501882
-0.01271962241
-0.01054579681
-0.01264782247
-0.01481221627
-0.01195251414
-0.002200398629
0.01695817671
0.04165532609
0.06051563844
0.05593938578
0.03922675107
0.0162085666
-0.001589738485
-0.01061947169
-0.01345748572
-0.01155126621
-0.009500913032
-0.01205587351
-0.01460898162
-0.01184384607
-0.0005370583428
0.02148769023
0.04757672496
0.0648251243
0.039250527
0.02670402845
0.0080797281
-0.007498567749
-0.01494041976
-0.01722538905
-0.01543696853
-0.01400621509
-0.01615731645
-0.01831957369
-0.01559889831
-0.005654425492
0.01373969573
0.03405244837
0.04576183144
0.01612815347
0.008097534005
-0.003759980733
-0.01426389185
-0.01961251362
-0.02100272083
-0.01978115964
-0.01897875782
-0.02058067625
-0.02189987571
-0.0197160729
-0.01257679467
-5.586558275e-05
0.0126040813
0.01887077315
-0.001801576916
-0.007442744329
-0.01418043266
-0.01975556542
-0.02277918164
-0.02349056552
-0.02281022443
-0.02257191389
-0.02370301912
-0.02431844635
-0.02270326941
-0.01862845817
-0.01266673416
-0.006568400443
-0.002787626621
-0.01082943787
-0.01504596237
-0.0196149907
-0.02269953245
-0.02429291809
-0.02476281031
-0.02444383927
-0.02446329337
-0.02511757777
-0.02558785578
-0.02476157949
-0.02258704622
-0.01985619404
-0.01648109007
-0.01374208748
-0.01335199003
-0.01733803578
-0.02118772111
-0.02353556908
-0.0246871025
-0.02536109137
-0.02549508372
-0.02551080767
-0.02567475678
-0.02593627814
-0.02555418525
-0.02433263937
-0.02227634188
-0.01919159982
-0.01604981645
-0.01129078804
-0.01542456128
-0.01990116855
-0.02294449857
-0.02445250715
-0.02541094469
-0.02615884525
-0.02634251707
-0.02614722586
-0.02573244251
-0.02523208577
-0.02393654108
-0.0211071725
-0.01687850623
-0.01288355797
-0.009356731102
-0.01368075743
-0.01867643192
-0.02246453894
-0.02450585295
-0.02549372472
-0.02636219946
-0.02682694422
-0.02646088656
-0.02567356286
-0.0247000696
-0.02287038002
-0.01938928347
-0.01441896373
-0.009820767834
-0.01169314624
-0.01579532556
-0.02016108818
-0.02333388067
-0.02498459661
-0.02569785585
-0.02611754186
-0.02642225421
-0.02612681254
-0.02571378226
-0.02472513665
-0.02313050168
-0.02014052714
-0.01572468381
-0.01164371918
-0.01396226341
-0.01789779484
-0.02161331827
-0.02400277314
-0.0252767177
-0.02582641319
-0.02570324961
-0.02555546291
-0.0255599099
-0.02558262077
-0.0249897512
-0.0236984018
-0.02121899638
-0.01738167348
-0.01350771903
-0.01108801759
-0.01558413963
-0.02008472749
-0.02306312902
-0.02466655618
-0.02527536781
-0.02499465528
-0.02454772415
-0.02456219863
-0.02482402745
-0.02434881165
-0.02282404442
-0.01974434417
-0.01520303605
-0.01086152158
-0.001519520516
-0.007584631259
-0.01432265024
-0.01997375925
-0.0230573178
-0.02399752371
-0.02336497677
-0.02248972349
-0.0230116476
-0.02357195028
-0.02264467574
-0.0197239895
-0.01432665509
-0.007803853623
-0.002046986663
0.0168097624
0.008780809765
-0.003367798974
-0.01439794314
-0.02014586465
-0.02162738239
-0.02021115307
-0.01869441112
-0.01998594129
-0.02115760552
-0.01951609133
-0.01407698681
-0.003860367811
0.007577962991
0.01562676554
0.04002083629
0.02748109191
0.008620656772
-0.007724418618
-0.01570456991
-0.01786064796
-0.01573563315
-0.01365713335
-0.01561024717
-0.01730221361
-0.01489040537
-0.0073185401
0.008039115144
0.0260444912
0.03843424754
0.05596993584
0.04006129766
0.01653506659
-0.002010386618
-0.01142176904
-0.01395016813
-0.01140515863
-0.009204333137
-0.011560414
-0.01338479146
-0.01052779617
-0.001441741164
0.01636067898
0.03876604972
0.05439394169
0.08602925828
0.1036069589
0.1201082024
0.08787748143
0.09445802287
0.09085638077
0.05197084202
0.09274280503
-0.04010719017
0.04196919297
0.06225415921
0.05353308751
0.05184640613
0.03131609729
-0.06689493739
-0.09645872968
0.007417898294
0.05070106891
0.04900293579
0.05129539902
0.04392890715
-0.1233098883
-0.05006719033
0.03052435813
0.04715578487
0.04525028903
0.04687202648
0.04158792174
-0.1087607555
-0.04330896377
0.03443470813
0.04649321125
0.0360120382
0.02976143506
0.03947250286
-0.07438324819
-0.04479702608
-0.0005190696786
0.02656093379
0.01391828176
0.01137847967
0.02615917721
-0.05582456057
-0.0441199766
-0.01143652334
0.02231151185
0.01164631806
0.01054413695
0.02530607333
-0.04522699038
-0.01983903602
0.009005355317
0.02580970975
0.01453417443
0.0366620232
0.03438732843
-0.04508309422
-0.02454793569
0.009896629268
0.01786028331
0.01459984649
0.0275179428
0.01336071916
-0.04705775731
-0.0287448395
0.001639776439
0.006170675585
0.004226944254
0.004200394885
0.005147483511
-0.05698119605
-0.03837932558
-0.01026489724
-0.03301598967
-0.03257481031
-0.03906024461
-0.0263902969
-0.08334053576
-0.05906411218
-0.03513920568
-0.08267973145
-0.09704774379
-0.08125471234
-0.06383302787
-0.1030513341
-0.1034236995
-0.05247383576
-0.05351752051
-0.0704826778
-0.06928212357
-0.05309401366
-0.02154939385
-0.01996805843
-0.01971408023
-0.01484862254
-0.02003496475
-0.01986267725
-0.01447213017
0.1312810547
0.04566662329
0.02823543259
0.01540496507
0.006757580945
0.003607165742
-0.01126169893
0.05849543022
0.06902791789
0.06499837501
0.02130750188
0.02969822333
0.01333810625
-0.001572927161
0.09147352149
0.05814209784
0.04518884152
0.006811712666
0.008824878397
0.01813087944
0.01741871762
0.02242869489
0.001586805404
0.03106483529
0.00398125448
0.008751185229
0.03078561236
0.05772445348
-0.0751453514
-0.03323667762
0.04267555763
0.003947404529
0.01182378285
0.03741023064
0.06980916311
-0.1274445313
-0.1071678782
0.01473282572
0.007331984619
0.008433687739
0.02869511256
0.05379138687
-0.1342066496
-0.1487415848
-0.02775730037
0.01407643605
0.01524904407
0.02482906697
0.05355551933
-0.1113635518
-0.1328429388
-0.01385834271
0.01947502299
0.01464602283
0.02247772075
0.07887036259
-0.08934420383
-0.06992106432
0.006939108354
0.04454033915
0.03890649361
0.07923088771
0.0753739005
-0.08644298961
-0.03683340735
0.009404562391
0.02872004471
0.02563984438
0.001334876568
-0.08635118101
-0.08832055642
-0.05640813243
-0.01633536288
-0.01125673562
-0.01925864623
-0.01047334331
0.002527170363
-0.09926646508
-0.1080749749
-0.07915229243
-0.1573525284
-0.06046561695
-0.02437492988
0.01556659011
-0.1468001581
-0.2029808932
-0.1503420648
-0.1332441089
-0.05348410386
-0.03432642371
0.02830047149
-0.08227025963
-0.09670049682
-0.06443990712
-0.04917944522
-0.02007743358
-0.02176866668
0.01809427274
0.01315742929
-0.01191023754
-0.01062247635
-0.01430816232
-0.001689884968
-0.002603848573
0.02270613874
0.1413946905
0.1252752282
0.07765744382
0.0516371067
0.01859643843
0.02500084215
0.03662248277
0.02858123946
0.03737114226
0.026714254
-0.01893425204
-0.01356817834
-0.005007352455
0.01824074125
0.0332738848
0.04365537606
0.03677579051
-0.0202673462
-0.004238661576
0.007101629933
0.03338016753
0.02517237742
0.06311534836
0.04218510965
-0.012567798
-0.004386912883
0.01961498355
0.05053202051
0.0004823079373
0.09161554068
0.0376780582
-0.006071698645
-0.002682360599
0.04100510454
0.0609145248
-0.04612755571
-0.01337386006
0.01950229022
-0.001452429969
0.01226824835
0.03476350929
0.05331760374
-0.1100785116
-0.1089435324
0.009056092675
0.008553741803
0.02034309981
0.03112845942
0.0485797628
-0.1091223622
-0.09126393878
0.02234897138
0.01515041709
0.03257056688
0.04079409616
0.07938545553
-0.05872967915
-0.0398317971
0.02945989285
0.04793075151
0.05990683117
0.0665156025
0.04702904595
-0.06423012482
-0.02802921295
0.0124311615
0.029515817
0.02625435084
0.0008520886471
-0.06938179862
-0.08344334874
-0.05036050149
-0.03652760533
-0.0171463126
-0.0007788170291
0.02578756649
0.01318488275
-0.1509023919
-0.135214716
-0.1299830913
-0.08465108944
0.005443918407
-0.002934630517
0.01377898866
-0.1290439127
-0.1549360658
-0.03938306314
-0.01501743753
0.00854833867
0.002525298571
0.01538513523
-0.05614968555
-0.05485691107
0.01106240717
-0.0005422221393
0.005440647759
0.01237371909
0.02137722045
0.06004649452
0.04378111026
0.009086271856
0.01231484123
0.01253880102
0.02135939693
0.02404182112
0.0503055202
0.02414366019
0.008702907453
0.02524368627
0.02506449404
0.03036652099
0.03810539347
0.04078603663
0.05100463554
-0.003642743186
-0.02574677218
-0.01151898326
-0.009674375466
0.02799543701
0.04449090564
0.06607886738
0.02655194123
-0.01534972237
-0.00294195913
0.003082401335
0.0419322522
0.06259179807
0.09479324007
0.02395427513
-0.003918020032
-0.006776837309
0.01212128785
0.04586377235
0.1135842126
0.1306344057
0.02800218423
-0.008085367092
-0.01008586962
0.02734109472
0.0565887442
0.06862546107
0.1050806364
0.02694371084
-0.00271291807
0.02185069193
0.04256884621
0.06891113674
0.04279566107
-0.007473624063
0.01663519927
0.008115110386
0.03622193621
0.05379096611
0.07300998406
0.07980760354
0.02327245594
0.03239538615
0.008039531157
0.0476235327
0.07012422102
0.1153429608
0.06862170194
0.02251731862
0.05617731348
0.05691971393
0.06349930242
0.03429594312
0.03422478141
0.0678823005
0.01578635445
0.01146653958
0.02629665151
0.02253052362
0.009304348874
0.01460216305
0.04245015287
0.01340159397
-0.01368577852
0.003785669126
0.0250485148
0.007988543039
0.02170369185
-0.07160710138
-0.08326600817
-0.02497829114
0.03222905167
0.01503544152
0.009183851275
0.0158638919
-0.07599924986
-0.0535795845
0.07153826826
0.02620233824
0.01052550976
0.01017176537
0.01582663721
-0.0205673935
0.01817366218
0.01921693923
0.00995927837
0.001989587472
0.007504332845
0.01705186619
-0.003197856409
0.01209349988
0.009722983174
0.01148041284
0.005463953948
0.002481697573
0.00753135937
0.01205492861
0.02088734687
0.01679188438
0.0250632646
0.004166029613
-0.01733303898
-0.001433477668
0.03924845818
0.03586640177
0.01904043986
0.005830984891
-0.0009908359085
-0.006810561614
0.01679029616
0.04668458472
0.04193981342
0.02771176603
0.01052916411
0.002105247862
-0.009088238487
0.03800059656
0.03975572395
0.04196258303
0.01966477587
0.006266101288
-4.989912122e-05
-0.006700208329
0.05369004814
0.08145206346
0.07647836836
0.009457446403
-0.005833536154
0.01863915573
0.02525450454
0.06421741287
0.1104898943
0.05726555119
-0.006687170697
-0.00292096539
0.03498587216
0.04503958734
0.06447041687
0.06382546462
0.02164352903
-0.0009531548204
0.007082961824
0.04038564438
0.05806967413
0.05132722221
0.02552237625
0.02323525271
0.0152055178
0.00545027744
0.02804775551
0.09107841818
0.05274414467
0.01639163039
0.03213292915
0.05336604172
0.05174311875
0.03154022772
-0.03497198626
0.07085753278
0.01857716228
0.01424326912
0.01397620753
0.02401246353
0.02215640813
-0.03035694496
0.01183590382
0.01710402975
0.00862085402
0.02305745474
0.02071051828
0.009814223027
0.001097271358
0.03385795904
-0.004849619686
-0.01096958062
0.03762964474
0.03151822582
0.01234512394
0.009105729519
0.02318875385
0.01589123749
0.04552746202
0.03777367095
0.01315408547
0.00902814088
0.009142419603
0.01654363484
0.01326792351
0.02421019457
0.009108516307
0.0003878399496
0.003517541661
0.007216913312
0.01264862116
0.01254303603
0.01194111252
0.00327028232
-0.001655021871
0.005454109467
0.009424881013
0.01422875584
0.02111540649
0.01473549988
0.003464584424
-0.009045099662
0.006181165772
0.009946631224
0.01585049781
0.04506365675
0.08600704222
0.03329530041
0.008293462526
0.005693334862
0.006295683916
0.0153856168
0.03160903651
0.0542334516
0.02084762878
0.002614793612
-0.001101868667
0.009489372578
0.0361359235
0.01647122517
0.03328464293
0.01634714831
0.008273504591
0.0004728974205
0.02144671868
0.04982522219
0.02487428973
0.01804994754
-0.0003278236269
0.01252212503
0.03140797397
0.03223581107
0.05870578411
0.02910314056
0.01562903611
-0.01133553774
0.002512443407
0.04757624421
0.04139854742
0.05105374005
0.01604514984
0.01143244303
-0.007463325311
0.005130445312
0.03955291359
0.06074049322
0.002392604106
0.009087023019
0.01018471846
0.01227862543
0.0007399257534
0.01431779168
0.09123923672
-0.007110707257
0.01114207182
0.03044581589
0.04730769809
0.03113346188
0.01389807394
-0.01192560061
0.01456005398
0.007683769358
0.01226821375
0.01544271644
0.03493367433
0.01299847242
-0.07944763475
-0.03227465907
0.006906422956
0.009409372617
0.01737206445
0.01393354186
-0.005431225507
-0.01628495664
0.0427466639
0.008119119508
0.008151343344
0.02339327023
0.01947226386
0.0100729641
0.009170824158
0.04076271591
0.008849518397
0.02699040235
0.01963980529
0.01250397415
0.0120527516
0.01810837917
0.02628464515
0.01305977078
0.01125313844
0.007273906418
0.004983383125
0.009767062277
0.0181562664
0.01660151675
0.01415616166
0.004718972863
0.003503720734
0.005569775448
0.01144225808
0.01639137528
0.01974701168
0.011049664
0.006434546703
0.005654852348
0.008256076245
0.01556027086
0.0200664994
0.02582132003
0.07561669337
0.04658783477
0.01054594024
0.0005355323863
0.01513571058
0.01693663658
0.02728539256
0.03488473716
0.03669690808
0.0007297469638
-0.001972695829
-0.003608752058
0.02433371226
0.0484217383
0.01442210731
0.03663936188
0.00780060283
0.009472662148
0.02036808831
0.03010568805
0.05166517954
0.006115397209
0.007465937831
0.00545537492
0.01883269155
0.04059510387
0.04723349925
0.04838091572
0.0105130598
0.001607273767
-0.01237988605
0.005473114996
0.04471754061
0.06389154766
-0.0001278353264
0.00589329578
0.006037187433
-0.00453798049
0.003077811486
0.04286381624
0.07712349739
-0.06293509073
0.003894589273
0.008915189558
0.01614022704
-0.005638906644
0.01125254544
0.08629338683
-0.05485009683
0.008851378197
0.03463835957
0.0236839349
0.001660289174
0.004882150256
0.07502992963
-0.08521472877
0.00424917659
0.01146758965
0.02112100795
0.05029951007
-0.01203819935
-0.1286221371
-0.06492476381
0.002023943082
0.006047216954
0.01362912779
0.01003690077
-0.01192340562
-0.06277757996
0.04269191585
0.003744930072
0.006209708817
0.01229740805
0.01537509917
0.01175774685
0.009270999841
0.05432418928
0.00726849739
0.01213031849
0.01715258346
0.01706645725
0.02767597538
0.03665822072
0.02941849602
0.01292805623
0.01046099988
0.0142452779
0.01639898859
0.03301819037
0.03945512818
0.01285616551
0.009880399842
0.0093072539
0.01247763256
0.01679363124
0.0331637906
0.03669717455
0.03611203907
0.007732865957
0.009260016966
0.01927812051
0.02498936905
0.04258389956
0.04966113515
0.06151199456
0.04968177897
0.005535282577
-0.009369996637
0.005272993033
0.02312453228
0.02144932194
0.02995817471
0.02885899719
0.004064440106
-0.007613573415
-0.004456237715
0.01558273153
0.03229385303
0.03898179466
0.02233128935
0.005317278401
0.003852472137
0.01356322274
0.03172419353
0.04035086448
0.05421185085
0.002698070999
0.005571449509
0.005816690638
0.02384905093
0.0513674473
0.05062104513
0.06347937823
0.004628882904
0.002031449748
-0.006437929314
0.009327252966
0.04750852555
0.07571902209
0.005490271787
0.00413676175
0.008695211411
-0.001945276483
0.0004621196678
0.03399848279
0.06251762453
-0.1064673773
0.002944984623
0.01061131098
0.0143501443
-0.007425045132
0.01084668211
0.07342203799
-0.02661902925
0.005874462093
0.02474513277
-0.0001105899417
-0.02146676219
-0.0153677028
0.137506126
-0.1938352264
0.003373954488
0.01099265372
0.03385260833
0.02855667753
-0.02034521111
-0.1099683566
-0.2590919372
0.000776589921
0.007416120735
0.01808833842
0.005100883255
-0.005795144672
-0.0987800322
0.0136617872
0.00631014574
0.01173373272
0.02503277854
0.02752535034
0.01379407028
-0.009528330079
0.02387266143
0.02065817015
0.02571780797
0.04030357693
0.04575969414
0.04535686498
0.01993773714
-0.004819183211
0.02940586536
0.03513583519
0.05177565696
0.06012859723
0.0552322784
0.03286964205
0.004620243347
0.02044722727
0.03317438153
0.05718966128
0.06083996779
0.06457812176
0.0508597604
0.04892453997
0.01682461631
0.03284206541
0.05000462476
0.05204995337
0.07268055392
0.07657990454
0.09020144673
0.01619772953
0.0003676257761
0.01230754642
0.0276894691
0.01708201958
0.02091201795
0.01014231492
0.008521448631
-0.002014309557
-0.01101931475
0.001842583781
0.02362820926
0.02677271431
0.02835475705
0.008869431545
-5.175707406e-05
0.0006675577114
0.02001382444
0.03896944077
0.0415126986
0.05223284161
0.006159734754
0.002274292045
0.005999359491
0.02771377641
0.04790018
0.06451601428
0.1300679627
0.003902600821
0.002298318931
-0.002975862227
0.007215138085
0.04840820405
0.06791695607
0.09153320855
0.004691947086
0.01392901275
0.0008050121447
-0.0003095486514
0.02032074715
0.05106450246
-0.09102410108
0.003600448565
0.01099692709
0.008776376526
-0.01205154289
0.008555002587
0.07007736386
-0.02873493965
0.003184423799
0.01017051309
-0.006386545872
-0.02835399007
-0.01738685465
0.06640652472
-0.1918785542
0.00666249406
0.01626399605
0.04416921678
-0.0003767441531
-0.0573909842
-0.08631043312
-0.7240238934
0.01136636145
0.01814707844
0.02854632151
0.002794504431
-0.01379594526
-0.08933667562
-0.1744092459
0.04425266893
0.05481499719
0.06329661743
0.03584180426
0.0004240507783
-0.02360846887
-0.04948610711
0.06784846815
0.09338231968
0.1079151375
0.07602524097
0.03158089204
0.02606775933
-0.02266700912
0.07387409234
0.1037328441
0.1103308816
0.06835750027
0.04860796117
0.04036511276
0.02745869616
0.06624118449
0.08231458378
0.05965797643
0.04884436017
0.04929230163
0.05675266481
0.0620740011
0.03476371137
0.04322331294
0.04536274188
0.05052975596
0.04496565605
0.0451180376
0.06540024138
0.01035589792
0.01049585658
0.02578875727
0.0167495221
0.007697957399
0.0009565126276
0.00244428739
0.002069351521
-0.00744763016
-0.008779855805
0.01124497347
0.02460396345
0.02856200646
0.01806727256
0.001509476597
-0.001453302588
-0.002124806871
0.0120417362
0.04712243321
0.05874289058
0.09040738641
0.003663184985
0.0001485395408
0.005761105876
0.02470742389
0.03169302848
0.09054214759
0.1733178118
0.002930853208
0.002084477867
-0.001520502106
0.009178735654
0.02873585865
0.120333898
0.260894955
0.004781044294
0.01649350135
0.001841058119
0.001760533173
0.02451963112
0.124701119
0.2612422094
0.005086980646
0.01157263821
0.005695001031
-0.01220136899
0.006878274179
0.09437242277
0.1621473017
0.009414991728
0.003382277933
-0.001303785848
-0.02431077196
-0.02671250055
0.03404700222
0.06051368148
0.02561411804
0.01939896656
0.04325179111
-0.03081537889
-0.09550490715
-0.09758961562
-0.4851136018
0.06242172612
0.04937940671
0.02948816655
-0.002843268885
-0.02105570066
-0.1092547204
-0.7647377186
0.09869418811
0.09916596957
0.0661828567
0.0223453732
0.01390935101
-0.01269484415
-0.2163732127
0.1150123657
0.09271124343
0.05239054064
0.03657846563
0.04328816846
0.05234176796
-0.0302135481
0.1111328662
0.07515402782
0.03783808687
0.02699812975
0.05459214025
0.06528962481
0.06069124975
0.07234622234
0.04408084674
0.03128760858
0.03165734676
0.04474785967
0.06577250182
0.08584872184
0.03216239257
0.03066115943
0.03464099701
0.03041517589
0.0244538339
0.02474367545
0.05199263293
0.0152683143
0.01428704719
0.006814837118
0.004169299053
-0.001325875759
0.00914372405
-0.0002014346328
-0.001930864226
-0.008289269659
-0.006951024041
0.01124891358
0.02602147272
0.0419431549
0.08539501973
-0.001234506755
-0.005971923609
-0.003948732406
0.002645076245
0.02315703984
0.09583907683
0.2363134091
-0.001298135897
0.002082585304
0.008076540236
0.01720843297
0.01956381032
0.1527414227
0.3469164508
-0.000218646309
0.0009639339836
0.0002855568629
0.01750725012
0.02232071185
0.1716284319
0.4289834892
0.004426842907
0.0202337392
0.00182683388
0.00742144807
0.02700876713
0.1976717756
0.6622447766
0.01236554373
0.01655932863
0.01021830389
-0.008880276722
0.00403269736
0.1704037748
0.6538324863
0.0318026464
0.009201423593
0.005788915948
-0.01738359459
-0.04748690043
0.07190105112
0.285277373
0.05653959985
0.01910984463
0.02679490037
-0.05477441545
-0.1506024584
-0.162878502
-0.1991847902
0.02745857515
0.05028451243
0.03254818707
-0.006160028304
-0.04117535501
-0.245337828
-0.3123808041
0.01759125395
0.01304323158
0.0081919186
0.01309597555
0.02750927786
-0.006514828684
-0.3117164489
0.02264676194
0.007543627359
0.003838823366
0.02389896522
0.06332086818
0.1146342912
-0.02534900481
0.02797260609
0.01186967328
-0.001419193569
0.03015977109
0.07586592351
0.1232203209
0.1232122984
0.03397389838
0.01020627463
0.01379524975
0.03885735686
0.06004680686
0.1048831457
0.1270294348
0.03329496768
0.03138727067
0.03048278224
0.01849278829
0.03323578152
0.0499039762
0.07706959339
0.01625914425
0.00478208254
-0.001416939956
0.00452617537
0.01273487635
0.01632932679
0.05043064906
-0.001840541471
-0.01181307067
-0.008130261126
0.0008510837729
0.03142727681
0.05886888392
0.1262958195
-0.002011109451
-0.005298214502
-0.003082030675
-0.001155882994
0.007074976318
0.05632729883
0.4223131566
-0.001261452047
0.008775931912
0.01143696942
0.01338280612
0.01917379214
0.1319345256
0.7633352887
-0.008706426692
-0.006358963364
-0.005116425153
0.02547131643
0.0258391103
0.2148986593
1.012456822
0.006032099346
0.02144549125
0.001302312125
0.01446152049
0.0242169022
0.2006809158
1.057441709
0.03279337784
0.05598934798
0.01851907864
-0.0001883851423
0.005031564834
0.1253156612
0.957043611
0.06297235953
0.02840432461
0.02061561146
-0.005816184207
-0.03949709809
0.02310986331
0.705226201
0.04114509975
0.02202319543
0.02082177461
-0.02366894773
-0.2357342059
-0.2939204824
-0.03421311204
-0.007382396671
0.02099110658
0.03378592586
0.01037627392
-0.1012922688
-0.3893858503
-0.377884666
-0.007383022512
-0.01526038258
0.002439043195
0.02388231683
0.0640642203
0.07172397545
-0.5131006639
-0.003433072186
-0.01496394227
-0.008978385434
0.04243957273
0.09734425838
0.1859026664
0.2102390971
0.005852627273
-0.02451061513
-0.0160198928
0.0905573964
0.1557328324
0.2097663829
0.3257477654
0.01595507734
0.00643840415
0.03236954392
0.06691705179
0.1181718071
0.2473675111
0.2428714118
0.03693290611
0.04188632782
0.02383614848
0.02713867946
0.06187378642
0.1504301142
0.1513953549
0.007625865914
-0.005252867044
-0.001862983697
0.007004735001
0.02636563875
0.02421336186
0.0554556188
-0.002015527414
-0.009756721146
-0.00718567305
-0.005075926502
0.01006830342
0.003021705061
0.03805035227
0.002888834738
-0.003394742478
-0.00165881209
-0.007513202991
0.002915218518
0.01907129233
0.1441761551
0.003744560352
0.01022079766
0.01286901029
0.01186948881
0.01121080405
0.06866442344
0.6186891409
-0.01202627746
-0.01115282492
-0.002161963524
0.04450588865
0.01563878295
0.05588717358
0.8769315444
0.003733551434
0.01331757095
-0.005129406988
0.01445959498
0.03805925795
0.02082242241
0.7719419228
0.03824572368
0.06591236628
0.03244654258
0.02079477568
0.03725830998
-0.03078413857
0.5986726831
0.07737075447
0.0506276732
0.05327099034
0.07047508349
0.06511061236
-0.1813406878
0.1829557556
0.02613450118
0.03092716701
0.07243018141
0.1740358767
-0.1578462827
-0.7068405054
-0.2396886542
-0.01140227487
0.01681579035
0.07234626147
0.166091648
0.02995530536
-0.4033752677
-0.9610801189
-0.01691127209
-0.01827816194
0.02619952018
0.1092329182
0.1755548667
0.5302128943
-0.62424365
-0.01352929455
-0.03349134217
0.01892358489
0.134951802
0.1611504968
0.2129886037
0.8695541822
-0.01285845299
-0.04274616644
0.05304312297
0.205170765
0.2019657773
0.0745331716
0.3519996603
0.01733695118
0.0253445888
0.05743280132
0.1220160727
0.2171477429
0.06918849857
0.1241983199
0.04100988921
0.02560223485
0.02615212167
0.05131563062
0.1485268499
0.1753271298
0.1553943838
0.001391340658
-0.008513148892
-0.006882304118
-0.005641221432
0.01218975147
0.0001988889062
-0.008781912966
-0.002845471866
-0.004425880759
-0.005837464619
-0.00738667543
0.003904441509
-0.01648841324
0.01121632356
-0.0004587010417
0.0004664777385
-0.0003844817741
-0.01215001711
-0.009805429013
-0.004965631314
-0.005953303719
0.01529762127
0.02126558139
0.01929468056
0.01241096954
-0.008960094699
-0.01108060326
0.05691274185
-0.0003155597029
0.005487798152
0.01840784561
0.0443327429
0.02778498385
-0.01696447453
0.09377372754
-0.001797539805
-0.0002748315978
-0.008242272519
0.01999418944
0.06537078096
0.07311084127
0.0007145120262
0.004973310753
0.02390096312
0.01356277556
0.005739336743
0.07069211467
0.06186207315
-0.09450758743
0.01307923041
0.033811322
0.02723698948
0.05269752199
0.2979600216
-0.3784679718
-0.1281796425
0.00155572075
0.02707899862
0.1177884156
0.3261735215
0.3831665303
-0.7115003224
-0.6858174124
-0.03121684029
0.03227231874
0.1312399526
0.3406309836
0.4762176524
0.0979817876
-0.6796064289
-0.01086936382
-0.01770223729
0.05590704462
0.1651592981
0.2139926362
0.582179975
1.038287107
-0.01870099174
-0.0230754106
0.03719195695
0.1379238711
0.03859372218
0.2223963997
1.028299474
-0.02196258227
-0.0008056155282
0.07712102456
0.2168934645
0.1948542972
0.0570987304
0.2617004479
0.02385617331
0.02921123033
0.04943444829
0.1874683387
0.2255926405
-0.03299599164
0.05909319379
0.02430284405
0.01545271717
0.02309644358
0.0711043797
0.1912919759
0.06878238992
0.04254790937
0.0004861327697
-0.007066158468
-0.007913835784
-0.009412272948
0.005483811824
-0.0133174173
-0.05753695702
-0.002783377654
-0.001932825685
-0.003934815598
-0.00858418657
-0.00448539948
-0.03472816594
-0.03066688699
-0.002258141895
0.002636272043
-0.003344149439
-0.01559595103
-0.0156557878
-0.05003240544
-0.04621240752
0.01823733081
0.0168776182
0.00755631414
0.00385724691
-0.0007457951643
-0.07156133141
-0.04574806643
0.01910101223
0.03303914226
0.04659928363
0.05093854257
0.03326388301
-0.03044420748
-0.05792285747
0.009424375704
0.005822335188
0.007146845888
0.03971122386
0.07926023974
0.1341142596
-0.0982946566
-0.00177240782
-0.01467931829
-0.0151293261
0.01090164611
0.1096910812
0.4540607799
-0.5830715849
-0.02840404033
0.001259117701
0.01167290883
0.04598471531
0.4139143281
0.3577813353
-1.53527345
-0.02993263909
0.0186000037
0.07496132558
0.2860162184
0.7677994946
0.3273172858
-1.103887203
-0.01972794401
0.006610573986
0.04034530875
0.2492341219
0.7997144291
0.8885573627
0.7399008472
-0.005935075734
-0.02132999008
0.008740801675
0.0722798662
0.2046572263
0.7884143184
1.665926135
-0.01537482948
-0.03141381226
0.05479769992
0.08116918496
-0.03791581073
0.1833752589
0.649024921
0.003916422636
0.0156081118
0.0740696314
0.2043036688
-0.06206821305
0.007266063668
0.1640951295
0.02175189514
0.01977973176
0.04574543218
0.2041854909
0.1895475826
-0.1061571524
0.06580719863
0.00878433771
0.01201515144
0.02356931721
0.08962965401
0.281308149
-0.008617472305
0.02463522607
0.005036980787
-0.002466029745
-0.006816781017
-0.01299718667
-0.002688646566
-0.01035962016
-0.02709916049
0.003698043166
0.004162274189
-0.003608203358
-0.01099310594
-0.01125478126
0.003942346418
-0.03819524411
0.004700482286
0.00551697845
-0.004341636299
-0.02275456486
-0.01090920579
-0.0489064465
-0.05302407358
0.01114915287
0.01321594061
0.001259024865
-0.007938422655
0.01035062255
-0.1033360864
-0.05830110814
0.02176754764
0.04632712499
0.02737531199
0.01156268519
0.03082362939
-0.1585232622
0.2271773291
0.02537753434
0.03878217469
0.05733399712
0.07419353626
0.08097605279
0.1710379198
0.3626985877
0.005070816419
-0.02028907106
-0.03028843092
0.008743551598
0.1007043257
0.6290128727
0.2960036721
-0.01330427056
-0.04526566235
-0.03638445084
-0.01438774857
0.2247765123
2.017644707
-0.09013764529
-0.01838457849
-0.01394742569
-0.001013233966
0.07066002626
0.4693092054
1.644507153
0.6334325538
-0.004638158481
-0.03340633138
-0.01831375531
0.03436413054
0.2871273321
1.857411375
1.1529489
-0.005189314423
-0.01523163168
0.01011663593
0.02310026604
-0.01583354701
0.5866791078
1.692837378
-0.01294050095
-0.005785653513
0.070945564
0.153680186
-0.09439629005
0.1295423701
0.437819905
0.01902810416
0.01838765183
0.06647376828
0.2073791215
-0.1772787227
0.03240256467
0.2355022657
0.01579255779
0.01548958182
0.04586186706
0.1917048551
-0.02661767352
-0.09210370149
0.0929043576
0.00633919261
0.01324502557
0.03493737784
0.1666103605
0.1937149454
-0.2352464139
-0.1668985062
0.007908972423
0.004409793132
-0.004650015821
-0.01135250175
-0.01105089824
0.03593505734
0.06121125038
0.005551105123
0.002670266237
-0.006450299422
-0.0145402284
-0.02385553477
0.08031759014
-0.03727487479
0.007134389288
0.002448752387
-0.007162590372
-0.01685701787
0.001425181112
0.05642316123
-0.01807494406
0.01484732761
0.01224651628
-0.007342729957
0.005367848992
0.0157747178
-0.08493139925
-0.1330253704
0.0219210563
0.04179988016
0.01366946281
-0.007036106248
0.03058737248
-0.2167290932
0.2024604557
0.02915286306
0.08199411022
0.07552806377
0.02412636906
0.05471317557
-0.0424281688
0.9089943981
0.01065425282
-0.0073983556
-0.008443280209
0.01563486308
0.1028847317
0.1756923477
1.566278968
-0.002817124488
-0.04677999586
-0.07181821559
-0.02563627495
0.01326096422
0.3877160594
1.712883015
-0.007919655127
-0.03991801585
-0.03967692128
-0.08949051214
-0.01831447173
0.6913220152
2.071201797
0.008009028925
-0.03645075496
-0.0269480366
-0.05002972461
-0.08985363671
0.266757354
2.434883047
-0.004363553797
0.00277634529
0.06947052237
0.003859206082
-0.05516282109
0.1158347989
0.6310029074
-0.008492376011
0.01043390733
0.1351034603
0.06758334687
-0.01610374213
0.08595932085
0.2237201383
0.01771853568
0.02446165048
0.08566533349
0.1886484497
-0.1433241367
0.04610141236
0.1280238523
0.0130918411
0.0156520877
0.05073561706
0.1829962672
-0.07989205719
-0.03545830743
0.01021769466
0.007085258423
0.01413247719
0.02999146885
0.1278130307
0.07530854749
-0.2827681635
-0.320313115
0.009094132477
0.003320185249
-0.006337362026
-0.01037380047
-0.006030192098
0.0639358849
0.1887391955
0.006372056182
-0.0006030728983
-0.007297967415
-0.01242412876
-0.01226207135
0.05667117711
0.0905548178
0.008543530941
-0.0003147407534
-0.008760018736
-0.009094307497
0.005979537637
0.04487579945
0.05195413179
0.01664303497
0.006947752881
-0.01065866529
0.01230015077
0.02961932138
-0.07937835906
-0.1323926809
0.02952588148
0.04051719305
0.0004092238018
0.0004185894919
0.04496921236
-0.2320292624
0.07095888745
0.04368042252
0.09040156385
0.05495235644
-0.0005160796719
0.03851848776
-0.2149440961
0.4999855085
0.02348426884
0.01405382207
0.02278592915
-0.01194869773
0.06213596492
0.04270715638
1.099042705
0.009532968349
-0.02974316851
-0.06391439991
-0.02887326004
0.07089546956
0.04776088522
1.318819647
0.003843104916
-0.03261755622
-0.05581089026
-0.06700565762
0.02160957615
0.02910985375
0.8522554792
0.02009708668
0.02160072217
-0.02486298957
-0.0382743845
0.0373094967
0.0770678182
0.06218242534
0.004326479079
0.02883446714
0.06637675829
-0.001058771874
0.08083398113
0.1388251496
-0.08615276372
0.006067580949
0.02767083755
0.09559337678
-0.003000492526
0.05874084228
0.1168352216
-0.0876070372
0.02552341844
0.02500124099
0.07546612509
0.03949189011
-0.1005092038
0.09467992895
-0.04370175003
0.01325981054
0.01199808967
0.03945477383
0.1121772541
-0.07479944525
0.02234244677
-0.1238674564
0.01112072822
0.01756897965
0.0232278584
0.1030329656
0.0475503323
-0.268791769
-0.4676555623
0.009099569921
0.003133780899
-0.005704905296
-0.007976744272
-0.002648516727
0.06807083887
0.2231556899
0.006294392084
-0.001243767256
-0.006929736241
-0.01142571906
-0.005679095941
0.04523744587
0.09128603993
0.008435975503
-0.0003705291528
-0.007092733443
-0.006659210766
0.008122950914
0.009304686678
-0.01020931331
0.0150225897
0.00512541477
-0.00849903902
0.01337646237
0.03268802409
-0.01796087608
0.001445221339
0.02567603603
0.02967986548
-0.01074420526
0.002532440947
0.0687749846
-0.1976132183
-0.1722417085
0.03537401433
0.05560685373
0.01134344434
-0.01252975487
-0.03459058281
-0.2124136795
0.07839535981
0.02395616425
0.03183005164
0.001594323971
-0.0002563095456
-0.01345843874
-0.190495557
0.1581567902
0.02128057868
0.001387459534
-0.03354261618
-0.03152635208
0.08366490727
-0.1789233488
-0.02949863687
0.01766062656
-0.01670526926
-0.05950663113
-0.051631235
0.09605032724
-0.02044919737
-0.2562868653
0.01214643014
-0.01943985616
-0.05843368468
-0.05098914785
0.1316369592
0.09351704849
-0.1850354449
-0.003834417876
-0.02688253153
-0.05271253082
-0.03002837976
0.1321886825
0.1520433649
-0.1833368661
-0.01015887716
0.004566244078
-0.004255667406
-0.02039043118
0.06798273527
0.1225017362
-0.1725015418
0.02034646677
0.0139966743
0.02961499641
-0.007262575865
-0.1019972361
0.1006654069
-0.1187099009
0.009166180187
0.004603334652
0.02247946609
0.05792301157
-0.07536310977
0.03044963323
-0.1671395061
0.01349618269
0.01678429039
0.01553309268
0.06360064064
0.0538137384
-0.2672810844
-0.5252760322
0.01500926455
0.0270048932
0.02879564875
0.02746840111
0.02958279215
0.02983614599
0.03165307243
0.01805738619
0.003746242222
0.02449579222
0.01566175048
0.02113469874
0.02384023548
0.02310876006
0.01518564573
-0.05861494172
-0.0288562973
-0.02591898174
-0.01199345096
-0.01181642831
0.006880122959
-0.06661873173
-0.09756508115
-0.09528217075
-0.02931983605
-0.009071220403
-0.0009900129787
0.008138863989
-0.1551383078
-0.05968548726
-0.02357564034
0.03247338887
0.03280110337
0.03780979583
0.03854908713
-0.1233677844
-0.03972227612
0.004109240132
0.04258490125
0.04348339822
0.03832665816
0.03521034766
-0.09772418285
-0.02815230534
0.01791128977
0.04875360959
0.05481669778
0.0521962351
0.05087241803
-0.08341080006
-0.01701359953
0.02614597301
0.050018374
0.07497360884
0.0887471995
0.08010736155
-0.06998436434
-0.0106315786
0.02202529786
0.02480427766
0.02509890606
0.03420150061
0.03891672922
-0.05153807969
-0.009738308252
0.01626998159
0.02093862095
0.01776327439
0.01379147125
0.02262672502
-0.0351770527
-0.0074099369
0.01151777938
0.01377475259
0.01314493739
0.008448730934
0.01293687105
-0.01157862956
-0.008315442896
0.01013531947
0.01122277904
0.008678414588
0.002023832367
-0.001185959882
0.009304751087
0.000268099929
0.009775024738
0.009222523734
0.008510004698
0.0007447364117
-0.003698831064
0.01289267998
0.0113702965
0.009708408772
0.008476766768
0.00783594595
0.008024880007
0.001720168165
0.008103189288
0.0105143494
0.008118739669
0.008726329881
0.00623687139
0.007956094423
0.0116420447
0.01841407174
0.02346323756
0.02556643675
0.02340691462
0.03062991262
0.03003924383
0.03752690384
-0.006182839826
-0.0195395825
0.003328674267
0.01118998162
0.02156127137
0.02985048075
0.04053787496
-0.03342028623
-0.07759776942
-0.05076695655
-0.05211702417
-0.02758759738
-0.01589600398
0.02952745353
-0.05676890215
-0.03347756573
-0.06244984542
0.000917239787
0.004525170562
-1.760924696e-05
0.02201579037
-0.124274335
-0.02317526471
0.03403742587
0.09226289686
0.02443987702
0.02759439756
0.02457526885
-0.1212621729
-0.01568522093
0.04529754375
0.05968207341
0.04805654787
0.02835092514
0.01903330063
-0.100051388
-0.0146285323
0.02482634352
0.04091646399
0.063121913
0.01297442882
0.01302892427
-0.08832213416
-0.01074160933
0.0155661858
0.05945575107
0.1588101114
0.08011325916
0.03467594609
-0.068201579
-0.004858744897
0.04190770746
0.0242142043
0.03028891832
0.04716826088
0.0503252578
-0.03281088934
0.005573733832
0.03210239247
0.02547094372
0.02346764678
0.02588525879
0.03977408136
-0.0122724777
0.0159585948
0.02660792931
0.02108866628
0.01357597827
0.02278830316
0.02363799513
0.001167084038
0.01112407521
0.02205064453
0.01641365782
-0.00300175145
0.004845977106
-0.003912175367
0.009454601252
0.006084527455
0.01805099172
0.009594016603
0.001814097759
-0.02620093336
-0.01870050472
0.00955713153
0.003977230041
0.01262977536
0.01294414761
0.011123995
-0.000173906621
0.004488553551
0.006585423228
0.005645887284
0.009889691698
0.0178027888
0.01563597378
0.007318022227
0.01983262607
0.0155727103
0.01904692584
0.02178790539
0.02446210289
0.03266136174
0.04515491168
0.05025353947
-0.01656056799
-0.004332369608
0.006528822483
0.02126784863
0.0306259574
0.04396312014
0.05129479832
-0.06507047133
-0.08602455202
-0.07078772795
-0.04530993224
-0.006421175589
0.009294447354
0.03986308512
-0.05856825531
-0.04983972519
-0.05686748442
-0.04555843719
-0.03728480282
-0.02116593451
0.0185664185
-0.06650542826
-0.03248968006
-0.03122063249
0.01836477796
-0.02154675922
0.01111574606
0.02283778828
-0.09508175771
-0.04999145558
-0.02433968667
0.0390771106
0.06644327181
0.04397475734
0.04179976246
-0.1063351577
-0.04368855551
-0.01187688715
0.02285041728
0.04684446915
0.02572796464
0.0388183554
-0.0993282239
-0.03864751858
-0.02794534127
0.02454755834
0.07666294266
0.08925959411
0.03775632101
-0.06846571348
-0.01835260973
0.01408592502
0.02167901614
0.0282764997
0.04500514358
0.05298558304
-0.02779488311
0.01925683237
0.03610847306
0.02507635332
0.02671233529
0.02679294059
0.0425392735
-0.01028982261
0.01454613718
0.02670685129
0.0262983482
0.02937862102
0.0275242564
0.03154045744
-0.01099503207
0.006433216401
0.02414008274
0.02132997473
0.01976791286
0.01484329604
0.01229813988
-0.007524292546
0.01179706823
0.02248989561
0.01519077196
0.008377557516
0.0006900146484
-0.007338180176
-0.002872535267
0.00907271853
0.01543467768
0.02077636003
0.02136119862
-0.005324313653
-0.003215781694
0.003910508527
0.008937241399
0.0176279098
0.02737273024
0.02756270507
-0.002126802403
0.003301102453
0.01641851491
0.02123245868
0.03049122438
0.03464721502
0.02962456862
0.04622327708
0.03955626827
-0.01282437721
0.003260523709
0.01155280483
0.02607819607
0.02876651431
0.0278100494
0.03786490401
-0.09416585187
-0.0948990318
-0.06462283936
-0.0516453855
-0.048935786
-0.03259960814
0.0303814004
-0.07466132032
-0.06639023185
-0.07291521796
-0.05687650948
-0.09007294047
-0.06799940405
0.03389119348
-0.05792222826
-0.04962292897
-0.05829504264
0.00181207616
-0.06601121649
-0.05225571474
0.04135539121
-0.08221155581
-0.0847695933
-0.0515440306
0.02857327263
0.009527104236
0.01386489929
0.04587977511
-0.1059303094
-0.1075193664
-0.03163518652
0.02172074052
0.03851078453
0.04094561618
0.07637256462
-0.1088614486
-0.1033494012
-0.03363438593
0.02443598789
0.04354065898
0.07107040346
0.09298023356
-0.0517911615
-0.02479996487
0.01381120035
0.026692739
0.02856555357
0.01167388789
0.0618697227
0.02424409146
0.07998832898
0.05079867324
0.0337105845
0.02062796693
0.02680904076
0.04302500852
0.01321198609
0.03202257698
0.03730342395
0.03697195015
0.02467619911
0.0220634617
0.03360474046
-0.005983090039
0.01959382349
0.04486437898
0.04192451624
0.02796582193
0.02257245157
0.009435480351
-0.01529343294
0.02174095471
0.05026875209
0.04156478912
0.03881007209
0.02492671013
0.005660810141
-0.001921969547
0.02115704562
0.04727632264
0.04684294517
0.04948436125
0.03381726722
0.007300576807
0.01536269458
0.03018415572
0.05179747377
0.05023274932
0.04734782923
0.03661911343
-0.01278631123
0.02512089888
0.03122950633
0.03395435815
0.03329494575
0.01933002014
0.02021599041
0.01969695414
0.009199322709
0.01373016129
0.007196634075
0.00851278499
0.02506581601
0.02892955835
0.0258945223
-0.07696664981
-0.08535178842
-0.1089848963
-0.08412900024
-0.02318816696
0.02503962121
0.03274874572
-0.08657129834
-0.0937786759
-0.1056574174
-0.09190847695
-0.05741051482
0.008814646404
0.0504092878
-0.07083849183
-0.06580072501
-0.04885779961
-0.03670495621
-0.04229996168
0.02059501897
0.05811785852
-0.05938042028
-0.03798306598
0.01123178704
0.02982826755
0.01547921711
0.03782379005
0.07893195995
-0.05370910847
-0.03583332546
0.02030156465
0.03453726475
0.03214229281
0.04630480557
0.1423687651
-0.05099301951
-0.03241514937
0.02333264793
0.04469110944
0.04531929383
0.09123577415
0.129585745
-0.1175111809
-0.09970134858
0.01634154769
0.03153764208
0.05666795915
0.04334465719
-0.01847623699
0.003771265985
0.01504883335
0.04385622679
0.02787695976
0.01917587137
0.0181614038
0.05023761284
0.06470333437
0.05167887186
0.03786683395
0.02873210944
0.0189400271
0.01597468621
0.04534826114
0.01175916503
0.03065871282
0.03403106202
0.02724517977
0.02062454635
0.01222241987
0.01517663338
0.01762366283
0.0514356526
0.04274741895
0.0357154207
0.02932477163
0.01566153985
-0.00195021685
0.03409618436
0.06084461461
0.04494666798
0.04501204356
0.03428087331
0.01920713136
0.005653202935
0.0682758768
0.07441762314
0.05619370245
0.04756369766
0.02878572951
0.01607914024
-0.005236869177
0.02821783311
0.02781319668
0.0280258388
0.02900638086
0.01629824835
0.01289898712
0.01638794224
0.01469207385
0.01221282123
0.0211193336
0.0204796354
0.02007302676
0.009748641852
0.01713885105
-0.03786465032
-0.06089795115
-0.04212183147
-0.02959351676
0.005703353732
0.008626941192
0.01864343087
-0.03170530436
-0.04630431451
-0.05523852263
-0.04509932628
-0.0103623002
0.01133603446
0.0357891609
-0.01269899353
-0.01256556329
-0.0253015504
-0.02075722195
-0.02005217947
0.02981305388
0.07835187814
-0.001495227861
0.006634316585
0.007872315491
0.01938134608
0.01674493621
0.04346174114
0.1181565757
-0.001707610239
0.01278950621
0.01895359598
0.03035538733
0.03067481429
0.03354547158
0.1629126167
-0.001575688407
0.01374414062
0.02722525486
0.03780529289
0.02807278893
0.05772516627
0.1630832852
-0.06416284366
-0.0301090898
0.0255124579
0.03566082313
0.08359813041
0.1153705748
-0.1486496275
-0.02234528016
-0.01390649312
0.04034718699
0.02637878931
0.000812915368
0.01235191614
-0.02145590167
0.04261634888
0.05482280475
0.0409866634
0.02411503962
-0.009322946906
-0.005918479158
0.01775361676
0.02547313686
0.02768657563
0.02187591584
0.005173957608
0.009000908302
0.001640198668
0.01612675901
0.04230392324
0.040635961
0.01885246884
0.01321822962
0.02160220924
0.008146434998
0.02033444401
0.06201328854
0.03528685108
0.02944596613
0.02761346903
0.02217447032
0.01089060797
0.01435975977
0.04245552788
0.025401408
0.01670825144
0.0195118854
0.01766953673
0.006522712158
0.005645122256
0.0199141315
0.02668382846
0.02588134459
0.02738812674
0.02605534779
0.02147022787
0.03044806312
0.02185327408
0.02662809369
0.04572403696
0.03776362144
0.01780716686
0.01369249783
0.02890895686
-0.00214578835
-0.003804545592
0.02069844221
0.03251903032
0.01450991987
0.004272482353
0.01844781958
-0.007948380978
-0.01230126592
0.005951055383
0.01705230814
0.002595756478
-0.01299003043
0.03390136324
-0.00102285579
-0.00408190417
0.002759175915
0.01145912372
-0.0192088436
-0.01740255917
0.06147763943
0.002571161265
0.002767058658
-0.004462220611
0.001201421546
-0.02504917295
0.01552289329
0.1261417886
0.005448551984
0.01367804901
0.02179882461
0.02534023651
0.01053340913
0.01528514469
0.1348752466
0.006778331138
0.02077336999
0.02815712071
0.02172907422
-0.01496779712
-0.07151214859
0.09801022717
0.001244090922
0.02151844415
0.04360589119
0.06973462694
0.1130855491
0.1758198103
-0.03535825117
-0.01189569421
-0.002127523185
0.02699667755
0.01969832812
-0.001297913602
0.0406629307
-0.1337520256
0.002847178688
0.01696879896
0.05081450343
0.01445745784
-0.01305517042
-0.05822272695
-0.03284532557
0.04432059795
0.04713542232
0.01309620315
-0.02382686718
-0.05125198062
-0.0488677952
0.004127153434
0.05304751886
0.0267360419
-0.002256802397
-0.01320850869
-0.01419296228
-0.003469088553
0.03255773995
0.04803450089
0.02922863558
0.03152397677
0.02903446434
0.02801110009
0.03225969694
0.06423119586
0.009845437925
0.01961552886
0.03007432665
0.03053072808
0.02763544572
0.03273160375
0.04493646779
0.01527256841
0.02162700881
0.02685880847
0.03687822968
0.05067692929
0.0530966301
0.06682700869
0.03301429186
0.04045785231
0.0159052765
0.01112654456
0.01953866985
0.0236254712
0.05840485556
0.0150142639
0.02559549654
0.04126292656
0.01047988633
0.005834867422
0.005737466577
0.05055992159
-0.004564778959
0.001343799249
0.03355893435
0.01650397552
-0.01447414444
-0.02128407781
0.02782078765
-0.002511355271
-0.004252724998
0.01713243801
0.01999786572
-0.04201352439
-0.04153384803
0.03139878088
0.0009201233523
-0.01083000294
-0.02852119609
-0.01967833553
-0.04035672549
-0.02371434044
0.0641032919
0.006251393226
0.008962002723
0.008196929587
0.01044134912
-0.01864592921
-0.06410705376
-0.01782539623
0.01060079886
0.02204251139
0.02759398517
0.007939606509
-0.06044972933
-0.2159589764
-0.1165111856
0.0110443834
0.04045117898
0.066147913
0.08257431257
0.1148281553
0.2310763671
-0.08071856211
0.002863847023
0.01271953845
0.02807634747
0.03188558012
0.01138709116
0.01515529731
0.05085775571
0.003705365045
0.009317946313
0.02447167825
0.01629573679
0.003099192479
-0.0538630892
-0.03561592038
0.04440899818
0.0438532365
0.04172827808
0.01997389223
-0.03900616729
-0.08340921311
-0.02468498345
0.06070221142
0.03044107026
-0.01410416617
-0.05129919225
-0.07610398673
-0.0471126457
0.01821224517
0.07026259639
0.06457802616
0.03478408558
0.01937304461
0.01553884921
0.02203049202
0.04469184011
0.0312284924
0.06709507966
0.095262037
0.09195901734
0.08657296921
0.0708611676
0.0673070456
0.01253864189
0.02501419198
0.04828362849
0.07384800633
0.1197442307
0.1374563792
0.1230447223
0.0197152479
0.01087765508
0.008465494612
0.01859587392
0.04120765565
0.06975661498
0.09395801358
0.03130939131
0.038135078
-0.009897142452
-0.006659650965
0.007110135263
0.02436739314
0.07350213872
0.008180590577
0.02968056876
0.02739981243
-0.0334134639
-0.0174771234
-0.006222674072
0.03200042946
0.0007905993692
0.004162977435
0.02302954804
-0.0161297604
-0.04708674048
-0.04893446238
-0.006014379168
0.001571545703
-0.01428114258
-0.01245861264
-0.02102564162
-0.04582548697
-0.05215302393
-0.07247650253
0.004535579946
-0.003387243859
-0.008640677768
-0.01238533738
-0.03444437531
-0.1644361874
-0.3076611689
0.01187925535
0.01783893997
0.02478847433
0.00925652473
-0.06452781943
-0.1283772259
-0.5926439886
0.02025823097
0.0497500369
0.0630050362
0.05103810821
0.008968356258
0.1535049533
-0.06151928733
0.008226943387
0.02542844778
0.04059507308
0.04603284076
0.03385716482
0.0114779519
0.1576939942
0.008167275046
0.01261226639
0.02593047513
0.03883952514
0.04707056127
0.02890389165
0.03130491792
0.02778006746
0.02383213764
0.03101484446
0.04873006102
0.0548166451
0.04904459698
0.00252921445
0.03608587311
0.02150923313
0.0425039928
0.05950832887
0.04537138183
0.04332782416
0.02602658433
0.0956132548
0.05191638691
0.02961180805
0.02624634537
0.01909064746
0.03068441555
0.02225007981
0.09651121876
0.1136317562
0.07193931286
0.07526502768
0.05393394774
0.02218194377
0.01585566374
0.01803924586
0.04826558338
0.09351584992
0.1775962209
0.2969452517
0.2961045936
0.1936413258
-1.566501727e-06
0.004153984891
0.01630573159
0.05330018187
0.1286809149
0.1632896355
0.1295951454
0.01783064806
-0.0196020429
-0.01923860729
0.005896318012
0.03231341313
0.07342074407
0.1135707566
0.03003877349
0.03100564279
-0.03952144768
-0.04091557191
0.003309660465
0.01518298997
0.05995705262
0.01095344047
0.01611165473
0.0053960224
-0.04510904064
-0.04188069897
-0.02238541409
-0.0689378201
0.004527775184
0.002350401593
0.002785734952
-0.02825047002
-0.04581285234
-0.06783729166
-0.4057687718
0.003554422648
-0.009502196472
-0.0166758435
-0.02924281088
-0.0450353192
-0.1465796452
-1.011192916
0.01231291733
0.01911800639
0.02455011707
0.005054326154
-0.07178516776
-0.169473191
-0.375917356
0.02190604366
0.04423496467
0.05577785952
0.005152625769
-0.103114659
0.01981742289
0.1774542407
0.009111218923
0.03511996183
0.05678444942
0.06298577011
0.05040059805
0.1026170682
0.1773109661
0.006196182922
0.02673816487
0.05619709339
0.08480592393
0.1125470743
0.1575942074
0.03391575205
0.006115483769
0.036018727
0.08170632953
0.1323826621
0.1505503378
0.1619427163
0.04372235163
0.01253094566
0.04080291342
0.06203969556
0.05767198042
0.03991621634
0.03971092454
-0.003229738634
0.04591831549
0.0453054309
0.04492622323
0.0422467643
0.01358575336
-0.01112356425
-0.03788583107
0.1093944952
0.09807994139
0.06440567326
0.02477257009
-0.02724887128
-0.001797306816
-0.01224033384
0.03349551804
0.08317830079
0.1974205622
0.4039368958
0.5762497181
0.4274039676
0.2305595755
-0.0006692055604
0.007785406091
0.0514603788
0.1534668931
0.2952932264
0.2666551508
0.1581249187
-0.02130391578
-0.0331476859
-0.01014548631
0.03031458076
0.09539163051
0.1621528584
0.1719217447
0.01119230532
-0.02244963008
-0.06075048586
-0.01972834961
0.03729473193
0.08454784046
0.09789928696
0.0128367541
0.00891333447
-0.01705505737
-0.05672203246
-0.02127276791
-0.006070568281
-0.0747769024
0.003085417001
0.00465522433
0.001876133932
-0.02975448528
-0.04109322031
-0.02592511201
-0.7448624641
0.005822710439
-0.003155482961
-0.01867979763
-0.03656257183
-0.0412629223
0.0268748978
-0.5721757422
0.01278931131
0.02158684172
0.02434774171
0.002676014874
-0.0605016675
-0.458170421
-0.1240645714
0.01957537919
0.05963790281
0.07318408774
0.04099782962
-0.1478974121
-0.109713155
0.2919670395
0.008212371862
0.0273356106
0.06374942629
0.08606385054
0.04024495053
0.1127284248
0.2531744439
0.001379328012
0.02705541798
0.07381032819
0.09916409039
0.121228662
0.1373215153
0.1550481636
0.002122832045
0.04760817987
0.04658241691
0.04050764607
0.03990154646
0.04303052837
0.04270341123
0.0157356435
0.03498572462
0.03304829892
0.02002619809
0.0006493348447
-0.008988589036
-0.0223206093
0.04507836166
0.04236016013
0.02904231867
-0.001972202777
-0.03272974544
-0.003902259015
0.004043333607
0.09503682226
0.07042628984
0.04519980026
0.01244826416
0.00298040203
0.02365265396
0.04778093867
0.04536986784
0.1271896186
0.2167095894
0.3912271051
0.3210106809
0.3258702429
0.1792038288
-0.0008544577249
0.02365827878
0.07988199339
0.2035172439
0.4224606519
0.2768527573
0.1526903078
-0.03399560441
-0.03677289596
0.01297029638
0.05708446501
0.201681336
0.234313583
0.1427134166
-0.01328475254
-0.04026687579
-0.06437238816
0.001360734996
0.08693779944
0.1778646793
0.1176449143
-0.009463554618
-0.004489026794
-0.02478448849
-0.06506383696
0.02399650503
0.1444448252
0.1815857395
-0.001644784672
-0.006192270772
-0.0006963690084
-0.03828401843
-0.004985958976
0.08073191085
-0.4325974908
0.008889454427
0.008295382351
-0.02751925418
-0.05189376534
-0.009120365894
0.2840240688
-0.8884774499
0.01759966825
0.0286333262
0.01372446916
-0.009780567221
0.008449329691
-0.3100642589
-0.2173073013
0.01071760443
0.05869455859
0.1121961631
0.1516036882
-0.06005840889
-0.448161925
0.3090716062
-0.006331683285
0.01101603015
0.04213916348
0.05756892937
0.04943086087
-0.01172486981
0.2241127447
-0.01819751538
-0.009262834484
0.004322579717
0.01405826937
0.04300442095
0.05238748044
-0.00737421243
0.008096193986
0.01334874043
0.0206743887
0.006948927118
0.00618543841
-0.01706818444
-0.08096716895
0.02188935391
0.02234829459
0.01758028037
-0.01968220877
-0.03695837029
-0.04509643352
-0.0651479468
0.0558088015
0.05653101303
0.04548337758
0.01888508767
0.0002482337506
0.01224100434
0.03404350204
0.07067989184
0.06812267307
0.04610256125
0.02131107378
0.01752210069
0.04115203938
0.04972411502
0.06121125503
0.1139767949
0.1631675135
0.2116744758
0.1415889671
0.1703962092
0.1148714506
0.005002606319
0.03387208443
0.06523460578
0.1353508083
0.2645030488
0.1889295183
0.1023077754
-0.03313613893
-0.01214879021
0.01661568302
0.05702727911
0.2155105312
0.2191645062
0.09935394613
-0.01609885622
-0.03380300807
-0.04758300565
0.009581624164
0.1282791728
0.2584491218
0.2572043012
-0.01982855379
-0.01062114869
-0.02405775981
-0.05353869896
0.06466281795
0.3061322259
0.6886742658
-0.01415319047
-0.0019938798
-0.00638256761
-0.0445810224
0.04584794124
0.3666520018
0.6676348905
0.01191801102
0.02138417828
-0.04427267218
-0.07405187818
0.01399049066
0.4428458936
-0.616345119
0.02365422603
0.05299986589
0.02060495419
-0.08159298281
0.003385875706
0.124061958
-0.9384867129
-0.01505231159
0.02257351547
0.08684401223
0.1749673878
0.1257351242
-0.3312487732
0.01956176311
-0.0503187793
-0.0436610706
-0.02892617699
-0.01034677394
0.02393459819
-0.06304813461
0.07127272485
-0.003240744069
-0.006044412813
0.0001778469719
0.02078712587
0.03017921593
0.02913335167
-0.08973422574
0.01661013522
0.01394898297
0.02608023488
0.0482038804
0.004526273205
-0.02241842907
-0.1241340274
0.03303269401
0.03716754984
0.03731253092
0.01164440378
-0.06275709205
-0.07741743381
-0.06627319065
0.08263690202
0.07589653132
0.05078416139
0.02396111795
0.001774537601
-0.06363502388
-0.02795230396
0.05336521149
0.0502130006
0.03127120116
0.01980484742
0.01894614938
0.01046265731
-0.02799400702
0.06831905161
0.08572504413
0.06824678276
0.05079116691
0.06419850529
0.09334013524
0.0814112613
0.01371018893
0.02584539549
0.03844486447
0.07217384605
0.1711267105
0.1279800135
0.04292680195
-0.01118817184
-0.005322697933
0.01192148945
0.0418973334
0.1624772762
0.213833839
0.0769375467
0.008380997397
-0.004668860454
-0.01525098157
-0.00492221105
0.1063418873
0.2600563644
0.3666931797
-0.01797582073
-0.01145688672
-0.01353251977
-0.02893028077
0.03050873945
0.3879702839
0.8356487715
-0.03646078823
0.01522742041
-0.002686362913
-0.04799658761
0.02177342316
0.5421345607
1.436542048
0.006920627913
0.09279796182
-0.01373274157
-0.1524605742
-0.02368673844
0.6370227876
0.8268183864
0.02001543765
0.1007171245
0.1120325716
0.002774419764
-0.172432194
0.3960883552
-0.347468015
-0.07256785604
-0.06141213876
0.04079948637
0.04477604846
0.122892989
0.05849255648
-1.370841377
-0.01864825169
-0.0298772761
-0.02645668026
-0.003674429403
0.01081202098
0.0767098134
-0.6364609013
0.005171157187
-0.002530654606
0.004501465125
0.03832772016
0.03544388063
0.0514395391
-0.2220629252
0.02197283697
0.01990073866
0.07454019953
0.07294996846
-0.01142216548
-0.1040961843
-0.05240192866
0.04750809667
0.04685288237
0.07696937885
0.01484796439
-0.05971704781
-0.1956934221
-0.06979162254
0.0845683934
0.0697970711
0.03916918119
0.02117014529
-0.02579523448
-0.09934088341
-0.04849855322
0.04664857859
0.03537793708
0.02033719983
0.01289156226
0.05057169257
0.02437726724
-0.03903439702
0.06885236675
0.05703243558
0.05333251602
0.07307827201
0.05391894117
0.03232167479
0.05608628591
0.01697172256
0.01868933682
0.02761699443
0.04406101837
0.05119908649
0.05030235776
0.0340962484
0.001142002595
0.002384201293
0.01311273168
0.02719177575
0.06684867725
0.1358595272
0.0290429399
0.02867536347
0.0167794627
0.006431129334
0.01312809461
0.04176520452
0.1813861581
0.1824191286
-0.01593964757
-0.01351301127
0.00945509533
0.01294147612
-0.007186456755
0.1799295554
0.9480342482
-0.05431192724
0.02365533872
0.07550397284
0.01689851788
-0.09262097838
0.3123118696
1.817088442
-0.03468397336
0.08318721028
0.1477291802
-0.01722643252
-0.1737387777
0.5159695498
2.224315391
-0.04481015799
0.1057056027
0.193626666
0.1601141431
0.0264582143
0.3295065103
0.8097724387
-0.06378518037
-0.04959886046
0.01563216423
0.02924922985
0.05492210241
0.3050657695
-0.1308486897
-0.01096130026
-0.0179156574
-0.009136751091
0.01369096162
0.01593394317
0.3277300626
-0.7921965724
0.00110562132
-0.003117313311
0.009045079194
0.07950417656
0.08004375874
0.0841626127
-0.02000096837
0.02089937666
0.02253619105
0.09806557128
0.05100338476
-0.09315277863
-0.2299762686
0.04352301456
0.04450235517
0.04339012185
0.07054209174
0.01510491455
-0.0706568983
-0.1805394225
-0.02609852365
0.07163778411
0.04204407787
0.01588208189
0.02191170909
0.004225120739
-0.05356813078
-0.04327287521
0.03694460947
0.01235443287
0.01687201832
0.06013295639
0.1021077601
0.08010264889
-0.01415319466
0.04313307685
0.03606464091
0.04793131875
0.077516712
0.004063160638
-0.1020735688
-0.09916700253
0.02048620953
0.01963108079
0.03258161758
0.03403465082
-0.04836505018
-0.1276636513
-0.1078496908
0.03440232263
0.02068764387
0.01454768695
0.006932471853
0.05085083279
-0.0620016489
-0.09620096104
0.02144183719
-0.005490952368
0.001720874604
0.03642247127
0.1333317905
0.06341105646
0.07931141854
-0.01698592006
-0.0150393629
0.02704986205
0.1290903519
0.1257188593
0.02325412253
0.1879145997
-0.0545415279
0.0215844838
0.1232310106
0.2046988165
0.01594948894
-0.09106590196
0.4747311079
-0.06791992841
0.06565293682
0.216596727
0.07860431758
-0.06559938791
0.01309961012
1.527158968
-0.09277562759
0.05338186532
0.1864570973
0.09127422764
0.1756187781
0.03096443945
1.431817593
-0.03313222882
-0.04451024615
0.01063276285
0.01124848157
0.04865606483
0.4354909123
0.6089817811
-0.008218259244
-0.01313789137
-0.005764387921
0.01602474735
0.02712205936
0.4423096788
0.5344493494
-0.001969758514
-0.003465388088
0.009148594926
0.05619433848
0.09019327054
0.007278379716
0.5393918568
0.00997117342
0.01730999136
0.07317884313
0.001019702588
-0.1540766349
-0.1577120987
0.1763201318
0.02743140548
0.03066710348
0.02243446299
0.01845668578
-0.03398167043
-0.06088117583
-0.01226950767
0.04803628505
0.00783556927
0.01992007961
0.03368986395
0.03523984952
0.0149025629
-0.05068161214
0.02163275539
0.01653955019
0.0510563097
0.08696889035
0.0896865939
0.140762603
0.05249916931
0.03857017478
0.05670441574
0.1051876456
0.1679487422
-0.0260956023
0.04710994627
0.01197182951
0.02305535081
-0.02673582455
-0.01266776356
0.0496884258
0.09429013939
0.144447034
0.1171915228
0.01355002166
-0.03089587731
-0.02642627152
0.01788595027
0.1153428628
0.1642636645
0.1297024446
-0.010345416
-0.03308824367
-0.001782058846
0.1166729966
0.1222737331
0.1133729093
0.1192916892
-0.02688088528
-0.01211025793
0.06118733379
0.268068094
0.04920823242
0.05927628991
0.03725724158
-0.03468175088
0.007986819435
0.15630559
0.1292716693
0.008942443052
-0.02079390341
-0.07924644242
-0.04566258837
0.02513537836
0.1840323465
0.01329637609
-0.02749035564
-0.1921910542
0.1331921183
-0.03019876821
-0.03076269194
0.006578653337
0.004228262656
-0.0003051740465
0.1041493842
0.01710725026
-0.01436798583
-0.01098914535
-0.008557438932
0.003525949875
-0.01620205924
0.5014251843
0.6256838183
-0.008643887815
-0.006220849032
-0.007820052378
-0.01024670466
0.04100421623
0.3865036603
1.12111521
-0.003636489224
-0.003722716005
-0.01031365286
-0.02420120107
0.01113407704
-0.03930448489
1.009140295
0.003705496206
0.002736256221
-0.002310784264
-0.03111274962
-0.1079632442
-0.07258409153
0.3139420069
0.009356861758
0.0009284363828
-0.01819130104
0.01862320074
0.04814256952
0.03692889644
-0.03059254453
0.01546418859
-0.01392019329
0.02048673471
0.0397092279
0.09408761298
0.09564518071
0.001070441693
0.006400897015
0.02674297681
0.06380815975
0.07541698354
0.07887104385
0.1443391855
0.2843585993
0.1043731663
0.2244899252
0.04048593087
-0.03677640706
0.02344485759
0.01196729674
0.08171344501
0.05848058773
-0.09313169549
-0.1621985774
-0.04787278329
-0.06136613903
-0.05166206112
-0.0114125253
-0.06055091302
-0.1365473496
-0.06701668738
0.0621739248
-0.01456020211
-0.04683891304
-0.009241327088
-0.0283271126
-0.04210835177
0.0005036704827
0.1225543076
0.0009087288723
-0.03038935162
0.001051775197
-0.02399200524
-0.02210781282
0.07922076503
0.05985408389
-0.001816561173
-0.02797296781
0.005192488939
-0.02544397107
-0.01213249819
0.11428361
-0.01949927516
-0.01311081954
-0.03346967056
-0.03298355831
-0.02615736153
-0.01526402795
0.03494897022
-0.03309044866
-0.01863281746
-0.02220570127
-0.1823322495
-0.005649871893
-0.005699655103
-0.02258650351
-0.01138219292
-0.01375188058
0.3352439539
-0.3357639062
-0.004326616784
-0.005506932377
-0.02162363487
-0.01442862703
-0.03618140125
0.3803011226
0.7650374477
-0.007122388031
-0.005215768798
-0.01453287246
-0.03557698066
-0.02096997317
0.2341609027
1.310041124
-0.003415712318
-0.004969440835
-0.03143290724
-0.06255071038
-0.05266318314
-0.002784014247
1.239053667
0.0005170508694
-0.01005407613
-0.05142337964
-0.02929394141
-0.05730872368
-0.01446610248
0.2976525222
0.002732741736
-0.01542677243
-0.02538409745
0.03047896618
0.1008342792
0.08121187863
-0.06553637298
0.007035544082
-0.001184684979
0.01943260192
0.03949005671
0.09898414053
0.2612698357
0.2995713811
0.008143160225
0.03126669033
0.0570743099
0.0652285526
0.0545849508
0.1141780828
0.5206951255
0.2670241894
0.2174620995
-0.03072017328
-0.09175388122
-0.09693508481
-0.07962905638
-0.004507219537
0.1017635921
-0.1163278433
-0.1751007349
-0.1153055974
-0.09430248966
-0.07183455857
-0.03665430627
-0.08595426294
-0.2797633877
-0.2236393646
-0.06519228305
-0.04178121537
-0.06588376183
-0.03771631188
-0.1087662453
-0.147899298
-0.08242795877
-0.03624073482
-0.0234576049
-0.03898606628
-0.02997263604
-0.05478778596
-0.0783835276
-0.02901770461
-0.02864043762
-0.01606032388
-0.03169832021
-0.01646119667
-0.0358442922
-0.04516316568
0.003485527315
-0.04640501556
-0.02994118485
-0.02606109842
-0.007437858151
-0.01601400919
-0.0263691074
-0.0256310145
-0.03134078951
-0.02241849222
-0.04068489791
-0.03859181003
0.001216484942
-0.008125954653
-0.02707018005
-0.02625092714
-0.03399562424
0.04170808765
-0.06262043902
-0.0007099657384
-0.007117602593
-0.02506951419
-0.03942297513
-0.04155696633
0.06102237958
0.9093836019
-0.002669178579
-0.003249673611
-0.02014398817
-0.0668259087
-0.05020643061
0.03479616003
1.146936922
-0.002152055786
-0.005857059183
-0.04719124129
-0.05500469364
-0.02298372916
0.005315152245
0.7620025357
-0.005272818363
-0.02633327781
-0.08324688312
0.03344077001
0.1638796617
0.05236875387
0.1993834748
-0.008564261633
-0.03787524384
-0.03426029783
0.04624236717
0.2389602495
0.2136521436
0.2111535937
0.00084966849
0.003073258844
0.02036726028
0.03346873906
0.06144789933
0.2215650907
0.6656328491
0.01299706848
0.02961086944
0.05144323434
0.05760615871
0.03619765794
0.01991157413
0.2388626509
0.003155960048
0.006929945363
0.01110981025
0.02712710688
0.01755283081
0.008643568523
0.02967274703
0.003139636442
0.01143804486
0.01411809364
0.05495893792
0.06712297325
0.06882606086
0.07021153702
0.003006538482
0.01931338194
0.02133226614
0.07217032008
0.09213548308
0.1002510129
0.07962422234
-0.004218609012
0.01061516412
0.0196926985
0.07949679259
0.0842887886
0.06910119119
0.0601344072
-0.009092264978
0.004216778739
0.02198501529
0.06409199624
0.07014363209
0.0618361722
0.06198760671
-0.01170918964
0.006685115709
0.0242959313
0.0272970549
0.03645626952
0.05635299802
0.06505485951
-0.01297657583
0.01957328834
0.01777667568
0.0103496692
0.03164172887
0.0804931697
0.08982573181
-0.024501378
0.02164314358
0.02524389597
0.03906358345
0.04516063987
0.05123249784
0.06920646637
-0.03397857361
0.02304634517
0.03486794883
0.07113853325
0.06038489808
0.03659204171
0.007357886227
-0.06616861749
0.0172160477
0.05661453815
0.04068892366
0.0433434295
0.0282189298
0.006961976422
-0.06704432221
-0.003661998323
0.05057867315
0.03768787635
0.04441567869
0.02328808399
0.01529829454
-0.04264626039
-0.02691338184
-0.01695717848
-0.00908688032
0.00124725811
0.01966993906
0.005079227805
-0.008178808171
-0.04094800906
-0.01504184494
0.005978075564
0.05333734153
0.05697643452
0.03919500067
0.03416292873
0.0476045989
0.0797118723
0.06461622854
0.09146513062
0.08071936802
0.07487289262
0.09656390223
0.1375357089
0.1388476333
0.113234198
0.06268781088
0.06008134651
0.04742067846
0.006888374153
0.01210586919
0.01632767057
0.0503319152
0.04620593027
0.02319039094
0.01936862178
0.01434085201
0.02858712325
0.03704077469
0.09889946091
0.07253946593
0.03028209903
0.02985065259
0.01453937099
0.03633147067
0.070726174
0.1068825843
0.05018305808
0.03932065747
0.02971090918
0.01139122147
0.04818398407
0.08573641861
0.07501162576
0.05165315246
0.04849073328
0.03835345922
0.005506933657
0.05033899827
0.04529108638
0.04446958667
0.05014454936
0.05203281823
0.05240858128
-0.011981984
0.01716955195
-0.01536735531
-0.01048857815
0.01967381889
0.08279779605
0.08368850805
-0.03113990043
-0.008650027076
-0.02362133254
-0.01675955121
0.08236258532
0.1640889151
0.1447923186
-0.04066465343
0.01445317823
0.04275474693
0.05723122905
0.04660488259
0.03841212565
0.06073110829
-0.04244585596
0.01616838561
0.02895675313
0.05439003211
0.02817699635
-0.02054583181
-0.09947461579
-0.05429027544
0.0146133252
-0.01874734344
-0.03136597262
-0.03834161694
-0.02898798313
-0.05526208198
-0.04146545081
0.02910494692
-0.01680281954
-0.04981716983
-0.05054473627
-0.04795720272
-0.06453078964
-0.02682295339
-0.009492597944
-0.008146786875
-0.01975203347
0.004864404559
-0.0207643356
-0.04331353973
-0.02394799737
-0.02788482416
0.00334135184
0.06821652854
0.05340733543
-0.003438674123
-0.005659167214
0.02525823506
0.03038295389
0.03842621116
0.03560195603
0.04861158696
0.03816373403
-0.003819091327
0.06571215643
0.06985065827
0.07881094207
0.05267763046
0.05426292978
0.04953999901
0.03917895898
0.01105295278
0.02025640362
0.03334559443
0.06106754781
0.04736178902
0.02289700616
0.01009340078
0.01645295308
0.03555860642
0.0660398018
0.09023504278
0.03245062149
0.01887343434
0.0230309568
0.02338534928
0.05956020343
0.07151326013
0.05182223449
0.02386826982
0.02411911164
0.01776908191
0.03776248043
0.06084299908
0.04315791301
0.04866283947
0.04259411029
0.04545607709
0.03148183831
0.03165491369
0.003289371325
0.02124175984
0.03972796864
0.04538498245
0.05141760009
0.05812663537
-0.008857398589
-0.03553375706
-0.01866194581
0.006847593211
0.03674680781
0.07925825475
0.07740570536
-0.05560511393
-0.04867095301
-0.02779931084
0.01262515703
0.07066171102
0.07463285267
0.1711081346
-0.06527426268
-0.03815461006
0.01376153334
0.07470593178
0.05897759169
-0.0171273333
-0.06320105778
-0.06479753734
-0.05186605524
-0.05961140537
-0.001988165758
-0.004921614554
-0.01976034874
-0.06215123522
-0.08210007943
-0.08781508144
-0.09274300447
-0.08056039761
-0.09172043728
-0.07024928473
-0.02006705107
-0.08333333189
-0.09361116636
-0.1197170697
-0.1459264344
-0.1223726974
-0.1105911995
-0.03341936357
-0.05880335534
-0.05921201928
-0.0946920259
-0.1170243068
-0.1264457584
-0.118360452
-0.07206087813
-0.01183075609
0.01532528725
0.005204007284
0.002939377125
-0.03020847698
-0.07630561921
-0.09162343239
0.03208759788
0.04145402406
0.04584286681
0.06549317727
0.01157120362
-0.0295662855
-0.06093262603
0.03879080008
0.0342085675
0.03823712057
0.04758474972
0.03698974297
0.01938303547
-0.0005014661545
0.03448081339
0.05284875577
0.06930187014
0.06230830939
0.04128101198
0.03785022604
0.008695757228
0.05068925218
0.06846900189
0.05268506087
0.03764090213
0.02381802576
0.02425173304
0.02965368969
0.06012861138
0.06601542576
0.04230163637
0.03482267098
0.02571589402
0.02926051869
0.01109300028
0.04995195598
-0.01063865528
0.04997680124
0.05417226504
0.05189192863
0.04306680842
0.01557609235
0.009235176395
-0.05361601553
0.04250782296
0.0462777721
0.05164328172
0.05717798949
0.05942775328
-0.09462599948
-0.09509375339
0.02722869118
0.03004115461
0.06020446437
0.06450257558
0.1119904182
-0.1317878018
-0.08496162658
0.03319455473
0.06039661688
0.08966658423
0.08956397849
0.152755292
-0.07031681343
-0.04613950694
0.007867777115
0.06569770151
0.02429877773
0.03395126996
0.03790147331
-0.09882049894
-0.0649044688
-0.01649735436
-0.004795558619
-0.04149505994
-0.04644413035
-0.01501166755
-0.1042072602
-0.0660572385
-0.0198180189
-0.02229583749
-0.04364346262
-0.04489161286
0.01379664883
-0.1426206059
-0.1102810627
-0.03623440645
-0.02887698173
-0.04336875272
-0.04395195217
-0.002346666351
-0.1296833456
-0.1432751671
-0.1011746721
-0.08688125482
-0.07477642863
-0.0617862499
-0.01212981901
-0.06448283718
-0.1029663928
-0.09281053511
-0.1078957596
-0.1288631004
-0.1052062638
-0.02447605553
0.03646602154
0.03306211473
0.0002303725523
-0.07628108275
-0.08367322894
-0.09100921623
-0.03387262334
0.03539617395
0.04620545578
0.02282491509
-0.0007118076199
-0.01215674808
-0.04878185154
-0.02791743413
0.07170523933
0.07129018246
0.06025012403
0.05195859974
0.04496086068
0.03383994839
0.005064024666
0.04648191786
0.02246155033
0.0326514481
0.03350021805
0.04060220125
0.02716986613
-0.003228341597
0.01870285802
0.008084519801
0.0295419517
0.043611287
0.05838159274
0.02342799687
0.001169557845
-0.01101492546
0.01686427009
0.04968937578
0.06697830756
0.04120836171
0.004784049041
0.02457544932
-0.01430016637
0.04020549782
0.07173338672
0.04581609371
0.02347418955
0.01824801263
0.05969506673
-0.009219528949
0.04310019425
0.03553545659
0.03804266712
0.05031432626
0.06368997996
0.07439974246
-0.006397761223
0.02542162487
0.04296336987
0.08766691222
0.04292061472
0.05215222581
0.03696586403
-0.009967672749
0.008764407321
0.04976244577
0.06014013806
0.004410707527
0.06408430866
0.101294628
-0.01115344248
-0.008881894923
-0.0007961821836
-0.01739948929
-0.05092416691
-0.08116016658
0.05700563671
0.005912651916
-0.002217600805
-0.009225703221
-0.02372797915
-0.04750833287
-0.02055205341
0.0471528487
0.01805343772
0.01024478443
-0.002114924048
-0.02427414187
-0.03700253984
-0.01604150618
0.02253816664
0.02770052353
0.01501001665
0.006082410991
-0.01946891191
-0.0420384447
-0.01778563543
0.01998390121
0.01836259826
0.00902526237
-0.008084421411
-0.0418420381
-0.04012404445
-0.01641357545
0.01767366
0.01847227407
0.007654936005
-0.01769596636
-0.04135343768
-0.02196787488
-0.005040581959
0.01862822238
0.03274347068
0.01397127244
-0.006060264783
-0.02504623732
-0.005250442999
0.003659162457
0.01698942573
0.02703701221
0.01914869876
0.0161351296
0.01203387742
0.006564271002
-0.0004108853033
0.001518166572
0.01638359436
0.02532257939
0.04134915719
0.04552828197
0.01542739335
0.003529634784
-0.008550792272
0.01599203267
0.02902491918
0.05353069672
0.08940338088
0.03201848136
0.00362549406
-0.006160922951
0.01943024207
0.04555246339
0.08288687976
0.08046939887
0.02464468792
-0.007467417773
0.002466625244
0.02756066892
0.08045440199
0.0774152244
0.05275856643
0.00895486938
0.004268245024
0.01292329456
0.03505220556
0.08824006272
0.05056914542
0.04059871055
0.05348870778
0.04535423456
-0.002407099504
0.03593901879
0.04578041942
0.03926680791
0.05150677961
0.04853652394
0.1087131066
-0.05093270921
0.004727739957
0.01922949364
0.05192014834
0.01680374405
-0.02145791755
0.004419113285
0.1024167501
-0.03450406301
-0.01421885394
-0.007504480063
-0.04937001766
-0.0150679019
-0.1040639578
0.05672769296
-0.01847198961
-0.01636849615
-0.0203087943
-0.04935814758
-0.008947650317
0.001171183496
0.07826029921
0.01121256571
-0.003814059621
-0.0129312802
-0.04515643973
-0.01396957034
0.007595793985
0.0468380908
0.05135829656
0.02156063185
0.0004965106626
-0.04172126361
-0.02112153913
0.01112993903
0.04066085373
0.05628505989
0.02586020332
-0.01928433564
-0.04248501725
-0.0104557425
0.02773655338
0.04800571702
0.02772392561
0.003172198549
-0.02817643979
-0.0144984257
0.01416604689
0.03992967524
0.0536716665
0.01130097598
-0.0003627241105
-0.006179496079
0.004446101636
0.01634699011
0.0307542419
0.0403667687
0.005476484244
-0.01334919933
-0.02773183033
-0.02300743313
-0.03077998397
-0.04208457902
-0.01399809377
0.02232008299
0.02641519155
0.007356482726
-0.01108768603
-0.02479459025
-0.06860656591
-0.01756761264
0.04893670721
0.07958339434
0.07630564206
0.006925161678
0.001134462513
-0.03916699295
0.009019438489
0.05402291684
0.09796966564
0.1129430595
0.009779833806
0.003212993353
-0.03186847059
0.01928305588
0.05915896455
0.09639099639
0.09980561763
-0.00167061733
-0.001102269429
-0.007276137098
-0.03633140532
0.06002014067
0.07646987536
0.07719423638
0.04939645495
0.05311799764
0.02831440227
-0.1721503212
0.06872107963
0.033283699
0.02161846322
0.02579293361
0.0521068028
0.1890862771
-0.02161189993
0.00994233224
0.03269402056
0.0491413066
-0.006714776279
-0.03404616062
-0.115267277
-0.04933790129
-0.04738249162
-0.0065361775
-0.02570043793
-0.01324518695
-0.002887444038
-0.1468583157
-0.01284620841
-0.06017554494
-0.03770883843
-0.04491735306
-0.0154481708
0.01276611779
0.03366059124
0.1283040073
-0.03007430079
-0.02893815796
-0.04080447944
-0.0227143393
0.006180464771
0.06402075705
0.113671568
-0.007846019598
-0.007223844676
-0.02171487299
-0.0387374878
-0.003105417677
0.08149377699
0.1132197663
0.03526211736
0.005888747185
-0.04511448481
-0.01370365105
0.04811651925
0.1393697903
0.1296019895
0.009154565989
-0.01893326002
-0.00514728497
0.01388904764
0.09203215005
0.1378621593
0.1463389512
0.001324431816
-0.002174426924
0.01093959653
0.02442472028
0.07196302959
0.1007249082
0.116271391
-0.04576051623
-0.05164365905
-0.02390902605
-0.03790035028
-0.03691586668
-0.01479799719
0.01160568075
-0.0005203582139
-0.04132322098
-0.07295297474
-0.113709656
-0.1152532256
-0.03980677332
-0.01505260818
0.04329100613
0.001721438368
-0.02686027729
-0.04854836292
-0.09100076246
-0.03785002259
0.003951992221
0.07428155242
0.04574576667
-0.007451610459
-0.02177916635
-0.06161918063
-0.02826948996
0.03706634304
0.06035624368
0.07291293867
0.002998576861
-0.02484756349
-0.05806144595
-0.02974496817
0.009321401221
0.02621511191
0.07239608423
0.04330778571
-0.005787933073
0.006498557416
0.01819817861
-0.07333146455
0.03926841939
0.03767348864
0.02037875578
0.007003118679
0.03192436218
0.1377967535
-0.1002357237
0.0129427401
0.0463745973
0.04941822918
0.005377206119
-0.009002237355
-0.01984691029
-0.3217866605
-0.01134109593
0.008712507062
-0.002139639834
0.00520008673
0.01182430764
-0.2511355762
-0.1511263724
-0.05043557545
-0.03816587139
-0.01527843098
0.009147433445
0.05382891365
0.07292975825
0.1076386996
-0.0689965332
-0.05790766997
-0.01189367384
-7.159754124e-05
0.04807375945
0.1418317843
0.1407615516
-0.02324295562
-0.02273977724
-0.02825138319
-0.02344191537
0.04513252938
0.1076291474
0.1203230434
0.0109835706
-0.006156520723
-0.01851408713
0.02258047796
0.07955313085
0.05500686187
0.09237707968
-0.01088779496
-0.003831988252
0.01850823405
0.05855156392
0.08671220184
0.06158606054
0.07182727119
-0.00722019036
0.01385176759
0.03909075644
0.06882598996
0.09488712468
0.08537920568
0.09260032302
-0.002890787929
0.04563823494
0.043663823
0.01898805479
0.00457061854
0.01216803087
0.001211700525
-0.05759740216
-0.106559139
-0.0934676411
-0.06808028333
-0.03891475212
-0.005863835111
-0.01726846955
-0.00413744763
-0.06781778363
-0.1290601145
-0.1736518223
-0.08668122855
-0.02115319724
0.006570706185
0.01026725015
-0.01635039588
-0.05418126194
-0.1058253453
-0.05880434006
-0.02382783223
0.1029259463
0.004472798297
-0.004129982472
-0.02829559731
-0.1010062103
-0.07277958225
-0.0441751971
0.1342909412
-0.01889004435
0.0162178313
-0.006559255141
-0.02241209904
-0.02129752045
-0.01869302786
0.130832121
0.02338700895
0.04098852902
0.0121007638
-0.007616209105
-0.001759279165
0.04539413983
0.08383927465
0.03214662286
0.06971625782
0.0237770148
0.005868699616
-0.003147896309
0.02307896364
-0.9078132047
0.01104841937
0.02432598592
0.01321480086
0.01906871927
0.03897426668
-0.248730031
-0.6514392586
-0.02196486146
-0.008127808079
0.002836611615
0.01937355124
0.05480580473
0.04156230223
-0.0399406307
-0.05225577445
-0.01617231113
0.008116279721
0.0180258025
0.01956788492
0.06752535742
0.1240818256
-0.03921007872
-0.02912115346
-0.01119802291
0.005753426523
0.003371858254
0.01796301019
0.07817180612
0.004504114161
0.00173267085
0.00695136937
0.03094174879
0.01225216534
0.0002749399674
0.0291277186
-0.0105476706
0.01286118516
0.03875479549
0.0544193721
0.01283096328
0.01907684806
0.02790154886
0.009191761471
0.023352464
0.0591447024
0.06148038699
0.02807694535
0.03335528197
0.05081678966
0.02769075162
0.04819664745
0.01950898608
-0.00251258166
-0.01574399377
0.01945316752
0.02099898906
-0.04595924307
-0.02289407021
-0.0354313335
-0.03104382273
-0.01546832125
0.02769550189
0.05917300782
-0.04728168332
-0.1352138703
-0.1678658465
-0.1167466699
-0.04552874665
0.01819471612
0.1092191297
-0.01111808985
-0.06776590525
-0.1442739604
-0.1222954982
-0.04022004368
0.007975354153
0.1111614508
-0.01464969568
-0.02235730387
-0.07997004714
-0.06535012552
-0.05137046922
-0.01261218607
0.2607860289
-0.04128370421
-0.01873306916
-0.02409080289
-0.02514871809
-0.04825141814
0.01622098632
0.3433206801
0.0180809956
0.04166912186
0.005705852381
-0.00875344574
-0.05105021692
-0.01148054136
0.280741442
0.04491211118
0.02589794988
0.006340866284
-0.007169457822
-0.05488072959
-0.03259425965
-0.10585353
0.03576084373
0.03416496168
0.01917036425
0.04747766445
0.0866660007
-0.1972677624
-1.053254718
0.007141757927
0.01833814633
0.01735361621
0.03068620942
0.03393271195
0.01485396074
-0.5998902387
-0.02482122644
0.003951406891
0.01662997607
0.03319705242
0.002324732026
0.01444647039
-0.09289471019
-0.0350010356
-0.01625321618
-0.002362867575
0.01576520225
-0.004861337733
-0.01065249455
0.0679795775
-0.001567218759
-0.002692153374
0.02113184559
0.001207421216
-0.004027035621
-0.01284897442
0.03341112194
0.009794892011
0.02378726242
0.03457357189
0.005800664736
0.002859201716
0.009306892213
0.03155369543
0.01943679461
0.03359148342
0.04907455453
0.01383775373
0.01976912769
0.02158895731
0.05318514455
0.03004090693
0.02244650143
0.004462871661
0.00188146984
0.003423935354
0.0510531178
0.04863204655
-0.01124536675
-0.009706449766
-0.02186094151
-0.01907186315
0.005079434686
0.08049714305
0.0683784861
-0.06769166561
-0.1135128463
-0.1025247879
-0.0577048582
-0.02191576412
0.06139063162
0.1966821612
-0.03742673724
-0.1159338982
-0.1259217453
-0.05680760061
-0.02687298822
0.0485423525
0.3337116554
-0.02129221822
-0.05329185264
-0.06856185682
-0.05284799803
-0.04369617116
0.001464616317
0.5414834547
-0.04675763223
-0.03496613241
-0.03154945628
-0.01946488132
-0.03981185775
-0.08527679805
0.6853957884
0.01138019491
0.0172420386
0.0004517667
0.002330855137
-0.08128059489
-0.05497565229
0.7204058518
0.04860928096
0.03266456764
0.006918884829
-0.02252088424
-0.1494038501
-0.1684808688
0.1075593057
0.04221241338
0.02983593878
0.01240518618
0.06425555166
0.1303332689
-0.3379573115
-0.2326405348
0.01051784133
0.03683701953
0.0272716997
0.04826252598
0.09278599328
0.08706011929
-0.5359832474
-0.008778623192
0.02140214939
0.03858704738
0.04401653249
0.03792821309
0.03447494791
-0.2234016979
-0.02867678985
-0.01068533916
-0.005121608514
0.006712846439
0.02179520486
0.005883873417
0.1851525741
-0.005440889304
-0.01178774736
0.003278220552
-0.001434281695
0.01090427763
0.005629165193
0.09322264775
0.01755602423
0.03151599397
0.01517315482
0.003345964013
0.01258637325
0.02637696432
0.05837661137
0.02793855645
0.04853492764
0.01668445193
0.007491568724
0.02218225518
0.03660056638
0.07231255737
0.01859716939
0.01654851031
0.006740727787
0.006585071482
0.02421685624
0.06107430071
0.02979853046
-0.004182660632
-0.004954106579
-0.01437381625
-0.01316293972
0.04088517749
0.0781737947
0.01741533376
-0.05933193729
-0.05209252159
-0.04626421664
-0.02870062226
0.0292001272
0.06559258553
0.08091325856
-0.06962901503
-0.07146031961
-0.03588458411
-0.02653376971
0.01305588971
0.0419815307
0.2828291898
-0.03485369205
-0.03278486029
-0.02229674667
-0.003755430076
0.01381362706
-0.04236498306
0.4507271517
-0.05052808374
-0.03989948341
-0.02957677962
-0.008326913964
0.03018509219
-0.1873902229
0.4406130461
-0.02193804524
-0.008554754496
-0.01486955134
0.005958660751
-0.02980944361
-0.2785620218
0.3220389275
0.02981465214
0.07088746336
0.06043226829
0.04374738434
-0.1442983406
-0.7437976808
0.1411892876
0.0319509862
0.05152949406
0.05412371601
0.1043584917
0.2615751806
-0.261557777
-0.5552203303
0.01098995735
0.04917922228
0.02742452859
0.04088617723
0.1680949193
0.4451625692
-1.064897782
-0.005083848938
0.02758445026
0.008811761943
0.01178181232
0.07331666478
0.1063441328
0.01758607417
-0.02051949877
-0.0123329815
-0.01730769113
0.007615103429
0.04525743261
0.05766194832
0.6067623187
-0.01344431308
-0.02905177623
-0.004478100222
0.020362624
0.03483030562
0.03394560843
0.1605581886
0.0179307454
0.03296730462
0.01739205521
0.02199588275
0.04646544868
0.08064645303
0.08605866675
0.0388144884
0.04094507488
0.01413042646
0.0188914917
0.05257687203
0.1077956734
0.1098330559
0.01378413073
0.01156154995
0.005708432654
0.008234996804
0.04458566831
0.02741792402
-0.02067484687
-0.0003466098852
-0.0016379302
-0.01027137769
0.01248000757
0.07084919805
0.02488528539
-0.01048395063
-0.02524561343
-0.01384278549
-0.01204965624
0.03063099724
0.08752988061
0.0445513632
0.006309779845
-0.04641887915
-0.008066284976
0.01753762576
0.04824388041
0.07541422978
0.07075777105
0.01011518665
-0.003705193976
0.01542485924
0.02463752436
0.05374184565
0.09802646357
0.02302266048
-0.09175757383
-0.03110107492
-0.03108387747
-0.04179431583
-0.01527425891
0.06787159366
-0.1306589936
-0.201300963
-0.07633922652
-0.03895436506
-0.005186431739
0.03863423326
0.1465880337
-0.708263161
-0.1702742243
0.003885463286
0.06712991184
0.1463629903
0.1701950174
0.2161169997
-0.4758628764
-0.349360059
0.01879882018
0.07113867112
0.08231294032
0.1399245197
0.3898636313
0.4981934555
-1.638237582
0.005377372147
0.03411911627
0.02525029126
0.03665588555
0.1709390252
0.7410550527
-0.3856566969
-0.007657094051
0.01783224286
-0.01554302184
-0.01179929853
0.08732340171
0.2980006837
1.345734397
-0.01678905056
-0.02880108719
-0.03244911216
0.02736681446
0.04134026639
0.1027509505
0.7129459286
-0.0281171229
-0.02586021372
0.00279702137
0.05158717256
0.0679033382
0.08780487845
0.1708236244
0.02167962656
0.02648790578
0.03061949673
0.06187043919
0.1158682268
0.1637405674
0.1491892106
0.04275685616
0.02362062622
0.02472643293
0.05893884895
0.1562897006
0.2041122281
0.1578533736
0.01363087965
0.009184249886
0.01032643375
0.03078851906
0.08380285235
0.03076080302
-0.0248286426
0.005404092651
0.01172105236
0.02495350198
0.08762938758
0.1149929572
0.007534762986
-0.01005001845
0.006103653099
0.03107434025
0.08860733827
0.125838116
0.121445397
0.01645681198
-0.01560000354
0.02310128595
0.05127645292
0.1414509716
0.14503304
0.1299984576
0.06846240037
-0.09261475972
0.05118646074
0.05910210548
0.07816540269
0.09362558435
0.1452024666
0.1183108291
-0.3040420859
-0.01323155748
-0.02328625458
-0.0557293073
-0.037957042
0.07391284324
0.04947265902
-0.9764316013
-0.07123311626
-0.06948734027
0.01591299518
0.09842797669
0.3635028359
-0.08385082666
-1.399849583
-0.03685584958
0.03938732237
0.1303989233
0.2978781205
0.32260439
0.251540376
-1.774224185
-0.002589285784
0.05621362881
0.04698982442
0.1010693188
0.3960659064
1.193341044
0.2214866475
-0.007241582374
0.02420937167
-0.004609923927
-0.002301318461
0.1125579522
0.6518217064
1.511325317
-0.01838972789
0.001667625752
-0.01621106332
-0.02150395655
0.06430434222
0.3081831083
1.567334355
-0.01316060382
-0.03163553726
-0.03543127859
0.03572569764
0.04219759392
0.1260832348
0.4592694132
-0.01502865232
-0.01453358987
0.01946648279
0.0780893642
0.126400012
0.1378590077
0.1679617984
0.01527567949
0.02398334115
0.04509269839
0.09371684625
0.1794934806
0.1359572704
0.110620308
0.0186864668
0.01772371463
0.03323713425
0.09584672523
0.1919474477
0.1225812078
0.1052693745
0.01286241798
0.01660939573
0.04812226407
0.1296214417
0.1532852285
0.07667191199
-0.02649987088
0.01307616977
0.0600736482
0.1399768156
0.2625989077
0.1489236918
-0.003208304708
-0.01664727728
0.03326806288
0.1355076266
0.2741298924
0.1923093071
0.09129009138
0.01315276689
0.07352008418
0.06742656845
0.1677939324
0.2440932061
0.1661133328
0.09110148358
0.08203628271
0.04088566988
0.08317794885
0.09824312226
0.0524459675
0.04766933039
0.09364755703
0.2009422645
-0.09122117234
0.008391489774
-0.009355825423
-0.06817884205
-0.06940616462
0.03867214008
0.45857609
-0.6250829727
-0.02759321127
-0.0809443144
0.01112253499
0.09034219
0.4488413162
0.4748255757
-1.212654522
-0.05661619819
0.004469804401
0.07383783112
0.1928865071
0.5573641718
0.5041706282
0.4662645311
-0.04158512794
0.04556949326
0.008670215724
0.01245401022
0.1885925886
0.9467964448
1.980214221
-0.03260948012
-0.008011833873
-0.01212650297
-0.04226258844
0.0405037504
0.4515690624
2.206329112
-0.01833066299
-0.006827525676
-0.00958737199
-0.02880056467
0.03118844431
0.224078112
0.8592234093
-0.008600829981
-0.01456611595
-0.01808731639
0.02685203767
0.05810228011
0.09939490953
0.1864341762
-0.002061697172
-0.0008881865254
0.02821341054
0.07461328322
0.13877737
0.04012702744
-0.02132122147
0.01307508728
0.023576569
0.04957782618
0.07948529155
0.1598189945
0.08204883841
0.06926831414
0.005815860312
0.01284829623
0.03553667233
0.08677854028
0.1822485147
0.111430217
0.1047666015
0.01330791013
0.05266045517
0.1329077987
0.1724369346
0.1423018104
0.1209891367
0.04580977775
0.03428663653
0.1749667631
0.3083758365
0.2008621868
0.1060204652
0.01713384068
-0.06235639593
0.08230152399
0.2958297013
0.2127296501
0.1043692726
0.03968212116
0.02650367714
0.2037947046
0.1210241153
0.2146268319
0.08966195668
0.07447550679
0.06144000166
0.08829488161
0.3745868874
0.09257027863
0.1026086264
0.0268131303
0.001752190103
0.07662852077
0.3047699795
0.5335062886
0.02751713
0.02835893937
-0.08105029971
-0.1207189008
-0.01262307243
0.7971256345
0.5649615304
0.006476295862
-0.0424977722
-0.05714345209
0.02645036749
0.3057227821
0.8143981891
0.6576175219
-0.0273065028
-0.08711102384
-0.01333729454
0.1013392044
0.4729622501
0.6566558711
1.890285713
-0.03890869964
-0.04547884828
-0.02343202423
-0.0432787279
0.05791802573
0.2231725659
2.733395354
-0.01767371555
-0.02540429191
-0.02526009685
-0.04799208406
-0.05589656079
0.1675502857
1.089332683
-0.00265237839
-0.00132665255
-0.006997771592
-0.03427178056
-0.001468096622
0.2064013214
0.3761419609
0.001959464254
0.006257988054
-0.004190542084
0.02446557875
0.04966241823
0.1754299591
-0.06877042162
0.02510710029
0.02284142278
0.02866269767
0.05911719477
0.09393570086
0.08714143666
-0.1885011492
0.01859604258
0.03178480432
0.04767392746
0.06165809226
0.1596281395
0.09342834553
0.01586241611
0.007218651652
0.01916731677
0.0426362883
0.08956303715
0.2472207748
0.09704990742
0.1077265095
0.02094774016
0.09392350819
0.1244406584
0.1389613543
0.1095019176
0.0852921296
0.1879999219
0.06730864426
0.208629851
0.2097621017
0.1166987695
0.02292215323
-0.006115566939
-0.06930614919
0.1273670746
0.1868428403
0.08560892143
0.0288296815
-0.04563143109
0.009003757603
0.2546426348
0.146004554
0.07810264722
0.01718936415
0.009966982801
0.0096923462
0.0270256624
0.8081922984
0.08749483989
0.03430063453
-0.007068561726
-0.02077291783
0.05077212183
0.2238030983
1.027739526
0.03962915319
0.01678561127
-0.01147040266
-0.113806106
-0.02243459002
0.6583559789
0.9973756185
0.01927578385
0.007808997444
-0.07265191061
-0.1104731255
0.008258254353
1.273374449
0.8831693571
0.007330260191
-0.007069911905
-0.08188088071
-0.04979220495
0.1300539711
0.9690713323
1.504886311
0.005721366724
-0.03712839953
-0.04747579096
-0.04114142713
-0.04914007376
0.0541228944
0.7185054125
0.02119685256
-0.001817562416
-0.008620343266
-0.02908041786
-0.0413236732
-0.02476823139
0.4436305506
0.0361707134
0.02089306205
0.002641107103
-0.02287910933
0.003609825857
0.1388346898
0.522817142
0.02817631201
0.02013874089
-0.01287665832
-0.002233110337
0.01562140308
0.1848351545
0.2015423084
0.02049192606
0.0193159157
0.01918082615
0.01334174269
0.01272346958
0.1376694782
-0.05695151226
0.03439067462
0.03039736733
0.02835401384
0.03303850146
0.1279408366
0.1676587578
-0.1125794016
0.0130777665
0.02855276149
0.03643493041
0.06566946492
0.2200571842
0.008529559692
-0.07245475288
0.03107515696
0.08141205479
0.1067176847
0.1129637811
0.08724034466
0.0362037544
0.2970475205
0.08159202531
0.1720587135
0.1624973726
0.08845457659
-0.00896055424
-0.009381821778
0.0249211343
0.1232609737
0.1208035289
0.04895862624
0.004288211708
-0.05217778412
-0.08848508284
0.08452483903
0.1109985174
0.03566023239
-0.002753272559
-0.02165924196
-0.07854682033
0.0142377871
1.089974643
0.06245822671
0.008151392215
-0.01765122194
-0.05644815072
0.01778099028
0.09753016821
1.333421851
0.02993979029
-0.001139825598
-0.01716831188
-0.02206815763
0.02441250334
0.2092432257
1.520917331
0.01892654393
-0.002912729425
-0.01680909717
-0.0627328248
-0.07019634069
0.342921211
1.531613028
0.01586216771
0.002112368496
-0.01885244583
-0.05315436823
-0.04682071017
0.3110042833
0.3455948565
0.01293916247
0.004485074418
0.001207475232
-0.004289187944
-0.02749431492
0.07904813341
0.08087602869
0.0190355395
0.006540075628
0.04549639074
0.01597482428
0.01356216714
0.02100104345
0.09086936744
0.03840847606
0.01187873505
0.007209338339
0.01067229779
0.03497491395
0.0607806321
0.1906166014
0.07175575079
0.01737737507
-0.03289875469
-0.02767015606
0.00865929449
0.06274619221
0.2139486125
0.03956839561
0.05689685339
0.01365797867
-0.02907555788
-0.02002368453
0.0960542467
0.0215242192
0.03289480962
0.07193447584
0.04799069682
0.01611270092
0.1275535879
0.1427849773
-0.06035165966
0.02422872477
0.0441382569
0.03204587777
0.04985391021
0.1776546873
-0.104749886
-0.2794314554
0.03141066805
0.06846782898
0.08665027742
0.08221036888
0.06360112939
-0.0616470822
0.1459648543
0.07321634009
0.1340636581
0.1295583824
0.07270103787
-0.009979877067
-0.1047126885
0.1815790829
0.1022883723
0.09302256696
0.03937761762
-0.0008088218945
-0.04518994114
-0.1010611274
0.03254540353
0.08846019444
0.02397115966
-0.003486332886
-0.02245479227
-0.0932268627
-0.01838963208
0.4183903763
0.0479912611
0.005018470779
-0.01597724924
-0.02474474405
-0.01987826671
0.04834633389
1.188433973
0.02571539866
-0.005582474077
-0.02788540558
-0.05385448205
0.01404389726
0.06571987092
0.8317583054
0.01729605112
-0.008270121014
-0.0308323655
-0.07148766387
-0.02805387191
0.05538547692
0.4980141454
0.01600005591
-0.007587165884
-0.02762657908
-0.07286663712
-0.07736748729
0.0576860122
0.04595729331
0.01065350653
-0.004403677045
-0.01171684532
-0.01896270895
0.02169746776
0.08152169464
0.003117673856
0.01332721058
-0.0006085183003
0.02253825882
0.05297337035
0.05547298648
0.04523938452
-0.05044824399
0.02357883147
-0.00510085817
-0.01687104255
0.01541740277
0.02257485045
-0.01607929075
-0.06776356237
0.05746454276
-0.002547639773
-0.0433702073
-0.02838723586
-0.02930547636
-0.04014601301
-0.1186046781
0.0971129472
0.05037541937
0.005586031529
-0.03444656046
-0.04198524107
0.01767078771
-0.06134830412
0.1138595938
0.1345685364
0.07724445181
0.007672980061
0.0903152672
0.08166409409
-0.09871144695
0.0637763247
0.06439785656
0.03351267729
0.0270164298
0.1204223209
-0.1602603553
-0.3595273645
0.03001005471
0.06260932922
0.05930715898
0.04260016349
0.04921309511
0.0425772472
0.04634211674
0.06931868324
0.1158562866
0.1328859863
0.07844545336
0.08593032832
0.04372913082
0.02044249593
0.09134200562
-0.0381986541
-0.01850768592
-0.009944283519
0.003615624128
0.0020103674
-0.007413131484
-0.04827913785
-0.1310325334
-0.1376870876
-0.08462918409
-0.02084642127
-0.009918067531
-0.009421656313
-0.1693583885
-0.1159245565
-0.04752119941
0.007814785882
0.02605581383
0.0164258125
0.01180890195
-0.177769792
-0.05445354316
-0.02304397528
0.02486341165
0.02847865076
0.01566363683
0.01365957459
-0.09693378263
-0.03900995388
-0.01639509239
0.0333739826
0.04266912215
0.04673236221
0.04958027534
-0.06268862557
-0.0330583352
-0.01220420795
0.02705433947
0.04056217291
0.07852843945
0.0641968103
-0.0413286973
-0.0327452104
0.002618268419
0.02010148609
0.02017255221
0.03116161032
0.03148687963
-0.02579062007
-0.03164903368
0.005348612657
0.02135061232
0.02010954654
0.02115578114
0.02722897664
-0.01574162522
-0.02620579084
0.007198708822
0.01711220026
0.02140870096
0.02791230174
0.03485841813
-0.008729680619
-0.02243785816
-0.0003199293577
0.01282741929
0.02276088822
0.05126941905
0.05335755802
-0.009698482252
-0.03206615399
-0.02292260638
0.02412100955
0.04910790521
0.1195296673
0.100483443
0.007324309143
0.003509461433
0.02221608874
0.08473660318
0.1450202833
0.1939367693
0.146396977
0.02872390226
0.05096746017
0.1008848862
0.175979808
0.228585662
0.1128539743
0.03882326071
0.03927485963
0.03752775301
0.03490541011
0.01670010519
0.01842266562
0.005604919366
0.009211054394
0.05011892683
0.03957611251
0.03513130156
-0.01177482452
-0.01446281416
-0.03263219098
-0.01403492431
0.03988189026
-0.002989055453
0.0003181944579
0.01153269277
-0.01493195905
-0.01950042491
-0.01902489435
-0.03795672672
-0.01837136246
-0.02266585779
0.06937812148
-0.005620260675
-0.004776232381
-0.01424606563
-0.1061800837
-0.05516379286
0.000521217995
0.07294875969
0.03872096418
-0.004551876691
-0.005373190084
-0.1796873474
-0.08195672445
0.0006911832432
0.05198434176
0.02000730288
-0.02206954393
-0.01164165792
-0.13896098
-0.08682736281
-0.003953256834
0.0415229666
0.03092041029
-0.007979968893
-0.02521445687
-0.09666125282
-0.08224292071
-0.007926052604
0.03868784941
0.1115563065
0.1616921402
0.09180494425
-0.05919450034
-0.0718169686
0.01135257385
0.02384329852
0.02423263986
0.06571244062
0.04411310602
-0.02953044563
-0.04734574834
0.009393273504
0.02361656606
0.02102751474
0.02231308443
0.03394310181
-0.01439069451
-0.02952813922
0.01105412409
0.03216203781
0.046138965
0.02550845043
0.04484421764
-0.007701220983
-0.02304705542
0.01311945087
0.05010347906
0.07588207086
0.05438418126
0.05475358253
-0.002526982864
-0.008050723013
0.02086593608
0.0743398359
0.08396305269
0.08287047881
0.07057068627
0.006702133765
0.0108231849
0.03082738738
0.1077475667
0.07998938256
0.05838992805
0.06411923
0.01899902781
0.03100241291
0.04913389663
0.05874001121
0.0590427682
0.01013887388
0.03319510334
0.02279939344
0.006314357453
0.002548044147
0.01053835549
0.01713618513
0.02856860242
0.03597267965
2.884135495e-05
-0.04814476634
-0.06256185699
-0.04934488828
-0.0006929020238
0.003880421133
0.02540958243
-0.03110703477
-0.05289753824
-0.1219417751
-0.127344689
-0.09039288862
-0.08989919815
0.01434903798
-0.04759098535
-0.04221228359
-0.05160250108
-0.04960676201
-0.1134366048
-0.1125463642
0.02352407712
-0.05601376115
-0.04655475717
-0.04580277162
0.01029453271
-0.04760478712
-0.02850401949
0.03734834203
-0.09014927173
-0.07751614497
-0.03029289286
0.04320118578
0.0228365443
0.0154317133
0.0214197078
-0.1200368109
-0.09127223788
-0.01324432247
0.03767690327
0.03874601035
0.001541770295
-0.01326173204
-0.1187564341
-0.08758959085
-0.01254061054
0.02753895623
0.05582627033
0.05308396948
0.1269790597
-0.09474780661
-0.06783522203
0.01615614077
0.02256136624
0.02191797425
0.06833963807
0.05797494552
-0.05610973753
-0.03074021882
0.01897713146
0.01629072307
0.01120625453
0.01764474148
0.02515971843
-0.03545857741
-0.006110253912
0.01809917437
0.02027804476
0.02352386753
0.01908750596
0.02889505152
-0.02582305441
-0.003258435003
0.02694530978
0.03844294967
0.02680362603
0.03444520602
0.04075175497
-0.01535938753
0.003867442879
0.0301094328
0.04116409318
0.0236067725
0.04163286096
0.0489321036
0.001769167931
0.01583742108
0.02434958555
0.005142771704
0.003661382861
0.0313057109
0.06774602965
0.0134121075
0.02617211491
0.01937592077
-0.01057747861
-0.00973372377
0.006745525837
0.07636301153
0.008135986479
0.01252361227
0.01681264413
0.01831258413
0.009113160684
0.02983411662
0.0331885252
-0.04829198557
-0.03598870922
0.002238323881
0.005536789844
0.01347818174
0.02585369657
0.0330196157
-0.09086547777
-0.1239575781
-0.08305112885
-0.06698669195
0.01433031702
0.03159113107
0.04026051136
-0.08895126789
-0.1022120347
-0.1210980843
-0.1179882164
-0.01430271003
0.03048277988
0.0458877339
-0.07538999664
-0.08298847942
-0.08852223187
-0.09045162716
0.0009844948419
0.02686506202
0.04552791565
-0.07170050415
-0.07369984862
-0.04902022624
-0.008150240755
0.01990546004
0.02819629183
0.05208794215
-0.07632542171
-0.0713041901
0.01885136063
0.05876777138
0.04126589049
0.02476891653
0.02382670844
-0.08308276378
-0.06798317702
0.03908138256
0.05969457382
0.05625746195
0.06517662952
0.1016902987
-0.08776141778
-0.04877396024
0.04623896048
0.02983271039
0.04028916595
0.0396287914
0.0276174702
-0.01603439789
0.0478356883
0.02749486308
0.01421483014
0.006239055301
0.008669535908
0.02435941928
-0.003641743466
0.03707916213
0.01634370044
0.01178785315
0.01172179568
0.01723516844
0.03297310424
-0.01300839551
0.02341597854
0.005435364456
0.01052670726
0.01346020371
0.0268815655
0.03992136654
-0.0164750669
0.01481526188
-0.02153835329
0.0004094697965
0.00184018062
0.02524401746
0.03497634651
0.003365114363
0.01707390871
-0.03137180116
-0.02152187824
-0.02248983166
0.01076422493
0.03440486251
0.01864881686
0.0244215142
-0.03057383935
-0.02617397624
-0.02478502201
-0.0102893065
0.03994783945
0.02006894901
0.02016569542
0.0200807552
0.01374769329
0.005762200535
0.01167935453
0.01892267852
0.004573347195
0.009402595217
0.01728378136
0.01713227566
0.01330852707
0.02240394905
0.01847169223
-0.03220628459
-0.03495802253
0.0108777451
0.02091821788
0.04589446005
0.07016484676
0.02513796588
-0.03685101921
-0.04479970191
-0.02705126291
0.002922349796
0.0458067132
0.0783457716
0.05741414512
-0.01872471071
-0.01608694749
-0.02040709123
-0.002016081931
0.04020775237
0.07456520392
0.09044141681
-0.008254384436
0.003697834814
-0.0156467852
-0.006398645402
0.03962201103
0.06909503633
0.1129551645
-0.005149652518
0.02179732498
0.02477326395
0.02726186072
0.05271188396
0.07294622614
0.08890423983
-0.009372274427
0.02559794293
0.06457766013
0.0524128956
0.06435513698
0.1042576116
0.1201916838
-0.0601664827
0.004636655796
0.04303774626
0.07695358273
0.09127940239
0.04988951641
0.09736720177
-0.01941214266
0.04538007825
0.0223807389
0.01249285073
0.003277471389
0.008176323508
0.05525618756
0.06733288883
0.0404085763
0.007716969491
0.003856155879
-0.004531259627
0.009414905924
0.0479720413
0.02349582052
0.01798666301
-0.01580921659
-0.006164413407
-0.007935454105
0.01366018123
0.04535175231
0.005457463444
0.007457867544
-0.03633909192
-0.02070172393
-0.01472595359
0.01110012647
0.02805876898
0.01033148608
-0.001089178146
-0.03526513233
-0.02668143212
-0.01138040942
0.002760131126
0.01402767323
0.02059911803
0.007729746304
-0.02002568911
-0.01483005206
-0.00911902083
-0.001201873423
0.0108419403
0.02591404237
0.01707571984
0.01493452039
0.01314603624
0.01124773346
0.01137027949
0.01503580348
0.02038056976
0.02020333971
0.02289426014
0.03082454747
0.03460249633
0.02759812918
0.02090059591
0.002567170538
0.009659692892
0.03303739544
0.06341434764
0.0771798228
0.0556893577
0.02756657056
-0.01462928797
-0.0194412566
0.0155952465
0.04940822122
0.07974194174
0.06552051203
0.03254262658
-0.005221060426
-0.009951097783
-0.004690385487
0.02171376571
0.06062892153
0.05303615015
0.05640307588
0.003071272154
0.001099671314
-0.01864781588
0.0009702137523
0.03382020562
0.04380597207
0.1018915048
0.008595474113
0.01539051958
-0.01163974428
0.01469236823
0.03226311744
0.0689984549
0.1371812051
0.01245117989
0.03285763741
0.0295842999
0.04588276778
0.07407835922
0.1114916747
0.157994246
0.003817919577
0.0449541176
0.09508239289
0.0996371229
0.1179617486
0.05640268136
0.09653874272
-0.005638239164
0.01622289695
0.03050282469
0.0236830905
0.013333935
0.001117807823
0.06856916573
0.04463627669
0.05941214862
0.006364130833
-0.003661448774
-0.01383527139
-0.003076051298
0.05918067796
0.02445808907
0.008637580673
-0.01020983387
-0.03304291074
-0.0280289384
-0.004959429917
0.02893445503
0.009071893632
-0.001156870078
-0.02665930826
-0.02386490623
-0.02102113011
-0.006372956701
0.0006176109568
0.01080404592
0.001845976295
-0.007178569177
-0.003351560033
-0.002197940581
0.0006174729971
0.009039405942
0.0242006199
0.03635776315
0.03301277536
0.00981217292
0.007478321919
0.005939550975
0.01080223766
0.01706044261
0.01687123414
0.02590346105
0.03796882539
0.04624504989
0.0325121416
0.03046944852
0.03151648648
0.02592495428
0.04880109104
0.07491614881
0.07742791712
0.05324844247
0.05227182228
0.01823552992
0.03340345727
0.07862829247
0.1007881014
0.08013673578
0.04820720523
0.05262004483
-0.003548709562
0.01110970543
0.06392534362
0.09333841658
0.06979740955
0.04444244259
0.04739594478
-0.003396595612
-0.004302098901
0.02264831988
0.05093819348
0.04464022952
0.03254682146
0.06747626356
8.156191184e-05
-0.01019368663
-0.01011450303
0.01559415388
0.02547575951
0.01864976025
0.09271144876
0.004929714484
-0.005643809993
-0.03817999391
-0.01178344541
0.008040058392
0.03464698851
0.1269660981
0.01042179392
0.01881902914
0.01654348016
0.02536973274
0.06157288227
0.09647350204
0.05800176051
0.02195520051
0.0583017834
0.1030114356
0.1305648801
0.1639319492
0.1002823132
0.03931429395
0.01041803166
0.03240246941
0.05539732647
0.05348373855
0.04969034493
0.009399081644
0.03167293345
0.02204966544
0.04644097823
0.02114043283
0.002767800762
-0.01241981145
-0.0269306924
0.01880995422
0.03595525515
0.01662970942
-0.003489701101
-0.02392093542
-0.03093591051
-0.03149794624
0.004050413614
0.01462515794
0.007782042139
-0.01518530197
-0.02751895274
-0.03851008211
-0.0351213059
-0.006577530319
0.03083893217
0.03813017434
0.02878125755
0.01081907746
-0.005708303005
-0.01325209756
-0.001486453107
0.05018267439
0.06315755058
0.03160646134
0.01730831843
0.01368146139
0.01705787845
0.02336216513
0.01687615543
0.03031897801
0.05918456358
0.07400187789
0.08721592769
0.0857455728
0.07492936318
0.03743542987
0.05848161784
0.08801058848
0.09308869276
0.101384864
0.0954512524
0.08892551592
0.05571888543
0.09394480834
0.1056461941
0.10233871
0.1014774206
0.08198650122
0.07110231816
0.04224586726
0.07938162579
0.09707190403
0.1159000402
0.1015058616
0.07147040804
0.05049890461
0.01651967814
0.03354241099
0.068744426
0.08803271148
0.08168421399
0.04704723456
0.02702409386
0.002256920898
0.006756768923
0.008045466323
0.01727313029
0.03171553513
-0.001156480922
0.02676557078
-0.0003882809588
-0.02353337967
-0.03990938317
-0.02655159279
-0.02431683303
-0.03733319739
-0.02678781795
0.006853969977
0.005979874655
-0.0004540084892
0.01724825322
0.03082699848
0.09085840166
0.09015879223
0.02514436389
0.04884846566
0.06766405196
0.1056005583
0.1970041145
0.2302982338
-0.2260217275
0.01800029856
0.04644562694
0.09895852259
0.1017642388
0.077102204
0.05096641421
-0.07480801921
0.02567957104
0.04820754043
0.04779570979
0.02873778243
0.008757009333
-0.04612538887
-0.06451484153
0.04461590126
0.03948639823
0.02587657751
-0.01217992891
-0.02966354597
-0.06985540142
-0.04343951018
0.03812554942
0.0226145765
-0.01117818801
-0.04439162994
-0.05826133946
-0.07931061205
-0.04107946592
0.06484837142
0.04292132015
0.02751275633
0.001828012639
-0.02621416372
-0.05590284472
-0.01416472092
0.05729867499
0.03308279244
0.0320853994
0.03306603843
0.0214258828
0.007390172249
0.009139239222
0.03436204615
0.06789327611
0.09317552758
0.1138763107
0.1656186759
0.1869783028
0.1665141855
0.07142134573
0.1113575309
0.1032829361
0.1394167767
0.2040006747
0.177089409
0.1297308715
0.134070365
0.1412449526
0.1184180899
0.2354822991
0.2728355508
0.1771637847
0.09159272311
0.1415981441
0.1215403435
0.128520461
0.3321437933
0.3369347433
0.1909603781
0.0444883229
0.08687383326
0.0932847841
0.1142073769
0.2898492534
0.2810757529
0.1301523333
-0.04785606821
0.02720547172
0.03276874822
0.04697743934
0.08923329196
0.09957739781
0.01110059071
-0.1154392225
0.001444478544
-0.004695894837
-0.01099497006
-0.02140866955
-0.03307784214
-0.1199126443
-0.1933716932
0.005238671171
-0.01061930664
-0.02247699308
-0.004667349754
-0.003540203992
0.03371549547
0.04782074071
0.02311739763
0.02229729129
0.03743850734
0.06849334909
0.152680049
0.2588865944
-0.04435067717
0.02509111245
0.0676564058
0.1030379431
0.1051437014
0.04745815297
0.01592548195
-0.1539951856
0.02872641036
0.04598338554
0.06117526419
0.04370107539
0.02590498356
-0.02753722692
-0.0816640915
0.049867808
0.04483344624
0.0334022332
0.0251279023
0.0109546261
-0.02970584736
-0.01999510459
0.05034461877
0.03074780438
0.004048298782
-0.001885648334
-0.008273930443
-0.02896606992
-0.01017996647
0.07594164676
0.04029163553
-0.01341888359
-0.04710021989
-0.04942390811
-0.03607537682
-0.008295501763
0.05855543705
0.06872637286
0.04810534875
0.02075656753
0.01016543792
0.002133933954
0.01170124428
0.06556628895
0.1070646643
0.1343155276
0.2388828939
0.3702385077
0.3816332078
0.2819463611
0.1024612557
0.1103803475
0.1464315149
0.3710687044
0.5344646924
0.4097528323
0.2110277462
0.1111285299
0.1110784026
0.2274598219
0.7181998049
0.5673079058
0.4587854431
0.1914277681
0.07764448179
0.1109661975
0.3156555735
0.6493936662
0.5437085858
0.4237066183
0.1604291606
0.05958645565
0.07829931898
0.2863411827
0.7275601162
0.6407733011
0.3233377172
-0.09241424562
0.03872960967
0.05093652437
0.1136168917
0.3967217327
0.3437669881
0.07705499065
-0.4266403918
0.004429015678
0.00461886095
0.01181618824
0.08092990064
0.0472050679
-0.2324373284
-0.4183787224
0.006567134576
-0.00933783967
-0.02679954153
-0.03091786685
-0.03937732062
-0.0600856678
-0.1022628867
0.02210519772
0.01691048467
0.01907351311
0.04367631623
0.0837638558
0.125176881
-0.140462579
0.03223293806
0.07644338457
0.07250724608
0.03247129481
0.008664942681
-0.02575614542
-0.2243258604
0.02374697023
0.04463766245
0.05496339936
0.03480311376
0.0455446813
0.03916159342
-0.0337596033
0.0287251059
0.02692963529
0.0259697439
0.02887696789
0.04842899804
0.04714399308
0.02269507054
0.01249274758
0.005955369434
0.007737798917
0.02287928403
0.05524683872
0.02070210227
0.04695216516
0.02662190997
-0.005976907809
-0.02630867875
-0.01338370539
0.02474384982
-0.001595740525
-0.005838846993
0.08792357305
0.05978359655
0.01897099655
0.006758485094
0.002060226215
-0.003838382968
-0.04002388014
0.08357034726
0.1351224956
0.2283745944
0.491285512
0.5559489638
0.4988259271
0.3437957588
0.07991545936
0.1189788616
0.3143775605
0.6008923276
0.2754080452
0.3097025944
0.2351813395
0.0660998905
0.1519180834
0.631226206
0.2160560848
0.1050024469
0.1877268852
0.2039533472
0.047390469
0.2147408608
0.7553467327
0.06965264117
0.09238179072
0.214056494
0.2134681095
0.021084001
0.1429866585
0.8416727181
0.2567133437
0.2256949683
0.3471661596
0.05967127949
0.003326016199
0.03796614206
0.4639562263
0.6843400114
0.5618134743
0.251190411
-0.6448128986
0.002945074834
0.004061758335
0.05319408036
0.2770867962
0.2028100056
-0.2008106763
-0.6815692849
0.007979457353
-0.002965567614
-0.007615271191
0.02858514975
-0.0627426083
-0.1912247312
-0.4539784146
0.02688330707
0.0257143317
0.01219937658
0.006631681523
-0.01794909962
-0.1462901722
-0.7390528991
0.03865009457
0.08215438227
0.03468292226
-0.01082741159
0.03665879227
0.0324856796
-0.2533044903
0.01446253851
0.04847593706
0.06396175076
0.03209093381
0.05339345096
0.04380472969
-0.00654498544
0.005646404483
0.01532254657
0.03650998947
0.05659865325
0.08094208795
0.02351989407
0.02513333426
-0.02865948403
-0.02021511641
0.0145971817
0.04942550705
0.05564336209
-0.004007442285
0.03742217225
0.00306301476
-0.01953638743
-0.01321688564
0.01904050004
0.009729071532
-0.02930237423
-0.005850044578
0.06881544351
0.04363902488
0.01659078214
0.002750312282
-0.01851457123
-0.07149519176
-0.01734266643
0.09496879666
0.1492925081
0.2559157144
0.2795493692
0.1661493451
0.200864611
0.2162968719
0.08437156058
0.1789662774
0.4159305827
0.0989832724
0.0991304987
0.1313421299
0.1400588274
0.06761902927
0.3381145836
0.2990206338
-0.03724084104
0.01727822308
0.05818994098
0.1641751596
0.06877562048
0.3630554204
0.1202121167
-0.007798887835
0.02814480764
0.06958742502
0.2441145784
0.03833066453
0.3140858651
0.1398291014
0.09131832194
0.08746442484
0.1335579521
0.2645223383
-0.01104233829
0.05565314027
0.6386603242
0.1604824207
0.1334142375
0.2390277063
-0.05230264926
0.004075616685
-0.002700463696
0.2538027194
0.2114005525
0.1524609155
-0.004550069965
-1.212215884
0.01411040122
0.009756994744
0.06452146099
0.1316556662
-0.06861300012
-0.4783602138
-0.7095031808
0.02959662934
0.02889148577
0.07662330797
-0.03944948809
-0.138507413
0.01500942196
-0.6230355603
0.0451644036
0.06500463868
0.02194471036
-0.03128874889
0.05777733459
0.1276211657
0.1791383744
0.01602369054
0.06932881024
0.05997309033
0.01737201442
0.01021392345
0.01282623817
0.190707178
-0.003947366798
0.01766475809
0.04380813333
0.06247094517
0.02285082782
-0.000737339639
0.163151174
-0.04792739639
-0.03423132544
-0.006088656355
0.03281466106
-0.0009645271162
-0.04220553158
0.1569932226
0.002451481718
-0.00350892971
0.003246501447
0.006775711582
-0.03123755906
-0.07134877845
0.07085926755
0.06472188473
0.04226440709
0.01647794831
-0.007954060065
-0.03719499643
-0.01593756779
0.03285174422
0.1132094559
0.1340039138
0.178039853
0.0870777615
0.04000767157
0.09569624017
0.09951562755
0.1112225016
0.2099257984
0.1403560635
-0.008219245664
0.02680504818
0.08144966628
0.05890768453
0.1016184384
0.2939428473
0.01267147788
-0.1212904957
0.01642148102
0.02585537168
0.1554444994
0.1265946867
0.2859709613
-0.107401788
-0.04788868921
0.02993538166
0.04444067224
0.3397459142
0.1154625392
0.346865058
-0.0667498968
0.03134537583
0.0334569039
0.07434803582
0.6461223387
0.02680488754
0.1658285832
-0.009581353979
0.01199541827
0.01433936041
0.1987569464
0.7795427826
0.009646579327
0.02126038952
0.120316973
0.05961233368
0.1584544543
0.4076130106
-0.1967418231
0.01582012553
0.01143914672
0.09849193254
0.1761508002
0.006778915432
-0.4574192936
-0.7678813027
0.01552976163
-0.007636947409
0.1146715279
0.05762731716
-0.2494293745
0.09652443712
0.4260001345
0.04679376653
0.003118323998
-0.0133637179
-0.0411124838
-0.01855426335
0.1538434677
0.4773846043
0.02698512686
0.07930385332
0.05066975408
0.01117950947
-0.005336326646
-0.08547145004
0.2641591297
-0.01692521471
0.01104792678
0.02194434698
0.02426558376
0.009928149865
-0.09346611399
0.1353840282
-0.04984197343
-0.03174044825
-0.01297562466
0.008546809789
-0.0008309541545
-0.06768936842
0.04853918075
0.006459788793
-0.003133289506
-3.725226029e-05
-0.006832974606
-0.003498989856
-0.01492151466
0.03495230658
0.05983670284
0.03881601995
0.01277510033
0.004238894742
0.006941707847
0.02249434558
0.07377101223
0.1084221709
0.1173507875
0.1027954589
0.02747319426
0.0210570657
0.08530409197
0.05877235602
0.1250605166
0.1445306236
0.06386740281
-0.02196224609
0.01359196239
0.09612527248
-0.01544981363
0.1370740605
0.08785284877
-0.0784608363
-0.1625925277
0.04167477676
0.03889980746
0.03291854298
0.1314346487
0.03201568622
-0.2813327142
-0.001980476757
0.03368763648
0.03628194425
0.1837252344
0.1320844727
0.03857913343
-0.1642110406
-0.04993509422
-0.0209399699
0.05318740919
0.537579727
0.07456005693
0.187280367
-0.03784118007
-0.05136978024
-0.006961163253
0.1540212729
1.031529128
0.02114243285
0.04482489692
0.1015804298
0.04382854396
0.1300900318
0.6746257065
0.8312387896
0.01360402794
-0.007809717304
0.02007158497
0.3089662684
0.3922471373
-0.06078386895
-0.637226861
0.03293507385
-0.03660771837
0.009373716538
0.3207803691
-0.2694365867
-0.3362399931
0.7879937139
0.09608452695
0.01306995471
-0.01327181079
0.0008456263397
-0.1207375595
0.1169449034
0.2948999042
0.02620414135
0.08152937141
0.05680961431
0.0123419269
-0.009476812272
-0.03497011815
-0.1001805584
-0.05270403804
-0.01912244502
-0.01250339343
0.01409600415
0.02250524212
-0.01870818581
-0.08703469108
-0.02352016211
-0.02670936562
-0.0005892839873
0.03985442962
0.07324346129
-0.03326164722
-0.0383362355
0.0559848706
0.05614579451
0.05869239892
0.06709242143
0.03766876525
0.008183642212
-0.0007493267011
0.04570916789
0.02908795853
0.01502076737
0.01459883324
0.01616627676
0.01816491222
0.02258637293
0.1018055746
0.08319218158
0.06116680361
0.1215949425
0.05274444394
0.08166348465
0.06788366066
0.1170470448
0.1080908366
0.03612068114
0.003360810273
0.04739285917
0.1268002555
0.08867392068
0.1449160344
0.02198124714
-0.156074397
-0.04534784757
0.07734213761
0.05969593875
-0.004973600846
0.09115190389
-0.05040694268
-0.1240789248
0.01219439409
0.0515070901
0.04417180776
0.02217525025
0.0805161818
-0.04953870412
-0.07712357701
0.01784961188
0.02609690595
0.05773415548
0.118576376
0.07022666845
0.01370708093
-0.03278500247
-0.01973820254
0.05837134937
0.1296399704
0.7045632539
0.03756544676
0.1900603762
0.1391662658
0.03374592586
0.1799730279
0.7193635975
1.579064987
0.01672298644
0.003249713491
0.008769462465
0.2463815509
0.7456295811
0.5062907403
0.1618589653
0.05767004084
0.01242928696
0.001344009008
0.2993052763
0.2444783713
-0.5726079235
0.03353560873
0.0796723788
0.0971809014
0.05437957199
0.02169349383
0.04466468035
-0.1653214008
0.1521090783
-0.01302662768
0.005218044113
-0.003336302701
0.007832527287
0.01939148337
-0.01380444759
-0.139437375
-0.06327836431
-0.05164264079
-0.02192490624
0.01885108275
0.06192211405
0.01867826859
-0.06692613016
-0.008899319854
-0.007132832538
0.02121033774
0.1047237668
0.1401472914
0.04143810247
-0.09860329666
0.08018531637
0.08059884203
0.08979713042
0.1024825977
0.04997676432
-0.02853478806
-0.113577414
0.03347331787
0.02583353178
0.01619003803
0.01650446213
0.01838312546
0.005390096712
-0.08000813529
0.07757466178
0.04768630213
0.1028085705
0.2072005801
0.1131215943
-0.09396796878
-0.1045075313
0.101809071
0.05235611213
0.1592069857
0.06106451053
0.0319299489
-0.01584507457
-0.04065802204
0.1475900118
-0.004957683512
-0.09864082392
-0.02242684906
0.07463576805
0.1075732703
0.09814313189
0.05624127057
-0.1056862636
-0.07689102378
0.01726079647
0.05225348665
0.05358866767
0.02459019485
0.02615840657
-0.1200427855
-0.05656657231
0.02696745181
0.03293752095
0.07761182395
0.03484040712
0.03398780516
-0.03922588035
-0.04164686678
-0.006285544381
0.02973633786
0.1562329721
0.08549565514
0.0766994511
0.08800329348
-0.01219512565
-0.05629402528
0.206057771
0.2984965551
1.424748135
0.02044619271
0.08432431642
0.08573244568
0.0723394456
1.049047486
1.036210473
0.7444136223
0.05620821837
0.08234228442
0.07219757177
0.103723252
0.8660701304
0.1820453084
-0.7595802842
0.003397141022
0.03215211835
0.06180831548
0.02288500032
0.2533810165
-0.2541747472
-0.09735702589
-0.05877133466
-0.04330601107
-0.02283659698
-0.01487850087
0.02005150151
-0.0009501345611
-0.02348672184
-0.04646357001
-0.03509479207
-0.03109006531
0.002232761906
0.04282097941
0.04308130993
0.02959047681
0.009492411632
0.008931893045
0.03472247084
0.09431859975
0.181513214
0.05634685004
-0.05406052412
0.08847219954
0.09818678036
0.1267323509
0.1688497137
0.08435555562
-0.05487979323
-0.1168584923
0.03268047514
0.02703571114
0.01964059806
0.02818621532
0.0247227622
0.01426496884
-0.09821242719
0.06885254524
0.06789539283
0.2718260922
0.1981375596
-0.04141650707
-0.2701081802
-0.3863932678
0.06731450552
0.1230859361
0.2818099438
-0.04876269384
-0.011753491
-0.1046347964
-0.2646005389
0.1006168834
0.05407966448
-0.05745558908
-0.01911868255
0.05727778681
0.1371244568
-0.06430888983
0.05880933839
-0.1102921838
-0.062782233
0.01652412374
0.05548043547
0.07558431439
0.1425263473
0.001928805206
-0.138208235
-0.04786168606
0.02855552978
0.04446569596
0.05362896316
0.05162755666
0.01091686042
-0.07417990972
-0.03116362466
0.02473210446
0.02323672844
0.1856673733
0.1177137895
0.01623289952
-0.01277551709
-0.02299305266
-0.03624634902
0.000889861448
0.7457404035
0.4844887963
0.009701082728
0.1328019777
0.09912768388
-0.01644977708
0.2120912152
1.961519639
0.814357128
-0.02533667873
0.04881630596
0.08903854661
0.04605679749
0.3260570657
1.133956851
0.187759208
-0.06250779284
-0.03252517515
0.005967201964
0.02736118599
0.01618710516
0.482961527
-0.6963481919
-0.05346380428
-0.03558338417
-0.02066533251
-0.01998690583
-0.03087887137
0.2178020216
-0.1550338324
-0.01608024421
-0.01551605073
-0.03011660342
-0.004382637357
0.04570094108
0.1103808711
0.03470788633
0.01421862136
0.006928532267
0.01295311286
0.0514910943
0.1093324625
0.0435285836
-0.04316765061
0.0858282037
0.1034955733
0.1212326944
0.1404776325
0.08199664414
-0.08382671926
-0.1402017694
0.03411229819
0.0366499798
0.03041239554
0.03504158251
0.0291257368
0.03451088397
-0.06724480526
0.08513588321
0.2961834394
0.3150724339
-0.0314298457
-0.07925947308
-0.007579546689
0.02193430496
0.07937705153
0.2610107549
0.1195947209
-0.08566907533
-0.03973341229
-0.1100895139
-0.2723432622
0.08782708202
0.07662012158
-0.04563039867
-0.02095063343
0.02319366439
0.04487804578
-0.1558545568
0.05216463007
-0.06452847869
-0.05319177136
0.01469920046
0.04721463178
0.1034009676
-0.009406107136
-0.005674687622
-0.07619939516
-0.04617883029
0.02958160552
0.04316563307
0.01176788083
0.006227749475
-0.0004269743226
-0.05547547368
-0.0269144088
0.03918021588
0.0375323859
0.01412993398
0.1239093399
0.0146556258
-0.0327240153
-0.02376536522
0.02270129077
0.02912125851
0.1435149057
0.4447585676
0.04270654993
0.0368779544
0.01564587023
0.01015119701
0.005771710588
0.5994342997
1.616525843
0.01723435671
0.05765461477
0.06072834709
0.03367524685
0.00078871963
0.8927392362
1.15006417
-0.001611893509
0.01466525387
0.03940145727
0.01577433104
-0.0136742479
0.3689914129
0.480876
-0.01032000777
-0.004595943699
-0.002461380669
-0.01143809708
-0.001787656849
0.1135318175
0.3102793451
-0.007534338881
-0.01004968354
-0.01636698434
0.0004579796879
0.05340667519
0.06919553
0.138927456
0.01824535259
0.007927524608
0.01021192052
0.04742156428
0.08276782761
-0.1378459478
-0.07825495157
0.09542022591
0.1074040294
0.1131973043
0.1173209237
0.07438789713
-0.1578849061
-0.1992609447
0.03778509696
0.0399943517
0.03245366325
0.02849747275
0.02711808188
0.03975951601
-0.02818553614
0.1395171794
0.4481031128
0.2357219812
-0.03723792676
-0.09469724772
-0.1151422891
-0.2308557802
0.08519127643
0.2879963789
0.07752958938
-0.09640834968
-0.07397435012
-0.02351903021
-0.1844034328
0.06979649126
0.08221687341
-0.04026467403
-0.02364772486
0.01719615705
0.02753121901
-0.03760942618
0.09598859605
-0.01267929211
-0.0527982649
0.01499604938
0.0352220588
0.0590163528
0.1335563123
0.03110414104
-0.06144692433
-0.04271318623
0.03056996457
0.03727049364
0.03758773225
0.06410216863
0.02196972577
-0.05065542642
-0.02700535578
0.04427765511
0.03543982295
0.01510997243
-0.02962244277
0.05301506205
-0.03113895012
-0.02525048396
0.04925554469
0.03961132996
0.005439922236
0.2557474349
0.1027261381
0.01425590927
0.006714234707
0.04705761325
0.03766792469
-0.0008157908157
1.613648328
0.06660612301
0.0555450929
0.04209178792
0.02677656715
0.007791831717
0.02900064719
1.517941288
0.0146744724
0.01925483106
0.0275368226
-0.008281142167
-0.02899212538
-0.0295086885
0.6704366744
-0.006162739961
0.001774532997
-0.002360975081
-0.01976795573
-0.02178733404
-0.1014713901
0.2183626296
-0.001659574061
-0.00492386202
-0.00808392619
-0.002306531009
-0.01850658927
-0.1346591163
0.09820935648
0.01458079894
0.008580710064
0.007167522885
0.02278311564
-0.003378713656
-0.1507250164
-0.1231412827
0.07180233067
0.08484731633
0.07600073148
0.05644285855
0.072342222
0.1491701086
-0.1072628704
0.03182814341
0.03610668387
0.02798935595
0.02386902584
0.02188628889
0.08542121817
0.2606792662
0.06124583637
0.04946234528
0.005303956425
-0.006448772464
-0.002618674493
0.002457293818
0.05238849771
0.0289525614
0.01310606262
0.01369150949
0.03271115154
0.05870065495
0.1018161484
0.07023249605
0.06474782507
0.03450891036
0.04739806947
0.03172334368
-0.01836906418
-0.02210471627
-0.01028041463
0.02932184194
-0.001117277195
-0.01006772907
-0.01339185449
-0.002401239174
0.02709281549
0.1030912556
0.03010129468
0.07078542152
0.00267562653
0.02811468071
0.02180144522
-0.01168645497
-0.02902907152
-0.02089838043
0.001076463901
-0.02733762392
-0.02389163589
-0.02372094047
-0.01862191703
-0.01322117717
-0.004857594005
0.02700685176
0.04060000874
-8.426663856e-05
0.0121313739
0.002010327444
-0.01636148084
-0.03379235233
-0.03118695003
-0.02209118226
-0.03946734048
-0.03660357873
-0.03639815629
-0.02952036173
-0.02329414525
-0.02055204303
0.01711639949
0.02738158269
0.02282522432
8.346129284e-05
-0.01549501707
-0.02860772965
-0.0277281631
-0.03486956683
-0.03538106873
-0.04207938113
-0.04211234915
-0.04818301068
-0.04988639929
-0.03186756697
-0.0271075681
-0.004104504299
0.03004514881
0.01951896585
-0.003983549134
-0.0217012063
-0.03326614689
-0.03253186791
-0.03828598809
-0.04121953781
-0.04299635753
-0.04303275861
-0.04447637913
-0.04378808271
-0.03420221674
-0.02266685778
-0.004020961734
0.02850040087
0.03879623875
0.01821140259
-0.004632588658
-0.02491274716
-0.03556671098
-0.041120207
-0.04353412167
-0.04387318252
-0.04404375741
-0.04288417239
-0.0408191659
-0.03403423089
-0.01995029055
-0.001687689817
0.02569652857
0.05054419924
0.02437338096
-0.0009373941514
-0.02258071464
-0.0359510281
-0.04158307402
-0.04428179652
-0.04494305827
-0.04389103696
-0.04210154842
-0.0383083216
-0.03119349262
-0.01758728228
0.003112852024
0.02024173141
0.02400358445
-0.003878358208
-0.01992256067
-0.03107716122
-0.03894582512
-0.04250501626
-0.04431945377
-0.0442960883
-0.04375667054
-0.04183604492
-0.0365745233
-0.0259993354
-0.009225617651
0.006941908489
0.009737974114
0.01579638252
-0.01155531933
-0.02631954564
-0.03376904236
-0.03937665664
-0.04201893185
-0.04276958615
-0.04157868327
-0.04174724285
-0.04065577309
-0.03612473418
-0.03260614148
-0.02151534763
-0.007139960241
0.006496374156
0.01168202122
-0.0159216603
-0.02369456992
-0.02987065747
-0.03581776154
-0.03789882277
-0.03949918565
-0.03512940677
-0.03687175861
-0.02939749544
-0.0167741893
-0.03117757214
-0.03500267902
-0.03166087664
-0.01875212794
-0.002600517381
-0.03023187665
-0.006679023688
-0.01355456736
-0.02601661949
-0.02819359472
-0.03160020334
-0.01941215849
-0.02998845718
-0.03102192763
-0.01872065154
-0.02338460553
-0.01861475862
-0.0367150948
-0.03695311553
-0.01283986262
0.05061807252
0.03924475964
0.01376283969
-0.01032762534
-0.01327929129
-0.01696949551
0.007687019756
-0.02192823154
-0.03178801092
-0.02178983294
-0.001376929238
0.02087652897
0.003725065116
-0.02575519674
0.02120911508
0.05038348025
0.07956640803
0.03272246383
0.01320155441
0.01211392912
0.01140763518
0.03860671211
-0.01815156203
-0.02415145922
-0.00961072545
0.004238439904
0.05374101626
0.0439015276
0.03124322183
0.05632199741
0.08642516746
0.06232694899
0.03675372188
0.03784382445
0.04929831838
0.06269340745
0.07171190742
-0.02407194262
-0.01735419031
0.001348175298
0.008699221495
0.05199763822
0.0644818297
0.04449010917
0.04496407526
0.03476007774
0.005820275347
-0.02176926082
-0.02335167042
-0.01084894556
0.04507440058
0.02438819201
0.01143283845
0.007464658631
0.03577337716
0.08569420215
0.09042639752
0.06085692767
0.05277354417
0.03744983426
0.0358916304
0.02343024023
0.01519724433
-0.03128756896
-0.01144793859
0.03273224794
-0.01381840378
-0.009602749145
-0.01161590104
0.009340881318
0.09872076333
0.09721483534
0.05389358232
0.05637648178
0.0223767381
0.02731007482
0.004065992031
-0.01299630195
-0.03400883918
-0.01839322402
0.004975265575
-0.03728486032
-0.02611250928
-0.02297811032
-0.01072084115
0.003123832323
0.07479114417
0.01646601472
0.04815882228
-0.002787505184
-0.01568179806
-0.0005709940664
-0.01629728397
-0.03320725804
-0.02845608284
-0.01882900586
-0.04442537479
-0.0385094783
-0.03925246315
-0.0288011369
-0.01587014571
-0.01545294553
-0.01493416172
0.03319314547
0.01052873453
-0.00572832554
-0.01414339459
-0.0247282539
-0.0525909253
-0.04518399564
-0.0350299113
-0.04352436789
-0.04153048689
-0.04525675396
-0.04588726933
-0.02996575346
-0.02000670933
-0.003371588833
0.0253016639
0.006825069533
-0.008634991076
-0.01999955311
-0.02918371261
-0.04929013098
-0.04704100751
-0.04186010413
-0.04351984801
-0.04232708132
-0.04300793221
-0.04206549248
-0.03157319007
-0.01121702105
0.01382281718
0.03574348837
0.04008040268
0.02094484921
0.0003998517658
-0.01947944632
-0.03333464058
-0.04075826466
-0.04411328532
-0.0449742142
-0.04265384516
-0.04162033058
-0.03822891945
-0.02953828707
-0.008167431469
0.02241287991
0.05303900858
0.05354489374
0.03002330263
0.001784956982
-0.02010811982
-0.03396333079
-0.04069594854
-0.04522770396
-0.04683251857
-0.0453045323
-0.04104712587
-0.034524477
-0.02409386641
-0.008181037247
0.0151921407
0.03707263
0.02436999958
0.002678480482
-0.01527565608
-0.02963784803
-0.03858929184
-0.04223420828
-0.04427050971
-0.04448421856
-0.04474847816
-0.04195322975
-0.03489899324
-0.02040124494
-0.0006800151674
0.01579249329
0.01834354544
0.01860300495
-0.0008344858404
-0.01609390115
-0.02872377115
-0.03789419845
-0.04177044834
-0.04255560351
-0.04056163617
-0.04145707521
-0.04294746701
-0.04236363679
-0.03188133502
-0.01851351798
-0.005192962492
-0.001424704997
0.007138790375
-0.001704768894
-0.01589554477
-0.02376052481
-0.03107988981
-0.03565457103
-0.03927223238
-0.03264395952
-0.03542169402
-0.05550313464
-0.06307813799
-0.05127887783
-0.03442208069
-0.03587375387
-0.03579128893
-0.02218087242
0.06903292156
-0.0006995674542
-0.009438352499
-0.01750402177
-0.02017713344
-0.03034529641
-0.0152639787
-0.02618677126
-0.04526360084
-0.04032872827
-0.01785466522
-0.01309442156
-0.008719144006
-0.03475594189
-0.004082536859
0.0027663405
0.08003301534
0.01404994156
0.002244936525
0.00466281537
-0.01160569681
0.01183699912
-0.01573528196
-0.02736840257
-0.01589368654
0.003715356066
0.02773900769
0.01137417807
-0.007199170339
0.009275051619
0.02353214869
0.04778728213
0.03694674561
0.02943233894
0.03719286498
0.02165825196
0.04231801592
-0.01370725689
-0.0238194559
-0.005559395945
0.02256963137
0.05573287981
0.04341940497
0.03272506472
-0.0001604704418
0.02412969259
0.02665864647
0.07295013625
0.05696100758
0.07415662116
0.06931943205
0.06881999088
-0.01497901618
-0.01694878221
0.001648668387
0.01143949451
0.04262057468
0.04678283709
0.04536651899
0.04509415698
0.03847287885
0.0215467168
-0.02450902226
-0.0397587873
-0.0219725398
0.03707064697
0.03033668715
0.03225952646
0.01410417426
0.02888153657
0.05825116938
0.07162334602
0.0722326953
0.07590830649
0.04255185283
0.03931145707
0.03371954876
-0.07974222383
-0.07128188997
-0.008964222817
0.04834209905
-0.04156580106
-0.0004151979018
-0.00312217075
0.05078919155
0.08928852052
0.07836467068
0.05152019649
0.04781905419
0.03711584761
0.03315769362
0.03309255654
-0.004786781229
-0.02769121959
0.0145344209
0.02164220504
-0.06008589042
-0.0482947525
-0.03991058861
0.01817633193
0.06155068274
0.06911894369
-0.001819589618
0.02680318266
0.01477215961
-0.004004986996
-0.005138261997
-0.005589832543
-0.03223438603
-0.01235802859
-0.006280716395
-0.0708406201
-0.0633997326
-0.05452260473
-0.01315799706
-0.001965739387
0.01110212219
0.05846074268
0.0239466308
0.004163826074
0.001601284824
-0.02249439448
-0.03829276163
-0.05148752284
-0.03665883293
-0.02904686035
-0.05811049014
-0.05777583514
-0.05471514609
-0.03022067128
-0.04444519308
-0.04617387535
-0.001478011315
0.01546917119
-0.01362190354
0.008830571417
-0.006679338064
-0.0305585709
-0.04478831795
-0.04431529568
-0.03902273526
-0.04955369246
-0.04699612739
-0.04862223919
-0.04948500387
-0.04900500461
-0.02702774416
0.03360965718
0.05890693476
0.03793702009
0.04506051218
0.04218407649
0.002642231708
-0.02765943324
-0.04039076598
-0.04367417902
-0.04758331398
-0.0457146497
-0.04198345269
-0.03427631107
-0.02258854831
0.0045055579
0.05727011667
0.1162635691
0.05713357686
0.02252184332
0.03029533387
0.001850649202
-0.02599185869
-0.03901825653
-0.04453697201
-0.04620736046
-0.04439793299
-0.03864613169
-0.02346287891
-0.0006892040136
0.00683590694
0.03591852651
0.07572285906
0.03241143577
0.01317458763
0.01972273396
-0.003108537758
-0.02928566073
-0.03807120722
-0.04317213851
-0.0456013694
-0.04341686863
-0.04118430132
-0.02865001481
-0.003252816615
0.02844297351
0.01666169462
0.03114206234
0.02289941421
0.05532992268
0.006730806052
-0.02858220924
-0.03078254183
-0.03172496373
-0.03909432142
-0.0388320193
-0.03630522831
-0.03898031472
-0.03547085834
-0.02068960184
3.943313328e-06
-0.0009643050282
-0.01400109862
-0.03645900974
0.02033023109
-0.002321815888
-0.0639951429
-0.05736772035
-0.02250584863
-0.02695771844
-0.02269286342
-0.02035433873
-0.04293422289
-0.06690589965
-0.04701890113
-0.03035634517
-0.02734154809
-0.05566815015
-0.03010997868
-0.1260739463
0.03859543687
-0.008674151279
-0.04539752936
0.003430848435
-0.001890759093
0.008697325618
0.00283930281
-0.03309896265
-0.06044415646
-0.00391118483
0.01363139505
-0.03067817948
-0.01732372196
0.01240716961
-0.02073701661
-0.1342332877
-0.006028629887
0.00287595847
0.0612304918
0.02145204264
0.04341098324
0.02409611986
-0.008532516123
2.593486113e-05
0.04853515046
0.05419809567
0.0221246789
0.01968364938
0.03493760057
0.03166336425
-0.01221454651
0.05360145542
0.06895633452
0.1195337202
0.02720753111
0.04147224042
0.009957626005
0.005815219861
0.02366301579
0.04302837264
0.05357398116
0.04309222346
0.03784880579
0.07939210426
0.04916824639
0.00271606767
-0.0303698687
0.04683736383
0.1275548842
0.09489229782
0.05132440714
-0.01094719209
-0.01385283748
0.009187585301
0.01036163595
0.04039873324
0.03512198612
0.03861844876
0.04621572809
0.03327864457
0.007950468899
-0.05105520502
-0.08722248375
-0.05300206509
0.03180226906
0.02297901031
-0.03373843078
-0.07994123389
0.002691331862
0.04173218713
0.07170085136
0.08993072681
0.07731263726
0.04632133426
0.03598412231
0.008187432697
0.00306733906
-0.04705243652
-0.01487082395
0.01399269882
-0.03925483104
-0.03522287418
-0.004520643578
0.05602628153
-0.04369162756
0.02512266866
0.05139208867
0.07337516792
0.03527547218
0.0273858985
0.003763418095
-0.1109119371
-0.06384414369
-0.005573253544
0.0160691856
-0.04129635189
-0.03382256613
-0.07546986491
0.03220742686
0.08357124428
-0.1579058577
-0.0264932435
0.07442191183
0.001398184999
-0.008071590445
-0.04597651869
-0.06310239122
0.01670820891
0.01590870338
-0.01065215247
-0.03742858325
-0.02376412796
-0.1021901764
-0.08065959026
-0.008707416827
-0.0002873501815
-0.09078616604
0.08708733287
-0.01949346349
-0.06757831367
-0.01582970169
0.04463809492
0.05405959103
0.01017453269
-0.02642732627
-0.04971304598
-0.02420027029
-0.05874301375
-0.07827458737
-0.07065129884
-0.007959160997
0.08739803883
0.1153526882
-0.009235280294
-0.01344084215
0.03786764177
0.04741807836
0.02336107348
-0.01506790021
-0.04128471927
-0.04575471979
-0.03620636735
-0.0379830049
-0.02992293892
-0.006704707232
0.06080469951
0.1267281445
0.08654930833
0.04094636502
0.03419588208
0.03233760531
0.03187370141
0.001615799205
-0.02588661538
-0.0441934373
-0.04821236591
-0.04678541972
-0.04028559266
-0.02929245025
-0.004068306656
0.05331799943
0.1315272186
0.1559939839
0.04985970118
0.05425268532
0.00396834504
0.007153294752
-0.01064925662
-0.03139641757
-0.04257588804
-0.0479122307
-0.04712421707
-0.03989030955
-0.02342178979
-0.007483814558
0.03306861439
0.09782570055
0.09697208204
0.08304030546
0.0326775933
-0.001847567697
-0.009331754495
-0.02242972011
-0.03911754661
-0.04300554558
-0.0442092075
-0.04556069438
-0.03783049926
-0.02314425422
0.002600110974
0.0008976886291
0.05707446797
0.02957777407
0.09437011875
0.04790528607
0.1106775654
0.07078617659
0.01243818533
-0.03085457927
-0.04423618132
-0.0396200504
-0.04272033639
-0.03090653572
-0.009792763239
0.005756842392
0.006736836591
0.0005997817539
-0.01904359467
0.1125375366
0.00331368314
0.06820833687
0.1057676986
0.07726671692
0.006749257727
-0.03349824262
-0.02280282471
-0.02557044984
0.01553092378
0.06482828379
0.07143711779
0.03369741598
-0.04922118047
-0.009979107577
0.01912649785
-0.07427279473
-0.1977435586
0.003589458283
0.1159296098
0.05697999526
-0.03318878746
0.0002837311152
0.001991936569
0.0595928671
0.09030414728
0.01778151587
-0.021681429
-0.02086204889
0.004310085541
0.01984824913
-0.0107528037
-0.0704960297
-0.05320410492
0.1518858782
0.1005013606
-0.0219640789
-0.01345685188
0.01232903772
0.05240706854
-0.004986363433
-0.05191174407
0.04292852086
0.035863038
0.02856830282
0.02886939283
0.01580897796
-0.01234047998
-0.2258555756
0.09699695161
0.1166772081
0.06762691518
0.06445850513
0.002259886963
-0.01234742848
-0.03939782466
0.07648355258
0.03685200256
0.02641768816
0.03455070868
0.02644598962
0.02270327847
0.02844396174
0.05834345549
0.134371766
0.1762069814
0.1294968687
0.04667235418
0.00242058973
0.05292510592
-0.01259865483
-0.004395088327
-0.005181489524
-0.01117011403
0.0189748178
0.04244622673
0.03364813941
0.02776987609
-0.04172698979
-0.1112015359
-0.08300021983
0.02157835811
-0.00847607106
0.05728581604
0.08189425003
0.05768526851
0.07211865159
0.08549572272
0.05277438531
0.03828039211
0.05772227963
0.03274691912
-0.0134313432
-0.1524996241
-0.08461090724
-0.02713860119
0.04213183349
-0.01821959206
0.02563305549
-0.04332552822
-0.230532641
-0.0264700729
0.04421533018
0.08273964413
0.02780109322
0.04099507685
0.01968996172
-0.01852481021
0.05720378635
-0.05606956757
-0.07588310135
0.007121998871
-0.05283097962
0.03472035013
0.06220287789
-0.09657746208
-0.3419588679
-0.08781278777
0.0770880987
0.07037658464
-0.01017448297
-0.05405687008
0.02734613184
-0.007922290785
-0.1098847279
-0.0845045108
-0.01102300406
-0.03803720307
0.01381800725
0.05418681101
0.02273658456
-0.06941645014
-0.110432873
0.02718831468
0.1587646536
-0.06836837946
-0.009584803642
-0.02759329893
-0.09358932725
-0.1010005458
-0.07041452232
-0.03256177872
-0.03119663993
-0.01838040839
0.009219235686
0.02949669726
0.03457075804
0.05958522727
0.02790569628
0.2155466574
-0.1117696089
-0.06050935631
-0.09441566649
-0.09240944081
-0.0727757155
-0.05305282894
-0.04153105514
-0.04068131609
-0.04279695231
-0.03202481994
-0.01183576029
0.02062877501
0.0663705604
0.06466639702
0.2624327034
0.0370440976
0.03042037411
-0.03132071219
-0.0538323259
-0.05242258591
-0.04684969101
-0.04480860854
-0.04585605729
-0.04334750435
-0.03829928917
-0.01648620399
0.02448262943
0.09018779114
0.142200678
0.2516912651
0.1608550908
0.09859122012
-0.01667235379
-0.05444728228
-0.05257733396
-0.05049574085
-0.04810869865
-0.04788774447
-0.04625675984
-0.03810753107
-0.02925817886
0.006625645628
0.07016363328
0.1097032035
0.1448701527
0.1687889252
0.07124846197
-0.03601745278
-0.07046165931
-0.05246816889
-0.0494758112
-0.04727621442
-0.04525075767
-0.04702788267
-0.04582117345
-0.04485791473
-0.05083473369
0.0001171402216
0.03147709298
0.0261010277
0.4541766427
0.1336160417
0.02467592755
-0.02285844224
-0.04955978816
-0.0449430449
-0.03901809374
-0.03898772619
-0.04568655458
-0.05790743319
-0.07663992578
-0.09678373952
-0.09234296678
-0.04108281677
-0.0110172715
0.2411581832
0.2589551679
0.07683712773
0.05786202906
-0.006037796281
-0.03919083064
-0.04648418714
-0.03424854621
-0.04975211938
-0.07251479632
-0.09488839715
-0.1191874265
-0.1174559509
-0.05068503282
-0.05969846837
0.08737186621
0.2903559349
0.1513922549
0.101717407
0.07393244591
-0.01001190763
-0.0433061276
-0.03502236772
-0.04818895614
-0.09503640044
-0.1006095626
-0.05710093202
0.02264436819
0.04156532449
-0.01043100086
-0.0008008292379
0.06905150819
0.2405976132
0.2407380157
0.1466658658
0.05678991486
0.02744660497
0.02586207186
-0.03093794035
-0.115302871
-0.03479498958
0.1136188824
0.04582257342
0.02693607465
0.01656978218
-0.02067878369
0.02415656251
0.1282536468
0.5767823629
0.2791545369
0.1704949733
0.09593454376
0.09465125281
0.01975482935
-0.0231886019
0.05251004198
0.005131489365
0.00279721391
0.01662832745
0.02027554997
-0.02204351958
-0.02808656636
0.0359834382
0.2142425256
0.4551644002
0.3344734191
0.2811953991
0.1471559358
-0.01864689892
-0.0821822792
-0.09199937912
-0.06144766627
-0.02986617186
0.02251301342
0.02125403264
0.03647773522
0.03415752601
0.05161768097
0.0910181344
0.06139832307
0.08188188684
0.04940818095
0.1825792585
0.2551552984
0.3571391573
0.2355593874
0.1198573659
0.03266590335
-0.008050102109
0.02367143993
0.04597212001
0.03843169214
-0.0007036610669
-0.1572420278
-0.129021922
0.01517677108
0.07498756952
0.02182542338
0.1092236827
0.1564684311
0.2492046006
0.2772274165
0.1283667803
0.04777437266
0.01893729806
0.05306220284
0.0170722452
-0.04540064915
-0.1352002481
-0.0748266313
0.03460666677
0.02498501869
-0.04399548525
0.05532341107
0.1409380506
0.1753320768
0.239127271
0.3952808712
0.2182644843
0.05246510777
0.0602289196
-0.03336953307
-0.1718925321
-0.03706623678
-0.03175165584
0.01979733518
0.01025193272
-0.1022993983
-0.02955551798
0.06614737991
0.1373400911
0.1820715684
0.2479459691
0.6732993485
0.147797989
0.07823420099
-0.06691396367
-0.03330236872
-0.01243698013
-0.01546591352
-0.003922727215
-0.009351812752
-0.07434004496
-0.05705294035
-0.01330713156
0.03812608964
0.1267297592
0.1891667413
0.236857971
0.2222441585
0.03727016203
0.001218765054
0.001443045266
-0.0005443750796
-0.0207399713
-0.02703426862
-0.02985577511
-0.05430366043
-0.04974544999
-0.03369854815
-0.006057651671
0.04494730819
0.09298705809
0.1053362835
0.2613229967
0.1151580454
0.1178816355
0.1119596297
0.05863755778
-0.0006463443484
-0.03919362459
-0.0442154468
-0.04887787283
-0.04672237165
-0.03721809971
-0.0127649183
0.02978596092
0.09529798812
0.1390307981
0.2029921615
0.164031671
0.1149816758
0.1126085155
0.01665411976
-0.0122614005
-0.04339455526
-0.04670496504
-0.04679785135
-0.04365629669
-0.03666821601
-0.006860877408
0.03230922991
0.0774729181
0.1188360767
0.1851425092
0.373323038
0.1315795084
0.1179440638
0.04922815549
-0.02066602138
-0.03913247244
-0.04300899911
-0.04183680915
-0.03994697612
-0.04101655031
-0.0344549217
-0.002821981283
0.02182969673
0.02426863723
0.02297380893
0.3715157456
0.3444868464
0.1176366411
0.02650773648
-0.006315687927
-0.01354603201
-0.03296051411
-0.02353139832
-0.02151661507
-0.02962362423
-0.02483985426
-0.02283432534
-0.01792623551
-0.007315344562
0.03022039552
0.1955840812
1.075128301
0.3333188352
0.1331688465
0.02770976411
0.01051571626
0.004569674403
0.01002106073
0.02319032101
-0.01573534339
-0.0168771151
-0.02691832781
-0.02591205261
-0.02314566536
0.0329745386
0.0519923629
0.3735281695
1.064802941
0.4446339295
0.1397451299
0.05011792755
0.07830052792
0.05523321899
0.06879991523
0.003752645655
0.01021558642
0.05015852623
0.07153781118
-0.06148770797
0.05494770802
-0.004182391683
0.07052169923
0.3557467638
1.133714171
0.307180949
0.152700698
0.160327157
0.1192488634
0.0966198742
0.03728564999
0.09146009016
0.004701213457
0.01242029776
0.01247606774
0.04432935194
-0.01629107423
0.002994018267
0.126977781
0.7524113588
0.6720855291
0.3096631973
0.1819699694
0.09864156882
0.06507113891
0.03764215838
0.008271650895
-0.01393708621
0.005685379932
0.01986774471
0.02646926538
-0.01972009918
-0.03813387575
-0.001941068417
0.1210375193
0.3646921864
0.6828780348
0.3141711196
0.1434815038
0.131229958
0.06654508575
0.05387684208
0.06801537706
0.05474965138
0.04125776341
0.0319235907
0.03796970912
0.0436502558
0.03107242708
0.1129514746
0.3765014129
0.2354949371
0.1568052691
0.2649082071
0.7708368668
0.4235556391
0.2334182659
0.07508611481
-0.01244143163
0.007986346251
0.01978548854
0.02989307384
0.03115932965
0.07118887789
0.2742583743
0.1204011307
0.1096397355
0.0958507322
0.1057306357
0.2489521908
0.6896098213
1.039068244
0.3248952932
0.09210593948
0.02411540382
0.04406424996
0.03053395245
0.04369533221
0.09025577362
0.0559879488
0.04775645129
0.1046503905
0.03816545574
-0.005362861631
0.1116511647
0.3306661293
0.8673835093
1.280709987
0.4998754859
0.1216722458
0.04581937789
0.09539371098
0.1248837634
0.2064651068
0.04546711734
0.08377585197
0.05480932453
-0.02806388025
-0.05906040571
0.01228822523
0.1333762557
0.347656121
0.7658769027
1.558926725
0.4976684882
0.05924528201
0.3070258636
0.1229867099
0.05419860999
0.09007734215
0.05487188207
0.009663417514
-0.05451352789
-0.06113500185
-0.02655540029
0.02356651362
0.1096995239
0.2720774291
0.4565241271
1.104379398
0.0913070367
0.3815370124
0.1220677839
0.09765970651
0.05824265652
0.01964832643
-0.01834815383
-0.05069385736
-0.05244449772
-0.03940850053
-0.01906687555
0.02671286501
0.09148289881
0.1858391989
0.3740254343
0.004364815707
0.2321122633
0.1528098202
0.09631787839
0.04809710274
0.01144934089
-0.02297360506
-0.04345975652
-0.04595911517
-0.04324283845
-0.02926888533
-0.007777589354
0.04214707291
0.1124346409
0.2240272837
0.1054399161
0.06263170276
0.1092715698
0.09717879718
0.07364053775
-0.002454332382
-0.02918737325
-0.04554666471
-0.04717449834
-0.04362994247
-0.03153398866
-0.01121536809
0.02185094345
0.08675282009
0.1282364015
0.120805723
-0.1474120019
0.1607642526
0.111245823
0.05434757129
-0.005366572779
-0.03341600921
-0.04408198349
-0.04208917467
-0.04013592118
-0.03449217774
-0.01664834232
0.001690844668
-0.02176799678
0.009681423983
-0.02498594451
-0.06951099233
0.6176813977
0.4526392962
0.214979632
0.03935413388
-0.04091048991
-0.047878948
-0.02739866587
-0.03064411116
-0.0264947603
-0.01115801937
0.007277774703
0.03138475992
0.02428187237
0.1694231747
0.006495683105
0.4320762443
1.074955198
0.6568374478
0.2167117677
0.02864502699
-0.03411745733
0.01630369108
-0.001024161252
0.01155413663
0.05198007235
0.0865524759
0.1095227411
0.08684295586
0.2879692136
0.02686172165
0.1166498991
0.4820340305
1.238855814
0.5696712489
0.1818678852
-0.01054147178
0.06909585321
0.03421808518
0.06030237274
0.1277525904
0.1128769622
-0.01164530812
0.1511963781
0.1382888059
0.03933543955
0.04258219509
0.1474837254
0.5577166822
0.8865321057
0.3397170563
0.02119010248
0.03780298388
0.08148047693
0.1315009367
0.1183621073
0.1054116615
0.07772612792
0.08118939593
0.04805981768
0.02740470951
0.009754306104
0.0377944319
0.1986667066
0.8639794174
0.4801896815
0.1528054905
0.08225826625
0.1179119874
0.1665155695
0.1972601545
0.1760071449
0.07897749097
0.04753544241
0.03331964555
0.006595154218
-0.007911350549
-0.01066672729
-0.01356064645
-0.02206615663
-0.07022342099
0.1578380868
-0.02678958164
0.2410689974
0.5829959481
0.406418886
0.1361444209
0.06095180808
0.0761370164
0.06843300579
0.06428718046
0.0806051936
0.04326543138
0.04109582361
0.2183994861
0.7280235913
0.1992340737
0.1384611345
0.1087631553
0.116549632
0.03916699312
-0.007074930291
0.004727854922
0.009010017231
0.02075509615
0.07932336965
0.0453827937
0.03916754881
0.3344744707
1.021538671
0.2814778798
0.1108190196
0.1016565585
0.7402233364
1.342721305
0.4553333843
0.1352144593
0.02132556227
0.0498350545
0.02653433359
0.04220791316
0.0465560134
0.1979959493
0.6208499742
0.3541976741
0.1376069425
0.1679840042
0.09791809965
0.4194908531
1.375775609
1.659174886
0.5871869502
0.1501827091
0.04623825594
0.02094492408
0.07916326445
0.199297149
0.5592978165
0.4392830557
0.1654127843
0.05224185205
0.09352655967
0.07277206607
0.1748656065
0.6392380453
1.57771618
1.810645648
0.6060343332
0.05408321357
0.01739087505
0.2437164849
0.6392956596
0.3959505904
0.1918574797
0.06555098368
-0.002170250266
-0.008658575839
0.01934954809
0.03692139647
0.1553946063
0.4391021059
0.8467640164
0.8605454499
-0.1763300189
-0.04605071552
0.8588234821
0.4009651407
0.1735820548
0.06790598552
0.002889830935
-0.03464024944
-0.04407348245
-0.0235735901
-0.0305929132
-0.01118991165
0.02078854373
0.05699724586
-0.002220896178
-0.1797150514
-0.2116880446
0.4177840464
0.1468669544
0.06420097466
0.000206826783
-0.05023241127
-0.05400928444
-0.0430252355
-0.04326887998
-0.04069028488
-0.03287462797
-0.01926413022
0.005149045707
0.02667951631
0.0646297712
-0.1863109422
-0.047452258
0.04136797124
-0.02936395414
-0.05870270651
-0.08200687552
-0.0665724149
-0.04789818591
-0.04608656325
-0.04333309726
-0.03180191164
-0.01747633683
0.01879849002
0.09176798139
0.1479292005
-0.09008125606
-0.5137759782
-0.02918600369
-0.1674306544
-0.1379366481
-0.06869751189
-0.0641750034
-0.05466289831
-0.05199858473
-0.04674043481
-0.04263647305
-0.03580628317
-0.06664557031
-0.05482843031
-0.04308953008
0.09867895624
-0.3130152245
-0.9465794362
-0.7912257911
-0.4596590351
-0.2108918355
-0.08755309867
-0.05573456473
-0.0565506875
-0.03852787973
-0.02887519594
-0.0112906139
0.0119841194
0.05665653874
0.08063136207
0.358385157
-0.03393395655
-0.3958515395
-1.356402298
-1.091962411
-0.4891299454
-0.1683895883
-0.07165382783
-0.07236171378
-0.02519924719
0.006287916907
0.0613727041
0.1672484719
0.2698152201
0.348633188
0.3536894523
0.04925874057
-0.00785721825
-0.3101130448
-1.540823269
-0.9554484657
-0.3063410774
-0.08157234094
-0.07769725328
0.003739196161
0.07747010107
0.2315500557
0.3747232619
0.5901153585
0.4388795018
0.1063587283
0.08987549484
0.08070663593
-0.0111580561
-0.5058863387
-1.345942137
-0.4549253182
-0.04331921622
-0.0255262219
0.05817239226
0.2016867214
0.3871549481
0.6389524038
0.3277356644
0.1231001823
0.02087019917
0.04648837997
0.03502607184
-0.002654300202
-0.1293494181
-0.8916596628
-0.4093426414
-0.002314000557
0.00961037953
0.133373208
0.4312915019
0.9074833932
0.3252187563
0.1021124735
0.04656277107
0.04089093053
0.007314252085
-0.01106803143
-0.05064236248
-0.0378544321
-0.1939270812
-0.3537676492
-0.3176735813
0.1226758993
0.6872985453
0.7933161773
0.2300834985
0.08612705312
0.07448713531
0.08820544589
0.09768017467
0.08806548412
0.08354831652
0.06135476438
0.05700474486
0.07473031081
-0.05608555505
0.004752244809
-0.005538941638
-0.1570807545
-0.02379820955
0.01915462209
0.08355957138
0.03556855639
-0.002503023507
0.0006738766119
0.09215471765
0.08799710378
0.05964891011
0.1373312536
0.3718281259
0.6755089382
0.08437901329
0.006410868849
-0.4943937141
-0.315076603
0.0091625443
0.09459456883
0.1233455201
0.03022222248
-0.01152302604
0.1125983596
0.07279556107
0.1471266538
0.3529644346
0.9370252157
0.620053254
0.07138772333
-0.1597291356
-0.404642717
-1.050504307
-0.3446282138
-0.008979247518
0.08282875275
-0.001652115948
-0.1474855544
0.06778027897
0.1434057105
0.3373420222
0.9550742094
1.06852512
0.4078698371
0.03505485632
-0.1834101807
-0.266978723
-0.678802394
-1.3975421
-1.007407702
-0.3642451766
-0.081370659
-0.1582843861
0.06969331973
0.3680689652
0.9401992295
1.21120905
0.5946205136
0.1632857413
0.03019370387
-0.1296465197
-0.1564394895
-0.2941631664
-0.6463636373
-1.390293494
-1.511865701
-0.7296743195
-0.2817758892
0.1593735573
1.104743255
1.059132537
0.5912200291
0.1897192369
0.02242673715
-0.0140738053
-0.08772297467
-0.08505469699
-0.1012011483
-0.1610875805
-0.314328615
-0.4252640053
-0.7215988038
-0.5422952435
0.3166990804
0.3365757085
0.2827898586
0.08892658793
0.005235334547
-0.02821166918
-0.03936376006
-0.04958256752
-0.04777475714
-0.05085788637
-0.05334480055
-0.08410580753
-0.1039716229
-0.3073231459
-0.1491744246
-0.05121255029
-0.04163942803
-0.07737216991
-0.1246367881
-0.0922702027
-0.06463165313
-0.0545879268
-0.04758952783
-0.04183696086
-0.04388779445
-0.03130641397
-0.003178081304
0.03112843577
-0.02401245563
0.03213769398
-0.1152804333
-0.2185787742
-0.2221743896
-0.165066459
-0.1199251951
-0.0703819696
-0.05015991542
-0.0494499145
-0.04369566051
-0.05228094539
-0.08225265657
-0.1009915445
-0.07086145888
0.00184815272
0.04292687785
-0.6794090769
-1.182961579
-0.9731402958
-0.5378414567
-0.2320902152
-0.09716050542
-0.0566265419
-0.05984283754
-0.04480299013
0.0002575834314
0.1074439738
0.2589108968
0.3397522668
0.340941943
0.3048812007
-0.3644020898
-0.7826572984
-1.892359881
-1.400815102
-0.590680454
-0.186969315
-0.07800357108
-0.09135801388
-0.02442487103
0.1569640362
0.459578222
0.5877744046
1.112668291
0.9500331272
0.09175658875
-0.2121626131
-0.1183477656
-0.707157123
-2.20486699
-1.21456949
-0.3648411145
-0.09913387042
-0.1004275393
0.05585842683
0.5613036897
0.956147294
1.330590732
0.876261455
0.2487307483
0.01508051923
0.03461425891
0.05531111783
-0.1060199539
-0.9868448522
-1.817742475
-0.5376569984
-0.1122485551
-0.07539972003
0.2289174095
1.157091258
1.292389787
0.5574301943
0.2123310194
0.05035915176
0.01536766255
0.03695099415
-0.0248108237
-0.0349074379
-0.3666468036
-1.340537187
-0.547014005
-0.1010408654
-0.1346493405
0.3541947811
1.406951587
0.5163548116
0.1424356488
0.03883204351
0.05197048386
0.05996389805
0.02970844583
0.001252383323
-0.2434482288
-0.3028048086
-0.5693424885
-0.6528960811
-0.03989421087
-0.02421160889
0.1463163188
0.1413577088
0.1270032637
0.1152597493
0.07531199674
0.06648962089
0.06659900171
0.1210585637
0.06516484847
0.003379429731
0.02013162433
0.0461296342
-0.3854842928
-0.3205739393
-0.1204650719
-0.4037949112
-0.224965729
0.02804960842
0.1326360091
0.04613540177
-0.04261041797
0.02988498612
0.09420726071
0.07508373968
0.1243512817
0.1922204603
-0.151529367
-1.195360428
-0.3959070695
-0.1423522613
-0.7456999099
-0.8812592381
-0.1442944702
0.03449930388
0.1177245369
-0.176733781
0.03818905418
0.2186031347
0.3223872646
0.3139502713
0.1097777781
-0.846320245
-1.182686936
-0.4458821646
-0.2354599656
-0.5907832198
-1.704163996
-1.184282857
-0.3168753297
-0.06416979304
-0.04053481635
-0.4865820383
0.1352832561
0.164187961
0.1419122464
-0.2393332941
-1.467598847
-0.7290115298
-0.3597949172
-0.2587524311
-0.3528631075
-0.985044698
-2.154835016
-2.12866357
-0.9706762221
-0.4161569283
-1.172632065
0.0232258326
0.006667945955
-0.2525493198
-1.322878727
-0.9303949983
-0.4057583178
-0.2384065828
-0.2102578714
-0.2045594858
-0.3763031803
-0.8623828889
-1.798753131
-2.097281453
-1.484048888
-1.168366256
-0.2577318548
-0.9173492671
-1.19426806
-0.8413279787
-0.442221828
-0.1926477374
-0.1275226348
-0.1146041821
-0.1022217441
-0.1243199596
-0.2153845891
-0.4471282853
-0.8064917699
-0.9963246531
-1.43722384
-0.7680655871
-0.6950245195
-0.5567658155
-0.3464387318
-0.1855363655
-0.09228813812
-0.07336987219
-0.06493703154
-0.06810853484
-0.05781155336
-0.0551558718
-0.07673560367
-0.1612433557
-0.1246238087
-0.5218299659
-0.2392531291
-0.199370212
-0.1882051233
-0.2031290719
-0.1585139841
-0.09222568037
-0.05999873647
-0.05303349921
-0.04924785361
-0.0481830437
-0.05848194188
-0.0565402977
-0.0496705536
-0.2288205656
-0.06748156475
-0.6542025678
-0.393002971
-0.3490278988
-0.2094333348
-0.1359894571
-0.0783318561
-0.0531990651
-0.04618666944
-0.04651350068
-0.06229501403
-0.1106565812
-0.1552569129
-0.202895161
-0.247635379
-0.1321354783
-1.678440631
-1.896481644
-1.407905361
-0.7399337171
-0.3143729104
-0.1308357352
-0.08012464011
-0.06347443203
-0.06744657008
-0.1138651597
-0.2201768542
-0.376900341
-0.4147417013
-0.4995423766
-0.3995110749
-0.9133195829
-2.505150302
-3.171799183
-1.98972379
-0.7940917278
-0.2780061762
-0.09823150954
-0.09927878006
-0.1262213431
-0.2639834826
-0.4161606354
-0.3505307665
-0.4065127384
-0.2118831662
-0.06339046217
0.05126917507
-1.138758347
-2.471420471
-3.616149423
-1.686404016
-0.5900681698
-0.1568344055
-0.137431578
-0.2499476293
-0.5798649499
-0.5955576958
-0.07736306468
0.05701477942
0.01016824659
-0.02772849559
0.1313600987
-0.4297247055
-1.164567865
-2.876381057
-2.706672713
-1.027079503
-0.2315023126
-0.1987835598
-0.4708469264
-0.9655424023
-0.09499654493
0.1118912984
0.06492343318
0.03745273827
0.03244054011
0.08204566106
-0.06260298317
-0.6614218162
-1.739684349
-2.770183323
-1.303627678
-0.3343013009
-0.2790885317
-0.8629859064
-0.5871634477
0.04815418918
0.1204620882
0.1231461805
0.08949677264
0.07325507136
0.09524558595
0.169675093
0.04440776452
-0.9007849753
-2.004373759
-1.88321568
-0.6283767479
-0.2215245234
-0.7341806796
-0.05773388766
0.1285995216
0.171171872
0.085829049
0.06022793292
0.04518205467
0.13863369
0.1318450963
-0.03133896752
-0.3377643801
-0.1622239888
-0.8870532321
-0.4082811767
-0.25882226
-0.6698953029
-0.9027813276
-0.6278611399
-0.4280951566
-0.2698993513
0.3315154355
0.1548559559
0.1245986212
0.1464734667
0.2635749501
0.147315773
-0.5417574407
-1.648460995
-0.5293044562
-0.3824667111
-1.007198818
-1.833999636
-1.039830981
-0.6450357396
-0.6351417024
-0.3383415044
0.4886510457
0.3101878599
0.4129438415
0.3061396794
-0.08033173641
-1.612737808
-1.505343174
-0.5527782628
-0.3868127913
-0.7743615063
-2.554921006
-2.739017732
-1.571786499
-1.2677931
-1.591141868
0.4575222418
0.09222396075
0.1307184455
-0.04112294623
-0.9114336467
-2.15884206
-0.9709963047
-0.4413841984
-0.3667017937
-0.4711984228
-1.395213121
-3.441811963
-4.928265165
-3.021755415
-2.362551983
-0.9036607886
-0.06982188316
-0.190061519
-0.9353709213
-2.1563942
-1.293008308
-0.5334192521
-0.2940361793
-0.2593620919
-0.2644689636
-0.5368386973
-1.199240329
-2.367468919
-3.434384825
-3.433380962
-2.20127275
-0.6401186709
-1.628056217
-1.901200386
-1.197278431
-0.5869077238
-0.2437832744
-0.1559114451
-0.14485998
-0.1250138262
-0.1827212079
-0.3546622967
-0.7249090885
-1.275978342
-1.429687789
-1.459470245
-1.193167851
-0.9472777947
-0.7540360552
-0.4413009233
-0.228784089
-0.1203262887
-0.08529524894
-0.08060134562
-0.0602301769
-0.06943324301
-0.1296759987
-0.2295190238
-0.5589181796
-0.5919023155
-1.578255779
-0.6215046949
-0.4147644313
-0.3312767614
-0.2463835258
-0.1757292987
-0.1006417009
-0.06768364219
-0.05793218667
-0.05494728298
-0.05641732372
-0.09071821825
-0.1122658748
-0.1518091941
-0.1034533016
-0.539177806
-1.367915285
-1.07474612
-0.70734127
-0.409868853
-0.2121548062
-0.1022844436
-0.06897485474
-0.05336826222
-0.0607741393
-0.08198737411
-0.1602277192
-0.2509362219
-0.3789036579
-0.693824136
-0.4873629009
0.2049205169
-0.5861519171
-0.3963605602
-0.2942017646
-0.1234539192
-0.06467348265
-0.05932374173
-0.0637804785
-0.07096294486
-0.14456541
-0.3269094471
-0.5869500958
-0.8446410329
-1.119903095
-0.7478602757
0.6189774769
-0.2345619836
-0.5184421111
-0.2646566847
-0.08435450839
-0.07165164625
-0.142305196
-0.1011771633
-0.1492527281
-0.3809278175
-0.8252008433
-1.393097658
-1.517354498
-0.750845395
-0.1695826127
0.5690376491
0.2568454878
-0.4035490709
-0.6693985081
-0.1771774877
-0.156647793
-0.329526336
-0.1653549178
-0.324050275
-0.9108211407
-1.634575535
-1.325340896
-0.3260763334
-0.0366727098
-0.0231500732
0.3282832364
0.3451001938
-0.1800725524
-0.5869773173
-0.2312454996
-0.2657537116
-0.6171895368
-0.3296429572
-0.6462083986
-1.685264803
-0.9485545363
-0.1249712147
0.04929334814
0.05365364902
-0.05494728699
0.2053211055
0.4127730834
0.2944553506
-0.09426912473
-0.3791286546
-0.376442315
-0.8752734167
-0.4573227958
-1.07944902
-1.488600346
-0.2035149067
0.1000320304
0.1490573448
0.09171965211
0.09165047437
0.1364265652
0.3245810026
0.7520052559
0.7675511266
0.4393563469
-0.1063907363
-1.503300054
-0.9214012341
-1.575119924
-0.540788937
0.1962862027
0.1948018535
0.1148464069
0.08868797168
0.07010516867
0.1283317229
0.1611769887
0.2992987156
-0.6896374514
-2.043190557
-1.934010649
-0.6470969357
-0.6593456109
-2.452199169
-2.41782359
-0.7473672866
0.09729260724
0.5755521196
0.7169103205
0.2894342568
0.09400084739
0.01154884647
-0.312924597
-0.8043392555
-2.03292018
-2.245142818
-0.7869056466
-0.8096540834
-2.168152214
-3.454965167
-2.669119395
-1.318900177
-0.2710402475
1.058099467
0.9048145031
0.1073752557
0.05790830492
-0.1938522369
-0.8411408575
-2.989240942
-1.863017113
-0.7313338704
-0.6740248839
-1.491804863
-2.446386764
-3.907901353
-2.891484724
-1.558878173
0.2041384638
1.942072055
-0.3486967899
-0.23161814
-0.6240665659
-1.997150701
-2.950183874
-1.303492381
-0.6379723938
-0.5543004114
-0.8353380705
-1.123578103
-1.60004798
-2.406297356
-2.398793257
-1.060406114
1.591939756
-1.178812637
-0.9824268364
-2.036029717
-3.007949274
-1.612996078
-0.6855932506
-0.4336695796
-0.4011461995
-0.4091254305
-0.4156248878
-0.4787591548
-0.696196321
-0.7606594125
-0.8699387554
1.03081383
-1.774955743
-2.674932694
-2.65166624
-1.475232796
-0.6829507098
-0.2773820721
-0.2062462709
-0.2028361532
-0.1759728605
-0.1494670363
-0.1198260416
-0.1258146282
-0.01495640217
-0.1929375009
0.9086438263
-1.412399141
-1.267325077
-0.9411175674
-0.4776917721
-0.2469362825
-0.1216972464
-0.09397788805
-0.09394107983
-0.07802636523
-0.08428847318
-0.08578518599
-0.1002626402
-0.0952133539
-0.1962190573
0.2761367852
-0.984974089
-0.9274940988
-0.8761497906
-0.3663160688
-0.2016217674
-0.1076610987
-0.07551649951
-0.05588115728
-0.05099405167
-0.08208940763
-0.1678629702
-0.2078178502
-0.3594790554
-0.3217430882
-0.91138483
0.24503466
-0.1464817545
-0.1099861727
-0.1341233225
-0.08568033359
-0.05429759937
-0.04600793365
-0.045276262
-0.05276506301
-0.1090520962
-0.2581209371
-0.43081589
-0.6952517092
-0.6125551794
-1.603846675
1.824030758
0.3732461428
0.2206509386
0.02015414965
-0.004150984099
-0.02585588293
-0.01864829465
-0.05413034362
-0.06845382865
-0.164366838
-0.4119606572
-0.7360343745
-1.137225991
-1.443767373
-2.240613701
1.105524493
1.488561164
0.7584986582
0.5496533355
0.2860753939
0.0652452493
0.004148737348
-0.1267072413
-0.1475869037
-0.5109065436
-1.135156747
-1.966881948
-2.286641325
-1.668654733
-0.764274417
0.3569300323
1.34964582
0.8340790979
0.6366663744
0.5739287966
0.1567488639
-0.002765360294
-0.3162292207
-0.3712045929
-1.274184215
-2.384518933
-2.065562563
-0.9866941219
-0.4603796477
-0.5651687214
0.1760902222
0.8725467759
0.8564970374
0.8264449758
0.8567274841
0.2977440543
0.00483483097
-0.607006417
-0.8024210364
-2.582865611
-2.042784844
-0.7523425198
-0.2637141901
-0.1436458294
-0.3208955163
0.06119945602
0.3929129075
1.078115602
0.9419485925
0.9924307312
0.4035631209
0.03111241617
-0.7333569686
-1.274859731
-3.363671173
-1.01396867
-0.2860339579
-0.1009437129
-0.09142481376
0.1511239746
-0.003032922692
0.05786479559
0.6857390491
1.944881623
2.885284094
2.399769515
0.5469618751
-0.8217222705
-1.76461623
-2.167539709
-0.6830778443
-0.524109442
0.06977712516
0.1385486504
0.1436691804
0.06219882617
0.2932520764
0.8868574517
1.14044537
-0.202051227
-1.622182056
-1.717141928
-1.634552613
-0.9159049787
0.5254987245
0.9216036366
1.10694191
0.8521067486
0.2628493642
0.09369791237
0.1432968979
0.2973433004
0.07626293828
-1.055948878
-2.195156532
-1.386336977
-1.262621814
-1.302831927
-0.6804666846
-0.1867059272
0.5129821558
0.9495841221
1.484932304
1.328203068
0.2411297935
0.1401924816
-0.2826232863
-1.065149066
-2.168835789
-2.621868243
-1.033947668
-0.8572981009
-0.8883502664
-0.4304843473
0.1040124697
0.2492097197
0.843275107
1.26698889
2.571361225
1.476450781
0.4078095711
-0.9181089774
-2.027877109
-3.328979342
-1.995487742
-0.6875205683
-0.4398054207
-0.5328361578
-0.2983708036
0.03196569887
0.4703434908
0.8555569951
1.286135168
1.640041839
3.467961265
-1.334791446
-2.34713329
-3.370327336
-2.482535523
-1.115542935
-0.4176233477
-0.208815693
-0.2288036078
-0.1428087631
-0.0001257317265
0.2187246071
0.5304975922
0.9089728089
1.253285865
3.52042238
-2.48143623
-2.495963159
-1.820627959
-1.049452939
-0.4969328491
-0.2242166309
-0.1353305408
-0.1132421916
-0.07723790793
-0.01787683319
0.07736545157
0.2409793561
0.5212494157
0.8643107724
3.923270627
-0.9505470363
-0.9300126547
-0.7420708762
-0.4178761537
-0.1951767382
-0.1071438017
-0.09771112564
-0.08793922831
-0.07359810299
-0.03000462244
0.04225754468
0.1633447546
0.3038483722
0.4470466746
3.222007578
0.0502459409
-0.1386538258
-0.2061721984
-0.3669632577
-0.184519661
-0.08564715244
-0.05590485009
-0.05361596908
-0.05943718455
-0.05653462461
-0.06912230253
-0.2642860573
-0.4999213807
-0.6716047634
0.725894528
1.219473139
0.6113293855
0.2978362746
0.03506586476
-0.02008320755
-0.03032453445
-0.03538160159
-0.03290822906
-0.04908892852
-0.1016350152
-0.1780253696
-0.3154346424
-0.619219701
-0.9219716464
-0.3268616718
0.777480386
3.44355754
2.309441024
1.031348303
0.3985688751
0.09524420423
0.007986829819
-0.01018730342
-0.04516501622
-0.154273473
-0.4006249345
-0.7380576886
-1.208091577
-1.490027982
-0.8716022198
0.01701374701
1.850832082
4.323107081
3.770187883
1.60182601
0.5084374542
0.09014259283
0.01164334533
-0.02123546768
-0.300964471
-1.120435389
-2.096892488
-3.186572161
-3.293979815
-2.645794942
-0.1565739475
0.4771450101
2.813801316
5.500802022
3.583032517
1.28550155
0.2242729441
0.01905187664
-0.09804232371
-0.710338978
-2.554051569
-3.909954277
-3.222264159
-2.289890752
-1.648161064
-0.06097518555
0.182777231
1.679584877
3.743362433
5.665283819
2.502495612
0.4914042316
0.1025395061
-0.3639605855
-1.457955596
-3.827106927
-2.681300904
-1.685040655
-0.8955847702
0.5360163208
-0.07315220752
0.04036936585
0.7048428109
2.532239361
4.684025186
5.341164871
1.146871526
0.3148192699
-0.7133000885
-2.031598288
-2.800188055
-1.463755525
-0.5948171303
0.1786429048
0.4507387982
-0.04928789486
-0.1178870112
0.07832257422
0.5197813121
1.20679812
2.444399425
2.967146742
0.4477473562
-0.4254265655
-1.705368445
-2.231830033
0.0510003133
0.5557986055
0.3253125311
0.2433064957
-0.03741178991
0.08955535057
0.5132387936
1.792158433
2.262909566
0.7834882335
-0.4819297451
-0.5841172248
0.6282049487
2.094343329
1.223812746
0.3432496928
0.05974521126
-0.02399699188
0.01480130867
0.05774339075
0.4130889511
1.128051978
1.258498178
0.8162824812
0.3134512728
0.03833433857
-0.1898212037
0.3000894237
1.840030589
2.816596828
1.989095552
0.9918042728
0.2002378985
-0.01949035908
0.2320931298
0.5766447927
0.6944259997
0.6397653858
0.5639945847
0.2045627424
0.04621655042
-0.08339604665
0.2106464009
1.32128627
2.954876683
3.803486716
3.236739559
1.77349799
0.2765566049
0.9418150423
0.7048906606
0.4624097701
0.2662911654
0.3624893076
0.09349317029
0.06209412826
-0.0496063212
0.08917307668
0.721178403
2.229995706
3.850692184
4.947169137
4.724085661
1.267093667
1.28992368
0.5602958196
0.2616275247
0.3266016535
0.2345771918
0.0389749098
0.02293662997
-0.02431105274
0.01333234125
0.2855475094
1.090163879
2.544501929
4.247991254
6.015712485
2.247523124
-0.04419282783
0.1038079109
0.01540050499
4.373501905e-05
-0.008118377301
-0.04038705576
-0.02591336806
-0.0307676065
-0.01879695707
0.07818547615
0.4212037166
1.223581386
2.814154624
6.192544359
1.993224416
-0.8210846
-0.122249547
-0.09553062757
-0.00887576327
-0.01988151355
-0.04074390835
-0.0454316734
-0.04150838509
-0.03117842271
0.002930813441
0.1277768338
0.3980182728
0.895756244
2.830088015
2.173122817
-0.3828317193
-0.5100033029
0.05655323438
0.03593497222
0.00238231488
-0.03814530116
-0.05043103518
-0.05489433106
-0.05469053038
-0.001141104498
0.06581274206
0.1240736506
0.2654363789
0.5582771358
1.818719997
0.00686352924
1.048551958
2.165634298
1.331909514
0.4909480773
0.1315279549
-0.01850860232
-0.03254508627
-0.06256549426
-0.03906180522
0.01457040867
-0.03948348927
-0.1746975683
-0.3731024344
0.3022383537
0.1201963676
1.050305085
4.44821494
5.472664724
2.306068947
1.047441746
0.2136601816
0.01841030305
-0.02163835902
-0.04747835664
-0.06265650852
-0.1510820135
-0.4153258367
-0.7451543024
-0.8392007598
-0.2418526413
0.112568102
1.409048435
5.367907333
7.150730556
2.874333434
0.8677050895
0.1552578461
0.02338729643
-0.01327392754
-0.08983287626
-0.3017608333
-0.693147586
-0.9369795634
-0.9866441208
-0.140191579
-0.2503519067
0.4594374168
2.503388684
6.37507114
6.948066797
2.023443811
0.3730906999
0.09792876252
-0.01217972961
-0.1006300229
-0.45490916
-0.125051477
0.1964371771
1.22105647
-0.1735692742
-0.2645185028
0.2257403632
1.350453085
3.266733941
6.094476296
3.870780048
0.7398009809
0.01385143508
-0.0818697339
-0.1493251109
0.129230937
0.3869964114
0.8864373986
1.375833165
-0.1119337529
-0.2075832477
0.08115446338
0.4521917903
0.9786982301
2.015943927
3.13161753
0.4132292926
-0.1061438356
-0.008084596629
0.3247336843
0.6286998892
0.7860789042
0.8049941004
0.462924987
-0.0723601361
-0.08861438153
-0.05803506339
-0.01795080602
-0.01807171569
-0.03956729066
0.1853342753
0.09152273368
-0.9380992529
-0.4060736071
0.8515098141
1.501035808
0.8925550767
0.3665715893
0.1497208942
-0.003486144076
-0.1539945184
0.06600610187
0.4349311873
1.948792502
3.534465066
0.861771909
-0.1231973522
1.77741011
0.7915775959
0.04867423672
-0.1514727596
-0.1541264133
-0.07653117435
-0.0341755358
-0.06551141025
0.01820986409
0.5613152114
2.1295059
3.753107999
2.022971017
0.5491085194
0.3359803116
2.439688699
3.192983464
0.7964771848
0.221400287
0.07205397246
-0.03016414097
-0.03056911107
-0.03211675096
0.3576195937
1.398680569
2.484986169
2.708624554
1.09635165
0.3767423007
0.2046383832
1.220028879
5.474958123
4.127508439
1.897618583
1.018270489
0.2963615622
-0.08911014639
0.5790098062
1.248808093
1.702581614
1.814298498
1.515000518
0.5712687409
0.2355839157
0.1134212896
0.6530350357
3.762367658
7.437394956
6.135168438
3.095485026
1.264589315
0.07335076011
2.574852426
1.961945071
1.6290613
1.314046519
0.8209058561
0.2831969125
0.1235006432
0.05404179483
0.2633408913
1.568546357
6.553063147
8.26012344
6.320598516
2.12082837
0.1500733201
2.195707485
1.253061174
0.8181240219
0.4989738615
0.2495181935
0.0642482489
0.02630980713
0.006708990432
0.06424682761
0.4831989961
2.065664394
6.825046097
6.67031169
2.258287543
0.1060347623
0.6802470476
0.4667606502
0.2959428176
0.1637124566
0.05934341256
-0.006637016532
-0.02200599966
-0.02340028565
-0.009410381019
0.09927862919
0.5000618481
1.545647631
4.281949906
3.916221391
0.1807096531
-0.1196855732
0.02354913035
0.03009956302
0.03779343063
-0.001297730525
-0.03179652114
-0.05472968804
-0.04929523248
-0.02415238242
0.02213689129
0.1307739924
0.3113629887
0.8451314501
2.210008483
-0.2051455375
-1.624562429
-0.2551609436
-0.2914885691
0.2365153805
0.04999507627
-0.08750254916
-0.04230092112
-0.04575548254
-0.03576406553
0.0101217547
0.09409821718
0.2144166531
0.3118514473
0.1318006002
-0.125881196
-0.5043465931
-0.08903886324
0.5364564801
1.897695784
2.109215025
0.03108563255
-0.07575444
-0.01195743196
-0.002026599238
0.01378322684
0.09510839613
0.2071280534
0.2999745359
0.3251667742
0.229778964
-0.2494533855
-0.1176018025
0.3260039784
1.471835513
2.801077621
1.702912902
0.0350702098
0.01401341219
0.05497818552
0.09487971887
0.2716701792
0.5258137635
0.7338048104
0.9163497283
1.331891137
-0.2590834938
-0.2230106711
-0.05032551699
0.5800307223
1.440285023
1.947319617
0.4395521444
0.01255722431
0.1443258647
0.2594009607
0.760458837
1.049112407
1.396180136
1.996026319
2.902684091
-0.2040475961
-0.2297011852
-0.2286861439
0.1903540129
0.4735064876
1.027118169
-0.110983093
-0.1958632742
0.2022291782
0.4627061182
1.103022497
1.258645475
1.598544318
1.729324236
0.6745787794
-0.2015829857
-0.2317593244
-0.1419671538
-0.07363889414
-0.0996110311
-0.02307276612
-0.6741549378
-0.6003442644
0.3802085029
0.8427541718
1.718816116
1.837585301
1.383904786
0.5418172187
0.1621982866
-0.1048324494
-0.08142584299
-0.08208670101
-0.2423759968
-0.4856622753
-0.9821622526
-1.78316009
-1.094302866
0.3672954587
1.215922156
3.530308004
1.699924625
0.4653684698
0.1003852379
0.08799895398
-0.0449590625
-0.05167893779
-0.1705764028
0.0201466591
0.2150635531
1.32079555
2.470194412
0.6383834184
0.1325651483
0.1314159536
-0.06736302196
-0.05337201655
-0.128254769
-0.08971531692
-0.04104126859
-0.05842729246
-0.1137038781
-0.1294011777
0.3167721386
1.210759456
3.859364663
2.214483692
0.4085018606
1.308607074
0.7351416454
0.02400858157
-0.1473598619
-0.1711864033
0.01166655824
0.006712666542
-0.07624743737
-0.155809855
0.1894444011
1.240531241
3.693433924
5.095303094
1.3193191
0.4258893263
3.373675542
2.24565335
0.6423364748
0.2116139039
0.1482700623
0.01149785706
-0.08458571623
-0.01133337408
0.3079971363
1.445597998
3.51055724
5.479094786
2.77645073
0.7394467087
0.4101393974
2.871865983
5.784850733
2.630221181
1.434999862
0.588917784
0.06675809046
-0.1918009333
0.9864253608
1.982349828
3.492823497
5.071941906
3.63974759
1.214217856
0.3647679507
0.2844426986
1.136760859
5.897377861
5.608325569
3.050151737
1.189871489
0.1189186536
-0.0730588558
3.191039903
4.223628497
4.82848002
2.535415105
1.247429471
0.4009951497
0.1328001353
0.1156222203
0.378997982
1.811849771
6.895287529
4.755878437
1.958852875
0.2130883175
-0.1273200001
3.849244021
2.524101993
1.43869717
0.824872305
0.3389019089
0.08641780256
0.01407557572
-0.0008855450594
0.06720442876
0.4842713145
1.892445575
5.189832521
3.77180155
0.4853948519
-0.6446877441
0.8132466735
0.6446350388
0.2708355665
0.1749830804
0.05067386623
-0.01357884679
-0.03572701157
-0.03311219485
-0.01075312902
0.1278392512
0.4983742407
1.38113235
1.193129823
-0.09050116331
-2.353013216
0.1112233425
-1.210181041
-1.013674089
-0.6533406535
-0.3357323405
-0.1110170103
-0.05324713183
-0.05362603128
-0.0136441356
0.04566520663
0.1790465251
0.305294705
0.3902601757
0.4308583707
0.1800574572
-2.095449325
-1.794321151
-1.054651191
-0.5814741495
-0.9195462103
-0.5247824047
-0.1218911009
0.004201173494
0.03872533091
0.1208621257
0.3493279406
0.6352719957
0.9455781154
1.107959856
1.068829078
-0.923733929
-0.612964529
0.1034178504
0.1662765107
-0.410425024
-0.9828208513
-0.5578008196
0.04980366844
0.1926637211
0.5148812431
1.324173705
2.363952975
3.661706566
4.032687906
4.259036317
-0.1562907538
-0.1421963769
0.1452203066
0.2326968551
0.08546192298
-0.8474676487
-1.34491316
0.1044464235
0.4818452264
1.376437043
3.468077623
5.332950812
3.891982817
2.201198145
0.8590549584
-0.09778878479
-0.09179002575
0.1954673553
-0.05273571988
-0.1415099484
-0.758444895
-2.746882132
0.1726982569
0.8783225833
2.678769167
5.038880413
3.364845994
1.662236897
0.3693882925
0.2214560993
-0.05319311499
-0.1328139354
0.1126554174
-0.5607738428
-1.238325479
-2.011240188
-2.438791939
0.4592730145
1.758602885
4.971967981
3.357601622
1.349802165
0.2731316107
0.05727920885
0.09618563611
-0.08598973721
-0.03843791505
-0.08539222076
-0.446609749
-1.362146827
-2.707932444
-1.430824484
0.7488591738
2.815297116
4.173361777
1.360180541
0.2029302098
-0.04604703844
-0.08847236695
0.1000798626
-0.4052317266
-0.2785846129
-0.1147352065
-0.08467419658
0.0143349784
0.1843316354
1.6597721
1.146472089
-0.4136664516
-0.2232487181
-0.1464866133
0.01059202281
-0.1428653098
-0.1222040117
-0.1267917691
-0.09736527508
-0.3984414948
-0.2101910927
-0.1186633464
0.1643303297
0.7953645964
3.18571341
0.8997573532
0.218297527
0.1226946008
-0.1312415501
-0.07917793377
-0.162728884
0.008929234701
0.008320789018
0.06175299353
-0.1885046935
-0.2258751614
0.01716980475
0.6448353932
1.817564716
3.700166279
0.8153333737
0.4558620223
0.4865815483
0.002116580293
-0.1165294231
-0.0227807164
0.06874272118
0.069321752
0.0818662183
0.007033219751
0.1552916023
0.751937481
1.899481168
4.489908741
2.231832152
0.6023324548
1.839574456
1.747964028
0.5439937919
0.2614796685
0.1340292474
-0.1012979036
-0.08535188157
0.1743231505
0.4125907346
1.213942559
2.196502629
4.669559485
5.210666861
1.023138792
0.3047533457
2.202444394
3.271978261
1.402030094
0.6324454927
0.1479527129
-0.1386475388
-0.05281510035
0.4627334315
1.131902475
2.700183994
5.00238803
5.761702144
1.48357178
0.3652576479
0.1013409225
0.7644674284
3.815903725
3.169586783
1.36380992
0.2876620507
-0.4081755335
-0.230573902
1.598473202
3.294477962
4.637923316
3.452764227
1.330400265
0.3491507309
0.0752131509
0.0131511901
0.1193048969
0.8159582652
2.762945623
1.447362092
-0.136380322
-0.7952523396
-1.527476514
2.585480102
2.554897372
1.183956422
0.746341233
0.2821926943
0.04677361125
-0.02622786384
-0.03159800629
-0.007868824397
0.07467058114
0.2802492662
0.1286751044
-0.1498504303
-0.285510916
0.5555027216
0.5878083707
0.2261644965
-0.01027337926
-0.245881985
-0.2964677814
-0.1474069608
-0.0697504803
-0.01441959992
0.02272630588
0.1337703862
0.3715453348
0.6372527098
0.8142309367
0.9510724009
1.031773109
-0.1725890931
-1.720376701
-2.81303671
-3.295244152
-3.030368462
-0.8203196892
-0.09469484946
0.06837858861
0.1944717455
0.5673619736
1.429888891
2.550179585
3.580631659
3.327076522
3.135145015
-0.2090164096
-1.57257767
-0.6033499421
-0.6126721063
-2.671797902
-3.424582384
-0.1828833539
0.2636778614
0.8046527245
2.27254009
6.463322471
5.610647131
3.96331065
2.520729648
1.66251143
0.3477428231
-0.4666596832
0.2024593746
-0.04506196479
-1.161648709
-4.759394305
-0.6795206598
0.5921292491
2.239570416
6.221398561
5.007928521
1.910088389
0.7356443814
0.3002848637
0.2928630216
0.2035183313
-0.08741294288
0.2943244419
-0.6848030111
-1.766118265
-4.25120687
0.05403981048
1.229080757
5.610707212
5.181910531
1.993246961
0.5646686893
0.08744972105
-0.2285494946
-0.08888686338
0.09369774389
0.08889079202
0.04840662426
-0.5539362635
-1.917584482
-2.760730304
0.6999409204
2.224527584
5.156448633
2.23872324
0.681415495
0.05185121565
-0.333568571
-0.1000640107
0.01641353658
-0.1021633599
0.03195130209
0.3065925415
0.1015767612
0.07156437592
0.1426291453
0.6313754114
4.039760643
3.779536862
1.546126131
0.3757082422
-0.1973703779
-0.2543430824
-0.1138808823
0.09027299508
-0.005164723088
-0.2265529326
-0.2012387622
-0.070545951
0.06441732855
-0.007884003564
0.02278665979
0.3792067716
0.200798768
-0.6901923781
-0.04626765592
0.06383569442
-0.1323755905
-0.1033319849
-0.0381463821
0.0199927297
-0.01376790472
-0.06033640522
-0.0149973628
-0.01521070806
0.09857887363
0.540254155
1.296775953
-0.05549099567
-0.2272484057
-0.09020841513
-0.01574890575
-0.02228808954
-0.03796362435
-0.1229405003
0.08113199932
0.02447145655
0.01647929971
0.02124373264
0.04650299398
0.2596614476
1.303162632
1.58638674
0.04732080732
0.0549616682
-0.06869192809
-0.07577368832
0.05342720329
0.0802205605
0.1544781141
0.09743093963
0.1325839053
0.1275854436
0.138386952
0.3320657456
1.068757567
3.228936278
1.0289088
-0.2661958806
0.07653741588
0.1291791148
0.1318383597
0.08575839053
0.2079134412
0.2414993106
0.06600157889
0.1936035819
0.2777882681
0.5380696575
1.164202683
2.323835585
3.072173238
0.5257759542
-0.7124811643
-0.1146592801
0.2237404578
0.1470450931
-0.1367513923
-5.500895687e-05
0.2111751438
0.03283403376
0.2484393646
0.4856128786
1.293117318
2.423944635
3.745841027
1.201485779
0.2420575021
-0.466754501
-1.446110008
-0.04646198954
0.1168400825
-0.05904065758
-0.4626285571
0.6452027842
0.1380794567
0.5163407618
1.370055862
3.319237165
3.560524589
1.523561471
0.3344952694
0.1138785517
-0.1674213657
-0.6541659464
-1.330269507
-0.6954185348
-0.9745416712
-1.671665754
1.124797175
-0.3390747598
1.666863098
2.832866122
3.008101173
1.335826821
0.3077916383
0.01604324649
-0.03423934962
-0.02009499419
0.01295009699
-0.01585670483
0.1457406722
0.1372371567
0.4024521717
1.888898787
0.3921611285
0.4533383291
0.5246819023
0.06071580612
-0.1148911741
-0.0753195398
-0.03757271506
0.01189663747
0.1181785477
0.3935177106
0.9340687839
1.567785009
2.274634303
2.136642955
2.492776528
0.463410653
-0.3573664192
-0.9810708748
-1.861147418
-1.37116806
-0.3297804956
-0.004342621058
0.2575017231
0.7321978209
1.898253277
4.517720319
4.485888388
3.026515857
2.453219548
1.860100785
1.202702032
-1.684942125
-1.859545057
-2.137880078
-4.811594777
-1.163828402
0.09524750706
1.040008818
2.903176426
4.966303388
2.540007532
1.425403875
0.7932077602
0.4310971996
0.1895374444
1.125805095
-0.5654866199
-0.124975976
-0.577561444
-3.723165215
-1.346010424
0.3433622535
2.934511861
5.169841516
2.470535723
0.9919179646
0.3271073049
-0.1046759678
-0.08838514695
-0.1327758915
0.4576728196
-0.02880650398
0.09418993332
-0.5246397127
-2.468239022
-0.09448552891
1.099196894
4.977118811
2.922697028
1.426356749
0.2973115007
-0.07180109122
-0.2144709114
-0.06691452782
-0.1334912113
0.1083520069
-0.03318846446
0.205233781
0.1969923186
-0.07166086201
0.2528977638
2.489978819
3.974694724
1.601585678
0.6456679425
0.1992125456
-0.06229428513
-0.07283759892
-0.08490346506
-0.1887223341
0.1501271133
-0.08288937018
0.9849206226
1.262602845
0.8802331549
0.8897262111
2.73769255
1.88528136
0.7615301226
0.3906797471
0.2583696564
0.1308366122
-0.05698789652
-0.09832056422
-0.2096075784
-0.2153298475
-0.3435155721
-0.1797158262
0.04026543207
0.2486610114
-0.07130967729
-0.1923640594
0.3526841337
0.4576462809
0.4875344534
0.3506930755
0.1270846816
0.09718824274
0.02419276819
0.1313628366
-0.03487854977
-0.1922509438
-0.1035723869
-0.01285161045
0.1086498856
-0.09393896813
-0.2712990042
-0.2896615978
-0.2535882633
-0.4106346952
0.02507552957
-0.01509160155
0.0624418517
-0.02517513377
-0.06563549631
0.0001798289083
0.04863004565
0.09518111833
0.07501685079
-0.07474269262
-0.06637022232
-0.1000399057
0.0156564599
-0.4809460075
-0.8402499884
-0.1461286489
-0.06979317442
-0.003082501004
0.003939400654
0.06898861921
0.02115378924
0.1880286026
0.1498157623
0.08206425596
-0.08913655069
0.009393516768
0.2847736845
0.375808422
-0.9566627207
-1.192145321
-0.2587355983
-0.1134969894
-0.1057696191
0.2242982548
0.4676618126
0.04501340661
0.1605057339
0.08166703276
0.06964960607
0.09997658712
0.2597560009
0.1559702339
0.2630108637
-1.405778846
-2.33276565
-0.5393619809
-0.2594584271
-0.152565159
0.2990891319
0.5596842643
0.009265693713
0.03174588338
0.03187241105
0.08746609524
0.2397290193
0.1850134359
0.117376721
0.03594936499
-0.6779711633
-3.298271126
-2.285639714
-1.087010257
-1.008530878
-0.1683268358
0.5599160534
-0.1193619228
-0.08993706736
-0.0689753257
0.1123142534
-0.279382941
-0.449382338
-0.09385753691
-0.1197500885
-0.2234510342
-0.9215402137
-2.514449293
-2.186672709
-1.519473434
-0.2735676314
0.6870572568
-0.9225430941
-0.9521032911
-0.6161311222
-0.6077701245
-0.3063070475
-0.1467427411
-0.07761287548
-0.05577417095
-0.02604507472
0.01426659617
-0.04364198591
0.05955936247
0.2571717145
0.447116864
0.3651535073
0.1146603481
-0.7638926144
-0.6331705192
-0.3168489474
-0.2553665804
-0.1323465198
-0.04589555636
0.08155453605
0.2591580781
0.6611863082
1.177243541
1.559588998
1.279078763
1.015944623
0.3554259928
0.9038641903
-0.03312463932
-0.6872557437
-1.148405689
-0.5978455441
-0.1419395191
0.1216740625
0.546671855
1.420571112
2.369892993
1.219734798
0.9036631708
0.5367736356
0.414137821
0.1294607617
2.369998619
-0.05904440378
-1.744492923
-2.78228322
-1.353586439
-0.3092103168
0.4443291705
1.934194437
3.054010941
1.311696829
0.5392935833
0.3038759361
0.2728659584
0.1259570022
-0.1126148114
1.371830531
-0.06906882933
-1.197222216
-1.314436032
-1.302745439
-0.4068439841
1.439349171
2.988953628
1.356615294
0.6448994292
0.2489736159
0.06600904041
0.1584360863
0.07570393589
-0.1570376862
0.575962102
-0.1793279175
-0.32373379
0.1191069182
-0.4465975532
0.1212798917
1.768320014
1.290151973
0.6432935364
0.2439217538
0.006463399094
0.08238750756
0.1166676407
-0.01596097966
-0.2691070238
0.56204594
-0.1126562001
0.7210468422
0.8677604305
0.2697860676
0.2943772861
1.458899398
0.6101208862
0.2081464197
-0.02594897526
-0.05937756912
0.158230435
0.05085766861
-0.08878109898
-0.3510629585
1.093009733
0.1781443529
0.9013936222
2.018494489
1.078199785
0.6706922155
0.1899315055
0.1568145432
0.03315453373
-0.1099632981
-0.07483686293
0.1143146646
-0.02303057583
-0.1165448618
-0.3922552423
)
;

boundaryField
{
    wall
    {
        type            calculated;
        value           uniform 0;
    }
    inlet
    {
        type            calculated;
        value           uniform 0;
    }
    outlet
    {
        type            calculated;
        value           uniform 0;
    }
}


// ************************************************************************* //
