/*--------------------------------*- C++ -*----------------------------------*\
| =========                 |                                                 |
| \\      /  F ield         | OpenFOAM: The Open Source CFD Toolbox           |
|  \\    /   O peration     | Version:  2406                                  |
|   \\  /    A nd           | Website:  www.openfoam.com                      |
|    \\/     M anipulation  |                                                 |
\*---------------------------------------------------------------------------*/
FoamFile
{
    version     2.0;
    format      ascii;
    arch        "LSB;label=32;scalar=64";
    class       volScalarField;
    location    "0.7";
    object      ddt0((porosityF*rho),h);
}
// * * * * * * * * * * * * * * * * * * * * * * * * * * * * * * * * * * * * * //

dimensions      [1 -1 -3 0 0 0 0];

internalField   nonuniform List<scalar> 
27660
(
1657.908383
1001.735795
885.8058821
844.2392324
1117.67247
854.9876567
591.6796208
1423.174626
1048.081784
796.1193247
769.4314739
1126.34865
804.5903205
833.1721345
1342.422723
961.1876384
850.2937523
749.8330079
1047.276266
833.1555816
758.611736
1228.629909
845.4349529
843.5095209
742.356986
1050.895722
801.7203992
653.8839597
1131.536031
885.0247764
711.153687
609.1634556
952.5930546
736.1021814
657.2034253
1059.368957
862.9186623
625.90515
671.1569541
925.3122212
735.2355159
704.6833055
1112.38742
778.7826103
721.6909616
800.4781069
918.8439828
771.3731007
708.5058937
1078.717232
745.2955222
846.1658097
788.1554977
886.6716384
800.9503656
705.9288534
1090.565227
888.8963252
870.9155565
724.8991414
926.1468379
873.4136072
755.304651
1226.766245
1043.636265
869.9589219
803.0706911
1062.796598
966.0383138
830.8349881
1408.590858
1099.101393
960.8696502
969.8087786
1212.000462
1033.559551
897.4887993
1522.865777
1171.026015
1109.764082
1098.688753
1331.668649
1105.530336
977.6983782
1642.717688
1316.514141
1234.057141
1172.327183
1459.616023
1216.901359
1056.322273
1854.166721
1450.016885
1324.927946
1236.835723
1585.581904
1328.356343
1129.636474
2053.636318
1530.776197
1406.441455
1361.047571
1746.787443
1539.497234
1247.507561
3286.062628
3821.330916
3511.401398
3183.077134
2574.946217
2726.282182
2801.0755
3562.496558
3903.031035
3406.526484
3173.091719
2685.40044
2766.942787
2945.241325
3771.270135
3727.665494
3385.367284
3225.47802
2858.343592
3005.603607
2840.204259
3790.804576
3574.265564
3374.57854
3170.13579
2927.327539
2818.521879
2559.973638
3688.253472
3433.363352
3324.99282
3158.294594
2926.907804
2647.367283
2430.686328
3702.374175
3366.741297
3373.726304
3231.516087
2911.82702
2564.863077
2416.780459
3694.904004
3342.178898
3456.132282
3289.144182
2862.479632
2528.418794
2411.09109
3641.434181
3349.396999
3469.506082
3263.508288
2837.136043
2542.260622
2422.66779
3709.239388
3437.87682
3485.314462
3273.059181
2919.571375
2629.645637
2468.091476
3870.380198
3583.234141
3543.883941
3386.283166
3094.578503
2778.401153
2535.812873
4002.218309
3720.090963
3642.387625
3498.215535
3237.563684
2955.480604
2654.415844
4070.083135
3904.245357
3721.359274
3556.329439
3294.400163
3180.111428
2884.635608
4095.665902
4163.696195
3761.122562
3633.106772
3265.665817
3375.534812
3162.026883
4012.171386
4381.439467
3871.037956
3664.675735
3172.270924
3385.88186
3419.013031
3803.456823
4365.404694
4062.970493
3773.541579
3206.463462
3338.849922
3536.479204
5932.932131
5162.380845
6015.892706
6299.542486
6076.554738
5601.857622
5363.367956
5578.25047
5502.413333
6151.621791
5776.385967
5912.515206
5485.031274
5709.99921
5600.823855
5904.682948
5600.335628
5523.172285
5629.057385
5703.025098
5925.352039
5669.385177
6150.07089
5310.196939
5633.168222
5580.673115
5796.214608
5919.90646
5735.744657
6190.75291
5148.580185
5676.251443
5606.129979
5867.988945
5883.238037
5846.736241
6165.044021
5135.234224
5669.244974
5705.590458
5958.189371
5840.217663
5870.234214
5871.245094
5182.107153
5747.611373
5798.309232
6021.442265
5810.216127
5812.035468
5880.076702
5225.08932
5749.315762
5821.437483
6064.150553
5825.339157
5873.701896
6006.251262
5261.770156
5743.284766
5848.361103
6119.689487
5886.076372
5992.661359
6372.562517
5327.467136
5817.840844
5874.011053
6166.135596
5980.728571
6052.439286
6428.264335
5444.91967
5995.844477
5893.004122
6155.240597
6123.424396
6004.745681
6433.845532
5645.435404
6013.971409
5931.609042
6125.89255
6246.277526
5954.418749
6286.820512
6006.850358
5960.894785
6059.351581
6083.505572
6248.491658
6021.336045
5930.401894
6624.34281
6271.965946
6365.480063
6078.016922
6189.852613
6338.338321
5671.13586
6571.963653
6873.709334
6700.058551
6244.224671
6119.067605
10965.75494
9041.037659
7885.510537
8226.275232
8261.735622
8457.391283
7903.535399
10290.07315
8298.818394
8252.94105
8916.976402
8682.940315
8286.107784
7797.800143
9630.884217
7836.567093
9022.595472
9231.293716
8740.533994
8175.397791
7669.458522
9158.835803
8027.588459
9132.378635
9213.722603
8549.157622
7845.020526
7502.174623
8862.809639
8330.52912
9019.582427
8952.296352
8252.168154
7589.754558
7572.395131
8725.168076
8477.484919
9032.555251
8904.350675
8060.365669
7484.991762
7701.791125
8614.243775
8785.098898
9099.178254
8821.092486
7905.927097
7446.701589
7710.377061
8560.961966
8820.532463
9141.734472
8770.613328
7851.061743
7458.417425
7718.056301
8673.570896
8898.167846
9160.525616
8808.579957
7958.079267
7544.674247
7788.363706
8885.086089
8688.286884
9204.248489
9040.853053
8240.55492
7692.630981
7831.79109
9120.560565
8584.597877
9295.394061
9255.629083
8561.351244
7878.939375
7792.926454
9430.584092
8324.86017
9455.386013
9542.131612
8893.654483
8169.416883
7813.070056
9944.82264
8208.558159
9401.574566
9628.353183
9149.937131
8547.993244
7966.573859
10707.15117
8716.445123
8700.648282
9368.708768
9095.928107
8845.215605
8267.125102
11373.33734
9534.267082
8396.124523
8802.239331
8849.983149
9023.79224
8620.511347
14193.59186
12756.1187
10852.94958
10223.56216
10065.97843
10608.54476
11383.23453
14460.1374
13091.71105
10410.37472
10394.97003
10126.14217
11064.66236
11924.98209
14663.88306
12291.9631
10634.99851
10089.39354
10528.55207
11601.74188
11978.99258
14480.7117
10938.74879
10848.40256
10201.38275
11107.41586
11814.35365
11516.14769
14181.75532
10671.93126
10856.97028
10389.11479
11444.10234
11798.51014
11065.38657
14008.29553
10649.97936
10667.97032
10630.44774
11669.84627
11716.16666
10808.71224
13861.35478
10688.4081
10681.14426
10896.79146
11798.62059
11631.9663
10783.52767
13810.2785
10690.07289
10726.3577
10936.72974
11829.41815
11647.88167
10833.96515
13911.66386
10781.19249
10742.46955
10883.67055
11841.90924
11722.4868
10858.10497
14171.07678
10836.28507
10833.07232
10758.23286
11829.41298
11902.92496
10929.49007
14446.10524
10916.90421
11121.81117
10674.31547
11723.91945
12055.85436
11272.35427
14741.00076
11231.75642
11159.33778
10507.4825
11413.97888
12106.97336
11807.27538
14935.29893
12688.32386
11013.15736
10454.32933
10879.0185
11931.11016
12244.17956
14821.56739
13468.27155
10863.7077
10822.2061
10499.59912
11574.00911
12340.21878
14545.19741
13177.22935
11362.84275
10784.08679
10622.31367
11118.74096
12051.97216
18116.2248
14742.70105
15754.41486
15534.09545
15812.16196
14221.53966
12924.28365
17001.48397
15099.84719
15424.23187
15501.02194
15219.41031
13473.3999
12949.48427
16855.19669
16145.613
14869.93717
15414.50812
14038.21841
13138.83011
13384.63239
16999.08844
16644.13194
14909.87338
14712.7174
13282.92653
13014.32081
14069.0404
17114.5183
16123.778
15047.33515
14070.20739
12982.91149
13301.63362
14577.13707
17178.30633
15817.94604
15187.58602
13825.68904
12941.06849
13624.35016
14826.43586
17173.49214
15537.0569
14941.06817
13603.85352
12942.65821
13797.5531
14622.26297
17153.01484
15524.0487
14888.30442
13546.19021
12959.97496
13855.85247
14514.24497
17217.75438
15631.99939
14990.65047
13588.31597
12979.53515
13873.83313
14686.83781
17325.61894
15995.49422
15336.23275
13937.8618
13083.16828
13789.30483
14931.50291
17356.99456
16358.30752
15299.05987
14342.28902
13241.2435
13533.09878
14758.42314
17241.71118
16911.18805
15200.4009
15012.08813
13579.96643
13292.83715
14324.94412
17102.70026
16435.40708
15246.13
15781.77164
14392.6036
13454.46263
13618.60238
17331.7163
15451.22153
15858.80358
15921.84338
15584.93219
13943.92194
13325.69682
18451.70036
15158.26609
16223.44248
16065.52468
16326.051
14728.75325
13544.79579
26160.61802
21144.9498
17626.0157
16738.92894
16975.18154
18506.04768
19173.73702
24258.07801
18276.1547
17711.87993
16920.76803
18209.90921
19085.84504
18858.94652
22303.43674
18203.02555
17471.57537
18083.23076
19344.49555
19402.91726
17798.50309
21146.97115
18704.43876
16923.84983
18851.99073
19549.01944
18674.92065
16724.26982
20540.31705
18649.79564
16801.47831
19088.03584
19356.60872
16967.75874
16039.03028
20319.614
18503.55547
17378.87252
19256.06248
19098.05359
16768.65455
15906.81585
20203.64136
18309.35134
18284.73566
19315.57303
18328.62645
16828.08234
16414.356
20161.77357
18304.63608
18462.45837
19326.48146
17932.29183
16833.60446
16680.7859
20257.14904
18398.62978
18337.88029
19305.01282
18362.18579
16896.29911
16468.32768
20467.20797
18675.5804
17536.26453
19374.10896
19243.65532
16931.00264
16006.63101
20763.9783
18874.26658
17019.8682
19339.90903
19619.49471
17211.50152
16223.85011
21373.82707
18953.17173
17199.30695
19129.03247
19835.52575
18958.00043
16980.70193
22549.59122
18500.75256
17834.59525
18413.10272
19664.46958
19712.81285
18051.41018
24577.70516
18625.80924
18130.87142
17315.02713
18539.33938
19531.14662
19244.33969
26504.31662
21556.44932
18084.20028
17270.2717
17451.59233
18979.47313
19748.21138
30872.14567
24422.76965
21737.9758
22048.47748
20217.89741
19603.0701
19709.69075
30913.94634
25303.87568
21845.62559
21101.47974
19406.17937
19404.61828
21187.56863
30465.9655
23697.67348
22560.09104
19729.12597
19231.18035
20411.55206
22239.6731
29319.02991
23036.872
22513.08445
19524.51887
19832.531
21559.10839
22853.25692
28005.62671
22994.77618
21062.42685
19586.1237
20483.29851
22865.94436
23075.47923
27201.3435
23018.20099
19713.24859
19642.90793
21069.70188
22895.26517
22619.60022
26595.66992
23019.90733
19093.84662
20178.84432
21891.00784
22506.2719
21313.36584
26531.28102
23018.89665
19177.58428
20266.90177
22255.56043
22472.14605
20910.40119
26660.56619
23103.1738
19152.18313
20184.85568
21938.79897
22579.18173
21378.874
27348.28344
23183.62196
19853.78814
19766.85435
21218.37536
23055.35928
22722.86048
28226.13115
23214.38576
21365.26026
19850.68915
20722.98722
23097.03914
23262.14997
29546.56806
23289.97319
22815.51126
19810.87986
20104.44121
21829.76593
23113.68534
30714.16459
24012.37564
22902.82689
20091.839
19568.39921
20710.21979
22491.5036
31225.82961
25665.21653
22259.19381
21536.24863
19788.21953
19855.39884
21566.00858
31238.66716
24801.21942
22223.91209
22580.56586
20755.07971
20106.67421
20265.55404
36658.02343
28037.17364
24741.05511
24397.91122
26613.90617
26241.63473
23786.17757
34242.11286
28281.58713
24357.58974
25884.24379
26486.81582
24993.05422
23069.45926
34153.5433
27283.59278
23407.6027
26192.08681
25687.02622
22773.03126
22218.33989
34965.25847
26448.57702
25004.79759
25699.68501
23255.86943
22524.0836
22004.10259
35474.66529
26020.90594
27147.42021
25274.94741
22720.85756
22118.49234
22604.9949
35546.096
25910.52911
27721.37734
23843.15783
22900.18894
21989.35791
24092.73726
35385.68434
25820.54991
24840.38922
22807.78431
22796.00319
22930.60583
25594.40693
35362.87866
25823.09239
24095.66645
22731.58615
22742.21105
23306.64438
25917.50104
35448.89329
25897.68762
24851.69716
22815.52032
22851.08925
22995.09457
25668.01268
35689.25076
26072.8194
27856.00967
23953.4773
23054.47174
22143.81385
24241.97649
35669.72672
26248.18663
27319.40412
25534.51495
22980.23132
22379.41856
22818.51882
35199.64668
26718.58386
25253.31951
26000.94695
23578.59213
22843.14384
22298.50336
34407.24714
27613.86916
23776.63525
26574.43909
26075.67649
23122.24854
22541.84321
34570.36546
28660.89114
24793.66916
26306.31163
26890.77728
25491.17612
23513.80887
37095.91302
28463.93626
25258.04479
24929.60889
27142.08883
26757.88911
24428.94863
48164.11877
37939.97998
31251.61854
27755.42571
25012.20311
26416.24433
28061.34527
43598.69001
34889.18343
31175.64262
25839.09509
26304.93142
28009.63117
28418.43966
38365.01538
33793.07861
29198.01437
26569.83487
27944.67471
28887.83308
29020.47495
35743.15799
32933.04855
25874.9772
27625.29321
29156.02482
28889.51521
27806.58643
35443.26625
32543.64677
24346.53478
27771.22823
28337.69194
28767.88642
26642.52499
35660.15067
33039.13325
26456.35184
29122.06003
28441.25175
28437.67205
25034.58167
35918.92446
32928.10985
30435.2066
29158.34228
28976.38504
26195.8032
24418.38176
35909.35382
32897.08121
31003.47652
29159.65597
29189.48372
25700.15423
24596.85257
35991.34914
32994.31981
30503.75155
29179.03355
29023.52862
26286.65695
24493.14994
35797.01816
33209.18369
26663.792
29270.9803
28606.70804
28614.41664
25159.53865
35608.75446
32726.89823
24517.86189
28024.20436
28623.12159
29024.51476
26884.21334
35968.00795
33201.59466
26271.35701
27926.45492
29484.2902
29211.35198
28145.4449
38670.65091
34114.40094
29614.33249
26901.76176
28306.26441
29275.8554
29394.53785
43947.37755
35292.66272
31636.94364
26313.45954
26726.23162
28508.6599
28910.37254
48652.11515
38407.50284
31781.4266
28336.20911
25546.83274
26943.26754
28647.47467
48169.20136
40897.21671
34119.82865
31892.83201
31794.0837
28736.36574
29272.9916
53733.99918
39435.66632
33120.27406
34511.04461
29761.97676
29760.03158
29298.34068
54248.72552
38073.01146
34494.28603
30570.28423
29850.18293
29099.70159
29834.43469
48419.01574
37016.89039
37058.45096
30100.63311
30768.00798
29835.9806
30895.05532
42990.00566
34227.93291
31870.19975
30066.77166
30816.85939
30058.65995
31101.26546
41420.47794
33290.3936
29297.69903
30384.29884
29483.80105
30586.21532
31997.1396
40870.94035
34682.71732
30821.15411
31111.91257
28949.98082
32268.5488
31307.57291
41005.86951
35268.28305
31428.32846
31266.43632
29098.97365
32535.31392
29571.18418
40973.12805
34762.02975
30884.9924
31143.25627
29000.01955
32357.81003
31420.3399
41559.54796
33446.34914
29446.29825
30523.84312
29631.99837
30776.53936
32210.84744
43148.35482
34558.38996
32660.27482
30333.21006
31085.81399
30338.88209
31388.27894
48635.17098
37280.49182
37251.92495
30400.91507
31085.79877
30174.20113
31244.02711
54520.99336
38372.47548
34872.75046
31032.08439
30234.03194
29493.29012
30230.88036
54040.58133
39852.80761
33555.36813
35018.31859
30273.91771
30277.60744
29828.43949
48558.63149
41305.56332
34651.53288
32490.02173
32465.25344
29324.7374
29992.02997
20082.58258
41519.32243
43900.67901
36208.7216
36384.33257
35163.461
35373.56795
30900.88601
48501.36985
37290.14222
33679.62804
36263.15683
34444.05583
33646.86999
41568.40757
49698.87515
38492.01793
37826.76011
35124.13119
33781.58551
33123.60132
53166.38162
50048.78889
32787.37396
35447.64123
34902.94182
33014.29935
33079.21661
58245.32989
47335.04382
40885.5926
35187.21282
35501.94574
33307.50574
33603.65738
58677.50879
41547.97498
40061.47982
35299.78525
34940.88541
33307.04899
32714.33746
58382.2685
39425.86431
36056.82625
34833.41766
34115.15906
33641.77372
34443.67893
58357.81333
36471.35603
35470.86978
34941.40054
33501.91223
33872.95638
35932.7626
58488.09025
39227.84397
36073.70351
34875.33363
34185.05083
33702.84274
34523.95187
58885.24324
41611.91668
40090.88945
35423.2584
35080.12793
33452.43688
32917.48183
58193.08925
48025.7783
40566.92711
35332.40794
35680.88632
33602.4732
33877.35804
53385.41964
50289.78418
33205.31642
35791.84082
35245.29261
33360.9969
33438.23408
41567.11207
49913.56565
38840.50603
38230.00529
35541.8874
34239.71358
33582.86458
31147.05846
48870.85565
37734.50618
34082.45909
36749.50599
34950.52816
34177.19483
20444.61988
41681.19456
44411.63628
36812.79639
36926.13307
35811.76564
35937.44659
-17083.29827
24300.1314
38906.87311
50113.24075
39736.42796
38333.77535
36889.15906
4490.898523
27874.05088
44993.03616
38110.85672
38764.55769
36387.8364
38205.97919
16882.19562
35880.80029
50950.32951
40463.02898
38323.51728
38803.97377
38756.79263
21504.72477
40271.49527
54016.08878
39950.42916
37875.18614
38168.65146
38122.24965
26966.65457
46148.48401
41005.57269
38338.52353
36887.07992
38051.06306
38331.63657
29887.86794
51932.55386
43223.58472
38504.50269
39179.62504
38537.00809
39806.75006
35246.18146
61677.97184
41982.35626
38017.74429
40950.1932
37624.47582
36575.85217
35352.94515
65575.59843
41789.7797
38044.88893
42069.30571
36787.08466
37145.89829
35407.74192
62091.80966
42021.11641
38067.66955
41002.78311
37698.34944
36665.05379
30161.23343
52645.49385
43397.39517
38652.65278
39322.30106
38711.64407
39855.56148
27179.43008
45841.58476
40954.86608
38548.08433
37047.68599
38296.33168
38604.96654
21805.71772
40557.22997
54158.86695
40266.48728
38210.24787
38521.39444
38501.17475
17321.20533
36006.61885
51167.95934
40793.1933
38733.75667
39228.54651
39206.62189
4724.823511
28248.86436
45431.04211
38627.37393
39219.10859
36899.08214
38732.72961
-16788.7705
24783.16224
39354.93308
50716.65252
40254.38419
38934.48204
37445.5612
-136276.5924
-52005.87392
19367.50462
36693.02431
39675.96387
44219.51622
44610.409
-112560.9066
-16338.27599
35988.1814
42272.05712
47222.06444
46222.03836
42083.25495
-57958.55242
8306.050257
34281.26723
41021.42393
45812.3362
42266.62937
41540.70885
-32623.25329
23468.83787
32872.81018
46768.63457
46803.47407
42075.98847
41107.53665
-25669.18488
29362.97191
36534.05094
48391.57379
42272.79324
41127.06835
40888.05617
-21786.25401
29254.29761
41337.81155
47674.33124
43013.91505
41290.31888
40373.94684
-1943.866604
23711.90648
52678.56937
48755.80144
40259.50398
42125.26587
41337.74226
-1012.068211
23334.07608
52787.78145
48183.91906
38901.71222
42336.44584
41365.48974
-1614.19944
23648.09489
52759.95296
48797.3262
40348.76301
42188.22485
41429.41549
-21354.21952
28769.16432
41781.13434
47839.93577
43157.49386
41448.70857
40779.19732
-24413.9885
29780.93886
37431.94754
48865.19193
42700.25485
41430.32385
41152.90162
-32105.92448
23742.29038
33212.93654
47135.9693
47117.77955
42406.5203
41410.30658
-57137.93293
8510.086641
34470.74327
41261.38145
46096.75563
42632.34516
41959.25121
-112274.1378
-16022.22576
36352.70889
42755.28139
47653.6015
46658.39364
42586.65145
-134946.3716
-51255.29303
19748.08433
37080.15297
40058.93625
44687.70472
45119.07903
-182032.0286
-87312.96578
-6932.666942
31012.39915
35570.84572
41466.45694
44786.48464
-233976.5264
-73133.08762
17974.7741
34135.41627
41824.03071
44656.57374
46357.67271
-188633.7344
-36165.24416
26416.77105
35810.15771
41326.38846
46281.31486
45590.3783
-169544.339
-11843.78964
28475.47887
40702.97345
44046.69689
46672.67963
45718.2314
-216986.793
-9341.813172
33224.5848
43837.99169
47853.35007
46316.18764
47532.9988
-242924.9779
-1400.423365
29523.79009
41708.40674
48220.3442
49413.37011
43791.95953
-247695.0392
3760.298959
34484.05952
43275.06122
56244.77
44762.08658
42967.64333
-255964.5523
5566.822517
37086.75928
47197.95695
57737.46552
44989.91979
42908.86736
-247148.1962
3921.693619
34628.79943
43430.9942
56232.36178
44793.96064
43035.90563
-246877.0606
-882.4125539
29688.30831
41741.79498
48400.24183
49734.91618
43655.00682
-218143.619
-8943.978223
33981.59358
43930.61667
48090.87668
46580.35166
47809.30879
-170696.781
-11920.43259
28895.53833
40975.47558
44304.13202
46981.20295
45987.69394
-188070.2444
-35718.71351
26659.92656
36095.82693
41691.17609
46641.81724
45994.44955
-233766.7522
-72869.44148
18291.35803
34650.6504
42278.34195
45088.78834
46839.59838
-178860.4798
-85145.00124
-6330.806711
31389.88924
35974.86482
41986.93391
45277.22286
-157446.3597
-139425.6913
-96947.77276
-31668.31376
-4215.846013
19543.86612
30558.42706
-213439.2639
-192256.3817
-103178.4098
-30577.02422
4107.688161
23856.09253
35122.43864
-238854.7086
-203834.5054
-87996.85492
-20236.98773
9647.814094
29458.90712
37258.08138
-260416.1573
-182458.5497
-61901.97251
-4218.901903
20512.25262
33037.91811
40721.37378
-287118.4827
-193290.5764
-60125.58239
-373.7599092
25504.80771
34227.73404
43982.58109
-271038.8393
-181991.4382
-50977.01776
5153.640122
27160.04127
42596.46219
45484.52359
-250212.5023
-128432.9118
-23383.07356
26534.22873
38658.39316
42383.07024
45826.94575
-240795.5461
-107263.1995
8699.698371
30584.41197
34761.76961
41959.75001
44450.13783
-250287.7531
-127615.3339
-23191.09452
26395.77991
38516.39766
42178.46015
45710.70565
-270763.6816
-181292.1458
-50887.38855
5010.245375
28968.74086
39100.69971
47866.43474
-299988.28
-198503.1967
-61550.86939
-927.4709247
25194.29897
34106.62301
44142.10726
-267461.7172
-185383.0022
-62639.10519
-4443.687624
20506.99934
33224.81339
40972.87774
-239849.1176
-200680.5081
-86221.03705
-19620.11541
10099.11925
29860.01697
37722.09836
-213816.9814
-190197.352
-102002.3531
-30192.61366
4420.73705
24354.87387
35468.199
-158742.1354
-137707.7402
-93128.56808
-29172.21287
-2583.92851
20514.66109
31522.84728
-194823.223
-151614.961
-120115.3
-43922.37886
-12020.86274
17750.98758
22566.77749
-262581.5425
-151531.5701
-86160.23661
-40400.66921
-6150.896033
19844.79468
31638.03679
-283544.7846
-131024.719
-80100.45347
-27057.21505
3746.776467
26468.3949
34761.95424
-287008.2264
-168831.4088
-60590.7309
-8916.137132
17443.18397
30672.43226
39029.3227
-305739.7716
-174017.0984
-53749.94013
-1978.811619
22003.50346
31825.21956
39080.52548
-248097.9891
-127788.1069
-35194.75741
5709.449223
24469.2754
35014.47555
41561.40954
-186493.053
-92545.54351
-22438.99775
3120.206268
21389.49155
37249.4598
42036.28798
-148383.4443
-69425.68415
-41408.29111
-75072.94376
-48818.24342
34818.25739
41966.20229
-189726.8779
-90002.94079
-20693.91934
4102.760541
21146.52048
37121.33499
41923.71323
-249308.5186
-127919.0905
-34885.29413
5917.896504
24806.48637
34382.97731
41898.87505
-323393.6043
-184035.2781
-56094.94316
-2613.901021
21549.0449
31726.16171
39144.33538
-295584.5461
-176909.0353
-62527.90342
-9557.02612
17366.23581
30851.96629
39261.15993
-288217.1461
-134512.3539
-80022.89583
-27061.95665
4031.728328
26863.90142
35067.68971
-265645.4451
-155214.1792
-84766.70455
-39441.65957
-5884.396331
20307.34099
31955.49458
-197010.3533
-148213.7057
-119025.1674
-41716.74967
-10209.0697
18662.13105
23393.04722
-220770.4794
-178184.8889
-40043.59695
-117582.1334
-74245.76329
-16138.28549
-34006.59673
-387532.5491
-333421.6662
-207774.8029
-191686.6271
-165764.941
-65951.28005
-72058.1098
-359453.4195
-307462.3018
-188424.0668
-139839.7824
-88205.25766
-45886.2351
-33524.43227
-349864.0499
-291805.9799
-139101.0265
-89677.86761
-23362.90817
-12537.27216
-3245.341774
-389384.021
-288982.1243
-101373.3837
-46609.93139
-1012.70059
954.217534
8195.002537
-432207.0647
-199926.3123
-74385.40251
-31707.04653
-7283.240842
-2393.661742
6857.515245
-252771.5836
-133110.0955
-67342.24156
-89720.67758
-85736.67017
-55017.94884
-25588.94739
-180415.6851
-106957.9595
-192160.9326
-170855.6108
-98997.5203
-68013.80487
-31709.17171
-254422.7852
-133459.5918
-63036.37352
-81686.71147
-76141.5722
-48461.2549
-22482.50968
-440679.9965
-195680.4281
-73760.49087
-30088.4832
-8872.863394
-3372.888078
7872.942869
-394121.1337
-277396.4756
-102369.0676
-47391.80033
-1375.76341
926.3005586
8605.158434
-352566.1904
-321775.974
-147016.2058
-93353.22514
-25699.09244
-13893.55171
-4233.75017
-362949.1719
-315117.492
-194275.4998
-142235.2886
-90273.14483
-46120.76121
-36295.49192
-394446.9878
-339986.33
-209840.169
-189209.9497
-165322.7357
-67716.55534
-58349.82233
-224330.1477
-179660.7204
-43796.47872
-119604.3883
-74188.165
-13085.84304
-42420.05845
-217459.3927
-233268.0597
-203844.7817
-266621.9795
-246692.8764
-234948.68
-198795.0761
-364999.3215
-309158.7788
-240176.0129
-255325.6196
-234018.7121
-170464.709
-59124.11831
-354870.174
-298255.437
-206089.9544
-212254.9944
-129270.5232
-90748.73118
-11121.44121
-369700.6165
-303283.9865
-189860.8218
-178896.0673
-82141.4711
-58804.87151
590.1936311
-420236.3672
-291491.7938
-180104.8533
-153202.7994
-72013.41412
-47159.0129
242.6907524
-507972.3668
-339622.0425
-169501.071
-140999.3654
-80284.44384
-43714.75891
6117.643772
-397251.3034
-344757.2219
-213184.9313
-190464.0807
-90070.39152
-30740.93184
-8166.41855
-309486.1596
-280763.4379
-290264.3358
-132131.0087
-53745.9516
-29049.46154
-26182.70347
-394399.2706
-338733.378
-208813.7523
-187450.0673
-94122.44921
-26623.19374
-10399.73039
-512756.6861
-342107.7102
-169134.0371
-139021.5785
-82061.89149
-41108.66089
6916.767052
-422026.7042
-291251.4994
-180641.8635
-153378.6674
-73494.07735
-45511.29374
2288.020254
-370577.4058
-305345.2339
-192162.2283
-180586.5221
-83823.79421
-58280.05123
-2713.089319
-357334.3852
-302666.5214
-211117.673
-216671.0078
-132127.7774
-90887.2249
-13934.76373
-370371.9668
-316524.9539
-248744.4394
-264440.0248
-240532.4638
-172778.8899
-60251.41342
-224153.3444
-221902.9467
-194125.7562
-268205.3747
-256921.9968
-248221.7449
-197688.6555
1565.147951
885.4576403
756.4992691
814.4475435
1090.658122
774.8921961
629.2422753
1304.899776
929.7012275
720.2820653
668.9035748
1095.001122
850.6823536
835.8722521
1223.201499
829.5200172
717.5425224
691.8296865
1004.242431
778.3905755
820.2012304
1097.665395
741.8937766
734.1264035
673.6282825
999.8749932
818.3898677
754.4015633
1017.753258
769.4066004
654.449088
579.753976
907.7247217
757.1501344
717.3867574
966.1955792
744.3595709
601.569394
642.9527569
906.7128851
796.0526811
777.238289
1032.981548
724.7075693
675.661275
750.0835148
921.7094175
827.7559202
762.0634644
1039.02912
735.847241
782.8731091
761.6127652
904.00884
832.9859138
739.9461978
1098.503525
879.4085234
850.9552535
755.8188698
959.5923966
899.2600247
791.3901842
1250.561574
1045.925309
908.8605297
846.0067129
1085.47255
985.602516
860.0848064
1436.353138
1141.735608
1017.759559
993.7175945
1211.648149
1030.827099
884.4655683
1575.742189
1250.064281
1157.617689
1116.357815
1328.660376
1070.590941
912.0924208
1728.365212
1399.136908
1273.042459
1193.465753
1473.475143
1157.865204
982.3101749
1949.612816
1522.831883
1352.489828
1246.921275
1587.154837
1230.441997
1057.682527
2142.547416
1625.189091
1459.321027
1401.743175
1737.160189
1387.352665
1182.854762
3168.086225
3724.801488
3447.705934
3106.715692
2522.306909
2714.936001
2957.67761
3478.912647
3783.092472
3301.906578
3073.113001
2643.083656
2863.501137
2991.514147
3643.994411
3630.688385
3265.687047
3145.587095
2819.675044
2959.654881
2913.447697
3661.658884
3458.571645
3295.169696
3127.982673
2922.622236
2846.391817
2647.355144
3585.786147
3331.317861
3279.727855
3132.802692
2927.504254
2706.435143
2512.719903
3607.74282
3282.625404
3320.16953
3207.727812
2918.634081
2636.01918
2503.03926
3612.101055
3284.125821
3387.788461
3253.924438
2871.018759
2577.981418
2471.857278
3613.990671
3326.409141
3430.835772
3262.392151
2867.909756
2584.876307
2476.095844
3722.262367
3437.53273
3498.648279
3314.059244
2961.788002
2676.415993
2538.789571
3892.561147
3599.29496
3583.313648
3426.228145
3118.97769
2808.877341
2587.002091
4037.550886
3766.725485
3689.045938
3523.462905
3232.636806
2944.923713
2641.166934
4140.221738
3982.207856
3771.439846
3575.546987
3274.333411
3129.219632
2836.269336
4194.167493
4245.914126
3822.834113
3654.228542
3253.980065
3291.528399
3128.612597
4114.705183
4457.405846
3937.14262
3672.118629
3139.779189
3271.810428
3367.620926
3892.470673
4461.792464
4119.434614
3776.901293
3164.345519
3252.223452
3484.300316
5873.54249
5107.425043
5915.497258
6231.989387
6034.813633
5564.963496
5527.805358
5486.686749
5410.847741
6053.226395
5669.471468
5860.321465
5590.207142
5800.716407
5503.350536
5805.067193
5489.569385
5482.323022
5651.237774
5699.650131
6006.531788
5572.140033
6047.381111
5248.220819
5605.777282
5596.211524
5833.457381
6026.835953
5645.837549
6092.655003
5107.232871
5657.419741
5622.575142
5934.699267
5983.386036
5732.599819
6084.499228
5096.365637
5656.35252
5728.755085
6042.709037
5945.692825
5790.643233
5840.561521
5138.967605
5733.28763
5824.664677
6088.65207
5889.028379
5804.292092
5877.88696
5202.354238
5764.021741
5864.687405
6123.072101
5892.501536
5897.25798
6008.802243
5278.412724
5792.982045
5902.924158
6180.782513
5958.897832
6013.990878
6391.236593
5374.319045
5867.675208
5911.748586
6200.406422
6021.292281
6090.526445
6491.675573
5505.527703
6025.59643
5899.199625
6147.776386
6099.039461
6089.570073
6533.81712
5699.865807
6030.191631
5926.377042
6084.803862
6188.019964
6073.893105
6396.649055
6063.083926
5977.172633
6055.701368
5994.740198
6201.446376
6154.463795
6045.769552
6690.603975
6282.4485
6326.43943
5928.723511
6118.061396
6471.242593
5810.749522
6635.653442
6901.733103
6653.405498
6118.567154
6081.287271
10879.30488
8980.447013
7794.898499
8194.067001
8219.235
8425.625515
8125.736488
10219.74268
8212.629633
8181.933392
8857.450486
8652.269673
8406.48203
7882.789563
9534.062912
7748.857603
8945.825966
9212.552716
8762.907294
8196.956753
7764.902092
9049.774636
7936.478195
9086.490295
9178.507452
8577.071025
7912.781969
7634.111784
8750.278082
8243.856689
8990.615279
8945.370481
8306.218282
7684.108242
7684.210189
8620.441257
8414.766945
9008.918976
8908.2556
8110.972686
7585.784883
7809.794037
8561.542428
8753.335437
9066.946907
8822.188732
7945.968736
7525.347454
7796.353954
8563.664002
8815.638551
9129.612115
8801.237983
7905.767157
7530.964755
7795.386472
8694.282701
8906.199414
9189.669833
8872.29642
8026.673075
7622.402319
7868.753942
8909.094911
8720.314847
9265.362718
9105.664486
8294.965481
7741.638844
7883.979135
9170.764995
8656.664075
9371.530412
9300.461258
8579.182319
7878.633316
7789.258719
9527.586343
8422.594068
9528.008903
9580.229876
8895.774456
8131.160053
7782.667547
10071.38256
8313.500669
9485.983992
9674.459972
9142.996366
8463.210199
7945.905813
10849.65186
8833.876789
8801.252309
9400.657798
9037.943109
8705.045214
8211.871765
11522.04865
9672.867245
8492.745725
8836.576842
8778.023055
8927.542287
8606.890202
14109.18121
12683.44546
10774.07482
10212.57143
10031.84714
10571.16269
11587.10402
14363.42264
13004.66987
10361.28925
10350.56651
10090.9126
11169.72782
12003.42695
14538.39006
12217.02613
10578.19797
10065.94509
10541.94336
11637.27347
12079.81308
14357.35525
10851.64692
10811.95852
10175.52193
11151.89922
11902.07808
11662.21262
14072.24218
10594.64628
10835.33391
10391.89103
11508.00518
11897.3783
11185.94443
13918.36943
10591.68375
10647.86362
10638.82114
11724.15061
11823.08454
10923.26751
13818.55778
10663.80871
10659.42721
10906.78473
11850.22716
11727.60852
10883.1004
13817.53661
10699.07857
10728.10107
10974.32847
11897.23976
11740.47824
10933.01773
13943.1593
10806.04028
10779.32923
10952.0037
11921.49422
11815.08054
10960.38352
14213.22043
10883.30403
10901.91629
10829.82307
11891.35565
11962.69445
11005.69293
14513.84797
11005.30876
11207.79773
10728.56341
11748.60257
12068.18194
11293.24629
14849.79172
11347.24595
11243.7829
10559.92062
11426.14238
12083.13965
11790.20229
15069.76161
12812.17454
11112.19733
10518.47949
10881.92179
11861.28924
12220.67706
14971.5582
13604.59418
10979.48269
10870.52355
10454.53263
11456.98974
12276.5479
14700.68258
13341.30377
11471.53146
10829.05153
10574.84689
11052.16879
12017.22381
18008.81109
14657.6628
15671.76883
15523.81884
15775.29171
14176.553
13106.06219
16878.20557
14991.9509
15386.37761
15457.77301
15183.17212
13578.18447
13054.83521
16714.18039
16035.10162
14818.06447
15394.32727
14060.60124
13181.97476
13489.38951
16863.94141
16547.73384
14869.56658
14696.2206
13330.88889
13103.25995
14211.44139
17006.78269
16049.62146
15021.835
14077.62725
13043.91307
13398.09801
14705.72074
17097.74154
15766.41024
15170.83713
13844.60647
13001.83604
13733.67091
14954.35576
17141.10508
15523.82409
14933.28626
13628.3609
13004.45848
13899.78402
14739.03869
17170.97194
15544.92329
14904.09755
13594.67087
13033.79237
13953.44041
14626.45749
17260.12386
15667.03348
15036.7016
13662.57877
13060.37764
13968.13431
14796.06948
17379.72115
16054.57791
15413.51736
14018.33618
13148.13094
13850.67636
15009.98478
17438.77044
16459.90691
15396.87655
14408.7587
13272.03242
13549.26766
14781.17068
17362.50481
17036.01432
15301.04139
15081.47063
13602.73458
13275.10659
14309.00632
17245.04734
16561.992
15365.53833
15862.40652
14411.3633
13399.01147
13598.27192
17485.45066
15586.59807
15993.34264
15991.54189
15569.24393
13849.71926
13272.0885
18617.88151
15326.29558
16353.70526
16131.31625
16315.80005
14673.47793
13512.71668
26037.26569
21051.56444
17541.21662
16715.09247
16928.32489
18477.76569
19366.21709
24123.24605
18154.11668
17659.45755
16865.68366
18176.41188
19192.97737
18977.53807
22144.10592
18084.73897
17408.93929
18052.8112
19359.90248
19448.01336
17919.06064
21007.18431
18601.69606
16877.26891
18825.61022
19588.07346
18770.47749
16879.65274
20433.06925
18573.41242
16769.12567
19092.89237
19420.03985
17074.33946
16183.38769
20245.0125
18454.16874
17361.82708
19279.02736
19165.3333
16881.11666
16047.75875
20178.06946
18299.6596
18279.83013
19345.48936
18406.09262
16932.11662
16538.08306
20185.17485
18330.48052
18477.4551
19379.51679
18020.65908
16936.7658
16797.97669
20304.24343
18439.46563
18382.02753
19383.70161
18458.33538
16995.34084
16582.64646
20529.40618
18741.28961
17611.71832
19457.74225
19314.35478
16995.42178
16096.83802
20856.36993
18984.15335
17122.56437
19410.29311
19656.72682
17234.1544
16262.32297
21504.86316
19089.59848
17311.86797
19200.79064
19865.97076
18954.31619
16982.30102
22698.75597
18642.06087
17964.42997
18498.84099
19698.25314
19673.85839
18045.89697
24736.31971
18774.2116
18273.68568
17390.54232
18541.01573
19453.63521
19208.35038
26679.69667
21732.75657
18220.93406
17332.62453
17444.92521
18934.27974
19730.46643
30734.33559
24298.8872
21648.66966
22007.29632
20188.17509
19607.35082
19891.44248
30754.94762
25172.12711
21768.83353
21055.61391
19388.72947
19502.3055
21300.08883
30301.82811
23579.42362
22484.11214
19695.99402
19238.20564
20448.42697
22361.94072
29180.45595
22930.38845
22466.28135
19492.89834
19856.60523
21639.83839
23001.62812
27896.31011
22914.0126
21048.32095
19585.80671
20528.87888
22963.96236
23209.50288
27125.23179
22965.85433
19709.34946
19655.60442
21118.78613
22994.58194
22747.82331
26565.60349
23005.72481
19092.47972
20201.08451
21937.75266
22592.57893
21426.80991
26549.42623
23040.64782
19196.02367
20313.83154
22318.15669
22560.30207
21016.39026
26703.2749
23141.06591
19199.32004
20257.99464
22009.28214
22668.23908
21483.12959
27409.69334
23243.18168
19936.431
19844.62932
21282.12492
23121.08077
22803.59264
28315.92826
23314.33119
21468.83532
19917.62851
20758.27398
23124.54085
23289.99907
29675.77695
23420.8871
22924.44517
19879.56138
20135.29082
21827.83201
23105.74564
30865.45209
24151.46127
23020.92027
20172.49228
19604.07746
20674.05488
22482.37423
31388.90818
25810.32131
22388.03943
21609.35208
19793.13488
19792.89557
21529.75566
31418.05437
24964.67578
22344.90358
22634.10571
20752.15748
20078.31549
20235.32416
36511.2353
27909.64064
24644.98066
24344.73683
26583.24125
26248.5725
23958.79475
34079.43356
28141.92212
24271.88329
25813.6875
26455.75092
25073.551
23175.87355
33986.29807
27157.6837
23323.37519
26144.49578
25687.25069
22802.93078
22331.2146
34816.29931
26333.61765
24921.43072
25660.44097
23280.22313
22593.4201
22122.79128
35354.02862
25930.32
27090.92331
25258.22711
22750.1595
22188.1631
22704.10178
35457.52187
25845.46803
27693.80145
23846.27665
22925.8332
22053.39782
24180.51889
35346.42903
25791.78825
24838.18383
22813.76606
22830.70509
22982.22949
25663.59455
35371.07552
25831.25592
24116.46396
22765.90507
22792.77935
23362.37907
25975.754
35482.8896
25924.01651
24905.863
22873.2705
22912.38239
23055.49322
25730.20754
35741.22959
26120.34109
27918.56955
24024.87221
23103.23993
22187.8906
24281.14321
35751.223
26333.38693
27394.54355
25588.41994
23006.61106
22388.98062
22812.94214
35316.94607
26837.88281
25337.32341
26061.055
23605.09781
22826.28292
22262.61874
34552.22288
27743.80405
23880.93624
26642.77807
26101.76278
23076.63901
22506.70559
34727.5026
28793.04812
24907.12015
26361.70895
26887.24265
25419.85659
23452.05318
37263.05516
28607.31215
25366.57051
24976.38661
27129.98092
26715.74096
24395.46947
48030.89213
37818.46287
31157.8891
27698.60739
24971.0579
26413.14444
28163.42761
43442.89751
34750.08456
31086.41664
25768.58884
26252.70673
28049.34663
28496.81845
38198.25181
33654.26227
29110.6745
26490.98155
27909.22222
28895.62832
29105.13373
35587.95154
32805.15742
25825.61629
27561.82588
29150.79502
28921.24387
27897.69176
35304.1137
32429.85725
24261.30875
27723.28439
28344.794
28802.37302
26717.28087
35553.33813
32952.20266
26384.38134
29078.80325
28439.36891
28472.43116
25090.81646
35864.35374
32874.08818
30377.94114
29132.57115
28972.63436
26218.38359
24453.45176
35897.35303
32883.70797
30978.03486
29161.97027
29199.1934
25726.10074
24621.8704
36006.32384
33000.54156
30498.04629
29199.33234
29044.60892
26313.4806
24509.81666
35835.78627
33238.87824
26680.34496
29296.61434
28628.08363
28628.34145
25158.50766
35678.56804
32791.00325
24567.56411
28055.73947
28632.51102
29003.87933
26846.65483
36069.3156
33301.47321
26357.53713
27968.08247
29488.8962
29168.03597
28082.28381
38792.67171
34226.88174
29701.84699
26947.74518
28305.87032
29213.17363
29319.84297
44085.81355
35409.7103
31732.34798
26356.40501
26697.71002
28415.83217
28807.31541
48804.414
38526.20201
31871.27016
28357.50073
25510.21239
26865.20806
28529.43901
48031.95157
40775.66171
34026.54582
31820.95996
31764.01088
28725.00659
29343.62178
53563.98868
39298.25342
32999.54887
34435.77254
29714.19885
29770.37156
29352.06228
54090.19611
37926.09981
34386.78509
30497.39252
29792.40582
29077.29486
29875.32955
48274.7319
36877.36267
36924.9335
30014.02768
30727.7817
29828.50734
30931.79952
42839.5157
34115.7882
31886.59398
29995.76449
30789.91107
30053.25531
31133.99428
41304.29786
33173.68111
29211.5313
30309.75011
29449.36845
30578.28308
32022.4387
40797.55685
34593.91183
30731.74822
31049.06237
28911.15144
32252.70199
31318.76976
40975.03923
35198.18508
31362.24136
31227.16356
29068.56697
32522.04651
29558.43206
40960.10367
34734.29961
30846.58987
31123.39659
28982.06954
32344.84164
31406.52269
41580.68871
33446.03693
29448.24758
30518.41149
29620.19479
30748.59035
32170.80867
43195.3726
34597.64421
32733.38835
30342.19681
31067.29833
30285.78966
31313.01984
48712.08796
37355.45663
37293.33735
30420.235
31063.47928
30105.45956
31144.18653
54618.35877
38464.10129
34934.44207
31064.18433
30211.2446
29407.06606
30115.80868
54156.07661
39948.14486
33619.92537
35030.46412
30232.66815
30164.8941
29693.50134
48706.32093
41395.34477
34716.31864
32475.03908
32395.68817
29214.42189
29838.16829
19949.4076
41391.44354
43821.21608
36131.90428
36339.95813
35164.18334
35422.02417
30727.41123
48345.03354
37171.20519
33539.50652
36195.56208
34427.28757
33688.7271
41385.29113
49547.28207
38377.94799
37725.44116
35055.50647
33757.73556
33158.86917
52981.28984
49890.74814
32706.51853
35364.55795
34851.8263
32991.631
33099.40932
58087.49065
47261.1754
40686.23432
35076.88262
35439.89837
33282.84176
33613.19186
58557.54787
41431.31198
39965.20667
35209.84441
34882.78369
33270.30038
32716.02172
58300.8258
39295.76906
35957.85269
34745.50746
34057.04353
33596.38227
34427.31377
58291.41928
36414.0419
35398.02088
34872.31854
33448.63833
33833.79622
35897.78192
58450.64651
39181.27698
36025.30966
34822.90356
34144.08867
33659.45312
34483.01761
58879.92071
41604.88156
40083.33042
35395.81543
35045.19156
33405.56162
32850.43903
58222.58161
48039.73913
40539.33838
35312.6691
35640.69282
33535.75251
33780.17884
53412.84405
50336.44567
33247.91362
35797.92793
35210.07436
33280.68854
33317.21604
41648.01414
49988.46672
38882.24315
38227.94992
35500.73427
34146.1227
33449.83193
31251.03266
48946.74549
37778.04724
34053.35738
36682.22974
34830.77324
34024.87066
20576.6732
41750.38288
44456.27733
36778.46232
36839.72629
35680.12364
35781.25408
-17268.10777
24180.7422
38839.27169
50041.8454
39699.87991
38344.44908
36922.67387
4275.419095
27726.73701
44873.47677
38041.35914
38699.45526
36391.56675
38258.62974
16740.98838
35719.53659
50835.97038
40350.68781
38254.88973
38780.0465
38793.48064
21342.02224
40103.85321
53850.92861
39856.95027
37818.79875
38148.71452
38146.11488
26790.91161
45930.48833
40814.90356
38230.45332
36809.11716
38010.65694
38335.15489
29744.11674
51772.87001
43091.55008
38402.26961
39109.01247
38495.34456
39782.17328
35160.90178
61572.59407
41873.11455
37920.45274
40884.12508
37577.02158
36549.8861
35260.24922
65458.93757
41704.97808
37965.55964
42007.07023
36743.09509
37109.06558
35348.49878
62020.74747
41958.10726
38001.99843
40949.93069
37654.54269
36616.31106
30121.43999
52566.68635
43348.39438
38608.03629
39274.51516
38661.29761
39783.42109
27171.02782
45816.5705
40926.66526
38521.86813
36999.19058
38224.43353
38512.69456
21808.24199
40568.61381
54179.62384
40266.16493
38174.36134
38446.75252
38392.46412
17369.12838
36067.01016
51208.93652
40785.62392
38692.01325
39137.26328
39078.19922
4791.189561
28311.87407
45463.52576
38613.93089
39149.95543
36789.4902
38585.01769
-16687.65177
24832.76349
39386.09012
50673.09341
40168.94496
38804.29465
37274.0795
-136765.7832
-52230.03558
19263.47567
36605.20179
39667.49214
44255.257
44662.33787
-113008.2122
-16565.05315
35842.18597
42222.89977
47182.87686
46218.35084
42147.81537
-58402.34807
8108.034265
34139.63642
40905.69868
45740.50466
42250.44072
41583.32663
-32959.16193
23281.04014
32721.56003
46682.00823
46741.19046
42054.63593
41126.57578
-26027.93837
29154.93086
36438.1079
48344.03293
42236.30335
41097.0933
40893.60706
-22043.14973
29124.65419
41194.99258
47578.48738
42945.40728
41244.81389
40374.87986
-2034.828059
23578.41382
52568.96596
48665.24789
40186.65445
42074.6233
41313.0866
-1151.079449
23204.63514
52682.71575
48134.60234
38839.63089
42298.98667
41336.42522
-1700.221175
23577.46198
52690.1176
48735.71077
40289.49867
42141.76598
41386.12616
-21497.72715
28763.78034
41704.78694
47798.76678
43114.78314
41402.29888
40718.4724
-24715.15828
29713.0312
37413.97059
48867.66282
42672.01353
41369.76663
41082.16876
-32169.18906
23715.07113
33211.16522
47143.06598
47089.16157
42344.24628
41323.37068
-57170.42281
8517.035985
34485.08127
41260.94932
46066.95153
42562.27341
41846.03957
-112359.0577
-16004.72939
36371.02984
42752.62142
47613.95734
46578.07781
42454.41633
-134966.5149
-51111.75033
19784.02901
37048.79321
40003.83347
44576.41261
44970.40007
-182587.1091
-87633.3912
-7118.351862
30931.08223
35583.85317
41569.65266
44852.8052
-234506.636
-73428.70533
17796.45789
34083.33591
41796.34415
44667.69764
46455.63456
-188987.2366
-36422.13093
26280.0914
35707.00818
41271.06666
46288.58768
45650.16876
-170032.971
-11985.20369
28381.20848
40605.8468
43978.71606
46648.60424
45734.91159
-217478.9072
-9501.585558
33112.83597
43748.53023
47812.20333
46291.11877
47548.07937
-243453.5761
-1450.485512
29400.85725
41619.87466
48161.70671
49363.47423
43768.32632
-248017.8069
3698.799098
34387.1103
43204.69937
56191.22217
44714.01149
42950.45392
-256355.6839
5483.135187
36979.71674
47065.535
57678.91983
44956.8857
42887.73841
-247579.6574
3850.349141
34557.01058
43367.18976
56196.18203
44758.97097
43009.11409
-247165.4413
-945.4991243
29633.76042
41701.67742
48361.44832
49690.04607
43616.67155
-218236.8329
-9008.921091
33952.03977
43909.07549
48075.41649
46538.28288
47745.98264
-170532.4333
-12011.1036
28899.30816
40974.94172
44284.17004
46934.33314
45901.45142
-187982.104
-35766.41992
26663.80267
36095.34359
41667.37323
46592.56304
45880.41329
-233934.8653
-72930.87878
18297.5178
34641.72059
42238.07339
45031.65958
46721.46523
-179243.0012
-85000.8687
-6313.012206
31373.30394
35935.9694
41890.16025
45116.04451
-157330.4801
-139145.2818
-97281.80385
-31755.22895
-4481.598785
19498.55037
30611.58696
-213050.0773
-192524.4733
-102959.252
-30679.02759
4060.934723
23860.48224
35219.80993
-238799.2115
-203940.3234
-88206.53552
-20409.77962
9570.609431
29417.86451
37339.3108
-260623.304
-182486.6428
-61874.82867
-4314.350437
20436.99928
33013.61928
40743.31018
-287559.4132
-193625.9755
-60294.62529
-508.6138685
25414.71223
34177.4585
43996.7313
-270988.2857
-181992.2221
-51036.65078
5083.963212
27226.58382
42443.095
45476.46805
-250325.1533
-128398.7093
-23442.13181
26475.34902
38616.28097
42341.69686
45814.33497
-240597.3162
-107330.7986
8600.555843
30535.94139
34720.61905
41911.66357
44428.69529
-250230.4099
-127720.7834
-23276.94582
26352.30574
38481.34402
42157.77471
45687.61373
-270684.6066
-181402.3928
-50952.4659
4977.961984
28898.47651
39122.14646
47779.63646
-299444.3564
-198253.0238
-61567.06352
-954.1725346
25170.02964
34078.4161
44083.0662
-266570.6282
-184988.8975
-62659.23477
-4483.989276
20459.18011
33182.5764
40898.34745
-239282.4032
-200887.2706
-86425.48557
-19679.68561
10031.33511
29779.26522
37626.1995
-213473.4404
-190278.1144
-101928.1841
-30149.75814
4333.122529
24244.08566
35387.90016
-158346.7465
-136443.1389
-92525.17422
-29149.00851
-2708.465154
20473.71049
31446.92926
-194411.0472
-151198.2293
-120378.3983
-43931.85714
-12249.02496
17692.06005
22605.22516
-261846.9624
-150240.5121
-85656.46821
-40431.69081
-6183.435392
19807.60961
31753.31295
-283357.2408
-130368.7916
-80057.47646
-27130.61747
3702.051189
26440.78951
34838.89807
-287050.1966
-168649.4494
-60470.98724
-8956.69026
17402.85135
30676.71003
39053.10269
-306410.9689
-174330.4803
-53791.80761
-2037.813019
21934.82461
31791.23339
39085.64967
-248003.5265
-127588.143
-35196.47219
5659.160425
24430.55651
34974.77521
41563.03042
-186482.5683
-92671.5074
-22448.84382
3065.550943
21337.73564
37203.98748
42012.99668
-148363.3555
-69368.33911
-41340.99234
-74869.16694
-48670.08298
34785.14928
41933.91884
-189488.8402
-90297.59864
-20743.83519
4145.432031
21167.84121
37077.16142
41872.1666
-249175.9103
-127874.6846
-34896.77131
5906.414849
24779.97897
34374.87014
41825.74112
-322871.9456
-183627.9908
-56048.37751
-2594.01452
21546.81598
31698.13294
39092.57335
-294693.4991
-176258.2937
-62428.56957
-9498.530088
17372.14729
30825.2835
39193.51131
-287479.6402
-133376.7572
-79761.16616
-26997.64374
4016.463247
26790.42165
34978.91287
-264359.4162
-153736.9563
-84534.46195
-39750.77355
-5990.067621
20274.91807
31888.73026
-196243.8768
-146623.0773
-117349.2427
-41905.79634
-10411.83429
18774.141
23381.54132
-220095.907
-176493.4594
-39779.26254
-117409.8731
-74969.33735
-16689.65051
-33197.47824
-387049.5343
-333684.4842
-207025.6258
-191980.0775
-165083.1429
-66505.12756
-72319.61706
-359321.8249
-307309.371
-188048.9059
-139553.2087
-88009.43881
-45727.34158
-33323.92951
-349890.8182
-291831.1971
-138551.8226
-89343.42136
-23092.20754
-12269.93425
-3068.971498
-389733.3602
-288903.4696
-101148.0663
-46537.04227
-1061.016991
933.0843711
8202.206578
-432936.6584
-199323.2935
-74314.43036
-31756.36713
-7414.957949
-2471.929366
6749.145301
-252708.5714
-133350.6051
-67540.95717
-89786.28981
-85622.71739
-54920.2345
-25496.58284
-180357.3397
-106743.8294
-192931.3303
-170506.6944
-98742.5204
-68035.75802
-31707.63106
-254304.9113
-133701.1603
-63149.81804
-81759.78448
-76391.82478
-49046.47682
-22797.8766
-440956.5236
-195817.3234
-73792.43935
-30275.17936
-8569.502995
-2983.69404
8196.87348
-393836.9234
-277132.2093
-102261.011
-47304.9816
-1295.47362
986.2131944
8646.268627
-351951.2985
-320059.4403
-146328.246
-92743.39588
-25418.37887
-13873.23791
-4239.557872
-361956.3404
-314272.533
-194151.4507
-142001.5605
-89947.20968
-45954.30779
-35821.341
-393110.5989
-339425.5085
-209557.4121
-191678.3829
-167993.229
-67652.94573
-58757.8956
-224335.5251
-179717.0716
-33338.5722
-114928.063
-73353.01343
-14181.81396
-43062.05892
-216992.074
-231781.2587
-202458.2918
-266347.1813
-247397.0999
-235018.5995
-199072.0601
-364494.7388
-308554.755
-239211.3825
-255204.7522
-233253.2069
-169756.4905
-59319.88826
-354847.8034
-298471.9934
-206387.3053
-212566.2003
-129181.1201
-90461.79152
-11100.6629
-369972.9014
-303198.8698
-189736.0441
-178915.9067
-82119.8071
-58661.34739
585.6557479
-420796.0014
-291678.9788
-180035.946
-153161.8749
-72141.83855
-47099.20946
297.3214323
-508901.6462
-339913.6674
-169533.5815
-140915.9018
-80441.312
-43594.23026
6141.960485
-396835.0261
-345179.1161
-213686.8238
-190411.9467
-90083.38586
-30634.76206
-8150.447055
-309545.3181
-280693.7161
-290033.0483
-131658.9303
-53635.98767
-28993.98093
-26151.45422
-394446.1039
-339517.4603
-208900.1537
-187305.1438
-93578.78374
-26651.62777
-10450.53898
-513454.791
-342331.9557
-168846.0399
-138893.8561
-81450.66817
-41097.5129
6921.394046
-421979.8344
-290827.3498
-180239.8357
-153197.3965
-73393.78341
-45537.85449
2200.880569
-369998.5402
-304858.5298
-191901.3767
-180443.8607
-83663.7323
-58055.41666
-2693.31282
-357220.5751
-302582.6012
-210421.8058
-216662.6617
-132447.454
-90785.54457
-13772.294
-371411.4009
-314606.7965
-241493.9607
-259677.0838
-239077.728
-173886.0824
-60866.14299
-223079.5537
-237056.8261
-200687.0558
-269179.7147
-253637.5308
-240621.3215
-196865.9276
2167.475293
1648.428096
1463.340489
1476.690829
1730.923421
1331.611007
1154.399258
2033.618126
1601.113789
1403.502969
1352.979453
1535.871648
1190.080502
1038.929678
1855.945891
1487.331772
1419.916114
1276.268723
1448.557359
1191.148802
969.234791
1683.239183
1332.625391
1337.601811
1110.530678
1329.849933
1093.76298
842.1091847
1527.201002
1282.890531
1122.041555
951.7814375
1219.370299
984.8685983
787.5741075
1419.701345
1185.878752
942.2022178
940.0961279
1147.191782
913.7056364
785.3878146
1376.056677
1031.954815
932.0858461
971.1264182
1067.736508
867.1136283
769.0426839
1290.491538
953.1043168
978.5819838
915.5984828
989.8170483
857.2627471
757.9149372
1254.658433
1016.604653
968.4611381
841.1018274
1000.637489
913.3940837
785.8357575
1338.320857
1106.137261
958.4383497
884.6427578
1106.034212
988.8020933
830.1626142
1467.637422
1153.65065
1031.725346
1012.548837
1230.729519
1036.906238
876.0839028
1572.863524
1235.888598
1164.627798
1121.914299
1332.665622
1097.759357
963.7003706
1708.884995
1368.038456
1284.50529
1193.88039
1475.9773
1231.635067
1035.651023
1913.934211
1470.236051
1356.122538
1271.196071
1619.17502
1327.304311
1091.071909
2078.05964
1549.836715
1433.482623
1390.015688
1731.125601
1526.647083
1208.909964
3912.777816
4480.134166
4157.206132
3835.523841
3159.169086
3235.579539
3439.517438
4163.951119
4493.317525
4038.858628
3733.619421
3089.834194
3230.787368
3346.136
4290.116423
4297.12698
3955.903076
3697.918226
3252.684536
3263.927462
3038.568238
4238.647601
4047.890978
3866.211188
3559.940737
3294.312573
3087.920264
2722.456891
4114.941586
3833.645806
3725.948812
3483.782609
3232.083887
2872.146367
2560.732594
4041.609208
3698.428713
3660.421074
3480.468547
3127.773167
2716.680677
2502.531254
3947.804119
3589.26864
3646.257966
3450.621943
2997.225457
2616.124698
2470.550804
3860.080783
3530.044266
3608.085259
3384.107843
2933.577719
2601.066609
2464.023531
3864.764782
3559.077313
3590.233179
3370.247061
2989.910487
2669.764378
2483.738987
3961.145147
3645.631561
3618.342233
3448.39474
3139.623772
2795.9132
2518.459348
4053.135192
3760.885209
3694.426996
3533.003016
3254.765807
2950.276559
2627.386626
4122.619635
3955.914103
3752.724641
3574.347295
3293.918336
3185.266131
2880.55851
4158.205532
4209.500677
3786.280042
3651.492784
3292.048858
3394.065517
3108.859523
4064.106459
4393.810361
3911.436224
3697.688923
3187.015486
3332.492706
3345.84144
3817.674209
4390.871312
4105.248491
3792.100664
3208.024466
3412.483326
3485.988143
6480.51673
5811.878137
6667.536599
6969.985911
6658.970857
6096.753331
5997.962683
6183.172117
6076.524567
6792.677724
6364.778316
6307.587299
5889.738373
6061.078756
6111.907136
6451.832987
6199.826239
6019.098167
6052.92276
5966.03684
6110.187767
6111.658219
6631.854224
5815.430596
6008.657265
5936.941035
6045.846275
6078.043913
6141.694968
6613.562173
5560.586854
5986.705074
5899.545583
6085.529369
6012.193856
6166.53327
6511.956771
5432.064634
5912.61166
5922.572057
6110.93663
5926.646651
6126.347112
6142.769765
5381.82468
5916.511629
5938.47817
6110.492735
5873.898781
6043.213207
6079.542464
5369.521362
5883.061962
5921.010872
6126.71786
5875.548706
6035.364657
6130.969931
5370.57953
5852.756659
5924.747002
6171.798881
5910.100463
6083.123112
6438.082739
5411.361811
5896.060794
5929.295946
6194.033127
5967.085756
6106.426395
6480.789131
5516.405679
6042.112977
5910.919678
6154.209711
6101.591083
6067.493377
6496.353106
5692.967529
6025.171004
5934.696206
6142.935001
6245.109635
6021.718435
6337.89226
6037.579583
5984.455119
6101.343515
6116.413601
6202.765387
6066.446914
5939.470869
6669.6085
6315.205963
6380.886023
6020.819017
6116.18511
6342.832862
5710.547083
6612.638074
6880.288995
6674.906698
6317.952071
6081.647215
11522.3015
9682.521422
8523.374564
8885.28461
8809.681466
8930.332611
8507.371438
10857.59802
8882.775082
8891.391437
9446.636448
9059.064338
8702.55324
8114.032385
10109.90906
8386.075701
9617.368067
9701.556631
9155.463578
8456.503258
7839.246818
9592.244849
8513.597506
9631.74854
9572.889141
8902.080325
8095.556975
7660.029423
9264.484559
8753.339114
9424.549772
9267.80405
8562.429831
7806.766495
7693.186571
9059.396084
8819.142084
9334.472758
9160.819081
8292.362282
7639.961895
7783.303915
8895.426312
9040.120358
9306.62525
9003.731604
8058.126188
7544.599539
7777.817051
8805.030728
9019.54157
9296.338996
8917.093102
7965.343691
7535.351275
7775.374928
8842.083256
9036.196198
9280.609252
8934.247015
8056.91773
7612.190807
7817.774606
8986.74439
8768.742742
9303.045975
9144.110179
8322.252261
7732.415359
7822.045371
9187.474121
8660.017875
9384.343267
9320.230319
8592.526441
7886.49258
7781.644505
9507.535049
8403.253266
9508.631516
9572.974484
8906.227352
8193.714927
7822.371897
10024.93821
8268.302342
9440.435385
9660.614863
9201.246273
8591.382448
7938.596962
10763.81081
8742.303339
8751.22397
9427.084044
9124.92956
8807.503755
8208.361367
11385.83321
9578.269571
8430.718645
8810.950068
8830.951808
9099.045665
8593.861263
14707.66823
13361.46666
11496.55887
10869.53311
10610.82111
11058.55735
11939.154
14999.50014
13658.00846
11050.32218
10919.69088
10494.51314
11454.95013
12204.28059
15129.6543
12873.41803
11220.05385
10556.50965
10915.50487
11860.55726
12141.07912
14913.94913
11435.13041
11337.2406
10554.45278
11440.56919
12061.51083
11685.09715
14590.53789
11104.74726
11264.91498
10701.87948
11741.37561
12016.5968
11200.72749
14356.43825
11002.06222
10981.63293
10886.04958
11896.52118
11876.26137
10901.13196
14152.74613
10957.99792
10902.12705
11082.64223
11955.1857
11741.06914
10860.34061
14062.46194
10903.32971
10895.4082
11086.68536
11950.99064
11740.0558
10904.56745
14092.27838
10929.55906
10870.74011
11012.76578
11948.50435
11802.65252
10897.45536
14287.86986
10925.58593
10944.18754
10868.44688
11916.49165
11952.77579
10931.25336
14530.28899
11003.50706
11224.57401
10750.46288
11764.33142
12075.7276
11274.84466
14833.58884
11327.60555
11227.27542
10546.41888
11436.72451
12141.21831
11826.89917
15024.60936
12752.26713
11060.12053
10498.97135
10939.54205
11979.31398
12223.13108
14880.99667
13495.57904
10914.71216
10886.76333
10537.6753
11543.15593
12284.93388
14566.18607
13217.3237
11399.00188
10804.8016
10604.85142
11186.70036
12029.71874
18637.07705
15346.90289
16375.93392
16163.86971
16339.77518
14672.40362
13460.92661
17542.16474
15645.81313
16052.44196
16037.28364
15604.99856
13851.90268
13223.09079
17328.59231
16658.59054
15461.60168
15902.05831
14449.12014
13404.01089
13537.24722
17443.42875
17141.61024
15395.45925
15092.78266
13632.52428
13264.6345
14221.24528
17535.65204
16574.42231
15465.26437
14407.16645
13284.66232
13513.39386
14701.78622
17540.2971
16188.82246
15511.6881
14101.46268
13175.79682
13779.79673
14913.60079
17479.29656
15831.50965
15180.17905
13810.05678
13108.5197
13906.4571
14700.60226
17418.21082
15765.39173
15081.41967
13717.9275
13091.83556
13949.96479
14586.45833
17409.4319
15803.22385
15145.50972
13737.59499
13096.94292
13958.95426
14733.05031
17448.07688
16104.94049
15466.83003
14071.22862
13184.26604
13843.22882
14939.75729
17447.62848
16460.7908
15418.20754
14436.74507
13297.62965
13560.89345
14766.24412
17340.38833
17022.91802
15286.99148
15073.74579
13619.92644
13332.31313
14342.71373
17200.2981
16527.14866
15307.73184
15839.30629
14456.26723
13505.46084
13602.24322
17394.17209
15475.84777
15918.39102
15989.91712
15626.41632
13920.94778
13275.10806
18465.10896
15189.97999
16269.75815
16089.69326
16314.14862
14794.05013
13526.9878
26708.54892
21761.37691
18241.91723
17358.30885
17467.1546
18935.54166
19698.85662
24818.01865
18850.91414
18330.73294
17432.52251
18570.5894
19459.64239
19172.71521
22805.97597
18744.98334
18063.13065
18547.87352
19743.17264
19690.1755
17996.87805
21611.71783
19203.24828
17421.24404
19226.37288
19906.40132
18959.87279
16915.36443
20974.70835
19107.7244
17209.94491
19430.99761
19684.6458
17220.79884
16201.10819
20698.94984
18887.0117
17707.22486
19552.24686
19363.25092
16951.04056
16014.34979
20527.87337
18619.30851
18533.30237
19543.90191
18548.78373
16958.26555
16494.28223
20445.16148
18565.64602
18664.24137
19517.94639
18113.67887
16951.08915
16756.26761
20465.74803
18590.1146
18494.08321
19473.32173
18535.52352
17001.81668
16521.95251
20603.96687
18800.84741
17651.27252
19516.82327
19370.14423
17004.55268
16028.81645
20869.82485
18988.73556
17148.9456
19448.61581
19694.46264
17258.98739
16245.2355
21489.42347
19072.44557
17301.95503
19197.65429
19886.7523
19013.23338
17013.43795
22660.00026
18597.74407
17907.13758
18479.1482
19737.04932
19777.22688
18049.46422
24651.86402
18669.78512
18195.85682
17381.85941
18580.03511
19517.10007
19207.24232
26525.97784
21597.53235
18133.22742
17285.42493
17447.20325
19044.5934
19742.64518
31453.48552
25004.24267
22370.16095
22668.9188
20761.79895
20065.52412
20214.63622
31480.7132
25903.62033
22460.14334
21672.43523
19822.85787
19794.53081
21501.04848
30996.54808
24271.52613
23143.78257
20238.85555
19652.159
20688.98828
22441.73958
29816.46788
23556.95595
23057.61871
19929.39502
20178.99243
21833.14373
23045.68589
28469.68079
23464.92576
21579.53965
19958.6851
20790.78203
23120.95883
23240.93983
27610.14032
23416.04704
20102.38124
19950.15125
21327.14853
23096.03114
22754.0767
26947.6175
23346.35
19376.67559
20417.81538
22068.31352
22656.9897
21429.54264
26837.53686
23297.43685
19407.62182
20464.18779
22402.03234
22601.36825
21010.88807
26891.05365
23314.76736
19336.48939
20355.22711
22058.45815
22694.25355
21454.84439
27515.37415
23329.79512
20045.52641
19916.70712
21336.22721
23141.67942
22772.61026
28354.82464
23345.48138
21512.69761
19969.02083
20802.66135
23152.28948
23290.66214
29680.75558
23423.43066
22939.28418
19892.71181
20156.66903
21880.65004
23144.57785
30837.19836
24121.61119
22990.74174
20165.78594
19643.66163
20770.87598
22497.37816
31302.41649
25730.20958
22327.76197
21617.17585
19839.33728
19843.5379
21535.26623
31272.95666
24849.56907
22269.12217
22603.27445
20740.4968
20157.10037
20266.88201
37296.82373
28639.74021
25394.72429
25009.85986
27147.82451
26716.99523
24371.35485
34826.06768
28882.65776
24992.29759
26414.31288
26921.06555
25432.72593
23441.90914
34699.14485
27875.50097
24016.6276
26724.70971
26159.92585
23100.24301
22480.04637
35477.91065
26995.22252
25473.3363
26140.35027
23679.343
22853.1951
22222.60464
35950.27084
26516.71864
27548.37444
25668.83551
23065.5357
22404.86974
22782.2919
35973.11985
26333.01608
28108.95712
24209.19774
23183.17629
22199.71474
24215.96473
35757.68763
26170.91238
25185.86018
23082.21359
23033.71957
23077.0316
25698.52165
35684.88223
26125.2801
24388.85253
22966.1448
22938.57067
23436.45972
26003.03353
35705.10047
26137.3749
25146.64764
23025.02464
23026.84677
23114.8931
25728.36229
35875.13166
26248.30613
28051.07884
24179.09832
23195.75612
22247.64524
24243.31701
35824.93916
26401.24221
27481.23891
25673.63667
23079.40549
22442.42621
22837.45177
35333.47052
26868.93225
25357.14117
26101.97493
23661.43285
22907.20876
22325.29705
34542.06349
27738.12903
23871.26183
26659.49734
26156.05248
23183.44947
22547.52845
34659.60648
28728.66955
24867.06438
26369.67185
26936.44704
25487.23978
23489.38243
37134.63415
28500.9654
25301.98083
24949.91459
27141.67666
26819.08811
24401.01355
48874.27326
38564.40606
31906.06012
28387.22833
25538.26261
26886.17546
28552.71114
44224.84289
35520.92176
31834.83873
26435.77835
26740.89874
28436.64893
28808.55419
38971.88801
34390.24249
29855.66188
27056.57713
28383.37743
29251.91082
29321.94906
36286.48005
33494.17097
26551.37571
28080.86605
29581.43789
29214.29841
28083.27043
35932.17346
33025.09616
24763.7748
28185.84367
28733.37682
29062.4473
26872.39864
36103.08406
33485.8547
26835.0615
29468.20596
28756.53938
28692.78325
25211.39636
36311.60764
33309.91132
30739.30649
29458.9152
29215.50624
26401.92597
24549.30827
36244.30218
33235.29766
31276.11325
29425.89243
29401.87719
25879.33974
24707.84683
36264.88883
33268.57035
30692.51251
29410.72197
29211.93549
26437.409
24584.99363
35999.71551
33397.80291
26763.28336
29431.76445
28768.09215
28741.36496
25254.6904
35790.24189
32910.58961
24687.84849
28176.09305
28746.35949
29105.6418
26942.11212
36131.37191
33368.35762
26446.47773
28041.89145
29574.13118
29272.58072
28197.55405
38814.88184
34256.57595
29723.63088
27002.16802
28393.18422
29341.39685
29417.17108
44065.9129
35385.38432
31722.30404
26403.22796
26768.82437
28511.68762
28891.63649
48738.63267
38443.75026
31827.98191
28353.32007
25558.87065
27007.09937
28678.53822
48841.16645
41465.61031
34764.57039
32513.58257
32402.76886
29232.21613
29811.74919
54308.04214
40083.74236
33721.55912
35123.11898
30304.99335
30196.14038
29698.0702
54882.80822
38670.61891
35113.07043
31186.74343
30306.71387
29460.02839
30124.39769
49037.80168
37590.03156
37495.6585
30569.2144
31175.81896
30165.15812
31157.08277
43522.33408
34856.49725
32893.26572
30518.10193
31206.38436
30365.93828
31343.78387
41905.30826
33741.89853
29741.6967
30744.46802
29807.72825
30838.9448
32204.82066
41300.6958
35065.64027
31148.57681
31418.97255
29196.74734
32503.60822
31504.58488
41389.43431
35562.68414
31704.77438
31536.23377
29320.15943
32731.89263
29738.00318
41257.73496
35017.58854
31099.30148
31376.20617
29194.86128
32540.00998
31543.6897
41799.67596
33650.83139
29667.00711
30705.96821
29819.08107
30890.60912
32264.83883
43367.15684
34737.99703
32812.96469
30499.4286
31222.39036
30426.03922
31435.42573
48873.58848
37464.12479
37389.73814
30531.83328
31181.46339
30243.04566
31286.23784
54718.33419
38537.78772
34996.8118
31140.48773
30329.23898
29561.55172
30252.39535
54128.95799
39964.4798
33619.46059
35110.83744
30344.5515
30288.50796
29815.27092
48713.40326
41367.83684
34703.41094
32512.56822
32441.71097
29364.01665
29950.00535
20714.89771
41938.54926
44528.18078
36814.28739
36882.52232
35675.03472
35813.14403
31391.2577
49080.35544
37906.84444
34091.30133
36742.34496
34844.78197
34029.24466
41989.3625
50258.93049
39086.97903
38370.14114
35597.75361
34200.64288
33459.95917
53669.69731
50590.49592
33494.15875
35987.34952
35336.90956
33357.63167
33342.49347
58685.6321
48283.91445
40942.16043
35550.09318
35821.32852
33641.28605
33835.04697
59206.55445
42057.18771
40534.27425
35683.51543
35273.64893
33559.11006
32904.73863
58847.30151
39793.28338
36441.58327
35149.7757
34447.06149
33835.76392
34589.72624
58723.87417
36911.36661
35815.76724
35221.06768
33762.37719
34060.74929
36063.02935
58819.49914
39753.57763
36398.41966
35122.77955
34448.64683
33866.59547
34635.26677
59111.99652
41976.7803
40467.21924
35655.49053
35287.50483
33616.50083
32988.29101
58532.04674
48179.55307
40860.948
35529.20609
35848.23096
33715.54996
33948.27797
53479.97789
50478.80021
33414.98231
35959.53043
35365.54451
33443.9744
33483.58947
41811.16853
50132.99639
38994.02434
38346.19258
35633.42643
34304.64907
33605.28804
31203.70245
48971.88194
37822.01888
34079.14023
36792.87056
34952.5369
34174.65135
20596.01035
41860.63214
44476.6286
36833.68069
36952.19049
35811.59168
35976.30992
-16625.65537
24910.26378
39495.32419
50725.03112
40211.2274
38804.62063
37272.66564
4883.971718
28452.29622
45619.33716
38737.97887
39212.78174
36831.98706
38577.95427
17581.30747
36360.57279
51483.91593
40955.50417
38793.34996
39188.61452
39086.59891
22074.73489
40791.5183
54428.10522
40473.22308
38307.25739
38529.11861
38423.24368
27438.1409
46244.32354
41246.7372
38762.92291
37163.93974
38332.35243
38572.43578
30351.44792
52444.61265
43658.37387
38887.77511
39500.32133
38804.01254
40016.56953
35665.23087
62181.99309
42376.82554
38344.76344
41163.43731
37832.90305
36735.56527
35654.47095
65889.03286
42144.48164
38342.09544
42321.85092
36994.53377
37282.09063
35652.84754
62114.43102
42340.19065
38333.4649
41167.02006
37862.58831
36784.35799
30267.16204
52353.06297
43593.94177
38872.0877
39519.46169
38861.97041
40116.41423
27284.27352
46177.41817
41172.66315
38744.53858
37198.74847
38417.13164
38695.03122
21899.81578
40691.99717
54350.74597
40448.40498
38344.69152
38625.91611
38561.73297
17420.76422
36242.48841
51406.77713
40940.01332
38834.74855
39297.82452
39242.05788
4723.630818
28364.2009
45548.17626
38746.85291
39272.89084
36959.13486
38746.94997
-16701.65696
24831.40335
39463.20183
50770.59031
40293.2837
38940.09318
37459.47251
-135953.3342
-51277.59553
19896.62923
37138.82897
40080.87995
44597.44116
44973.18187
-112427.3584
-15919.99663
36507.74013
42880.2751
47671.11077
46589.6559
42435.76417
-57603.84235
8712.022499
34719.52913
41466.36324
46198.54015
42626.67518
41855.98218
-32199.44024
23907.81099
33373.21993
47351.05398
47218.54169
42430.8135
41352.15236
-26935.26405
29665.99066
37402.4278
49099.30669
42826.35434
41483.79582
41129.91256
-21531.56954
29660.39495
41808.37656
48082.69882
43353.90874
41569.89968
40561.37999
-1522.46171
24048.86496
53032.96947
49022.54558
40694.30929
42437.49665
41553.57899
-799.2606017
23588.76654
53102.74341
48588.03694
39200.25321
42588.06078
41539.29371
-1554.587956
24005.78817
52996.87843
49024.13767
40703.60456
42461.20985
41593.84901
-21646.36594
29628.63918
41736.79355
48078.88017
43374.13219
41621.35985
40635.72016
-27266.33668
29543.59076
37313.83397
49074.15379
42862.02866
41564.31673
41235.38658
-32359.8889
23765.57201
33309.93601
47321.06077
47256.10026
42514.06869
41465.4545
-57731.88904
8557.038549
34645.50836
41443.40476
46233.16693
42713.3993
42000.73143
-112491.2385
-16080.83566
36421.93356
42878.53989
47720.82244
46697.71538
42594.18229
-136062.5678
-51377.48403
19834.0408
37173.61919
40162.96232
44712.86999
45130.44776
-181788.475
-85971.42028
-6352.187312
31456.80939
35981.92594
41883.77362
45105.86797
-233793.8974
-72908.43154
18357.00209
34758.12099
42259.97946
45007.98622
46682.04755
-188516.2131
-35835.91989
26868.94064
36260.17818
41757.23234
46660.39431
45898.81622
-170383.7821
-11640.5971
29097.57661
41152.21117
44375.74819
47011.57608
45940.10942
-215792.4096
-9007.157029
33984.1123
44206.58281
48288.6674
46680.27449
47832.93598
-244390.4575
-989.7369845
29939.47423
42075.58149
48571.81783
49724.76742
44102.63503
-247083.3655
4161.048575
34845.35087
43636.8945
56465.73401
45051.1308
43190.59939
-255854.3746
5755.625727
37340.78812
47254.64299
57940.78861
45233.0639
43085.26564
-247289.7666
4160.020827
34808.55838
43660.33251
56479.85124
45068.08867
43221.82657
-244504.0759
-1095.954282
29882.32303
42085.68045
48595.71747
49768.9364
44192.12263
-215607.8202
-9290.259265
33903.02658
44172.0533
48324.48252
46745.43958
47922.81126
-170143.4776
-11915.39393
29029.29226
41118.89554
44421.57052
47073.72509
46022.25016
-188524.5774
-35969.15378
26774.78455
36243.9528
41794.43561
46715.18797
46029.78813
-233828.3427
-73162.83374
18254.99589
34754.11269
42291.31482
45103.4165
46842.27748
-181094.2389
-86197.64439
-6472.70867
31470.62549
36054.66045
41987.44185
45285.85649
-158627.3839
-137180.2433
-94015.39205
-29867.18045
-3166.231965
20275.06142
31131.35328
-212883.924
-190649.9985
-101758.5381
-30025.12351
4437.76276
24196.17945
35347.63011
-239697.272
-202260.7525
-86957.65689
-19890.3385
10056.30907
29736.37326
37638.14039
-263661.1451
-183417.9488
-61950.62294
-4258.269932
20586.71129
33245.71249
40927.57496
-292318.7047
-195608.1237
-60833.50401
-524.1654082
25472.29731
34308.31134
44184.01806
-270697.6229
-181709.038
-50750.81896
5374.578319
27445.67143
42804.06858
45679.706
-250545.8614
-127960.4053
-23168.67238
26744.32546
38836.04699
42517.1657
45960.98967
-241761.8489
-107181.7385
8794.960363
30994.24693
35124.14074
42094.07132
44640.40393
-250713.3568
-128023.7475
-23223.34097
26749.5299
38850.20071
42517.43718
46003.24227
-270979.7932
-182053.7426
-50831.00585
5334.378133
27371.84974
42917.34388
45769.72846
-292020.6437
-195908.5239
-60844.04422
-538.7515972
25482.28893
34354.69541
44272.06409
-263096.6321
-183590.3085
-62131.63164
-4315.175883
20576.69844
33295.09806
40999.12087
-239147.5072
-202780.4558
-87342.08375
-19981.00108
10061.63505
29787.50794
37762.84145
-212514.2409
-191910.3267
-102029.6053
-30022.02287
4459.832784
24221.17657
35483.90918
-159305.9664
-137658.8685
-94597.46568
-30551.88685
-3387.540577
20348.72407
31189.94761
-195961.2571
-148053.0731
-118181.1866
-42327.63293
-10677.62969
18589.35277
23131.29985
-263254.4521
-151753.095
-84484.20434
-39725.78213
-5782.534452
20080.51892
31874.27914
-286054.0338
-131564.7767
-79526.05262
-27055.5231
4071.711108
26702.90293
35040.44728
-290641.1268
-172077.7876
-61192.3832
-9175.719352
17528.85705
30911.60592
39219.80949
-312606.6137
-178871.5386
-54791.66586
-2121.034254
21915.51426
31892.81087
39185.85409
-247041.8312
-127523.0153
-34771.63784
6103.305647
24807.56168
35246.38969
41723.21875
-185848.6484
-92991.73727
-21487.49403
3938.570158
21640.48352
37416.4143
42118.56561
-148164.2558
-69957.51011
-41896.8034
-74230.08275
-48267.03903
35227.12009
42178.12653
-185963.4445
-92967.68355
-21544.96202
3947.06788
21617.619
37416.51228
42168.08955
-247252.3316
-127709.2612
-34819.85537
6083.531722
24797.61277
35280.7285
41820.32579
-312152.7502
-178916.7324
-54742.59527
-2140.557176
21934.5499
31958.22001
39266.42528
-290198.9517
-172537.8883
-61446.77301
-9235.804688
17498.40892
30961.5085
39283.08706
-285994.504
-131819.3937
-79786.50795
-26884.3799
4076.445143
26733.33882
35140.9079
-263228.0532
-152332.6962
-85853.45931
-39555.75443
-5808.474366
20002.09506
31982.01626
-196934.6746
-144626.3692
-117280.0309
-42425.87467
-11005.91519
18521.53535
23146.24306
-223405.5038
-176744.6906
-34188.52576
-114218.9755
-71249.06148
-13509.47681
-29546.31113
-391538.4133
-338616.2947
-208164.9007
-193135.0696
-165712.2366
-66227.74741
-72862.69961
-362429.1554
-312231.3024
-191161.5263
-141371.4036
-89261.98477
-46315.56343
-34327.78547
-352138.8663
-312051.5345
-142990.6979
-91285.47707
-24516.58034
-13224.32445
-3775.815881
-392356.5885
-279016.7177
-101794.9713
-47062.88588
-1021.285849
977.6085653
8360.119472
-436442.8697
-196965.7402
-73453.08719
-31097.25197
-6381.447938
-1681.999156
7488.368668
-252874.7184
-134411.6815
-65851.16208
-86491.8205
-82759.27516
-53105.1213
-24654.72618
-180214.943
-108902.7322
-193546.239
-171338.1974
-100686.7663
-69132.32368
-32429.9676
-253093.6545
-134368.361
-65898.4176
-86784.19157
-82988.00009
-53186.38287
-24706.56235
-436356.2076
-197132.066
-73541.22256
-31117.61418
-6498.594151
-1727.891803
7461.896662
-392127.1164
-279768.1802
-101836.8435
-47064.83241
-1012.662074
1048.652329
8417.005129
-352148.1488
-312339.7288
-142597.5009
-91145.72921
-24655.83117
-13235.16234
-3718.081216
-362554.4849
-312174.5099
-191279.9652
-139998.5522
-88700.56579
-45894.83358
-34426.4841
-390557.9472
-334376.7461
-215823.5831
-195441.0157
-165532.6602
-65492.32078
-72600.11575
-228200.0422
-168351.2736
-28460.03534
-113785.5171
-74686.92816
-14063.97497
-28967.48734
-220883.2546
-234853.0398
-200661.557
-267239.0933
-248521.3182
-238571.4247
-195195.0847
-369666.2276
-312814.2627
-240639.5659
-259337.5416
-237720.6544
-173699.4871
-61297.54121
-358070.4644
-301983.4479
-209069.4418
-215925.6688
-131902.6042
-91140.10247
-12868.38996
-371518.7557
-305963.4518
-191779.3934
-180799.139
-83304.62607
-58602.54213
-1475.262808
-422518.9565
-292948.4779
-180833.287
-153801.0611
-72806.7836
-46358.13186
764.680579
-511018.3402
-341664.7112
-169396.8624
-140301.1745
-80402.14566
-42424.43878
6457.353752
-394585.9754
-342553.4109
-212124.8754
-189564.1381
-91910.17547
-28153.46591
-10903.5992
-308211.0105
-282397.7236
-291291.5881
-131910.2658
-53587.55339
-29003.99887
-26816.43589
-394960.5666
-342508.1615
-211985.2751
-189421.1096
-91767.13751
-28201.96649
-10967.20171
-510941.1926
-341714.9279
-169600.4978
-140242.0762
-80385.89099
-42511.00255
6489.955978
-422838.9459
-293219.6142
-180775.7294
-153593.8578
-72858.86974
-46486.94109
788.8705648
-371110.2432
-305246.3937
-192183.3995
-180634.3868
-83256.75424
-58474.22795
-1271.526592
-357633.4064
-301945.264
-212691.645
-217518.7742
-131815.8388
-90652.375
-12556.72815
-371147.2984
-304212.4484
-235238.1844
-257460.5271
-238718.9808
-176314.1367
-60505.53573
-243781.3187
-243863.17
-196500.8833
-264965.3856
-246665.7231
-235696.0564
-197137.5516
1404.540981
966.6310614
739.7676914
667.4231348
1064.045614
769.3023101
565.1387914
1325.094866
854.1267955
685.2237669
674.777055
1054.906238
847.7344229
789.3444373
1147.201911
773.383272
682.1426181
656.3046516
1006.137853
795.3207786
821.4832899
1021.561634
702.7933828
638.8295323
589.7770257
925.9064565
771.0089657
763.5408112
920.7925852
672.8139934
576.2027809
523.5255972
816.6395677
713.1482365
733.3563851
869.3649115
635.6417256
534.2965432
568.7661583
810.4721886
753.8670877
766.6793682
873.6876971
586.0652967
557.1135471
616.560313
820.1790796
766.23673
715.6886674
846.6025256
574.4252218
604.0324056
577.0096035
775.786622
737.1212873
661.315384
859.6646031
655.0632198
596.9992901
529.5187429
785.9365686
752.5796021
680.5905497
949.1787216
726.1032377
588.4110208
571.2651331
846.501865
774.5482886
704.9487262
1044.674341
733.3098546
636.5915826
655.6228653
894.822329
765.7325997
690.7075838
1100.970327
773.3302016
713.1974923
688.6564117
927.8857931
776.5737897
725.2824333
1200.394455
854.7085889
779.5649046
682.3173882
990.6725107
822.7438091
775.5831794
1389.305819
927.0223765
827.9922564
717.3500914
1082.924633
892.5234445
763.0249407
1505.907773
1002.951736
839.5193752
737.837072
1121.700047
834.4396699
567.0802172
3175.490321
3739.701889
3405.607078
3080.639203
2542.388472
2664.695021
2850.541659
3446.844559
3745.04194
3258.871036
3065.601214
2585.311681
2866.291335
3073.655451
3596.40754
3596.151086
3241.405987
3117.5049
2809.128436
2915.20345
2907.849112
3570.227619
3407.337481
3224.067164
3047.11894
2852.75286
2810.181148
2668.609888
3522.845922
3263.572009
3223.318507
3072.38301
2860.453015
2681.222682
2530.626995
3502.263069
3193.448374
3253.407605
3140.014063
2844.578892
2604.174985
2490.284609
3457.179414
3163.866861
3265.222249
3134.624358
2783.392309
2523.34525
2427.492719
3437.083907
3161.953801
3253.321371
3096.695013
2748.735186
2489.980788
2401.254244
3489.590525
3205.635008
3256.688264
3102.455734
2790.791535
2527.144875
2422.74081
3581.130435
3273.883312
3274.412021
3153.146944
2887.267373
2602.678704
2424.556522
3636.205403
3356.548401
3310.734238
3175.695732
2923.233321
2676.470206
2434.535503
3660.382739
3505.152554
3301.566376
3156.675479
2898.754368
2827.913339
2610.724528
3648.543435
3702.731419
3281.379767
3164.274261
2817.348165
2963.536307
2863.935092
3535.657594
3835.177798
3348.180014
3102.496805
2635.465515
2905.385427
3039.706177
3299.876829
3823.990882
3488.559963
3157.672357
2599.286682
2640.156921
2887.130552
5736.29896
5111.019641
5906.389319
6171.778594
6040.06519
5593.002053
5508.60555
5477.480998
5358.912516
6017.212359
5682.161858
5818.695556
5551.110918
5861.986612
5442.950692
5764.451753
5473.692214
5449.219371
5619.717934
5640.999314
6010.792056
5514.924958
5980.682127
5159.485287
5538.851812
5543.647603
5803.684462
6042.453806
5568.535139
6012.690343
5060.113665
5600.751357
5556.751345
5904.445389
5995.199965
5612.417025
5987.513572
5035.135431
5577.551327
5648.697629
6002.277237
5933.635391
5628.175111
5717.710751
5015.780189
5604.529453
5729.864362
6027.12075
5856.571182
5623.148183
5714.617238
5023.389474
5594.163762
5737.352655
6024.814249
5827.890064
5660.283382
5776.673519
5034.388693
5581.878716
5729.169859
6035.805395
5852.287008
5697.365578
6065.031838
5062.028853
5605.138204
5690.531891
6010.188215
5874.24151
5683.207556
6070.45938
5127.424577
5687.202699
5595.204085
5891.162427
5907.722337
5608.668555
6028.643245
5242.436295
5609.983745
5536.091534
5787.529254
5982.801471
5529.512909
5846.463982
5547.147326
5484.973693
5606.200261
5686.784851
5978.487048
5571.249448
5430.66031
6112.090063
5679.549506
5803.675875
5571.263424
5825.762584
5818.814623
5169.340314
5992.646953
6220.180034
6062.474138
5539.729688
5531.70771
10819.26915
8982.53431
7777.471346
8150.924925
8240.275517
8428.984391
8052.228271
10205.89652
8161.255393
8146.177719
8853.719219
8586.417443
8348.233784
7967.974391
9470.461178
7694.371617
8910.133366
9157.973225
8741.120083
8150.008793
7766.071475
8959.456703
7870.031589
9007.590915
9093.901736
8518.333357
7872.753372
7640.42291
8648.322102
8169.302187
8934.156394
8871.3463
8225.013337
7643.275782
7689.843408
8490.33922
8315.740297
8933.8147
8809.813505
8015.657561
7538.347639
7793.649182
8401.535737
8615.81525
8934.786712
8680.903793
7843.613567
7461.315229
7755.478308
8384.014421
8641.016996
8946.284622
8622.368436
7775.618325
7433.851898
7723.788363
8455.184658
8668.650787
8943.947926
8652.144907
7850.618253
7481.4982
7764.672733
8588.529774
8398.386987
8956.094924
8839.536706
8078.433605
7561.374226
7749.254307
8758.563203
8257.091811
8995.527187
8967.829237
8291.414893
7640.304977
7614.495578
9038.491702
7939.746799
9064.161438
9171.42039
8529.211431
7848.694311
7576.516991
9525.7538
7783.295239
8977.93999
9202.563882
8732.131172
8169.034721
7713.191828
10280.15681
8252.139779
8222.452626
8848.941028
8586.424709
8374.726367
7909.047862
10906.91699
9044.936246
7828.000216
8202.634837
8283.09467
8332.926252
8004.122244
14033.77805
12681.99559
10752.98427
10168.41706
10029.51647
10556.54255
11535.13482
14344.98691
12948.81394
10322.71617
10333.5399
10027.44649
11137.98256
12079.37014
14466.45518
12157.61891
10538.71614
10014.68706
10519.61567
11586.01018
12066.66496
14263.98878
10782.97069
10726.33875
10084.61544
11083.6864
11851.00361
11653.83139
13972.88944
10516.89982
10766.25639
10307.73602
11423.29756
11849.41326
11179.11131
13791.45606
10484.92933
10560.38147
10544.36503
11633.1726
11766.26548
10889.40252
13656.72122
10520.35638
10521.75268
10773.42243
11748.94739
11654.60254
10831.0961
13628.03525
10515.42567
10538.5606
10803.05307
11767.61864
11635.93246
10856.33472
13690.73176
10558.1007
10525.8031
10733.90477
11744.43924
11664.67316
10847.24572
13885.57791
10554.31921
10586.66392
10572.69927
11680.81194
11774.2794
10859.38423
14106.05626
10601.27405
10840.91847
10419.8347
11479.16458
11829.28394
11114.06783
14365.95354
10855.38452
10803.21116
10182.29236
11083.76597
11806.455
11588.95006
14528.56441
12242.06512
10634.77759
10074.19765
10489.59061
11567.74126
12006.4597
14422.69157
13030.4933
10425.61076
10337.24539
10008.08337
11131.1659
12011.42088
14134.05172
12733.01702
10813.99123
10225.27332
10071.95168
10469.28023
11494.32038
17940.83342
14654.11393
15662.17826
15472.12709
15762.82306
14192.36667
13083.08225
16857.41434
14938.11008
15326.69458
15433.51591
15133.54223
13542.80568
13095.1502
16641.19892
15968.28879
14778.15148
15341.17341
14026.37469
13126.18611
13471.93672
16784.58252
16475.80588
14776.53903
14594.11776
13249.97493
13047.90815
14204.27188
16912.24642
15961.7802
14944.50017
13987.75699
12956.20071
13348.5333
14694.1713
16974.02121
15645.39587
15075.69921
13737.24498
12906.15747
13681.24204
14925.51642
16979.6326
15370.71749
14783.60172
13482.65572
12900.94064
13833.39676
14695.92986
16978.59286
15352.35844
14706.79855
13411.38076
12905.55775
13860.75518
14561.1058
17005.30342
15410.70429
14782.89892
13436.97435
12887.76104
13835.24555
14699.65936
17050.72318
15716.70386
15100.79814
13747.93102
12933.2069
13682.69137
14893.96066
17032.06739
16049.62283
15026.45506
14077.98174
12994.33606
13338.14625
14642.69467
16881.91627
16552.42887
14868.28075
14683.64131
13248.34054
13019.8909
14152.27023
16707.4102
16073.9117
14884.03209
15407.55359
13993.81638
13105.50129
13424.69615
16931.03585
15038.8153
15450.98234
15452.15327
15095.7472
13525.09611
13041.00932
18035.87087
14722.41075
15741.66191
15543.0987
15801.18752
14124.90185
13038.96304
25993.15596
21040.05334
17523.81703
16674.65379
16923.86115
18483.69492
19312.2597
24081.54666
18103.40328
17607.06913
16851.39371
18127.68933
19144.90908
19015.66691
22084.62658
18023.43661
17365.99347
17996.1962
19318.4297
19390.214
17897.95136
20921.75071
18525.81879
16776.67588
18727.0804
19502.95014
18707.19007
16862.66227
20328.34666
18482.27925
16689.42942
18999.05646
19323.21512
17015.53497
16165.48134
20115.36741
18331.87124
17288.64704
19174.05881
19058.21517
16817.27348
16003.99308
20012.08274
18141.18957
18139.76398
19194.96491
18259.17791
16849.03939
16479.78166
19986.92963
18131.54927
18289.19384
19194.00037
17859.31634
16832.99187
16727.71097
20045.02891
18179.00836
18131.94308
19156.68421
18253.32529
16856.2363
16483.24938
20193.96486
18403.36047
17304.41161
19186.72341
19092.69232
16823.75296
15966.10351
20444.86459
18575.90278
16770.18091
19088.18293
19370.64406
17010.88928
16103.96121
21015.06668
18606.37311
16867.27677
18822.3912
19521.71026
18689.37125
16802.04173
22145.44763
18117.2391
17476.99587
18081.31581
19307.88208
19383.29367
17846.08756
24157.85372
18198.08401
17731.26429
16882.29017
18101.50874
19134.90241
18958.78988
26093.14099
21119.58755
17613.30549
16747.92371
16960.565
18418.94267
19261.85499
30703.77821
24276.99097
21632.61242
21975.01839
20189.77822
19603.29059
19842.11216
30714.2307
25125.77985
21724.09754
21020.79837
19327.48252
19465.03305
21342.13531
30238.55796
23508.41791
22427.53807
19638.46334
19200.98228
20398.7971
22343.90366
29080.2734
22844.50325
22359.84525
19393.7591
19779.43077
21586.93168
22988.26171
27777.22395
22814.42322
20960.08786
19492.07203
20436.71751
22900.46079
23190.86068
26978.97685
22838.97018
19573.62923
19555.26911
21030.80927
22925.33062
22698.69147
26392.02292
22842.36803
18938.55242
20064.05387
21856.27933
22515.59672
21361.02336
26334.13469
22835.80778
18994.34001
20139.22264
22205.38698
22455.26415
20924.54947
26424.22023
22872.76893
18930.04733
20039.26478
21865.33744
22530.52492
21363.74142
27051.81778
22899.94084
19592.95711
19583.81139
21082.09136
22942.23987
22670.12935
27880.25761
22900.55328
21021.80318
19584.96739
20503.16972
22903.10721
23136.31802
29164.81465
22925.70081
22448.06661
19485.9862
19807.80196
21577.1515
22926.12407
30298.92563
23595.96499
22538.46378
19715.27946
19202.49773
20399.89714
22275.98973
30795.78934
25214.97101
21838.10122
21046.20807
19317.99665
19447.24557
21278.86615
30824.92856
24379.58623
21724.89352
22046.41424
20201.29266
19518.88862
19797.21733
36512.70467
27873.05222
24630.55984
24310.98672
26567.4352
26231.5637
23941.47219
34021.21077
28094.55961
24216.22199
25786.24617
26403.07789
25039.41094
23208.07
33912.63668
27075.69471
23264.09882
26084.01031
25646.72381
22752.24091
22315.06377
34726.0685
26234.93063
24845.63219
25554.52823
23184.7554
22531.13314
22116.06226
35218.30573
25815.01315
26988.78167
25152.29005
22654.29722
22135.48429
22697.83275
35308.12488
25703.18093
27566.50373
23688.86353
22827.95327
21981.10983
24164.9016
35160.27131
25614.5014
24614.23315
22656.25599
22711.54501
22900.5406
25615.28059
35145.47924
25614.35521
23870.78901
22569.09081
22638.90108
23267.37533
25909.00806
35191.98175
25640.81774
24613.85528
22635.21996
22722.70298
22925.99312
25629.96424
35371.53201
25758.91559
27590.74756
23723.62836
22883.72428
22012.28309
24143.85294
35310.76774
25900.37203
27081.40427
25243.99603
22719.7204
22147.71487
22649.40849
34804.97545
26325.14678
24942.4126
25639.925
23213.426
22528.92434
22066.03216
33994.73267
27175.80159
23370.26036
26164.34686
25649.65635
22753.53851
22261.65314
34119.42632
28197.66627
24332.97464
25836.69224
26392.97339
25019.54713
23146.05419
36641.25427
27984.64876
24723.83872
24381.64509
26583.75364
26158.88492
23868.85755
48047.32944
37750.76942
31131.48564
27666.81598
24940.85535
26385.59437
28125.62678
43335.76353
34691.98247
31016.77735
25715.93182
26201.43994
28018.74777
28517.07628
38112.10624
33551.70885
29033.39011
26408.54878
27850.84356
28846.24801
29072.86149
35467.09195
32685.73756
25688.41868
27454.39946
29056.77248
28860.80106
27868.68481
35146.77577
32286.18102
24145.4519
27611.73367
28242.28226
28733.63117
26688.23716
35395.5054
32807.21027
26335.58924
28980.97316
28331.51873
28387.86307
25038.08022
35665.35854
32668.83076
30238.65085
28961.57978
28838.39902
26126.31531
24394.25789
35656.03796
32631.53099
30763.46107
28944.60492
29044.09869
25599.54977
24549.53032
35701.79628
32694.18647
30226.03306
28942.65578
28851.38232
26142.84367
24404.90947
35454.57858
32854.87873
26343.30144
29001.39206
28374.99815
28413.13572
25025.82429
35223.83701
32374.86926
24231.33528
27692.79147
28295.45007
28750.12551
26644.91871
35530.36891
32772.10559
25757.34229
27542.22831
29094.92027
28866.82522
27833.50666
38178.88234
33648.33857
29128.95557
26507.67703
27884.02285
28843.79842
29045.47714
43422.34452
34787.05354
31123.59883
25771.90094
26213.29567
28006.98904
28473.88415
48170.42007
37862.42139
31219.09735
27734.29516
24967.95494
26339.91787
28109.85072
48062.2167
40653.96485
33988.01248
31794.49991
31758.07989
28701.62342
29364.48199
53456.06672
39239.98405
32950.06631
34361.92651
29641.54519
29737.14154
29360.4126
53949.625
37794.06652
34282.85694
30412.42573
29721.56346
29021.98737
29847.99938
48062.42212
36731.50057
36821.0111
29895.24252
30631.3495
29768.3001
30909.92544
42639.79061
33967.8211
31801.90503
29869.58714
30675.75026
29988.86098
31108.24571
41098.97795
33006.61232
29049.89927
30187.77913
29315.36445
30505.34471
31983.14385
40576.77041
34391.42002
30564.70739
30874.38588
28764.25929
32158.16395
31253.99232
40660.71997
34982.12301
31144.0207
31008.3427
28916.77988
32383.09209
29440.93744
40613.662
34416.02103
30554.60276
30858.36209
28776.25235
32177.66918
31255.34773
41151.2779
33052.68774
29062.02685
30206.62209
29353.63528
30526.01551
31965.81342
42689.87844
34007.83405
31741.06385
29936.83684
30725.37367
30005.97119
31079.50437
48092.84199
36807.73052
36921.03665
29981.41305
30675.49938
29788.35339
30897.56413
54009.04129
37876.16553
34383.71973
30490.71539
29764.17226
29043.21902
29832.83524
53527.31038
39314.8197
33050.67398
34433.26905
29654.53468
29737.35463
29342.41225
48186.31091
40779.11259
34074.85642
31868.44355
31761.03433
28671.24838
29329.657
19992.47875
41127.64503
43739.2956
36110.96468
36289.16534
35160.7769
35367.57052
30622.21032
48320.65915
37091.90052
33539.22461
36139.97117
34412.00624
33672.34485
41174.5938
49342.80543
38232.8645
37616.23947
34970.6135
33705.18045
33131.46053
52950.87363
49723.40973
32530.90695
35212.77482
34730.86187
32911.69584
33063.08376
57770.24128
47139.29892
40435.22593
34911.63025
35290.98304
33195.30566
33567.12074
58360.72944
41103.07219
39645.58574
35030.38351
34724.3185
33151.47091
32653.67843
58017.22492
38874.18959
35691.85859
34547.88982
33899.26618
33466.32585
34317.68762
57984.13424
36019.94766
35097.76044
34635.38632
33210.71399
33677.87727
35780.21733
58061.07275
38945.16394
35694.67238
34541.02439
33901.79278
33481.66533
34329.30242
58393.51344
41156.06344
39681.6016
35054.27924
34760.55387
33186.40079
32651.6647
57847.26499
47090.02764
40611.16114
34996.04144
35360.16495
33219.42589
33557.1674
52938.52672
49812.67363
32603.27775
35291.93145
34785.64342
32935.04061
33053.6845
41294.17614
49435.6073
38342.82008
37721.73868
35023.87806
33713.48705
33111.29268
30704.9802
48383.49024
37176.9421
33633.71354
36170.63841
34409.77052
33669.55612
20111.10136
41316.57954
43822.18977
36182.51039
36326.39048
35137.57762
35370.82149
-17205.86142
24095.70044
38713.10587
50000.03775
39640.14914
38326.64683
36915.70494
4271.101556
27704.15351
44767.63066
37918.54017
38630.52906
36323.58157
38224.2603
16682.65306
35501.35548
50578.85011
40200.10154
38148.62157
38716.13858
38746.33231
21269.07182
39974.10675
53717.44088
39692.04448
37679.7657
38040.05845
38086.71904
26597.31924
45599.33414
40594.50708
38054.0454
36646.85828
37893.60351
38263.62579
29668.71375
52015.96975
42907.27082
38219.94234
38942.44689
38361.80122
39636.73184
34939.1832
61479.69165
41595.7245
37694.30648
40638.87862
37405.80312
36427.66985
35003.79964
65182.08836
41384.13453
37667.43091
41808.12384
36564.37768
36973.70286
34989.0903
61449.69504
41602.3504
37696.63089
40663.4138
37430.45019
36441.74649
29697.18976
51959.26031
42936.08575
38246.85392
38979.52656
38395.03888
39682.9128
26603.37612
45815.55943
40739.82429
38125.67071
36727.84577
37939.22646
38270.6386
21255.68464
40073.33736
53849.20651
39781.17345
37744.17247
38070.34709
38083.11105
16713.17322
35621.05052
50728.19623
40333.30705
38212.85989
38727.30786
38738.80047
4374.464266
27780.57177
44828.13296
38016.30858
38673.73478
36321.76301
38221.94067
-17034.62523
24219.14643
38805.68016
50074.24755
39681.34282
38314.85551
36908.68516
-136098.5127
-51775.44382
19156.76292
36522.77734
39538.75744
44195.78058
44661.40303
-112531.5711
-16487.45869
35793.28898
42079.34863
47097.53069
46151.81592
42095.62484
-57642.66455
8090.417866
33953.17611
40706.25447
45566.29868
42162.50859
41517.0095
-32928.64622
23217.25492
32640.51827
46523.12268
46595.01767
41938.56911
41045.71889
-27166.8226
29006.34779
36406.83374
48173.62048
42094.44745
40973.03614
40812.67972
-21757.11835
28387.72235
41180.21506
47350.14925
42750.77134
41090.10018
40355.82925
-2057.472942
23283.78405
52314.70381
48376.85721
40056.67891
41924.15275
41191.79345
-1228.501494
22969.70831
52407.34801
47763.20192
38563.11718
42066.44645
41158.79423
-2045.885799
23340.51664
52332.21582
48411.18645
40042.80695
41931.31258
41196.7488
-21716.73584
28544.13937
41163.29945
47374.16339
42780.33819
41122.93992
40325.19115
-26053.58235
29039.03611
36312.51749
48173.05092
42105.69062
40997.3364
40814.83612
-32901.6164
23256.47151
32731.03356
46599.28201
46661.78362
41963.06836
41046.58228
-57827.05761
8146.629058
34067.91026
40842.06485
45665.78449
42173.40512
41506.93171
-112300.0746
-16352.51504
35845.92723
42159.54443
47139.32276
46143.01896
42084.52157
-136174.7363
-51749.35655
19259.82429
36604.14773
39586.68162
44206.02034
44623.81874
-181051.5101
-85865.43522
-6949.450859
30873.70494
35501.49172
41524.02647
44896.693
-233531.8571
-73283.92217
17872.82657
33982.65506
41777.06957
44638.40016
46380.00062
-188278.3941
-36082.27641
26169.32542
35552.57178
41132.56282
46200.69993
45568.92349
-170905.5255
-12084.7163
28240.18145
40485.24493
43858.75784
46548.78296
45650.12847
-214949.2613
-9306.00067
33084.95037
43511.54741
47607.33251
46140.48672
47456.24393
-244242.9983
-1146.344732
29221.85631
41321.55503
47968.93617
49206.31341
43527.87994
-246326.8182
3570.008461
34182.82906
42991.37169
55855.87978
44522.3876
42811.5746
-255176.2507
5184.513293
36731.6844
47044.53384
57364.70018
44709.50398
42703.86562
-246690.1619
3590.111329
34185.83092
43005.88562
55879.07584
44540.08469
42820.67815
-243327.4102
-1192.628379
29255.1634
41375.25818
47986.23527
49214.57688
43615.9578
-216054.3736
-9648.222998
32983.3546
43581.3403
47660.62167
46164.48327
47446.50607
-170285.7842
-12242.47721
28294.35257
40567.75611
43940.2254
46562.57895
45636.56837
-188706.1961
-36128.78873
26244.94465
35661.28644
41207.36037
46191.23333
45541.08017
-233387.8472
-73058.44013
17953.48218
34052.49418
41797.63069
44593.43174
46353.24915
-181447.7479
-86207.51016
-6861.628433
30941.05523
35512.13402
41495.20382
44811.33655
-159919.4402
-137702.0068
-94901.34034
-30523.34602
-3552.72315
19834.649
31038.05986
-213741.4759
-191358.9928
-102653.862
-30401.43616
4073.461265
24001.27234
35182.44288
-239764.0554
-201972.0407
-86744.36853
-19856.97633
9709.984622
29499.00785
37300.68358
-264554.9372
-184502.312
-62612.42885
-4600.949832
20297.96437
32939.41547
40679.82799
-292772.2212
-195400.1218
-60862.20864
-907.1629403
25110.24541
33944.57429
43871.41639
-270616.4523
-181223.7824
-50976.56989
4808.395474
27830.00018
40703.13013
46249.94046
-250107.8127
-128055.8038
-23714.84188
26102.30778
38249.04145
41998.53471
45524.41548
-241503.3269
-107511.1984
8315.922958
30268.81849
34484.53672
41812.35553
44285.70678
-250414.5284
-128176.6961
-23729.7236
26178.11754
38318.64531
42078.93405
45596.59988
-270545.4025
-181143.1717
-50934.00533
4898.308058
27458.12676
41963.87634
45324.01821
-288844.3083
-194303.8458
-60628.96309
-729.4285474
25240.56524
34024.66364
43877.52595
-262097.2991
-184020.9368
-62633.87303
-4505.183297
20350.77225
32938.8779
40651.28761
-239976.247
-202972.4427
-87440.288
-20138.65145
9580.238361
29415.67942
37221.01555
-213843.9772
-191523.7945
-102469.967
-30614.24587
4015.407944
23917.82791
35139.45175
-160171.7341
-138924.3318
-95454.12005
-30955.69652
-3832.559052
19596.97077
30850.29675
-197496.6524
-148145.1931
-118976.0233
-43239.91476
-11489.46522
18109.88015
23001.84695
-265048.2839
-155765.4606
-85840.89669
-39982.20216
-6167.907726
20118.1156
31721.34118
-287196.2953
-134093.6128
-79777.34489
-27048.53718
3812.386491
26555.93426
34739.96015
-291942.8049
-174004.7912
-61650.64387
-9411.833607
17262.34396
30570.04838
38972.32605
-313524.1273
-180014.4638
-55178.23699
-2518.73019
21573.87367
31575.98928
38923.44532
-247512.1381
-127955.8733
-35079.04797
5668.530977
24398.04083
34714.53543
41473.32069
-186228.6869
-93503.63207
-21662.70026
3785.482215
20729.71766
36886.16116
41730.67434
-148446.1399
-69904.64713
-41441.02857
-73408.72825
-48968.6689
34527.79091
41771.54608
-186058.9676
-92732.50208
-22123.6621
3452.217752
21256.2815
36973.93664
41810.0897
-246884.1974
-127660.8702
-35116.08788
5661.561333
24411.3438
34851.68106
41479.68397
-307767.4153
-176654.5107
-54358.14796
-2262.150339
21746.36135
31654.49728
38966.72675
-289026.2851
-171746.9989
-61322.79566
-9229.484076
17304.47733
30579.2318
38966.02314
-286074.6414
-132744.2462
-79957.3057
-27198.43432
3686.759046
26471.76823
34685.51904
-264698.2628
-155331.837
-85620.49138
-40151.70539
-6249.521187
19999.44926
31667.64845
-198029.9321
-149588.831
-119128.0105
-43487.50577
-11694.90661
17859.81543
22821.91027
-225564.2891
-182242.6499
-37329.50563
-117653.2399
-76123.27276
-16787.12475
-44891.34227
-392820.9056
-336680.052
-209140.0402
-191520.8151
-166976.3514
-67949.38554
-57578.96981
-362643.3579
-312318.7198
-191742.2256
-141275.4356
-88953.36803
-45590.6868
-35583.2154
-351817.2815
-313772.6714
-144071.2539
-91883.24965
-24910.82916
-13314.55543
-3815.368324
-391741.4383
-279151.5628
-102056.0318
-47368.50533
-1150.748569
939.3055702
8370.841805
-436158.5172
-196944.6357
-73403.69615
-31197.12824
-6611.993949
-1825.826406
7449.799398
-253597.0176
-134750.9028
-64968.37751
-84432.56523
-81263.16115
-52652.71314
-24385.87994
-180391.358
-109487.1323
-190223.3903
-171023.2469
-100942.8852
-69338.23141
-32682.11741
-252949.5028
-133802.664
-66050.40105
-88328.73864
-84078.80066
-53957.97862
-25074.94165
-433213.9284
-197072.1885
-73567.62348
-31477.30932
-6969.593582
-2125.717496
6851.334885
-389883.4408
-280217.6301
-101391.1331
-46818.7073
-1257.191425
858.5637242
8218.452077
-350717.5657
-306691.2039
-142098.6205
-90841.3225
-23996.9921
-13035.84295
-3580.042352
-362302.8751
-310466.0926
-190115.1074
-140419.6794
-88716.25259
-45473.87007
-34501.81074
-391922.1238
-335709.4217
-207930.3404
-191329.283
-167676.979
-67149.09582
-60637.9145
-225953.715
-183187.4856
-37977.85562
-117617.7972
-75761.92525
-17345.63923
-44205.93929
-222729.2074
-237995.6117
-204333.0722
-271197.4592
-255398.3057
-245883.4138
-199709.5467
-370754.2143
-312846.5436
-240999.9926
-258012.3143
-236394.2509
-171031.3869
-59182.94047
-358741.2158
-302300.0263
-209024.8399
-215813.2519
-131877.1705
-90400.21666
-12626.44643
-368694.1631
-305656.5273
-191751.6163
-180297.3762
-83189.31361
-58253.02351
-2498.005821
-420785.9745
-292766.524
-180430.3542
-153243.3299
-72627.57965
-46028.09133
1237.238444
-508512.9834
-339526.93
-168354.4126
-139530.9362
-80062.5031
-42105.77897
6489.649323
-395577.449
-340284.3268
-208796.6438
-188055.4352
-93089.0828
-27890.6009
-10845.64795
-308382.8125
-281937.1662
-291486.428
-132311.0507
-54106.76875
-29418.0406
-27055.84411
-396246.7383
-341582.8888
-210634.0626
-189185.5214
-92105.89475
-29971.58115
-10120.70651
-506883.5528
-337710.2558
-168587.0225
-140266.3577
-80523.47795
-43163.79587
6149.057842
-420153.603
-292636.6637
-180079.5867
-153269.2082
-72669.39736
-46901.21875
523.8584685
-368298.4489
-305268.0877
-191384.7289
-180057.6656
-82904.19593
-58774.63261
-654.5494226
-358522.7173
-301058.5645
-207741.6688
-214476.1395
-130832.061
-90847.07432
-12073.50913
-369843.6917
-311299.4158
-240527.2007
-257276.2741
-236266.034
-172236.6264
-59978.22922
-222555.0547
-237140.4527
-203784.5164
-269198.2515
-252645.5531
-242461.9324
-199460.2032
760.3613716
701.0982244
631.9030279
628.7491727
665.4878325
641.5832249
550.5182854
532.364269
590.9737374
622.7230382
550.9457494
526.8679631
571.9793553
636.887609
475.4764136
663.6622198
541.4363277
480.8571739
533.5605055
507.0783206
407.839688
347.7944381
384.130305
429.1555756
464.2645179
479.5820898
430.2442056
347.4349295
501.8498521
565.102034
571.2304771
438.3776351
443.0100466
442.0188791
312.4307642
226.7624973
201.2050897
221.1103535
182.225236
125.7341631
228.943532
376.6283942
262.3195179
363.8849853
482.2820156
564.0227492
486.7540336
423.752282
306.3802721
131.9392411
73.78519909
56.7024967
59.19857306
22.53413316
-83.59495287
-42.01354012
246.9979315
303.5727229
335.201366
454.1254249
618.5959785
477.5356165
277.0977017
107.3678827
-28.85548147
-31.00394582
8.32674419
21.70144091
-12.40445593
-133.3213169
-236.7634709
-58.38077574
186.8761962
371.0581567
533.9898614
637.9968784
389.5880394
178.5808801
42.30038579
-42.90631696
25.14342795
192.1018209
248.3031625
130.0083477
-26.39339213
-187.8559286
-159.1735081
90.88182183
367.5537524
545.7315024
575.341605
327.6796394
151.857647
29.75806088
0.110418633
189.3879574
567.9375867
715.6846367
433.5865065
82.2207116
-107.1439054
-99.43376647
79.19392679
323.4093999
509.0434088
596.0262045
412.6804624
217.8768073
25.48945667
-7.757468937
227.1064901
695.5394241
928.6332425
663.7666183
191.6754187
-71.59181548
-67.78085901
85.47301251
310.6689271
524.6929661
674.7044403
510.7872253
268.6323042
22.70205056
-53.59853248
88.57727157
417.2843329
629.5346187
414.4226611
58.38561857
-111.5274831
-53.73463946
117.2832631
367.9294439
597.585587
735.0408192
550.1456036
269.3202864
16.99952341
-118.8028552
-99.86771112
38.75789313
158.6842069
43.49475633
-104.0227323
-120.8913936
7.100698478
210.8133269
489.1834381
692.3914937
762.8786204
586.5097755
307.9125001
99.95697102
-80.96565652
-166.5978684
-155.2474513
-103.3598018
-124.0155974
-131.9432521
-52.21168856
133.0913716
365.7323354
616.8795482
768.1095095
807.9146849
666.3023055
423.0391059
220.8124688
43.6274892
-68.84619553
-104.358575
-100.4425529
-80.5395896
-20.87053906
112.2913641
331.4562001
534.3267931
684.2343557
824.8737675
813.3587929
680.4148629
572.0121087
414.9565418
268.5379193
171.2498736
106.7233528
65.05328995
74.86405061
161.4118539
322.3560463
510.9159049
624.7041462
739.7373353
871.9003159
790.0288305
630.3751206
623.7083689
561.3419571
492.8014005
440.1427566
371.7909817
318.1572898
336.5152117
440.8130235
567.5294139
648.0130808
731.0974248
858.8607587
873.4776874
933.3600505
691.6842678
593.6574633
620.214036
652.8644774
613.3411674
553.918988
538.6996594
572.7944969
636.5177279
699.9647691
751.4700512
729.1343293
785.743169
926.0613622
2985.395539
2826.454022
2612.578544
2498.332944
2523.565707
2558.351801
2513.828993
2519.272234
2564.93415
2536.215885
2452.523137
2490.437186
2526.02323
2595.241436
2853.389781
2801.066962
2524.674675
2432.091899
2515.410366
2651.09431
2710.373568
2680.741248
2704.021589
2749.186014
2681.877228
2534.540984
2475.203849
2522.294957
2445.996762
2668.839079
2553.74932
2401.240236
2496.541617
2707.067589
2887.878273
2964.702474
2947.514109
2969.590327
2992.509608
2901.527494
2709.299049
2512.973549
2375.923816
2398.025387
2439.568944
2435.803762
2475.609767
2693.869664
2947.848445
3142.224532
3243.79983
3249.060081
3255.931105
3260.700083
3170.023101
2991.475668
2769.114065
2482.911408
2391.04248
2359.619832
2481.169469
2600.354304
2852.89588
3122.036581
3336.908378
3442.140903
3435.611046
3382.154287
3388.647955
3300.390076
3159.674581
2965.342102
2679.480852
2502.633084
2416.078252
2549.898218
2661.484488
2916.536143
3202.621634
3402.02805
3408.072734
3175.241099
2946.686162
3145.094089
3303.678077
3263.434391
3097.457929
2818.830448
2605.686839
2464.416034
2529.20567
2653.768496
2922.096672
3226.316782
3386.289855
3136.657911
2430.71359
1914.62093
2420.234445
3056.529713
3270.189938
3135.489738
2822.967108
2584.22855
2462.403054
2552.737459
2696.719833
2965.163679
3255.750388
3354.2526
2907.662733
1883.827138
1229.175454
1878.699777
2827.583792
3223.172288
3121.628678
2802.874396
2566.684002
2494.861251
2637.117658
2771.308768
3003.578205
3259.760356
3362.929783
3103.898141
2397.029764
1861.785288
2383.539379
3060.28254
3293.54837
3164.230142
2873.385598
2661.380898
2570.546559
2672.296399
2769.257688
2962.4041
3198.787665
3295.055554
3245.395749
3021.56935
2809.924401
3048.453321
3283.573752
3308.640233
3183.792661
2965.460714
2779.291678
2624.076451
2641.056225
2683.449041
2823.278508
3089.911488
3224.40182
3244.136602
3223.012317
3194.074036
3272.454381
3292.919227
3237.452567
3120.761098
2945.092828
2744.594652
2612.492714
2682.334903
2649.482821
2632.738609
2858.409817
3047.170721
3119.604305
3096.19531
3073.118084
3121.858567
3148.156412
3100.11102
2982.821486
2773.097528
2609.284473
2657.233808
2780.855138
2661.193327
2532.670072
2607.548993
2776.960356
2869.943385
2823.416105
2769.691112
2820.638035
2909.445545
2900.466589
2745.776321
2570.645399
2683.433683
2880.131895
2900.351525
2711.44168
2603.218109
2573.325882
2627.669653
2674.775444
2615.440819
2560.543641
2625.516915
2730.16768
2697.07279
2572.166843
2646.727902
2912.109353
3039.662706
2968.485673
2793.827604
2566.650416
2514.797517
2536.755376
2538.062387
2504.944137
2506.758296
2548.892229
2579.179588
2569.618539
2617.569305
2766.804246
3007.301392
3269.665859
5771.974328
5859.011236
5885.116885
5745.974149
5579.554114
5429.023083
5377.447836
5431.097803
5455.116893
5427.900596
5493.040969
5704.394809
5843.912073
5662.137679
5650.782141
5828.775066
5756.264769
5606.997618
5405.046785
5144.171227
4954.416118
4985.308981
5104.347516
5078.202453
4955.417724
5023.692529
5315.070824
5690.928961
5663.276157
5704.884035
5831.440337
5576.220872
5331.791404
5041.663866
4726.78786
4593.076169
4665.608241
4751.047015
4659.344264
4483.660292
4522.213207
4811.584867
5221.156772
5575.496202
5704.552373
5685.270778
5358.96667
5017.400555
4670.7539
4387.610588
4263.277909
4211.664433
4200.362129
4166.02716
4134.915955
4217.268724
4467.662864
4795.578017
5248.536114
5584.667803
5534.498819
5102.971653
4684.974049
4364.863857
4236.94088
4201.601281
4039.705765
3935.934756
3999.213973
4062.847369
4062.845317
4200.125203
4482.353521
4961.424016
5454.659729
5423.318376
4938.326084
4547.034039
4219.671093
4174.433998
3964.474044
3696.487188
3691.384343
3726.979449
3915.121082
4034.935311
4095.104924
4430.636029
4857.512172
5330.407482
5388.068957
4986.833964
4645.475566
4177.692588
3994.245449
3663.739921
3678.318291
3985.167772
3717.787276
3630.463334
3867.347725
4051.765653
4548.138848
4922.472609
5313.774425
5465.367456
5127.955458
4780.216512
4205.823811
3896.652487
3642.498954
3950.782051
4464.110717
3963.604001
3580.160476
3755.393518
4034.911991
4615.07104
4994.732818
5384.858327
5520.223064
5117.031645
4715.335035
4200.902226
3976.150633
3680.28234
3691.303702
3942.373794
3665.763686
3623.900397
3893.71781
4075.70135
4588.262666
5004.646512
5431.537627
5540.323303
5019.063361
4534.315631
4173.827133
4075.935826
3873.754288
3598.186792
3562.18593
3613.646462
3897.430834
4088.088653
4175.92617
4595.500552
5058.536586
5501.052184
5675.758048
5168.431078
4604.846946
4268.022843
4106.319984
4029.770523
3829.954891
3730.053804
3870.862789
4070.570669
4142.881423
4367.854625
4800.057896
5246.850435
5679.445064
5904.858458
5549.362011
4974.488326
4548.236705
4259.188143
4118.285695
4036.307272
4012.096793
4044.329227
4144.379669
4349.917171
4726.283285
5118.598445
5491.662105
5913.396692
6036.812817
5839.998944
5408.094937
4937.934377
4581.937917
4485.088145
4562.574634
4601.750487
4546.679482
4542.967215
4761.006935
5101.939089
5437.530023
5881.939722
6158.441865
5948.597084
5908.482092
5773.837535
5444.013727
5096.007056
4930.397682
4953.648895
4990.915057
4971.256971
5008.606285
5202.996261
5470.935928
5844.629341
6128.069451
6051.311459
5800.24078
5821.874713
5820.835586
5731.187878
5573.753656
5410.119807
5367.037945
5404.832905
5411.624439
5465.100731
5643.853052
5865.209478
6056.683235
6017.428206
5993.453205
7856.330377
7620.970848
7570.378917
7837.616618
8130.870167
8252.177838
8074.251586
7997.886676
8145.816846
8245.072801
8050.58372
7785.423548
7532.170601
7453.347402
7735.705858
7592.630456
7434.213578
7700.905921
8169.76381
8519.464925
8478.343911
8161.823936
8048.801594
8252.735367
8474.275158
8397.168047
8070.050761
7762.628778
7352.372433
7490.881602
7520.10052
7667.751312
8104.959607
8623.327104
8788.143005
8632.665286
8297.665757
8182.706711
8326.173467
8555.172297
8600.455528
8395.126167
7974.681992
7635.481014
7391.60133
7784.746048
8127.93199
8603.992114
8878.978686
8777.816856
8492.607949
8570.312844
8599.395896
8532.815903
8360.798822
8607.584501
8657.766969
8364.648931
7988.299283
7668.332002
8093.907292
8481.628562
8753.697331
8759.93417
7696.727096
7279.442431
7392.134105
7659.151037
7348.602291
7133.551931
7498.878374
8583.515827
8565.039985
8354.462115
7999.592853
8244.933984
8447.478326
8585.907397
8479.901202
7256.445638
7295.170653
8225.457981
9119.456025
8246.351768
7240.155634
7115.778483
8325.392231
8510.438924
8407.186401
8147.630782
8090.248174
8141.523258
8259.877308
8533.168644
7355.532295
8187.953028
9393.812993
9627.236124
9421.86048
8179.064728
7249.971964
8442.501061
8204.300922
8097.651109
8012.517051
8044.559319
8053.10618
8173.714435
8575.940974
7631.527896
9064.280083
9614.788187
9408.561738
9606.834963
9033.855807
7518.193931
8455.92051
8028.043241
7913.275346
7962.293373
8221.268346
8281.779715
8348.139789
8567.661312
7343.856363
8168.311119
9379.719615
9605.329224
9372.254369
8155.594182
7263.207726
8455.774702
8215.230817
8164.444276
8132.211248
8355.370638
8524.263956
8585.461537
8473.190408
7168.100644
7190.02944
8104.526683
9000.660288
8138.850649
7221.231189
7155.699123
8400.669007
8638.469322
8576.936111
8300.630647
8214.125665
8504.734043
8650.781379
8646.008518
7573.815451
7130.911746
7227.157639
7499.473156
7249.98958
7148.383389
7571.200567
8731.183451
8848.143519
8607.519792
8187.190267
7971.536976
8250.810293
8521.460963
8720.606678
8629.596828
8416.533992
8433.212576
8418.445502
8421.237926
8392.259237
8714.543368
8887.222556
8657.201919
8217.196099
7950.827352
7704.275632
7869.984966
8144.138844
8498.059717
8640.305897
8544.144181
8206.48115
8011.827653
8180.10897
8589.55903
8809.487504
8642.57013
8164.818706
7928.131522
7802.503039
7710.454725
7532.592851
7814.854912
8173.994384
8473.214873
8466.911516
8126.455466
7915.777723
8142.883053
8536.370402
8569.463474
8203.422038
7897.215657
7777.613537
7799.018688
7902.435651
7597.237861
7492.108927
7793.460049
8107.879757
8225.108768
8069.942923
7984.723386
8112.304975
8274.094969
8169.163335
7913.377799
7712.931455
7770.696759
8092.717128
12053.79683
12107.78657
11497.90265
10795.86675
10289.74198
10170.3659
10431.59265
10664.08479
10511.57458
10184.71944
10233.38436
10766.75764
11476.80984
11963.52981
11953.45294
12089.43784
11538.90886
10794.91394
10137.42062
9814.56389
9991.668126
10514.39976
10847.63277
10600.39753
9990.006235
9701.812803
10048.75972
10863.80268
11481.56608
11972.94724
11466.25757
10772.9107
10124.05211
9770.520785
9804.807941
10163.61349
10676.18463
10934.92183
10692.76663
10075.74725
9610.101274
9542.915679
9990.702986
10735.96439
11324.16697
10759.49461
10105.62634
9751.144313
9869.569214
10491.94491
10917.39604
10775.9944
10763.03699
10792.7191
10841.9808
10326.84274
9654.72651
9510.867813
9958.863153
10638.21388
10261.46402
9781.384312
9769.646884
10472.06201
11723.18133
12071.89787
12102.40203
11994.14673
12066.2758
11943.13455
11561.28113
10304.37647
9581.830806
9650.334737
10165.44518
10176.05775
9967.989542
10120.15465
10857.62703
12045.73661
12173.0134
11597.72153
10714.63336
11602.03337
12126.90029
11932.39536
10806.23492
10036.68361
9922.705972
10072.03026
10451.08524
10496.23178
10639.50513
10725.91651
12048.62975
11568.69768
9988.197641
8838.67402
9967.488097
11530.64774
11977.60046
10684.94486
10581.36927
10450.29557
10359.3506
10701.98011
10847.26834
10926.46383
10705.75397
11922.38519
10668.22806
8834.321171
8328.574536
8800.931309
10614.39429
11858.22168
10629.78811
10789.53538
10704.4227
10602.30922
10582.45318
10630.74965
10720.97368
10721.63825
11999.41011
11544.35063
9986.138987
8813.135893
9945.300857
11517.88605
11976.63536
10657.8792
10591.36895
10504.28452
10479.31559
10290.25368
10044.46432
10120.52255
10763.27125
11913.46949
12038.47847
11482.33838
10599.48591
11515.27649
12104.63648
11950.73665
10823.21689
10152.72992
10074.97406
10220.85079
10377.18657
9801.304945
9678.223564
10345.66746
11550.79453
11890.21618
11900.89088
11797.96877
11944.973
11937.71623
11602.01098
10428.31332
9839.147868
9887.735698
10337.52461
10924.76276
10211.73345
9680.836802
9717.486963
10319.89593
10719.49048
10600.89239
10556.87709
10606.39082
10773.04236
10411.88471
9857.994065
9787.469494
10179.51942
10901.67812
11626.72544
10961.47177
10164.14958
9648.714883
9649.372465
10062.51171
10584.20623
10776.58445
10555.09215
10100.51587
9799.939242
9773.861776
10173.07844
11003.67019
11711.53062
12171.17896
11646.86035
10909.17949
10140.52485
9767.730256
9980.051007
10478.29678
10709.51363
10482.5572
10033.4253
9851.681569
10168.83399
10974.84799
11848.39357
12252.51347
12074.57296
12090.73809
11437.07695
10765.62963
10280.66233
10156.40426
10423.91383
10634.31827
10462.13211
10195.80184
10324.76796
10868.17701
11626.80832
12234.14524
12273.26507
12835.55692
13239.5986
14199.30893
14954.59541
15343.77225
14981.2052
14235.021
13964.16649
14294.62208
14986.66322
15294.72869
14924.45449
14175.26154
13109.40361
12710.79734
13230.9323
13917.86211
14700.22122
15361.1411
15127.51184
14327.31835
13434.79607
13190.38975
13503.21622
14319.8353
15016.16749
15263.96429
14743.52055
13860.91188
13102.23049
14173.51621
14680.57021
15268.44843
15138.09853
14396.21143
13591.20165
12892.19674
12756.95421
12893.99162
13495.76599
14204.83867
14915.32382
15135.10506
14632.46333
14023.09364
14923.03789
15335.75361
15127.73688
13692.37951
12741.63286
12709.76563
12702.88615
12696.62538
12669.2735
12595.51508
12572.03747
13454.95787
14884.48872
15176.24436
14792.65468
15327.51954
15110.83902
14379.19362
12729.88424
12922.94242
13183.14577
13078.75704
12909.71559
13034.35622
13048.15692
12754.64271
12549.01506
14169.71032
14943.53383
15212.55286
14996.4016
14324.03742
13572.32079
12681.88525
13152.91235
13125.46703
12570.66673
12293.41584
12555.8482
13058.53402
13030.64492
12555.36639
13453.72586
14236.3362
14862.15754
14254.42903
13431.97114
12882.06603
12681.83364
13023.63429
12539.4555
11921.2823
13186.98588
11899.58129
12478.68867
12932.49818
12568.98195
12787.31355
13352.25216
14128.12434
13998.5483
13204.12457
12778.93382
12695.36456
12850.16673
12251.85458
13128.58988
13863.57543
13142.15401
12180.59242
12762.6444
12557.67186
12613.22074
13041.91556
13873.95804
14358.05945
13543.6677
12943.63825
12687.1848
12969.839
12502.16497
11886.7182
13095.04769
11853.85047
12465.89697
12936.89858
12580.68815
12793.44101
13396.45441
14240.22555
15074.83952
14378.75976
13552.88198
12602.30151
13008.53895
12979.10683
12430.97313
12162.18192
12458.83462
13032.58053
13048.05969
12600.52251
13558.36901
14371.48963
14990.50152
15407.42849
15113.89376
14280.69506
12600.74506
12743.75704
12984.0716
12862.73675
12713.27823
12904.76327
13032.5315
12790.62886
12663.26134
14400.74503
15159.37592
15353.75187
15051.04576
15409.32004
15049.32415
13562.87147
12578.39568
12551.62269
12555.10432
12534.9242
12548.26411
12571.5877
12647.59985
13652.79301
15118.92791
15355.47605
15014.90142
14301.55386
14822.39593
15278.90954
15010.05234
14248.15196
13496.13288
12806.62552
12619.67867
12776.28207
13524.46321
14371.41648
15109.17605
15271.51225
14836.78103
14350.70631
13300.71329
14009.28585
14765.79781
15322.14724
15059.95194
14306.49455
13392.78843
13060.16682
13393.19165
14352.2568
15135.50583
15346.10186
14810.02517
14148.20338
13345.90344
12832.60614
13217.82308
14123.90583
14900.5287
15313.79975
14947.31045
14202.31975
13920.28656
14244.21972
14986.59081
15348.781
14983.07239
14275.85593
13328.59556
12980.03794
19137.98166
17837.47465
16643.06361
15684.56121
15869.43295
16746.28761
17592.77824
17860.81749
17645.96449
16741.4992
15806.00488
15633.87976
16590.00346
17684.88356
18995.65075
17831.4862
16790.25893
15735.39969
15803.30608
16650.50956
17665.07974
18378.32895
18495.19771
18440.09378
17648.87129
16533.35747
15692.43609
15739.64954
16695.75255
17679.07829
16621.87837
15719.13747
15698.59156
16631.67377
17539.95072
18202.61465
18440.17299
18378.22474
18444.02553
18107.49942
17345.97133
16412.26285
15552.44335
15647.08952
16448.77028
15664.09239
15782.40578
16618.88694
18271.77533
18220.42061
17936.13381
17936.99662
17941.73295
17893.43437
17800.83016
18025.99909
18060.83271
16377.96034
15605.82759
15512.92358
15857.73863
16635.02185
17516.66876
18209.12568
17252.13981
16896.88468
16740.44844
16811.72972
16684.81689
16741.27712
17047.80885
17997.49153
17295.99973
16447.62161
15722.1128
16760.64959
17659.53089
18173.79575
17919.99012
16877.63095
16659.3583
16845.66433
17194.3443
16822.09173
16563.56588
16714.56784
17748.2413
18038.71454
17545.05561
16607.6041
17620.71582
18379.17862
18417.90699
17936.55077
16714.30567
16821.95393
17861.45605
18034.83316
17861.21132
16750.38763
16579.1535
17780.02082
18315.3849
18281.40175
17480.98119
17901.3121
18509.85302
18377.08346
17987.3165
16796.80428
17160.1384
18083.53438
17927.01243
17990.49151
17094.82228
16671.47492
17809.65134
18221.92225
18342.73566
17767.52247
17711.42811
18475.33451
18464.64305
17949.14853
16677.6444
16784.41884
17803.826
18044.28197
17800.58719
16744.4065
16599.70029
17810.07759
18325.50897
18323.78949
17585.0555
16830.92204
17698.98789
18137.00236
17846.99819
16750.71171
16528.18184
16712.64063
17070.09005
16734.28312
16551.43804
16747.09436
17808.19839
18139.23408
17675.25022
16736.22832
15926.24435
16621.22408
17398.49502
18067.64785
17079.47237
16717.66051
16563.11474
16656.82334
16586.85292
16738.82405
17089.51253
18103.8219
17505.37198
16648.77516
15859.68785
15788.13096
15834.97499
16522.22654
18097.62818
18045.2613
17787.46851
17808.12501
17822.67574
17795.82855
17789.55873
18090.55901
18197.94971
16588.30925
15781.95443
15733.3423
16748.93841
15849.07985
15687.20082
16481.06159
17356.34831
18060.06116
18312.49892
18204.57955
18292.6789
18091.8501
17471.45955
16575.45264
15683.48729
15847.00103
16768.5084
17908.61239
16876.58927
15794.84502
15741.64508
16543.92864
17594.23771
18307.40279
18348.9369
18308.77384
17638.83111
16618.01025
15769.1574
15821.90936
16986.48352
17924.14575
19159.90275
17836.29005
16587.40988
15648.50653
15822.98448
16678.97356
17541.31485
17805.69001
17583.40017
16717.04663
15847.63677
15708.55769
16712.4476
17924.37055
19282.99846
21227.68134
22279.04967
23081.17613
22999.23821
21800.20391
20543.80818
19708.33695
19758.69162
19754.69762
20530.60757
21710.63341
22917.22672
23015.73736
22133.54138
21103.16279
22273.6336
22831.4565
23035.41112
21955.22451
20558.28661
19488.41885
19223.87193
19649.3513
19271.62349
19455.07698
20417.34797
21813.50503
23002.9567
22711.56692
22120.65114
23070.2572
23022.05816
21994.48103
20122.94671
19808.02194
19394.66324
19730.02128
20150.45924
19726.56893
19287.01393
19595.78849
19862.86829
21819.0823
22928.9825
22892.19288
22977.32004
21933.8905
20111.01846
19909.66355
20025.11652
20006.49495
20355.75851
20625.86981
20334.89232
19886.86489
19839.00355
19678.85404
19837.22331
21733.9425
22813.7582
21790.98872
20540.89126
19783.90547
20006.42236
19969.09774
19691.54316
19678.02697
19852.33485
19628.65987
19539.72834
19748.47852
19805.95102
19549.17754
20338.01333
21644.88423
20571.87358
19486.50981
19367.39005
19978.43236
19677.15444
19624.39651
19882.57169
20391.07248
19862.10686
19533.5999
19511.40058
19828.20466
19222.72961
19359.22799
20420.13664
19748.23211
19228.76584
19714.37238
20328.03788
19658.03597
19861.03913
20717.75847
20482.70149
20687.42328
19795.25843
19526.0899
20214.63451
19603.77029
19128.4665
19614.93567
19813.58488
19665.62227
20151.65292
20599.94705
19844.2752
20356.43644
20411.53649
20314.68698
20450.29083
20302.71915
19723.76073
20479.48899
19998.39191
19516.55406
19690.52458
19836.02317
19309.65017
19738.90897
20310.96204
19626.81623
19832.16633
20691.3815
20382.31434
20662.05201
19796.86457
19553.37054
20222.71455
19613.91338
19181.21841
19722.14831
20644.67778
19521.36704
19315.33629
19878.92141
19547.94228
19499.17635
19764.41051
20275.9546
19784.12447
19527.10952
19551.71023
19881.00074
19329.97909
19509.95216
20562.73683
21869.68975
20540.5538
19668.99195
19842.61623
19795.0927
19513.3115
19512.81204
19708.82474
19536.78671
19542.5204
19809.82291
19922.8271
19785.84171
20581.01298
21818.14107
23095.96113
21986.61325
20016.20297
19734.83165
19820.65844
19819.91353
20174.11532
20435.32969
20186.32971
19856.47297
19910.65358
19848.65821
20099.43298
21954.73967
23061.91447
23171.65947
23138.40933
21981.2586
19983.81648
19640.98804
19260.62559
19603.83731
19991.01778
19591.18433
19301.98818
19762.56925
20090.07757
22000.25362
23151.5962
23208.01234
22348.05713
22904.27165
23094.76113
21908.57484
20483.03627
19451.8436
19169.08987
19529.61634
19174.39646
19502.73665
20567.31148
21951.58632
23130.53472
23021.87574
22393.83178
21277.56858
22294.59942
23045.22125
22979.61213
21791.42612
20535.94977
19698.82524
19745.48971
19739.04108
20578.53775
21825.73256
23054.81562
23172.97791
22384.39327
21400.13485
23067.62805
22293.81913
22081.28265
23402.68105
24727.99238
25653.10408
25349.12035
24969.78908
25392.66959
25631.84424
24639.4505
23323.23144
22017.5756
22163.5095
22957.60825
22287.50159
21956.57295
22937.78857
24373.3086
25149.34854
25515.8222
24293.52242
23220.31994
24338.74659
25477.77318
25011.79972
24237.15027
22897.44946
21860.48739
22155.78286
22061.62094
22922.32368
24086.50364
25187.94324
24688.14678
24320.43029
23160.19061
22809.60451
23155.15664
24214.0286
24489.23874
24968.72951
23934.16754
22836.95922
21914.45835
23368.83052
24350.2388
25179.42374
24441.21552
24080.69315
23788.97844
23039.09967
22917.96751
23029.25695
23676.1322
23880.88592
24197.90467
24945.24637
24181.01224
23239.79382
24711.987
25136.21416
24674.12166
24074.88185
24156.25072
24542.16232
24519.58039
24527.37031
24480.83789
24406.73506
23975.36642
23863.75768
24464.08748
24968.81918
24599.72924
25656.66865
25510.14376
24305.37034
23774.55038
24525.07745
24775.26249
24622.05955
24272.96704
24597.66526
24691.76116
24382.11438
23632.57748
24172.27211
25413.01645
25550.43627
25368.91844
24288.54118
23135.40247
23012.00489
24485.90908
24603.07854
23111.55212
22227.99753
23070.63482
24533.73827
24386.31412
22923.16688
23052.0614
24226.6104
25286.43171
25007.84468
23220.08894
22798.2152
22869.41499
24484.88815
24257.30902
22298.91898
21509.21433
22183.77326
24183.41773
24405.92878
22798.63046
22698.83009
23118.81355
24934.92586
25458.30825
24365.90853
23166.71238
22975.23621
24426.20046
24554.74518
23085.5614
22262.83219
23057.10126
24537.0393
24404.55684
22937.51846
23093.41031
24284.69017
25392.72867
25736.68718
25543.92934
24248.8153
23650.26268
24366.86163
24625.74177
24490.78025
24171.12845
24524.95698
24682.91392
24419.64912
23691.52518
24294.23793
25565.3563
25701.81328
24773.19268
25118.72378
24555.51849
23907.74923
23919.722
24336.28844
24323.98448
24358.72681
24373.4954
24405.41703
24026.66554
24005.24023
24695.0264
25184.00819
24773.60619
23479.62137
24385.44746
25085.55322
24292.40258
23894.73945
23602.05251
22858.0139
22735.02656
22902.84756
23672.8955
23996.69905
24419.95237
25196.1923
24393.37794
23499.97087
22200.03841
23037.09291
24069.53483
25066.40987
24535.74113
24205.10811
23062.36175
22686.87247
23070.86998
24268.30227
24675.8033
25192.60055
24113.88272
23081.29677
22269.47893
22414.64721
22090.66015
23004.12107
24325.04863
25079.48397
25485.56944
24279.26181
23155.27928
24292.77203
25544.02595
25170.24542
24386.60996
23062.02305
22210.61595
22471.97151
23176.36719
22372.69965
22096.25404
23393.57545
24722.94807
25637.91591
25372.81025
24991.12441
25417.6707
25684.94329
24771.22928
23482.7843
22228.68112
22470.65634
23311.4755
27992.48386
28289.55579
27340.86433
26135.24989
25350.29577
24765.27335
26170.81105
26700.19194
26196.81015
24748.34063
25275.15925
26061.95833
27279.02236
28187.3319
27915.78577
28290.84833
27657.51277
26255.28668
25616.60502
25353.93765
25419.96249
26983.54172
27668.76929
27012.21774
25391.74713
25238.51488
25496.97735
26212.88793
27570.2254
28185.21927
27330.16579
26241.69516
25697.78586
25932.4836
25940.26694
26209.81816
26953.14025
27017.76756
26947.62071
26122.51875
25772.07309
25747.71309
25569.06838
26163.43704
27212.52392
26117.38828
25597.96129
25915.68937
26421.37563
26438.44814
26293.14753
26157.28829
25996.24146
26111.52149
26169.35158
26260.10988
26228.32063
25728.63103
25457.40983
26009.77722
25339.88446
25333.27561
25916.60198
26424.02372
26157.04615
26164.5851
25984.41854
25942.28481
25948.52931
26039.69023
25972.83645
26247.3315
25755.30785
25206.22315
25251.38566
24786.12508
25416.27479
26187.67464
26272.0802
26146.29397
26248.70679
25935.02003
25628.52094
25911.22093
26171.99427
26022.39461
26136.15854
26094.00497
25354.52986
24714.65418
26197.62539
26985.22435
26946.97899
26157.11621
25950.72333
25916.71786
24990.27935
25783.38876
24965.08667
25857.39383
25872.10999
26039.28482
26890.16367
26952.57425
26158.65683
26741.09823
27686.19852
27029.79859
26038.93916
25899.41655
25615.41079
25671.64232
27265.86159
25766.55818
25555.31175
25844.36243
25916.15687
26949.7861
27639.35869
26716.28214
26266.28399
27053.02933
26958.68856
26152.55315
25884.89828
25862.29846
24952.0924
25650.43291
24953.53416
25872.89185
25899.72272
26094.40304
26929.03661
27028.17535
26258.1325
24843.62508
25452.1871
26167.55186
26213.34266
25997.06919
26103.5371
25811.4421
25550.44772
25861.8195
26187.53822
26084.53729
26264.76295
26250.97188
25522.00895
24861.93034
25430.09424
25371.02849
25871.46207
26317.01363
25998.52718
25978.31842
25808.38704
25802.9626
25870.63199
26069.61201
26098.13713
26450.38764
26037.50198
25479.96757
25483.51722
26270.2534
25686.98184
25903.36475
26340.28557
26308.73541
26182.64888
26073.23079
25946.45892
26089.88049
26249.33034
26439.77405
26494.92002
26049.39982
25749.07721
26332.6475
27525.69729
26416.61796
25746.74239
25880.82496
25863.11842
26145.29082
26894.92689
26960.46409
26919.62618
26233.35789
26021.49159
26040.5311
25846.25005
26516.12038
27632.15623
28484.50066
27857.90727
26388.06565
25643.01578
25351.86884
25442.88477
27005.70607
27655.0446
27035.42683
25529.83212
25473.01532
25747.2166
26501.11911
28018.59974
28580.03474
28191.29768
28461.90297
27456.11237
26223.01936
25416.42316
24840.30507
26233.26719
26774.62443
26281.84625
24908.03044
25497.16479
26337.13611
27614.18861
28592.21929
28364.59874
29129.10875
29908.08055
30693.00438
30779.87161
30902.82202
30890.35235
28140.49896
28421.55674
28158.04545
30861.00271
30830.22729
30716.42995
30650.74439
29844.94161
29072.64144
29894.70571
30778.41899
30731.79304
30463.92891
30330.96363
30019.2237
28781.97567
29195.71233
28799.20735
29969.26569
30222.2742
30359.49738
30684.29781
30717.94932
29831.62372
30687.29419
30721.84202
30171.8842
29763.51372
29414.66866
29469.33957
29037.62295
29415.86108
29024.14325
29382.80627
29266.79553
29611.90692
30073.62541
30658.29034
30616.17241
30771.88006
30457.55921
29770.05518
29451.62946
29492.83889
30008.93504
29983.58036
30334.98753
29976.20627
29921.30919
29347.42711
29296.67787
29621.87968
30351.18286
30696.13084
30894.51816
30317.36878
29411.18438
29486.57775
29614.97243
29592.10146
29316.55027
29474.37572
29274.80016
29481.35577
29470.91679
29356.05133
29285.8489
30219.74341
30832.14892
30908.66268
30001.70122
29450.35512
29993.14656
29580.02365
29476.80348
29259.69465
29480.06821
29222.40864
29395.25657
29471.35976
29919.40342
29384.66815
29956.79435
30859.72733
28177.66947
28787.82364
29017.90432
29948.98481
29294.64711
29245.05853
29482.69132
29748.409
29454.19543
29182.06744
29222.35947
29935.46536
28996.74556
28782.7466
28171.09456
28480.52193
29221.23666
29398.42108
30270.93423
29443.71629
29462.77288
29862.28264
28740.99052
29731.44633
29427.63025
29415.02261
30280.85708
29388.61697
29214.901
28492.95801
28250.02737
28853.00943
29025.58052
29890.61136
29233.8835
29188.01151
29435.95829
29845.42401
29463.81556
29226.7567
29279.04424
29965.85102
29054.70812
28878.92325
28281.46079
31016.22332
30090.01206
29424.73981
29873.34432
29444.09001
29340.69789
29153.73709
29427.58713
29217.74423
29452.27531
29567.66642
30009.8161
29552.32025
30199.07571
31068.4596
31025.36001
30384.27966
29348.779
29350.035
29440.32492
29430.59736
29182.65209
29386.87301
29257.77562
29556.07014
29594.71022
29538.43947
29548.91316
30523.16773
31111.86067
30939.42724
30566.08367
29759.79691
29369.95463
29357.17942
29865.29845
29842.89934
30221.5076
29927.32159
29994.27753
29532.25215
29569.1365
29933.0824
30674.43711
31048.8263
30907.37246
30915.87956
30253.90391
29759.44048
29367.0539
29419.95717
28991.61579
29375.67239
29037.47799
29538.00248
29549.64284
29939.19213
30393.10513
31055.86734
31048.81506
30142.22829
30994.22748
30898.7037
30542.37658
30381.92234
30087.79701
28846.44878
29245.81301
28891.18423
30191.72856
30521.04213
30679.36074
31044.96621
31179.09511
30287.85592
29401.34603
30111.79854
30863.93989
30913.88175
31028.03556
31039.28217
28274.44998
28569.23899
28323.95144
31118.55042
31129.17548
31056.61449
31033.84664
30282.87518
29604.93769
34618.86106
33317.69443
33038.14822
33176.03635
32730.99449
32741.54727
33297.76791
33409.15716
33299.68921
32691.37607
32665.75903
33110.34676
32999.44841
33284.94406
34593.34159
33336.36398
32893.48644
33225.18973
32973.95011
32437.68883
32016.07681
32906.32846
33084.37195
32900.74495
31967.07783
32342.11376
32875.48174
33172.73537
32835.55027
33282.7963
33038.45597
33228.27477
32826.12883
32480.71183
31985.43848
31503.47872
32139.28733
32670.25865
32113.05365
31431.8978
31856.87087
32347.52121
32731.56111
33167.66005
32979.56436
33177.28919
32954.89772
32436.16698
32280.96248
31781.14389
31749.6226
32353.488
32485.10481
32292.60477
31665.34141
31655.90255
32145.15644
32311.14288
32862.23669
33108.76777
32744.96596
32429.18822
31931.23985
31752.59987
31675.75707
31783.03671
31674.33702
31941.90547
31633.79796
31693.71518
31568.9341
31644.40916
31830.50164
32353.27824
32697.90506
32730.95855
32007.91301
31460.45719
31708.43549
31772.48002
31817.09026
31804.63808
32368.60438
31766.35189
31757.32524
31688.66333
31650.55206
31424.78527
31987.76902
32707.2553
33351.11996
32917.48406
32094.77784
32335.42119
31643.79373
31781.7124
32399.26172
33710.89504
32357.74379
31736.84154
31600.55962
32263.54747
32097.05913
32924.97136
33357.50754
33497.01364
33123.4859
32672.25485
32442.2872
31904.18514
32310.85798
33962.71607
36226.6628
33673.45857
32334.9583
31915.64031
32500.21515
32701.12945
33154.018
33521.78545
33422.52703
32983.43151
32142.65463
32359.3447
31593.74572
31727.22085
32356.86387
33939.70808
32389.43355
31798.39197
31674.06386
32389.34185
32227.09265
33050.96229
33483.30315
32893.76304
32066.94341
31460.70074
31671.60302
31656.21072
31684.22586
31703.82121
32289.42699
31777.50683
31830.30834
31814.10807
31841.00961
31632.74731
32206.18764
32988.47855
32871.15964
32509.62193
31977.67989
31727.93647
31570.06373
31644.26993
31556.7002
31871.76269
31640.64787
31803.12028
31780.0293
31949.84858
32196.57733
32674.72175
32996.89663
33386.92637
33114.12063
32537.26934
32282.16116
31714.26188
31655.78217
32331.10817
32434.64772
32379.36278
31812.03009
31925.74241
32509.07529
32737.66513
33263.35998
33532.88884
33261.11304
33399.69348
32951.11167
32493.63276
31944.0228
31473.32467
32141.40841
32703.66675
32204.38115
31614.51832
32148.37428
32701.95311
33138.27873
33565.54654
33426.69246
33557.46042
33106.42164
33395.79723
33091.65416
32505.91315
32040.22216
33012.51695
33200.62342
33065.81446
32153.01493
32667.52004
33261.91419
33564.66125
33304.82214
33722.79856
34886.67501
33559.47378
33236.4874
33384.81668
32884.44351
32796.03315
33482.92183
33613.2058
33539.76964
32883.91669
33017.68968
33552.8841
33422.9031
33750.84614
35081.67359
37504.05155
38186.08219
37934.96069
38590.19861
39023.75377
35845.86037
35996.01688
35834.77879
36001.32752
35839.09975
38971.36481
38559.2388
37889.91968
38151.23942
37473.34043
38195.94694
37801.07446
37594.59073
38661.08448
38528.09264
37270.00609
35548.75628
35513.8139
35546.1414
37235.83621
38438.58514
38591.59303
37518.95263
37727.96052
38134.28081
37948.36256
37596.49132
38210.57419
38187.43141
37330.32741
36617.21112
35643.59652
35606.44188
35652.13757
36577.2897
37223.28871
38082.20006
38131.20119
37525.15271
37885.57793
38618.19529
38692.59973
38275.84902
37552.34513
37013.54229
36716.26504
36059.34807
36395.28897
36072.46548
36672.12118
36896.70921
37419.98321
38155.49451
38625.22931
38585.62501
39047.90975
38549.85418
37391.59416
37035.71704
36634.56389
36653.1905
36940.2327
37901.79747
36934.16004
36643.40312
36563.43731
36924.81992
37301.34385
38489.78896
39015.90742
35926.39496
37327.99099
36745.34056
36745.71366
36647.68069
37335.7999
38722.54956
41378.54598
38850.01679
37447.50538
36653.15577
36711.09364
36698.95061
37297.11872
35920.54421
36072.54632
35585.3703
35686.81635
36025.53788
36776.28529
38388.49524
42379.68738
48473.11478
42904.57292
38858.53701
36935.29548
36080.54712
35708.3407
35598.59556
36087.40933
35942.45615
35568.82646
35606.80386
36338.25523
37502.90114
40158.65988
47231.76547
56142.91042
48588.95905
41490.65961
37956.13067
36420.8971
35654.86202
35606.98165
35975.60164
36129.64965
35630.39387
35642.4651
35959.77961
36677.40036
38127.54255
41699.805
47099.67595
42396.21187
38771.23742
36982.65128
36123.08027
35742.26474
35703.00132
36199.09764
35960.23106
37335.50278
36592.42384
36626.638
36475.77178
37047.26569
38129.0115
40114.7395
38399.25675
37378.65818
36716.86135
36810.39656
36733.42655
37447.53004
36052.01904
39145.62627
38590.91805
37312.38507
36937.02305
36483.10999
36469.30298
36652.13981
37476.20843
36792.51467
36699.13478
36716.41983
37148.48954
37514.77685
38737.27321
39257.10323
38663.11161
38726.84491
38234.37529
37525.09181
36960.17284
36636.76731
35933.5718
36332.5775
36055.85578
36814.64857
37168.17772
37731.52185
38407.46869
38875.79126
38805.72651
38175.24021
37769.65005
38320.96209
38305.88118
37370.75583
36663.38648
35657.80294
35634.16137
35747.07561
36813.35425
37571.34987
38495.13125
38490.66085
37934.35601
38324.92389
38436.62863
38005.08463
37761.0528
38730.90782
38607.71284
37444.98565
35680.09446
35660.27286
35742.43102
37566.26258
38758.70161
38892.0076
37934.98056
38182.75206
38591.17313
37784.97267
38432.31026
38164.97567
38644.5845
39171.69803
36091.45407
36219.05623
36083.29993
36282.82953
36199.94134
39297.24436
38796.51654
38340.53749
38617.75452
37965.22615
41673.84163
40972.1265
40593.85404
38154.19506
38914.40833
41030.50493
40515.79841
40262.93177
40498.89977
41005.078
38867.97404
38064.11129
40540.8754
40922.14453
41619.71858
40979.64913
40368.47806
40025.20588
38574.05833
39037.05829
40894.15754
40414.80179
40222.85157
40436.68705
40791.66257
38909.35463
38492.50542
39916.69658
40274.03475
40904.86087
40621.3798
39995.0095
39205.2368
39349.73054
39839.79361
39773.90955
39835.15546
39684.01298
39789.94742
39589.17069
39700.57318
39228.35503
39106.74831
39905.18055
40558.41087
38150.81759
38659.76619
39329.62857
39646.73804
39322.93272
39071.92254
39245.12254
39192.73103
39168.44326
38908.82962
39176.70198
39519.93398
39230.31295
38563.80885
38055.09768
38942.45667
39024.15344
39772.88167
39264.82699
38709.09397
38641.01979
38890.30357
39512.73969
38886.10558
38492.30545
38575.50365
39140.27758
39663.94922
38904.41373
38897.45914
41106.43046
40879.13095
39493.46829
38890.82587
38531.37734
39026.06281
40015.40925
41790.09401
40137.46715
39057.96919
38418.37523
38769.85204
39376.55224
40815.94148
41073.11205
40598.71772
40550.46962
39733.84516
39166.00369
38765.14082
39677.77868
42137.09902
39045.83908
42813.92797
40167.69178
38866.75884
39084.11494
39685.59952
40560.70107
40593.80517
40388.32919
40298.65817
39698.44799
39158.69833
39243.63508
40909.59192
41003.56202
43980.23829
39000.81619
41927.01304
39529.55475
39170.12059
39701.23078
40320.2918
40408.52195
40667.05509
40485.43375
39880.47754
39255.40694
38670.41494
39412.08086
41335.14361
40862.0165
42176.96621
40055.49572
38908.95309
39293.26172
39950.29345
40542.21045
40719.24338
41195.04034
41078.64269
39991.95814
39114.33749
38594.73541
38802.69237
39394.47998
40833.3718
39664.65641
39052.0238
38718.6597
39230.24006
40109.38064
41154.42941
41257.9716
39018.18756
39312.61806
39912.01048
39300.15042
38634.01353
38520.57054
38626.87582
39198.67845
38763.89462
38639.88717
38798.16623
39469.81278
40068.49559
39428.67939
39112.66518
38498.63336
38771.47969
39406.01298
39625.17259
39255.96854
38988.2682
39185.37241
39142.67443
39244.44148
39114.59147
39424.18721
39799.52298
39561.82364
38908.93258
38617.12603
40807.01955
40192.38281
39249.14696
39358.15768
39870.81911
39782.31276
39836.0084
39729.98565
39922.27873
39917.87101
40039.77699
39516.30576
39406.80327
40333.19773
40932.05476
41224.8738
40558.72356
40186.36438
38785.81616
39360.01927
40968.36008
40539.39504
40394.97929
40606.00033
41060.98181
39504.43776
38946.53726
40334.83229
40711.87065
41363.72909
41980.71558
41222.96608
40804.24989
38519.38038
39078.74848
41322.22776
40740.37282
40530.50783
40788.63313
41415.09455
39204.20704
38677.35657
40953.07328
41387.91883
42119.73324
47073.30024
45520.46548
44968.38612
48274.79863
44522.98538
42297.65353
41909.94768
41925.14409
41889.04139
42226.14999
44441.19581
48216.89059
44883.76995
45447.08278
46981.82325
45510.97871
44984.55145
45708.27634
44989.34776
42527.19888
41294.83584
42116.47434
42105.91062
42047.34123
41203.12109
42425.32515
44890.94664
45603.22966
44853.75403
45412.41092
45002.17963
45837.27845
43531.98555
42001.08196
42100.62811
43997.97032
43286.10217
42827.53359
43315.72727
44201.72582
42012.29024
41868.71008
43406.10293
45725.78664
44927.58072
48391.30569
45031.20608
41842.71512
42397.9009
43468.54334
43740.93689
42867.40064
42714.77581
42867.08669
43764.12765
43352.96325
42241.82423
41694.84512
44925.21017
48306.25456
44592.83818
42537.41544
42102.95046
43477.92113
43207.60526
42950.65393
42652.08493
42768.99076
42810.65923
42949.52469
43077.18154
43351.67325
41989.7198
42441.00068
44512.36556
42306.24675
41272.51227
44562.14068
43962.11275
43135.4337
42507.6434
42664.7474
43545.92479
43043.32815
42516.05773
43038.63497
43875.90388
44521.54624
41208.61587
42252.74629
41995.8618
42096.81805
43404.44821
42936.04482
42810.50611
42900.62621
43704.79708
44640.29742
44079.34799
43076.04498
42810.56434
42846.59921
43352.43088
42060.54194
41975.37674
42055.41458
42180.29225
42879.47137
42708.00029
42823.98607
44407.78558
45593.34836
44581.2816
44528.01362
43603.60175
42723.51966
42672.25114
42846.67936
42189.09767
42056.82698
42061.89956
42222.13498
43183.88577
42770.13218
42427.66204
42324.53385
43232.36103
45490.19583
43696.73615
42657.8285
42549.49386
42800.34365
43224.07599
42264.90574
42098.44453
42518.0877
41446.18259
43579.18434
43498.97414
42690.27841
42206.41541
42283.74229
44292.60235
42827.87175
42429.29516
42827.94856
43613.05169
43640.21203
41513.56258
42568.91399
44763.1972
42659.86258
42071.93596
43348.79853
43035.51298
42761.77795
42433.13772
42756.69204
42693.64992
42955.40158
43225.66177
43523.12347
42200.16483
42756.30525
44844.39699
48446.8839
45178.18634
42061.88195
42397.47233
43347.76037
43605.81738
42785.58896
42689.92882
42889.62217
43772.88881
43530.87813
42561.98844
42198.64453
45310.12608
48573.85996
45124.67065
45746.89113
43784.20561
41978.48404
42033.93933
43927.61706
43294.55469
42961.02161
43382.44178
44069.37393
42191.82328
42142.13088
43929.10198
45883.40063
45261.30587
45766.39005
45143.8713
45840.55251
45187.42767
42640.53687
41362.85515
42222.23917
42279.67297
42267.38733
41447.5693
42759.14236
45340.01307
45996.1096
45304.53439
45912.5781
47434.48508
45763.02898
45137.69714
48519.65608
44801.29906
42469.43323
42129.95271
42191.36076
42168.89082
42530.63853
44904.93703
48655.84867
45273.36277
45929.13531
47508.89966
35059.88071
40019.77397
40738.73076
41602.92916
44392.63654
46275.70506
45218.64963
44933.47239
45159.12689
46207.09133
44327.91148
41542.76041
40633.97643
39878.55917
34941.42328
39705.60789
40717.39323
42959.16163
43370.79631
43770.6723
45296.95058
45916.42151
45946.35194
45932.59844
45209.3184
43671.65837
43253.22865
42844.85745
40617.52341
39634.74033
41011.21947
42678.74093
44901.26108
43514.95291
43227.57176
40475.16467
44481.77095
46801.41453
44465.84209
40275.04351
43135.64775
43483.70787
44856.16633
42576.06997
40958.31156
41686.17331
43222.42574
44388.80087
43519.04711
42855.21398
41591.29309
43606.44292
44226.39548
43566.57817
41358.49708
42739.59202
43383.06928
44182.74452
43117.96457
41664.96576
44426.68788
43756.31159
43449.36366
42925.97221
42924.43021
42188.67453
42749.60793
43845.30567
42658.37589
41961.73027
42788.92588
42803.44635
43337.84688
43647.74517
44253.82785
46268.66746
45230.13528
40401.12138
41388.99303
42015.42602
42714.28528
43098.2942
44003.12808
43259.93416
42522.16989
41849.68943
41262.48623
40344.79121
45133.71218
46284.43337
45235.85831
46031.5241
44555.01007
43610.18055
42720.7209
43239.4064
44165.59204
44510.15572
44549.93154
43215.35567
42577.06487
43513.57991
44506.18391
45989.65094
45189.49994
45069.73617
45993.47468
46803.41913
44224.3267
43864.74862
44273.86028
44424.76642
44677.07202
44504.47171
43970.74842
43787.04182
44186.11568
46774.58187
46000.11168
45076.06515
45436.69029
45907.96973
44487.83095
43559.97991
42720.97615
42960.59071
43705.12127
44399.87021
44172.13602
43107.60177
42765.1268
43605.519
44543.38846
45948.21231
45484.58858
46561.65133
45329.51469
40778.20178
41721.48528
42186.60445
42643.40593
42870.57343
44195.62458
43227.74313
42770.07589
42327.2372
41864.82029
40931.5027
45372.77519
46635.89382
44532.86302
43841.38487
43197.23531
42745.20177
42729.26397
42003.8548
42609.05169
43797.51169
42736.11855
42164.41462
42912.03467
42912.45827
43323.32364
43936.0424
44629.8493
41649.55251
43484.2128
43472.12135
43447.13758
42781.83417
41469.8004
43521.39929
44192.73958
43625.43846
41616.3028
42952.59407
43604.7081
43585.7555
43645.32828
41780.99727
40974.14918
42759.16682
44719.99874
44404.48648
43336.60127
40378.96788
44484.97619
46840.19702
44559.01871
40498.56089
43469.51668
44527.33342
44877.1259
42924.20642
41100.30943
40265.6512
40968.39149
42749.32235
43437.33116
43835.44761
45199.03273
45997.47444
46146.8981
46056.23629
45272.87131
43955.89245
43593.25247
42891.19822
41094.23589
40404.03777
35354.95502
40046.26747
40909.62685
41645.88883
44560.67716
46649.37206
45407.69302
45223.01079
45463.47089
46736.13622
44664.67014
41758.95882
41001.61569
40140.23316
35486.35172
30149.31856
38231.76644
39748.77708
41244.75305
44039.55516
45586.54359
45087.51759
44854.08276
45079.30428
45551.17892
44001.78845
41157.37009
39638.50988
38096.8683
30046.05221
37982.16905
40056.17967
40475.38372
43359.03319
44594.63241
46734.94335
45467.99097
45854.22319
45505.70532
46945.70321
44531.59706
43225.56907
40181.0013
39935.67357
37896.91445
39671.41738
40190.34586
44280.99911
44772.64144
44853.5254
50108.46348
45125.16221
45660.75968
45089.32381
49835.5285
44789.49392
44687.51307
44164.99766
40051.61529
39620.91074
41201.78027
43304.8538
45027.2012
45251.6744
45772.64889
46301.42417
45166.4099
46035.31254
45104.4034
46196.4507
45643.29654
45146.269
44923.74692
43218.07417
41132.48384
44102.00319
44666.29786
44945.36037
45776.37477
44596.06637
45000.75146
46641.82307
46649.23249
46711.53877
44891.06161
44474.09405
45660.02658
44858.11815
44587.90794
44025.40407
45645.91716
47215.84146
49512.56503
46121.0793
44891.8469
44611.62378
44581.73487
45260.83996
44675.66024
44577.97402
44768.55927
46004.02472
49364.04701
47164.29006
45592.56064
45186.61519
45642.29068
45131.39221
45699.35521
46609.8755
44494.65524
44969.12635
44551.34755
46002.51518
44442.63145
46570.77667
45812.35948
45083.2013
45587.11957
45163.97334
44951.38474
45905.09375
45689.11285
46045.35205
46623.69086
45385.71614
44211.97636
44825.69782
44593.07116
45216.53806
46612.24467
46035.31784
45695.98813
45924.9807
44990.32436
45217.49414
45465.08165
45172.91779
45182.69326
46552.87134
44527.86771
44038.69431
44240.62999
45046.55223
44681.96361
46682.61496
45269.96581
45250.21074
45518.59466
45278.78608
45784.65781
46203.70551
50415.37299
46275.17031
44934.8416
44439.49921
44322.80218
45344.81652
44650.79153
44669.20011
45100.20647
46422.14962
50542.86666
46195.37694
45840.82288
44159.38978
44654.319
44866.59147
45755.15829
44568.72732
44876.62703
46462.61943
46585.82992
46659.70063
45089.66194
44785.37636
45923.56436
44966.60991
44754.83916
44231.10368
41348.38513
43426.35306
44803.07054
45200.50593
45740.74736
46234.6234
45091.44185
46016.18656
45188.91712
46424.98532
45925.17049
45329.65702
44926.38981
43610.4586
41472.56538
39731.07231
40889.2822
44194.81741
44944.56594
44879.04497
50223.29005
45128.57646
45678.13652
45222.44845
50377.59033
45011.57283
45069.7832
44375.90118
41091.48174
39862.86236
38428.02591
40188.38021
40792.27787
43415.17562
44683.54332
46763.69456
45572.40875
46006.88368
45668.4979
46890.37827
44806.32407
43545.65923
40929.71441
40312.85009
38563.61781
30366.44049
38250.25802
39665.41414
41286.48603
44179.04858
45683.87248
45283.95185
45122.23694
45343.13554
45739.77037
44250.8601
41385.09467
39754.43047
38331.42963
30530.81263
-34401.45942
-28927.86089
4772.645129
23670.59993
28708.11793
25405.24611
5827.389929
-2814.245814
5297.078654
25488.23814
28683.53945
23632.3433
4739.17543
-31111.89547
-34222.36237
-33654.58529
7651.671201
21661.07977
33807.89714
38453.24453
36935.41793
22101.34254
16258.62918
21967.80223
37546.17082
38565.11886
33598.4451
21629.23187
8030.269693
-33450.18486
4698.232955
21439.97789
32923.87076
39753.56498
42791.33617
40998.18348
33553.32932
32060.97304
33434.00717
41173.65152
42804.17706
39577.69532
32814.17924
21459.84647
4596.309965
23831.926
33653.10942
39780.10296
43200.06764
44014.38127
42644.12836
39599.6231
43366.2329
39396.91105
42606.39146
43813.82802
43055.23625
39640.25667
33521.0821
23719.48733
28855.73991
38713.66159
43016.34873
43782.96203
44892.53084
44235.60149
44143.95431
45122.37548
44026.56836
44130.35525
44892.7071
43686.86786
42910.34356
38621.91559
28814.2021
24535.02145
37737.44219
41464.23219
42768.90951
44220.89654
44932.36907
45191.01337
46101.78265
45260.02886
44804.06486
44103.73857
42678.49354
41366.24445
37599.89958
24364.67966
5484.577926
22274.93216
33550.76299
40781.6088
44196.67102
45211.11236
47004.16791
47168.44184
47629.98121
45243.65805
44230.62557
41151.2035
33431.21958
22270.71747
5437.769745
-2247.812154
16506.08121
32334.91137
43343.36457
45031.5233
45962.34497
46735.85553
45318.78281
47165.13752
45991.91551
45018.60291
43377.59192
32339.18667
16499.28542
-2256.819629
7179.531167
22147.28701
34084.79625
40111.88455
44039.97528
44939.94637
46388.8137
46734.04212
47007.20362
45058.89335
44087.18008
40233.66952
34235.4275
22175.49563
7357.702888
24465.9705
36366.14478
40979.09077
42624.47368
44086.28922
44914.41286
45019.27623
45988.5837
45235.77623
45016.86329
44252.914
42739.63638
41075.98901
36478.52928
24285.04712
25770.99397
37303.15879
42583.79366
43957.16861
44838.6054
44047.96581
44007.9121
45106.95294
44116.35979
44240.06245
45031.95846
44108.06061
42663.81261
37287.86211
24892.82271
23830.01361
33946.11156
39765.45946
43152.41464
43729.06777
42560.5287
39525.37228
43389.52755
39579.95366
42704.58968
43897.04831
43304.29472
39915.54136
34066.23575
23917.43755
4310.740731
21856.96672
32888.90536
39734.45996
42835.90093
40987.73357
33499.01436
32120.93455
33549.602
41118.02232
42969.61311
39882.79985
32993.48701
21797.19396
4361.519164
-30013.58244
7692.681819
21691.21242
33703.66679
38539.17669
37002.0698
22081.92947
16403.80461
22073.84382
37114.69399
38654.69989
33788.01921
21677.59767
7411.482422
-29780.58415
-34496.14547
-33974.61799
4174.046913
23591.17711
28788.99587
25485.10834
5730.143144
-2583.825968
5687.647908
25540.0797
28881.88602
23650.16806
4221.180333
-34342.5508
-34449.27889
-170519.4356
-113626.9112
-60525.02959
-9141.779414
8080.367929
18841.94064
7047.102033
-2758.32792
6474.126094
18883.8188
8191.234501
-9194.379547
-60505.16264
-113804.3103
-171541.926
-116772.9499
-90601.09242
-32184.97622
5893.072964
21627.70279
28646.86911
20259.46715
9716.16766
20198.0436
28863.56993
22161.73027
5530.671477
-32160.26206
-89999.90841
-116409.0588
-61197.76517
-33710.04061
-15836.571
17076.36262
32824.30329
37664.31559
32318.01418
22042.84168
32177.46319
37722.37168
32880.52066
16668.47754
-15830.73169
-33354.32564
-60957.53195
-9114.147293
5149.53801
16186.2207
34155.39716
40345.99066
40989.02457
38810.65289
32416.70354
38567.62682
40929.05689
40232.22253
33927.51606
16086.76287
4974.434803
-9277.281569
8359.387287
22542.44778
33132.30575
40265.09723
43199.05535
43678.84782
42081.62592
42953.19896
41944.25701
43558.36061
43090.44525
40150.73329
33029.51651
22487.7709
8353.295055
18755.83809
29322.9979
38071.74522
41101.28717
43783.04988
44282.25457
43730.7049
43876.59176
43663.77814
44213.25373
43586.3614
41009.42682
38008.2262
29271.04764
18634.74589
6645.053585
20612.15354
32429.5793
37577.0318
41679.69215
43664.33254
45375.94369
45840.52996
45742.21903
43583.84711
41558.56529
37662.6629
32396.1074
20643.10431
6628.073524
-2273.732172
9985.599748
22152.76043
32428.48705
42977.96606
43891.81344
45657.67514
45784.74083
45918.18987
43879.31855
42950.79958
32366.73217
22117.07475
9964.978447
-2312.052855
7915.687827
20310.766
32578.39135
39219.73683
41870.13205
43638.3554
45051.58395
45623.75982
45470.78167
43712.27812
41974.21261
39278.62955
32570.19503
20357.23514
8033.069809
19060.5829
28730.19969
37666.57039
40969.97573
43525.99596
44201.78918
43635.88894
43797.35575
43735.52215
44297.9109
43686.1915
41065.01101
37772.83467
28858.1789
19104.7032
10270.24099
20997.20982
32530.47968
40217.034
43017.38684
43453.00071
41950.8448
42935.43801
42069.59619
43643.63906
43187.8189
40352.6001
32677.25214
21069.86537
11147.3604
-9850.839184
5699.085236
16793.08138
33997.91058
40145.65519
40879.08254
38724.99699
32441.23885
38754.80853
41005.58344
40289.51565
34224.64155
16962.15088
5618.093211
-9946.309293
-61714.42844
-32905.06873
-15657.82334
16479.68054
32602.14462
37578.98826
32259.77365
22074.28429
32299.75699
37702.34431
32751.30878
16637.22712
-16154.17759
-33109.44819
-61203.7953
-115100.7635
-91395.12697
-33486.44359
5363.470216
21587.24484
28597.3904
20216.52876
9824.214937
20207.61273
28701.72391
21751.47168
5440.147887
-33881.48086
-90000.53118
-113663.6597
-168746.0326
-115390.5554
-61986.24428
-9598.730577
7959.408509
18818.32959
6899.547366
-2568.134631
6853.182124
18867.58341
8061.030258
-9459.207303
-62197.06695
-115445.4295
-170877.1008
-103596.5843
-71217.65029
-38325.21785
-6741.327145
4523.75011
10952.77767
3961.640915
-2038.498498
3646.064482
10984.26974
4389.555038
-6622.084192
-38428.23166
-72064.91149
-103671.6806
-73423.8727
-55108.14323
-19792.91856
3162.914786
12454.05571
16811.42767
11590.66306
5612.238694
11593.94048
16924.50214
12698.96984
3018.572128
-19800.03245
-55099.78123
-72926.11487
-38644.10528
-20660.28369
-9385.874029
10283.00094
19451.17325
22194.15968
18083.66277
12871.44296
17989.91876
22168.16553
19383.41115
9999.751203
-9415.432621
-20437.29508
-38542.86706
-6646.057415
2723.999311
9752.489084
20477.98555
24020.59703
24268.46983
22360.31596
19077.06901
22195.44278
24131.39496
23822.71601
20269.33763
9640.325502
2643.019223
-6732.822722
4539.870027
13063.21402
19619.82775
23968.72049
25699.5706
25619.99084
25039.49912
24019.76322
25066.30705
25413.34114
25456.99108
23809.22198
19542.90888
13046.00508
4526.966618
10959.70676
17201.33858
22405.22346
24319.80567
25743.53653
26333.002
25935.89129
25915.04332
25930.70937
26168.52568
25540.97107
24185.52782
22372.19216
17234.53016
10893.62421
3716.841227
11758.82287
18133.47222
20938.97503
24950.34119
25928.681
26874.43065
27146.70023
27096.56912
25865.09218
24837.01732
20252.40282
18169.33206
11798.85896
3699.027483
-1771.69382
5790.465749
12917.7564
19073.68138
24112.52047
25949.63491
27053.66212
27271.17731
27211.81822
25944.78957
24070.46265
19021.10336
12891.65178
5771.655608
-1811.829038
4404.960124
11732.43994
17900.50557
22463.29988
24979.0296
25914.50723
26730.22686
27058.43745
26982.85661
25978.97545
25002.98172
22450.44231
17756.65857
11765.54702
4446.776501
11203.54465
16978.50929
22197.61278
24177.62801
25396.28916
26192.79471
25855.05666
25870.49828
25952.31834
26304.75389
25535.72345
24302.52162
22332.0097
17127.73456
11207.8119
6660.829827
12269.16214
19262.60968
23804.07415
25412.85348
25337.75353
24936.0235
23948.99028
25050.01464
25512.9517
25625.39712
24013.04544
19478.34865
12408.98198
6981.173278
-6930.380253
3115.004719
10146.51643
20345.62474
23817.41272
24120.38671
22260.91778
19065.90962
22312.24258
24241.65879
23979.67086
20501.24016
10289.843
3137.624346
-7026.860366
-38628.85102
-19971.70884
-9263.8506
9932.584072
19326.21774
22151.1677
18031.98838
12875.09225
18060.92564
22265.0201
19482.47763
10032.40511
-9359.414901
-20011.25843
-38480.39985
-72417.30492
-55361.02507
-20199.04954
2959.354074
12472.89816
16874.54673
11626.34223
5708.21205
11630.62904
16978.05453
12630.64803
3007.625227
-20335.96163
-54693.32765
-71427.06076
-102312.3353
-72080.31212
-38567.13376
-6745.532184
4485.790727
11011.78959
3938.048835
-1903.70126
3901.511151
11113.73349
4504.934805
-6715.228454
-38493.10626
-71826.80565
-102648.6634
-102710.2464
-71490.92249
-39699.9782
-8246.571477
4383.910006
10756.20366
3871.78852
-2233.098135
3263.383155
10266.5416
3910.074733
-7500.880284
-39164.58718
-72886.17689
-102855.9015
-73606.27648
-55050.18098
-20071.38518
3007.032279
12884.99005
17013.73593
11566.11939
5510.433659
11332.73164
16678.70225
12792.64527
3137.141804
-19392.16403
-54820.09733
-74143.45991
-40007.95718
-20933.92885
-9366.48245
9968.010504
19292.4938
21730.56985
17512.56253
11996.42624
17129.61976
21484.34428
18943.08268
9725.240816
-9112.432105
-20519.72628
-39639.10986
-8163.717613
2566.131387
9446.296367
20360.23225
23953.77864
24019.12969
21916.01491
18408.2413
21716.39954
23838.34699
23666.20887
20215.81782
9422.141877
2311.814808
-7657.161954
4094.586047
13540.7638
19431.76048
23932.17259
25732.82072
25568.15386
24810.56979
23670.69041
24856.32734
25488.10325
25613.47967
23993.95569
19434.67412
12943.92564
4065.442072
10728.78118
17308.6216
21897.86271
24051.91272
25653.25027
26338.28595
25778.79516
25561.77738
25794.33409
26238.36105
25600.44846
24224.68744
22061.17629
16780.11349
10355.65239
3523.699955
11627.34444
17343.74498
21287.53905
24744.0725
25768.10035
26454.5245
26535.12761
26616.5053
25662.56763
24654.44366
21121.11447
17710.6469
11372.17759
3383.753802
-2107.193971
5602.768862
11967.8339
18387.8506
23668.57064
25586.1687
26437.83227
26454.16834
26485.48712
25425.82832
23584.41438
18665.93327
12386.94572
5458.9493
-2005.265127
3792.319805
11414.12751
16280.10773
21738.41864
24785.9601
25788.02802
26275.57175
26339.10152
26353.27151
25576.39417
24614.43256
21898.36693
16473.91455
11246.70232
3953.449861
10390.82763
16675.02136
21418.36216
23827.74082
25453.43554
26232.91136
25617.26013
25336.93434
25516.81295
25993.2007
25267.39392
24015.25444
21740.2485
16520.76703
10553.03604
6180.064094
12271.09959
18779.69101
23574.88084
25518.37497
25389.56602
24681.04446
23479.03294
24598.32437
25206.45566
25381.04157
23863.88878
19213.28169
12136.54997
6333.662203
-7988.27757
3040.295635
9682.109552
20140.81238
23912.58052
24126.36474
22117.51803
18677.98283
22010.04863
23972.31275
23856.23213
20533.41814
10192.70831
2871.204816
-8044.811829
-39643.14722
-19772.86781
-9173.907428
9538.662012
19101.58563
21779.21782
17738.87899
12380.5003
17654.95435
21684.4336
19133.07607
9932.126705
-8827.798311
-20068.09597
-39710.97586
-73082.35083
-54779.5422
-20349.99177
2464.405344
12101.86925
16345.47598
11158.74358
5334.824398
11097.31634
16319.45471
12199.30067
2723.987825
-20306.05737
-54956.11252
-72518.82265
-103015.1069
-73303.93486
-39816.95228
-7886.487944
4062.257698
10276.12733
3527.128497
-2133.077745
3480.49719
10301.30883
4070.038502
-7813.740557
-39763.42809
-73036.97109
-102270.6003
-101812.2952
-72905.04686
-40036.40382
-8080.36848
5304.84512
10622.90303
3679.981241
-2241.284211
3173.114513
9926.771985
3884.546913
-7653.41037
-38951.93359
-73182.25917
-102974.5142
-74830.30557
-56249.86807
-19873.1834
3058.555392
12254.99331
15888.9035
10406.88311
4625.932801
10324.26983
15514.7547
11630.91366
2696.400256
-19368.97705
-55366.5803
-74841.07516
-40250.23336
-20794.26067
-8742.185338
10488.17986
19101.89434
20859.43689
16494.83543
11297.24984
16534.18819
20735.5954
18477.39767
9759.136285
-8718.597397
-20019.19808
-39568.78476
-7980.612525
2649.361593
10016.62566
20727.10911
24047.49255
23689.81083
21394.33655
18055.61254
21510.04262
23700.99435
23615.5577
20157.19355
9692.004985
2535.932463
-7817.322504
4608.575941
12660.41046
19227.48135
24055.2647
25949.67161
25405.88315
24383.39046
23268.81585
24693.12129
25471.89038
25647.61779
23802.14451
19049.75742
12245.68807
4026.032277
10535.18938
16119.50226
21022.50057
23746.90303
25442.87605
25744.4954
25014.60455
24796.74899
25243.92349
25868.89511
25363.71123
23777.71111
21247.37656
16033.6233
9948.583922
3357.421157
10484.75318
16436.26521
21121.94014
24390.59597
25010.57204
25456.25402
25557.44903
25791.2383
25098.2569
24315.80253
21114.66432
16956.33144
10830.80867
3184.785793
-2133.417681
4732.413679
11275.63679
18070.3491
23324.73812
24840.70116
25470.86665
25519.31576
25644.94555
24781.36799
23122.45486
18116.85273
11728.55586
5144.588722
-2070.452725
3594.303066
10411.86598
15525.28131
21395.30407
24674.43794
25283.77647
25492.67319
25515.84337
25650.72107
25110.35739
24316.25135
21264.08024
15840.93314
10746.43062
3721.066984
10054.08726
15615.81742
20692.02184
23708.79331
25469.23753
25889.00378
25069.28249
24696.38522
25028.94418
25669.13298
25105.01684
23608.92628
21009.22407
15988.09937
10217.82718
6110.475017
11387.72767
18348.72494
23537.51279
25590.59951
25221.25234
24294.199
23006.91751
24239.61755
25054.5395
25330.17421
23620.42958
18867.41507
11825.0579
6198.937345
-8174.563055
2659.79099
9738.478575
20018.43134
23718.51595
23689.26471
21536.13432
18119.70797
21460.0692
23580.38577
23630.29011
20291.7857
10393.06435
3024.222478
-8446.733702
-39738.94497
-19670.81455
-8652.894469
9806.909736
18707.07579
20986.51729
16964.6594
11757.49545
16921.72159
20973.20385
18790.19462
10142.56729
-8192.059536
-19540.00116
-40153.06844
-73303.39009
-54952.51262
-19808.98844
2691.247839
11664.20092
15678.39866
10641.02238
5055.054938
10633.48817
15763.23013
11833.21373
2863.748815
-19809.68596
-54842.99341
-73073.97685
-102889.5271
-73743.59268
-39734.42789
-8083.38087
4371.926191
9902.155612
3330.338361
-2158.896404
3358.478875
10049.64305
4455.668012
-8208.589061
-39968.5027
-73604.04946
-102347.1846
-103615.02
-74217.33416
-39609.50539
-8170.567526
5244.863156
9556.227823
2853.050859
-2762.756535
2541.737167
9017.830479
3499.853978
-8394.317583
-39007.94408
-73763.81043
-102846.0384
-75993.29538
-55443.43939
-18537.39834
3305.781263
12035.51996
15242.47314
9768.884053
4298.260539
9883.871983
15075.65732
11359.88805
2307.1787
-18930.26541
-54767.46107
-74915.31709
-39790.32564
-19596.59833
-6782.456727
11133.8618
19105.05071
20588.14207
15923.01205
11241.47393
16560.23696
20742.15523
18492.07198
9818.793643
-7643.721397
-19263.83502
-38860.92867
-8092.681776
2887.907896
10680.23556
21277.39982
23982.93968
23389.65987
21075.4793
17909.48366
21405.95806
23679.08826
23680.22983
20279.67318
9595.920118
2380.872893
-7869.334867
3998.466784
12374.3313
19120.33911
24004.89019
25282.53699
24587.669
23586.04809
22504.48299
24054.85149
25059.8899
25304.11457
23469.95773
18449.18852
11911.01849
3838.456627
9429.208413
15354.17064
20697.89578
23431.12269
24609.63271
24852.12272
24136.05391
23911.91779
24526.03699
25321.6949
24843.13757
23231.16372
20508.2669
15390.79665
9505.406973
2587.151783
9834.503646
16140.43633
20916.14882
23640.97581
24137.98716
24506.39544
24627.44806
24978.17963
24515.62381
23765.58329
20723.95403
16166.76715
10240.87447
3075.436943
-2653.804995
4398.024015
11230.97303
17930.58012
22523.05288
23964.02837
24545.5531
24605.05175
24851.06699
24156.55465
22479.84216
17583.90408
11080.23673
4768.850173
-1990.888972
2888.695588
9955.76114
15721.5651
21252.63107
24155.32024
24606.94187
24711.79684
24732.55488
24974.07869
24652.74102
23924.17646
20723.42763
15478.47632
10250.43206
3621.754417
9133.630942
15253.3742
20712.40136
23724.64703
25093.91686
25354.59695
24496.02893
24079.30638
24542.93245
25316.93649
24816.7739
23260.97871
20510.97479
15662.65731
9955.559581
5007.096276
11178.29426
18479.48989
23621.11935
25255.52313
24739.23675
23705.42878
22382.95907
23725.25417
24738.32283
25096.40338
23429.93512
18593.14124
11718.51331
5696.642632
-8892.392455
2376.992815
9806.663455
20026.91078
23400.55209
23180.84896
20930.07953
17598.59191
20922.68754
23235.81029
23451.4368
20070.85971
10074.72079
2762.628106
-8728.979588
-40038.32487
-18884.03503
-7448.38466
9621.851164
18249.9467
20329.30863
15952.22745
11099.30113
15985.52352
20485.98797
18493.1492
9818.421597
-7380.756294
-18844.29035
-40128.54484
-73976.27224
-54308.88414
-18918.26986
2543.702032
11428.93395
15186.24024
10083.95566
4712.779532
10163.87389
15451.84187
11735.18379
2523.548596
-19356.93933
-54485.08763
-73396.61823
-102406.7605
-73692.49768
-39031.52289
-8128.018398
4603.904926
9519.087415
3204.380175
-2049.828346
3335.776094
9841.659707
4765.864033
-8496.350947
-39727.22926
-73919.35452
-102011.9949
-102789.2625
-72191.1794
-36802.39598
-6941.617521
6065.313722
10034.83807
3578.824234
-1670.430835
3431.723543
9709.419971
4494.736211
-7436.227088
-37112.04827
-72617.12789
-101516.0776
-73914.36663
-51832.59718
-15753.77347
4964.70706
13105.5344
16093.78889
10922.05373
5772.109426
11130.08674
16148.07723
12626.07494
3810.132895
-17124.11725
-52562.97784
-73804.20203
-37009.89782
-16859.42567
-4161.124548
12829.00142
20148.10117
21243.11744
16595.31907
12387.4763
17547.03262
21629.29319
19856.72757
11508.11617
-5815.492589
-17756.44303
-37171.10916
-6917.360492
4511.886558
12087.61685
22091.12455
24437.0676
23881.82577
21566.14175
18607.14563
22098.76881
24410.8951
24522.93191
21291.39316
10636.16057
3161.11791
-7339.220582
4573.353924
13314.1177
20142.82105
24465.67231
25584.56523
25029.35583
24018.1615
22863.6558
24567.02438
25702.52499
26034.83926
24114.51835
19153.82782
12205.40095
4038.345889
9826.007102
16113.20868
21385.71862
23917.09457
25033.5301
25178.50443
24470.28872
24193.89438
24913.97706
25847.96936
25561.72371
23831.5082
20769.84882
15441.9613
9591.367756
3349.856408
10959.42928
17069.54314
21496.20399
24064.07445
24456.12261
24799.97559
24919.99674
25328.57693
25046.64592
24511.1194
21399.02558
16542.82801
10532.37341
3443.690637
-1586.587713
5841.016212
12384.62361
18614.72386
22943.95208
24249.78413
24841.25935
24912.03566
25209.3698
24646.7991
23165.79088
18287.04157
11647.62682
5308.253606
-1386.999761
3701.156032
11183.80766
16949.07832
21884.13589
24735.12412
25020.95697
25087.39316
25100.74421
25383.67294
25244.22925
24742.09423
21370.44534
16129.33585
10622.70406
4010.389228
9808.045478
16284.54048
21570.96776
24438.7287
25743.97027
25882.44087
25040.7886
24577.33989
25113.04973
26002.12566
25727.29768
24017.98189
20907.42494
15938.1494
10281.72237
5812.85728
12515.36209
19785.99978
24445.99504
25976.87038
25508.62178
24464.4229
23097.05663
24482.46029
25646.5816
26115.88785
24324.71906
19499.08066
12375.13333
6174.348195
-7908.567465
3977.801535
11574.8808
20913.54565
24032.00134
23778.06482
21481.91959
18294.5676
21503.63144
23983.83818
24351.3879
20987.13135
11454.02019
3623.958248
-8231.266367
-38312.86362
-16880.30005
-5485.926991
10673.05877
18907.70716
20524.97784
16061.05842
11614.26189
16136.6212
20846.86603
19397.95953
10860.94632
-5756.14783
-17583.80552
-38955.79953
-73086.80959
-52263.71981
-17407.59044
3319.989525
11848.3971
15297.84491
10367.55948
5247.182679
10520.12606
15750.99063
12384.27267
3289.558138
-18227.06539
-53122.9163
-72942.54661
-100889.7341
-72695.96627
-37365.45923
-7558.246658
5194.100762
9681.628902
3524.267319
-1449.149894
3755.567233
10179.46497
5501.864963
-7982.847111
-38335.29433
-73319.03521
-101196.9972
-99858.08963
-69562.27453
-34144.22837
-5989.616171
6752.159732
10437.8799
4319.342119
-624.7186197
4265.570548
10339.20689
5670.575579
-6200.186176
-34736.8652
-71020.71063
-100047.4924
-71341.23598
-49144.36461
-14725.60548
4961.006936
13087.48399
16190.52234
11218.70913
6299.349228
11415.50236
16392.56857
12966.5358
4319.414605
-16198.7771
-50711.23328
-72694.39915
-34481.93779
-15983.25691
-3228.084387
12798.51293
19561.42632
20907.3643
16276.68199
12275.88376
17131.57015
21386.91812
19715.26386
12204.95148
-4472.914396
-17108.56904
-35613.91576
-6036.665504
4530.249211
12473.15779
21722.45206
23802.50632
23348.66405
21003.63731
18213.46106
21578.01402
23999.26131
24306.61156
21638.94708
11651.28036
3181.589365
-7090.177353
4893.248372
13132.77216
19521.82622
23849.20411
25140.07972
24569.46649
23491.71266
22311.57576
23938.82235
25240.15955
25721.52757
24070.18116
18997.08821
11966.01868
3700.600513
10206.59924
16188.89263
21014.61613
23387.17781
24517.3284
24788.49607
24126.70988
23791.10515
24530.96515
25534.0668
25353.21114
23837.65725
20753.48876
15320.41136
9269.315927
4140.934615
11277.11342
16896.82859
21067.51504
23520.55934
24099.59145
24452.10087
24549.86528
24948.89132
24789.48365
24315.46101
21479.43377
16604.29516
10520.80135
3415.59495
-553.4179378
6364.10134
12310.86048
18248.53238
22353.63384
23836.5176
24471.18214
24506.1702
24811.21635
24335.46386
22941.96977
18407.12231
11820.85808
5469.558813
-1244.145583
4488.361794
11488.53984
16833.93544
21431.33
24173.00237
24652.03747
24729.55228
24708.72545
24977.12987
24954.87319
24527.64441
21389.2256
16284.5228
10644.28551
3979.605611
10397.46647
16549.77705
21416.25935
24068.23107
25299.76752
25565.8744
24791.68827
24266.42659
24811.78569
25755.59328
25600.83034
24144.98591
21105.1016
16012.63069
10126.68195
6540.441852
12938.98293
19658.49061
24242.06982
25644.46571
25281.52674
24236.36434
22898.33525
24202.18488
25484.87435
26063.92957
24595.19444
19707.58999
12611.05337
6156.627505
-6604.540055
4512.732359
12181.15885
21179.73438
23984.45693
23766.62261
21408.56687
18369.4638
21405.88045
24063.11204
24617.12106
21678.50757
12309.12846
3922.714171
-7699.997389
-35852.3825
-15437.48118
-4236.822147
11361.85251
18792.36739
20538.57178
15967.91753
11731.22494
16044.96743
20988.09743
19588.25769
11898.81618
-4369.539403
-16317.27232
-37208.07636
-71651.80799
-50504.10979
-16695.32102
3292.431542
11790.19227
15172.11826
10321.27031
5384.03126
10516.04976
15786.81992
12605.4993
3556.856102
-17298.85014
-51492.36721
-72022.81243
-99437.57828
-71768.32976
-35781.4213
-7253.07722
5423.85141
9391.393536
3435.728204
-1318.707525
3740.511512
10033.62618
5946.931312
-7471.523662
-36581.05737
-72313.56948
-100233.5524
-98140.65508
-68906.8833
-33908.24056
-6964.525001
5702.105691
9251.46523
3554.665917
-1078.863961
3480.362945
9245.271916
5159.550983
-6639.619251
-33917.65781
-70178.0382
-99209.62039
-70714.90169
-48602.91736
-16170.52579
2931.651782
11350.94265
14407.51095
9710.29751
5011.89758
9789.294006
14625.50122
11607.47846
3044.673128
-16710.58142
-49348.94741
-71922.67138
-34366.00996
-17433.15839
-4321.032265
10759.1697
17592.92144
18857.08293
14558.76724
10639.73859
15047.36529
19329.45257
18063.13003
10943.55605
-4418.564364
-17495.08415
-34951.02124
-7067.217634
2479.16018
10422.826
19570.79775
21777.48966
21526.65118
19280.59592
16592.2127
19671.45402
22107.67968
22507.83396
20080.71987
10587.29647
2125.503955
-7616.472897
3936.344531
11334.98194
17603.70412
21836.60583
23015.73613
22787.75396
21925.08242
20778.83507
22283.94557
23565.06602
24130.82187
22595.21399
17907.96087
11009.64508
3114.858149
9032.189152
14351.71114
18993.48272
21550.0027
22769.65692
23222.26159
22658.22335
22269.05267
22927.95746
23909.63723
23887.78008
22496.38649
19470.20083
14182.05124
8382.462682
3423.353967
9763.37765
15191.02005
19379.70482
21953.78438
22614.35899
22998.28484
23053.02074
23370.83114
23233.06308
22940.47552
20270.41761
15596.70265
9615.748757
2855.231994
-1007.156654
5085.877731
10710.6723
16629.88018
20881.74189
22312.18546
22976.06384
22929.55671
23195.57476
22746.08993
21581.62262
17280.21825
10954.32285
4810.955153
-1570.475703
3687.882966
9932.504124
15001.84577
19518.13084
22533.13509
23065.80741
23166.65496
23099.43006
23293.92539
23301.63196
23023.2655
20008.76515
15232.67435
9790.389051
3397.839145
9311.246003
14834.33377
19326.86789
22188.48317
23659.8109
23959.50162
23262.02009
22679.59507
23161.54854
24091.77456
24150.19725
22819.74658
19824.86853
15045.97682
9311.687613
5786.283029
11577.68159
18043.04856
22473.634
24088.4016
23897.19736
22937.07599
21554.85632
22763.29564
24043.2134
24707.69475
23370.77615
18862.58186
11942.47533
5643.402283
-6968.931116
3201.153712
10633.39155
19612.15219
22530.50789
22453.87228
20167.0208
17255.94063
20088.7322
22748.2468
23393.89069
20636.63263
11428.91753
3200.681775
-7861.4714
-34791.68648
-15708.31887
-4167.640309
10082.61801
17733.21285
19240.53089
14955.62818
10856.12154
14993.01936
19740.4654
18773.72679
11060.59945
-3804.831281
-16056.44184
-35995.13616
-70780.28264
-49162.37128
-17070.1764
2218.89404
10889.05195
14119.2318
9479.890057
4741.128624
9671.72626
14815.6097
11923.1863
2831.954989
-17185.81736
-49695.21703
-71088.893
-98781.65456
-71160.20329
-35042.78309
-7703.929677
4819.020712
8503.635932
2854.038677
-1634.825771
3187.325878
9208.605121
5514.445065
-7658.745705
-35477.61457
-71313.95772
-99373.73183
-97150.6423
-68764.0346
-34146.52817
-8276.263637
3999.989089
7648.675679
2098.097464
-2449.488846
1933.267761
7622.792491
3993.879237
-7540.247581
-33373.63794
-68987.23277
-97693.01101
-70480.074
-49260.00117
-18553.82679
745.150551
9355.59232
12418.01386
7861.398922
3283.480701
7803.434431
12495.93425
9701.734609
1273.182451
-18366.30071
-48704.32279
-70478.39236
-34652.12089
-19782.92084
-6133.215118
9084.022043
15539.68283
16928.54124
12867.06856
8924.730926
12962.03477
17151.72509
15971.57514
9520.628969
-5519.695056
-18787.94472
-34090.49781
-8398.890531
258.6476961
8333.953651
17532.79948
19850.82729
19779.87628
17594.8797
14987.85372
17772.48909
20118.45815
20457.47222
18156.52904
9014.875206
780.1349214
-8020.872794
2506.415915
9207.492824
15506.24656
19926.16904
21468.53593
21363.90691
20475.95343
19206.51137
20469.71106
21672.35495
22143.11215
20747.27487
16203.21108
9593.245935
2399.534319
7463.359656
12333.72432
17039.38647
19797.24289
21275.99637
21756.18947
21265.75273
20826.24848
21342.5168
22189.95816
22073.50636
20792.6136
17872.30172
12800.93863
7504.07296
2006.233565
7928.016548
13418.89273
17731.19971
20389.4396
21199.33319
21598.79905
21610.44666
21809.43738
21599.03105
21167.94904
18679.33743
14189.46475
8401.432357
2080.119131
-2381.562345
3352.6982
9007.46219
15029.78642
19219.92251
20846.72492
21533.44433
21428.59996
21603.58754
21102.61593
19836.40537
15781.56497
9640.876126
3743.062068
-2280.624027
2120.100727
7922.607415
13056.43281
17665.86241
20672.19764
21473.76429
21611.32059
21511.91998
21606.67699
21542.05182
21124.78933
18335.87595
13738.25717
8507.334527
2558.805628
7680.788455
12677.95486
17266.07613
20230.77398
21773.96044
22248.05934
21646.97336
21033.43629
21419.27177
22229.92087
22236.19849
21052.19809
18240.95966
13614.51237
8405.753978
4198.702611
9627.673355
15943.59909
20468.29762
22107.8397
22085.64768
21194.5655
19816.99462
20915.85959
22114.36978
22743.96993
21553.08053
17203.08582
10625.29237
4679.00995
-7824.119837
1360.185742
9282.414792
17878.58954
20723.52491
20770.12786
18538.8467
15751.491
18374.15536
20962.26346
21580.41062
19078.23775
10411.15408
1920.023092
-8125.981077
-34029.05461
-16951.70209
-5406.509063
8747.648338
16066.27143
17689.08855
13614.93858
9560.616589
13588.86649
18117.13203
17106.6707
9809.78722
-4820.58427
-16777.26858
-34767.52253
-69512.01384
-48468.17399
-18347.17958
881.5550559
9575.162061
12783.47928
8292.138442
3699.345516
8443.579829
13435.35269
10589.35029
1558.253448
-18223.84427
-48648.16025
-69620.74773
-97456.63166
-69854.77983
-34108.32119
-8065.679837
3919.116462
7632.715158
2055.623932
-2338.340391
2371.427438
8301.031636
4613.024242
-7972.481289
-34415.3541
-69793.54497
-97665.70392
-96266.52199
-68047.2699
-34055.04158
-9037.649738
3144.056989
6522.085765
1404.301585
-2991.86841
1152.73409
6381.601757
3158.585258
-8358.161093
-33104.50691
-67656.68056
-96090.67781
-69621.75302
-48271.65368
-19273.43205
-334.6095478
8460.049205
11466.77031
7078.069948
2702.738603
6911.714241
11356.01564
8595.35959
6.958320355
-19039.31508
-47361.70781
-68870.60806
-34585.57266
-20329.76821
-6180.874932
8055.948385
14452.75969
16031.29941
12248.74186
8418.017957
12098.06484
16016.23432
14618.15773
8187.229827
-5673.074593
-19247.99476
-33552.99074
-9170.560524
-800.1529132
8052.788261
16601.02272
18927.63362
18993.66583
16930.21573
14461.29109
16911.50314
19081.11641
19224.81299
16880.67334
8519.793452
-276.6397999
-8520.60064
1956.424676
8288.966423
14534.62121
19014.92919
20573.89574
20519.96254
19750.52479
18569.91731
19741.88531
20741.95262
21051.02512
19472.90798
14953.11809
8641.21062
2081.14153
6407.960027
11385.2818
16100.65424
18983.4787
20446.05407
20998.89033
20594.11662
20172.27261
20562.54458
21220.08799
21044.42736
19592.84223
16625.02073
11769.70475
6638.136655
1342.000834
7152.646184
12661.67858
17043.58629
19685.71979
20509.98781
20938.9756
20957.5525
21066.88518
20708.8422
20226.85729
17615.01163
13163.9571
7560.846589
1623.528155
-2926.891922
2766.076253
8493.372517
14500.52695
18620.89643
20173.55275
20874.23581
20751.86847
20870.62088
20261.55823
18934.1829
14910.48553
8875.08835
3145.65011
-2572.538017
1322.089374
6998.434745
12225.85943
16842.26955
19907.72523
20679.35952
20851.59314
20776.70511
20802.22714
20602.42374
20101.10274
17241.39983
12707.01119
7614.107289
2040.02042
6462.859337
11484.06336
16090.84415
19206.7469
20847.03482
21280.64574
20770.04459
20189.59718
20492.86146
21130.64255
21074.88335
19768.18388
16870.3851
12438.82345
7400.447847
3246.034157
8505.657962
14660.19196
19264.58983
20996.46428
21094.97962
20303.28908
18897.17877
19965.89908
20982.58186
21374.52167
20083.87136
15711.82233
9505.194748
3916.168515
-8608.100603
-1.819792147
8085.369071
16760.74603
19470.27879
19608.56013
17491.79207
14893.02735
17294.5489
19687.97637
20114.08191
17708.26932
8971.800314
491.4388185
-8750.325281
-33582.6721
-17690.89893
-5715.824655
7914.772973
14824.98875
16503.17318
12707.88846
8820.938173
12658.12244
16826.67016
15644.88305
8662.419288
-5415.573017
-17549.1853
-34174.92592
-68064.75644
-47078.84212
-18867.63309
-209.2141426
8660.329934
11754.15665
7459.50516
3114.20646
7587.113198
12302.60209
9467.420746
182.0427611
-18975.35712
-47342.48296
-68138.78999
-95957.55403
-68282.87566
-33510.32724
-8550.351398
3326.042384
6691.22119
1579.902177
-2627.629194
1872.383118
7265.394791
3850.926338
-8650.801053
-33989.30789
-68293.19465
-96027.25421
-92823.10799
-65319.55626
-32571.49796
-8745.073233
2792.138285
6326.425303
1351.264346
-2917.594118
1102.5858
6145.952276
2802.474244
-8445.243041
-32080.30904
-65148.91771
-92657.58359
-66643.61656
-46258.54659
-19869.53935
-386.2301156
7954.720698
11018.58797
6853.76805
2713.107666
6725.188901
10878.68754
7950.464244
-422.41649
-19875.88393
-45846.36257
-66133.36223
-33055.88446
-20530.5165
-6077.270302
7754.886194
13993.01863
15481.74651
12006.60994
8349.558703
11827.19344
15428.77097
13968.52851
7551.732035
-6073.879184
-20116.59465
-32537.77272
-8863.554125
-801.0082231
7665.593889
15910.47609
18232.79717
18410.67312
16497.64803
14194.86692
16445.49022
18423.64725
18321.9622
15790.71779
7529.827877
-840.0383498
-8757.288935
2163.781587
7783.862694
14118.51655
18328.2562
19786.09962
19892.84291
19252.37019
18083.26641
19141.78528
19999.57891
20020.42071
18379.03807
14014.21916
7629.018973
1805.559608
6233.525865
10945.78657
15543.77144
18383.88031
19800.80571
20408.75626
20113.19748
19769.59745
20098.33361
20575.14278
20120.63965
18565.02302
15530.31118
10819.63729
6025.949364
1308.015607
6933.469306
12278.31169
16568.47789
19086.10387
20012.21741
20493.68805
20570.42391
20657.14497
20178.33197
19374.66337
16730.1705
12290.88538
6841.947988
1154.8018
-2856.106702
2763.575687
8399.919259
14217.25952
18033.8337
19746.35913
20481.54963
20397.10687
20527.70638
19830.90873
18202.62441
14250.51084
8282.052045
2670.672431
-2908.244931
1254.259208
6747.278823
11918.06792
16413.58369
19235.22619
20181.42557
20431.44964
20433.9438
20449.00447
20127.81374
19335.55589
16509.82128
11928.49473
6894.243992
1549.294815
6221.566869
10977.67447
15464.34797
18541.14353
20079.27412
20620.19515
20237.08772
19767.80321
20040.93749
20507.79416
20216.85119
18774.76339
15757.4205
11426.5354
6703.252962
2756.300623
7845.394453
14031.05237
18377.71891
19977.25407
20166.46886
19477.93752
18193.15474
19265.33033
20126.05675
20267.1621
18828.28886
14551.3708
8311.81951
2947.539993
-8666.872961
-516.6259155
7483.403763
15834.29375
18387.48446
18584.90814
16624.08998
14232.28625
16514.28226
18689.84314
18862.18747
16386.80111
7897.711314
-552.5914657
-9200.424681
-32458.4413
-19026.14207
-6428.849406
7211.67777
13891.29486
15397.05638
11913.20368
8234.182305
11937.71988
15715.92918
14515.64439
7602.851935
-6602.274467
-19280.84928
-33297.32059
-65444.35349
-45596.71773
-19919.13264
-818.4625205
7678.182483
10779.65658
6715.864027
2636.01646
6893.44537
11292.50202
8268.437296
-795.2047219
-20482.66305
-46212.68081
-65758.32494
-92547.49853
-65615.74867
-32472.4343
-8787.027192
2548.768154
6052.092923
1100.086614
-2956.875488
1402.204668
6561.380241
2886.010035
-9137.927283
-33200.28769
-65888.4209
-92854.63362
-89067.01441
-62252.69545
-31065.47597
-8510.954179
2650.125808
5998.943
1324.597234
-2715.680889
1163.055629
5911.713426
2656.906997
-8482.918716
-31095.99956
-62589.38437
-89204.73572
-63385.13402
-43752.68061
-19163.30488
-597.6195087
7509.120614
10388.66635
6524.183815
2714.862612
6512.934323
10361.51474
7528.093257
-837.1372086
-19545.36491
-44010.78944
-63450.07498
-31518.11373
-19605.08807
-5622.042866
7262.547367
13054.83345
14656.02977
11505.11963
8165.106246
11445.48859
14701.53809
13070.48114
6903.671241
-6020.685918
-19921.86006
-31615.41104
-8619.086976
-992.2362134
7341.681378
14957.42237
17173.76164
17425.19985
15665.31606
13647.33893
15723.89141
17535.68796
17288.50975
14713.28255
7037.100518
-1481.944792
-8986.451383
2230.745706
7377.109847
13239.27399
17282.58577
18704.82951
18857.24906
18269.20371
17221.49107
18343.74685
19042.63712
18940.53009
17192.94488
12837.67549
6822.096388
1539.628795
5929.45559
10329.00454
14708.18483
17387.79019
18766.29859
19320.33954
19145.10946
18920.28829
19241.38133
19592.62977
19060.69398
17393.09621
14358.26359
9823.161705
5376.064953
1296.52369
6609.605482
11638.19883
15721.51241
18139.70012
19036.44313
19604.34483
19781.15552
19887.68596
19325.18171
18431.46706
15706.41659
11308.60446
6112.664523
813.3571772
-2654.590085
2760.99902
8205.125719
13690.26254
17219.61793
18888.31666
19689.45105
19691.27813
19861.68126
19108.76887
17379.28453
13562.33467
7750.093224
2260.669959
-3053.737142
1297.261669
6469.892619
11501.65425
15806.61913
18425.81235
19309.30613
19652.7673
19768.87473
19813.13673
19409.46596
18535.45662
15745.43407
11167.75913
6166.561819
1171.13015
6011.555403
10443.04413
14804.41573
17696.99187
19138.54054
19639.09212
19387.7023
19055.59651
19335.02145
19678.12612
19282.95319
17747.66682
14696.52459
10359.08484
5945.207844
2629.840998
7452.397581
13176.61388
17375.47175
18913.25559
19137.1558
18550.24679
17362.2581
18458.09915
19197.73485
19144.98104
17571.80737
13198.76915
7298.071911
2279.117562
-8678.744418
-967.9161949
6927.946376
14923.08683
17211.20909
17429.55212
15616.5312
13523.69366
15627.49175
17620.23904
17595.09468
15164.26877
6767.181545
-1568.24227
-9573.580905
-31426.43798
-19134.93797
-6693.712864
6537.352684
12690.1794
14245.88399
11052.74886
7703.217127
11169.7527
14588.67449
13140.75032
6577.662125
-7344.782883
-19885.93393
-32434.2402
-62847.72598
-43859.08607
-19826.64028
-1493.598419
6860.538244
9766.397651
5945.00036
2217.866443
6174.635862
10240.239
7240.203242
-1793.691054
-20777.1556
-44749.98717
-63306.8645
-89052.11599
-62997.72503
-31555.02385
-9031.88351
2044.81283
5395.858908
749.8390595
-3094.401843
1046.364455
5813.482543
2203.32945
-9554.424655
-32406.64425
-63430.96542
-89429.79828
-83824.88167
-58549.83645
-29443.25701
-8314.518411
2306.859975
5504.99202
1301.116696
-2465.391268
1212.474132
5496.723612
2324.705931
-8411.3135
-29768.70482
-59216.9965
-84151.4443
-59429.68971
-41101.88246
-17886.91994
-568.4916897
6979.969403
9828.5546
6245.233776
2723.128422
6287.096248
9852.749118
7026.389037
-849.4468581
-18445.07145
-41666.81682
-59669.18322
-29831.09173
-18279.83266
-5104.470698
6613.104514
12255.09438
13837.20301
10954.77087
7886.360554
10961.11149
13943.29487
12318.62272
6232.689287
-5604.942112
-18826.36884
-30000.30948
-8396.582256
-851.9185577
7097.927798
14014.09719
16073.5231
16361.65164
14765.13224
12959.227
14889.8978
16546.11776
16241.64326
13780.20762
6621.347335
-1373.923225
-8709.655425
2198.13746
6944.432976
12573.67408
16198.45019
17532.68616
17711.03659
17226.92646
16306.89931
17307.32041
17958.43269
17740.61212
16079.6679
12097.32481
6390.070375
1726.893869
5489.856658
9798.979369
13910.20997
16352.02446
17617.63701
18165.34232
18101.93143
17971.54098
18260.59486
18495.07
17909.50965
16275.04918
13429.46244
9243.65319
5159.442277
1306.907936
6363.291324
11079.60662
14863.70968
17089.21856
18017.58923
18655.41084
18884.14702
18971.79106
18344.69486
17352.31201
14737.82167
10593.29747
5791.664542
963.8488664
-2371.551448
2811.315624
7978.667404
13074.86982
16315.94207
17980.10516
18813.27338
18860.5465
19027.23988
18225.92924
16467.83402
12836.16915
7371.463622
2222.22779
-2680.770593
1375.247533
6279.33354
11069.65341
15085.29526
17447.41813
18361.17778
18777.70558
18952.21151
18982.97921
18510.99649
17553.78394
14891.39357
10550.96915
5824.696197
1234.733143
5637.334498
9999.225949
14141.09726
16796.66265
18096.32137
18585.46643
18434.4244
18210.43348
18453.38722
18674.40239
18199.76406
16669.45287
13766.81871
9662.034039
5551.667333
2379.467759
7044.492124
12552.02232
16410.29719
17758.27362
18011.70869
17486.40783
16500.4878
17504.29712
18124.96625
17917.25718
16335.27007
12229.6555
6638.40097
2011.118136
-8528.652149
-908.550935
6592.663026
14105.23948
16159.01858
16362.11141
14685.05452
12803.70015
14737.23195
16524.33998
16349.27817
14003.08747
6029.633246
-1689.896182
-9297.989303
-29998.47397
-18868.81361
-6278.133701
6141.607451
11996.94245
13379.49661
10424.10861
7347.866433
10554.6307
13644.03474
12207.32778
5873.871374
-7208.303382
-19873.86918
-30676.96269
-59386.34528
-41510.4539
-18903.12678
-1375.910672
6424.152178
9230.084204
5647.74701
2206.515188
5854.575321
9572.362739
6572.491898
-1879.068698
-19906.27839
-42209.0549
-59411.90215
-83973.23288
-59325.70964
-29946.76855
-8741.225958
1916.153637
5135.819758
907.7776654
-2700.32136
1141.813219
5418.367459
1935.6323
-9285.799703
-30675.61876
-59520.23996
-83778.85689
-79289.20651
-55759.96057
-28291.98729
-8399.101543
1655.467956
4790.742342
876.7198498
-2591.081358
799.8488928
4796.978038
1660.188792
-8501.05327
-28577.598
-56227.09758
-79514.07804
-56519.59092
-39064.1499
-17239.95453
-956.7193821
6108.809413
8819.817389
5510.010049
2294.620925
5547.529774
8847.650369
6172.754099
-1147.395066
-17596.24144
-39290.1162
-56505.34068
-28622.92761
-17569.0585
-4671.941915
5808.754556
11168.29078
12684.62803
10058.61646
7299.235452
10088.17067
12770.37178
11259.71992
5562.714545
-4919.29021
-17723.94561
-28609.48255
-8431.155161
-1160.836805
6441.752972
12882.22786
14816.2045
15110.66767
13641.43787
12054.24817
13755.16181
15256.33756
14968.70145
12754.30761
6203.001248
-1286.822825
-8513.879182
1638.769071
6132.340192
11530.50019
14957.42817
16109.76489
16328.35267
15897.23872
15084.76417
16065.17168
16555.30766
16348.89306
14900.14553
11293.90651
6003.783999
1501.943721
4823.13477
8836.56427
12794.35942
15132.84356
16279.26729
16890.46454
16888.05246
16791.45433
17008.26313
17126.35239
16506.55174
15072.05604
12554.46215
8739.5677
4790.200993
938.8431093
5678.860345
10184.51304
13796.81668
15878.52452
16845.33813
17499.23509
17727.70479
17753.78169
17065.48853
16050.43656
13679.30642
9916.565937
5543.545303
882.1325957
-2442.94696
2439.493458
7469.066966
12255.91105
15192.61414
16855.43881
17686.38679
17744.55793
17864.00715
17023.18767
15275.74952
12065.0896
7098.197753
2254.959542
-2548.241343
988.3455794
5569.180472
10264.13113
14089.7866
16250.29456
17164.01533
17613.53624
17806.76393
17810.55436
17290.28885
16325.15275
13914.28345
9946.024196
5453.568646
972.9272483
4983.673293
9002.644536
13087.2492
15607.61323
16757.11853
17276.2365
17187.79532
17024.99666
17237.87838
17366.38486
16835.29576
15458.15552
12815.42096
8932.062064
4920.50797
1788.538259
6250.04225
11556.64743
15197.81878
16417.76287
16664.43494
16209.40575
15298.17883
16244.23856
16753.32205
16468.70074
15045.67153
11246.1657
6055.095043
1550.765911
-8547.402718
-1133.777154
6077.973147
13153.2511
14995.99856
15201.23239
13659.21238
12029.58083
13726.12237
15309.16829
15066.89693
13014.22415
5618.130527
-1562.953987
-8946.789096
-28718.62599
-17808.07627
-5617.990429
5768.99775
11199.45264
12536.91976
9835.229799
7081.052976
9942.340385
12696.50907
11272.81256
5452.357474
-6295.840305
-18332.36208
-28867.58506
-56347.98426
-39156.25189
-17718.66681
-1279.783706
5995.694197
8669.028337
5336.763027
2212.300419
5475.052477
8876.667199
6026.994042
-1689.970667
-18346.41161
-39322.57188
-55913.36707
-79329.92312
-56187.45115
-28530.84292
-8559.421526
1545.937436
4697.366408
744.6215086
-2599.660888
875.0607228
4832.504396
1519.60154
-8884.643679
-28847.71914
-56027.10259
-79150.84342
-75557.97271
-53915.20001
-28756.82286
-10248.4196
-743.2445952
2366.758616
-1338.17401
-4410.270269
-1029.465839
2644.949204
-437.3150222
-9820.693301
-28233.34976
-53455.54085
-74674.90198
-54535.91455
-38914.20505
-18598.99695
-3350.203412
3324.398319
6004.521155
2984.897714
66.6114676
3123.071334
6220.23327
3694.820286
-2892.643974
-17837.81134
-38337.31024
-54095.00704
-29084.88083
-18930.05844
-6956.65341
2775.2856
8095.32316
9651.571121
7382.640314
4868.175342
7385.768786
9896.178585
8524.826107
3337.976359
-6041.406115
-18099.89814
-28336.96203
-10439.0399
-3393.587402
3776.95409
9548.905275
11585.38667
12008.92298
10795.76551
9355.993102
10814.74601
12212.12305
12004.33735
10089.47794
4453.924278
-2761.949022
-9662.023759
-801.806598
3359.329947
8497.146827
11699.92793
12901.53205
13255.35765
12971.76897
12301.058
13029.51361
13468.70055
13323.19475
12255.10697
9089.642467
3980.801193
-280.4080635
2274.787304
5993.577053
9758.506164
12030.76801
13238.78276
13859.18191
13991.53941
13958.00022
14109.02076
14121.68999
13623.70581
12530.28569
10316.0822
6632.061807
2898.133235
-1173.515904
3145.988603
7472.488733
10923.23402
13005.73937
14014.42891
14720.61949
14931.30157
14907.76602
14228.25865
13309.85861
11320.0767
7941.292458
3739.290326
-527.127102
-4209.283389
240.7704715
5072.650043
9578.577191
12464.49812
14111.42724
14981.66923
15023.34213
15076.54732
14258.66053
12737.33878
9920.943226
5446.614925
756.1302474
-3675.778743
-1149.234173
3053.098531
7580.165318
11197.24758
13269.22664
14283.076
14866.77919
15090.12115
15018.29599
14437.04015
13530.24034
11450.86929
7892.731024
3500.212929
-688.0944343
2335.155358
6101.419035
10094.41226
12561.94575
13664.54527
14211.15602
14308.19652
14298.20794
14433.187
14363.16435
13828.48381
12668.16621
10275.95823
6429.045864
2694.382438
-654.7562058
3551.723045
8631.324995
12150.52154
13379.62056
13705.67461
13345.43785
12735.70574
13469.79145
13772.66638
13401.7126
12214.45755
8863.264625
3941.147701
-267.7532226
-10156.11036
-3028.465094
3686.932206
10198.1052
12181.07326
12519.67948
11169.24583
9811.580767
11249.44111
12532.15323
12234.15536
10403.81284
3943.572426
-2847.222284
-9867.441725
-28395.1724
-17970.00116
-6920.994352
3704.343486
8668.77731
10022.51389
7620.002491
5283.445911
7764.070259
10133.07071
8874.317604
3944.114687
-6850.889754
-18365.68554
-28523.32547
-53620.53223
-38201.77405
-18398.38436
-3126.474726
3622.70611
6235.927297
3165.396193
475.2524667
3321.571738
6326.600552
3780.814822
-2932.308435
-18264.71551
-38367.64397
-53575.13475
-75206.91763
-54179.47307
-28649.76085
-9992.178787
-517.0176352
2557.704919
-1105.519593
-4022.604234
-1014.001543
2529.974516
-461.7533722
-9884.275124
-28363.48157
-53407.23204
-74221.35275
-17426.84136
-10278.85816
-1479.569957
12794.73663
18304.76955
3373.450228
-18967.50435
-11200.27624
-10097.85833
-13943.30502
-17520.73441
4009.375588
-19680.73067
-24574.47345
-14761.97607
-10874.37752
-16706.93509
-33611.17905
-29198.62412
-22900.17179
-34625.98583
38990.32823
40601.67457
21375.07879
6015.372404
-12159.2244
-23767.33386
-35180.16014
60219.26013
-5563.171439
5599.70657
-17832.5138
-15644.96757
-11776.18065
-45303.90928
4500.110488
-39881.22448
-33595.36507
-40876.52249
-46911.55637
-47692.46209
-46949.82718
9864.093698
-16795.9662
-22144.15576
-23154.89268
-14241.61531
1047.425227
-2312.17908
7039.563502
-7900.249046
-7408.644323
-16399.90829
-28208.76292
11696.92439
21074.79244
37820.46313
6044.485442
3955.724111
14460.17392
7019.464119
2891.192023
4729.337299
-35714.23591
-25234.51537
-46647.39613
-28822.1339
-30459.77776
-30500.98569
-15970.00969
-47716.58153
-64373.51532
-45410.05554
-70369.37549
-72994.59367
-28025.49214
-9915.554761
-6052.130842
-11165.48209
-8863.848933
-6408.598193
-8400.595597
6910.486954
8571.973498
-12422.18296
-24902.88276
-21219.5151
-26886.8265
-38057.87127
-29968.56381
-30377.36009
-16429.54084
-31915.75187
-22717.4123
-26813.66977
-26519.8326
-33388.98329
-38733.47332
-10173.0512
-19774.93532
-13750.38531
-17809.49166
-15354.98347
-21766.18469
-31550.28201
-6444.476593
14311.4933
6163.036528
-7027.16795
-31008.96294
-63539.54752
-125265.4992
-21567.83287
-27999.00198
-83180.29381
-114867.5685
-203892.841
-169686.7526
-159942.5466
-30898.8668
-61195.23449
-153334.519
-187863.8405
-206757.5799
-140494.8666
-171552.4551
45052.4007
54175.69616
6429.073393
-12337.00629
-70382.99265
-65427.10015
-115225.5717
43899.80394
3293.375256
11639.31868
-19785.89626
-65186.95387
-61129.90533
-81301.06696
-7170.96498
-39493.91423
-25207.02958
-26809.98706
-69516.15555
-55363.08109
-49871.40734
-9811.171451
-16954.94527
-12149.37595
-16131.98103
16661.09762
32967.6364
15876.16061
-5095.06786
3019.147093
3057.665161
-50003.0219
5115.708224
83534.68218
82903.51159
17933.51235
20440.69726
8393.417475
19203.77107
-12309.74658
-41699.91459
-12615.13622
9597.768657
16617.17852
13460.42977
38597.03543
87254.2949
74934.42717
65802.8802
-45171.33937
-45998.27831
-31736.3979
-17316.71595
7839.899954
74217.95932
49896.17667
-26524.02355
-36665.12721
-3784.853153
-15711.82042
4219.320803
55745.85245
25504.23536
-43582.12356
-34882.11991
-13458.25791
-16883.11688
-35507.65392
17204.90533
-42034.48492
-36070.51192
-23881.12074
-15137.64197
-33670.14067
-29862.87766
-59352.43669
-52839.04606
-31626.84994
-32153.32935
-17406.69921
-18391.14997
-24352.77981
-31765.40549
-31039.83035
-866.694545
-37798.16821
-202282.897
-252380.38
-282819.9155
-270698.7237
-179771.0847
-73146.88134
-183562.8502
-350884.7583
-359485.5496
-229466.3995
-251153.5615
-243592.8714
-72358.25078
-153173.7578
-200094.431
-203193.4247
-172046.9381
-207371.4845
-203760.079
39552.6448
2627.796585
-59806.71991
-103121.2354
-139179.4067
-113620.1183
-144686.7926
88920.58627
116062.6512
110495.9999
104572.1906
7843.056225
-13454.46653
-104924.9828
34803.71189
34177.79591
50357.22182
26147.21674
-63615.50412
-70351.78027
-52616.24761
23610.0844
7741.366145
-14081.88336
-42208.01015
-24361.00941
41506.76561
32275.62931
22037.67375
9203.631694
11448.13609
5755.812825
-41835.11262
88765.19004
120145.2511
62840.31209
30393.62889
-1732.259031
3676.990265
-42171.31109
-104590.5615
-48793.51253
49905.08214
15862.08421
-3502.123789
21125.52137
7961.011897
41095.29534
79954.66246
-14246.97795
-3902.323588
28372.10867
63744.47098
111850.0629
131306.2135
112986.953
-21622.54807
-20141.24019
22755.52227
49283.29621
64221.11594
73530.6441
52236.21213
-19089.46684
-18860.07877
1050.241081
620.3921245
-7232.861582
-2418.813101
-16960.84018
-13376.75853
-16128.78683
-7899.647629
-15336.53479
-18204.07054
-34255.60901
-26007.75268
-14655.70752
-11133.3506
-7873.537287
-12700.30341
-9729.933205
-10609.53836
-20486.56496
-51145.92102
-206248.1963
-109695.986
-97785.84032
-56589.03511
-54428.50365
-68932.725
-96764.42126
-142322.2285
-51624.27021
-52372.988
-41429.558
-57441.69053
-94159.52789
-30517.30905
-95801.69085
-42447.6204
-46517.05135
-41797.86835
-74587.6369
-176354.6755
-12278.97684
-88860.62766
-80486.76848
-93469.43102
-94936.84937
-155398.1669
-253434.6659
-8397.718757
-77452.69148
-149737.5823
-172307.8786
-189987.4335
-161358.0451
-162828.7493
-6209.315661
-39902.20289
-115139.6679
-85654.81258
-101408.9045
-65532.11237
-56420.53446
3450.868234
-4191.476763
-24113.24428
-18783.78788
-23774.46224
701.3859027
25596.43023
17833.43028
27523.38619
30913.80019
17939.49658
19367.35688
118090.4396
132691.6466
9039.38244
10467.73327
6246.240475
6467.760282
-15730.27894
-95605.88382
-87280.65509
9699.671006
-11085.16347
-28928.66945
-29988.47865
-38722.35259
-31058.79406
3161.455745
34213.76558
5874.880725
-27844.9794
7867.690767
37241.7329
64480.58712
42054.24611
29087.75436
11825.32984
13127.0867
64828.4311
72767.8112
102283.1039
84048.56376
2525.112047
11439.31537
18408.78344
52391.98342
11651.67563
56610.70272
49098.92754
-2837.895149
-2063.188114
-6816.731546
-3212.809554
-6823.917441
-10905.82266
-6231.958108
-5259.474929
-5501.255012
-9441.16258
-9416.161469
1194.501033
-1923.273776
-11567.0997
-55022.46731
-57913.50041
-12218.57847
-18225.99605
-19065.49708
-16025.02261
-14703.23602
-29501.86069
-32659.93871
-4627.899784
-7942.613227
-6889.327131
-8602.491473
-20632.22136
-34375.88843
-27928.7185
-381.8048013
-384.8522859
2530.502617
-13264.92993
-40302.25407
-41705.16773
-35558.27467
-5983.676017
-15762.33439
-13040.25195
-30990.39143
-100676.4418
-40915.26015
-94756.0437
-47849.28321
-99077.20052
-116531.0018
-265712.2368
-228419.7472
-19190.37634
-169978.6583
-234968.7021
-317424.0379
-308874.5045
-186077.2098
-75715.50704
702.7330482
-31734.65671
-77821.50453
-61582.1131
-67341.03751
-32675.03775
39066.65881
18207.88025
23082.98218
10057.23487
9782.065158
41093.37655
87636.26203
177033.424
18600.0676
23092.19662
22893.13915
10219.76551
-32285.19917
-56032.53652
-92273.08948
1231.567545
-3681.857587
-20685.70149
-25416.24198
-44508.94167
-63660.68487
-30944.32279
-26818.57887
-36643.12098
-65668.91007
-29764.39576
-11962.76806
-1786.856852
1775.078224
-47647.38734
-62768.47962
-56836.2911
-12765.92965
-4299.905339
20858.27563
7747.090462
-31797.02827
-42586.1647
-25251.53812
-14090.31973
-13402.33737
4757.449547
-12.20164781
-4324.791483
-11347.28281
-8501.475637
-5657.488962
-5108.818038
-8033.262016
-4460.527352
2241.416587
-3824.609904
-4255.763028
3528.621502
3255.630279
1792.51182
-8942.332368
-9770.104861
-3226.285603
2100.259487
-7469.599111
-14070.15734
-13594.16531
2473.389955
-9903.044503
2968.911432
3452.322678
-3409.655122
-3153.120196
-4193.307886
-3342.603663
-14389.1789
1942.800593
-569.9237301
-2267.064078
-334.7353518
16763.69299
-8639.492828
-22152.6844
408.9695518
3257.646734
-2533.634165
3652.00175
-7631.431373
-28790.60231
-28596.19364
-3262.261923
917.3395106
453.9028346
-1213.568722
-31023.30097
-152048.547
-29404.62274
-18507.24751
-14530.04862
-55640.26246
-94242.02078
-280193.6566
-109456.4631
-16663.95855
-69851.34895
-132726.8437
-140047.5604
-162671.4543
-78207.57917
-23008.86228
5841.776787
-11864.58467
-13930.78039
-23762.85034
-9809.394612
21404.4448
62162.38109
24856.2805
23589.05887
23002.05609
4182.014932
-37417.5585
-61717.41852
-95535.02185
26846.17175
14628.65062
7697.165769
16952.51384
1290.971893
-41020.30289
-42941.61528
7453.646484
821.0384453
-32933.48128
-57269.49684
-19917.26736
-4723.947437
2678.007323
-61180.68383
-86684.20758
-143456.9684
-56319.01107
-26566.28964
-8243.882085
-4570.489544
-121152.3013
-130366.4267
-76078.62455
-32382.2235
-23845.50684
-15370.59328
-5740.009693
-24899.80299
-26498.27585
-11175.42648
-4723.510241
-2100.897177
-10482.6026
-12771.08658
-300.502809
-10269.1161
8029.241837
5161.616639
-2415.087451
-20531.66438
-30987.04466
-5352.491492
18697.54747
8032.238876
2673.518492
3173.714374
-9301.288256
-1131.570846
-7818.054516
19963.32562
2393.096781
-2343.39367
-4036.70115
-8929.663418
9635.447143
-9822.136993
1990.977759
-2976.47645
-8060.7893
-5454.644135
13627.56839
9283.006422
-11465.93927
-1841.957164
-9918.284301
-15306.07411
-7845.595936
25319.08241
-7056.116876
-8569.764436
-398.0256626
785.7857938
6162.128187
7668.630033
2010.38082
-63877.31929
-5019.658909
33547.21469
23782.44568
14754.8835
4087.909157
-56879.84244
-125041.1156
2101.185882
23636.03381
7340.249639
-81673.19027
-112224.8444
-123554.618
-85299.0445
2357.749622
9570.185294
-7819.497175
-35379.46085
-51059.93708
-62894.33134
-85969.37389
4895.296752
-2266.79479
-12727.87748
-23373.37837
-51016.79265
-39097.89245
-83559.26466
20330.32559
9417.768887
20745.16472
34970.09414
44188.74721
48275.14308
-71006.11749
33336.78434
27439.88195
7391.107
-1921.786414
-18538.33828
2796.775808
-47850.31304
-875.0990937
2165.873663
-25958.48176
-102318.5963
-48358.51709
-15960.2509
-24854.93784
-63523.28238
-95564.10208
-175741.6246
-79805.19047
-37166.65993
-18211.90743
-15910.61123
-105997.6711
-101256.7774
-52834.94416
-16057.40724
-14740.46974
-18521.48531
-39978.70387
-18094.44715
-4819.868564
3718.650246
2690.67162
-18421.38194
-52684.6521
-92822.78052
-4461.598812
14468.7802
7397.226229
10581.21675
9337.492964
-1872.521843
-11085.95628
-8018.425336
4265.091412
-8886.101625
-2315.844781
-3552.46941
-7665.387656
-10305.60406
-10725.36102
-3944.430318
-8177.65226
-17135.92598
-13367.0993
87.94722397
17058.72825
-12591.89186
-7305.139831
-26084.06943
-12163.67365
-11731.01795
22711.03919
16993.79596
-12900.75795
-6907.940854
-2035.8465
10601.13218
15605.66425
25931.36921
3834.02859
-8598.596176
12605.66027
20331.30718
40026.93682
30567.10412
93.81599797
-102942.5209
-3038.86863
51519.64766
86168.84749
73659.55749
-9676.039056
-114471.8841
-147394.6657
-25203.84738
6064.299571
115.7025455
-34239.05894
-45115.43888
-90811.18657
-241278.0982
-4946.662509
749.8746488
-19644.77695
-21276.11183
14909.59568
23008.4037
-33132.48308
-7023.511724
2396.744477
13234.16113
31151.10644
55475.35927
54058.97087
-69613.31463
3642.915969
21950.81494
14421.75001
26072.30903
54888.34133
16488.39306
-78054.02675
4203.426189
23671.66733
6468.406385
-9941.364732
720.5801373
503.9448915
-28297.27523
-17817.88591
-10952.08052
-45674.08864
-57612.1689
-28358.65804
-25050.00716
-36933.70837
-125867.1013
-137156.4793
-95397.43292
-34177.3117
-38410.71007
-64351.65007
-102681.8086
-39118.2998
-23371.47143
-9025.386921
-2304.757905
-5856.684045
-7207.105176
-24821.04125
-5558.260059
5911.5767
-629.4061311
10362.23164
11867.86565
-2026.107754
-14350.4111
-13208.24536
-24951.01022
-7189.462625
-10436.7817
-5962.594667
-4734.861954
-21861.58758
-20608.76317
-6917.511064
-10081.6302
-14643.25548
-11081.71273
6491.730293
6689.897812
-30671.22222
-9984.194448
-25085.01232
-1576.725271
-2441.366324
13179.82955
31238.63334
-36234.5105
-13889.39556
3331.863069
21379.45741
23330.37275
40195.7202
33532.02588
-44573.89277
-9247.848536
7059.359238
54125.35935
49866.12909
23671.98528
-58691.89408
-70446.86659
-7194.617752
34157.75633
53913.79229
5747.61495
-72719.92399
-276792.912
-58889.82356
28287.09414
7448.404892
-42191.17901
-64827.07119
-88832.09729
-293080.7224
-15920.40991
3690.586868
-14354.70895
-6304.358827
52804.52938
74767.11266
66353.79385
-14237.01467
9680.210729
5098.816471
19826.4543
42338.88798
5425.914128
13005.55643
-9096.521467
20859.2057
14800.65581
32204.30968
58855.78759
531.0585359
-25539.67864
-8083.051762
16557.6742
18813.3522
40448.01693
-4722.927381
-33688.40409
-49338.62579
-16137.28582
130.0853788
-10861.3221
-18893.02886
-35729.23359
-66257.60349
-91280.17351
-98968.13199
-111320.7156
-67595.23415
-36558.6699
-40433.63823
-31796.37827
-36524.64337
-44698.84651
-27505.48091
-8132.074109
7255.592429
8238.813134
3941.529942
2264.923201
-11116.05392
-10767.82302
-3106.613565
-4739.526916
8620.340343
-9485.291353
-17527.13586
-30496.17127
-10613.30385
-1633.239364
-11226.0583
-4098.754654
-4411.284123
-36999.29731
-26608.60628
-3312.855741
-10789.34848
-13459.19749
-8699.239477
12181.251
-12732.17041
-15336.29903
-7318.029151
-20441.10615
14823.10082
20113.41972
20455.80967
19064.66264
-16941.07028
-7534.062082
8020.748418
47249.89392
28224.06375
5693.455712
25618.61405
-28261.53752
-5088.730698
41028.93419
75117.17326
13974.40581
-1111.791304
-32852.1719
-17294.9769
13355.96729
77649.96462
16778.28486
-25859.204
-47258.94729
-323830.5399
6415.246893
47887.03887
21488.58251
-22584.97921
-30964.67169
-82551.01258
-270234.2356
21063.98806
13875.5861
13185.92929
43753.69808
41571.54238
28413.63687
-25002.34386
12929.00888
15704.15623
1054.055726
14231.61451
-5558.826188
-46532.13161
-29738.80007
11721.82262
25302.48213
4689.736938
53732.28543
6475.502132
-54374.52124
-55692.24261
9274.994975
26897.50987
54816.65222
29439.12055
-33956.37018
-87018.06795
-87219.7096
-8415.425129
13812.52719
51462.78243
-11351.07025
-46540.83375
-50339.07225
-38880.96255
-84051.52539
-54796.02763
-24533.15043
-15763.15838
-6295.973674
-5752.262252
-4033.98601
-37132.92078
-14580.75327
9745.062574
10639.22051
10597.9678
9279.599855
8967.613272
-32204.06198
-16434.10418
-1954.979739
-16403.07858
6277.011144
-16585.40193
-33491.60206
-17708.30299
-218.2787498
-824.557533
-16612.74235
1025.63807
5867.468626
-47030.1025
640.9475783
1225.775871
-12319.82897
198.4279049
-2035.612946
-4407.842472
-45870.48465
2214.151778
1679.320256
-14893.12966
30392.75161
15181.63147
-10041.98751
4907.74345
805.4120827
4583.141664
8116.617507
87950.52429
15361.20124
-12640.93343
33939.01257
-1524.585623
7531.676949
62681.96496
58341.16493
5303.963112
-23403.77186
32756.62189
4279.490768
20920.26165
52900.09591
17301.96934
17427.39213
-41957.43441
-124237.382
17123.34059
37500.56932
12536.06967
32380.42806
24675.86164
-124106.8843
-265263.1168
34602.43542
17375.93986
5210.17362
25008.11189
8734.163177
-38437.85747
-33510.17137
46455.2061
44554.32165
-113.3403286
26544.46994
14052.26273
-46774.41626
-25144.65973
40300.44298
46692.70968
52413.22403
73355.08616
-17042.8798
-51544.49393
-30324.80576
30550.63117
73159.22618
64518.10289
-9823.777817
-47867.61139
-74184.24846
-60578.0541
427.2326336
53351.34997
-3577.61683
-18801.88126
-39851.90292
-32073.10797
-26327.9941
-64982.09324
-21373.85641
-8189.171969
-5011.309597
-2855.002691
-2363.91621
2005.355674
-23810.48783
2526.754753
15016.8426
8158.440645
13545.37328
10634.58525
8996.754545
-14597.1668
-4116.373255
-6618.45561
-27805.16442
19512.06616
-18000.72421
-41190.55736
1430.261611
3346.450659
-4196.093636
-20871.34811
1580.944694
18575.23826
-53612.71105
9924.508046
-541.7479723
-9310.861194
11432.39249
-7658.191312
-19657.41285
-61737.50124
11449.10059
-474.2087997
-7173.913747
37178.32109
-1217.994892
-43072.8452
1190.696417
12621.74059
1170.806789
5440.723729
68743.12231
10884.49155
25233.65386
97652.49519
15050.54731
3609.380759
18578.4266
28893.67052
47198.6068
31360.68046
171017.8133
9958.764802
13116.47589
-1293.523073
27625.61802
135654.2136
22586.18234
-66927.30301
12517.00118
-4507.065126
619.4063236
33018.89604
74743.62194
45897.07012
-240006.7838
32760.97111
54409.20877
1885.369502
9914.839857
21936.61148
13896.81684
45872.38229
49228.09218
41733.54453
47031.68123
90995.81287
75220.95277
-10225.27631
4385.226773
51596.8044
58396.26875
50113.61417
8533.036394
-7929.677851
-41161.91861
-20240.41215
50508.50398
51334.46933
-13043.80741
-38931.2025
-81175.75975
-66483.35078
-58379.32197
10278.36041
-4778.400832
-15707.09151
-37651.5744
-46094.02098
-38044.88039
-19712.37299
-42388.40178
-16299.03392
3615.547003
-24238.84607
-10848.28949
-12706.57533
-2586.462123
-8532.178895
12327.33107
11244.37932
-1664.46043
9930.63513
2050.000026
-6276.881211
2520.39219
1083.970703
-12401.04886
-49582.45848
61351.12145
-20381.60682
-36318.93357
6323.689602
2789.631052
-10394.72085
-14509.43775
29603.91144
34067.43188
-48300.04138
6532.619103
-1450.811694
-8541.139931
12662.93085
-10581.05727
-34307.35842
-69869.03785
5049.233312
-770.7598326
-1710.813887
33954.77626
-43044.10349
-85209.86857
41610.80016
4667.483983
821.8841676
4902.971409
55912.65966
35057.61395
193988.1641
184027.5297
6463.167667
2658.282238
-4297.922787
15784.09035
117736.9964
271433.9183
147439.8136
10604.15602
3545.439309
-37266.44654
18463.02175
190506.2993
255894.9036
8129.573629
10911.84335
12714.1855
-50606.72079
6522.336432
102634.7977
70424.84292
-155697.6602
30810.22035
37850.60919
27476.5168
51482.96379
35923.87283
16643.28967
43722.66712
47709.25
13600.61421
14183.09915
20242.06037
18917.07187
2494.009737
11727.44159
57535.11575
10583.7045
-27837.38278
-29922.7045
-53324.52764
-79090.88538
-55659.14
47399.92728
-1360.500755
-23314.71519
-21292.75842
-49990.48898
-76021.9101
-82050.48334
25049.24809
-11944.77134
-29132.98067
-20276.69157
-50637.68206
-37633.52185
-28414.66839
-7162.554136
9188.263891
-25732.98583
-58345.56749
-44654.05022
-29392.85121
-19603.29653
-1744.959593
9258.821165
-22676.46909
-33534.7999
-12643.17083
-23035.80407
-25117.01271
4582.305887
-391.4663992
-27362.20663
-83834.00497
130564.1866
16500.07765
15630.04393
3324.484049
-8.402169002
-19210.07247
17622.60856
114833.426
97419.36131
22112.08106
3417.057419
-2326.745669
-13249.74307
-2339.923803
-7321.932204
-36730.21654
-187044.1144
3767.918249
-20.37595281
-2062.202645
5715.959976
-100897.2116
-228414.3024
142860.0406
3292.386544
4495.346569
5107.277496
37365.26759
-71111.07747
240600.8847
502367.4167
2395.433682
8526.479794
1317.440976
9208.86669
58903.14617
578168.3373
414235.2684
4520.908723
5554.986006
-4355.461908
-23683.48917
157020.7
444281.0841
212238.8809
11700.78392
17150.79553
36682.77031
-29906.59385
52285.96311
133323.9417
8012.613699
31938.19562
25937.32118
41387.76274
56737.7243
39152.496
14395.26648
-41910.81371
53468.30567
-1215.800167
-15310.01337
1119.147085
4884.270642
-19863.45448
-53230.7375
75370.24958
-4493.2167
-15369.45833
-46151.52906
-62289.93313
-103542.4542
-108591.9055
91627.92216
-7975.45768
-10520.75364
-9581.038815
-29082.09515
-59355.83861
-80923.42822
8381.008699
-1742.125541
-22950.0236
-12777.84491
-56736.57911
-37655.09403
-25531.04021
-11736.55587
-2970.383782
-76603.96087
-69197.13938
-65934.04028
-48995.42396
-25722.24011
-7401.271163
-36219.73623
-84037.4248
-75292.61274
-47119.93947
-45703.75009
-46418.21083
4358.636022
-4006.218359
-49048.73142
-115308.1811
234149.2925
122394.4954
138810.3462
2519.12142
-1571.194775
-33857.96916
33378.83532
238408.5745
166816.3055
165928.2059
2998.440162
-2771.762353
-17975.12795
-2513.582072
18027.75272
-40152.98097
-76121.37585
3467.220302
-266.3184384
-7635.004774
-10370.80897
-71289.50895
-347706.3465
-256261.2009
3421.82181
4316.567807
3203.134623
-5303.235608
-146007.8868
-94445.66561
760749.234
1509.2433
7767.163403
4554.491952
-15701.29859
-65126.25741
342576.0336
975206.4498
2138.708006
6496.630577
2251.253821
-72831.76286
41173.58641
497411.2635
423248.3236
12169.80044
18623.40599
45122.57588
-37666.31532
-9003.878321
60976.46633
102337.0793
59294.74422
26403.32289
24317.59228
43773.67306
41392.98941
23489.88106
25017.15141
107023.417
-4692.462788
-8775.644595
-2702.368123
-10821.9027
-24334.18464
-43930.84942
72993.81527
-3137.166526
-9022.895234
-27925.27499
-49816.79884
-51530.85633
-125083.9805
-6766.684809
-7033.517076
-7904.353528
-11333.26274
-35129.31147
-30107.11002
-74206.01852
-31048.23507
-5315.763593
-13327.07189
-18078.46972
-46723.1635
-49565.58444
-12791.4793
-21354.17215
-51580.75232
-63729.10739
-54410.12232
-57619.58801
-79772.75511
-38781.5936
-14705.05968
-112579.725
-115968.7295
-91704.71278
-74716.21596
-65868.20527
-91058.04284
2551.115796
-6587.399036
-74344.96846
-208357.6351
234039.6781
248367.5789
345977.8803
1873.949732
-2991.830626
-59963.75737
12425.33106
396150.5932
216780.1991
297812.3275
3053.946467
-3788.097516
-29387.14681
2387.279317
131648.0824
-57309.22674
-77950.77451
4008.053511
-840.9082735
-10039.07425
-19678.56625
-19160.68007
-336307.1761
-620979.0018
3792.501223
5322.556608
2487.758791
-11591.35423
-111567.8585
-333373.4398
75422.02711
2209.440251
8063.233263
7715.304288
-13374.34852
-106606.0882
-55054.33836
1136070.712
1859.069951
7340.06871
2015.664567
-15082.06625
-44945.06922
201509.9058
1195922.083
11430.51292
12421.95368
12335.4768
52698.92871
9562.442976
-24054.29854
370400.518
51927.97058
33747.34882
18074.50632
46173.4086
78898.05875
18646.87573
78639.49804
28366.05878
-4313.065815
-8394.362582
-14058.80425
-34005.60882
-49317.80992
-34679.89382
-11766.35442
-20952.93473
-14245.48148
-14178.3502
-7425.299316
17809.84559
-58103.55395
-41177.69422
-835.3542979
-6871.148352
-18418.34901
-31426.61622
9295.168727
-44522.78289
-14648.06687
-4577.181955
-17699.13942
-38156.95271
-61401.86747
-64314.26781
-21076.98947
-7021.31574
-55219.98987
-66070.23085
-68605.79992
-88416.86551
-116845.0836
-49313.5452
-31187.43495
-120295.3631
-79714.74535
-89191.73712
-117724.4679
-48809.42427
-49519.02101
2152.943641
-11332.46364
-107407.2429
-308821.9867
194609.8893
314926.862
447746.796
1625.346813
-5746.962192
-72310.71711
-130287.9665
378542.9105
350386.6595
215415.2237
3979.652937
-5492.162773
-44525.45043
-41248.43944
178072.0569
-35783.7702
-58853.115
5431.566728
-1413.963781
-15206.45614
-34619.19909
162241.6956
-221834.5051
-757580.6002
6029.600606
5645.921212
2212.990725
-21890.31322
22368.45455
-590824.9787
-568046.5456
3535.619563
7949.536339
7423.619561
-14876.17711
-32666.63799
-458718.9515
302531.2181
2190.116229
7130.341884
2161.934176
-25858.9498
-25963.10372
-82636.92947
772201.4947
11437.37171
6930.949871
-2968.320608
10053.04224
16559.77801
-44044.3478
345476.2371
49816.54343
36384.82805
9763.123624
13331.94023
50757.26529
12277.042
11770.04337
12070.01812
1839.520502
-1062.778421
1626.445143
43252.30284
-63581.73483
-58135.28106
-24271.51707
-10163.86494
-9035.063417
1974.899441
55173.28135
25559.556
52839.70396
-17568.09646
439.5355647
-11675.08201
-29909.42968
16127.67004
-7506.01521
34652.15875
-2997.361867
-7805.763891
-30882.41076
-94450.74668
-88959.9241
-10426.27107
6891.00589
-6949.558247
-62041.11118
-84836.28601
-137661.9178
-110163.1778
-123273.2664
-39982.6758
-44284.4715
-127129.3032
-125213.0477
-124048.0193
-124339.8362
-19681.13554
-1699.989862
535.3964957
-21742.97009
-157005.9066
-473961.5571
156797.1919
403554.5517
325596.4891
1608.18664
-8406.125283
-95157.13549
-252755.9883
404578.4047
591662.9901
-138932.6183
3732.741027
-6723.171807
-48562.94595
-72069.62904
138656.6647
14402.67639
-86967.72547
6591.896948
-2155.822537
-16700.10147
-49898.71631
113158.0934
-109868.0227
-458399.5206
7882.165167
6088.869799
629.8125639
-35092.39499
144701.896
-303099.5884
-836306.0929
5603.01776
7299.473717
7764.642827
-10888.41494
51015.93336
-277904.8642
-233080.9635
3356.29342
8018.825199
4176.362038
-24377.25856
-33855.23517
-97181.32707
307253.4706
7873.494227
3724.912991
808.8822203
-7000.411065
4591.637165
-69544.74574
92317.73205
43686.78312
17536.78074
7342.606943
15309.49511
101543.6743
-60691.70281
-17266.32163
14215.23351
3966.286369
414.4020686
22209.90566
84426.79881
-59954.29099
-32561.88522
-14720.83851
-7816.454216
-7428.585282
9474.644175
58550.1721
-33653.34988
-24333.15425
-9375.69293
-1351.873673
-16689.47728
-33165.3941
21566.59897
-96233.52999
180761.2746
-2220.024962
-13806.02594
-44329.91551
-118682.1712
-78294.97758
28612.98768
121686.4799
-9804.583848
-78187.55507
-121089.2094
-211388.0745
-146090.0806
-36502.2951
-191712.8711
-57226.05111
-183999.4511
-196406.8364
-246273.2888
-66146.9525
-86157.32551
-325960.0651
382.8259382
-24284.62738
-165019.4404
-576954.8521
77111.00731
343520.9545
392030.5122
1450.400063
-9085.201932
-97293.63571
-309526.0753
244357.8903
846693.7861
83680.39964
3512.743468
-6868.809588
-43218.99529
-75926.93579
175918.4614
218945.4083
15069.59104
5802.860706
-1770.622872
-16049.86784
-35604.50519
102899.5172
44776.98577
-156370.2944
6986.435431
6238.158074
486.1160861
-12010.82871
88151.58154
-135777.5147
-613095.7069
5237.875298
6577.021773
7723.662638
-445.832485
63004.41281
-96874.04412
-615907.7214
2805.135104
6695.723988
3771.370576
-24233.0798
62163.36049
65342.63738
-111828.7607
5947.933718
6265.424821
5683.515715
4771.058665
98448.07298
54303.72585
-13042.69566
39405.76773
17910.46496
5888.491321
15777.09104
108848.7115
100554.3904
122669.0018
10973.96502
583.1845936
-2297.674248
26734.43674
65559.78733
101622.1277
3357.510405
-14332.84232
-9646.705391
-8272.272643
11003.08712
43377.11927
40772.11285
18681.59904
-8946.559666
-2692.89908
-16488.96555
-33127.87877
26530.23346
-68999.47808
76528.68195
-3846.292237
-14524.40728
-42458.30518
-107746.4667
-76721.68718
-112609.7913
36709.38284
-9255.094499
-74768.07619
-109528.886
-165180.8362
-238985.9362
-184419.5894
-349526.7318
-48447.21507
-172612.8022
-212034.6183
-365684.7143
-257780.0598
-140209.1831
-377359.3478
-120188.1195
-29864.56504
11013.03434
39215.95426
49911.64047
26451.25376
2011.180836
-91697.15727
-13103.47428
10807.01816
32924.49787
31595.24903
28642.96549
8858.934785
-77632.75263
-6770.611506
9372.615872
26521.59288
27719.15309
18747.52718
15277.61356
-80664.96553
-14912.24904
6588.610473
24879.39113
28339.56608
20315.20148
15629.34564
-77703.35219
-27656.30447
9005.249903
21214.57241
20335.07175
27133.36242
23675.61257
62571.71006
4778.157552
-3664.249618
896.4799876
3978.551912
6152.769737
8161.229287
77828.1728
51623.44523
13891.62336
-21136.30177
-16312.79034
-10745.86905
-4254.582142
18504.12301
21117.56159
27488.47791
8867.502028
15982.69968
19233.08462
8821.225178
7396.882563
17372.38003
25605.37259
37107.57001
13521.13575
44239.13128
12837.79978
-4624.68331
231.7765138
-13635.28211
-16002.82657
-24970.66757
-39341.6631
-8280.416912
-7171.690316
-6421.417234
-22840.07932
-24857.30594
-20822.845
-27727.62277
-13664.18386
-30625.79347
4320.827775
-12484.59821
-11596.29357
-7170.231773
-13330.31216
-14746.66356
-35394.61921
-1157.848663
-7403.908046
-9503.923071
2187.609388
4069.179775
-1941.215439
-26153.06914
-9392.28042
-9721.517236
-4700.712253
193.2594776
10376.97368
-13921.6989
-19026.56158
-23388.64952
-11179.9757
4736.804473
5263.861889
38091.29628
2134.88605
-73455.02486
2232.23741
-2786.416532
3241.443899
-876.8066638
3152.269507
-28418.71051
-59810.2412
6987.028298
-2036.536042
14677.85735
12221.96683
2172.704221
-51355.19607
-49512.82701
6794.602515
-12609.07103
32267.71243
18552.66225
-6836.226724
-32049.91216
-47499.51709
-357.9455955
1938.591141
34418.75025
16604.68958
10753.81263
4717.745233
-13877.08635
-10444.78617
28205.53642
35620.24677
26351.35963
38322.0614
21369.73858
40944.26454
35368.12891
22360.04721
10230.71346
18273.01927
9991.503785
18108.01498
28173.2608
19943.04182
15556.44036
90.90315859
26322.30619
-9861.295768
1202.034767
7856.126665
5488.67569
7106.057612
18734.22458
17100.95305
-14934.89726
-25823.90314
16204.09797
11626.95121
-21761.62565
-17624.52108
-50793.85385
-11612.53187
14109.94762
13432.90915
-7156.493904
-45371.53312
-30174.70456
-44153.1296
-35338.86025
9676.966861
19520.4102
2272.78585
-31574.31673
-32484.85171
-12780.40688
-8796.916353
-4.530936764
29455.23541
32816.45228
-6921.780144
-19884.86148
13825.64091
17218.29957
-18770.43595
13356.42521
25377.08611
11315.98635
754.1215562
44100.19316
36437.91166
-46546.96014
-19013.85126
13678.55266
21146.64368
47727.26522
28649.48412
17669.17034
-101198.7009
-39836.86687
-8826.476026
20404.4906
59209.58685
24052.93326
-7878.304468
-129707.7796
-30487.7377
2134.799268
-9026.236031
-29920.49838
-58742.50127
-16055.17045
-22138.26647
-8765.92174
4638.284144
-5677.345415
-12512.61839
-50413.23386
-12303.19283
-36590.5194
20723.30042
-5250.812108
-7446.629349
-159.2978681
-16133.33847
-9485.001998
-36094.16408
16279.95957
-22751.26706
-876.2162483
27642.8863
1473.606174
-4551.266274
13542.60171
1854.478869
-18898.66334
33307.51713
43425.87125
6144.782805
13197.23685
33386.56127
113135.9108
31559.82636
20656.43354
19775.6674
22873.43481
21723.8526
27516.74585
158231.7603
80247.86562
25346.48068
41056.28679
41823.99066
657.4735537
1579.628717
89048.49444
71212.43474
19567.92652
25690.10177
10820.79552
1594.540308
15238.94116
1352.11704
-8442.258936
-22606.44954
-26712.81358
-80958.34564
-12881.16719
39357.05961
-70795.99452
-88640.66819
-84353.22494
-85848.47256
-85648.97904
-39574.91525
11758.17359
-19588.90665
-25911.07911
-32161.41196
-36569.64305
-3896.090665
12628.73043
-14088.44765
5630.572844
-565.0974232
-5494.983703
121.5078703
57495.82704
59861.4399
-32116.0267
10347.87886
11058.07514
25214.42141
49866.32852
-12186.98043
-26220.43089
-100861.0804
11219.11024
26140.67453
61906.98179
31451.75976
-73971.37941
-120527.8503
-293270.7983
-3982.8289
24338.54089
55488.48483
-12848.56479
-157546.4624
-357926.7094
-615064.6142
-21454.62743
-11787.76421
-57739.52605
-80293.28134
-7506.401187
-669.5729924
-13564.70665
-3968.769723
-12075.15556
-21282.97247
-53973.88944
-5681.059055
827.0135733
-21799.70745
4283.551363
-21390.04608
-11117.17831
-15944.69025
3307.373975
4356.827403
-22879.12295
16408.4962
-18384.5483
15699.05438
-2814.510332
-4570.142909
7565.281213
12452.28918
33179.72019
12950.09791
40827.12663
11128.89221
4078.345376
9792.203108
53512.84419
7412.744589
30345.47532
15979.88666
11022.55155
11765.13779
15741.54547
64055.23225
-9066.109157
-1990.73873
918.4584187
-2038.371226
851.2670325
-7416.916046
47893.24787
90829.50415
59383.06346
24402.44106
16438.44133
-20614.32714
10384.11198
74032.73919
61981.60393
40368.57388
-15891.45899
-23232.12106
-24347.95855
5796.716191
175526.1073
-6351.714054
8263.146512
-29908.27742
-48335.24454
-20600.00318
9633.369263
67961.70667
-20914.82118
-36981.93469
-24255.18443
-23571.75569
44416.11516
17874.56278
-30895.15962
1944.807776
-13404.71455
-3505.302577
26182.15317
-19212.82318
-40926.8406
-104345.3406
9260.395269
5886.608433
41212.3302
32006.95377
-122787.363
-260725.7465
-297327.2947
16932.51115
34580.66349
12654.85415
-66536.52921
-531381.2008
-522187.5667
-394904.8024
22693.95923
25221.66441
-21455.45555
-184632.377
-449658.3492
-295697.4284
-192994.6366
-7630.408631
-14427.4715
-41201.01846
-6509.917611
4283.411642
8532.203144
-4411.071988
2093.495935
-5102.94801
-58017.13209
-19612.25039
6787.837972
27334.85911
9966.121864
5532.898627
1307.788919
-18307.08455
-56942.93462
-126.0487928
17568.3435
3425.033855
-14197.28128
7289.683932
-1293.542838
-17380.37999
-25034.77023
-9972.536561
-8176.439863
-39850.10787
20883.70139
8287.880085
-4534.724512
-9853.05348
-17247.33709
-62590.70742
-26838.17558
34048.48587
-3560.420904
-16270.82271
3695.743662
24453.16502
-128656.1844
-19076.56331
10047.67682
576.8695346
-18508.49798
-27206.83541
82062.749
-80265.06828
-42535.21592
-8948.028787
-4309.261558
-3328.886935
-17165.78748
-100768.6433
24441.80514
-30300.73459
-26785.62102
-17293.0938
-10859.79157
31821.2864
-22815.06765
-97368.25802
-16700.25415
-19244.42022
-12677.33744
-4424.488081
42821.13765
632.7370936
-1926.909092
-6228.350602
-9637.186037
-4985.090235
13962.04932
-20343.08007
-33305.44573
-23542.01302
4724.172792
-3477.484463
22510.98304
28787.85429
-87721.66185
-139931.9221
-64377.21706
11169.64677
11056.15455
4097.446023
-64256.3482
-323107.1785
-190742.5652
-23025.59305
8175.445212
3163.6147
-50529.12904
-278533.8316
-109923.2378
-24908.39874
10875.85245
-4982.120594
-14230.84448
-96629.21157
-232046.8526
-53176.01776
-2274.363332
27412.17637
-8720.752315
-37282.12195
-1005.820886
6293.07429
28160.70144
19181.80377
1024.008218
-3119.291255
-11973.24639
-18210.05321
-377.846193
27469.69539
7522.000142
17992.97981
-6486.969601
-5037.056532
-22542.77085
-26379.89273
14578.89702
-11168.52781
-17393.50288
-23923.55751
-5804.33152
-6169.634275
-20729.5218
-2219.260097
-63313.64256
-140405.3661
-33668.6054
597.3597328
-998.9182754
-10490.07226
-22337.80359
-36066.23775
-240189.6733
-639.0593058
12232.57761
-12922.77227
-52415.37258
-21640.88069
169326.4713
-267625.9049
-2698.615481
10762.05656
-17467.25876
-39461.04913
-80565.83506
24919.82459
-34539.2667
-21225.3497
12885.96224
9495.449941
-7613.951189
-41402.85901
-267775.5711
-214424.631
-58421.34004
-28342.9032
-12348.24758
1538.538807
37665.55508
-105251.3661
-428942.5294
-36754.14083
-38621.59012
-14483.13822
4912.959033
26630.00291
-59505.84712
-217264.5403
-12696.46029
-13871.27299
909.3978509
18308.65605
-23662.90023
-41045.67679
-56749.60946
2139.458231
1232.334539
4655.566585
-16433.86765
-47225.32863
-13623.15292
18458.90571
4736.822979
379.4563225
-24406.91151
-57178.28434
-44400.02461
67425.99378
115280.343
-13776.29525
-14168.48061
-86742.59058
-113279.8648
20457.49233
82133.42772
121032.1999
-10315.5553
-34601.35098
-92453.33181
-54933.15238
7457.275814
89358.50514
144817.9698
-10100.40816
-9800.348232
6907.93899
19758.91723
4899.033533
-1769.841612
-18736.36886
-8683.343495
-18174.50402
2576.286806
13922.10842
17466.41211
7768.041611
-78168.73703
-5330.899995
-8059.461169
-6222.543983
-1008.797762
14748.18655
-5847.925197
-109093.6414
-17942.91309
-7770.832069
-8106.050036
-9713.402731
-13786.51126
-63907.15084
-83777.29605
-32680.95499
-6471.477363
-5279.262368
-12593.62671
-30588.46287
-7617.01977
-57339.25352
-1023.705217
7740.579084
-16705.58805
-53563.88979
-77119.65207
129479.9598
-88099.62006
9288.620854
5150.598936
-37570.13701
-50023.32278
-84300.43552
-140616.2626
201860.1742
-942.7568838
21561.95817
11312.9101
16141.04712
-9142.360633
-390481.5131
-558477.8131
-19666.38403
-5684.257322
103.5077653
8310.233826
44477.77347
-135470.3621
-724532.8697
-46513.59105
-27382.18791
-25360.05662
488.0051949
10361.32842
-90119.00484
-519381.41
-26300.91131
-24732.16328
-15017.93153
8299.339672
-14010.95896
-59207.19942
-268985.3876
-8571.438467
-4505.193782
-9210.001553
-14718.71253
-11595.78821
-6241.461566
-55240.99624
-5869.482265
-16701.06222
-24644.86967
-13956.43287
71240.27866
167292.0988
157911.9723
-19856.0125
-16930.79365
-35281.51561
-11942.50639
113435.0427
182467.5439
191210.8816
-16580.0148
-14033.39089
-8319.864237
6709.743448
56997.7633
150921.4344
205657.0237
-19578.2361
-5.487940479
12308.44282
148.194351
-6195.097392
-17239.11698
6805.259745
-9671.072937
-2415.861838
11855.5211
11546.26351
7366.511028
3964.347601
22903.96902
-5126.177691
-2938.802975
6819.74382
22731.84495
15288.60615
11141.50271
14350.72075
-13392.87122
-9173.685198
-5642.717939
86.41708091
-7880.573788
22008.22144
-12605.68137
-36485.28118
-11491.23295
-9283.432038
-11556.63967
-55813.18431
-26027.52076
104550.656
-5574.267912
2871.696031
-18633.43752
-54303.35192
-81060.73798
-57677.88686
448291.7174
15101.36631
1022.705856
-55930.25968
-50019.3317
-25251.11327
-121336.9257
-160358.9807
6270.132319
24004.44757
10054.72623
28108.84349
29984.04248
-135340.3598
-1063829.019
-11199.5052
1502.738451
4229.850734
13600.50874
46632.95541
-34909.50661
-686980.2056
-32286.79654
-19126.64607
-26098.43847
-18485.36992
839.1751849
-21520.95451
-467568.9258
-31861.71714
-33255.21976
-35432.40441
-28453.71596
-17561.05865
-18758.71893
-212159.0992
-13642.13194
-15628.28205
-18749.70796
-11284.42664
-8467.574163
-8641.600153
-55622.64078
-11837.76604
-25017.56992
-11235.50514
-456.5491038
1933.704833
19210.07083
2209.245494
-21629.09971
-8397.395312
17150.50405
32278.39555
65338.55388
88923.32534
88435.77603
-11187.65465
5965.419937
46208.02012
51501.85857
71509.28603
93517.89185
94120.65263
-207.829201
8204.335737
23994.0386
-7709.233242
-31519.773
-17779.8555
-9987.479157
-87.06073286
11958.01439
25075.58839
16387.84534
3055.949621
-13824.43551
81002.11063
-4585.526855
-1254.760255
8867.97497
17451.26818
13511.92533
49081.80858
153129.3931
-11609.1774
-14324.04217
-8969.482799
-2740.955276
8486.72657
122618.1425
57551.72199
-34298.67269
-16847.11453
-10344.93743
-15338.10447
-35789.65713
-7072.48401
11796.38989
-9958.727484
-5285.026798
-22520.13513
-73374.20341
-77605.16788
-60122.2291
70277.91867
18669.3295
207.243255
-40240.85826
-88880.06388
16236.53455
95239.34803
-246845.8551
6907.734618
30028.4812
7608.946963
10899.38515
135802.5103
35931.53261
-625433.0102
-8850.417871
4107.114715
2391.363793
22613.86479
50938.90212
30274.47774
-233355.3804
-21697.13382
-25428.74305
-30126.31813
-13229.58241
-13330.93674
25721.69548
-131469.754
-30454.25488
-34811.4948
-65276.32194
-89612.72086
-51701.03825
-5703.516844
-53079.15346
-15405.99342
-17252.61238
-13110.55807
-14705.98658
-9394.588015
-5832.594759
-23043.71415
-15200.4224
-27640.42279
-7185.495744
-1894.551432
-523.2701886
338.838602
-6125.604561
-25628.38389
-4834.114873
17933.36472
29376.28882
17232.97393
20091.42471
36413.64823
-5436.444859
12797.76914
53991.22697
71259.41021
62439.2095
13699.72341
32391.96424
15197.4407
29636.95186
-6134.111222
-44731.37546
-14828.58304
-4802.838759
13434.24289
20168.92136
25176.37422
18665.28928
-4750.200556
-42886.79567
-5608.28391
44634.40686
-8278.337085
-8051.448418
-2698.132392
-1955.720389
-14105.9337
26015.00599
174541.5497
-16107.55273
-14829.64446
-10755.74925
-3071.464686
8691.631406
100384.2657
103479.0812
-26214.78373
-15904.4503
-10455.5811
8.063291363
63010.99859
91746.67244
-46169.64701
-13476.61884
-14708.26626
-7904.243323
-31675.07502
-3433.537996
-76406.08377
56963.33443
3905.106448
-1646.876206
-25573.97457
-114484.1651
38377.63981
348642.5799
25901.04657
7776.889476
30553.57797
909.6809444
-6836.250318
92213.09217
283564.1305
70013.75701
-10192.46877
12659.25528
41345.69733
33558.01022
40760.47253
75623.81519
1477.462991
-23054.65083
-41027.26656
-34125.10636
2176.714855
6128.202348
35452.75042
14471.74538
-19257.63333
-41406.23628
-99779.9728
-120994.562
-102778.5365
-17619.35945
-3451.513077
-12477.86483
-9007.67179
-8447.4379
-26057.69717
-20463.56422
-5104.129711
-7585.734897
-14825.52103
-19122.90095
-6258.221542
-2337.019337
-7962.341396
-1346.502632
33444.05492
-18263.22418
-3091.009424
5367.936044
6168.069012
-3110.128294
-1417.267759
37552.84679
-3214.708846
6898.558775
29338.71251
36985.71389
-8120.116871
-30019.1811
-64499.57095
35602.4876
18576.57593
-32222.62345
-16882.6257
-3570.936733
-1141.199876
14693.32997
3109.247658
4502.985981
-1746.563976
-77824.96209
-6705.711611
-5279.931818
-2911.889514
-13288.11502
-8310.795703
-10718.32495
-46369.1437
-5090.871173
2302.450252
122167.2636
-20941.27851
-6849.710686
-7167.366125
-20533.4798
9694.176015
43122.39874
131356.4876
-17755.38247
-4084.375149
-5127.916899
12877.37875
73032.87801
137259.2199
-17515.75113
-17455.10699
-12852.44364
2942.990144
-1606.61638
42217.89391
-78478.74943
264799.9176
-7410.308923
-623.5865047
-4208.700742
-39211.07777
-34202.54463
219210.7486
372824.9557
-6065.005894
17334.77428
15441.81067
399.0336272
16090.14104
267046.7093
225121.6134
-11412.08241
33532.5837
96996.95763
110851.2469
33536.1911
86901.32778
76921.6857
-29381.29349
-59584.26104
10401.53023
51965.46757
23981.57198
42026.09164
78461.2131
-14196.84593
-45564.73431
-116385.4497
-72422.18222
-104714.1314
-82209.95613
41260.64918
-9964.648582
-2572.609784
-4045.188473
-43304.17177
-57049.0759
-8127.677885
48253.27426
-10136.3511
-10287.79848
-3484.830894
-3192.309781
-6020.433027
3608.462184
62425.57874
-10452.73802
-2325.768381
1366.576861
-3260.540782
-15307.12366
-38002.66791
-28730.235
-2708.707964
660.9903731
13311.45389
-6969.621046
-34158.20816
-141544.353
-153531.7596
20140.51569
-643.3611439
-46569.44384
-4388.801511
-1878.367297
-39.54761779
18425.12002
-1809.177155
-494.6688093
-22699.18077
-18160.16418
-2069.555049
-11571.11394
-43913.40176
-11675.92407
-5557.581839
-14915.06822
-50522.72549
-13292.96305
-24994.072
-30213.90659
-12465.9612
-2836.907388
-10891.04005
-44913.03378
-8689.332193
-14823.58644
39212.33017
-10388.6727
277.9457869
-11857.69565
-26170.7917
39434.97567
112553.6327
92982.88335
-13185.95203
4257.204431
2735.764767
1139.701883
54021.3857
-2636.161712
649572.745
-10137.18805
-2489.706018
6404.938795
-13391.64157
20385.88913
39713.86053
818052.7895
-11523.26407
3579.373205
13792.96234
8906.028485
60007.55608
89588.03376
388871.5872
-11931.8697
17303.40149
104468.6057
117790.4169
130640.3212
74806.27057
16428.79613
-36543.74772
-81708.08484
53732.46276
139412.5959
52351.37809
15269.21877
49440.37274
-9332.821325
-25258.34197
-84362.56772
-36288.22505
-147238.6878
-160513.928
69779.22521
-4335.226852
57.25669108
-1049.284611
-48191.76771
-52454.27604
2647.757931
106364.312
-5223.699878
-8659.579283
-5471.470777
-4631.558085
-2732.757463
-1416.11104
40054.33124
-5709.219349
-4001.418841
-4315.132554
-7635.10794
-17693.16907
-75590.00646
-98938.00501
-5238.865558
-2263.976314
-5636.929554
-19787.35752
-29284.73708
-105753.4795
-124328.0969
12267.13958
-5108.401931
-20640.25056
-3188.443653
-2722.244835
-21390.15647
-114936.7775
-2408.289778
-2970.907153
-22644.4589
-9379.159828
-2626.727147
-14759.9143
-60540.29355
-7252.722729
-3447.50316
-17674.26558
-38313.48068
-19262.5157
-37228.97768
-81395.0144
-7892.483724
-672.4886155
-17776.10377
-47637.28822
-34749.92745
-62589.23559
-48933.43116
-4330.883667
1609.93014
-30940.1011
-59786.45256
-12770.25811
4729.012307
-117628.7458
-5313.923091
12213.65311
-12306.5041
-23717.82543
42330.0922
141750.6939
764630.7689
-7724.802651
-157.4944052
13032.37618
-5653.888772
40410.19817
-35210.44923
777204.3812
-11265.25602
-2511.670949
16114.6312
11265.42927
92343.10302
-47911.31481
295712.2642
-15369.29495
-1655.509544
96055.88113
103685.3125
274575.4025
124003.8033
40329.07281
-41251.8936
-81638.60816
61308.66194
202286.7064
114300.3999
-4266.882226
32585.84832
-11431.81008
-10209.78839
-12367.09517
-31383.64496
-133069.0008
-91986.8203
69435.83864
-2226.801769
1571.696222
-302.9808733
-11686.57583
8180.498775
29040.60987
83107.61427
-1723.835633
-9356.50758
-14859.77658
-11678.89852
-7120.35252
-51209.37388
-36142.29518
-10728.15549
-9093.162913
-13028.89092
-7474.062339
-21842.21638
-90264.20272
-72877.62506
-5294.998332
-2025.217255
-21074.75162
-11184.82384
5220.849906
-62109.85714
-127806.3149
9621.847688
-3561.515655
-11489.92269
-2818.761624
-2444.679909
-13885.5875
-71713.19021
-2137.984781
-3003.221365
-18563.82393
-11896.47331
-2888.504731
-6208.340711
-71854.24017
-4472.018402
-3355.138358
-21762.1835
-44055.27284
-13095.21999
-36354.70687
-70015.50417
-1234.695495
-1846.906279
-24904.74543
-53778.98392
-23226.06929
-15379.24729
-60626.24213
4233.30854
-4165.849493
-42632.85401
-24177.41727
-15462.41951
-42634.48443
-247376.8027
1706.974801
6268.569878
-27792.97896
-14987.19092
12738.10926
44867.48975
71979.73369
-3317.003673
9901.576072
13067.9424
7491.462838
34362.89453
-5759.575866
768263.7612
-13508.68527
-11273.88973
14452.42
27207.46152
117496.6181
-51258.20892
339052.0967
-27972.09998
-45756.94202
108442.8308
188431.9175
380547.5909
232592.7027
109551.6784
-62647.01627
-126527.6014
97464.22873
215065.6902
145245.15
67410.70934
-103699.3295
-22614.85644
-7901.476258
17274.96681
25786.9293
91588.35039
58005.94917
-18332.5873
-1017.211565
988.0052389
-465.9275675
-5216.071409
8557.420649
-14193.81256
-23619.42163
-3834.209704
-12047.38197
-16937.02307
-29103.64986
-52949.05992
-68797.08513
-72287.96421
-29676.22643
-28560.23678
-30561.81729
-9370.102174
-18434.28605
-67904.75917
-43111.07627
-4044.341388
-12199.7898
-23482.54158
-1174.058999
-21346.05065
-95139.64121
-92983.56084
7295.104674
627.7892749
-7972.14893
143.9469647
3942.44235
2163.843879
-30693.81462
-1364.083353
-2197.394443
-16866.914
-12505.462
2289.80874
5157.331441
-26407.71944
-2578.355772
-4517.750143
-27546.75252
-33296.36454
-3067.96089
-2151.677093
-45341.76662
-2760.833363
-9005.734407
-34008.28555
-17929.9191
-8296.553964
-40935.01577
69863.36602
-791.5041827
-21057.97589
-35584.8147
541.7847683
830.9653457
-11946.6146
-292402.872
6650.602474
-6800.264609
-25347.72741
-7884.186636
-20908.09892
-5138.375028
-107190.7506
-2110.159026
20930.32713
13060.00085
18347.35026
54611.36708
2210.963453
617716.1545
-20168.71924
-53173.97776
7730.49452
49946.07499
229800.5609
83899.8434
396677.9511
-48220.4343
-136582.0214
92294.83681
289766.0659
448678.8615
301625.5812
-112239.3387
-100419.3402
-156579.5725
192391.4448
256556.5853
289511.3901
48472.96807
-189791.7538
-33816.87672
-18549.5138
17910.65791
128418.9549
171598.003
-3304.971095
-55176.43353
-3555.306136
-5742.488676
-23223.32321
-13728.48134
-28370.87714
-48642.98684
-77454.18358
-1888.847974
-5064.05941
-18093.18579
-61954.08181
-62334.91952
-75983.14539
-37930.3549
-38958.47396
-36398.44346
-24163.13876
-18234.39715
-36948.30075
-93946.07453
28636.52781
-11555.28988
-38564.07631
-32629.89647
-23207.56429
-133890.3192
-159485.6005
-28467.98358
6745.433996
654.8556323
-7445.50105
4469.108278
7625.059737
1737.326536
-11893.41807
-1013.057494
-2753.485515
-19253.98164
-1275.687057
9993.219989
14926.57085
6216.740619
-3714.827881
-8428.137819
-22604.23118
4672.296374
10155.33693
16882.50733
38562.58557
-7205.413423
-19826.12609
-17299.85708
7696.292278
12960.27387
20093.06325
17889.69111
-8779.721848
-41816.92072
-25644.195
2934.765966
12156.49962
86241.86531
-45945.9081
-10328.53523
-21094.16281
-21546.59997
-6829.152852
-11575.86111
-23915.0169
-385549.4782
-2047.427574
20114.25868
6955.260922
9137.336894
133029.9937
211356.1311
36411.9614
-24702.44379
-96421.73674
-46333.69955
109826.2614
363041.3941
307850.0814
396472.1766
-84950.02407
-247905.9363
111397.648
310708.054
260536.5013
90079.22876
-90905.13477
-132538.6625
-258777.4066
318937.6415
470854.9777
456794.001
48538.38424
-151255.2381
-34240.90065
-51565.9378
-8880.595518
241098.4353
179586.3792
29541.80976
-25658.05576
-5074.527388
-24538.04157
-100056.7407
-7662.226135
14514.32867
6581.137793
37779.09282
-3164.507258
-13162.25172
-69206.80555
-99398.01829
1246.370825
9414.977161
204494.0811
-15324.09079
-14136.07105
-20811.96809
-29238.55363
-132071.9159
-10477.7733
235004.3992
-26364.50963
-52539.11075
-21851.63352
-34800.65608
-213575.4443
-133152.6822
47439.86635
6335.762174
-2002.46935
4149.971221
10302.71637
5791.289164
2178.698598
-2123.434292
-388.4597463
-4566.899966
-2695.516253
11870.9425
9901.848431
9761.23655
8020.179631
-5898.227478
-11943.16395
672.533515
15680.52747
14979.16335
11624.9312
53007.68954
-13439.13321
-16026.94991
-7878.59278
12822.17021
18909.87324
24225.93368
109756.1916
-25012.58307
-56346.43147
-16073.96698
-4295.837537
11601.0723
45424.89745
160013.9949
-43436.47658
-22613.84074
-7834.653277
-17252.11769
4215.498804
163432.1508
-162447.0954
-18173.20336
13673.8316
-40245.15154
-9946.328321
136642.5751
406292.0891
-207027.7646
-15087.88275
-154983.181
-177159.1653
143479.6284
476299.847
292162.9658
-161996.9327
-76573.50612
-433078.3488
120076.7943
376941.6149
295616.9214
121670.384
-130008.17
-98613.36602
-449627.4989
392429.1404
776356.0103
662155.1657
101081.6314
-38720.70243
-27259.29358
-131375.962
13903.99656
390610.6784
109758.3918
-80035.05417
70946.30413
-11200.19089
-56242.78081
-112526.5129
-68266.24731
-217227.7084
-396370.4596
-160306.8673
-9168.090827
-27422.21642
-91162.66301
-117229.0275
90744.2023
-166365.4211
-524090.328
-13373.00054
-18948.35697
-22221.34432
-24001.93102
-97570.23799
-256456.2416
-478736.5544
-33510.54247
-38777.57065
-13747.10625
-20397.91164
-105638.2412
-205900.7051
-383171.4777
2140.285369
-4235.983032
9556.566735
6528.352308
4060.821881
2307.848552
-100.6401571
-2804.767293
-5597.988096
5513.989224
12072.65098
5086.750322
6537.054488
5183.463426
-9902.174704
-4636.508186
6908.818234
15512.17517
6345.310652
5107.078157
16306.89847
-17021.42999
-15189.65214
-7690.11062
10085.07078
5511.170859
7237.674005
50495.01237
-31005.70286
-57821.33683
-28874.60954
-18385.22987
1809.101547
10949.38804
50444.52904
-47945.12822
-6606.610585
-34012.77533
-64861.58405
-89827.2203
98847.51796
238997.3033
-16802.47594
-23240.00128
-117888.4821
-162578.298
-230260.0573
96343.53241
-91975.23134
-9084.748945
-234104.8036
-297698.9389
-223336.9439
186736.2758
767924.203
28686.97539
-118381.9049
-848081.6966
71955.57331
625514.5087
635500.5068
401101.4324
195125.9076
-145287.7932
-812913.3262
474934.65
1398561.16
883435.062
337553.8163
224464.0883
-40811.6652
-213752.1284
-221650.3952
997659.5794
409749.4583
-293962.1759
-786402.354
-20843.73797
-93984.04114
-314839.0517
300408.0716
47270.51262
-199863.5636
-484000.2664
-19303.38395
-24005.11884
-70360.21871
-140012.8348
439929.2607
215699.0262
-437801.1669
-27682.15742
-16452.24698
-5987.88958
-28851.53151
-20914.26741
-45254.41742
-193403.7808
-41124.21179
-27794.28923
-2032.881966
-5327.752821
-38252.72059
-54822.23757
-92177.54502
-1335.625189
-4351.171919
4495.701963
4425.846206
3464.051389
2223.465605
1262.49817
1242.371039
-5227.328875
-1399.80456
4005.423501
3416.300351
3392.636257
3715.701312
-2327.68032
-6432.745149
-7963.116302
2967.086021
1873.98986
2804.10149
6195.720507
-12366.42182
-22776.21678
-28801.53869
-6547.462162
-631.3371605
-1827.328045
5312.505854
-36544.44571
-79497.68413
-45998.12507
-7727.738965
-4695.58139
-13587.05451
-52906.55614
-59335.36867
-20118.37328
-3603.919454
-19458.47659
-51290.41673
-180344.8246
-126911.0092
-15124.83539
-11880.85198
-67261.9707
-106671.0801
-413518.7882
-590718.6459
-19682.93284
-4949.680096
-134684.9176
-326610.1863
-329083.4022
-496888.8882
-11530.10087
288891.2381
-80699.78468
-828761.7619
-676241.5119
322211.3598
768055.7304
860159.7538
760395.7933
-132763.6558
-1020325.664
-486462.4481
893487.312
1520776.288
1120703.477
834120.8355
-51905.80551
-183831.1937
-585601.9372
-500461.2822
1009086.426
783876.1597
1506001
-31922.6432
-73644.51246
-375510.2045
-549160.7613
686267.4233
904899.8023
1160570.039
-25471.68691
-17083.07475
-31412.76426
-166261.0295
-204277.6103
451530.6974
722545.049
-25542.94486
-18549.73534
-6863.253443
-15632.83646
-49333.5805
-27334.02377
88901.32384
-42038.46767
-26736.88044
-16950.27525
-18285.7694
-16730.34321
-30934.97895
-59919.58058
-14070.44117
-15159.65267
-11918.57604
-179.4371448
4625.660344
5410.693355
-35902.46448
-9196.558703
-5845.007319
-16249.72199
-8448.855227
-7496.791257
-21092.11216
-92909.92659
-5619.165481
-14994.83412
-22714.07284
-20784.94203
-20385.79325
-39775.05451
-56579.74438
16336.56399
-8298.33988
-15950.79717
-24199.4933
-27528.26815
-38965.86432
-51992.98702
37583.23418
40802.16177
27512.62617
21692.055
9260.756379
-20583.80216
-24367.09673
52179.15339
44101.09131
19828.42109
4506.89077
-9584.346562
-4044.655202
-12841.57108
35362.16258
-3645.517141
-18753.17009
-17701.81284
-20066.16418
-19791.09122
-18472.56172
23818.95267
-11444.46325
-22715.92546
-13219.35857
-21644.78304
-41293.55861
-46603.21837
48812.56136
1160.591821
-11971.20439
-12615.07951
-17260.28077
-31844.52972
-33153.76765
69871.36331
48199.58626
30974.49906
11665.52174
-1019.65203
-10855.74557
-15887.8109
22912.07969
44998.81746
1308.774108
13998.43988
1830.439173
-28965.96871
-24946.10371
-48805.83013
-28693.13055
-34351.14166
-30948.68073
-31045.15966
-30520.48578
-25443.46301
-20598.22792
-31152.66278
-17487.22073
-6596.884941
-8174.441944
-8323.920479
-9283.290253
-8199.769114
-13290.06707
-9480.105352
-11150.15674
-9512.979075
-2390.22154
-675.2500386
-5689.616644
-10784.10463
-8988.517434
-13632.98182
-13870.2059
-14917.97697
-7776.877729
-20199.86627
-31992.12452
-1930.688706
30357.13914
-30078.484
-70311.19558
-190963.7171
-8272.265675
-14800.28706
-15413.89997
-2268.60092
-63805.84659
-127201.1184
-259592.3792
-5372.124501
-25638.73071
-13348.81058
-15820.82455
-96761.29582
-149889.4377
-278362.2663
41073.89165
21941.0304
14473.23679
-13477.23623
-111190.5427
-109096.9877
-208487.6308
54185.67234
78221.88018
54394.20986
19526.39309
-121599.856
-68895.74305
-67080.65562
36186.50903
-9155.179022
-17186.70204
-30820.46972
-44504.96719
-25298.34105
-45425.97999
12090.48974
-16667.13617
-23742.75557
-15852.26523
-18047.18909
15712.4268
29718.93293
5320.590591
-19293.21668
-21126.20893
-16412.22334
-38863.23098
-79741.69781
-70651.63584
27664.45322
-15465.50807
-1518.078376
-7423.515506
-24252.96908
-62525.8269
-52125.284
59951.8597
22000.98495
28296.8989
-4450.03053
-24346.18107
-38881.38496
-15824.30946
32238.39916
45165.47299
36796.60565
1010.993066
-30591.83956
-30860.09358
-815.8877121
1181.442796
18980.89162
41954.38257
-2202.94375
-25400.63673
-13520.25768
-4310.911288
3861.01487
7648.267177
-2773.549753
-24555.57925
-30768.71592
-14175.98348
-11253.30737
-4117.353363
-4491.512713
-13073.9077
-26033.17124
-22586.85292
-10125.05357
-9872.614984
-11617.14444
-15570.24686
-17988.2623
-30803.28112
-35726.79348
-12265.03379
-12950.01661
-17388.72846
-2767.681664
22807.3798
-13797.56745
-259651.4491
-444165.3231
-572344.0973
-1889.706647
-10648.56896
-4690.145233
-25573.53757
-377016.5612
-456531.2981
-533278.1694
14838.85143
-2138.768174
-4648.965478
-47158.81229
-387374.4586
-443040.5056
-556869.6125
39772.1196
42347.83627
33168.82935
-14820.79235
-284432.9707
-289475.9028
-344886.5472
53740.30463
49569.47356
69817.8343
59320.94735
-6990.368897
-34336.36755
-126842.895
62490.56448
-33674.16216
-52393.02409
-52170.51383
-61869.94936
-88316.7514
-74527.61476
26106.93717
-25126.6997
-40106.21105
-33971.39796
-66428.19959
-19874.39998
39710.34494
16417.43579
-14645.84877
-12212.33888
-1889.932385
-16695.39584
-32349.90706
-32835.39725
54783.41856
1155.274658
3465.366199
-3106.329645
-8444.236778
-47952.65802
-86513.87443
78537.82214
48151.11373
38328.66693
-1325.23586
-20528.50613
-32568.6178
9079.166534
52059.81635
52640.03146
31436.89256
-6919.852838
-6135.919061
-7056.965057
26048.65156
33465.52795
35403.16408
-23432.66232
-51570.89456
-17617.04711
-5805.68433
7627.115291
8087.58162
-6957.305053
-32385.98163
-62585.59843
-13559.02066
-10730.31515
-5952.994687
-6515.487486
-8337.622034
-23187.97257
-48314.99505
-8359.424299
-5981.862586
-14325.18026
-19202.18226
-13894.9718
-19441.40767
-41665.8529
-9234.720452
-3676.422053
-19177.73691
3493.825702
11705.07009
-17096.61131
-140987.2685
-267124.7155
-166981.9126
-36630.25381
-3118.257791
3309.533644
-30725.81203
-212399.975
-121481.4953
-56259.63136
-56305.8772
28511.67788
24340.26961
-64486.23933
-234659.5297
-62029.24007
-73153.85629
-119237.3784
37906.58985
52009.48947
36705.83991
-23966.625
-31362.48883
-124963.5873
-354665.8022
9237.697716
30984.17508
58919.23238
77885.52638
-23173.29128
-73355.46585
-171854.3067
-37386.79421
-78038.24311
-68982.31038
-78366.94444
-90437.12386
-85741.21279
-82507.14355
-25984.73901
-31158.69324
-46804.23218
-48144.54205
-82522.78241
-52134.41102
-21163.50105
-17889.10081
-3391.411808
-6131.01493
-7463.233951
-9934.555965
-14868.3667
-10373.33325
24832.52314
28667.91611
-26328.1914
-3792.043513
-650.1900785
-20277.23229
-64380.79939
30619.16242
21703.77568
-2430.513666
-13013.63438
-24413.59319
-23939.22087
-3471.102176
-2346.474571
-14235.11916
-14086.19998
-10999.21183
4505.148307
20099.7157
8199.81875
-20960.83469
-17525.84855
-59611.67802
-39350.49137
-1323.778531
14355.47477
-5259.815465
-16588.05319
-14297.0754
-69767.76856
-18935.49737
-1608.732604
11125.49335
-14161.52669
-6921.032504
-11140.55312
-40127.31219
-7506.400023
-875.5589754
6237.746678
-20134.03605
-5881.623395
-11061.76142
-22596.90608
-8181.17666
1606.730956
7041.803116
-23574.06112
-7340.875454
-15780.9182
-84979.24731
-211469.233
-35772.4209
13415.7505
48969.28778
-12916.24992
-26844.74567
-130507.5647
-101771.1788
-7165.631168
44312.00376
38546.95902
5941.224975
-28641.77802
-83812.49039
-53633.05878
13414.82821
47201.72688
-7469.268456
-5011.205349
52616.91599
-25904.09842
-48167.06477
15886.37238
-17752.9352
-72489.66668
-80331.6413
-3483.765115
-30871.62793
-68107.22378
-8123.345013
-94447.78642
-209664.2065
-62091.91339
-66565.93721
-65766.25018
-107718.9995
-63285.76966
-122751.2962
-108657.7706
-28841.27418
-24027.4424
-46922.39368
-43251.15988
-108645.4464
-44952.76269
-49680.98876
-22870.74355
-15297.22194
-9457.411262
-10702.69077
-23793.45252
-20928.07125
-11838.75411
-43376.6134
-64362.0727
-25807.09187
-8031.646146
-5420.507712
-30112.62099
-104693.3721
-89766.77619
-73356.80881
-11131.72869
-21339.43063
-7752.690701
351.2915052
-9555.729913
-79525.09444
-15549.34068
4038.184304
1748.984163
10232.73337
33847.23816
9586.295995
-25472.15392
-26384.01543
-6825.519825
-2742.354585
3459.624079
7722.115691
1743.760566
-6131.653841
-23101.46101
-19099.26409
729.6457493
3589.410975
-9418.507067
-14471.58482
-2440.793965
-19852.00929
-18460.70494
2445.425311
1686.510153
-10460.13431
-26551.65952
-1754.111852
-14440.3585
-15557.85445
3431.417618
2237.056106
-5982.50476
-7225.680203
-27982.76235
-27652.52075
-72574.90634
-31756.92545
4028.367657
78874.20982
146542.2645
-47368.84968
-26202.08653
-40731.76388
4435.542035
2519.623024
91012.58912
102675.1565
-79495.88198
-30929.28009
-22994.37248
13586.58349
38335.90039
39857.13888
1652.198485
-117747.9959
-37403.12184
-21694.11235
19864.77866
16015.74022
-5978.080411
-11544.1634
-90751.52131
-46170.30949
-22772.6007
11677.90478
18247.08765
-24290.4519
-93409.82674
-29896.75261
-37959.25556
-78905.71593
-46350.17554
2536.143685
-70645.3753
-92472.47783
-13791.643
-16116.71746
-33434.11688
-113583.8414
-177432.0678
-52718.80136
-71735.05333
-5542.891154
1981.861634
-5680.231494
-11969.35839
-38150.06446
-13453.62687
-41873.37708
-26097.29948
-27771.07733
-10255.76597
-5336.215518
-9830.524891
-5350.666268
-110380.356
-49971.22595
-23062.74245
-10211.58772
-29023.22506
13703.31158
49340.02148
-31851.03046
-21510.89352
-122.6567361
14660.10352
-3040.12097
13055.59622
26335.55631
-16865.68644
-5736.820148
-2641.762347
11107.14083
3952.622935
-3682.766469
-8932.207967
-12997.2434
-4469.627826
-29424.45015
3533.497514
2932.881097
-3776.67074
-36804.44362
-28189.67463
-5047.852925
-31714.70991
77.12972736
4854.262272
-4943.08655
-49109.39161
-47737.27873
-4489.074997
-23967.24346
4765.180009
6200.349369
-8576.141699
-40756.09828
-40822.1098
-40711.64847
-17861.89057
12384.95381
17006.19873
35271.93679
145315.831
144572.8321
-75874.50233
-23438.67284
36669.58021
33705.12789
49610.46535
59608.03856
55652.30251
-100600.2511
-26938.1614
38007.79997
50422.11142
10234.21112
2148.05173
-16540.36479
-85309.24339
-915.4059244
41072.15372
75211.39345
4850.261453
-26079.7502
-28608.14895
-35816.45031
3569.46458
26760.36236
70033.91255
15644.9169
-16505.93391
-46593.21519
-12792.43395
8628.506408
-13966.35178
16154.41263
13218.02994
-27478.48259
-92588.73758
-15027.80936
-9007.874843
-92139.33859
-100442.9381
-23628.44171
-97052.09293
-73267.07562
-5376.740866
5681.41816
-12379.55372
-41074.4246
-62606.88782
-30365.67226
-71840.29869
-13834.44935
-7254.901372
-3688.790322
-6043.027285
11257.69468
72334.88393
-80196.4556
-16754.13773
-15274.76251
-30888.60852
-8479.510327
42521.18358
18108.29521
-85855.74693
-2164.291907
5309.938108
6965.42557
-107.6230746
9676.065029
15197.27741
-61196.37694
2735.423256
11052.80459
28537.65613
9368.795961
-2170.757757
6142.70136
-39208.21672
-6635.180343
1484.979592
10506.01919
321.6237882
-2605.899401
-9851.295608
-23730.01815
-9241.880267
-2529.112454
6465.893708
4848.362709
-942.3853554
-33794.16115
-75014.68258
-8339.287033
2830.839688
13820.20427
7621.06066
-8040.131201
-46040.13716
-90979.00657
-36675.45995
3837.519322
48283.71537
51261.85105
68392.24051
68383.66421
47935.0845
-47163.91763
26699.02268
57252.48983
59698.32389
94399.76349
32265.33806
-12052.2669
-41422.31346
40103.18964
62634.08428
82644.06159
-3062.405822
-81705.61582
-68317.52572
-25910.98993
52856.90883
64988.65085
122863.7015
-20550.76446
-68774.78923
-72785.96047
-12535.39032
61261.84389
49787.15264
134753.2926
19423.9603
-25067.77665
-33311.60646
4254.52016
48749.98975
17917.7104
82316.30887
30221.14732
54192.80402
-106816.5851
-5551.196511
-31765.10309
-70071.90852
13593.65799
34733.06085
-145575.5625
-66308.04085
-16078.8458
-1552.822312
-40714.22383
-83010.06235
-60469.41443
-21465.21769
26345.18925
-12971.04493
6552.527217
-16319.0048
-18348.41437
29801.09496
142448.0464
-18238.71036
-13009.6019
-13442.37713
-27713.12584
1620.661338
29805.03343
18939.8415
-166579.8465
158.8331095
930.4231129
6633.158806
9059.512366
14374.40105
26952.25697
-88374.62563
2117.20544
16637.10352
27296.28418
21391.68717
12540.89639
23170.71987
34539.92003
-4228.382428
9639.203435
19720.29465
6480.474478
5666.213524
9204.646107
44868.06027
-7201.630034
6746.715025
12948.29696
6574.799651
3978.170971
3109.993549
-4461.974105
-9590.18061
10734.07106
17993.82242
13314.57069
5030.95223
-122.394321
-9680.055671
-14544.1862
15568.66415
59721.68437
68026.15879
82261.33492
14087.67887
-25125.57709
-17687.12192
35414.45434
58374.15229
67349.43112
-2756.566961
-101429.3949
-117722.569
-14278.19898
23578.06756
58682.83076
80865.28708
-71469.5508
-71430.09433
-99849.57017
-9134.697607
21350.43421
62659.4233
50063.10578
53404.85426
-45338.36011
-103306.9603
796.6451529
69031.75642
49699.53895
46602.74999
43596.85897
-29002.88939
-44869.95114
627.4853811
62884.75193
43898.61308
71328.10418
55112.36644
28831.65081
-165372.2851
-2387.971133
-9745.732311
10881.2066
44142.83811
30426.83289
-139753.9
-293556.007
-3151.895224
-32992.11295
-86948.02346
-47300.63585
-51660.32417
-74729.00577
230938.2259
-9934.419161
-12143.3331
-43545.88767
-24082.80786
33176.27289
168681.893
58178.61357
-31141.05753
-14502.89826
-24448.43496
-8691.16202
19476.73758
38439.24322
-98161.10236
-10216.89061
-3171.403688
15095.94028
16161.17877
19495.60005
38900.41495
-30092.07801
5639.600723
17288.85798
25625.11012
34107.93205
23727.63299
17089.87845
52221.67029
1103.134828
16815.94152
20419.32175
28939.91154
8298.55606
7674.340529
-132.3517168
-753.9069184
13737.29069
14540.21141
14974.63325
3274.111005
8452.400727
-1454.340053
-3210.028764
11221.82503
9568.132888
16952.15281
14329.947
10211.34259
6171.542917
-4591.763151
10074.695
45283.0321
62603.63816
4738.721135
-70078.98053
-165788.6097
-14431.24472
-7183.466627
51161.62434
79189.40947
-94647.23763
-112224.3349
-130575.7542
-19863.82232
8594.716031
58430.16368
23656.08701
43369.11007
-34502.25072
-70764.56087
-26420.63788
18770.35172
70605.55393
7297.287114
105557.0386
-17677.70021
-13144.73276
-13526.34101
-452.7596131
47462.82425
15046.64814
93373.746
-16099.69291
137230.8342
-8083.921136
31537.08454
50033.80619
24492.91317
36957.45544
41869.4674
-146333.5249
1295.357105
24775.69301
36002.84379
40986.02928
31201.01645
-31793.77387
-517921.8813
-5784.456212
-52692.1265
-11128.05367
5731.119017
-20631.23349
-136644.8635
104020.2717
-4797.846269
-16492.44391
-53803.50779
-31477.74321
-11206.53079
167137.6114
482228.8942
-40412.18951
-16519.99496
-20905.70613
-14749.77358
9604.298931
32512.22849
126988.2295
-27937.86719
-11237.31623
14938.05315
18706.3286
24297.80934
8637.193071
20405.12406
-5169.570697
17445.50769
20755.25196
38127.39283
41470.89507
19155.72235
-23163.95211
5914.298099
17017.54076
21204.52874
41744.93001
25301.24106
11664.0227
-23796.33386
2324.108295
12936.28008
13007.22608
23067.47401
2615.974081
5757.530622
4951.632146
583.7913234
6699.738117
10537.5985
15921.24068
17492.9757
13381.783
6301.270019
-6744.140242
-644.3672665
39907.21651
9546.308899
-41796.3739
-137072.4726
-136881.1741
-30745.96942
4574.573546
48096.8061
-17126.30474
-86743.8925
-52654.76652
-110089.8434
-60476.10755
35228.4094
47674.40651
-6922.038916
92236.69595
-24890.32958
-40310.07574
-67510.37822
29685.00414
68151.07138
-4918.252112
116176.3436
3710.873861
1639.27842
-54101.95018
3004.927894
59596.80157
20165.72414
97840.03785
34823.3032
98575.96514
-27213.09016
-15837.83409
10026.31637
5797.217761
33580.64182
61851.90949
29074.85357
10839.23469
-6718.346299
15765.60355
16110.02354
45091.11856
61666.38075
-238995.372
3745.766353
-16679.89409
19865.69541
42350.79275
30258.47118
-127326.7592
-214954.9482
-2301.638385
-14877.36185
-26481.93712
1781.132749
-693.1726363
35999.67514
576314.5423
-29004.85845
-22176.69748
-5059.358589
-19818.80233
-6080.444817
30368.565
261336.2443
-51467.97244
-19099.63013
12494.66585
17975.45431
27851.13736
19001.02921
-49793.69973
-17034.79266
7833.921445
11950.59211
31477.69517
48907.33489
38234.61429
-72054.29487
656.2735872
11783.39294
13026.21055
39870.95926
38702.77482
15372.74579
-55500.90867
3144.174672
2215.798285
773.3081012
23593.042
15212.37509
10066.82666
-12041.43521
2850.74338
7326.484641
8815.873036
16149.58596
20034.913
20652.5339
-492.8222674
-14911.06974
2389.144851
15970.63634
-36792.04297
-67343.31867
-69470.70596
-128728.2875
-35312.02707
21571.98824
42270.89316
-120273.8044
37097.45928
-26202.07328
-47836.41833
-36912.81558
37216.74752
13310.24868
13297.88539
85946.05004
-20321.29457
-4268.48495
-18017.28894
35688.23454
31151.21145
36013.73843
46927.4821
13902.57312
-8501.636536
-10723.33678
19713.07948
118245.3575
54702.51072
87018.7303
59350.1231
-7930.207517
1365.126746
-7934.148155
4107.22853
6422.683853
52604.56477
108676.4365
6344.971164
15107.19256
-18839.27682
-11385.67141
-647.6827059
34228.13086
109090.3923
-151124.2252
2851.774348
-3470.103851
9817.439167
34836.99377
50371.82408
-40039.95112
-106843.3067
-3564.231291
-10844.42796
6676.862543
11063.42277
18493.4175
16652.84136
403891.0405
-16705.31536
-24925.42922
12226.7793
2636.069361
523.7765188
39305.91507
128892.4694
-60742.83265
-43540.98104
7652.91783
24225.54578
32164.29059
34357.1332
-63370.51221
-33589.68269
-21948.34187
-5933.309425
30559.15599
45256.6053
61137.24184
-97598.67351
-10158.60696
-7594.976138
-2683.104438
20642.97567
38042.4182
18738.91504
-68618.24937
3938.925746
-4107.898043
-4639.707284
16009.4881
13860.58606
20529.31992
-15432.69095
5110.093192
7308.827408
8850.989194
7605.109736
15759.38749
20839.24039
-12139.49771
-16636.58195
2981.211441
-22094.93404
-47876.69098
-40013.0099
-71713.79588
-181860.8995
-19734.24382
32500.54913
-20786.59136
23920.6301
25870.00133
-41843.64197
35030.01227
-10350.4786
35428.11798
1527.070342
74093.3677
2845.742843
-38631.15211
-9784.354621
-1032.011898
46342.62435
33884.48184
79892.53478
-31086.8344
-22089.097
-54685.99498
6494.677263
46090.28541
92050.23148
77516.42315
3875.711021
46036.20852
-54314.51539
3093.664387
-18199.10031
19117.95841
20504.25825
60198.34831
143307.8242
62449.80816
-2278.245766
-28541.83195
-27862.65365
-18281.58002
24833.00133
167855.0939
77331.78049
-7124.062561
-21888.63119
15197.64848
-9933.402346
51197.72875
212768.4688
24477.67179
-5927.552619
-1245.73459
23006.77631
16219.33394
13508.68112
75847.04086
536401.8297
-14316.07204
-26810.1941
22922.845
19962.3098
10367.26657
39829.01355
187728.749
-46850.13105
-52928.09262
5101.612094
44236.90058
39393.36325
19239.78688
37519.30571
-46679.51267
-33935.72729
-28103.13856
37930.44824
45594.73796
70602.64885
-59654.0102
-19084.40044
-16044.47858
-14464.27365
5507.429646
28954.36352
29451.35449
-38821.71344
1626.684576
-5846.098482
-5218.214038
7603.223284
-2674.575912
16163.71147
-22225.10306
2694.496889
1470.539124
-2135.784014
-9796.685765
279.4335587
-2260.426596
-26720.344
-2464.068727
9799.159817
-54056.1722
-14637.37478
-35197.58734
-69338.56742
-56475.13821
-5152.051218
22548.85131
-28167.67967
43405.61153
-16689.81835
-64959.25281
125451.3937
10538.84971
46371.14603
-7479.614789
25378.95426
-84573.6256
-46323.50484
54732.97645
7865.790003
59094.11653
-4287.692309
-43616.13287
-148720.8695
-21322.70545
-98179.21705
10620.48962
84850.29226
15621.88297
-65479.10724
-141679.825
28307.92862
-37216.76684
-8026.464868
16447.61196
55575.95291
15501.91552
-86276.66275
180966.7405
63308.64943
-31066.56924
-66197.40656
-51595.5204
-59830.37268
-30665.6848
170904.3983
396166.572
-19325.366
-37971.02181
22262.15586
-34488.93201
-15924.5348
235872.0304
472178.3278
-10042.30037
-4131.325135
38077.25224
13734.04546
11904.50334
246309.5493
766595.3297
-17468.59769
-24660.53586
51452.32095
29090.74545
5221.773498
110768.7922
513296.998
-37267.74978
-57858.46498
14808.61945
72331.4447
38968.64746
28223.43757
169226.3533
-33357.78632
-28716.65014
-57640.64768
38953.46386
63063.15375
42064.13211
84269.08663
-22935.69616
-17482.04875
-28437.2001
-37615.39891
19641.23908
37470.40015
106521.6833
-7075.1239
-8974.809133
-15963.99524
-20453.27309
-44966.76968
18303.94112
-12631.66697
-1128.378742
-14060.27244
-38196.30596
-43846.46675
-32953.34769
-17714.97179
-46318.83103
8369.178977
-14461.67293
-69284.70199
-27477.79794
-45761.18394
-60327.26792
-6261.575263
9924.527503
12169.20676
-43969.34909
19468.73945
-50082.39946
-59935.61482
419959.8096
24541.31061
41418.87872
-21995.30963
-71291.00439
-162229.6234
31310.44305
407267.8359
32394.63001
61502.5128
-49509.19662
-259486.9565
-240256.8017
98929.18024
269949.9278
23725.11576
115771.5055
-43753.06368
-323891.7008
-342169.2491
150168.6748
90890.57173
13959.79436
109973.2372
22996.3371
-177800.4409
-401082.4833
212866.9208
83988.98254
-13083.59166
7249.661614
-10310.22365
-96170.4783
-124288.4269
272928.8888
50831.84433
-38906.61967
-68671.97063
-5977.321069
-36935.68795
-25800.80993
216924.0349
349997.187
-24831.57809
-33708.73871
40030.28362
-15075.63175
-2597.011838
139616.5442
368554.2802
-29963.1457
-39673.56196
47508.40533
30111.01197
6062.203199
78256.40074
130219.1854
-31635.52388
-85273.40047
5923.78511
85697.99351
37597.89518
59129.06391
121750.5909
-21971.59978
-55245.94984
-118295.9062
20682.92115
68051.40711
54597.37947
208005.2544
-25779.53489
-30767.50233
-53783.62805
-119104.8214
20090.5138
51132.71682
132890.5878
-13492.50088
-24441.90214
-47436.22774
-50910.71635
-87463.93432
40569.62295
45182.17501
-12415.67299
-53321.40092
-111652.5003
-73379.05187
-71620.5887
-12134.70664
-49028.73552
11584.98857
-39834.5002
-34425.00708
-32747.34688
-56191.59178
-64584.72495
-36289.25099
15992.56397
-7860.622321
-42097.08909
-27475.96323
-105805.2909
-46267.10227
252906.9051
25738.82657
23060.05505
-61796.27393
-219654.8265
-169822.2885
63313.08978
760651.4535
60310.59806
41506.32038
-126639.2314
-346053.6171
-208296.457
247871.0349
1082266.706
73277.57275
53819.99173
-142006.4295
-500313.3842
-292318.6352
516603.7696
1159502.006
45925.40414
76819.26901
-79707.48221
-457525.9892
-394946.9493
617375.4178
527537.3643
1427.140218
30879.53898
-11971.78958
-309251.3856
-425180.5779
717800.0081
-42593.49011
-19554.77891
-45688.01917
-18429.1642
-230855.0783
-96237.74023
444172.9042
81537.88217
-49291.95843
-59307.96901
-7057.831852
-85492.60523
131412.5972
145282.2385
-66934.48176
-78303.17715
-93000.94357
8864.600456
-40186.24931
164339.1085
123074.6092
-53788.49848
-65373.39851
-242402.1703
288.9356013
34337.7519
95762.8479
76628.63026
-22382.56576
-18108.64948
-183881.3852
-298019.322
26804.16875
83768.70059
85044.8279
225037.833
-17244.20871
-52417.28569
-150935.2167
-182318.2944
65182.07387
95764.33624
105380.9231
-18686.68406
-48423.73011
-81593.86988
-103628.5051
-59855.85811
91336.45497
68232.59866
-36777.55849
-134150.5955
-95024.09653
-80024.85378
-83355.17082
26661.54088
16115.42476
-1409.808117
-56014.48179
-23012.47138
-2288.528956
-14835.04449
-26001.72054
-144528.8076
24761.74762
-10241.98538
-20889.59727
-53041.47335
-30430.13047
-62903.69463
-338235.4264
24862.26297
16022.68959
-47546.38357
-102775.3197
-98128.03571
-359660.578
-633232.7647
51903.87415
33872.43358
-110671.022
-177089.0367
-330784.0607
-819748.2481
-419839.1225
77635.00287
24701.65903
-149394.489
-332671.8403
-919314.043
-1265622.453
-70691.25894
57128.02106
8170.139302
-110444.8294
-475297.7019
-1720846.67
-807075.4919
266820.3319
7933.185103
-10751.59283
-70301.66948
-551201.4825
-1499585.651
-284101.2739
-336472.6655
-4394.619045
-45937.38256
-190824.4384
-947800.4487
-980375.2196
352724.3617
-853011.1302
-47683.21861
-231062.9669
-581360.6828
-886158.6431
-54527.39137
49625.39549
-1186713.084
-140283.4529
-420545.5225
-661380.8197
-137829.4487
274422.4857
142266.2648
-442200.3254
-200078.6322
-658708.3009
-420199.8124
-48117.50928
83478.99624
12991.34049
-103528.0785
-98277.19845
-731052.9608
-440204.0733
42010.8302
20495.57643
-183546.4327
-91231.86872
-43770.58564
-200168.021
-643841.9904
-268896.3397
157430.402
27401.52058
-68422.30686
-38066.05183
-81430.57758
-195503.8222
-255396.0076
-76175.68036
152183.3958
35171.86865
-72181.16715
-110447.5905
-59245.23532
-123335.5332
-93835.56285
127103.0683
115366.8438
-5684.446674
-46406.34143
-25588.56499
-17570.76458
-5368.497197
-10533.48513
-66386.029
23401.52943
-13305.60749
-32153.65525
-41725.77396
-667.1166355
3127.796391
-45409.9375
22238.25858
9532.267862
-31393.24613
-59140.17678
-19406.92933
-49727.54571
-160352.1697
36735.40101
22817.23894
-50354.74833
-32270.48557
-92729.96743
-344512.2178
-936507.1909
54484.04628
17190.15632
-50722.66073
-79358.90026
-375585.6722
-1316155.71
-1847881.929
45008.75843
-1227.627367
-48546.08538
-158448.487
-882013.6429
-2249305.324
-1604341.892
11106.20048
-17317.76654
-52618.27516
-304639.8041
-1681738.91
-1487301.167
-1447863.544
-2246.800287
-49967.73515
-96368.20914
-652371.5984
-1254284.321
-1041378.574
-1768117.668
-33266.16463
-138036.3905
-148984.9435
-464937.339
-422066.7425
-478326.2308
-1782309.076
-139250.2547
-323255.2198
-67567.44959
-98047.77363
-130530.5937
15808.89259
-725999.1255
-206542.3827
-717569.1006
-280661.8819
-45049.17357
38500.74908
311894.1638
-132964.0151
-142195.2501
-781017.3659
-443882.6202
-178229.1896
-247305.0286
-103811.7248
178090.5145
-71049.36739
-353632.0787
-931123.0838
-298691.8802
-378104.3994
-375421.7798
-122404.7225
-62628.11146
-181571.3389
-451800.1189
-351092.0082
-141820.3667
-510280.4285
-510794.5521
-85524.77398
-144336.9908
-171110.5818
-236978.4166
-21047.52671
-75488.89742
-495251.7109
-8196.775614
-55389.10061
-58857.59462
-37543.40872
4586.35179
-7286.050368
-75579.10626
21950.28014
-21755.14676
-38547.54931
-20519.22338
8289.913241
25982.72799
-28686.99147
12154.92143
-6501.20173
-18728.66136
-13668.74212
3617.946076
16246.30852
19066.22635
7925.251967
522.6015334
-10955.00958
18845.95837
-4772.027969
-7412.56524
-17467.7343
13600.29518
14899.97642
23879.80793
25276.23521
14549.92197
-155547.3056
-453149.6232
13166.01697
28622.70189
22716.14065
25191.66447
14485.21761
-433423.9922
-1049414.991
4710.178047
7141.809571
-364.3561678
55954.71747
-143951.5233
-680350.5472
-817492.1536
1905.466655
-4112.147707
-42236.05512
39084.77976
-37933.87647
-223390.8661
-355571.5052
-4357.220493
-116314.3683
-67244.69084
55079.33783
177060.6487
22282.25975
-97236.88702
-48267.96196
-341608.7031
-194676.7688
21096.90103
202505.9061
222062.3103
18711.63803
-69619.06793
-339402.7889
-452634.6245
-131878.867
165961.9962
494347.635
179980.0829
-41618.50972
-249901.8972
-574808.1577
-412240.4897
53369.62607
307487.4057
542499.5234
-34170.96689
-159461.7139
-550249.2382
-735113.6716
-194865.0441
48738.57655
300715.3995
-66733.46569
-201130.9917
-272830.0668
-468738.2914
-325012.2144
-244258.8299
68139.8652
-85636.99735
-223410.874
-245084.8795
-314758.0638
-172146.8198
-116535.6266
-364312.2595
-126073.6418
-36689.8481
17629.31035
48710.41975
26288.16166
14438.71759
14173.81885
-108336.8266
-50361.56581
30910.61499
57546.4355
30873.66914
7179.536604
23268.47616
-50602.43746
-94104.33882
9525.614661
70823.25993
46875.75616
26648.42111
30605.40564
-10002.29662
-78573.22221
-33278.66634
35972.36272
63251.82394
36563.08033
46272.50475
5124.3238
-23453.67907
-49803.20639
-8136.358046
78987.71005
35440.33357
39069.92307
-48043.98096
-8884.380454
-24321.36993
-35114.52911
904.1391652
-12226.4997
8011.792623
10240.96052
-6777.119411
-55658.72781
-41427.92606
-101602.3913
-114752.6115
-100299.0833
26524.94874
11842.29874
11567.02488
-16259.31991
-29916.14913
-95965.04051
-84837.33858
44268.0816
6239.136361
1529.999798
-41003.42303
-19364.36561
10678.45285
36528.17907
44134.52774
11213.31832
21030.82482
28211.51723
72423.3337
76019.26845
57125.0999
10359.15696
27505.00389
59739.74031
78868.89585
45787.75617
58457.24826
51021.75591
1631.611957
29587.9095
30666.78765
26664.90065
-1738.670473
5361.752511
10147.94734
-3088.798329
16097.58211
15290.13467
11494.59147
-8349.42695
-10886.21701
-11392.9873
-7472.299975
10149.15927
11276.78543
11081.93216
-4149.195807
-7723.118449
-19522.51042
-13298.98162
1702.877934
13513.68512
16887.08981
12739.84056
9364.69473
2233.103156
-64087.49973
-5451.378245
-13062.56917
4796.639836
-7750.003085
-3026.127676
-273.1772522
-36971.50468
-15936.91146
-18973.7659
16833.20445
-8859.623583
7640.001953
5393.44669
-13826.26627
-7081.007276
-1067.60106
45524.74417
9911.010558
18323.08219
36006.8875
4393.395473
2000.626971
6602.987168
38251.80678
18681.78873
18150.37779
61009.97311
-24755.0983
-13362.23579
1275.306838
4398.71486
15129.81162
13778.74314
59310.29785
-2104.696337
11514.10324
-17577.42315
-23573.15869
-26234.58745
-41244.97998
81375.92421
39968.17928
48860.90236
885.3670419
-22462.09019
-104726.5762
-159039.3035
-24245.70242
11845.77713
-18916.85907
-33139.68713
-101261.7631
-84444.21997
-171568.6037
-71785.93682
-6148.630457
-30389.97311
8106.11835
15374.08038
57352.10441
70471.42314
185970.5604
16525.45319
26682.94807
101944.6026
140189.5226
137862.594
120239.9486
37140.20711
43843.66207
77972.39979
21943.43224
6293.803345
-18339.09589
39713.05177
-13433.97664
26023.63331
42929.80627
1193.344177
-7536.487159
-44264.95119
-12127.03012
-37192.1113
11996.80282
22359.14248
-1376.745461
-10188.70188
-39495.63117
-34502.82496
-52913.1719
6991.893203
21106.80188
8744.459463
-2668.703765
-31981.60383
-39806.1543
-40367.55505
2150.617456
22734.52881
13524.6466
12655.33483
-8050.151572
-4300.929585
-63684.64955
-30975.8125
-16245.64742
-42914.41307
-73444.69887
-54221.35604
-35841.05811
-19044.86455
-24742.78374
-25966.19794
-63734.05388
-81676.50691
-78488.01655
-47747.64905
-11549.53918
-11098.38691
-15278.89201
-44896.85256
-33932.40953
-49736.99036
-6187.736372
47093.73217
13737.42802
-339.4998982
-2449.555697
7382.636635
-7432.174236
13520.93289
69156.71842
3930.006056
14585.70434
14554.07817
15490.25211
7178.263367
12706.014
53870.91792
32579.69341
36149.45255
-5039.058608
-17748.24069
-31865.94516
-43363.66804
29019.22668
45992.50637
43407.9278
-72809.97238
-67163.00693
-78997.10288
-86815.59209
-86561.72099
18151.75406
-23029.47023
8169.956238
-63832.12888
-21560.76921
-112178.9383
-52403.02767
41971.07468
40941.31802
130754.6279
102144.0662
79407.72521
23090.92379
265286.4942
68160.32054
120737.5222
47713.83262
56610.9128
23799.90451
100061.5921
43511.12397
24670.49979
22145.89873
-5185.820153
-11581.59975
-50762.69165
44925.09959
-21580.59102
9212.833053
5120.99771
-13978.32748
-34060.65902
-107448.1496
-34937.18774
-68016.80778
9135.803111
2346.674538
-13978.05025
-46270.81674
-131029.5654
-101153.3405
-164099.0105
16230.09577
7492.082869
3452.205217
-74416.91983
-156912.7264
-218042.6764
-162199.5146
23060.38789
22126.39787
-76006.9964
-153147.4324
-204268.4207
-241379.1113
-234394.9165
-28562.96683
-35777.07602
-97442.92863
-39344.54847
-11218.27056
-28420.89801
-29516.16388
-30722.89178
-43020.21457
-106572.9513
-61247.98092
-36263.3281
-57581.42675
-38665.84058
-26693.73599
-38624.20713
-95961.05713
-64035.91809
-93392.57181
-73420.66754
-10895.02869
-3969.835182
-20291.02008
-39302.86921
-34992.32391
-53711.72828
-40445.76739
27603.85336
8947.248503
11136.11195
9555.927793
-20120.25687
-29068.20322
-16761.96043
29615.77763
35609.53641
35047.79161
-31195.23917
-107519.5885
-59959.36875
-24190.72002
22172.20342
51695.554
36665.27159
-20592.54753
-101706.1131
-79174.40361
-28862.19923
-40615.71711
40270.02795
31864.71679
56246.2004
5738.121472
-28608.54474
-55052.68868
56572.91767
62901.32367
116644.4463
150569.8137
156778.3801
80505.74828
-5195.48627
156336.2214
34875.32123
66125.72302
616.7666719
-5134.634049
-25364.68466
42920.65507
8207.77834
1927.248932
4633.163438
-23113.6298
-38697.79175
-97148.23448
-16519.40954
-44307.94535
3959.246028
-2374.736001
-50210.78916
-94703.67451
-126174.1144
-92846.43287
-148201.2402
8412.040332
-4934.105071
-79591.26307
-146363.9035
-151926.9993
-261056.6055
-189816.3048
11515.01349
-21457.05388
-140202.2462
-147232.8345
-86210.34937
-146557.8229
-140427.6328
-9957.891103
-101631.9981
-180692.5053
-126006.5674
-72159.92973
-74436.46442
-78775.60903
-14332.08612
-33732.08938
-16028.67503
-6168.008261
-3079.941339
-7724.937521
-19130.04165
-17387.90413
-42462.80148
-29785.5016
-19496.28475
-12444.98979
-23416.12488
-27767.06078
-19443.35781
-39520.04015
-69596.28807
-65424.21544
-46873.11699
-55006.15274
-44770.46278
-5782.76991
-23579.32034
-45942.24032
-44692.2818
-77894.15374
-84388.78429
-61520.01835
12544.12883
19189.73079
-18262.47319
-38670.06144
-33696.58511
-34318.73247
-34066.42319
15579.41321
15957.96013
-23273.21383
-73603.35118
-35470.87069
-11480.01103
-59891.81308
25996.00162
26637.50722
-1739.422516
-31688.20749
-8123.167762
-15049.55912
-68911.82874
41646.12261
70303.51752
111514.2352
14442.26712
-54054.1228
26129.68933
30546.57363
26955.22485
116022.2458
15192.2008
9447.57248
-2361.175273
26830.37203
210361.6414
929.9134884
8280.105717
-13155.72105
-30585.23855
-55288.50356
5322.958817
27479.92529
808.5495243
-5906.242696
-48036.54496
-92595.91825
-89591.23756
-58088.45829
-54078.32067
4851.115652
-16167.02291
-77939.17826
-101245.5823
-74746.00321
-175814.4792
-142034.6821
5768.631377
-35680.37939
-59669.89316
-61124.09536
-49642.61917
-90959.06459
-114661.3681
-15564.86055
-79619.88941
-42603.60133
-28587.48137
-19558.68051
-26770.96596
-49536.25283
-45066.50659
-101150.1996
-29144.97497
-18989.3449
-15555.16089
-12743.88311
-15501.86255
-14388.26391
-34298.73015
-305.1295018
3540.781959
-6.039494716
-1628.979091
-9048.732221
-18791.89959
-44318.29343
-6994.27776
-3927.166879
-6192.908104
-13345.68899
-3836.063329
-26220.70734
-52140.60296
-13957.90501
-9736.701398
-18663.22677
-31064.42623
-14671.57136
-22988.6962
-29124.55963
-5897.322047
-27752.45414
-54637.13226
-61753.97064
-97738.48414
-17661.7524
-13582.79708
-25089.51179
-38094.65586
-55089.29214
-86956.57909
-241832.5444
-34798.01952
-26113.50949
-71738.27218
-71614.33551
-41328.38923
-46622.40714
-224628.6504
-46288.79629
-17880.17263
-23543.02033
-18281.09305
-20722.20631
-667.8113736
-25853.62143
-3310.210295
79725.69262
41177.22437
-29772.67656
-86696.42
8627.376632
29824.67661
-7644.46592
31204.50388
-6844.396515
-17147.79087
-34102.86408
-33646.24373
-9488.189526
-2872.535005
-3276.708907
-26963.19498
-48773.33431
-41141.9367
-7760.914374
36587.77396
89.81554415
-5997.067741
-48385.68114
-62420.92591
-32495.49407
-45306.04807
-16197.89164
3955.289463
-11244.97942
-37277.20399
-21498.43527
-15442.22115
-57276.74858
-89647.57116
-4110.399798
-13757.85085
-14474.25823
-7961.921569
-4464.577058
-12094.99697
-56216.30491
-8739.0864
-29950.18949
-4845.106445
2013.689328
9282.190347
-309.8503862
-13717.7595
-15092.93995
-19006.71665
-97.84337828
348.9490844
-4403.170206
-589.5050664
934.3806368
-19431.16229
-5714.465997
10537.1247
1739.117038
-1668.618509
4706.312518
-6468.411374
-21494.09897
-7408.943716
-492.8885903
790.6749838
-4466.322013
-10521.76403
-27348.19786
-17359.44237
-16079.17096
-2568.068441
-541.3207853
-8912.626785
-21701.39462
-28694.58861
-17654.30907
-22471.57804
-5912.535965
-2365.346855
-16474.85472
-31513.92798
-31058.43318
-72353.29672
-99084.29033
-54144.84583
-26805.37466
-43129.77766
-53326.11939
-100319.7399
-97522.59601
-127967.1144
-84713.30266
-52311.13056
-58624.17212
-47175.30705
-176182.3385
-81736.42146
-87569.3534
-41136.92578
-25617.10925
-21067.74667
-18729.25541
112852.5855
-42641.65241
14478.57834
-9577.818937
-30027.9207
-140524.1269
-120699.0653
87560.02352
-6716.877796
-3915.885889
-12425.10318
-21973.67431
-14060.93688
-111699.2508
-349645.4077
-2730.492229
-4293.741031
-20046.52919
-31468.51682
-20169.93549
-9778.135675
-52664.78968
2663.901051
-2226.349003
-23946.78393
-21132.69865
-4082.752182
-8793.894227
15116.36684
-931.4861925
-4079.99368
-4152.236007
-1366.38465
2853.819793
4768.957726
-4755.390255
-5100.933052
-2974.859561
4716.927558
5881.624889
8493.586709
9079.191182
-16270.72514
2390.947508
-2595.492663
4372.630782
2373.406706
416.4094083
18258.44532
4830.5897
-1317.107203
7618.553371
4053.109492
-7175.70516
-11509.10462
-5643.830042
6937.969718
-19114.04636
4597.884366
-2263.3653
-5609.221623
-3194.816513
1233.473146
29866.03943
-16308.38989
2903.731583
1965.53282
3354.925869
609.2183622
11574.73788
-10640.31209
-12537.42124
-1399.941348
1317.197067
2075.086169
-3464.408788
-24435.25367
-31009.706
-3091.542842
3428.383346
8772.197904
6734.132887
-6218.229229
-25744.6577
697.9928696
-18190.89765
-34531.85595
-5758.249434
35566.16389
80.34234286
3261.153634
68980.00746
-32875.52815
-71656.80715
-43410.19776
-22916.56558
-4603.827082
45063.11296
185437.2901
-29789.09747
-36102.48241
-18940.90484
-23269.71899
-14902.55007
-3859.427798
462328.5193
-16518.35996
-9131.008095
-6839.672151
-6587.187011
-92065.10407
-355543.6154
-145395.2323
-3552.930978
-2853.292409
-11027.4217
-18955.1992
9356.869699
-48583.79152
-516189.5523
2635.033783
1506.877086
-7966.193416
-15402.92187
-21206.78324
3659.657175
-192321.2941
4302.347924
1901.753366
-5587.728699
-10397.38166
3975.720616
-1016.958165
-13921.02799
-1959.007486
-3297.510775
6281.650906
7729.513536
8276.476696
25430.67715
56529.06792
-1837.129173
-3779.583387
4760.058825
2600.48307
8787.726667
12419.95407
30840.05979
759.329946
5475.576209
662.7385685
-11932.2599
-12472.73779
-5228.020671
9203.613403
-992.2870553
11069.42644
-4022.895994
-34785.52915
-38192.06421
-31923.34545
-11730.7401
-98.7958343
16897.56039
-10690.47612
-20129.9999
-7987.001148
3975.583802
62849.76816
-1610.7713
4536.393768
2547.200523
4687.644712
6560.277013
39416.54888
36872.36906
-3371.059898
1036.019686
2766.588025
2411.949983
6318.445954
-22689.73418
-36884.26002
2652.910628
6710.901318
7770.083743
3986.941758
-13205.78218
-30943.87658
-18270.1576
9897.470531
10550.97277
27734.65916
54400.58589
6430.202014
30348.82783
111881.001
-5589.759572
-23998.17613
-19356.80877
1697.603429
42416.02059
134366.1788
278423.408
-14186.03172
-17583.0477
-13061.44537
-9914.007107
124.7195581
23129.18128
190105.7456
-7338.06625
-4345.667801
-881.4315588
5000.803747
-29075.76758
-263056.1117
-208966.941
1392.698112
981.2231373
-5528.115548
-5911.368933
34002.00623
14050.52572
-251316.0922
4467.599126
4552.327454
-4985.645739
-8392.114298
-22059.4197
85147.51088
-164339.225
5735.861683
2462.229339
-2040.701879
-1871.113826
2712.368855
39.46164993
-29580.28172
-2501.266904
-6278.467991
442.5204794
7430.293765
11199.15898
15793.36767
81850.26137
-1571.665296
-5921.396931
-6233.865612
-8322.961392
-4306.923433
7502.058261
17389.99906
12.70467609
-1100.494555
-17703.03741
-47534.70601
-51116.41077
-23049.92943
-5773.066524
-1183.914528
3045.722929
-21313.37003
1804.201578
-8600.561544
-36747.60356
-14126.1356
11740.07394
3481.121575
-34705.92789
-6992.507528
-3368.958727
8495.463532
97473.55617
3234.430974
836.613202
1822.434362
3301.100852
7419.677087
59964.14846
76584.25178
707.3601209
1895.515089
2655.098387
763.683135
28189.32806
5896.459276
-66905.97725
4573.966216
6294.952471
5585.839723
-858.1230011
-37702.54405
-39780.77336
-79344.91228
14311.68822
14291.47712
19961.51192
23588.12356
-5181.58898
7677.077882
12419.09448
11032.64838
-1556.892886
8780.739931
27395.13903
25787.71323
111886.3985
53610.15005
-4439.119292
-9417.672002
-1971.407218
940.8682474
9221.771677
47991.97454
34395.72464
-263.6868499
9105.664047
5155.604221
1527.60565
-2423.249971
-65198.6996
-51769.17747
1149.656756
6905.019675
-1693.7281
-538.3850751
44364.53188
22055.50831
128137.9947
3011.422341
5706.336153
-4430.672223
-7218.452953
-14305.74672
54166.87455
17572.04742
6652.911347
1369.149224
-4512.29289
-4685.178917
-1894.382862
-2707.759256
73353.13737
-3205.021365
-9079.423635
-8826.287461
-2052.900244
4173.809225
7186.647018
78902.15335
-2927.722463
-13311.31922
-26818.69684
-40985.59219
-34686.10593
5727.946717
11450.99511
-2207.346295
-19874.48148
-38578.28709
-46113.79413
-57735.47708
-49132.7847
-9402.903278
-4102.46414
-4164.83547
6282.920878
11792.91515
-1532.780559
-30932.90438
-27926.1011
22621.84051
-2556.785048
-16130.02319
-1704.84653
-1832.521709
7906.124981
50708.43976
9995.029056
-10512.52313
3421.8423
2763.134938
10470.09644
72942.09903
93877.09128
2750.235323
2212.134184
1300.624279
462.2671215
53481.19586
93144.97834
-27447.33325
5038.438742
6119.810486
2548.641743
-6488.830226
4301.990605
5148.052269
-37038.8963
12923.65295
10225.05621
13333.34983
3537.855673
-18119.79273
-11898.32884
-4072.533565
3820.123521
2574.322457
11378.14903
10751.05013
-17002.99432
16847.84652
-50562.45947
-3787.80335
5414.824875
29203.66616
19655.50372
-90.18799522
6860.573334
-198451.232
-6576.379831
13292.92882
19489.66748
9180.535511
-4327.966154
-14475.57675
-66239.09022
-8312.343307
5270.307222
4484.117264
-3555.694538
60901.84122
36045.29662
216344.731
6433.748764
3254.643324
-4226.962846
-5518.893195
-8554.003277
28799.82024
481636.7599
3991.215024
-2886.003408
-6985.525899
-8084.87558
-10545.37369
-10333.1217
293355.8215
-5651.296178
-10359.61798
-13923.12622
-12665.83817
-4962.043635
1420.768104
121089.5011
-8017.361278
-21519.3111
-37708.40038
-58686.88192
-65623.73227
-3947.432425
22131.94158
-9798.43309
-16267.59482
-28829.06772
-22648.90474
-42070.53862
-56300.74373
-16096.72749
-13548.84308
1658.998423
14953.93669
5522.606443
-26019.13657
-46571.39606
-37308.67233
11031.65068
-10396.91141
-1428.294843
733.318243
694.1036221
6616.437952
29978.4912
5974.767583
-3887.70274
3527.332194
3547.880453
14279.93362
79032.53668
84366.67231
3181.881317
3260.600622
1770.899951
2938.52949
71851.25521
97701.51731
16560.21348
4197.352536
3849.237512
-4768.421147
-1419.14898
54258.44994
28184.22015
210302.7155
9161.540146
5269.676564
2393.449729
115.2756325
1515.138006
23872.51107
216118.6743
4102.394371
-889.7176905
6885.04828
-6129.735691
2492.991818
26867.25313
71406.43332
-687.7214708
-2498.27499
31017.47313
11645.80121
-11963.11458
-28216.38302
-223379.3182
-6970.454035
8138.719743
32293.47948
37584.81622
14673.82949
-48138.22135
-319663.7608
-5659.850429
-9110.868907
187.8471217
-2782.908278
32084.14956
76694.01381
-16612.16256
6861.618008
-530.5794077
-6841.587087
-1769.510689
5382.813281
88531.86436
93646.7495
-2596.331913
-9118.088752
-11721.92162
-9798.988947
-6689.505684
674.4665381
202186.2849
-16084.65504
-18682.29025
-19031.19423
-23378.7269
-11880.98502
270.0034645
112678.4086
-19662.31272
-11245.34775
-37832.3328
-64560.3904
-69662.23099
-13311.65789
3998.734913
-18950.22472
1734.732622
1342.904716
-31907.34468
-62582.39909
-63135.82176
-14634.5531
-20350.19793
-70.59673062
11510.15409
-38401.23744
-48669.35136
-69946.27774
-28255.1159
6598.923637
-9489.040959
-131.7048243
1116.177933
924.3748923
-11922.10679
-75432.56062
3949.094387
1925.800256
3845.706492
3097.284092
5113.857478
-16805.21447
95646.11927
2019.220806
3249.899408
2274.096107
6993.894722
37916.25091
83118.58598
8226.886679
3058.423103
1461.183004
-1564.621814
1728.769228
79071.13264
56510.48534
46299.18345
6152.318216
1716.527366
-10809.90783
-6439.267683
2879.216511
30770.74475
252665.0973
4401.958161
1136.201807
4631.74747
-21451.29204
-19604.54515
37063.75225
320933.42
2639.293634
-2042.027292
13928.00883
11685.11924
-33889.99519
740.7267915
-20904.74909
453.3421888
-1544.14542
16499.30052
69775.24618
28798.96656
-174669.6738
-66686.05259
1930.67511
-10792.26764
-8482.600282
30834.4708
30380.05062
60226.47178
29210.58429
4979.176077
-7669.681839
-6062.333541
7940.341929
30360.60252
100006.9828
214778.796
-25773.1552
-20802.15517
-11473.46023
-1869.376969
18408.53908
46984.34268
258938.174
-19046.09288
-12138.47751
-21559.87489
-28690.10637
4090.175022
7654.372137
54407.54263
-6791.414232
-6792.352167
-31860.58982
-70460.42292
-59872.07564
-17656.91339
-23415.02401
-3229.65925
5374.728486
9575.766013
-79194.09924
-89121.79917
-60278.43232
-19713.93187
-4245.13548
1250.678161
-5951.893346
-103703.2613
-56948.82679
-74295.60118
7577.269539
5923.400729
-6214.453468
1882.351937
1487.246023
2948.563451
-9061.40666
-71439.47541
3942.428547
3787.063927
4621.246221
5758.780225
3702.493095
-22347.81923
-67401.37798
891.1287059
3271.267595
2315.175187
6821.042537
2344.532614
57022.6662
53373.87213
1545.589929
162.9966129
501.6435285
9591.765548
95320.5868
29097.10792
-303986.0942
2903.743694
-2507.911433
-6289.049177
-15070.67287
-15233.5313
-28347.62659
-207349.1437
3113.477309
3057.557433
3035.931122
-21425.24657
-39482.19664
-14662.02982
-168853.7112
3635.894149
-1587.453651
7098.430379
18020.69067
-53958.88546
-3622.889663
-85592.79268
4491.946639
-1199.716654
12476.67775
61354.56554
16507.21838
-228982.7513
-37777.28857
8186.434379
-2868.778495
-482.6628582
67559.48933
32809.17625
-56349.83981
178095.0779
-3597.50701
-10215.01864
-4466.51978
24422.12
54439.84587
54544.24661
573684.154
-27818.06444
-21636.27955
-10554.89559
12605.41158
78494.67653
37915.68861
472664.278
-4965.787265
-3165.483204
-25949.01376
-29081.33738
46623.74179
-8062.131208
-51038.26858
-380.6464037
959.7833808
-22527.88913
-72822.35127
-40322.40597
-16528.3262
-51236.97246
-38.58956819
14560.65743
-1466.59904
-156875.6309
-90702.42522
-20554.69344
-13790.90651
-297.6925327
5805.244476
-52698.6181
-163627.9513
-43312.71996
-17422.24172
51868.95373
7312.763183
3938.068252
7730.648452
7195.282972
9024.49636
146.889611
-2789.888984
5014.171935
9145.477796
7339.306714
8489.004114
6323.397222
-13247.34366
-56410.90628
1892.002515
3523.540213
3515.941492
5772.988899
-3633.598865
-9372.78956
149716.468
1165.872454
851.8780234
2037.620049
2039.192446
18431.50512
133902.5066
-212488.5152
2326.55065
-1102.51512
-2235.08804
-18542.62679
-76657.69923
-26353.22072
-443089.9785
1099.744864
604.883937
406.8802492
-8682.752592
-92840.84127
-46269.94555
-499451.425
3996.084995
3765.068177
2937.478477
28907.56332
-61912.59912
-27895.38952
-413465.3107
2861.359242
-953.5406662
8076.219423
61215.1686
26758.78162
-253678.8178
-43394.14333
5073.05043
-2572.701511
5837.294686
73462.85983
73414.86103
-73136.8792
502416.718
-2205.093117
-7749.962796
-718.5523877
38910.01903
93432.36216
-8181.4506
579377.5467
-17632.03387
-8306.653229
-2705.937102
20661.93272
105350.9042
-18119.11884
377724.901
9658.671469
13955.42189
-29061.6258
-27193.43554
69950.11053
934.871131
-133160.6753
7671.744764
2867.144984
-19893.56469
-89038.23113
10569.26587
19910.7294
-76014.25212
4943.803866
2014.744265
-25063.1086
-196313.5805
-72149.01669
58651.67552
-5950.832973
4448.707003
-4908.731182
-124689.6017
-171450.9413
14577.99093
93618.22729
131751.4153
10173.11992
11984.92773
14766.88647
10981.77813
7501.10448
965.0246739
6082.939738
8183.721992
11779.96362
6730.138143
7167.661086
5472.913601
-5043.266165
-18596.47654
2614.757453
4133.873854
2614.524345
4489.007501
-1326.452814
-15875.44631
13462.73844
1031.806357
895.885307
2468.161675
2302.296376
-11498.51838
105839.6531
249131.3752
484.4446175
-2346.576855
-913.7260862
-5362.905212
-107252.4464
99370.07539
-206166.2268
-370.9277987
-3139.066069
-6895.705814
-10093.51309
-102734.6995
-23760.30916
-397245.2586
6205.491921
16221.77154
3449.979737
36234.6435
-29890.13092
-101919.8632
-515273.4735
-2705.524836
-260.2721636
5038.770722
85873.81896
31321.31936
-240909.1101
-26017.71891
1002.215927
-3592.775026
8821.986406
106949.0565
103221.1634
-91644.42611
425772.5077
2708.897658
-5319.745402
-2403.793191
55125.96607
138114.0084
-29029.65943
359627.6864
-10169.09989
-10566.80243
-10792.20318
12864.06048
134652.7505
35925.77612
51558.75607
38333.23832
5881.462717
-38132.30473
-30394.33838
136174.5373
93899.11743
-274812.7263
21846.47079
-17870.9133
-37237.97663
-93117.63353
38874.96813
137889.695
-78940.49704
9654.415909
-11496.81035
-58331.23772
-222524.5011
-38428.51564
123331.0593
59106.03896
6025.569062
-22557.55787
-160358.6208
-200018.7265
74038.23907
240388.7687
251584.4071
6651.852075
6908.438809
11433.59388
6980.010638
5611.829073
3080.821797
6240.423902
6817.912098
8926.045632
4494.466241
5428.013546
3564.747839
-1133.177812
-3402.521286
2206.306768
2752.98195
2037.43546
3404.763487
-2106.30941
-9086.390361
-22634.05052
343.2535056
396.012469
1935.676434
-687.2659052
-2589.022897
-26547.74666
537314.5804
-599.8431644
-4444.608013
-393.3973155
-6476.535049
-61322.6935
-39740.73771
283659.2237
-61.65571205
-4867.96552
-10115.3652
-2561.87412
-58625.59699
-215058.5418
-382714.3171
1833.051077
16202.45939
6969.987183
38949.89149
11159.36731
-121865.7843
-328398.858
-10708.34425
-8694.75316
-7307.261032
122655.6317
114479.7378
-77689.56474
213939.7369
-1103.483713
-6505.024806
252.5627073
165251.7139
160474.3017
14649.22707
456746.8271
4026.652006
-1880.27655
-16708.24812
69175.56735
207828.83
71686.90048
94904.01759
-14903.31132
-23242.37712
-20165.30891
13280.96228
202671.2579
145065.7498
-329994.2965
-6531.22239
-19555.57754
-38352.02367
-29233.6804
182062.6921
173514.2371
-529565.3537
5311.076502
-45496.44207
-28473.69358
-102151.1661
59747.93739
99854.13594
-59463.26021
11299.50395
-32438.03466
-102484.9912
-247461.7542
19264.63584
195573.8672
172751.1773
6382.467174
-34771.96281
-192938.5415
-262185.0307
81940.33812
326371.4762
430549.1722
3860.311983
6997.600931
8468.225845
5415.671954
4346.996092
2156.554685
3174.952963
7903.765097
7368.473432
4161.319573
3905.130853
1421.398475
-2146.431926
919.3888426
2216.22708
2399.334631
1955.868143
1624.253214
-2834.352243
-4737.247935
-4392.080693
4.361734423
-410.7151854
297.5679479
-2821.006085
830.3993942
17740.55956
139927.909
-3415.015188
-3543.691092
-2962.746968
-3105.900277
-23055.67446
10857.82059
413428.8604
-4773.126413
-6719.216845
1115.258971
-8341.524488
-57740.29356
-210822.5283
-393756.4908
-2906.216972
-1878.692118
-945.458438
24866.50028
17644.97024
-71812.32913
-148196.5837
-14037.65024
-24079.9744
3753.284641
226421.6302
177844.0263
66525.46486
466140.8445
-4070.093691
-16316.6873
1366.089029
184332.8018
213258.2711
92379.48146
502330.6458
3635.078128
-11792.03575
-27725.97463
113920.9207
282486.237
65680.72159
-530070.7173
-9377.947083
-17328.74287
-52729.56802
-9759.514663
369649.8151
64923.59019
-860573.4819
-23672.30136
-40063.43414
-92748.45305
-57586.9307
207969.489
116653.942
-476592.9
-23582.96106
-72720.7787
-48596.21934
-138870.2675
122380.7732
183446.4149
38521.9592
-7710.078081
-48877.81767
-148085.2057
-283349.1649
133056.693
422304.9567
317651.0489
-2681.715493
-59238.70851
-265818.7133
-333148.2946
135380.9499
360460.097
587910.724
1066.207061
5494.486854
6907.077868
4307.614017
3975.24172
2291.701057
2668.688807
5722.100938
6988.611541
3761.390094
2877.206434
276.9851833
-2495.252959
-3548.14839
1310.776397
2154.967056
1199.030376
1072.019207
-1879.630849
-2093.96881
-11984.4702
-384.2198353
-1357.927324
-1098.273192
-2611.36792
2496.35251
-2439.749049
-110364.0528
-3084.397808
-2783.538121
-4263.260467
-163.0491182
-18004.87337
-241149.4762
157938.5472
-1321.508685
6661.271734
2284.673509
-2277.797757
-17409.3357
-150968.1101
-174305.1333
-4871.2294
-3482.849911
-11701.93148
-68727.27519
36424.41671
230517.2948
423348.1563
-9289.685306
-38822.72052
-183912.5607
-38152.59973
239109.7947
270546.1839
683176.1228
-1742.283641
-51776.7895
-245993.6906
-5435.716586
217108.1901
83659.80588
-371603.1083
2955.887638
-13919.43468
-116292.2829
-110154.8471
207756.1557
-19126.5103
-968502.1979
-17114.32296
-2000.313363
-43030.53785
-77564.79502
220476.3201
56052.62727
-677101.4652
-16645.22978
-22644.76625
-84782.17073
-41444.131
137509.998
189824.6685
-27696.76192
-29101.24612
-64477.28798
-68401.51206
-153858.5535
133018.8823
456880.8683
340367.9363
-19425.86721
-49197.01211
-151752.0695
-319512.8335
164448.6056
476623.6816
462756.0295
-8407.454473
-61083.71698
-236784.0173
-471953.1589
142773.5391
314512.4891
442224.6566
-47643.45475
-40968.05927
-15542.55583
49281.46476
47926.80531
34493.66109
-57795.19444
-65302.86559
31965.27085
48515.76627
24149.9222
3114.588587
-26836.39161
-32085.33133
-42706.60912
-45059.61536
-62160.28123
-79422.07013
9124.505296
37312.10252
32465.78419
-14019.9816
-40134.62303
-662.0152687
31151.90514
9707.388109
-11188.67597
-15312.44592
-42528.03548
-48694.70528
-18666.46982
-88266.21549
-79479.73081
-35718.13929
16518.08735
27188.81285
14486.67472
-14400.84408
-7757.501045
24391.4718
11425.57413
-4236.888326
-32560.40387
-47178.60068
-29812.37974
868.8559869
20081.86485
-15060.26375
-10140.51583
16498.85308
24327.98171
23796.5441
6439.846707
4555.968132
22677.87794
15547.89738
5371.473858
-14179.14388
-29459.5377
-21730.95775
23957.97567
35654.13802
22015.97166
17504.23818
22765.27579
24023.9231
24594.07242
18808.25335
16479.95593
23453.6442
18136.23953
9483.106074
-5189.079848
-19659.57919
-29558.78725
16464.66955
23636.40311
24060.928
22283.74594
23541.57551
24486.63255
25002.42175
23746.74198
22827.98636
24184.8576
21380.64481
15842.04442
7868.374995
-3710.59396
-22837.15209
-5140.696445
-1267.813134
5161.86778
12920.61919
19638.16906
23711.0263
25788.56386
25694.66761
24936.08972
23077.9169
17594.34435
6778.449747
-6924.191441
-11853.13175
-6707.604451
-16081.39158
-12053.68215
-3653.458232
7665.541168
17771.38974
23361.21729
25399.72996
25743.77287
25512.86501
23020.77075
17271.33305
7470.710827
-1257.58753
-303.3354142
14154.57476
-3900.544645
-4659.461922
4427.05073
15531.15711
21603.8079
24320.38831
24893.28214
25505.16781
25473.42772
24342.85598
22255.04042
18695.21897
13982.18226
6897.00143
2558.111578
-12662.2175
-3078.343438
12022.92524
20263.0764
22794.78071
23607.82886
22537.07494
23726.57863
24153.02269
24473.55531
22964.42253
17492.48051
6439.641195
-6548.72036
-10165.19834
-13699.14748
-205.3584707
12772.23387
14332.75446
16425.15363
18559.2102
14843.8826
20115.17579
21358.61782
22933.68897
23172.19705
20267.30044
17634.88788
18127.37958
14019.6419
-17765.8992
-9306.175968
4927.221719
-2091.216741
5206.876782
9274.272808
-554.1255156
14042.65159
15732.96209
17375.86001
16655.06668
6146.484581
-8477.099447
-6209.347783
14410.6631
2405.80472
-3687.737787
-42408.39323
-31784.99664
-8038.824594
96.2385532
-20055.39999
6097.994414
6949.707301
6468.975649
5595.513585
-6036.086384
-39310.92529
-94182.8692
-61621.01621
-27450.71986
-59580.65997
-108490.0059
-61193.70058
-18145.70777
-6128.502442
-31420.50875
-9194.988221
-6737.088129
-8521.669224
-10490.7157
-12651.42978
-41610.86435
-57861.40402
-67222.51262
-47626.88751
-72304.28903
-68928.23496
-40128.6831
-18365.56052
-9091.34721
-26568.57084
-32483.16557
-23764.09336
-19701.54184
-24546.3339
-21912.05093
-23860.18042
-41878.0228
-51207.03595
47251.67966
16837.79666
-13515.31156
-20948.97475
52145.12545
57600.89088
-29106.5238
-64081.61596
28367.82086
62034.03305
12195.40492
1670.560511
-24246.78099
-26229.83728
-40668.44576
15859.01359
-13141.68418
-63430.15347
-2533.087958
58839.10267
55986.89945
9230.259502
-43614.20446
1640.877088
42579.74145
13417.08811
41083.5663
-6720.272914
-31724.7728
-55925.59614
-26964.3629
-67097.08721
-220349.1177
-49022.37948
34771.54305
45851.89173
32933.31287
-12236.90286
-9223.381777
31810.54479
12786.38733
3371.593824
6331.402039
-29669.25662
-74191.89816
-29319.72653
-10722.81793
-31003.63836
5631.501187
33964.23056
35121.91839
34671.15751
10442.51729
2032.677903
26438.01475
17539.33941
8291.561195
-7072.037057
3513.493788
-18160.26797
41609.02017
49228.35109
35333.75675
31960.67105
32513.44144
29296.40142
29925.44977
22016.87499
14931.12171
24848.29815
18678.60551
11027.63736
-2872.403399
-14566.67507
-32040.38743
26692.25699
33527.59894
32837.91418
28171.64838
27224.20372
26805.19905
27213.59414
25208.39821
22530.7757
24641.07353
22673.40417
20483.29427
18917.45861
16169.09784
-3294.982626
-12339.08791
-5387.351219
2290.055913
11562.42225
19918.1977
24360.62354
26565.19982
26451.17714
24753.99975
22505.45373
16412.88941
5332.90456
-5318.354841
-2541.445822
10691.43491
-35359.01662
-23324.31385
-9989.113646
4367.305185
16383.01634
22942.36794
25363.5265
25778.79967
25317.81151
22474.05161
16188.27656
5596.903244
-3575.804397
-3115.528395
552.7691279
-10603.71583
-4722.047325
7020.380368
16836.5058
21927.78807
24268.33492
24211.88011
25021.23458
25293.71842
24444.03318
22924.10555
20599.52191
17344.28327
8271.043844
-2255.154069
2854.056207
11774.91687
22303.3935
25329.98132
24479.84707
23606.25609
21422.36208
23223.79171
23744.80472
24587.16201
23480.74646
18518.49437
7586.803096
-8439.830522
-21603.7814
8370.721655
18531.59046
17684.83707
16361.23644
16189.16014
17351.94333
11818.97848
19624.26294
20428.72761
22545.57771
23636.11641
21455.75543
17279.38843
16002.90564
14254.74629
-16563.85919
3991.070191
-50714.02922
-7704.003295
2207.68361
6322.246217
-5735.861433
13992.74508
13875.47415
15571.87607
15648.87439
1562.112393
-30726.27
-44506.08875
-38911.09775
-7546.183915
26885.71515
-33229.41345
-31530.69804
-9691.148193
-1734.404438
-25987.22367
7456.346507
4019.297656
2493.902362
4235.457023
-13491.40583
-96148.2884
-86195.28742
-64643.201
-36060.39352
-23575.26529
-12930.8683
-27305.95096
-12416.85709
-2598.000376
-31790.90357
-7220.557834
-11680.55365
-16865.29036
-14449.47901
-12896.53314
-44670.17291
-49478.45567
-48151.28279
-83716.50915
-87721.94712
-73322.48334
-18038.04036
-10883.02276
4753.59562
-25633.89168
-31095.24576
-34211.71931
-33689.13395
-28539.34244
4787.63003
-24337.30146
-32890.16004
-36927.53081
-57550.12352
10079.59351
25797.13667
64786.19323
109098.9789
172018.7309
42650.66392
-48097.38394
16217.73749
103043.7851
-22094.42938
-21804.72913
-30400.94921
-50677.9457
-199559.9701
26821.48319
4256.642489
-13081.64926
-50418.65351
67642.91278
123686.467
67253.56731
-49507.05117
4414.097913
122342.7133
21173.15534
-21431.36725
-32729.366
-56624.9445
-112051.7036
14999.47021
-17149.0321
-123918.947
-220015.6092
-14307.5411
67214.76309
63208.00363
-9003.889148
15223.97983
73238.72744
-28737.1378
-5122.243072
-34044.06999
-63058.86529
-101780.4584
31827.36614
-161187.7564
-258437.4437
-118039.7634
1047.440023
37073.46139
66649.84553
25066.88572
27270.44828
58057.79452
7414.615204
2288.645483
7079.368287
758.0247202
-67318.28481
47061.09505
-31543.71746
-82050.74003
-19871.42449
18335.26382
31341.42124
50729.33239
39178.7434
31480.85718
49826.59907
35105.34275
8221.234618
-12692.68854
-7098.18077
-72402.40998
121136.273
57354.94302
20112.01057
19999.14598
28408.53494
32743.09598
35453.97364
34102.29256
29515.95006
38463.05398
47064.50297
44308.70498
44812.33048
92401.48859
10332.72015
17936.86018
8395.279621
-13359.4297
5347.931554
21111.19856
27262.49784
27715.23776
27916.83077
26256.30108
30253.92355
34227.3173
26320.95314
12121.94417
22431.26928
67808.9795
-22709.59433
-29694.13662
-22406.53489
-13137.99169
11035.6857
22766.06449
25174.64891
25744.34432
27104.17414
29961.75651
26583.79379
12257.33867
-7821.615187
-25682.93973
2980.639395
26394.17502
9968.33267
13551.83247
17448.33731
18767.17912
23933.49925
23600.55638
24824.38104
25378.61666
23756.19899
24363.03921
23386.44807
17479.70519
-6679.467201
-40607.42756
34399.09857
16474.73924
29927.09293
17327.35709
6886.602358
14067.03706
16253.63735
21265.86666
21552.33713
23365.42007
35055.43187
42558.0871
33088.41246
21012.06139
-39025.86655
33846.64922
81356.33197
61376.15604
-4207.447771
-36971.4445
-12138.72685
-339.4941548
19521.19339
13235.65179
25184.31891
52037.9078
55530.65167
36071.26843
37359.00456
35719.16119
-15333.09808
58599.92082
41757.74911
-12203.01339
-57516.0106
-41928.8285
-31513.3047
19368.37487
7347.140045
20630.53309
35578.0522
-5304.863473
-85746.82487
-154703.751
-75927.97497
-60885.2898
-5388.20981
-13293.83134
-24837.28794
-20989.4035
-39154.90223
-49464.11669
20203.65433
-3333.181112
6898.018638
9241.860458
-41228.23192
-95203.07607
-77472.5332
-61286.45105
-108278.282
-116994.173
-94388.01717
5588.979898
4837.65247
16247.24037
-18066.81076
-7897.757647
-27697.92832
-33435.61356
-8263.069938
-15532.56767
-47684.20914
-43907.11737
-41117.74656
-352706.2113
-236184.4417
-220287.9525
-99301.01079
-30534.51036
27449.87506
369.2790791
-28605.86181
-94441.51741
-73422.91321
-46120.85351
-15503.50845
-23413.66147
-32178.33251
-36981.81305
-51129.5226
-67673.47728
19039.44748
172127.5006
355335.2518
244492.1166
74732.3314
-28040.68934
115025.2722
-26268.04742
-64625.24289
-51844.45837
-71408.03525
-139960.9908
-150385.8144
-115781.241
-43679.00602
99718.87336
492097.164
482029.5995
257144.7265
139392.7531
3928.851123
36416.51752
26895.59589
22628.88141
23209.19916
-60141.80966
-104511.9616
-181160.7823
-38900.49321
51048.17469
219339.7423
477615.4556
374403.0296
194567.8124
118082.0628
21433.25657
-17236.83912
82620.50188
145886.7336
3104.507215
-24380.67768
-86128.62629
-143074.7372
134451.0771
476443.203
500918.5895
380897.994
227859.8709
129510.5009
78858.88811
47245.65882
-17155.06852
42431.0911
97560.63114
63678.4321
-30829.42584
-32220.52689
-115874.0176
422205.3578
460426.9747
370801.7649
222634.2359
132625.3249
83912.04742
57733.04977
51035.41583
255.6576817
27256.8404
49535.43015
74406.33559
80462.95767
41459.02631
-60409.10667
218804.8619
191121.7542
149137.4931
94373.60177
66416.39225
45524.98663
38277.92236
34017.67656
19249.10151
24811.93255
40410.60001
76388.24485
125877.5345
132297.7956
40252.82576
54194.67247
33518.46799
30723.28022
34392.261
40719.27377
29194.50326
29612.78441
28166.23882
23402.36564
17510.5732
10320.71748
10102.01236
29680.57893
50388.09725
135992.8773
-12104.40618
-19342.26186
-4208.081825
30643.27844
27733.60374
22612.93898
24550.06145
26492.33145
23103.90628
16168.57128
4234.001633
-10301.41273
-3268.780429
38305.15986
27151.43836
77017.02308
35595.20688
39424.63591
24722.81152
27283.68241
23443.37097
23542.78953
25237.30146
25901.21155
17813.85664
6712.227381
13127.55889
28270.25896
30147.35888
-3369.354753
241072.0175
163153.7103
100087.7455
66999.62895
47341.60375
32356.59448
22473.64493
27873.8803
24720.52084
13952.79744
-9058.465775
-9177.669734
9394.981524
-24011.84025
-41150.08364
82712.80112
31185.85093
49474.93868
56687.89753
65231.76157
45829.24696
19338.67913
28306.53703
19989.25748
-7437.464949
-22283.54448
14724.69485
31915.79547
-61108.23934
-32708.12901
-58031.40511
50282.89648
36770.22734
20512.95441
66066.83291
62555.66828
25259.30782
23313.36117
-2424.498742
-31364.27117
-13536.44494
9394.410258
-132811.8773
-141925.3128
-46749.82149
-112782.7966
-75905.6749
-18267.57298
-48329.04035
-2093.160582
85473.1811
44165.90741
1218.143482
-21154.21993
-46071.14531
2422.558215
-20416.46782
-71107.14823
-67381.74008
-48907.74579
-187056.1189
-175360.1297
-131713.9616
26314.25942
-14317.83259
70634.04274
34821.23315
20009.22515
-27274.38625
-78306.6401
-83113.0925
-50754.83722
-45901.58388
-51864.35237
-36927.88386
-510113.7936
-405665.3245
-203829.2865
-121201.6902
-9776.312506
71867.71031
28689.81362
-19543.73296
-60440.81824
-16405.81176
-28491.37113
-13123.32273
-25765.56813
-44063.24285
-42442.86758
-23060.3381
-12585.08956
53934.74535
265054.0678
362701.4688
349651.7005
204133.5024
81354.93531
222395.3816
287193.8704
-7782.512479
-67550.649
-128806.6051
-163598.0739
-45629.83543
-25251.8793
-27374.83285
158624.0677
511950.1744
522070.8499
294998.4877
137126.6877
9092.11867
55818.24967
148509.3015
-104500.6004
-11715.8633
-96345.55429
-215546.9042
-106447.3578
-2968.801747
79010.08482
302172.9325
484958.7761
313790.0468
165785.6464
137764.9797
-5928.829303
-2033.400776
4273.88618
-98935.63438
125571.5485
-51232.42774
-142738.2643
-282954.6399
245524.6489
572854.5413
555268.8191
336514.5309
195348.1429
105978.1041
82805.67227
-21879.86624
-42756.85579
5178.117792
-28515.55066
6686.213793
94628.22061
-52470.30807
-176970.1669
521925.7281
523843.6469
357189.8553
198155.6402
117085.3212
71336.30686
52395.31207
-5887.931767
-24527.47384
1876.62689
-14385.27911
19336.50132
45940.86408
121897.2796
-86352.30948
425504.5903
285342.2745
143654.1289
83503.73874
58596.60129
42273.31517
34174.48774
16198.66257
8769.418837
15975.74531
3056.806745
40105.20463
122450.6172
247467.4255
64382.47176
254616.9202
39502.12036
25903.00187
12809.11518
22192.43334
26601.28576
29863.23868
27394.45092
24212.21881
13189.54278
-10912.07876
-15181.31596
50303.99583
181375.1955
434454.3241
32101.01574
-22855.25083
-26168.97858
-26296.6948
-8419.942102
13823.62779
23517.87837
26430.08806
27640.52436
13764.26965
1209.134363
2448.673618
29843.95172
55163.3245
88949.58701
141682.9503
55817.81826
35160.35335
21035.57608
21102.55705
22569.40711
23590.46629
25819.17432
27583.59492
39594.83959
57988.74676
75857.64596
86657.81071
81754.63719
27595.1764
333475.0548
213382.9487
141632.6847
90275.56947
71510.00573
40773.61325
27926.09655
24648.81597
26664.33909
43642.30094
51430.22665
43341.48534
43652.20945
60070.85303
159791.5276
292892.7806
371862.038
136099.0447
128707.4443
93921.97459
39347.35121
1875.727463
7349.426086
29455.47085
46502.46652
28254.13352
-11523.02874
-54170.07548
19159.70654
197273.224
2089.619989
130289.58
35213.06488
-11185.30515
15296.44658
11884.7918
-41037.39872
-18979.96131
20672.01457
32058.08659
-11772.83446
-73014.21935
-124232.1944
-18943.61684
53657.52494
-95007.49767
-109567.4025
-63979.2577
57261.49111
-49153.91766
-51117.05467
-90022.26753
-7242.709046
-741.7197564
18073.57669
-18738.72761
-9644.589767
-47088.83802
-31912.35952
6462.399764
-169116.4779
-167761.4458
-148811.7362
-54290.70529
114831.1216
-40314.67938
-113438.2474
10471.37572
-20676.34756
-16333.06096
-77308.98991
23162.98709
-30563.84749
-40491.10331
-3386.03225
-14249.62249
-54089.85894
-275508.8345
-164824.4088
-119816.1318
-37476.8137
66830.93557
30461.06346
-34696.06404
55564.44375
131045.5599
126862.9427
-2291.956394
-35282.69317
-13458.24809
59257.29896
65215.97954
-26573.21879
-240375.8816
-372048.27
-282944.5679
-73147.49345
-83422.72896
311980.4856
500811.1488
121159.2774
-59465.23175
-182690.0697
-69539.81768
-12861.19728
94726.31055
67515.54767
-93965.18317
-134539.7607
-114826.5072
-65977.05675
256211.6906
-38358.15775
117028.6376
369164.7732
407077.5691
31978.37399
-148944.9485
-184855.0962
-22957.37193
64393.0229
3562.497927
-45137.03616
9508.153975
44790.16379
-16193.17905
147476.7295
-46692.15285
13444.40687
237232.572
373323.2554
256205.3332
-55435.42805
-168431.0293
-100716.0648
-24907.34838
118195.428
106983.1725
-7638.26474
31109.81379
34617.38871
107338.3213
-37602.74921
-2285.290337
118786.7138
235370.9253
470436.5383
234647.8135
-56824.9043
-206873.5317
-314122.0565
-29311.91429
69344.47752
12717.79683
40824.80958
38595.46694
55867.95597
-3997.815154
3085.577201
68572.20074
140514.4582
283217.4876
487884.5518
344295.5456
-94459.15195
-440799.6754
-176965.5315
-87175.6591
-21384.06874
9495.804853
26096.14311
31141.51516
18777.95702
17845.59803
43233.95091
76552.80557
161906.5498
338489.9253
594819.2551
105758.8974
-181111.8679
64115.50007
-36213.00004
-14984.11727
1637.435077
11851.60909
21446.42074
25946.28294
25143.84412
31111.40354
36425.99695
58616.20681
124198.0925
205793.7752
473370.1663
245136.744
-50499.56232
-144653.4803
-116160.1493
-48874.51474
1863.416397
19271.46198
26748.99582
30186.09157
37843.45679
58314.22649
72600.49396
69526.78353
69224.37671
160167.2543
461787.043
91055.49039
5059.298913
-21938.25846
-1337.76351
18637.89554
23289.18282
25323.22862
29858.63428
48351.82319
89366.91751
113486.524
103120.7018
88906.48607
139108.7054
748348.8419
396091.4716
192739.9257
82623.45995
31892.71754
26998.58387
19969.75164
16146.84688
26288.64665
51423.81936
104181.162
147689.5601
175359.4972
182035.2826
202375.7181
445352.1394
427472.4679
221370.5348
69877.47109
-8740.338546
9030.791117
3564.821542
12629.40439
11172.3166
63232.77705
136300.042
206411.3851
233663.8993
391141.7462
276466.1481
75448.13049
184667.9752
127323.7741
36324.11318
-59703.96225
-59355.88362
-42225.94683
8141.691013
10107.87289
74505.26396
163660.159
271507.2301
218898.1874
141747.3721
92138.60473
-50381.19887
-102696.7727
-87690.7336
-55604.182
-50037.02307
-110992.959
-97178.18606
2990.003809
1839.457305
64027.87322
210368.082
361593.8067
96929.0125
15270.81785
10223.41194
-11475.76283
-168662.9519
-127534.3716
-130493.592
-127245.7745
-34791.70588
-56061.56849
-15146.67097
-27845.40753
6842.643292
248773.6653
269898.8436
33304.40875
-20294.22642
-7759.855159
78190.80637
33947.11909
-37101.15138
-74683.77484
-123202.7407
-129988.564
-143423.844
-42535.77525
56328.18088
140077.6569
157614.2492
133558.855
-5436.873754
-24151.8427
-23921.98538
-19659.3454
5357.454964
35746.74407
-313077.1541
-839525.9755
-1165566.192
-397055.0287
-245147.1915
298956.1143
1012920.7
312168.5492
-23703.41747
-121918.9793
-22267.79464
1835.948382
43065.5509
155587.2843
-78228.57914
-1195442.654
-1589511.629
-502389.6988
5929.358766
-52004.68387
-59043.68867
454375.9483
532781.9996
87302.06727
-112614.4291
-93946.37844
-1065.927988
46422.49841
-27442.39449
-482271.2143
-1595881.551
-961973.7132
-294099.223
3733.938191
-6903.569733
-29432.31427
288246.1339
574979.2477
393976.1709
-30823.63496
-146950.1808
-10240.46466
-330069.0154
-711276.0443
-1559545.152
-1275427.016
-524977.6604
-161797.3762
55199.22946
45806.45848
-25758.61634
137854.8622
317278.8628
674288.7252
325412.3751
-30386.51136
-79432.22434
-1048778.792
-1455140.888
-1000769.836
-533121.0354
-194884.0351
-51648.96707
30393.04402
40396.41726
-1256.14432
79405.82873
169678.8762
387113.4342
634554.1312
386171.443
-55064.99346
-1682538.812
-568103.9496
-354286.2881
-169430.557
-51346.79331
5500.391161
23966.31782
25340.94124
16652.2578
47339.46066
94322.59627
198403.0116
355664.2523
667407.5284
172546.2278
-601775.0462
-224954.6199
-113248.9347
-64763.95898
-29765.03879
6144.593124
17428.32641
23035.31189
25171.19604
30888.59857
46756.4697
66099.31023
113561.7052
244856.2906
519127.5548
-170655.9271
-239349.3212
-179695.3849
-132582.8955
-60678.46676
-5373.982196
11798.74783
29026.97761
29888.785
39077.97652
41866.95355
41261.71397
41758.45076
40069.33652
292740.9509
-176222.3101
-308253.1178
-183627.4595
-72244.0508
-13517.65062
9843.426997
20225.84419
28729.06413
33672.38259
41791.29653
58154.11072
69808.86173
70795.71312
86517.88123
-76623.96193
-188049.5719
-80634.1672
-9546.684773
-2902.033898
6971.317753
2866.90133
-546.1944958
14567.24022
23890.56014
42395.45774
88808.14089
130249.0951
131146.9523
105675.0435
-77991.86649
255505.6828
159092.0554
87997.23284
8089.319413
8597.371252
-28466.33698
-25743.47882
1359.622964
6580.615502
46293.01303
116767.7328
182141.7174
191498.4194
272517.411
-107987.7453
143317.2183
46820.88838
-77226.15814
-11060.09793
-19271.73471
-47326.44717
-39650.45564
-11305.64361
-9899.061046
41682.60712
127984.4753
212377.6191
208168.4554
102515.8266
-141269.2139
123795.4977
-85069.56553
-142635.8691
-246679.0087
-146357.2603
-69817.21024
-46189.01897
-36660.15431
-21246.55157
5275.85781
154913.4889
301448.1512
82107.92801
11932.89605
-48083.08697
163321.9126
52232.25386
-62525.10113
-136761.8385
-254558.8574
-176354.937
-88462.46772
-53187.66571
-36089.77718
-17885.3046
181443.3403
214652.3905
11855.93002
-21315.86753
-37907.82436
161613.0088
34337.93017
-14101.77554
-118910.2429
-111025.3069
-188726.7918
-186231.0008
-54950.48038
-186438.58
-269503.78
-163271.2852
-54653.90574
-34828.7409
-50029.82518
-78835.70486
58126.79029
-4018.011255
-41757.45865
-45377.21079
-90486.28113
-261381.3875
-352101.8136
-201429.6256
-8469.533496
-186228.3143
-60449.14762
29747.27426
59523.16092
23453.73028
2703.837975
53478.10373
26408.34183
74728.05076
-381162.1049
-1731986.251
-2263529.922
-404091.2367
-216638.8725
-167425.6954
240435.9301
326942.0526
81033.03179
-9200.277872
37376.87457
13444.58943
30389.58176
139571.0021
-127971.209
-1206622.905
-2808747.293
-1728917.476
-293308.6401
-105900.5706
-132039.2748
97773.9727
289163.4297
230045.8445
-3637.56669
-16098.01228
15160.77237
-46780.69841
-199466.6959
-711476.5393
-2431303.535
-2961209.198
-842404.0919
-135798.2452
-23272.02381
-137096.3403
54147.62845
146914.1786
355862.7324
173255.6704
-2245.450878
31191.66969
-144552.0865
-1325018.603
-2106462.546
-3006155.217
-958136.7378
-354222.8011
-102550.1656
-2430.110778
-50841.58766
38716.22522
75366.7118
193666.9257
312621.1847
120509.1666
-49439.35867
-679419.8049
-2030477.737
-1890313.002
-765139.5035
-320231.3229
-106663.5288
-27287.79261
4750.707455
3260.537177
25837.12855
57233.49356
106857.2255
174515.3412
103368.8916
-148416.3582
-709058.2022
-484564.2739
-391154.9377
-202394.6924
-114048.867
-37284.87261
11284.03768
21365.59697
16173.22572
21549.87961
15348.66236
10102.10831
3844.125548
-85964.01592
-93681.47338
-325398.3767
-363601.9191
-259169.2866
-174250.684
-84209.47035
-20937.41822
11373.26438
26104.02854
23878.36229
12611.86992
-59756.42206
-111765.7208
-38189.88379
-100934.7608
-16295.75513
-698608.6385
-424082.6863
-233822.0265
-117677.2357
-36296.43609
5560.068574
16986.62127
25223.65812
19970.41004
24151.03777
-19799.02526
-10096.85892
10083.7551
-68514.70842
-209342.2391
-724735.3479
-297162.7958
-131490.6355
-46316.19432
-14831.43237
-4066.553737
-2824.71578
15309.10074
14645.17614
28725.42409
37258.57201
38232.72492
-34492.32364
-94452.60568
-587251.1126
-547882.1093
-85620.35832
-161844.1541
-107389.1611
-67420.59126
-72128.9613
-59584.75466
-15548.57281
1975.431067
12595.07006
23340.00831
-15718.36137
-124267.2944
-228485.001
-768337.9325
-213075.591
-184490.8314
-327079.1788
-502591.8102
-279884.8214
-191992.7397
-121743.1279
-46288.92417
-33265.42073
-28857.97434
-55132.46946
-125280.0651
-116237.991
-184131.5549
-208923.5305
13134.06732
-646.2529113
-113125.7132
-371224.0138
-576957.8222
-339004.8399
-194617.3334
-33211.91386
-113956.201
-103720.604
-107184.8147
-43998.77608
-51937.31796
-133083.4871
-51096.37885
116511.6432
101097.0409
-77395.16453
-134836.7576
-240363.9756
-552571.4422
-306928.2493
-69229.13345
-173631.4628
-276530.1276
-157316.3589
-179937.641
-96075.38346
-56141.73514
-46798.71558
114936.2221
24748.97509
-36994.50922
-203741.0423
-125435.9895
-128140.2228
32413.95329
-23267.11275
-465795.1324
-586181.9478
-661572.7283
-193588.8149
-18406.888
17671.74122
-37497.04958
152000.0162
35136.87776
-107096.5703
-6888.248405
92510.7853
-24789.39262
143177.9834
91154.78912
-350721.5611
-810010.8487
-281633.4871
75892.80285
134946.3713
12433.52315
-6795.872166
141062.8649
16464.6655
-140602.1058
-131907.7089
-228300.6062
-181870.8412
213331.0933
-127480.3154
-204341.4068
-216244.5009
-85050.16715
-35930.37636
127901.6331
35602.59648
-762.5005917
53210.85178
-4002.43828
-162654.8797
-303057.8434
-695791.682
-1284444.618
-50674.86631
-101337.3496
-121299.2795
-99900.69155
-117083.0328
-56818.52235
-10779.20826
105447.8082
18887.24867
-16951.54112
-56895.61442
-235903.2615
-685408.2813
-1700149.261
-1025063.967
-46929.06176
-124026.0537
-31392.58209
-41927.83586
-119617.2503
-179975.9333
-109872.8615
6013.008695
36388.9384
-46271.35931
-139376.926
-499570.2837
-1215177.376
-1410369.212
-235248.7688
58900.81933
-67418.16772
-6629.368866
-9403.517115
-82353.02958
-227781.2331
-333708.9171
-292877.609
-44712.52301
64611.43603
194317.4526
-707381.1561
-984418.3151
-250841.7593
-3658.536298
56630.19618
3451.06802
9170.432721
7168.73804
-28168.48899
-107373.0493
-187119.485
-333314.4873
-342602.3548
38382.26793
-7576.52466
-166213.8435
-223398.0158
-37939.19658
36938.90456
34498.58915
25056.8905
12194.30383
-1752.759015
-60358.62882
-96016.93529
-113187.4011
-266898.7043
-546458.3303
-488948.7086
-429765.1217
-417484.7066
-303834.1032
-168673.9833
-29892.57819
20889.72087
21393.66066
15599.83093
-24780.14165
-64075.82146
-136132.8055
-184520.3656
-124854.0333
-199798.8311
-1429763.902
-679925.1996
-379708.4559
-242044.1369
-82451.62559
7106.224438
17692.1633
16104.9439
15074.92465
-6990.016554
-42219.02861
-97440.51588
-121210.6559
-206892.4122
-629419.5759
-2050711.03
-883926.8241
-352912.5721
-168206.7268
-89256.70437
-2781.558635
1065.054547
8715.523407
10533.96049
-4679.605006
-59890.48036
-158522.6377
-425783.2007
-996177.5664
-742060.341
-999183.1043
-920719.5797
-817339.0151
-490177.9554
-225618.4437
-84831.85307
-43148.39016
-6833.683103
-12013.33811
-69559.46488
-204224.4764
-547885.315
-1446410.637
-1501172.34
-241804.1229
-140363.389
-216210.506
-329772.0216
-751024.3439
-434742.0184
-226169.7376
-127378.4004
-1266.428446
-66704.77197
-205597.9291
-499561.8368
-1307247.466
-1016168.016
-478740.4316
-43339.85965
56845.55833
45341.6049
-82413.541
-232376.4699
-482401.5552
-363832.1491
-177333.1702
-15459.5618
-156255.0992
-395333.3578
-859349.8805
-1114375.68
-371660.3913
-45313.75489
-37121.22983
67080.82189
230.9090401
-173292.0549
-131530.3601
-142557.5814
-206357.853
-118559.5193
-57838.95335
-268724.0727
-601417.373
-1712690.619
-527157.5619
-21203.09143
67210.87105
-28732.72963
73766.66515
-56180.71901
-150060.9318
-310915.9082
-112415.5482
-54741.86701
157113.2204
-262875.8306
-860742.8038
-1292928.825
-587460.3802
-88369.69053
72649.80353
3015.445264
-2565.82743
252568.4202
28587.61809
-210222.5326
26921.26221
-1851.813043
438871.5232
504400.1964
-369251.5144
-943117.059
-1597535.671
-297908.0882
104955.1204
24059.49133
927.8771266
-10003.84926
133327.936
-33488.61309
-294031.4771
-42551.76477
-59926.52092
462576.9227
925097.738
-93523.53316
-326263.4421
-893881.3523
-1253011.539
-118448.7315
107636.6127
7364.784266
-11869.69526
83444.93472
-131953.5255
-322081.6538
-113963.7461
63701.02047
1547244.069
616405.4058
49854.80903
-215472.6164
-576674.2651
-1473015.934
-770137.1425
39796.69282
36590.28931
-8560.441626
147375.8532
-59918.17108
-210376.3197
-72649.07406
879594.5957
1951682.149
462226.436
70423.7891
-64558.99599
-306464.7845
-954737.8851
-2314959.209
-647198.5567
-861.2301698
17278.9608
-20544.02997
-35185.54604
154706.7814
843329.4978
2279350.85
863529.5791
206473.3683
71543.66049
-22816.15699
-145751.1313
-533000.1205
-1334682.404
-2070445.679
-461814.7515
-15716.68648
610507.3341
831413.1772
1404352.807
1661122.248
801741.1474
233220.6911
81216.19871
59199.90339
616.0821095
-47920.92569
-210967.6679
-554822.4908
-1137944.731
-1922993.553
-518076.5398
-63094.22043
270644.9674
419216.6844
362633.3233
170557.1534
73055.9293
45247.88131
30526.68232
1700.827727
-42289.13264
-151984.0419
-280544.1903
-422115.1703
-656622.5052
-1407833.56
-1017938.391
-601947.3396
-268884.2235
-169054.1785
-43383.48033
28203.245
28508.52538
19491.84164
-605.2252248
-45994.12446
-89569.94439
-94251.50693
-167289.5171
-152808.1596
-281055.2302
-1549550.718
-574232.6515
-316478.8391
-66701.63158
10284.13418
22422.10996
20171.19333
13591.05716
8137.64086
-40937.02586
-137777.7042
-378971.7203
-610656.4566
-648888.2042
363876.163
-504920.765
-535044.3242
-384405.2753
-190203.8885
-41609.66201
-4939.922061
5975.919561
19881.36081
-14935.28928
-124582.2778
-407153.8542
-1156700.908
-1679099.407
-1304181.499
15001.53
-119868.8599
-630421.4354
-227007.5604
-310144.4454
-132025.2654
-49545.61495
-32759.51157
18820.19365
-100933.1329
-336562.9455
-905494.3034
-2292900.732
-1626738.335
-353982.1284
-38901.4682
16241.55914
-41395.91814
-14060.21831
-223014.9564
-190925.5862
-109172.6614
-87055.02874
233.2711724
-206062.2366
-686945.0015
-2238814.192
-1760634.998
-435023.8412
-128601.2526
-96431.96161
37985.3943
-1563.486247
-72647.68217
-39096.71137
6241.759971
29425.62489
-11672.32605
-72703.42011
-334161.9944
-1077607.341
-1987054.126
-554007.0101
-172414.6373
-61837.58443
-48023.13903
38847.85315
-73675.89549
-244665.2953
-131179.9458
-33702.51757
255557.5732
-49345.13103
-214555.6716
-467657.4165
-1918568.991
-785102.6971
-180606.1904
-85624.75391
-23241.6678
-6078.227101
-52921.56324
-118833.763
-187391.5604
-326601.9823
-80751.28733
191688.6757
240222.1139
-335160.7336
-1227454.998
-544466.8907
-178262.7629
-1210.153111
-53844.67904
-5409.001586
13524.87822
188644.2353
-11420.77272
-136041.2999
343183.4737
130851.8132
146523.3977
-114401.9114
-599961.1041
-1601104.443
-455983.3931
14883.82482
117088.4885
17260.4702
-8418.001104
-20089.98246
58372.20368
-61422.51908
-180413.4691
142463.3887
264797.2531
1924033.34
693630.8257
-243013.6783
-824762.0144
-2569283.7
-479393.3445
6783.036914
15381.98325
-11431.547
-23275.03681
108824.2885
-93135.28152
-154509.5381
12183.56103
582810.1241
2921116.452
855301.2122
-110428.8687
-574639.2775
-2327919.196
-2195529.094
-265267.0952
36457.47273
-56513.38297
-71108.4615
507811.4679
106897.2501
-42627.16097
252680.7031
2060686.335
2805203.921
544459.7562
39651.5911
-236483.9714
-1111734.722
-3560302.476
-1316118.741
-255043.262
-47334.8856
-20535.64905
270686.1769
272316.1079
671459.3116
1788162.91
3166493.506
1135957.028
248797.4751
71506.47031
-111252.0938
-550190.5692
-1776503.797
-3100845.09
-970804.0773
-128512.7536
32003.82626
129380.8789
1884994.136
2307459.816
2296831.976
1069330.18
321194.1586
101741.1312
53964.12741
-42036.35525
-214757.0796
-720824.822
-1928700.49
-2969738.938
-954769.1109
-153469.5617
-176338.4132
151253.0089
503974.1835
424936.1301
226993.4939
108102.9663
58245.56732
30671.74875
-33069.80634
-152203.0225
-360003.6833
-735942.1614
-1384378.229
-2404227.768
-999730.0282
-588017.6137
-120315.5983
-68744.784
-3803.900468
30074.54154
42940.81038
41992.68882
12291.62343
-61630.0407
-159942.5889
-295446.0897
-368979.3027
-445181.9799
-342450.0363
-792388.6688
-60495.33815
-116368.3904
-49823.03853
17521.41855
42116.58708
33233.40279
23071.23819
21496.96488
-10682.47267
-98154.66314
-154996.5821
-73309.75318
190158.3368
528583.0862
481624.8107
-35680.94745
-218090.7263
-103164.8776
18432.80758
46045.65183
23248.76716
12998.54784
33268.64279
36152.74779
-22891.81474
-52250.46701
215285.8853
556385.3981
397696.4997
178423.2118
13895.3809
-153708.9548
169066.8077
177619.777
107802.5919
36691.90252
1461.277431
37827.48623
55373.13834
-100380.2526
-349350.7408
-199300.7969
-115991.2946
-88105.76524
107621.3178
55818.40778
54943.25004
137143.4885
359607.2753
318974.3965
88533.26623
20115.7445
17384.84579
-18970.71521
-520081.3802
-549135.5788
-386918.2441
-161250.0701
-142919.7076
-84433.7081
18196.58023
-10197.61059
26289.10737
42896.95056
365992.3185
356586.8146
14447.44033
-35748.04851
-182435.789
-1044739.312
-530251.3722
-226567.0146
-223888.622
-126693.2982
-35097.67951
-57802.80796
-115347.6639
-269835.7002
-106250.5666
5125.022305
323755.9281
26163.13127
-138565.7071
-144222.0992
-331562.9644
-178936.1067
-144599.551
-233865.4603
-27405.76591
10959.47111
-157256.7049
-209898.1922
-182963.0436
-301964.1824
-61466.13606
-75593.75807
28210.94998
5058.412855
187056.0773
-31522.55862
-93922.41714
-100911.0097
-108117.5622
-16468.57928
17558.85182
73609.84826
-8949.023594
38838.87215
1120904.067
1078351.46
542388.4234
62849.98555
-125445.3011
-232427.2781
-155188.7875
311844.0285
100246.3922
35003.13656
6287.289863
-21759.89563
58850.29782
-12440.30973
149388.5265
748473.7728
1210125.502
1271559.668
260320.1063
-299246.3886
-1006480.793
-838659.9767
-83129.20137
157810.0416
35121.85174
-890.6886663
-43228.71064
-112534.0106
46016.59483
385015.2713
705337.6308
2376778.039
2202457.983
393582.1681
-173468.1233
-1050916.024
-2196872.034
-493564.8641
-75174.0887
-2267.254593
-128407.5739
-124546.9318
350763.2317
1003357.837
745424.7108
1484585.604
4866653.06
1665728.678
300941.9686
44719.5911
-615156.7324
-2504367.864
-1371705.956
-376385.7252
-121778.2387
-90171.06557
-35178.29157
1272511.044
1388770.129
2198467.837
4619868.836
3069217.144
709797.8757
166173.2685
75872.01029
-232699.6163
-1307562.053
-2978467.658
-975117.2636
-241711.2613
-52502.70908
97612.96902
248949.8037
1115155.755
1999284.982
1923776.617
676497.5128
218501.6536
88511.28643
57293.55959
-58025.11621
-447460.2329
-1481229.854
-2583385.602
-904077.6068
-168528.1841
-8540.426193
148808.7336
205275.3773
276460.381
221271.6466
127812.0692
104068.4494
55448.62591
33012.86726
-47276.45642
-203153.1471
-505555.4467
-1073766.971
-1509693.804
-647389.1202
-212138.2478
200606.1878
45707.85016
7833.995715
32557.61387
42576.01846
61386.56019
41379.48509
17837.7509
-33087.37842
-118211.5204
-219316.3915
-365727.3857
-405374.3241
-352040.2011
-401195.7899
60025.23888
-47926.31572
-77875.20532
6498.001255
37536.45942
21158.50278
21338.42967
24766.37278
30260.20068
12169.54989
30936.45812
187631.1615
313367.0264
466371.1861
434042.4332
45862.94971
-744677.1562
-381368.0417
-62297.23169
33490.88122
25511.42277
25784.10737
35796.36404
50566.97462
159340.7602
467463.5978
926451.4059
994394.5104
773932.4316
738938.03
59396.76082
-149287.4732
-116096.813
271784.9403
202426.1544
76249.4639
51357.94942
43964.12267
107042.9392
445918.8679
1306285.567
1188478.266
174644.5767
268900.2177
195999.6859
56965.6706
9521.039493
267313.3447
502217.9529
542270.1617
238962.2194
70394.95926
49611.79262
203394.6289
931421.1612
1550801.98
162177.8159
-57164.12309
17200.05743
-38429.81465
-27421.22206
-69196.58032
91137.68036
252996.6716
479371.8243
412214.2408
34192.2586
62852.32395
381397.4525
1323168.406
388177.8601
-88684.22108
-230961.6595
-76435.60224
-29385.16446
-135264.3865
-213034.5027
-324339.2742
-40052.52938
84878.27735
382949.8206
16030.14238
39662.66843
609144.2947
789711.7655
37178.87516
-116906.5483
-230662.1211
-25408.88227
4152.71035
-104712.5769
-138775.5253
-130772.3257
-255410.1827
-16126.71745
-100450.6358
-86715.63261
187956.9563
556113.445
108896.4026
55014.40785
-84819.10706
-150020.4585
-36170.84357
-12505.43819
-4395.950613
45141.73426
-241603.5941
622489.4451
1757645.801
1402538.563
594979.93
231058.5048
188404.784
98827.16728
218751.8732
202580.2922
130012.0375
36657.30987
-14915.88685
36791.74977
-59743.76296
97669.1989
768989.1339
2823290.778
1550848.146
546156.5428
113094.9761
504457.3692
67320.67389
-15632.28003
194079.005
187106.9372
12482.27286
-84540.20898
-179344.6565
-245735.0983
847428.4047
2406642.855
3914129.517
1873890.934
569203.1499
143813.3947
753801.4061
527284.1216
-165387.6957
-95731.73691
22151.43021
-149506.5307
-148245.5356
-724504.991
-48617.96988
2230625.455
4395844.51
3359812.057
1341717.121
283768.944
133576.8683
538934.4928
1301901.374
118934.3816
-157828.334
-197057.9738
-95239.65567
14225.06331
1058267.371
2383397.554
3698661.286
3253646.766
1417778.477
547655.4465
178471.9339
127420.1147
299352.3934
1216291.082
1283866.168
58572.41868
-75053.80154
-33803.64897
154188.3496
1453428.258
1027617.81
1390189.444
1089134.65
403827.0303
160524.9138
127252.493
78941.59637
118011.3519
447234.3885
1342360.141
1342190.088
276278.2428
27508.14969
282541.8756
184595.0567
97416.05484
103641.425
78341.5782
24436.87053
47218.43305
59056.99457
44274.49785
65323.16221
154128.1831
381834.7054
750632.5552
843386.8915
255913.7543
708167.978
516713.9492
-104852.6699
-61384.3893
538.9822418
10888.36566
14018.61902
32085.49663
37464.81615
73172.70689
93899.16386
110101.6561
175215.8242
216986.092
-29617.00035
-308720.9785
69347.54481
-1079658.629
-483713.1263
-183235.4567
-25356.91027
10774.4004
18551.10685
28413.71212
61622.5136
137032.372
216450.8784
264479.7269
309604.8558
243195.4633
120241.6741
120967.9428
-354684.5908
-2150980.953
-429403.9938
-104949.4414
-4321.627088
27126.01554
35940.49894
69425.5362
198087.3306
596561.0516
1256608.148
1654577.802
979803.4592
3049.390141
57472.63023
-66646.20138
-866514.0915
-174462.6879
26231.90498
76548.42635
62070.78506
48782.08569
165030.1567
593154.4673
1757954.051
2091834.798
1125205.661
381094.7997
-173705.014
15873.27188
-42605.72344
62168.20343
662216.1563
588666.8828
270518.017
96059.79121
85871.75435
355009.5171
1216429.547
2196900.162
597664.1386
440914.4785
-39535.04326
-106027.5014
-88333.08258
-145245.2725
-20444.16108
312156.2469
647718.6877
489317.1682
62548.74133
215913.1757
593801.1869
1819737.273
834687.844
165689.8162
-580.5307468
-68395.31097
-35421.42134
-105666.0906
-245232.5839
-354834.9948
1642.669649
205683.8985
470275.2083
39069.98464
179064.7089
954516.5794
1217662.695
313871.6881
81538.49864
-98990.00498
-28450.74164
-18453.04036
-114911.136
-80802.44819
-157375.9471
-194740.6852
40046.14228
-29786.28518
-91744.80534
451666.659
1042904.35
635085.2574
528919.3538
14754.57278
-85417.45249
-46028.68215
-31408.19797
-149306.5654
143744.1032
-287635.0721
-410485.9233
294170.769
411146.945
482089.4204
785842.8338
1247466.074
1344746.175
582570.4441
629533.8712
463564.5798
90089.99321
14506.93896
-140780.8991
25386.2671
-298856.2882
-338062.3929
829506.688
939711.7912
588463.5532
367191.2524
976733.5695
772757.1199
101495.3019
299309.4425
276680.8377
32917.32226
-95311.1937
943.8784167
-256581.8461
-388026.7008
57332.59498
1040229.565
1018988.594
727675.4571
303863.0198
1089116.556
1650441.835
122600.2663
-268486.3477
-220980.1409
-148703.974
-34881.41305
-946137.4748
-920985.3588
-217158.6369
843680.9666
1071073.558
702901.0965
534789.354
264140.9475
843081.3679
2476444.465
968884.7452
20490.47643
-107687.4276
-26063.72273
116752.4439
-446512.7884
-163470.1282
594640.3425
905376.668
398966.8975
279546.0731
315381.3024
204021.3857
442334.3391
1705704.719
2854688.868
733565.4745
230611.3392
105334.127
221303.4142
1133398.806
850697.9149
887762.4827
567073.9214
158753.112
84292.73648
128951.6832
124796.029
162437.9177
584212.6756
1831291.547
2673777.656
1359091.985
1025661.896
734376.583
473785.4585
192137.1579
90939.88124
9594.232754
-23804.78621
6641.194548
51613.79181
66153.76991
86986.01636
200288.3663
467552.1446
985808.5468
1683233.894
1290745.999
-60549.91869
646777.6269
424264.8083
115321.6958
5946.149517
-21639.86018
-10047.39524
22711.52759
42289.94767
103340.1592
198940.0719
272512.6623
322280.7187
233436.9326
-4638.50338
-821383.4383
-94855.26433
-109906.5908
-243555.2293
40445.33525
19231.73948
3703.050533
15727.06141
37943.96797
79280.25161
170741.4035
239912.4043
275883.1947
157611.9561
-191869.862
-989366.3694
27962.28778
-98706.36456
-1040565.136
-1205005.445
-154594.2622
-5152.209877
25259.60093
32052.46513
87341.86554
196285.5927
380855.2994
596010.2418
466493.9473
-92262.6233
-449425.1687
-17727.38744
-78264.92758
-586520.3298
-1234938.17
-46098.89693
62501.49378
65500.22804
32126.20632
221087.5189
603113.3248
1400421.02
2098475.069
257691.9329
-336619.8753
-87335.2004
-103915.4693
-137012.178
-123172.365
437620.1918
615161.3721
292706.7505
127709.7357
76134.82665
551130.9893
1642481.59
3274917.88
1449871.25
-37431.08726
-277175.655
-560.6452576
-198661.7319
-191498.8379
-60138.4657
384118.3114
844649.2465
532551.1835
92890.79619
174058.1197
1092501.686
3051685.389
2525481.646
686855.0759
-146750.9922
-133244.6821
-54034.65419
-196376.4316
-261477.5624
-176908.2936
72659.33276
385828.3901
571268.6897
119498.0193
334101.0188
1545611.957
2975309.967
1517530.348
280901.3979
-108711.3533
-35819.89181
-14096.38569
-112085.0364
-130615.3188
-152489.0222
4656.202236
129018.1155
111348.5479
-61291.00181
482681.76
2389178.259
2806697.468
628648.0901
82406.90946
-37474.89113
8809.684477
-39476.84908
-107101.2437
-163761.182
-72442.17625
-1477525.996
-742847.3314
-772394.8904
-429609.8945
14680.43859
684370.5408
1077798.511
1250250.975
1232867.288
195421.0081
10614.31634
46657.54749
-111726.9681
-166803.8153
-204900.855
-753165.8803
-422203.7499
-311824.5559
-137328.8556
853401.7743
1772332.444
3262032.694
903789.776
880325.0955
-79341.35771
-36927.83696
-29891.48163
-161175.8039
-154282.3482
-755268.9599
-743068.7473
-406780.2118
-96755.23429
59286.98461
837326.8588
1414498.596
3882879.155
1649388.341
296538.9062
63325.01733
70675.68212
38139.70056
-182829.2858
-1052400.169
-1227921.881
-550150.2009
-231310.3962
-29649.91962
190585.2766
560676.2032
886205.6865
3579473.722
4014965.841
1001055.551
440496.5332
443365.7152
655778.7948
-1493359.353
-1680445.535
-482371.6968
-166450.8419
-77559.5259
3467.00925
111823.7828
306059.478
471729.7486
1831318.184
5060079.952
3176595.76
1340681.766
1221583.492
392743.3931
-75502.36236
-69942.21522
59206.13616
84436.75801
6273.604391
9546.517285
52368.09516
156507.2741
221462.6151
639396.7523
1832309.765
3526462.204
2870946.55
1519950.341
365771.2356
1243279.279
536749.2184
309846.2698
62622.19167
-33449.04407
-12330.92076
30899.62753
92479.74778
121064.1719
261258.8944
539188.7194
1074132.694
1047765.785
576333.5232
-169939.3327
1373902.934
948943.0515
293256.6362
-86.884533
-33542.20326
-26457.75843
17862.95885
51831.81778
133904.5169
245008.6858
372679.6971
323590.2207
59223.81497
-1096765.762
-459087.0448
107172.8173
399359.8914
778602.4059
259245.4515
33886.35192
5759.994851
17270.76043
26208.30111
88485.29054
177726.4218
243169.3354
64303.22242
-1122188.303
-1405651.394
-87628.76811
-62883.17709
-18456.96462
255507.7909
234683.2098
14025.28401
7333.493341
17376.14225
-17809.12582
44595.78032
158366.7854
253401.6989
52170.69901
-1510407.222
-971229.2603
-41636.38669
19307.93087
-46214.48367
-115477.472
-756608.6371
-91785.4623
30781.18256
66141.02761
7960.284915
29962.22952
161085.208
386641.408
507392.0363
-603222.1308
-371210.0085
-75929.2993
-140871.586
-72601.06765
28660.52956
293653.7771
821941.6317
400512.3242
229842.7784
127340.7159
168808.2093
405756.7817
678340.9522
-12487.64995
-330010.353
-72753.31179
-71135.61017
-154936.2986
-92651.5666
23871.29032
556340.7245
1717608.213
716486.8565
283459.9691
247313.6191
592972.2345
1397401.177
993375.7658
-83168.70772
-227732.1557
-23565.983
2915.936937
-88567.58013
-79663.48285
-82598.56737
225941.5222
734473.794
982972.7952
504656.2481
691967.7998
940012.4849
1764042.727
552870.2902
-54076.928
-33905.11545
38788.07532
5144.512749
248673.2265
-27034.36677
11446.10478
98946.39949
352663.77
443812.1276
96337.45623
796894.3631
2124665.861
1192916.168
142433.8619
60934.77505
291392.8842
68240.56536
-47076.9161
-26298.44409
-78170.70336
168752.0336
-472155.4791
-2297158.125
-2636706.834
-1953001.202
-974182.7869
162161.5732
1043170.383
1487822.537
637463.8855
-760199.8908
-117757.4212
83052.47511
-32603.47614
-73510.42709
19167.56884
-962300.5874
-2259677.679
-1754042.127
-1045599.731
-181823.1024
654632.1567
1661274.214
2940870.161
867417.4275
-363484.4705
-67877.10908
-3243.723466
-43328.21677
-211612.1702
-282475.7097
-1923530.332
-2257979.12
-1079607.989
-334391.8347
76655.93809
534807.2077
1880915.929
3977473.747
2796684.314
1097687.644
159635.568
-522279.2722
239492.8516
-3924.124525
-1361035.191
-3454838.454
-1486492.733
-570748.4183
-142004.3843
118010.22
215304.5026
1436658.565
4123021.671
3879166.691
2538852.876
1300600.062
644424.3616
-607759.4349
-1823000.065
-3436381.232
-1674974.752
-644175.4224
-212371.1894
-56888.60101
32599.96021
83730.38144
741678.2099
2502020.42
3809009.313
2884456.79
1704690.654
1543930.21
-1122396.079
-1367010.161
-764487.2036
-267256.9797
-122194.9697
-36347.37674
-10712.4077
29954.7649
123877.3712
429304.7375
1161687.302
1822392.681
1488823.854
1293534.584
757975.7828
235887.7418
-181458.1298
-132189.9939
8384.951584
-56327.68595
-28645.40091
6907.975777
58200.9275
165402.3318
289682.1496
505309.8112
787700.1028
816551.1693
858237.7889
679296.8452
1200669.374
1121473.098
328106.4387
28798.45206
-62744.41194
-52324.2672
8314.161122
75022.27078
175092.7418
332893.6957
422390.5597
129661.0572
-569566.245
-232660.0449
102772.7706
1467377.253
2358920.444
1641841.136
325302.3217
41885.40971
20557.98935
4898.170121
19159.69685
102415.5646
208603.4678
-12431.04368
-1244605.164
-1180377.131
-80742.83365
68872.4822
94209.33565
515487.6547
1373297.18
1429033.733
275135.4325
-3163.8709
-28181.1192
-38515.2336
29742.39281
-3477.276898
-297664.17
-2163356.027
-795786.4925
-72319.59352
-8269.854462
88113.17799
256112.074
665948.7749
410252.7615
145009.6716
-124785.5811
-99940.4464
-128256.8375
-38749.88541
-125354.7812
-576497.7955
-1552182.966
-390866.7901
-82365.17298
-145806.5248
18232.40712
377733.0339
886563.1011
1223950.653
441682.2916
-100176.9654
-169905.4537
-197520.9166
-140977.9272
-147976.0251
-604112.5946
-692891.1693
-216447.5068
21738.53914
-34208.97072
90473.02625
423500.7057
962330.2775
1256532.045
681220.1557
10239.55565
-132992.4408
-161063.3071
-164084.3466
-154661.4109
-25446.44471
-405771.8712
-89724.93466
88679.77205
80804.82807
192306.4114
139805.8019
494085.4231
1089214.562
1431009.18
590886.5432
52500.03105
30682.64337
111767.7597
782245.9635
-132613.006
-147301.5209
182522.1201
93669.07731
80712.82407
767535.0013
410876.7153
339949.3061
641428.8612
1341785.217
1420122.22
869445.2055
927263.6202
682746.1304
183043.4854
-129724.2607
109338.6649
280770.5703
51847.67023
-4372.551612
13218.75039
5540.101611
30437.03278
334155.2101
-510103.7674
-1437068.385
-1259303.051
-710452.1393
447289.0585
1315494.075
744099.4623
-851079.9582
-1021095.131
-78197.57697
285249.3663
15290.58839
-4867.134374
11674.9525
57190.11062
-1643021.961
-4139783.858
-4002073.59
-2008814.086
-202492.9744
597235.9432
742208.2116
-686019.1267
-599242.702
-53148.05849
148046.7402
17299.59006
-23483.69753
-73803.38061
-359701.601
-3068129.278
-4881758.025
-2558027.027
-603180.9667
-117888.4696
556014.8979
1463172.107
1097536.301
-293079.8207
-438389.6714
-445184.875
80127.2152
140556.0804
122388.2371
-1393422.562
-4997543.595
-3769436.902
-1072407.647
-213552.5716
-132774.402
383146.085
1503948.309
2880460.768
1228367.235
-455231.3236
-798814.9212
-31351.85681
-207788.6493
-1151117.12
-4527617.327
-3990486.231
-1559610.593
-505743.456
-136673.6786
-100960.5927
270922.1913
1150267.297
2399481.72
2076633.624
1323992.421
982903.4373
-915770.4387
-2355205.437
-3675955.317
-2704216.832
-1243799.953
-593960.4666
-181328.648
-23525.9463
47603.2048
262289.8056
794779.8608
1537537.067
1678835.202
1719099.879
2336981.054
-471942.2619
-1350982.182
-1332061.693
-782223.0587
-375545.3585
-160927.3797
-11931.87768
31233.95427
153684.6873
350472.5633
514587.9386
821925.9794
1112700.153
1705285.206
1084047.072
363157.9616
20764.83085
-149203.8463
-101489.4887
-97436.70023
-54855.67363
915.1452543
45395.11737
205160.1881
373274.11
578435.2045
1332826.849
1758987.065
622755.6897
367708.9182
556143.7353
837680.1713
869889.312
297698.3321
68602.54977
-23116.83341
-18264.38949
-8633.931432
76110.81348
264555.5505
823885.816
1169856.318
62733.60371
69200.9449
161955.338
422403.0051
1525419.256
2827228.937
800682.5242
7545.82234
-80601.52838
-111115.2418
-127435.4758
-15571.22544
119532.3602
-440144.5962
-712773.1831
-105103.1079
-47732.23492
-40859.04269
542744.7447
2043181.887
2305281.904
846047.9569
-302878.6974
-291812.9971
-283898.9302
-311988.8006
-195354.8804
-284095.2891
-1314224.93
-833305.8893
-198509.0482
-158796.9544
-188322.8347
651287.3642
641950.6842
1009527.401
-116056.7092
-450864.6768
-427198.7605
-486872.2911
-547455.1262
-393820.5606
-399505.5078
-670412.2455
-554526.8471
-111364.7353
-29310.1675
48384.68441
-440366.0438
-357145.7042
-144208.102
-545382.9415
-567593.5958
-553314.8328
-476305.1854
-637922.9961
-577175.7306
-660075.9864
-756513.5263
-371710.2975
-3412.623229
6639.073448
184822.1969
-224111.2932
-555901.3464
-691304.6433
-703791.0619
-357934.2174
-401599.9142
-542389.6229
-565217.9303
-430798.217
-294224.0358
-222603.6536
48172.34232
196867.357
65288.08321
103725.4491
-792625.3695
-242238.9015
15955.94267
-7740.698477
-331486.451
-541951.4425
-651448.1697
-585719.7857
-518298.6838
-636573.8971
206582.9002
444508.981
132900.4752
1830.923489
3186.846673
22006.86666
49450.20487
121820.2158
714303.5843
286169.3833
-584382.4557
-459527.1897
49856.21602
2157693.672
364619.2095
-654149.0957
-2752849.019
-602894.9228
98446.67548
562085.4028
43648.8264
44868.86135
88219.14722
543966.8513
-123686.5279
-1150817.408
-1579920.557
-1074709.797
72492.08151
-56660.58498
-672228.8581
-1801284.995
-713225.6661
-18273.51537
187871.9995
29495.6332
-16991.98999
61350.5723
411540.5719
-447625.151
-2036690.309
-3873733.32
-1905205.542
-175254.4477
-96394.63791
-329002.6343
-1077253.851
-1195889.797
-695729.5179
-377622.3923
65897.65738
54445.49436
279763.6435
9694.592867
-1617373.58
-4422497.417
-4044621.124
-879839.1734
-206750.2606
-179734.8934
-137998.8579
-252554.7449
-900337.3457
-1040184.452
-2108478.932
335352.0213
471849.2575
-36844.02487
-1380793.329
-4012867.925
-4369388.551
-1267236.389
-219956.2915
-136538.5981
-15693.48116
191095.289
652146.6966
107648.7027
-282826.8865
-440499.5517
-70056.43282
-459870.5504
-1251770.227
-2906393.191
-2438906.041
-899570.8906
-134665.9032
-30940.50241
8869.211017
133864.0191
454589.0974
1024162.665
1180349.606
1131775.317
685837.5426
-215186.356
-750802.5536
-858708.4137
-514042.882
-246413.2287
-130347.6892
-18898.76443
17111.21928
69285.59331
271833.7955
484898.2088
876989.2018
1433208.91
2542029.075
2258182.933
571291.2862
-78299.78301
-115994.5171
85050.8411
-21709.84657
-50742.36133
-25452.3786
15894.03874
93444.38764
313828.4814
670592.8528
1392830.319
2223535.625
1154868.274
1444752.268
809190.2671
656943.6406
396342.7454
33336.81487
-85293.29456
-116575.9554
-155673.5099
-146651.7728
-6195.9664
199958.3764
828921.7405
1739886.887
488159.2811
190598.9858
409159.5264
1278799.726
1228789.064
485366.111
-193186.689
-342094.6075
-475640.6757
-585269.6032
-630762.0785
-375037.6026
-132583.2236
48945.07947
-245421.698
-3977.849808
3580.999954
95830.08814
104009.5452
-128020.0285
-552574.3485
-749632.7688
-1117878.952
-1299064.119
-1555992.274
-1840150.284
-1519675.087
-906652.2454
-761169.6399
-662030.0823
-292624.9801
-144656.3161
16745.54951
-1102249.306
-1628169.553
-2190159.505
-2200921.928
-2382104.814
-2755604.071
-3259131.368
-3886946.447
-3700599.836
-1934508.826
-1301553.671
-976748.4745
-457911.2676
-219587.949
238300.2035
-1451932.466
-2302369.893
-3136039.821
-3147417.709
-3201036.378
-3447575.973
-3445019.058
-3909613.849
-3968251.164
-2797097.048
-1868936.598
-381209.0234
-656844.0764
-266125.6184
1695.71184
-708128.9957
-1220223.257
-2318694.996
-2977858.511
-2943094.939
-3035192.504
-3159611.921
-3457807.938
-3380222.04
-2682175.901
-1737047.072
-317902.4735
-51245.79826
-470352.8639
-347103.7003
-195858.0686
-388713.5518
-1026729.973
-1935621.02
-2116437.264
-2456651.038
-2838694.7
-3165974.612
-3260194.772
-2616969.971
-1127664.843
-231396.2508
-116341.8608
-242849.081
-641905.2665
15428.71248
32234.75849
79330.99812
320352.5145
720078.6136
-188781.8162
172906.3701
1554636.519
918733.8298
-1071867.991
-2272517.447
-886379.2776
142032.8927
488883.6637
569724.3144
24841.32849
90057.30242
130170.4214
378705.1639
900413.2298
-77483.59994
-323009.9506
585651.7362
245355.7931
-1113606.168
-2467128.208
-1508638.297
-79245.46939
235570.4369
189427.7865
3167.214155
19786.77667
61258.40838
380589.2438
525667.155
-350100.0258
-560147.3794
62523.32166
-73482.58794
-709740.7693
-2012978.812
-2714810.736
-1605876.883
-345596.8556
-97659.0083
-53825.28114
-168968.775
-89037.38683
407519.606
-43478.99519
-829535.6498
-843979.1146
-149204.6265
-233033.3412
-458699.9408
-1120370.601
-2163533.716
-2224266.299
-1904704.41
-1072657.695
-186401.9754
-130632.5324
466320.2602
-45855.55324
-844442.6177
-1156110.291
-338459.7079
-40003.83104
-195554.3455
-191209.6914
-297120.9305
-683226.9106
-1391346.861
-1728078.742
-1855295.32
203185.3017
137471.6896
-434140.403
-1100482.847
-929332.6818
-302579.2512
-53178.1489
-7285.434244
-20437.64765
-1401.38953
37079.12567
60506.21716
-151702.025
-297967.6446
-529259.3359
-58748.25931
-475013.2542
-472523.0951
-259321.3013
-138477.0196
-52342.92176
-19657.57686
14957.48322
48040.14805
100523.8087
289289.3548
537888.155
1457100.123
1922772.214
561575.1962
19352.24966
-1065.590627
55548.21052
33365.46391
-77113.85407
-128464.2023
-135555.4137
-55230.66443
98823.70771
211102.4624
493504.975
1028845.677
2533658.655
2356468.557
1012992.561
843722.7235
685922.3768
69088.7999
-325080.9246
-512741.174
-667990.905
-695528.657
-536805.4753
-107342.431
261721.6965
587106.8056
1979764.127
1277533.48
1128751.489
741146.6127
1208035.048
951816.5026
-344937.2802
-1389058.307
-1823780.548
-1983814.172
-2085825.361
-1858742.126
-1105293.821
21965.27533
303649.1087
284637.4049
34771.8924
361175.4028
463905.2918
1585323.661
-95483.02468
-1475733.379
-2994844.334
-3093564.157
-2977908.585
-2686250.155
-2287969.976
-1662083.631
-340921.1717
-211765.8619
-482098.0345
-623138.2644
-95745.69453
378922.6209
398328.5297
-569978.4386
-1906223.712
-2619539.857
-2713258.613
-2484280.452
-1951261.36
-1408137.13
-960489.2215
-800785.8601
-138208.3831
26174.45032
-494152.4197
-397653.6785
194156.7958
529094.1741
-151820.788
-791460.8084
-1441199.224
-1520423.101
-1232835.286
-1018642.134
-790411.9076
-591931.6163
-251332.7193
-210830.9395
114096.0826
62353.33764
-424003.4441
-23409.94003
188317.3994
-96245.70845
-205826.0749
-395046.4247
-711656.4381
-795624.6003
-765559.8723
-517264.2223
-304792.7717
-97297.76247
66052.52755
356606.9215
290925.2081
156845.4702
-339044.371
-121921.5524
-183673.9744
-50740.32441
-122869.6034
-718921.3554
-772417.4523
-673540.3543
-374713.0058
-59958.82156
21795.78337
68186.07082
273352.023
480556.1019
185746.5156
-109330.2462
)
;

boundaryField
{
    wall
    {
        type            calculated;
        value           uniform 0;
    }
    inlet
    {
        type            calculated;
        value           uniform 0;
    }
    outlet
    {
        type            calculated;
        value           uniform 0;
    }
}


// ************************************************************************* //
