/*--------------------------------*- C++ -*----------------------------------*\
| =========                 |                                                 |
| \\      /  F ield         | OpenFOAM: The Open Source CFD Toolbox           |
|  \\    /   O peration     | Version:  2406                                  |
|   \\  /    A nd           | Website:  www.openfoam.com                      |
|    \\/     M anipulation  |                                                 |
\*---------------------------------------------------------------------------*/
FoamFile
{
    version     2.0;
    format      ascii;
    arch        "LSB;label=32;scalar=64";
    class       volScalarField;
    location    "0.7";
    object      T;
}
// * * * * * * * * * * * * * * * * * * * * * * * * * * * * * * * * * * * * * //

dimensions      [0 0 0 1 0 0 0];

internalField   nonuniform List<scalar> 
27660
(
299.9707656
299.9733159
299.9737313
299.9734898
299.9729039
299.97007
299.967687
299.9715067
299.9734337
299.973741
299.9734113
299.9724728
299.9690934
299.9670539
299.9719811
299.9736066
299.9736599
299.9734066
299.9722413
299.9690285
299.9678993
299.9719879
299.9735815
299.9735586
299.973397
299.9715456
299.9690057
299.9688506
299.9721289
299.9735722
299.9735241
299.9734367
299.9710578
299.9692373
299.9696613
299.9720441
299.9735218
299.9735005
299.9734578
299.970794
299.9695125
299.9701045
299.9721843
299.9735011
299.9735179
299.9734914
299.9707498
299.9697004
299.9701797
299.9721216
299.9735094
299.9735158
299.973482
299.9706842
299.9696657
299.9701209
299.97213
299.9735074
299.9735108
299.9734646
299.9707146
299.9696773
299.9701382
299.97206
299.9735469
299.9735139
299.9734477
299.9707987
299.9695129
299.9700435
299.9720885
299.9735684
299.9735269
299.9734355
299.9711148
299.9692514
299.969594
299.9720353
299.9735904
299.9735666
299.9734129
299.9715814
299.9689125
299.9687895
299.9719626
299.9735787
299.9736377
299.9734173
299.9721788
299.9688491
299.9679276
299.9716026
299.9734838
299.9737115
299.9734619
299.9725002
299.9692156
299.9674116
299.9708487
299.9732658
299.9737346
299.9735253
299.9727805
299.9701199
299.9677056
299.8817533
299.8850269
299.8867257
299.8855719
299.8866713
299.8911287
299.8960606
299.8829541
299.8861882
299.8863805
299.88473
299.8870938
299.8932806
299.8966895
299.884455
299.8869851
299.8851671
299.884191
299.8882614
299.8941865
299.8954524
299.8856061
299.8866247
299.8843157
299.8843063
299.8898648
299.8938762
299.8934271
299.8861968
299.8858649
299.8838057
299.8847143
299.890865
299.8928927
299.8918578
299.8866536
299.8853524
299.8836029
299.8851174
299.891403
299.8922091
299.8911264
299.8868428
299.884852
299.8835857
299.8853663
299.8914281
299.8917876
299.8909973
299.8868631
299.8848736
299.8835783
299.8853546
299.8914061
299.8917523
299.8910276
299.8867698
299.8848551
299.8835367
299.8852194
299.8913307
299.8917561
299.8909395
299.886667
299.885399
299.8836128
299.8850325
299.891346
299.8922106
299.8910552
299.8862453
299.8858399
299.883801
299.8846861
299.8908952
299.8929307
299.8918138
299.8855696
299.88656
299.8842726
299.884256
299.889837
299.8937926
299.8934008
299.8843936
299.8868849
299.885101
299.8841795
299.8881572
299.8940624
299.895467
299.8828489
299.8863071
299.8862372
299.884811
299.886996
299.8931982
299.8967452
299.8815858
299.8848321
299.8866777
299.8856486
299.8865208
299.891151
299.8961725
299.7955841
299.8130715
299.8191804
299.820781
299.8200393
299.8123479
299.8055545
299.796012
299.8112283
299.8213778
299.8218434
299.8184694
299.8091059
299.8056943
299.7955138
299.8126693
299.8234589
299.8221106
299.8156948
299.8081813
299.8081778
299.79584
299.8151786
299.8235872
299.821714
299.8131368
299.8091931
299.811251
299.7966544
299.8178065
299.823405
299.8203029
299.81197
299.8109474
299.8133912
299.7972388
299.81918
299.8233213
299.8192539
299.8118521
299.8122603
299.814159
299.7979463
299.8203785
299.8234195
299.819029
299.8122913
299.8131215
299.8140458
299.7978665
299.8204137
299.8233891
299.8187993
299.8122682
299.8130359
299.8138114
299.7978167
299.8203499
299.8233443
299.8188707
299.8121574
299.8130253
299.8139409
299.7971863
299.8191647
299.8233108
299.8191574
299.811736
299.8121601
299.813992
299.7965852
299.8177002
299.8233889
299.8202498
299.8119039
299.8108514
299.8132355
299.7957408
299.8149907
299.8234783
299.8215636
299.8129982
299.8089761
299.8111294
299.7953769
299.8123963
299.8232952
299.822021
299.8155599
299.8079954
299.8080634
299.7957687
299.8112096
299.8210434
299.8218066
299.8183386
299.8090395
299.8056384
299.7955858
299.8127734
299.8190362
299.8207458
299.8197533
299.8122664
299.8056547
299.6563788
299.6990001
299.6985832
299.691963
299.6934444
299.7032211
299.7095565
299.6684718
299.6991851
299.6957968
299.6908076
299.6966817
299.7067179
299.7079925
299.6741391
299.6950101
299.694351
299.6913714
299.7013997
299.7066935
299.7035925
299.6763734
299.6913608
299.6946349
299.6937026
299.704166
299.7036486
299.6990041
299.6773943
299.6895155
299.6949155
299.6959934
299.7045337
299.7002385
299.6966716
299.6780447
299.6888952
299.6950419
299.6969421
299.7037149
299.6978305
299.6963236
299.6784007
299.6888716
299.6953416
299.6970303
299.7024142
299.6966317
299.696651
299.6783999
299.6888036
299.6952287
299.6967684
299.7019177
299.6963014
299.696774
299.6782693
299.6888326
299.6952255
299.6968273
299.7022635
299.6965612
299.6965954
299.6779938
299.688883
299.6950012
299.6968225
299.7036205
299.6978019
299.6962274
299.6773009
299.6894466
299.6948782
299.6959197
299.7045374
299.7002757
299.6966129
299.6762305
299.6911596
299.6944334
299.6934474
299.7040423
299.7035512
299.6989962
299.673993
299.6948338
299.6941303
299.6911772
299.701214
299.7065677
299.7035535
299.6682094
299.6992117
299.6955406
299.6906899
299.6965085
299.7066657
299.7080122
299.6562905
299.6986519
299.6985563
299.6920483
299.6931347
299.7030763
299.7097678
299.4847095
299.5782656
299.6166941
299.614697
299.6104782
299.594082
299.5894854
299.503095
299.5904007
299.6165961
299.6129269
299.6027357
299.5912148
299.5940333
299.5186064
299.6016647
299.6152712
299.6107364
299.5965456
299.5935081
299.6001157
299.5292141
299.6041717
299.6147872
299.6052644
299.5952147
299.5985762
299.6045586
299.5365853
299.6043337
299.6147873
299.6020455
299.59694
299.6035582
299.6056601
299.5405855
299.6042781
299.614392
299.6010006
299.5993132
299.6061553
299.6046991
299.5436599
299.6045293
299.6143926
299.6023577
299.6019773
299.6078489
299.6039392
299.544021
299.6044688
299.6142468
299.6023266
299.6024473
299.6075901
299.6035959
299.5435412
299.6044903
299.6142736
299.6021859
299.6018331
299.6077699
299.6038651
299.5405552
299.6042788
299.6143493
299.6008907
299.599186
299.6060845
299.6045813
299.5364614
299.604275
299.6147559
299.6019274
299.5967826
299.6034854
299.6055881
299.5290618
299.6039632
299.6145986
299.6049986
299.594982
299.5983938
299.604505
299.5183876
299.601346
299.6150872
299.6106016
299.5963647
299.5932962
299.5999652
299.5027817
299.5903168
299.6163473
299.6128513
299.6026747
299.5911662
299.5940096
299.4846948
299.5778227
299.6166109
299.6148023
299.6102881
299.5940332
299.5897217
299.2722635
299.4044601
299.4444629
299.4514305
299.4613221
299.4697154
299.4632533
299.2979328
299.4071564
299.4483613
299.4558691
299.4676358
299.4663547
299.4552439
299.3118312
299.4112683
299.4498564
299.4609555
299.469263
299.4601195
299.4485886
299.3218621
299.4182097
299.45109
299.4637466
299.4643377
299.4512788
299.4465818
299.3304196
299.4234359
299.4542085
299.4639982
299.459437
299.4460171
299.4487059
299.3357831
299.4256312
299.4566409
299.4622381
299.4552459
299.4434885
299.4515752
299.3396838
299.4275137
299.4577493
299.4594676
299.4517658
299.4432604
299.4524332
299.3402966
299.4275497
299.4573307
299.4582281
299.4505164
299.4427835
299.4521174
299.3396062
299.4274756
299.457584
299.4592508
299.451619
299.4431944
299.4523959
299.3358227
299.4256737
299.456605
299.4621433
299.455188
299.4434927
299.4515064
299.3303778
299.4234002
299.4541871
299.4640044
299.4595185
299.4461254
299.4486592
299.3218318
299.4180284
299.4509398
299.4635807
299.4643238
299.4513362
299.4466231
299.3117213
299.4110612
299.4497153
299.4608207
299.4692326
299.4602028
299.4486683
299.297671
299.4072814
299.4481323
299.4558204
299.4675998
299.466519
299.4555363
299.2723506
299.4042581
299.4443902
299.4515506
299.4610122
299.469733
299.4637377
298.9956471
299.2494961
299.3347803
299.3421007
299.3224696
299.3183791
299.3288074
299.0620174
299.2745772
299.3407749
299.3322495
299.3190203
299.3252809
299.3375299
299.1015557
299.285318
299.3440477
299.3279293
299.3244766
299.335772
299.3400626
299.1211874
299.2933004
299.3406663
299.3283969
299.3329433
299.3432041
299.3353001
299.1340247
299.3007221
299.3346598
299.3314591
299.3392427
299.3449551
299.3288416
299.1408937
299.304342
299.3321502
299.3332562
299.3428612
299.3431162
299.3232569
299.1470374
299.3079699
299.3357067
299.3388732
299.3461992
299.3427896
299.3240611
299.1474486
299.307954
299.336402
299.3389153
299.3461773
299.3413102
299.3248349
299.1469567
299.3079313
299.3356691
299.3387233
299.3460665
299.3427407
299.3239817
299.14097
299.304418
299.3322239
299.3332014
299.3427957
299.3431239
299.3232167
299.1339214
299.3006895
299.3346856
299.3312941
299.3390908
299.3450457
299.3289689
299.1211777
299.2931865
299.3406193
299.328159
299.3327292
299.3431862
299.3354838
299.1013943
299.28516
299.3439268
299.3277644
299.3241776
299.33564
299.3402069
299.06175
299.2747039
299.3406174
299.3323417
299.3190287
299.3253425
299.3378297
298.9955578
299.2489566
299.3347641
299.3424377
299.3224349
299.3183372
299.3291071
298.5830455
298.9455749
299.1074885
299.1512435
299.1709564
299.1593928
299.1365173
298.6836889
298.9941006
299.1183512
299.162463
299.1622042
299.1444249
299.1321061
298.7641199
299.025895
299.1273204
299.157473
299.1483782
299.1331747
299.1372434
298.8127679
299.0411354
299.143694
299.1500507
299.1371447
299.129553
299.1479969
298.8444316
299.052154
299.1522303
299.1448955
299.1322383
299.134996
299.1587434
298.8597165
299.0575116
299.1499589
299.1398028
299.1297916
299.1389766
299.1642438
298.8703889
299.0630489
299.1415311
299.1357286
299.1296186
299.1427585
299.1588594
298.8714531
299.0630019
299.1390071
299.1336625
299.1291273
299.1420097
299.1549671
298.870311
299.0630128
299.1413337
299.135538
299.1294793
299.1426913
299.1589028
298.8598228
299.0576416
299.1498558
299.1397098
299.1297444
299.1390104
299.1642407
298.8443441
299.052166
299.1524876
299.1450479
299.1322873
299.1350001
299.158693
298.8128713
299.0411566
299.1437235
299.1501409
299.1372264
299.129655
299.1480951
298.763826
299.0257631
299.1271235
299.1577067
299.1486396
299.1333866
299.137329
298.6834661
298.9941928
299.1183476
299.1626758
299.162568
299.1448864
299.1325824
298.5828147
298.9453469
299.1075657
299.1513507
299.1710881
299.1597692
299.1372671
298.1467232
298.7151181
298.9560178
298.9865149
298.9863883
299.0027826
299.0140648
298.2737039
298.7824966
298.9762572
298.9854709
298.9988478
299.0157316
299.0072042
298.3649203
298.8319356
298.9778558
299.0010756
299.0131965
299.0163269
298.9947413
298.4317497
298.8595475
298.968959
299.0084273
299.0169861
299.0101501
298.9762366
298.4879717
298.8797138
298.9785732
299.0156848
299.0145284
299.0025828
298.9647519
298.5186278
298.888927
298.9927005
299.0167789
299.0116224
298.9917503
298.9636696
298.5446058
298.8985857
299.0088223
299.0175177
299.0106983
298.9915143
298.9821034
298.5453806
298.8982505
299.0089334
299.0153775
299.009196
298.989652
298.9879845
298.5443893
298.898516
299.0087497
299.0173443
299.0105595
298.9914261
298.9819657
298.5187702
298.889096
298.9930183
299.0167745
299.0115939
298.9917296
298.9637986
298.4874639
298.8796193
298.9778536
299.0154474
299.0145627
299.0029057
298.9650836
298.4317268
298.8596032
298.9688569
299.0082725
299.0170238
299.0103881
298.976643
298.3642897
298.83163
298.9781522
299.0008063
299.0129502
299.0165422
298.9952843
298.2734565
298.7825944
298.9763012
298.9855166
298.9988387
299.0160116
299.0078828
298.1461389
298.7146516
298.9559749
298.9870104
298.9861123
299.0026365
299.0146985
297.455897
298.2074369
298.6203223
298.7743029
298.7832557
298.7712053
298.766327
297.7328512
298.3399096
298.6792555
298.7791224
298.7700986
298.7665552
298.7808682
297.8990087
298.4232202
298.7304827
298.7658717
298.7627693
298.7756466
298.7985213
297.9703657
298.4697554
298.7439797
298.7601642
298.7645133
298.7828824
298.8148766
298.0181663
298.5057785
298.7316643
298.760081
298.7679815
298.7953078
298.8215099
298.0439249
298.5274447
298.7218982
298.7578389
298.7700598
298.8024947
298.8121459
298.0701156
298.5594633
298.7250598
298.764418
298.7769623
298.7977763
298.7844211
298.0708678
298.5592496
298.7257031
298.7623391
298.776499
298.7922529
298.7755511
298.070041
298.5594172
298.7250131
298.7642906
298.7767658
298.7978231
298.7844903
298.0441779
298.5279154
298.7219024
298.7578576
298.7701084
298.802735
298.8119388
298.0177929
298.5054116
298.7329674
298.760199
298.7679375
298.7951601
298.8214842
297.970609
298.4699144
298.7447075
298.7603106
298.7645274
298.7829627
298.8151267
297.8983196
298.4227265
298.7300531
298.7661739
298.762854
298.7756245
298.7984843
297.7327241
298.3400304
298.679185
298.7797107
298.7706352
298.7669704
298.7812824
297.4534413
298.206193
298.6199685
298.7743149
298.7839536
298.7716997
298.7668987
296.4348904
297.7877769
298.3873962
298.5304479
298.6114275
298.637345
298.6303197
296.8460598
297.979775
298.4334738
298.5751879
298.6268835
298.6317191
298.6049214
297.2309163
298.1162333
298.463535
298.6118849
298.6238822
298.619961
298.5854637
297.4651862
298.1958025
298.5096454
298.6127153
298.6232754
298.6043568
298.5777893
297.5934842
298.2496026
298.5563278
298.616815
298.6264354
298.5971248
298.5799038
297.6453517
298.2577173
298.5584369
298.6137418
298.6140791
298.5879691
298.5992547
297.6940905
298.2610853
298.5586757
298.618473
298.6011149
298.6191845
298.639748
297.692062
298.2594138
298.5567334
298.6151292
298.5975604
298.6221382
298.6443381
297.6937848
298.2608145
298.558502
298.6183181
298.6010541
298.6189149
298.639635
297.6459455
298.2575308
298.5584251
298.6137505
298.6139045
298.5878321
298.5999443
297.5920566
298.2495848
298.5556127
298.6167526
298.6263103
298.5975602
298.580243
297.4655449
298.1960478
298.508407
298.6128343
298.6233562
298.6047081
298.5781312
297.2273154
298.1149879
298.4631761
298.611831
298.6239589
298.6205217
298.5860643
296.8453083
297.9797125
298.4336936
298.5749234
298.6272114
298.6321574
298.6056629
296.430254
297.7854763
298.3865613
298.5306416
298.6109473
298.6377329
298.6311109
295.8064301
296.677097
297.8931686
298.2889903
298.3192605
298.354263
298.3655186
295.9085961
297.0344796
298.0720976
298.2725125
298.3236865
298.3530976
298.396979
296.1180489
297.3689131
298.1551066
298.2919846
298.327348
298.3872121
298.4145611
296.3814394
297.6000247
298.156557
298.301011
298.3286915
298.3936425
298.4201758
296.6381849
297.77395
298.1626464
298.3058919
298.3426599
298.4094526
298.4266113
296.7725774
297.8339072
298.190116
298.3028331
298.3625173
298.4138906
298.4057278
296.9355829
297.8831732
298.2073454
298.3071565
298.3846539
298.3793694
298.3726526
296.934195
297.8707739
298.2026452
298.3004442
298.3820031
298.3694076
298.3692321
296.9353125
297.8826443
298.2069833
298.3069502
298.3844068
298.3793535
298.3725632
296.7751466
297.8349571
298.1907011
298.3029708
298.3627354
298.4141248
298.4048722
296.632278
297.7705389
298.1618202
298.3059669
298.3419196
298.4089033
298.4262729
296.3807315
297.599662
298.1591859
298.3015456
298.3289387
298.3937962
298.4204645
296.1142386
297.3636686
298.1537135
298.2914594
298.3272488
298.3869272
298.4145356
295.9090999
297.0335813
298.0721175
298.2731201
298.3238654
298.3531805
298.3971911
295.8064349
296.6721465
297.8893555
298.2881856
298.3190715
298.3542818
298.3649745
296.9378155
296.5363814
297.0418753
297.7892649
298.1011079
298.1911973
298.1749278
296.219179
296.4873655
297.246583
298.0159619
298.1414775
298.191625
298.1559098
295.9880781
296.5414121
297.5190826
298.0639024
298.1557603
298.1636735
298.1519402
295.8703352
296.6430274
297.7921196
298.0984597
298.1651068
298.1561817
298.1577138
295.886082
296.7740253
297.875602
298.1200361
298.1411096
298.1574344
298.1622518
295.8933846
296.8701514
297.9072891
298.1203433
298.1278105
298.1551758
298.2118856
295.9044054
297.1358382
297.9515009
298.1322526
298.1279292
298.2244351
298.237634
295.8831599
297.1752838
297.9495447
298.1244117
298.1298814
298.2240421
298.2337183
295.9029942
297.1390459
297.9512864
298.131934
298.1277029
298.2241087
298.2375
295.8924269
296.8740903
297.9082642
298.1206634
298.1276862
298.1551629
298.2133885
295.8922184
296.7717706
297.875058
298.119817
298.1423907
298.1574892
298.1622503
295.8749592
296.6448809
297.7882329
298.0987174
298.1653648
298.1563786
298.1579576
295.9955648
296.5407513
297.5105244
298.0626504
298.1553195
298.1637377
298.1518937
296.2233269
296.4886694
297.2460522
298.0162263
298.1416862
298.1924514
298.1564958
296.9597262
296.5399529
297.039573
297.7827445
298.1000227
298.1909611
298.1766696
308.768692
300.2406008
297.5126963
297.3949135
297.5165448
297.7975231
297.9211857
303.3927293
298.1701903
297.2579667
297.3732808
297.6285734
297.9043854
297.9740076
300.9186339
297.3777699
297.1678281
297.4276671
297.7381041
297.9485962
297.9823414
298.9184681
296.9659215
297.095514
297.5049584
297.829239
297.9639078
298.0009367
298.0727567
296.8837663
297.1180147
297.6170816
297.8816277
297.9816593
298.0155786
297.4565028
296.8227299
297.1279915
297.6834587
297.886003
297.9852459
297.9734176
296.3572033
296.5382358
297.1891259
297.7742437
297.9004412
297.9319436
297.9476282
296.176076
296.444415
297.2186065
297.7718428
297.8805318
297.9216095
297.9401296
296.3418429
296.5301692
297.1908503
297.7736455
297.8998166
297.9316121
297.9473836
297.4114064
296.8145148
297.1291331
297.6864422
297.8867838
297.9854559
297.9731746
298.2480282
296.9106758
297.1287255
297.6119974
297.880495
297.9811804
298.0151904
298.9744466
296.9780963
297.1022952
297.5051613
297.8288794
297.9640942
298.0009374
301.0531932
297.4108518
297.17422
297.4277242
297.7354093
297.94789
297.9819997
303.4225332
298.1809953
297.2594888
297.3735958
297.6280202
297.9038418
297.9741721
308.9201387
300.3115323
297.5266693
297.397549
297.5162332
297.794782
297.918658
329.0743703
307.5043065
299.0120763
297.5421806
297.3355639
297.3881321
297.417795
322.7644335
302.6034212
297.7895
297.322772
297.2596448
297.3990413
297.5380932
322.1254277
300.299577
297.4093099
297.1988975
297.2593422
297.4700647
297.574572
321.2354105
299.3270557
297.2193899
297.1413059
297.2740766
297.5147462
297.6284897
319.3582862
298.7761797
297.1510318
297.1531124
297.3131566
297.5557585
297.7093544
314.5645098
297.9822048
297.0136268
297.1215756
297.34331
297.629906
297.8363989
305.4365627
297.0320302
296.803008
297.091428
297.5237723
297.7702836
297.8219244
303.3239463
296.7258789
296.7030933
297.0590042
297.537607
297.7605101
297.8136918
305.267128
297.0049663
296.7967161
297.0898703
297.5215885
297.7693946
297.8212184
314.227335
297.9345704
297.0038073
297.1197999
297.3454596
297.6335674
297.8368889
319.5459169
298.8233733
297.1613772
297.1512303
297.3095171
297.5543265
297.7078666
321.43966
299.3556288
297.2276171
297.1441656
297.2754378
297.515205
297.6284468
322.3287877
300.3812124
297.4235015
297.2042372
297.2607852
297.4687154
297.5738245
322.8453665
302.6291587
297.7966167
297.3258536
297.2612083
297.3993822
297.5378322
329.3076459
307.6598057
299.060443
297.5518622
297.3411202
297.389381
297.4172773
343.549297
336.6411548
320.549383
307.6197443
302.71328
299.7484613
298.5838143
342.4108993
331.8668307
312.6899925
303.6364831
300.2709993
298.679361
297.9362537
339.1578651
325.413869
308.4090493
301.6126105
299.1541219
298.1693416
297.7414571
333.3503029
320.1730769
305.5707544
300.4208435
298.5310573
297.897298
297.63175
323.5468114
313.6479519
302.8774509
299.2449702
298.0142603
297.6287773
297.5997583
314.4431775
306.912401
300.1394994
298.123428
297.4746852
297.4765241
297.5354761
311.7517202
302.6240458
298.1428886
297.2055342
297.1434405
297.2534142
297.4340031
311.6365548
301.0730567
297.2313435
297.0254663
297.0575703
297.1743134
297.3650825
311.7092822
302.4900525
298.099869
297.199886
297.1394867
297.2479374
297.4261983
314.2106667
306.6463736
300.0379879
298.0841477
297.4589333
297.4724023
297.5356456
322.7976118
313.4722516
302.849382
299.239401
298.0141482
297.629801
297.5991067
333.0742379
320.1449973
305.6044545
300.4469589
298.5458845
297.9047674
297.6347688
339.2317403
325.7255106
308.5925275
301.6971622
299.1970441
298.189649
297.7487865
342.5060263
331.9805624
312.771503
303.6750475
300.2932997
298.6943765
297.9353856
343.7509562
336.8990366
320.838978
307.7782283
302.8188129
299.7979831
298.6222477
343.9743558
332.7392688
317.7015982
308.0458658
303.9392537
300.0820059
299.2095554
344.0489824
335.7155285
314.2943875
304.7682129
301.2655877
298.9789511
298.0331636
339.2094298
329.9513372
309.5027672
302.1568303
299.5841624
298.2240363
297.7137648
332.5671028
320.0532328
305.5943862
300.4824629
298.6034605
297.7934775
297.516063
321.2500984
310.5394009
302.0088205
298.8760925
297.8477868
297.4280169
297.3451791
309.7456654
303.876161
299.4626978
298.0199257
297.3837944
297.1421501
297.215954
305.5403567
301.0775374
298.5484269
298.3409531
297.6587109
297.0674569
297.1506986
303.7498721
300.7941067
300.2598079
302.9968827
300.3407775
297.1649212
297.1392862
305.3790212
300.7769598
298.5065044
298.3633277
297.6511163
297.070982
297.151845
309.3060473
303.5551754
299.3619647
297.9891614
297.3739433
297.139561
297.2162152
320.0361561
309.7973616
301.8176981
298.8167481
297.8299892
297.4236953
297.344566
332.1138728
319.7460019
305.5691783
300.4771826
298.6137674
297.7970005
297.5177883
339.1566687
329.9320507
309.601656
302.2133223
299.6242767
298.2445419
297.7205064
344.0937708
335.8252387
314.3958233
304.812107
301.2960378
298.9963291
298.0347509
344.1258353
332.9604418
317.8777284
308.1723808
304.0452173
300.1337704
299.2426328
347.0540178
345.7204105
332.8731079
325.5282868
321.3684624
309.2456417
309.8908533
340.1780336
337.5349161
330.5332642
320.8499871
314.1897647
310.4091309
304.2284102
335.2071645
332.9661683
322.4367329
311.4038583
306.8495016
303.6729465
301.6338465
333.0599831
325.3248745
311.2773901
305.1296968
301.3046148
300.2581953
299.150109
327.8038119
313.2816541
303.8152774
300.5937347
298.6085714
298.4586807
298.146901
315.9851003
305.8040815
300.8045907
299.3186082
298.4301805
298.2843035
297.9746283
308.0676257
302.5494454
300.7571455
302.1137017
301.892365
300.4535642
299.3355584
305.3161674
302.1573756
308.7267932
306.5128928
302.6703949
300.9678587
299.6264514
307.7818967
302.205235
300.7275188
303.1965219
302.8400655
301.0475209
299.7819048
315.0289438
305.2996902
300.6445082
299.3401489
298.6821749
298.4924726
298.110245
327.3560973
312.2290232
303.4221208
300.4320396
298.5768855
298.4577264
298.1777464
332.9220271
324.5003242
310.9151533
304.8680436
301.0833886
300.1556095
299.0962569
335.1416837
332.7307891
322.2696525
311.219261
306.7024147
303.6479361
301.5472658
340.0679676
337.4211585
330.6233128
320.7699678
314.1643024
310.4676841
304.1693419
347.2135855
345.9166468
333.2838174
325.7010918
321.6129011
309.4183734
310.0978005
351.3707414
350.1984566
343.5548582
337.774412
337.7537128
330.0266684
321.021192
337.8578459
329.6692352
326.2302484
321.7020029
319.6101003
311.9240685
303.2194135
331.8522644
320.9739876
316.4496088
313.7939525
308.3410638
304.1012299
299.3221607
330.2503718
317.7104787
310.2843074
308.3561264
303.1127537
301.3719345
298.3779328
328.623826
315.7653605
307.6832474
305.627712
301.5229746
300.3871283
298.0534981
325.6568171
315.604469
306.7608266
304.5154885
301.7373272
299.9331715
297.9552965
317.0990882
312.1068692
308.7509575
308.2750163
303.4346103
299.2819773
298.6065427
313.7647801
310.223069
312.4879532
304.6532872
300.7482781
299.3688252
299.3330611
316.9749698
311.8516637
308.905055
308.4778177
303.3773839
299.5390446
298.8987606
325.4530232
315.3850706
306.7416335
304.688213
302.1551301
300.2601205
298.076198
328.6691303
315.610243
307.4849532
305.5912717
301.5801415
300.5834166
298.1270694
330.3075428
317.5027032
310.0274143
308.1842908
303.1210504
301.5107086
298.3951176
331.8403587
320.7559409
316.2193546
313.5245306
308.240301
304.2183679
299.3737894
337.7063682
329.5206565
326.307185
321.4271787
319.3955744
311.9835381
303.314048
351.5220162
350.2978784
343.8669843
337.7162628
337.7358726
330.1072749
321.1253607
299.970663
299.97329
299.9737645
299.9734489
299.9730306
299.9701571
299.9675418
299.9716044
299.9734366
299.9737498
299.973448
299.9724671
299.9691727
299.9674201
299.9719604
299.9736186
299.9736604
299.9733856
299.9721424
299.9688625
299.9679208
299.9719876
299.9735744
299.9735658
299.9734173
299.9716002
299.9689393
299.9687771
299.9721185
299.9735625
299.9735227
299.9734459
299.9711052
299.9692232
299.9695606
299.9720557
299.973525
299.9735037
299.9734577
299.9708061
299.9695231
299.9700476
299.9721699
299.9734957
299.9735088
299.9734741
299.9707329
299.9697199
299.9701772
299.9721134
299.9735019
299.9735057
299.9734681
299.9706664
299.9696749
299.9701232
299.9721325
299.9734993
299.9735056
299.9734636
299.9707133
299.9696835
299.9701227
299.9720638
299.9735347
299.9735098
299.9734502
299.9708047
299.9695316
299.9700287
299.972079
299.9735568
299.9735205
299.9734312
299.9711094
299.9692842
299.9695985
299.9720175
299.9735861
299.9735632
299.9734017
299.9715653
299.9689419
299.9687976
299.9719385
299.9735811
299.9736429
299.9733917
299.9721644
299.9688694
299.9679021
299.9715477
299.9734847
299.973735
299.9734214
299.9724955
299.9692333
299.9674152
299.9707171
299.9732725
299.973764
299.9734877
299.9728157
299.970098
299.967676
299.8818705
299.8849523
299.8868804
299.885496
299.8867859
299.8911371
299.8960348
299.8829776
299.8862354
299.8864241
299.8848518
299.88706
299.8931918
299.8967982
299.8844439
299.8870404
299.8852025
299.8841829
299.888304
299.8941531
299.895499
299.8856162
299.8865868
299.8843261
299.8843501
299.8899604
299.8938543
299.8933855
299.8862053
299.8858664
299.88383
299.8847418
299.8909038
299.8929015
299.8918103
299.8866224
299.885372
299.8836203
299.8851038
299.8913865
299.8922406
299.8911282
299.8868072
299.8848228
299.8835471
299.8853053
299.8913947
299.8918049
299.8909857
299.8868581
299.8848391
299.8835349
299.8853243
299.8914003
299.8917632
299.8910009
299.8867645
299.8848165
299.8835084
299.8852265
299.8913505
299.8917782
299.8909541
299.8866479
299.8853457
299.8835906
299.8850354
299.8913499
299.8922333
299.8910919
299.8862161
299.8857962
299.8837724
299.8846693
299.8908667
299.892942
299.8918397
299.8855573
299.8865426
299.8842472
299.884232
299.8898058
299.8937835
299.8934113
299.8844219
299.8868717
299.8850951
299.8841173
299.8881471
299.894023
299.8954196
299.8829219
299.8862706
299.8862949
299.8847055
299.8870046
299.8931157
299.8967004
299.8817049
299.8848101
299.8867747
299.8855459
299.8865768
299.8910573
299.8960881
299.7956298
299.8130908
299.8193216
299.8206595
299.8201558
299.8124334
299.8055481
299.7960926
299.8112836
299.8213908
299.821981
299.8185338
299.8091116
299.8057765
299.7955239
299.8127253
299.823491
299.8220985
299.8157553
299.8081471
299.8081825
299.7958648
299.8151498
299.8235952
299.8217294
299.8132391
299.8091547
299.8111633
299.7966185
299.8177789
299.8234409
299.8203221
299.8119922
299.8109268
299.813308
299.7971667
299.8191369
299.8233327
299.8192414
299.8118119
299.8122469
299.8141187
299.797895
299.8203275
299.8233721
299.8189776
299.8122409
299.8131023
299.8140105
299.7978433
299.8203604
299.8233328
299.8187739
299.812252
299.8130266
299.8137832
299.7977785
299.8202868
299.8233024
299.8188726
299.8121722
299.8130519
299.8139663
299.7971281
299.819081
299.8232763
299.8191471
299.8117366
299.8121841
299.8140408
299.7965232
299.8176349
299.8233492
299.820207
299.8118682
299.8108505
299.8132578
299.795693
299.8149606
299.8234474
299.8215317
299.8129771
299.8089491
299.8111147
299.7953539
299.8123901
299.8232787
299.8219538
299.8155683
299.8079464
299.8079804
299.7957423
299.8111628
299.8211009
299.8216888
299.8183473
299.8089734
299.8055354
299.7955835
299.812746
299.8191442
299.8205792
299.8197884
299.8122856
299.8055074
299.6564837
299.6990517
299.6987537
299.6918556
299.6935986
299.7033186
299.7095612
299.6686071
299.6992879
299.6958414
299.6909559
299.6967504
299.7067105
299.7080901
299.6741357
299.6951092
299.6944122
299.6913356
299.7014359
299.7066655
299.7036371
299.6763988
299.6913405
299.6946303
299.69368
299.7042814
299.7036747
299.6989735
299.6773418
299.6894923
299.6949547
299.6960166
299.7045833
299.7002673
299.6966258
299.6779841
299.6888634
299.6950359
299.6969298
299.7036936
299.6978422
299.6963021
299.6783589
299.6888183
299.6952769
299.6969738
299.7023807
299.6966303
299.6966417
299.6783648
299.6887362
299.6951482
299.6967267
299.7019169
299.696313
299.6967658
299.6782155
299.6887508
299.6951606
299.6968197
299.7022879
299.6965915
299.6966239
299.6779326
299.68879
299.6949456
299.6968018
299.7036208
299.6978261
299.6962806
299.6772398
299.6893596
299.694816
299.6958645
299.7044958
299.7002679
299.6966449
299.6761877
299.6911078
299.6943864
299.693402
299.7040084
299.7035196
299.6989958
299.6739946
299.6948089
299.6940893
299.6911013
299.7012048
299.7065129
299.7034934
299.6682029
299.6991628
299.6955851
299.6905569
299.6964947
299.7065992
299.7078976
299.6563391
299.6986386
299.6986504
299.6918579
299.6931684
299.7031141
299.7095739
299.4848494
299.5782995
299.6168801
299.6146111
299.6106494
299.5942016
299.5894446
299.5031901
299.5904625
299.6166496
299.6130837
299.60284
299.5911559
299.5940975
299.5185974
299.6017422
299.615349
299.6107145
299.5965597
299.5934381
299.6001152
299.5292462
299.6041567
299.6147885
299.6052475
299.5952899
299.5985465
299.6044855
299.5365393
299.6043253
299.6148336
299.6020518
299.5969232
299.6035176
299.6055962
299.5405451
299.6042592
299.6143871
299.6009693
299.5992348
299.6061042
299.6046746
299.5436349
299.604484
299.6143199
299.602275
299.6018971
299.6078228
299.6039525
299.5439805
299.6043997
299.6141527
299.6022478
299.6023949
299.6075775
299.6036242
299.5434919
299.6044127
299.6142001
299.6021376
299.6018019
299.607784
299.6039194
299.540503
299.6041901
299.6142902
299.600831
299.5991233
299.6060686
299.60464
299.53641
299.604193
299.6146885
299.6018375
299.5966892
299.6034317
299.6056056
299.5290155
299.6039066
299.6145465
299.6049432
299.5949188
299.5983044
299.6044673
299.5183952
299.6013148
299.6150425
299.6105153
299.596321
299.5931847
299.5998374
299.5027594
299.5902366
299.616392
299.6127258
299.6026267
299.5910555
299.5938019
299.4847626
299.577801
299.6167284
299.6146151
299.6102922
299.5940572
299.5894464
299.2723838
299.4045706
299.4446947
299.4513414
299.461499
299.4699002
299.4633523
299.298033
299.4072804
299.4483984
299.4560236
299.4677567
299.4663883
299.4554079
299.3118616
299.4113884
299.4499701
299.4609438
299.4693246
299.4601458
299.44865
299.3219359
299.4182278
299.4511056
299.4637542
299.4644876
299.4513434
299.4465215
299.3304161
299.4234609
299.4542749
299.464078
299.4595412
299.4460488
299.4486403
299.3357804
299.4256391
299.4566404
299.4622791
299.455286
299.4434886
299.4515383
299.339675
299.4274816
299.4576782
299.4594393
299.4517691
299.4432544
299.4524286
299.3402496
299.4274761
299.4572279
299.458197
299.450528
299.4427898
299.452112
299.3395596
299.4274042
299.4575147
299.4592476
299.4516481
299.4432199
299.4524295
299.3357755
299.4255878
299.4565351
299.4621183
299.4551806
299.4434979
299.4515442
299.3303357
299.4233205
299.4541113
299.4639428
299.4594761
299.4460943
299.4486664
299.3217772
299.4179591
299.4508785
299.463542
299.464305
299.4512813
299.446581
299.3117103
299.411024
299.4496685
299.4607474
299.4692169
299.4601187
299.4485324
299.2976071
299.4072025
299.4481905
299.4556789
299.4675426
299.4664156
299.4553196
299.2723979
299.4042579
299.444551
299.4513269
299.4609857
299.4697555
299.4635016
298.9957003
299.2495352
299.3350146
299.342068
299.3226684
299.3186081
299.3288703
299.0620119
299.2746589
299.3408045
299.3324387
299.3191805
299.3252927
299.3376289
299.1015535
299.2854548
299.3441889
299.3279495
299.32447
299.3357329
299.3401055
299.1212507
299.2933369
299.3407611
299.328383
299.3329946
299.3432093
299.3352525
299.1340144
299.3007537
299.3347698
299.3314953
299.3392733
299.3449763
299.3288181
299.1408676
299.3043503
299.3321948
299.3332539
299.3428474
299.3431164
299.3232848
299.1469991
299.307941
299.3356611
299.3388216
299.3461795
299.3428256
299.3241378
299.1473539
299.3078711
299.3363104
299.3388392
299.3461615
299.3413566
299.3249473
299.1468874
299.3078643
299.3356037
299.3386894
299.346068
299.3428105
299.3241029
299.1409036
299.3043313
299.3321669
299.3331363
299.3427373
299.3431332
299.323328
299.1338727
299.3006143
299.3346235
299.3312209
299.3390179
299.3450166
299.3290213
299.121106
299.2931128
299.3405851
299.3281195
299.332689
299.343115
299.3354512
299.101385
299.2851223
299.3438803
299.3276886
299.3241499
299.3355409
299.3400402
299.0616883
299.2746136
299.340666
299.3322168
299.3189408
299.3252272
299.3375459
298.9956366
299.2489682
299.3349183
299.342199
299.3223652
299.318364
299.3288024
298.5830244
298.9455981
299.1077071
299.1511607
299.1712235
299.1596762
299.1366304
298.6835548
298.9940789
299.1183795
299.162665
299.1624569
299.1445349
299.1321714
298.7640864
299.0260276
299.1274867
299.1576042
299.1485058
299.133198
299.1372199
298.8127756
299.0411854
299.1437341
299.1501334
299.1372804
299.1295677
299.147873
298.844428
299.0521931
299.1523889
299.1450329
299.1323492
299.1349767
299.1586312
298.8596776
299.0575184
299.150047
299.1398821
299.1298428
299.1389402
299.1641659
298.8703664
299.0630257
299.1415479
299.1357337
299.129634
299.1427467
299.1588782
298.8713536
299.0629026
299.1389717
299.1336378
299.1291287
299.1419968
299.1549823
298.8702728
299.0629543
299.1413366
299.1355521
299.1295075
299.1427103
299.1589593
298.8597783
299.0575606
299.1498567
299.1397136
299.1297319
299.1389811
299.1642359
298.8443424
299.0521084
299.1524689
299.1450336
299.1322677
299.1349493
299.158638
298.812815
299.0410824
299.1436722
299.1501466
299.1372391
299.1295823
299.1479765
298.7638703
299.0257325
299.1270839
299.1576621
299.1486385
299.1333075
299.1371364
298.6834218
298.9940842
299.1183746
299.1625335
299.1624953
299.144778
299.132279
298.5829049
298.9453533
299.1077044
299.1511238
299.1710164
299.1597476
299.1369618
298.1466502
298.7151263
298.9562107
298.9864724
298.9865298
299.0029937
299.0141233
298.2734657
298.7824137
298.9762517
298.9855388
298.9989488
299.0157537
299.0072682
298.3647947
298.8320159
298.978085
299.0010807
299.013192
299.0163469
298.9947965
298.4316073
298.8595429
298.9689662
299.0083914
299.0170813
299.0102007
298.9761961
298.4878894
298.8797312
298.978495
299.0157304
299.0146424
299.0026582
298.9647158
298.5184951
298.8889016
298.9926447
299.0168147
299.0116839
298.9917867
298.9636477
298.5445694
298.8985591
299.0087909
299.0175225
299.0107438
298.9915863
298.9821297
298.5452391
298.8981323
299.0088496
299.0153448
299.009228
298.9897291
298.9880682
298.544368
298.8984635
299.0086954
299.0173534
299.0106098
298.9915239
298.982051
298.5186832
298.889004
298.9928842
299.0167358
299.0115835
298.9917606
298.9638531
298.4874776
298.8795779
298.9777549
299.0153985
299.0145465
299.0028931
298.9651055
298.4316401
298.8595182
298.9687975
299.0082208
299.0170119
299.0103116
298.9765751
298.3643226
298.8316173
298.9781057
299.0006974
299.0128882
299.01644
298.9950695
298.2733851
298.7824879
298.9763184
298.9853056
298.9986741
299.0158373
299.0075099
298.1462269
298.714691
298.9561233
298.9867537
298.9859691
299.0025428
299.0142956
297.4557658
298.2073933
298.6204566
298.7742278
298.7834667
298.7714321
298.7663826
297.732465
298.3397223
298.6790467
298.7793502
298.7703005
298.7666163
298.7808794
297.8989932
298.4232305
298.7305687
298.7659909
298.7628219
298.775629
298.7984835
297.9702667
298.4696659
298.7441716
298.7601819
298.7645349
298.7828729
298.8147894
298.0181409
298.5057364
298.7320225
298.7601883
298.7680678
298.7953109
298.8214595
298.0438079
298.5273162
298.7219624
298.7578361
298.7700939
298.8024865
298.8120992
298.0701
298.5594227
298.7250176
298.7644012
298.776982
298.7978258
298.7845098
298.070709
298.559057
298.7255693
298.7622559
298.7764851
298.7922796
298.7756288
298.0700319
298.5593721
298.7249507
298.7642704
298.7767861
298.7978668
298.7845971
298.0440977
298.5277676
298.7218983
298.7577866
298.7700637
298.8026696
298.8119493
298.0178393
298.5054012
298.7330595
298.760182
298.7679087
298.7950884
298.8214301
297.9705387
298.4698199
298.7447307
298.7602677
298.7644694
298.7828498
298.8149644
297.8984179
298.4227602
298.7300263
298.7660961
298.7627701
298.7754832
298.798235
297.7326892
298.339946
298.6791674
298.7795729
298.7704847
298.7667613
298.7809331
297.4537399
298.2063302
298.6201515
298.7741051
298.783782
298.771557
298.766485
296.4345199
297.7877546
298.387521
298.5303486
298.6114962
298.6375412
298.6303877
296.8451283
297.9793993
298.4333845
298.5749198
298.6269814
298.6317778
298.6050296
297.2306319
298.1161657
298.463596
298.6119308
298.6239372
298.6200337
298.5855225
297.4647572
298.1956127
298.5091369
298.612687
298.6232908
298.6043932
298.5776995
297.5934022
298.2496466
298.5562954
298.6168885
298.6265045
298.5972086
298.5798401
297.6451605
298.2576561
298.5584615
298.6137384
298.6141214
298.587952
298.5992573
297.6941024
298.2610619
298.5586703
298.6184645
298.6011828
298.6192168
298.639804
297.6918794
298.2592596
298.5566331
298.6150427
298.5975859
298.6221508
298.6444159
297.6938388
298.260809
298.5584916
298.6183083
298.6011049
298.6189667
298.6397307
297.6458216
298.257492
298.5584111
298.6136886
298.6138811
298.5877831
298.5999532
297.592191
298.2496277
298.5555816
298.6167372
298.626284
298.5975202
298.5801861
297.4654171
298.1959314
298.5081745
298.6127729
298.6232983
298.6045944
298.5779644
297.2276573
298.1150925
298.4631609
298.6117302
298.6238716
298.6203711
298.5858288
296.845353
297.9796378
298.4337098
298.5746125
298.627018
298.6319401
298.6053075
296.4306625
297.7857164
298.386781
298.5304572
298.6107498
298.6375764
298.6307117
295.8065264
296.6771239
297.893284
298.2889357
298.3192623
298.3543717
298.3656114
295.908207
297.0333728
298.0717751
298.2726037
298.3237032
298.353055
298.3969575
296.1177604
297.3684072
298.1550749
298.2919647
298.3274018
298.3871768
298.4145853
296.3803252
297.5992015
298.1571766
298.3010332
298.3286952
298.3936269
298.4201611
296.6375866
297.7735809
298.1625472
298.3059796
298.3426432
298.4094353
298.4265985
296.7720427
297.8336776
298.1899756
298.3027963
298.362511
298.4138811
298.4056366
296.9356183
297.8831849
298.2073575
298.3071728
298.3846951
298.3794208
298.3727162
296.9337761
297.8707346
298.2025815
298.3003652
298.3819993
298.3693969
298.369297
296.9354426
297.8827183
298.2070226
298.306972
298.3844428
298.3793814
298.3726343
296.7747364
297.8347805
298.1905741
298.3029012
298.362663
298.4140479
298.4048244
296.6325118
297.7706304
298.1618509
298.3059927
298.3419025
298.4088424
298.4262358
296.380484
297.5993409
298.1593946
298.3015099
298.3288914
298.3936982
298.4203429
296.1146174
297.3639621
298.1537794
298.291384
298.3271803
298.3868031
298.4143651
295.9093053
297.0334286
298.0721162
298.2730448
298.3236763
298.3529846
298.3969084
295.8065467
296.6725863
297.8898132
298.2881504
298.3189521
298.3541545
298.3647778
296.9395791
296.5368387
297.0421209
297.7891704
298.101151
298.1913149
298.1749844
296.2214259
296.4877381
297.245815
298.0158664
298.1414616
298.19187
298.1559961
295.9892777
296.5415074
297.5182119
298.0638433
298.155789
298.1637043
298.1519892
295.8712872
296.6427738
297.7903864
298.0983041
298.1650797
298.15619
298.1577348
295.8869075
296.7738283
297.8756478
298.1201114
298.1413971
298.1575089
298.1623042
295.8934348
296.8697065
297.9071383
298.1202909
298.127838
298.1551775
298.2120186
295.9045457
297.1361112
297.9515212
298.1322802
298.1279869
298.224509
298.2377204
295.8831474
297.1744544
297.9493986
298.1243204
298.129889
298.2240379
298.2338057
295.9033497
297.1391084
297.9513303
298.1319749
298.1277506
298.224188
298.2375947
295.8926727
296.8736625
297.9081273
298.1205831
298.1276782
298.1551166
298.2134126
295.892648
296.7720055
297.8751887
298.1198735
298.142483
298.1574885
298.1622665
295.8754787
296.644811
297.7876337
298.0986242
298.1653257
298.1563336
298.1579075
295.9958401
296.5410774
297.5107031
298.0626414
298.1552824
298.1636597
298.1517865
296.2241931
296.4890088
297.2459928
298.0161704
298.1415527
298.192321
298.1563041
296.9588746
296.5400463
297.0398806
297.7831153
298.100016
298.1908838
298.176383
308.7816239
300.2447907
297.5135121
297.3952631
297.5169304
297.7977379
297.9214624
303.4181787
298.1779065
297.2584994
297.3731656
297.6280235
297.9040283
297.9739631
300.9320959
297.3813167
297.1686202
297.4278115
297.737923
297.9485731
297.9823714
298.9352916
296.9690398
297.0970114
297.5043858
297.8287973
297.9638009
298.0008989
298.0831988
296.885736
297.1189482
297.6166772
297.8816623
297.9817071
298.0156115
297.4568059
296.8226918
297.1280461
297.6833699
297.8859999
297.9852402
297.9734358
296.356182
296.5378361
297.1893899
297.7743448
297.9004351
297.9319925
297.9477223
296.1772389
296.4448683
297.2182734
297.7715819
297.8804894
297.9215705
297.9401758
296.342206
296.5305298
297.1910065
297.7737697
297.8998626
297.9316654
297.9474807
297.414236
296.8150915
297.1291915
297.6862107
297.8867243
297.9854045
297.9731961
298.2454634
296.9106518
297.1288644
297.6120861
297.8806117
297.9812275
298.0152254
298.9791016
296.9790401
297.1027586
297.5049238
297.8287333
297.9640335
298.000905
301.0511675
297.4106855
297.1743757
297.4278649
297.735474
297.9478843
297.9819651
303.4304345
298.1835451
297.2598109
297.3737182
297.627936
297.9037564
297.9740662
308.9149663
300.3090983
297.5262939
297.3976439
297.5164539
297.7949899
297.9188587
329.098715
307.5111653
299.0131832
297.5424555
297.335746
297.3882712
297.4178856
322.8057035
302.6215004
297.7926686
297.323676
297.2596716
297.3989132
297.537894
322.1525687
300.308988
297.4110011
297.1996557
297.2596474
297.4700184
297.5745773
321.2798427
299.3375572
297.2215892
297.1416053
297.2740533
297.5145794
297.6283857
319.3892088
298.7831153
297.1522716
297.153119
297.3129043
297.5557241
297.7091807
314.5496092
297.9807158
297.0133296
297.1213521
297.343227
297.6300106
297.8364388
305.4175663
297.0301923
296.8027163
297.0914191
297.5238525
297.7703166
297.821982
303.3347679
296.726705
296.7030364
297.0587402
297.5374485
297.760449
297.8137381
305.2634706
297.0054881
296.7969882
297.0899726
297.5218047
297.7694725
297.8213172
314.2352738
297.9364689
297.0043074
297.1198086
297.3452951
297.6334194
297.8368856
319.5407449
298.8241547
297.1616517
297.1514305
297.3096522
297.5544319
297.7078562
321.4443474
299.3596057
297.2283722
297.1442346
297.2754316
297.5151663
297.6284394
322.3269172
300.3803992
297.4235977
297.2043878
297.260903
297.4688157
297.573905
322.8575048
302.6336758
297.7974091
297.3261079
297.2612162
297.3993841
297.5378557
329.2964017
307.652718
299.0583314
297.5515378
297.3408838
297.3893315
297.4173501
343.5289272
336.6240473
320.5420141
307.6136983
302.7080184
299.7458465
298.5803458
342.4079023
331.8919502
312.7117855
303.6477121
300.2761386
298.6812753
297.9380425
339.1452298
325.4329098
308.4242267
301.6201537
299.158263
298.1710878
297.7427001
333.3173959
320.187528
305.5845405
300.4278791
298.5344745
297.8989177
297.6323779
323.4750064
313.6391205
302.8791713
299.2463864
298.0150252
297.6293446
297.5998269
314.4180208
306.8957022
300.1337072
298.1212628
297.473687
297.4763184
297.5353693
311.7463492
302.6134801
298.1382768
297.2047611
297.1431153
297.2531212
297.4336187
311.6378597
301.0692147
297.2310309
297.0255811
297.0576176
297.1742293
297.3650806
311.708497
302.4904209
298.0984689
297.1996143
297.1395118
297.2480913
297.42644
314.208319
306.6507617
300.0399764
298.0848988
297.4592179
297.4724819
297.5355836
322.7945048
313.4736109
302.8508169
299.2401413
298.0144826
297.6300378
297.5991815
333.0568679
320.1478648
305.6072627
300.4483168
298.5464978
297.905058
297.634902
339.2010119
325.7048952
308.5853303
301.6945294
299.1958848
298.1890302
297.7488165
342.4644903
331.9563006
312.7640274
303.6725236
300.2916711
298.6932765
297.9354918
343.6883343
336.8433509
320.8044797
307.7611236
302.8080116
299.7930877
298.6184376
343.9456889
332.7125672
317.698398
308.0429472
303.9361011
300.0799417
299.2078402
344.0380124
335.6947024
314.3051098
304.7787649
301.2716058
298.9815153
298.0352272
339.1912286
329.9321659
309.5103798
302.163065
299.5885932
298.2260887
297.7150639
332.5229808
320.0273984
305.6005516
300.4872496
298.6068019
297.7949967
297.5167473
321.1478876
310.4889998
301.9995245
298.8743814
297.8477909
297.4283174
297.3454897
309.7072875
303.8571953
299.4570374
298.0183952
297.3830483
297.1420122
297.2159211
305.5271906
301.0641777
298.5470169
298.3428185
297.6570833
297.0676179
297.1507369
303.746397
300.8014905
300.2744158
303.0123438
300.3362938
297.1650165
297.1393382
305.3798216
300.7853288
298.5098808
298.3670324
297.6501205
297.070831
297.1517746
309.3068366
303.5625308
299.3650097
297.9907495
297.3740565
297.1396201
297.2161753
320.04217
309.8096783
301.8231049
298.8193471
297.8311343
297.4241429
297.3448055
332.1017721
319.7388317
305.5711287
300.4792332
298.6146253
297.7974703
297.5180396
339.1316581
329.8997431
309.5947834
302.2117029
299.6233779
298.2440727
297.7206006
344.0527954
335.7757495
314.3805418
304.8081628
301.2936691
298.9951584
298.0346486
344.0645336
332.9032935
317.8533237
308.1566272
304.0334878
300.1285119
299.2386061
347.0313366
345.6954553
332.8407127
325.5224116
321.3585614
309.2412961
309.8634356
340.1986598
337.5406487
330.5340189
320.8557898
314.2097992
310.4101525
304.2485857
335.2138849
332.949416
322.4201161
311.3926495
306.8422348
303.6773939
301.6283982
333.0560083
325.2738786
311.2516259
305.113943
301.2938961
300.2532639
299.1480525
327.7778183
313.2038245
303.7916069
300.5848127
298.6078409
298.4595286
298.1492201
315.9029543
305.7744422
300.7965568
299.3197451
298.4432935
298.2952039
297.9817536
308.0424996
302.5361095
300.7649134
302.1661362
301.9385376
300.4815322
299.3561515
305.3090766
302.1648736
308.7745999
306.5254635
302.671758
300.9689013
299.6267584
307.7782313
302.2174301
300.7432259
303.1663445
302.8091821
301.0247985
299.7649872
315.0286407
305.3134766
300.651124
299.3404282
298.6774082
298.4878617
298.106106
327.3649721
312.2514523
303.4327
300.4369997
298.5786738
298.4586169
298.1774481
332.9207723
324.5110274
310.9204117
304.8734112
301.090195
300.1581649
299.0981297
335.1412504
332.7248503
322.2598727
311.2185945
306.7045023
303.6473977
301.5495222
340.0687051
337.4102146
330.5922586
320.7611958
314.1580833
310.4614038
304.1681308
347.1521126
345.8476226
333.1989929
325.6532474
321.5634803
309.3923564
310.0782455
351.3523231
350.1875901
343.547597
337.7676316
337.7530075
330.037829
321.0228997
337.8748378
329.6715704
326.2241722
321.6925801
319.609248
311.9333472
303.2248831
331.8711992
320.9736058
316.4322568
313.7783041
308.3381304
304.1075856
299.3241386
330.2686741
317.719261
310.2707275
308.3481239
303.1137554
301.379747
298.3783799
328.6360281
315.7865964
307.6779814
305.6270196
301.5259942
300.3979811
298.0580651
325.6301549
315.6333958
306.7704087
304.525567
301.7592591
299.9499432
297.9616933
317.0632246
312.1135535
308.783006
308.3002837
303.4354665
299.2937078
298.6189995
313.7369955
310.2334901
312.4873374
304.6564777
300.7506171
299.3703175
299.3330441
316.9470557
311.872628
308.927911
308.4860712
303.3878994
299.5302444
298.8872297
325.4378431
315.4267827
306.7558033
304.686457
302.143576
300.2499507
298.0721978
328.6711137
315.6408025
307.4981616
305.5944339
301.5774185
300.577454
298.1248524
330.3102921
317.5225765
310.0351004
308.1885576
303.1192895
301.5055743
298.3939634
331.8450036
320.763319
316.2162507
313.5251133
308.2401553
304.2119186
299.3709882
337.7050068
329.5126766
326.2834141
321.420607
319.391126
311.9753113
303.3070951
351.4557403
350.2518808
343.8135433
337.6821898
337.6988923
330.081275
321.099696
299.9707165
299.9732533
299.9737482
299.9734842
299.9728573
299.9701651
299.9678098
299.9715753
299.9734821
299.9737437
299.9734266
299.9724938
299.9691795
299.9675921
299.9719312
299.9735852
299.9736614
299.9734166
299.9721975
299.9687691
299.9679529
299.9720209
299.9736034
299.9735785
299.9734128
299.971614
299.9688612
299.9687871
299.9720708
299.9735653
299.9735209
299.973417
299.9710982
299.9692206
299.9696147
299.9720805
299.9735387
299.9735152
299.9734566
299.9708083
299.9695218
299.9700773
299.9721608
299.9735121
299.9735184
299.9734846
299.9707356
299.9696998
299.9701729
299.9721053
299.973518
299.9735213
299.973481
299.9706697
299.9696525
299.9701249
299.972131
299.9735157
299.9735181
299.9734712
299.9707116
299.9696594
299.9701385
299.9720606
299.9735516
299.9735192
299.9734594
299.9708061
299.9694984
299.970034
299.9720865
299.9735713
299.9735331
299.9734475
299.9711197
299.9692468
299.9695861
299.9720356
299.9735985
299.9735733
299.9734304
299.9715738
299.9689079
299.9687767
299.9719901
299.9735937
299.9736348
299.9734326
299.9721563
299.968854
299.9679348
299.9716725
299.9734835
299.9737209
299.9734717
299.9724678
299.9692115
299.9674145
299.9708509
299.9732518
299.9737421
299.9735296
299.972783
299.970141
299.9677625
299.8817099
299.8847889
299.8867766
299.885561
299.886629
299.8911198
299.8961667
299.8829256
299.8862825
299.8863828
299.8847889
299.8871004
299.8931748
299.8967442
299.8844541
299.8869373
299.885214
299.8842184
299.8882807
299.8941274
299.8954697
299.8855537
299.8866606
299.8843399
299.8842779
299.8898949
299.8938541
299.8934595
299.8862129
299.8859052
299.8838226
299.8846646
299.8909033
299.8929746
299.8919293
299.8866998
299.885438
299.883679
299.8851508
299.8914473
299.892286
299.891181
299.8868302
299.8849034
299.8836136
299.8853826
299.8914639
299.8918397
299.8910344
299.8869069
299.884945
299.8836265
299.8853944
299.891465
299.8918098
299.8910683
299.8868274
299.8849321
299.8835982
299.8852892
299.8914169
299.8918264
299.8909967
299.8867047
299.8854698
299.8836827
299.8851113
299.8914343
299.8922878
299.8911202
299.8862669
299.8859086
299.8838801
299.8847565
299.8909499
299.8930016
299.8918821
299.885584
299.8866512
299.8843523
299.884347
299.8898657
299.8938586
299.8934779
299.8843991
299.8869777
299.8851217
299.8842668
299.8882024
299.8941697
299.8955543
299.8828449
299.886335
299.8862759
299.884881
299.8870465
299.8932313
299.8966899
299.8815352
299.8847993
299.8867019
299.8856609
299.8865145
299.8912532
299.8963511
299.7956273
299.8127854
299.8191929
299.8206298
299.8198397
299.8123273
299.8055877
299.795851
299.8112657
299.821242
299.8217863
299.8184065
299.8090353
299.8055961
299.7954723
299.812542
299.8234774
299.8221132
299.8156829
299.8081021
299.8080612
299.7958032
299.8151348
299.8236059
299.8216644
299.8130963
299.8090688
299.8111716
299.7966292
299.817815
299.8234532
299.8202848
299.8119402
299.8109186
299.813376
299.7973025
299.8192281
299.8234191
299.8193297
299.8118576
299.8122515
299.8141578
299.7979689
299.8204349
299.8234598
299.8190785
299.8123061
299.8131239
299.8140592
299.7979542
299.8205192
299.8234587
299.818876
299.8123181
299.8130644
299.8138524
299.7979309
299.8204704
299.8234433
299.8189862
299.8122451
299.8130982
299.8140269
299.7972742
299.8192624
299.8234233
299.8192958
299.8118369
299.8122438
299.8140991
299.7966773
299.8178225
299.8235073
299.8203638
299.8119803
299.8109309
299.8133399
299.7958425
299.8151217
299.8236019
299.8217077
299.8130634
299.8090504
299.81123
299.7955078
299.8125817
299.8233548
299.8221558
299.8156643
299.8081361
299.8081697
299.7958425
299.8112804
299.821097
299.8219249
299.8184228
299.8090517
299.8055429
299.7956091
299.8128104
299.8191478
299.820768
299.8196806
299.8123529
299.8058498
299.6563608
299.6986866
299.6987144
299.691928
299.6932563
299.703178
299.7096967
299.6682839
299.6993091
299.6957795
299.6907142
299.6966045
299.7066853
299.7080255
299.6741384
299.6950423
299.6943948
299.69136
299.7013924
299.7067133
299.7036352
299.6763362
299.6914006
299.6946562
299.6936208
299.7041729
299.7036728
299.6990782
299.6773859
299.68962
299.6950131
299.6960149
299.704629
299.7003799
299.6967814
299.6781745
299.6890269
299.6951762
299.6970718
299.7038591
299.6979686
299.6964121
299.6784823
299.6889879
299.6954105
299.6971185
299.7025428
299.6967425
299.6967322
299.6785376
299.6889751
299.6953372
299.6968818
299.7020739
299.6964364
299.6968613
299.678442
299.6890227
299.6953893
299.6970175
299.7024782
299.6967409
299.6967273
299.6781371
299.6890641
299.6951845
299.6970309
299.7038433
299.6980015
299.6963903
299.67743
299.6896349
299.695065
299.6960726
299.7046738
299.7004346
299.6967912
299.6763621
299.6913731
299.6946434
299.6936321
299.7041442
299.703705
299.6991779
299.6741598
299.6950507
299.6942504
299.6913919
299.701373
299.7067841
299.7037333
299.6682541
299.6993252
299.695638
299.6908695
299.6966106
299.7067014
299.7079589
299.6562831
299.6987388
299.6986847
299.6920737
299.6930735
299.7032478
299.7100226
299.4848077
299.5778645
299.6168033
299.6146854
299.6103717
299.5940901
299.5895641
299.5028826
299.5903683
299.6165835
299.612886
299.6027958
299.591141
299.5939378
299.5185764
299.6016005
299.6153547
299.6108025
299.5965617
299.5933758
299.5999899
299.5291287
299.6041905
299.6148284
299.6052126
299.5951196
299.5984019
299.6045204
299.5365277
299.6044452
299.6148995
299.6020239
299.5968391
299.603495
299.6057125
299.5406892
299.604425
299.614551
299.6010851
299.5992912
299.6061412
299.6047542
299.5437182
299.6046603
299.614488
299.6024136
299.6019883
299.6078833
299.6040051
299.5441106
299.6046386
299.6143681
299.6023971
299.6024923
299.6076528
299.6036941
299.5436807
299.604682
299.6144468
299.6023101
299.6019349
299.6078974
299.604012
299.5406536
299.6044555
299.6145492
299.601047
299.599283
299.6062066
299.6047673
299.536579
299.6044713
299.6149524
299.6020757
299.5968687
299.6036008
299.6057835
299.5291501
299.6041697
299.6148207
299.6052242
299.5950751
299.5985046
299.6046822
299.518573
299.6016018
299.6152157
299.6108288
299.5965499
299.5935025
299.6001379
299.5027846
299.5903688
299.6164345
299.6130273
299.602801
299.5911701
299.5939187
299.4847111
299.5779455
299.6167728
299.6148363
299.6101944
299.5941652
299.589939
299.2724679
299.4043068
299.4446221
299.4514002
299.461112
299.4698235
299.4636304
299.2977579
299.4073683
299.4483519
299.4557934
299.4676895
299.4665217
299.4554823
299.3118975
299.411307
299.4499738
299.4609787
299.4694404
299.4603095
299.4487006
299.3218507
299.4181941
299.4511412
299.4637558
299.4645213
299.4513899
299.4466175
299.3304138
299.4235245
299.4543202
299.4641386
299.4596659
299.4461583
299.4487321
299.3359107
299.4257733
299.4567731
299.4624535
299.4554667
299.4435932
299.4515925
299.339752
299.4276367
299.4578228
299.459611
299.4519256
299.4433343
299.4524874
299.3403508
299.4276817
299.4574258
299.4583881
299.4506922
299.4428815
299.452166
299.3397208
299.4276438
299.4577804
299.4595199
299.4518879
299.4433672
299.4525207
299.3358889
299.4258029
299.4567725
299.4624241
299.45547
299.4436744
299.4516342
299.3304817
299.4235776
299.4543703
299.4641778
299.4596732
299.4462685
299.4488227
299.3218985
299.4181921
299.4511268
299.4637682
299.4644645
299.4514988
299.446778
299.3119255
299.4113156
299.4498362
299.4610523
299.4694359
299.4604278
299.4488572
299.2976679
299.407359
299.4481756
299.4559758
299.46769
299.466534
299.4554722
299.2724042
299.4043504
299.4445801
299.4516042
299.4609606
299.4698828
299.463941
298.9957718
299.2491221
299.3349951
299.3422159
299.3224241
299.3184203
299.3289337
299.0617952
299.2747541
299.3407921
299.3323079
299.3190326
299.3252672
299.3376592
299.1016226
299.2854075
299.3441615
299.3278805
299.3243246
299.3356653
299.3401732
299.121181
299.2933025
299.3408449
299.32827
299.3327898
299.3431116
299.3354751
299.1339645
299.3007877
299.3348107
299.3313546
299.3391376
299.3450374
299.3290746
299.1409835
299.3044601
299.3323013
299.333264
299.3428479
299.343199
299.3234029
299.1470688
299.308065
299.3357729
299.3388706
299.3462359
299.3429017
299.3241279
299.1474334
299.3080318
299.3364292
299.3388918
299.3462343
299.3414275
299.3249499
299.1470506
299.3080709
299.3357182
299.3387796
299.3462017
299.3429218
299.3241311
299.1409892
299.3044983
299.3322977
299.3332291
299.3428499
299.3432711
299.3234184
299.1340399
299.3008558
299.334861
299.3313803
299.339138
299.3451466
299.3291643
299.1212047
299.2933103
299.3408516
299.328277
299.3327234
299.343223
299.3356591
299.1016273
299.2854165
299.344043
299.3279495
299.3243353
299.3358049
299.3403819
299.0616615
299.2747314
299.3406324
299.332474
299.3190972
299.3253057
299.3377267
298.9956976
299.2491954
299.3349658
299.3424249
299.3223177
299.3184641
299.3293083
298.5831186
298.9454915
299.1077873
299.1512525
299.1711051
299.1597589
299.1370163
298.6833975
298.994146
299.1184342
299.1625618
299.1625827
299.1448062
299.1323517
298.7641239
299.0260119
299.1273313
299.1577855
299.1487459
299.1333528
299.1372183
298.81276
299.0411792
299.1437221
299.150262
299.1373391
299.1295134
299.1478601
298.8443983
299.0522206
299.1525441
299.1451282
299.1323593
299.1348975
299.1586057
298.8597761
299.0576092
299.1501866
299.1399687
299.1298663
299.1389289
299.1642276
298.8704077
299.063111
299.1416664
299.1358037
299.1296471
299.1427612
299.1590113
298.8713586
299.0629935
299.1391197
299.1337212
299.129145
299.1419913
299.1550179
298.8703844
299.0631133
299.1416314
299.1357311
299.1296147
299.1427779
299.1590344
298.8597747
299.0576596
299.1502259
299.1399586
299.1298652
299.1389875
299.1642973
298.8444412
299.0523102
299.1526348
299.1451636
299.1323511
299.1350079
299.1587752
298.8127058
299.0412
299.1437546
299.1502786
299.1372858
299.1296392
299.148076
298.7640548
299.026018
299.1272492
299.1578787
299.1487783
299.1335002
299.1374311
298.6832115
298.994097
299.1183081
299.1627851
299.162645
299.144864
299.1324571
298.5830572
298.9455473
299.10778
299.1515272
299.1710321
299.1597973
299.1373946
298.1466604
298.714995
298.95627
298.9866973
298.9861043
299.0026807
299.0143898
298.2733833
298.7824754
298.9763278
298.9852117
298.9986371
299.0157768
299.007554
298.3646978
298.831944
298.9782529
299.000827
299.0129979
299.0164562
298.9951153
298.4314538
298.8595137
298.9688533
299.0082405
299.0170508
299.0102316
298.9765807
298.4875576
298.879694
298.9778757
299.015488
299.0146339
299.0028617
298.9650777
298.5184094
298.8889657
298.9925016
299.0168224
299.0117089
298.9919103
298.9637044
298.544412
298.8986021
299.0088127
299.0175671
299.0107758
298.9915694
298.981955
298.5450628
298.8981683
299.0089052
299.0154025
299.0092694
298.9897196
298.9879514
298.5444
298.8986042
299.0087799
299.0175017
299.0107438
298.9915728
298.9819604
298.5184138
298.8890126
298.9925192
299.0168047
299.0117052
298.9919645
298.9637184
298.4876034
298.8797822
298.9779701
299.015518
299.0146289
299.0029741
298.9651644
298.4313699
298.8595214
298.9689045
299.0082707
299.0170168
299.0103738
298.976757
298.364627
298.831947
298.9782125
299.000956
299.0130746
299.0166354
298.9953762
298.2732284
298.7824107
298.9762037
298.9854459
298.9987466
299.0159121
299.0078062
298.1466903
298.7150569
298.9562671
298.9869498
298.9861518
299.0028588
299.014912
297.4547382
298.2070201
298.6204547
298.7743443
298.7837206
298.7715229
298.7665463
297.7321261
298.3397635
298.6789462
298.7796373
298.7704987
298.7666837
298.7808838
297.8988473
298.4231572
298.7303243
298.7661919
298.762846
298.7754954
298.7982886
297.9703012
298.4696472
298.7447794
298.7602885
298.7644291
298.7826782
298.8147935
298.0179421
298.5055336
298.7330035
298.7602555
298.7679872
298.7950608
298.8214966
298.0437605
298.527316
298.7221478
298.7578221
298.7700735
298.8024936
298.8123971
298.0699806
298.5593187
298.7249979
298.7643945
298.7768795
298.7980071
298.7848234
298.0705104
298.5589144
298.7255248
298.7622412
298.7764442
298.7923645
298.7757243
298.0699864
298.5593242
298.7249815
298.7643428
298.7768536
298.7980174
298.7848027
298.0437865
298.5273467
298.7221971
298.7578024
298.7700637
298.8025254
298.8124208
298.0179945
298.5056086
298.7330899
298.7602758
298.7679897
298.7951516
298.8216589
297.9702339
298.469615
298.7448366
298.7603271
298.7644378
298.7828065
298.8150538
297.8988057
298.4231411
298.7302874
298.7663098
298.7629626
298.7757092
298.7986054
297.7319078
298.3396494
298.6787829
298.7798616
298.7706607
298.7668557
298.7811149
297.4547271
298.207085
298.6204489
298.7746541
298.7838003
298.7716775
298.7670557
296.4320795
297.7869529
298.387364
298.5305597
298.6110543
298.6375842
298.6306424
296.8436424
297.9790985
298.4336978
298.5742248
298.6269506
298.6318436
298.6052916
297.2285067
298.1156836
298.4634539
298.6118722
298.623958
298.6202953
298.585759
297.4642715
298.195481
298.5078628
298.6127341
298.623242
298.604499
298.5778485
297.5924729
298.2497477
298.555846
298.6168571
298.6263883
298.5974883
298.5800398
297.6449722
298.2576825
298.5585843
298.6137575
298.6141502
298.5879442
298.5991635
297.693711
298.2610076
298.5586656
298.6184524
298.601334
298.6189879
298.6396143
297.6914668
298.2591166
298.5566167
298.6150221
298.5976452
298.6220425
298.6443804
297.693728
298.2610129
298.5586604
298.6184119
298.6013028
298.61898
298.63961
297.6449786
298.2577122
298.5586252
298.6137398
298.6141268
298.5879618
298.5991588
297.5925292
298.2497963
298.55591
298.6168687
298.6263883
298.5975695
298.5801566
297.4641124
298.1954104
298.5078189
298.6127663
298.6232586
298.6046402
298.5780513
297.2284652
298.1156601
298.4634196
298.6120061
298.624085
298.6205099
298.5860463
296.8433469
297.9789272
298.4335735
298.5744059
298.627111
298.6320106
298.6055909
296.4321111
297.7870303
298.3873683
298.5308152
298.6112294
298.6377575
298.6310926
295.8067453
296.6751491
297.8918243
298.2887618
298.3191504
298.3542343
298.3652063
295.9082555
297.0315926
298.0716885
298.2730646
298.3235732
298.3528031
298.3967776
296.1153075
297.365481
298.1544042
298.2916348
298.3273368
298.386876
298.4144303
296.3782476
297.5976937
298.1593558
298.3013865
298.3287867
298.3935251
298.4201631
296.6335272
297.7713334
298.161988
298.3060804
298.3420923
298.4089419
298.4263998
296.7713143
297.833625
298.1899087
298.3028355
298.3624607
298.4138947
298.4058004
296.9343119
297.8828453
298.2072357
298.307155
298.384636
298.3794473
298.3727268
296.932449
297.8706255
298.2025434
298.3003529
298.382009
298.3693855
298.3691926
296.9343247
297.8828597
298.2072506
298.3071418
298.3846226
298.3794438
298.3727345
296.771209
297.8336026
298.1899142
298.3028203
298.36243
298.4139036
298.4058669
296.6335784
297.7714243
298.162046
298.3060833
298.3420974
298.4089935
298.4265421
296.3779474
297.5974889
298.1594214
298.3014186
298.3288149
298.3936044
298.4203534
296.1152465
297.3654794
298.1543805
298.2917543
298.3274626
298.3870361
298.4146666
295.9082068
297.031263
298.0715058
298.2731923
298.3237139
298.3528915
298.3969857
295.8067891
296.6752893
297.891897
298.2889884
298.3192961
298.3543772
298.3655544
296.9518263
296.5394815
297.0416775
297.7862114
298.1007051
298.1910959
298.1756146
296.2266999
296.4891025
297.2448249
298.0159357
298.1413692
298.1924194
298.1561257
295.9940964
296.5415552
297.5131548
298.0631372
298.1555288
298.1636447
298.1517952
295.8747918
296.6431014
297.7859991
298.0982415
298.1651309
298.156203
298.1577285
295.8901931
296.7722563
297.8753976
298.1200553
298.1424022
298.1574663
298.1621613
295.8931324
296.8696894
297.9071277
298.1203576
298.1278006
298.1551296
298.2117465
295.9033143
297.1355768
297.9512266
298.1321596
298.1275678
298.2243377
298.2376976
295.8822336
297.172358
297.949168
298.1242565
298.1297733
298.2240095
298.2337513
295.9033832
297.1354161
297.9512403
298.1321607
298.1275471
298.2243375
298.2376987
295.8931464
296.8695301
297.9071259
298.1203448
298.1277739
298.1551221
298.2117057
295.8900401
296.7722722
297.8754576
298.1200601
298.142372
298.1574863
298.1622527
295.8748004
296.6429403
297.7857211
298.0982409
298.1651473
298.1562567
298.1578482
295.9940981
296.5415418
297.5131526
298.0632313
298.155642
298.1637595
298.1519809
296.2272625
296.4890981
297.2445706
298.0159883
298.1414595
298.1926111
298.156319
296.9514021
296.5393402
297.0417563
297.7865643
298.1008701
298.1912189
298.175762
308.8689525
300.2832486
297.5214245
297.397141
297.5173323
297.7964525
297.9203027
303.4679324
298.1942408
297.2603218
297.3733715
297.6269597
297.9031065
297.9737482
301.0139189
297.4018876
297.1730179
297.4280314
297.7362346
297.9480764
297.9820414
298.9837527
296.9789928
297.1022357
297.5034436
297.8277133
297.9636236
298.0006179
298.165956
296.899216
297.1244689
297.613655
297.88118
297.9814248
298.015193
297.4504931
296.8218873
297.1284076
297.6837042
297.8861809
297.985263
297.9735521
296.3536552
296.5358857
297.1886945
297.7732125
297.9010318
297.9320272
297.9476789
296.1792852
296.4452939
297.2169372
297.7712493
297.8805229
297.9214843
297.940118
296.3544344
296.5362458
297.1886372
297.7732208
297.9010731
297.9320299
297.947677
297.452561
296.8222656
297.1284293
297.6836319
297.8861323
297.9852376
297.9735592
298.1638581
296.8989523
297.1244068
297.613711
297.881161
297.981411
298.0152506
298.9871541
296.9794944
297.1024398
297.5033099
297.8276274
297.9636209
298.0006866
301.0156978
297.4021479
297.1730964
297.4280833
297.7363099
297.9481375
297.9821605
303.4752085
298.1962754
297.260408
297.3733053
297.6268093
297.9029705
297.9738236
308.8685565
300.2815633
297.5210356
297.3970717
297.5173773
297.7965188
297.9203927
329.2447159
307.5919461
299.0380909
297.5477753
297.339061
297.3891473
297.4176692
322.9101509
302.6612247
297.8014009
297.3270739
297.2608148
297.3989758
297.5374124
322.3151265
300.3635344
297.4208246
297.2037048
297.2609858
297.469241
297.574118
321.4684582
299.3693602
297.2291491
297.1438413
297.2748574
297.514503
297.6279841
319.5749595
298.8149103
297.1586198
297.1527308
297.3110298
297.5549341
297.7073728
314.4932431
297.9715462
297.0121014
297.1213538
297.3437739
297.6299689
297.836305
305.3945499
297.0237013
296.8014769
297.0912496
297.5200133
297.7697863
297.8216221
303.3687642
296.7327748
296.7044066
297.0583946
297.5370974
297.7603421
297.8136859
305.4046931
297.0246358
296.8016863
297.0913521
297.5199903
297.7697816
297.8216222
314.5122096
297.9734863
297.0125147
297.1214584
297.3437078
297.6297826
297.8362644
319.591712
298.8158996
297.1586916
297.152813
297.3110648
297.5548812
297.7072999
321.4888136
299.3716774
297.2295228
297.1438865
297.2748802
297.5144466
297.6279618
322.3332178
300.3652121
297.4210634
297.2038101
297.261096
297.4692392
297.5741207
322.9272351
302.6678041
297.8024022
297.3273482
297.2608793
297.3989539
297.5373805
329.2531121
307.5919223
299.0373336
297.5476268
297.3391757
297.3892458
297.4176631
343.703252
336.8056053
320.7047786
307.6963247
302.7580021
299.7700543
298.5940915
342.5495253
332.0458848
312.8048868
303.6915645
300.299528
298.6929105
297.9429764
339.2832313
325.6701625
308.5534993
301.679793
299.1886393
298.1845616
297.749256
333.2909079
320.2807998
305.6495627
300.4632899
298.5523924
297.9078882
297.635816
323.2255119
313.6368239
302.9013229
299.2599459
298.0224745
297.6341359
297.6000602
314.361082
306.8433832
300.1227317
298.1202858
297.4746809
297.4769188
297.5354004
311.7546486
302.598998
298.1513929
297.2096398
297.1437897
297.2521065
297.4304612
311.6326022
301.1362355
297.2444712
297.0273598
297.0588563
297.1747239
297.365492
311.7586526
302.6028029
298.1526914
297.2099387
297.1439255
297.2522062
297.4305626
314.3716852
306.8537013
300.1266612
298.1218102
297.4753458
297.4769962
297.5354027
323.2569704
313.6514077
302.9061297
299.2617201
298.0232374
297.634505
297.6001187
333.3229626
320.3009344
305.6572518
300.4661768
298.5536466
297.9084985
297.6360429
339.317267
325.6873473
308.5597025
301.6820947
299.1898505
298.1851429
297.7495797
342.5915023
332.0881575
312.8260295
303.7012224
300.3042726
298.6949333
297.9442536
343.7504628
336.8442573
320.7243138
307.7042173
302.7616099
299.7717813
298.5943567
344.1119979
332.8908671
317.8243141
308.1205687
303.9939142
300.1076109
299.2237619
344.1629554
335.8360811
314.4036965
304.8267689
301.3021406
298.995984
298.0419879
339.2615009
329.9970076
309.5948581
302.2095638
299.6194087
298.2407834
297.7218966
332.4063692
319.9429984
305.6284571
300.5062765
298.6232597
297.8026806
297.5201209
320.6920598
310.1796263
301.9360002
298.8580886
297.8465392
297.4310011
297.3475912
309.5754432
303.7401233
299.4263923
298.0097548
297.3847733
297.1446153
297.2172948
305.5130092
300.9566717
298.527988
298.3276429
297.6522694
297.0707747
297.1519621
303.7883198
300.7735212
300.188853
302.8873222
300.3098201
297.1669761
297.1399853
305.5162858
300.9616029
298.5290182
298.3273831
297.6528449
297.0708368
297.1519859
309.5876259
303.7479695
299.4292653
298.0108967
297.3853862
297.1448529
297.217346
320.7295788
310.2014079
301.9424626
298.8603028
297.8475335
297.4314606
297.3477951
332.4349828
319.9691392
305.6375962
300.5097492
298.6248044
297.8034633
297.5204152
339.2923715
330.0280745
309.6044405
302.2128992
299.6211996
298.2415043
297.7223444
344.2030225
335.8738284
314.425312
304.8378261
301.3081118
298.9987467
298.0434614
344.1581345
332.9268524
317.8415488
308.1306945
303.9996326
300.1099295
299.2267159
347.2013278
345.87746
333.0787309
325.6687455
321.5160886
309.3434386
309.9403236
340.259035
337.5839135
330.659457
320.893581
314.2767432
310.4672011
304.2706985
335.2608187
332.9018693
322.3950503
311.3473663
306.8125902
303.695323
301.6039219
333.0653341
324.9447707
311.1271386
305.0207363
301.213504
300.2166372
299.1333164
327.6505787
312.7030433
303.6221569
300.5160173
298.6037752
298.4694006
298.172268
315.5397545
305.5583981
300.7267494
299.3312404
298.5689286
298.400374
298.0528759
307.9800329
302.4039378
300.7090411
302.6140614
302.34884
300.7584796
299.5649946
305.3498621
302.1517723
308.6104253
306.4957881
302.6675074
300.9763277
299.6287991
307.9885725
302.4099013
300.7105823
302.6004519
302.3378976
300.7528826
299.5607594
315.5803
305.5711372
300.7309491
299.3320715
298.5668943
298.398877
298.0520984
327.6706429
312.7295664
303.6323284
300.5199166
298.6052864
298.4703756
298.1726569
333.082341
324.9775218
311.1468583
305.0299981
301.221041
300.2207563
299.1357372
335.27967
332.9306513
322.4215259
311.3568528
306.8219996
303.7005451
301.6085207
340.2909899
337.6163885
330.6992474
320.9228791
314.2980628
310.4951626
304.2745303
347.2545359
345.9368344
333.1415931
325.7200041
321.5645769
309.3691686
309.9678405
351.5379258
350.3609037
343.7911153
337.8341123
337.8499341
330.1580384
321.1269669
337.9131978
329.6880813
326.329588
321.6148286
319.5662739
311.995296
303.2915621
331.9290018
320.9029939
316.3606961
313.6694277
308.3082663
304.1785663
299.3603169
330.3531837
317.6301165
310.1603479
308.2677276
303.1262703
301.4601051
298.3903444
328.7162039
315.719808
307.5749656
305.6021016
301.5613547
300.5048521
298.1008493
325.6090067
315.5615324
306.7387093
304.5917992
301.9589504
300.1134194
298.0249515
317.0871828
312.0185147
308.7591064
308.3580176
303.4341988
299.4184853
298.7558079
313.8110777
310.2419876
312.5222335
304.6714917
300.7689834
299.3831377
299.3364045
317.0954108
312.0241952
308.7522954
308.3498897
303.4376709
299.417153
298.7525158
325.628771
315.5630794
306.7359306
304.5882472
301.9549374
300.1113423
298.024307
328.722488
315.7186255
307.5773615
305.6025181
301.561299
300.5036645
298.1008335
330.3618948
317.6368281
310.169313
308.2720516
303.1278069
301.459917
298.3916741
331.9422107
320.9164467
316.3789552
313.6798339
308.3115413
304.1790602
299.3610023
337.9437688
329.7060508
326.3513941
321.6300785
319.5781857
311.9983747
303.2914111
351.6124778
350.4310982
343.8482566
337.8761342
337.8968334
330.1870822
321.1360797
299.9707652
299.9732256
299.9737877
299.9735276
299.972842
299.9701294
299.9677587
299.9715631
299.973496
299.9737236
299.9734048
299.9724968
299.9692471
299.9674112
299.9719593
299.9735695
299.9736419
299.9733957
299.9721721
299.9688687
299.9678952
299.9720298
299.9735742
299.9735685
299.9734185
299.9715885
299.9688877
299.9687568
299.9720815
299.9735495
299.9735155
299.9734234
299.9710793
299.9692099
299.9695815
299.9720805
299.9735145
299.9734989
299.9734505
299.9708053
299.9695338
299.9700716
299.9721634
299.9734852
299.9734965
299.9734672
299.9707366
299.9697259
299.9701896
299.9721063
299.973496
299.973498
299.9734582
299.9706614
299.9696698
299.9701318
299.9721401
299.9734927
299.9734957
299.973453
299.9707145
299.9696754
299.9701432
299.9720692
299.9735225
299.9734987
299.9734467
299.9708164
299.9695194
299.9700536
299.9720843
299.9735411
299.9735107
299.9734335
299.9711148
299.9692612
299.9696179
299.9720311
299.9735734
299.9735532
299.9734226
299.9715543
299.968907
299.9688146
299.9719977
299.9735782
299.9736166
299.9734253
299.9721341
299.9688105
299.967917
299.9717206
299.9734536
299.9737101
299.9734761
299.9724688
299.969167
299.9674581
299.9709394
299.9732327
299.9737439
299.973555
299.9727535
299.9701652
299.9681758
299.8817776
299.8847745
299.8869103
299.8856907
299.8866022
299.8911703
299.8962727
299.8829691
299.8863787
299.8863143
299.8847007
299.8871102
299.8932686
299.8966983
299.8844574
299.886878
299.8851401
299.8841845
299.8882584
299.8941068
299.8954155
299.885561
299.8865282
299.8842865
299.8843132
299.889877
299.8937335
299.893329
299.8861273
299.8857853
299.8837507
299.8846457
299.8908318
299.8928617
299.8918059
299.8866074
299.8852835
299.8835646
299.8850505
299.8913382
299.8922025
299.8910944
299.8867554
299.8847497
299.8834782
299.8852352
299.891328
299.8917383
299.8909147
299.8868223
299.8847926
299.8834743
299.8852581
299.8913369
299.8916962
299.8909287
299.8867447
299.8847653
299.8834456
299.8851753
299.8913102
299.8917319
299.8909015
299.8866195
299.8852833
299.8835413
299.8850083
299.8913386
299.8921989
299.8910501
299.8861767
299.885742
299.883741
299.8846456
299.8908402
299.892908
299.8918195
299.8855069
299.886526
299.8842336
299.8842738
299.8897822
299.8937734
299.8934421
299.8843493
299.8869096
299.8850236
299.8842153
299.8880976
299.8940098
299.8954796
299.882798
299.8862657
299.8862127
299.8848425
299.8869287
299.8931411
299.8967981
299.8815511
299.8847934
299.8867011
299.8856916
299.8864601
299.8910439
299.8964129
299.7958762
299.8127929
299.8193573
299.8208702
299.8199406
299.8123468
299.8057544
299.7958936
299.811396
299.8212747
299.8217774
299.8185016
299.8091732
299.8056733
299.7954806
299.8125004
299.8233649
299.8220421
299.8156699
299.8081162
299.8080554
299.795761
299.8150097
299.8235163
299.8216241
299.8130749
299.8089944
299.8110777
299.7964455
299.8176308
299.8233268
299.820161
299.8118606
299.8108543
299.813269
299.7971203
299.8190272
299.8232516
299.8191381
299.811736
299.8121976
299.8140432
299.7977893
299.8202027
299.8232624
299.8188446
299.8121476
299.813023
299.8139052
299.797753
299.820281
299.8232373
299.8186397
299.8121605
299.8129559
299.8137015
299.7977308
299.8202221
299.8232185
299.8187835
299.8121226
299.8130265
299.8139437
299.7970929
299.8190282
299.8232148
299.8191058
299.8117352
299.8122076
299.8140658
299.7964971
299.8175932
299.8232979
299.820156
299.8118398
299.8108842
299.8133267
299.795673
299.8149523
299.8234388
299.8215738
299.8129344
299.8090072
299.8112674
299.7953726
299.8125072
299.8232582
299.8220912
299.8155064
299.8079789
299.808178
299.795736
299.8112293
299.821104
299.8219008
299.8183118
299.8090235
299.8058384
299.7957113
299.8127573
299.819177
299.8209262
299.8198331
299.8122059
299.805949
299.6567243
299.698722
299.6987868
299.6921033
299.693301
299.7031298
299.709739
299.668311
299.6993607
299.6957154
299.6906853
299.6966874
299.7067937
299.7079587
299.6741327
299.6948454
299.6941856
299.691235
299.7013476
299.7066225
299.7034512
299.676239
299.6911004
299.6944899
299.6935431
299.7040703
299.7034222
299.698806
299.6771018
299.689293
299.694789
299.6958193
299.7043724
299.7001093
299.6965381
299.6778833
299.6886917
299.6949176
299.696789
299.703521
299.6977045
299.6962034
299.6781916
299.6886207
299.6950932
299.6967756
299.7021861
299.696476
299.6965112
299.6782318
299.6886001
299.6949851
299.6965551
299.7017429
299.6961675
299.6966469
299.6781457
299.6886478
299.6950322
299.696696
299.7021595
299.6964924
299.696551
299.6778677
299.6886857
299.6948546
299.6967285
299.7035234
299.697739
299.6962453
299.6771506
299.6892406
299.6947262
299.6957697
299.7043431
299.7001432
299.6966363
299.6761056
299.6910185
299.6943976
299.6934663
299.7039173
299.7034337
299.6990488
299.6739954
299.6948032
299.6940904
299.6913116
299.7011633
299.7064442
299.7035616
299.66819
299.6991706
299.6954917
299.6907707
299.696456
299.7066044
299.7081387
299.6564504
299.6986886
299.6985644
299.6921058
299.693147
299.703019
299.7099701
299.4851466
299.5779501
299.6168919
299.6148612
299.6103767
299.5939891
299.5896474
299.5029197
299.5905572
299.6165225
299.6128145
299.6027453
299.5912878
299.5939978
299.5186282
299.6014655
299.6151146
299.6105786
299.5964494
299.5934064
299.5999049
299.5291201
299.6039232
299.6146436
299.6050511
299.5950487
299.598315
299.604311
299.536295
299.6041178
299.6146578
299.6018295
299.5967121
299.6033781
299.6054854
299.5404814
299.6040922
299.6142514
299.6008626
299.5991673
299.6060436
299.6045371
299.5434833
299.6042757
299.6141169
299.6021238
299.6018023
299.6077092
299.60376
299.543878
299.6042579
299.613962
299.602092
299.6023076
299.6074605
299.6034371
299.5434603
299.6043013
299.6140358
299.6020282
299.601776
299.6077328
299.6038045
299.5404889
299.6040785
299.6141698
299.6007888
299.5991803
299.60612
299.6046113
299.5363658
299.6040588
299.6145808
299.6017582
299.5967021
299.6034786
299.6056312
299.528959
299.6038232
299.6145487
299.6049588
299.5949095
299.5983826
299.6046322
299.5184488
299.6014347
299.6150162
299.610618
299.5962567
299.5932262
299.6000977
299.5027256
299.5903805
299.6162803
299.6128875
299.6024996
299.5910672
299.5942203
299.4848302
299.5779284
299.6166588
299.6148469
299.6101904
299.5938357
299.5898789
299.2727469
299.4042194
299.4446666
299.4516157
299.4611745
299.4696511
299.4634849
299.2976944
299.4073554
299.448334
299.4557774
299.4676814
299.4664762
299.4553153
299.3118921
299.4111622
299.4497179
299.4608013
299.4692002
299.4600907
299.4484398
299.3218316
299.4180249
299.4510019
299.4636143
299.4642185
299.451062
299.4463584
299.3301725
299.4232552
299.4541092
299.4638344
299.4592677
299.4458731
299.4485631
299.3357456
299.4255191
299.456573
299.4620894
299.4550592
299.4433797
299.4515148
299.3395534
299.4272824
299.4574886
299.4591824
299.4515292
299.4431313
299.4523645
299.3401747
299.4273551
299.4570959
299.4579747
299.4503207
299.4426892
299.4520608
299.3395356
299.4273137
299.4574275
299.4590867
299.45149
299.443171
299.4524308
299.3357649
299.4255042
299.4564907
299.4619821
299.4550221
299.4434423
299.4516061
299.3302488
299.4231883
299.4540035
299.4637099
299.4591709
299.445924
299.4487343
299.3216572
299.4178813
299.4508825
299.4635294
299.4640555
299.4510755
299.4466896
299.3116963
299.4110833
299.4496068
299.4609222
299.4690142
299.4598596
299.4485789
299.2974943
299.4071292
299.4480122
299.4558932
299.467453
299.4662112
299.4554339
299.2724346
299.4041117
299.4443937
299.4516198
299.4610133
299.4694404
299.4635337
298.9959458
299.2491304
299.3349659
299.3423686
299.3224772
299.3183273
299.3289055
299.0617976
299.2747775
299.3407919
299.3322378
299.3190884
299.3254148
299.3376385
299.1016041
299.2852451
299.343919
299.3277689
299.3243522
299.3357162
299.3399087
299.1212125
299.293168
299.3405769
299.3282939
299.3328636
299.3430327
299.3350532
299.1337381
299.3005481
299.3345849
299.3313261
299.3390979
299.3448381
299.3287024
299.1408824
299.3042859
299.3321567
299.3332952
299.3428611
299.3430505
299.3231238
299.1468914
299.3077639
299.3355493
299.3387602
299.3460859
299.3426762
299.3239072
299.1473105
299.3077946
299.3362042
299.3387905
299.3460792
299.3412034
299.3247503
299.1468836
299.3078031
299.3354595
299.3386489
299.3460393
299.3426995
299.3239613
299.1409435
299.3042855
299.3320359
299.3331742
299.3428148
299.343102
299.3232038
299.1338664
299.3005025
299.3344428
299.3312297
299.3390402
299.3448908
299.3288754
299.121046
299.2930217
299.3404638
299.3282542
299.3327475
299.3430711
299.3354081
299.1014646
299.2851546
299.3438305
299.3279108
299.3242472
299.335535
299.3400677
299.061678
299.2745588
299.3404578
299.3322625
299.3189317
299.3251671
299.337759
298.9957546
299.2491374
299.3347091
299.3423142
299.3222615
299.3180574
299.3289858
298.5830959
298.945233
299.1076257
299.1513774
299.1710051
299.1594641
299.1367014
298.6835228
298.9942722
299.1184325
299.1624694
299.1623403
299.1446177
299.1322326
298.764066
299.0258484
299.1271791
299.1574407
299.1484052
299.1332161
299.1371008
298.8129408
299.0411035
299.1438074
299.1500575
299.1371374
299.129456
299.1478488
298.8441907
299.0520061
299.1522867
299.1448815
299.132185
299.1349251
299.1586209
298.8598019
299.0575428
299.1498321
299.139744
299.1297993
299.1390683
299.1643097
298.8703001
299.0628884
299.1412831
299.1355703
299.1295589
299.1427875
299.158936
298.8713994
299.0629001
299.1388115
299.1335206
299.1291008
299.1420609
299.1549855
298.8702854
299.0629304
299.1412425
299.1354746
299.1294943
299.142802
299.1589882
298.8598642
299.0575651
299.1497767
299.1396308
299.1297047
299.139089
299.1644248
298.8443342
299.0520013
299.1521452
299.1447222
299.1320508
299.1349865
299.1588568
298.8127904
299.0409729
299.1437308
299.1499854
299.1369885
299.1294563
299.1481577
298.7640431
299.0257837
299.1271653
299.1575541
299.1482796
299.1329539
299.1372279
298.6834877
298.9941139
299.1181063
299.1625591
299.1621315
299.1443405
299.1323297
298.5830715
298.9452579
299.1074142
299.1514393
299.1707669
299.1591679
299.1367106
298.1465001
298.714634
298.9560348
298.9867946
298.9862411
299.0025972
299.0141696
298.2736187
298.7826793
298.9763635
298.9854948
298.998942
299.0159199
299.0073357
298.3647008
298.8317965
298.9778436
299.0008734
299.0130541
299.0163563
298.9946802
298.4320606
298.8596066
298.9689664
299.0084435
299.0170041
299.01008
298.976017
298.4876578
298.8795196
298.9783289
299.0155898
299.0144794
299.0025586
298.9646678
298.5189782
298.8890427
298.993137
299.0168752
299.0116538
298.991642
298.9636473
298.5445666
298.8984342
299.0087317
299.0173978
299.0106273
298.9914123
298.9819696
298.5455414
298.898197
299.0088352
299.0152756
299.0091437
298.9896511
298.9880794
298.5446029
298.8984847
299.0086861
299.0173027
299.0105511
298.9914295
298.9820763
298.5190621
298.8890709
298.9930495
299.0167368
299.0115357
298.9916705
298.9637289
298.4879287
298.8795728
298.9784292
299.015502
299.0143347
299.0025351
298.9648209
298.4319733
298.8594928
298.9689411
299.0084302
299.0168572
299.0100369
298.9763138
298.3648038
298.8318066
298.9777711
299.0011155
299.0130109
299.0161003
298.9947805
298.273648
298.7825726
298.9760595
298.9856381
298.9988361
299.0156617
299.0074035
298.1466838
298.7147545
298.9558919
298.9867735
298.9861797
299.0024562
299.0142565
297.4545929
298.2066137
298.6200696
298.7742186
298.7834889
298.7713116
298.7664244
297.7331958
298.3401432
298.6794848
298.7791449
298.7702114
298.7667446
298.7809947
297.8985909
298.4229642
298.7301812
298.7658202
298.7626844
298.7755651
298.7983091
297.970718
298.4699998
298.7441588
298.7602324
298.7645715
298.7829129
298.8147889
298.0178765
298.5054905
298.7319579
298.7600782
298.7679261
298.7952132
298.8213392
298.0443313
298.5280003
298.7218351
298.7579912
298.770226
298.8027827
298.812061
298.0701577
298.5594865
298.7250156
298.7643874
298.7769058
298.7979046
298.7845222
298.0710859
298.5594479
298.7257313
298.7623397
298.7766092
298.7922877
298.7755497
298.0701981
298.559559
298.7249995
298.7642965
298.7768553
298.7978817
298.7845147
298.0443908
298.5280105
298.7217934
298.7578429
298.7700726
298.8026918
298.8121519
298.0181079
298.5056699
298.7316177
298.7599209
298.7677844
298.7952098
298.8215415
297.9706316
298.4698963
298.7440003
298.7601873
298.7644571
298.7828344
298.8150358
297.8988043
298.4230647
298.7302778
298.7659266
298.7626648
298.7754285
298.7984156
297.7332888
298.3401182
298.6792418
298.7791879
298.7701062
298.7665192
298.7810131
297.4552847
298.2069768
298.6200771
298.774376
298.783279
298.7710793
298.7664711
296.4324011
297.7863395
298.3867816
298.5304261
298.6110559
298.6373977
298.6305732
296.8475893
297.98022
298.4335739
298.5753305
298.6269946
298.6319153
298.6050626
297.2295552
298.1156461
298.4632268
298.6116932
298.6237684
298.6200664
298.585499
297.4665453
298.1963283
298.5097549
298.6128326
298.6233633
298.6043675
298.5776776
297.592933
298.2493762
298.5559942
298.6167446
298.6263416
298.5972061
298.5798627
297.6463489
298.2576044
298.5584279
298.6138695
298.6140065
298.587908
298.5995634
297.6941453
298.2608594
298.5585174
298.6184313
298.6011091
298.6190473
298.6396332
297.6926132
298.2595082
298.5567638
298.6151665
298.5975046
298.6222954
298.6444162
297.6942666
298.2609518
298.5585417
298.6183647
298.6010045
298.6190955
298.6397253
297.6463334
298.2577053
298.5584086
298.6137365
298.6138781
298.5878828
298.5995244
297.5934556
298.249484
298.5561248
298.6166453
298.6262296
298.5970745
298.5800193
297.4665044
298.1962206
298.5099366
298.6128052
298.6232621
298.6042777
298.577901
297.2306395
298.1159503
298.4633097
298.6118903
298.623781
298.6198352
298.5854583
296.8479778
297.9802641
298.4333106
298.5755018
298.6269509
298.6317063
298.6050102
296.4337189
297.7869617
298.3869376
298.5305562
298.6111619
298.6372183
298.6305276
295.8053158
296.6740726
297.8907885
298.2883407
298.3190414
298.3541899
298.3650773
295.9099109
297.0357329
298.0724883
298.272599
298.3237787
298.3532842
298.3971416
296.1164114
297.3666712
298.1543084
298.2915925
298.3271155
298.3870262
298.4143752
296.3835299
297.6015552
298.1571556
298.3012974
298.3288778
298.3937837
298.4202058
296.6364522
297.7726264
298.1622036
298.3058568
298.3423385
298.4092141
298.4263601
296.7762296
297.8352164
298.1908979
298.3031067
298.3629256
298.4141857
298.4054373
296.9363185
297.8829756
298.2071275
298.3071036
298.3845511
298.3794401
298.3726594
296.9360364
297.8709641
298.2027935
298.3005831
298.3820265
298.3695164
298.3693935
296.9365616
297.8831503
298.207239
298.3070984
298.3845403
298.3794076
298.3727073
296.7758658
297.8351041
298.1908481
298.3030018
298.3627542
298.4140775
298.4056347
296.6381205
297.7736786
298.1625021
298.3057894
298.3424409
298.4092812
298.4265707
296.3838444
297.6015543
298.156712
298.3012317
298.3288166
298.393677
298.4203006
296.1176507
297.3679579
298.1546419
298.2918877
298.3272545
298.3870038
298.4144052
295.9101425
297.0360106
298.07229
298.2725759
298.3238325
298.3531716
298.3971026
295.8057432
296.6753529
297.8916628
298.2886823
298.3191678
298.3541376
298.3652257
296.9465976
296.5376662
297.039893
297.7853713
298.1002896
298.1909668
298.1759474
296.2179996
296.4873905
297.2473922
298.016179
298.1416563
298.1917133
298.1562056
295.9905901
296.5407927
297.5152254
298.0631827
298.1553787
298.1636426
298.1518239
295.8715109
296.6449925
297.7930855
298.0989595
298.1653965
298.1563261
298.1578005
295.8883333
296.7732441
297.8752005
298.1198963
298.141497
298.157469
298.1621587
295.8932168
296.8743544
297.9084312
298.1208218
298.1279066
298.155346
298.2127264
295.9041992
297.1386626
297.9515119
298.1321913
298.1277679
298.2243019
298.2376299
295.8846535
297.1777977
297.9501063
298.1246817
298.1303904
298.2242342
298.2338963
295.9046847
297.138254
297.9516432
298.1322545
298.127796
298.2243785
298.2376846
295.8933307
296.8736917
297.908322
298.1207074
298.1278078
298.1552621
298.2124545
295.8869404
296.7741037
297.8754808
298.1199483
298.1410771
298.1573793
298.1622777
295.8710371
296.6446973
297.7936586
298.0989427
298.1653414
298.1562435
298.1578546
295.9893828
296.5411502
297.5171137
298.0636206
298.1556104
298.1635892
298.151844
296.2175743
296.4873234
297.2474337
298.0161971
298.1417071
298.1915716
298.1560574
296.941977
296.5370318
297.0405273
297.7869636
298.1006264
298.1909847
298.1755439
308.8352857
300.275548
297.519394
297.3957919
297.5157088
297.7957718
297.9195296
303.3699152
298.1645171
297.2579663
297.3736688
297.6292667
297.9048167
297.9743346
300.9786187
297.3921846
297.1703517
297.427557
297.7367805
297.9482356
297.9821267
298.9190452
296.9676918
297.0970833
297.5064493
297.8301388
297.9643766
298.0011031
298.1304476
296.8930756
297.1215197
297.6152151
297.8810823
297.9814988
298.0154008
297.4219348
296.8170367
297.1287429
297.6859185
297.8868872
297.9856697
297.9735729
296.3483276
296.5338661
297.1901243
297.7738935
297.9006117
297.932029
297.9476589
296.1748423
296.4445554
297.2198324
297.7729323
297.8802471
297.9217899
297.9403586
296.3512022
296.5354714
297.1899085
297.7742638
297.9006376
297.932057
297.9477091
297.4306078
296.8185979
297.1285266
297.6853691
297.8866371
297.9855351
297.9735965
298.0872294
296.8865666
297.119089
297.6166885
297.8813555
297.9815398
298.0155508
298.910289
296.9658267
297.0960368
297.5063732
297.830165
297.9642757
298.001137
300.94911
297.3851507
297.1691235
297.42769
297.7375396
297.9484086
297.9822062
303.3665127
298.1632455
297.2577795
297.3736327
297.6293598
297.90482
297.9742226
308.8017767
300.2594998
297.5163698
297.3952891
297.5158381
297.7963294
297.9199661
329.1393964
307.578422
299.0381578
297.5471474
297.3380403
297.3884384
297.4173198
322.7252136
302.5861836
297.7879827
297.3227408
297.2603395
297.3994879
297.5384914
322.1642118
300.3294285
297.4145527
297.2006536
297.2595777
297.4694289
297.5742376
321.2333071
299.3218609
297.220185
297.1425756
297.2751501
297.5156789
297.628919
319.4044529
298.7863493
297.1535792
297.151965
297.3115357
297.5552669
297.7090425
314.3196496
297.9517987
297.0075858
297.1212144
297.345529
297.6323149
297.8369605
305.3462968
297.0178131
296.8003904
297.0913702
297.5213015
297.7699625
297.8216541
303.3101695
296.7289908
296.7054156
297.0605106
297.5397595
297.7609584
297.8140133
305.3769945
297.023907
296.8019402
297.0919177
297.5223379
297.770204
297.821838
314.3934765
297.9618837
297.0096071
297.1216483
297.345093
297.631418
297.83681
319.3625761
298.7749788
297.1513082
297.1526763
297.3126103
297.5555952
297.7093765
321.2072834
299.3186055
297.2190441
297.1421743
297.2749799
297.5155351
297.6288747
322.1324234
300.3127919
297.4117876
297.1997294
297.2595175
297.4698645
297.5744028
322.7192824
302.5847562
297.7872882
297.3224128
297.2602504
297.3995209
297.5383996
329.0967234
307.5482896
299.0283428
297.5452717
297.3371433
297.3883345
297.4173935
343.5465006
336.6982643
320.6770729
307.6997234
302.7726736
299.7757117
298.6113801
342.3118304
331.8005181
312.6718244
303.6311597
300.2706424
298.6832482
297.9310308
339.0690165
325.4942684
308.4741065
301.645122
299.1709371
298.1781383
297.7433216
333.0815886
320.0512351
305.5488974
300.4194531
298.5323916
297.8982728
297.6323461
323.0785531
313.4925895
302.8385686
299.2334194
298.0109738
297.6278119
297.5992599
314.2592406
306.7476887
300.0843247
298.1046322
297.4678844
297.4759111
297.5359189
311.6650989
302.5526673
298.1382562
297.2072059
297.1427544
297.2514487
297.4301335
311.5366321
301.1076282
297.2394055
297.0257112
297.0579369
297.1751203
297.3661167
311.6726012
302.5857743
298.1492386
297.2083341
297.1437439
297.2529527
297.4322346
314.3172109
306.8071479
300.1064555
298.1132576
297.471397
297.4766314
297.5359115
323.2627138
313.5314251
302.8442587
299.2343599
298.010936
297.627572
297.5994231
333.1666822
320.075166
305.5493492
300.4165417
298.5303948
297.8973171
297.6319261
339.0817835
325.4391794
308.4382454
301.6281169
299.1621961
298.1742185
297.7417988
342.3252678
331.8064862
312.670536
303.630212
300.2694561
298.6822146
297.9315043
343.5412912
336.6773673
320.636784
307.6759955
302.755431
299.7678427
298.6043302
343.9200504
332.7747709
317.7508792
308.0932928
303.9883978
300.1075854
299.2253581
343.8829728
335.6335336
314.2784803
304.7565766
301.2644497
298.9819577
298.0282644
339.0217415
329.7908959
309.5058036
302.1663482
299.5962262
298.2317929
297.714529
332.197146
319.7728054
305.5375415
300.4588543
298.6003448
297.7911042
297.5152691
320.5596937
310.0451954
301.871488
298.829341
297.8324303
297.4238427
297.3438638
309.4989449
303.660163
299.3948146
297.9963816
297.3789661
297.1416977
297.216749
305.4541057
300.8907375
298.510256
298.3240067
297.6528272
297.0697584
297.1517406
303.7449237
300.7345631
300.1475891
302.8379565
300.3033178
297.1647502
297.1396245
305.4943785
300.9741804
298.5185525
298.3099911
297.6515495
297.0688606
297.1514744
309.6079953
303.7419638
299.4181294
298.0017266
297.3803149
297.1421099
297.2166281
320.8551584
310.2387248
301.9211939
298.8442056
297.837185
297.4249699
297.3440846
332.3184923
319.8707233
305.5531876
300.4640986
298.5998482
297.7912272
297.5152222
339.061191
329.8394449
309.4985709
302.158961
299.589483
298.2281584
297.713396
343.9008467
335.6382089
314.2746813
304.7566295
301.2630325
298.981041
298.0286605
343.9249404
332.7626108
317.7320906
308.0779333
303.9729616
300.0996984
299.2214877
346.9883591
345.6717405
333.0381199
325.5049454
321.416674
309.2984446
309.968344
339.8668066
337.2598298
330.433026
320.6716583
314.0651692
310.394348
304.1348136
334.9962979
332.6911839
322.2311344
311.2198449
306.7135641
303.6270626
301.557338
332.8356569
324.7391038
310.9972481
304.9241075
301.1455748
300.1712716
299.1020339
327.4732969
312.5582676
303.5372619
300.4669651
298.5814439
298.4518581
298.161256
315.49484
305.4699111
300.6836236
299.3135685
298.5783693
298.4058745
298.0533536
307.913523
302.3289431
300.6688488
302.6895907
302.4093224
300.7921395
299.5933633
305.3048047
302.1047352
308.4712773
306.401811
302.6129659
300.9396924
299.6046255
307.9892839
302.4192171
300.6733206
302.4032692
302.1652632
300.6419092
299.4783745
315.734573
305.5912128
300.7176792
299.3039575
298.5126514
298.352801
298.0199589
327.5778017
312.7968016
303.6308353
300.5035721
298.587861
298.4506172
298.15262
332.8701133
324.9324893
311.0899538
304.9866978
301.1986068
300.1964111
299.1144481
335.0119301
332.7574525
322.2986575
311.2712526
306.7586505
303.6392473
301.5807519
339.8908009
337.2952323
330.442691
320.7053454
314.0841674
310.4028267
304.1492367
346.9950911
345.6811784
333.0155413
325.5094721
321.405527
309.2834557
309.9356763
351.2607682
350.0315563
343.5722234
337.5155647
337.5119424
329.9174372
320.8873816
337.5193563
329.3839123
326.1592537
321.3635133
319.3144209
311.8445039
303.2215139
331.6536998
320.6933211
316.2222919
313.5209594
308.1885426
304.1208325
299.3338624
330.1204296
317.4257038
310.0349589
308.154743
303.0667015
301.4307326
298.3715895
328.5266034
315.5022708
307.4591529
305.5225176
301.5221947
300.492157
298.0923946
325.5169707
315.3572401
306.6350276
304.5443824
301.9542997
300.1192737
298.0241613
317.0324921
311.8894603
308.6496184
308.2631759
303.3636323
299.4233363
298.7720436
313.7624105
310.1501902
312.4246497
304.6011788
300.7325275
299.3595394
299.3139295
317.0710984
311.9592461
308.623381
308.2159151
303.3778069
299.358746
298.6942617
325.5782631
315.3969861
306.6240193
304.4889158
301.8450233
300.0379897
297.9946254
328.5154638
315.516155
307.4927383
305.5198802
301.5032802
300.4411988
298.0750365
330.104322
317.4561025
310.0876194
308.1855143
303.0575828
301.3940253
298.3690648
331.6505675
320.7353704
316.2809914
313.5777149
308.1986695
304.0873212
299.3199561
337.5522976
329.4239679
326.163167
321.424077
319.354054
311.8180407
303.1930943
351.2698132
350.051793
343.5547607
337.5544586
337.5421658
329.9204499
320.8446597
299.9671838
299.9676503
299.9685875
299.9698199
299.9706451
299.970899
299.9709625
299.9709098
299.9709941
299.9709908
299.9706945
299.9698366
299.9685307
299.9672906
299.9673204
299.967667
299.9683692
299.9693755
299.9702449
299.9705902
299.9704364
299.9704008
299.9703378
299.9703936
299.970492
299.9706606
299.9704116
299.9696333
299.9681659
299.9677084
299.9686134
299.9693542
299.9698972
299.969953
299.9696493
299.9692255
299.9692935
299.9693333
299.9692218
299.9691132
299.9695105
299.9699457
299.9702265
299.9695317
299.9686691
299.969823
299.9702272
299.969962
299.9691302
299.9683795
299.968068
299.9684404
299.9687161
299.9685444
299.968172
299.9683953
299.969068
299.9700209
299.9703261
299.9698483
299.9706369
299.9705913
299.9696722
299.9684295
299.9677656
299.9678452
299.968461
299.9687942
299.9685353
299.9679199
299.9677734
299.9683087
299.9695567
299.9706311
299.9706589
299.9709205
299.9704625
299.9692217
299.9681162
299.9678956
299.9683343
299.968696
299.968721
299.9686955
299.9683577
299.9679661
299.9681016
299.9691379
299.9705262
299.970934
299.9710033
299.9704448
299.9692607
299.96844
299.9684932
299.9686916
299.9681516
299.9675915
299.9681131
299.9686776
299.9685811
299.9684856
299.9692196
299.970485
299.9709739
299.9709392
299.9703983
299.9693143
299.9686853
299.9687887
299.9686798
299.967565
299.9666488
299.9675614
299.9686796
299.9688343
299.9686767
299.969279
299.9704148
299.9709091
299.9709783
299.9704408
299.9692296
299.968505
299.9685102
299.9686327
299.9680823
299.967559
299.9681104
299.9686422
299.9685007
299.9684557
299.9692301
299.9704364
299.9709545
299.9709461
299.9705018
299.9691344
299.9681174
299.9678583
299.9682654
299.9686318
299.9686807
299.9686661
299.9682853
299.967859
299.9681016
299.9691657
299.9704283
299.9709079
299.9706555
299.9706199
299.9695559
299.9683819
299.9676909
299.9678497
299.9685001
299.9688039
299.9685181
299.9678905
299.9677506
299.9683804
299.969561
299.9704839
299.9706377
299.9698219
299.9702775
299.9699111
299.9691708
299.9683601
299.9680849
299.9684387
299.9686301
299.9684347
299.9681195
299.9684048
299.9691494
299.9699596
299.9701583
299.9698055
299.9686104
299.9695548
299.9699114
299.9698893
299.9695445
299.969165
299.9692396
299.969274
299.9692085
299.9691593
299.9695798
299.9699761
299.9700616
299.9694596
299.968611
299.9674739
299.9685373
299.9695371
299.9702181
299.9705428
299.9704843
299.9704862
299.9704357
299.9704467
299.9704211
299.9704774
299.9701434
299.9694225
299.9683996
299.9675094
299.9669351
299.9675629
299.968688
299.9698988
299.9706728
299.9709062
299.9709391
299.970903
299.9709785
299.9709382
299.9706743
299.9698441
299.9686293
299.967611
299.9671207
299.8974409
299.8963568
299.8939076
299.8916927
299.8906965
299.8905611
299.8905483
299.8906041
299.8905746
299.8905337
299.8906324
299.89172
299.8939894
299.8962815
299.8974689
299.896383
299.8945707
299.8924368
299.8915446
299.8916912
299.8923248
299.8924185
299.8924615
299.8925154
299.8924158
299.8917029
299.8915576
299.8925595
299.8945259
299.8964584
299.8939585
299.8924304
299.8919008
299.8928572
299.8944191
299.8956854
299.8957118
299.8955785
299.8957708
299.8957259
299.8943767
299.8927636
299.8919884
299.8926034
299.8940582
299.8917172
299.891556
299.892872
299.8954507
299.8977827
299.8989201
299.8985305
299.8981421
299.8985984
299.8990007
299.8978351
299.895348
299.892783
299.8916039
299.891839
299.8907192
299.8917233
299.8944432
299.8977783
299.8999344
299.9001182
299.8988026
299.8977987
299.898791
299.9000972
299.8999838
299.897765
299.8944076
299.8917728
299.8907945
299.8906074
299.8923464
299.8956865
299.898881
299.9000499
299.8987557
299.8962106
299.8945902
299.8962172
299.8987956
299.9001878
299.8989941
299.8957361
299.8924318
299.8906062
299.8906026
299.8924077
299.8956967
299.8985064
299.8987467
299.8961917
299.8926499
299.8906195
299.8925607
299.8961337
299.8987844
299.8985811
299.8957382
299.8924996
299.8906173
299.8906441
299.8924098
299.8955324
299.8981266
299.8978177
299.8946614
299.8907612
299.8890794
299.8906113
299.894498
299.897723
299.8981225
299.8955538
299.8924904
299.8906997
299.8906031
299.8924452
299.8956848
299.8985388
299.8988259
299.8963017
299.8927707
299.8907587
299.8926639
299.8961752
299.8987465
299.8985466
299.895723
299.8924613
299.890575
299.8905833
299.8923866
299.8956363
299.8988662
299.9001083
299.8988488
299.8962514
299.8946052
299.8961957
299.8987803
299.9001258
299.898993
299.8957461
299.8923515
299.8904563
299.8906831
299.8917366
299.8943564
299.8976217
299.8998382
299.9001397
299.8987944
299.8977435
299.8987317
299.9001102
299.8999922
299.8978639
299.8944765
299.8916977
299.8906281
299.8917124
299.8915853
299.892861
299.8953507
299.8976506
299.8988881
299.898501
299.8980685
299.8985098
299.8989755
299.8978686
299.8954767
299.892832
299.8914742
299.8917101
299.8939681
299.8925356
299.89188
299.8927908
299.8943893
299.8956892
299.8956829
299.8955141
299.8957039
299.8957406
299.8945
299.8928658
299.8919312
299.8924854
299.8939927
299.8963482
299.8946964
299.8925629
299.8915752
299.8917705
299.8924292
299.8924914
299.8924954
299.8924869
299.8923767
299.891731
299.8914988
299.8924566
299.8947515
299.8962113
299.8974488
299.8964698
299.8940936
299.8918976
299.8908424
299.890638
299.890634
299.8907171
299.8906196
299.8905066
299.8906597
299.8917655
299.8940022
299.8964521
299.897328
299.8050215
299.807097
299.8104093
299.8129471
299.8137939
299.8132305
299.8130075
299.8128542
299.8130866
299.8132448
299.8137279
299.8130308
299.8105129
299.8070222
299.8050429
299.8071349
299.8096111
299.8119596
299.8123188
299.8110919
299.8094554
299.8095362
299.8097408
299.8096316
299.8094913
299.811005
299.8123324
299.8120583
299.8095444
299.8072014
299.8104962
299.8119832
299.8119042
299.8094582
299.8062114
299.803904
299.8043226
299.8046996
299.8043806
299.8038903
299.8060763
299.8093832
299.8120405
299.8122147
299.8106705
299.8129908
299.8123642
299.8094882
299.8048626
299.8007861
299.7985691
299.7988394
299.7992321
299.7988958
299.7985868
299.8007208
299.8046883
299.8093741
299.8123976
299.8131783
299.8138583
299.8111818
299.8062698
299.800804
299.7971866
299.7961645
299.7971819
299.7981691
299.7972005
299.7961172
299.7971169
299.8006631
299.8061795
299.8111717
299.8139714
299.8133577
299.8095775
299.8039803
299.7986117
299.7961615
299.797028
299.8005055
299.8034816
299.8006122
299.7971081
299.7962143
299.798589
299.8039798
299.8096108
299.8133828
299.8131542
299.809649
299.8044077
299.7989398
299.7972088
299.8004744
299.8082899
299.8141181
299.8084682
299.8005468
299.7971811
299.7988353
299.8043381
299.8096329
299.8131307
299.8129733
299.8098355
299.8047923
299.7993784
299.7982221
299.8033798
299.813916
299.8203802
299.8141657
299.8034698
299.7981241
299.7991813
299.8046475
299.8097613
299.8129488
299.8131615
299.8097148
299.8044589
299.799009
299.7972656
299.8005381
299.808237
299.8139512
299.8083838
299.8005672
299.7971689
299.7988365
299.8043226
299.8096023
299.8130625
299.8133086
299.8095853
299.8039553
299.7986096
299.7961702
299.7970894
299.8004948
299.8033572
299.8005145
299.7970803
299.7961542
299.7985813
299.8039235
299.8094886
299.8130968
299.8137697
299.8110689
299.8061023
299.8006136
299.7970682
299.7962185
299.7972449
299.7981668
299.797182
299.7961633
299.7971482
299.8007691
299.8061924
299.8110374
299.8135983
299.8130004
299.8123347
299.8094215
299.8047141
299.8006453
299.79863
299.7989612
299.7993226
299.7989266
299.7986354
299.8007918
299.8048218
299.8093752
299.8121672
299.8128793
299.8104839
299.8120862
299.8119089
299.8093932
299.8062233
299.8040447
299.8044295
299.8047511
299.8044105
299.8040047
299.80626
299.8094249
299.8118514
299.8119179
299.8103977
299.8069344
299.8096211
299.8121155
299.812363
299.811206
299.8096783
299.8097102
299.8098491
299.8097042
299.8095992
299.8111399
299.8122311
299.8118924
299.8096142
299.8066871
299.804929
299.8071113
299.8106008
299.8131715
299.8139895
299.813423
299.8131941
299.8130286
299.813181
299.8132309
299.8136923
299.8129496
299.810404
299.8069738
299.8047825
299.7091186
299.7051274
299.6998094
299.6976676
299.6985461
299.7000141
299.7000873
299.6997387
299.7001536
299.7000063
299.6984849
299.6978147
299.6999603
299.7050802
299.7090884
299.7051971
299.7010401
299.6986414
299.7004656
299.7042351
299.7067158
299.705755
299.7047841
299.7058672
299.7067397
299.7041322
299.7005345
299.6987837
299.7009779
299.7051963
299.699948
299.6986782
299.7008224
299.7065228
299.7124867
299.7152086
299.7137751
299.7125361
299.7139082
299.715232
299.7123584
299.7065115
299.7010209
299.6989443
299.7000745
299.697734
299.7004964
299.7065277
299.7143046
299.72042
299.723135
299.7232074
299.7228478
299.7233858
299.7232162
299.720391
299.7141788
299.706478
299.7005932
299.697927
299.6986014
299.7042791
299.7124935
299.7204185
299.7247445
299.7252616
299.7258902
299.7257497
299.7259472
299.7252252
299.7246969
299.720355
299.7124792
299.7043417
299.6987387
299.700098
299.70675
299.7151755
299.7230945
299.7252488
299.7258165
299.7257552
299.7233793
299.7258684
299.7259112
299.7253339
299.7232295
299.7153133
299.7068714
299.7001605
299.7001899
299.7057529
299.713672
299.7230859
299.7258843
299.7257657
299.7194728
299.7113312
299.719365
299.7257785
299.7259027
299.7232553
299.7137847
299.7058252
299.7002055
299.6998191
299.7047237
299.7123063
299.7225529
299.7257229
299.7234862
299.7117293
299.701293
299.7113485
299.7233296
299.7256589
299.7226759
299.7123593
299.7047427
299.6998402
299.7001957
299.7057906
299.7136386
299.7230158
299.7258862
299.7258556
299.7197335
299.7117338
299.7195207
299.725787
299.7258447
299.723121
299.7136958
299.7057931
299.7001551
299.7000464
299.7067142
299.7150592
299.7229502
299.7251649
299.7258291
299.7257916
299.7234258
299.7257691
299.7258391
299.7252286
299.7231384
299.7152318
299.7067504
299.6998834
299.6985143
299.7041153
299.7122313
299.72009
299.7245177
299.7252243
299.7258498
299.7256311
299.7258249
299.7252208
299.7247068
299.7204658
299.712524
299.7041798
299.6983525
299.6977929
299.7005145
299.7064508
299.7140764
299.7201556
299.7230114
299.7229733
299.7224508
299.7230451
299.7231243
299.7204663
299.7143675
299.7065015
299.7003492
299.6976544
299.6999964
299.6988942
299.7008824
299.7064024
299.71238
299.7151938
299.7136409
299.7122484
299.7136888
299.7152568
299.712559
299.7065294
299.7007917
299.6986588
299.6998879
299.7050275
299.7011704
299.6989365
299.7005728
299.7043222
299.7068641
299.7058257
299.7047506
299.7058492
299.7068237
299.7042733
299.7004139
299.698638
299.7011166
299.7048005
299.7089948
299.705205
299.7001159
299.6979844
299.6987755
299.7001938
299.7002585
299.6998982
299.7002629
299.7000162
299.6984723
299.6977448
299.6999363
299.705144
299.7089924
299.5932232
299.599206
299.60369
299.6028276
299.5997506
299.5965634
299.5978526
299.5986828
299.5978929
299.5965136
299.599641
299.6029977
299.6038984
299.5991885
299.5931983
299.5992788
299.602948
299.6022331
299.5965366
299.5901441
299.5872647
299.591482
299.593941
299.5915433
299.5872124
299.5899387
299.5965479
299.602394
299.602914
299.599266
299.603858
299.6022918
299.5966835
299.5870224
299.5800547
299.5780535
299.5836586
299.5861479
299.583629
299.5779108
299.5797985
299.5869103
299.59683
299.6025568
299.6040031
299.6029281
299.5966075
299.5870674
299.5773324
299.5725847
299.5711587
299.5721721
299.5723618
299.5721548
299.5710572
299.5724043
299.5770763
299.5868739
299.5966205
299.6031282
299.5998578
299.5902558
299.5801315
299.5726177
299.5716497
299.5719213
299.5719907
299.5710981
299.5720268
299.5718066
299.5715061
299.572405
299.5799326
299.5901719
299.5999497
299.5967441
299.5874114
299.5781378
299.5711888
299.571904
299.5713854
299.5703128
299.5704784
299.5704291
299.5714193
299.5719136
299.5711049
299.5780321
299.5873662
299.5967287
299.5980677
299.5916327
299.5837806
299.5722793
299.5719882
299.5703368
299.5727959
299.5792354
299.5729563
299.5702977
299.5719138
299.5720147
299.5835272
299.5915114
299.5980008
299.5988804
299.5940874
299.5863564
299.5726073
299.5710929
299.5704604
299.5788168
299.5913476
299.5792395
299.5703704
299.5709123
299.5721589
299.5859853
299.5939079
299.5988231
299.5980697
299.5916998
299.5838485
299.5723145
299.5719482
299.5704138
299.5728162
299.5788294
299.5728101
299.5702605
299.5718446
299.5720233
299.5836024
299.5915687
299.5979587
299.5967005
299.5874048
299.5780585
299.5710429
299.5717133
299.5713349
299.5703131
299.5703535
299.5702611
299.5713106
299.5717991
299.5710844
299.5780959
299.5873835
299.5964736
299.5998166
299.590158
299.579888
299.5722922
299.5713363
299.571766
299.5718513
299.5709144
299.5718367
299.5717912
299.5715553
299.5725914
299.5801375
299.5901798
299.59959
299.6030449
299.5967556
299.5870645
299.5771665
299.5723875
299.5711144
299.5722018
299.572404
299.5721311
299.571131
299.5726208
299.5774313
299.5871007
299.5965096
299.6028566
299.6038834
299.6026329
299.5968767
299.5869729
299.5800089
299.5781526
299.583746
299.5861933
299.5836958
299.5781589
299.5802095
299.5871636
299.5967696
299.6023231
299.6037681
299.5989644
299.6030756
299.6026238
299.5967399
299.5903063
299.587494
299.5916441
299.5940375
299.5916665
299.587488
299.5903116
299.5966164
299.6023109
299.6030018
299.5987926
299.5929444
299.5991128
299.603962
299.6032098
299.6000739
299.5968395
299.5980987
299.5989213
299.5980885
299.5966512
299.5997569
299.602967
299.603814
299.5991098
299.5930559
299.4560121
299.4487628
299.4476297
299.4531247
299.4608704
299.4639621
299.4599913
299.4566514
299.4600724
299.463993
299.4608946
299.4533825
299.447833
299.4486669
299.455858
299.4488301
299.4472998
299.4525788
299.4638541
299.4730332
299.4732731
299.4641044
299.4586889
299.4642351
299.4733158
299.472958
299.4640316
299.4527942
299.4472441
299.4487119
299.4477895
299.4526446
299.4637628
299.4763221
299.4834233
299.4813551
299.4712049
299.465902
299.4713515
299.4813746
299.4833147
299.4764036
299.4640747
299.4529198
299.4479194
299.4531902
299.4638834
299.4763177
299.4849013
299.4843275
299.4828053
299.4833398
299.4829655
299.4833178
299.4826604
299.4841295
299.4847373
299.4763298
299.4640735
299.453445
299.460904
299.4730739
299.4834355
299.4843522
299.483116
299.4820767
299.482698
299.4820983
299.4826792
299.4818731
299.4828785
299.4841222
299.4833757
299.4731348
299.4610931
299.4639941
299.4733046
299.4813454
299.4828268
299.4820683
299.4813581
299.4823871
299.4830807
299.4824823
299.4813114
299.4819535
299.4826782
299.4813839
299.4733652
299.4640583
299.4600589
299.4641198
299.471147
299.4834021
299.4827203
299.4824083
299.486667
299.4868657
299.4867823
299.4823374
299.4825356
299.4831363
299.4711549
299.4641097
299.4600601
299.4567138
299.458653
299.4656826
299.4829908
299.4821216
299.4830719
299.4873722
299.4739994
299.4868322
299.4829418
299.4818787
299.4827007
299.4656382
299.4585962
299.4567268
299.4600773
299.4641532
299.4710366
299.4833838
299.4826721
299.4824482
299.4866867
299.4873333
299.4866379
299.4822883
299.4825037
299.4831382
299.4710272
299.4641075
299.4600142
299.463952
299.4732657
299.4811654
299.482651
299.4818579
299.4812653
299.4823305
299.48293
299.4822854
299.4812231
299.4818919
299.4826837
299.4813358
299.4733012
299.4637663
299.4608378
299.472945
299.4831608
299.4839906
299.4827797
299.4818864
299.4825414
299.4819038
299.4825201
299.4818987
299.4829683
299.4843154
299.4835026
299.4730105
299.4606561
299.4532815
299.4640035
299.4763142
299.4846725
299.4840742
299.4826984
299.4832514
299.4827625
299.4832197
299.4827343
299.4843463
299.4850263
299.4764046
299.4638063
299.4531543
299.4478124
299.4528747
299.4639141
299.4761789
299.4832365
299.4812686
299.4710318
299.4655739
299.4711206
299.4814312
299.4835592
299.4764223
299.4638176
299.4526689
299.4477401
299.4486272
299.447411
299.4528716
299.4639609
299.4730654
299.4733642
299.4641658
299.4586595
299.4642377
299.4734212
299.4731115
299.4638553
299.4526604
299.4474118
299.4485046
299.4559582
299.4487836
299.4478851
299.4533923
299.4610532
299.4640742
299.4601363
299.4567841
299.4601452
299.4639193
299.4607853
299.4532106
299.4477918
299.4488528
299.4561076
299.3390469
299.3416481
299.3349157
299.3212274
299.3118514
299.3111834
299.3227042
299.3274242
299.3227342
299.3111117
299.3117566
299.3214353
299.3351134
299.3415641
299.3389947
299.3416835
299.3362131
299.3230934
299.3066634
299.300819
299.305931
299.3241253
299.3311517
299.3241647
299.3058302
299.3006096
299.3067241
299.3232793
299.3361383
299.3416128
299.3350778
299.3231598
299.3081817
299.2968198
299.2969273
299.3035585
299.3220374
299.3271201
299.3219665
299.3033671
299.2966507
299.2967615
299.30838
299.323409
299.3352097
299.3213521
299.306724
299.2968272
299.2927482
299.2970855
299.2992118
299.3056742
299.3053838
299.3055375
299.2989526
299.2968684
299.2925904
299.2967395
299.3068209
299.3215775
299.3119257
299.300869
299.296929
299.2970825
299.2993317
299.2985719
299.3011181
299.3004668
299.301043
299.298278
299.2990036
299.2968479
299.2967671
299.3008426
299.312031
299.3112791
299.3059528
299.3034931
299.2991676
299.2985526
299.2983939
299.3010551
299.3012116
299.3011128
299.2982702
299.2983156
299.2989154
299.3033792
299.3059228
299.3112558
299.3228807
299.3242039
299.3220241
299.3056427
299.3011267
299.3010791
299.3046276
299.3062409
299.304565
299.3009525
299.3008573
299.305282
299.3217456
299.3240779
299.3227914
299.327567
299.3312389
299.3272352
299.305424
299.3004606
299.301208
299.3059593
299.3203338
299.3061455
299.3010253
299.3002058
299.3050879
299.3268828
299.3310619
299.3274871
299.3228863
299.3243069
299.3221787
299.3056937
299.3010324
299.3010515
299.3047068
299.3058786
299.3045023
299.3008884
299.3008697
299.305451
299.3219429
299.3241779
299.322752
299.311317
299.3060114
299.3034664
299.2989955
299.2982564
299.2981797
299.3009082
299.3010061
299.3008787
299.2981791
299.2983133
299.2990402
299.3035492
299.3060196
299.3110863
299.3120405
299.3008744
299.296723
299.2966481
299.2988993
299.2982438
299.3008479
299.3001833
299.3008585
299.2983091
299.2991363
299.2970727
299.2970385
299.3009229
299.3117997
299.3217078
299.3071033
299.2969779
299.2925213
299.2966958
299.2989526
299.3054522
299.3051245
299.3054036
299.299002
299.2970835
299.2929512
299.2970944
299.306893
299.32151
299.3353284
299.3237691
299.3086426
299.2968569
299.2967281
299.3033483
299.3218762
299.3269621
299.3218545
299.3034249
299.2970255
299.2971142
299.3085698
299.3235077
299.3352426
299.3415675
299.3365196
299.3237529
299.30707
299.3009253
299.3059005
299.3240805
299.3310749
299.3241186
299.305928
299.300961
299.3069651
299.3234986
299.3365021
299.3415184
299.3389137
299.3417184
299.3354184
299.321861
299.3122301
299.311315
299.322787
299.3274884
299.3227594
299.3111231
299.3119133
299.321607
299.3353042
299.3418359
299.3392215
299.1304424
299.1362073
299.1511139
299.1697798
299.1782045
299.1709183
299.1529381
299.144695
299.1529751
299.1709194
299.1782471
299.1700963
299.151347
299.1361949
299.1304223
299.1361885
299.1472965
299.1673765
299.1817841
299.18269
299.1690539
299.1455229
299.1365569
299.1455834
299.1690101
299.1825797
299.1819709
299.1676305
299.1473065
299.1362008
299.1512235
299.1674443
299.1828738
299.1868023
299.1834629
299.1711998
299.1521834
299.1455809
299.1523009
299.1711484
299.1833184
299.1868473
299.1832094
299.1677488
299.1513997
299.1697562
299.1817793
299.1867844
299.1844814
299.1853287
299.1825238
299.1759143
299.175234
299.1762009
299.1825674
299.1851683
299.1843452
299.1868195
299.1820249
299.1701105
299.1781896
299.1826844
299.1834345
299.185314
299.1905136
299.1900529
299.1925458
299.190665
299.1925059
299.1898007
299.1902496
299.1851633
299.1834051
299.1827759
299.1784149
299.1709112
299.16905
299.1711527
299.1824247
299.1900032
299.189705
299.191563
299.1892028
299.1916284
299.1896043
299.1898284
299.1825068
299.1711965
299.1691082
299.1709855
299.1529552
299.1455213
299.15212
299.1757049
299.1925089
299.1915939
299.1902187
299.1755725
299.1902187
299.191476
299.1923265
299.1759534
299.1521553
299.1454962
299.1529208
299.1447526
299.136541
299.1453292
299.1745925
299.1905394
299.1891856
299.1756642
299.1511238
299.1755365
299.1890158
299.1904004
299.1748261
299.1453104
299.1364759
299.1447313
299.1530264
299.1455828
299.151948
299.1752001
299.1923299
299.1915043
299.1902228
299.1756041
299.1900872
299.1913865
299.1922951
299.1755404
299.1519618
299.145515
299.1529424
299.1709342
299.1691062
299.1710291
299.1819763
299.1896409
299.1894135
299.191364
299.1889689
299.191377
299.1894906
299.1898169
299.1823759
299.1712029
299.1691193
299.1707814
299.1782651
299.1827684
299.1833715
299.1849407
299.1900074
299.1896288
299.1921627
299.1902649
299.1922422
299.189783
299.1903626
299.1853984
299.1836859
299.1828385
299.1781463
299.1699623
299.1820603
299.1869844
299.1843451
299.1849859
299.1820118
299.1751465
299.1743448
299.1754902
299.1824087
299.1854215
299.1847395
299.1871101
299.1819555
299.1699586
299.1512019
299.1676682
299.1831769
299.1868775
299.183427
299.171171
299.1519977
299.1452214
299.1521
299.1713582
299.1837407
299.1871109
299.1831512
299.167574
299.1512883
299.1361101
299.1473238
299.1676943
299.1820347
299.1829214
299.1693228
299.1456514
299.1365562
299.1456917
299.1693511
299.1829564
299.181971
299.1675771
299.1474593
299.1362536
299.1305363
299.1362068
299.151279
299.1700278
299.1784976
299.1711796
299.1531342
299.1448239
299.1531315
299.17104
299.1782776
299.1699055
299.1513257
299.1364246
299.1309283
299.0127895
298.9979251
298.9752934
298.9587699
298.9629423
298.9788595
299.0071956
299.0123013
299.0072118
298.9788089
298.9630111
298.9590888
298.9754966
298.9978948
299.0127785
298.9979152
298.9787312
298.9598377
298.9541403
298.966213
298.9865591
299.0145501
299.0174906
299.0145414
298.9864288
298.9661163
298.9543846
298.9601489
298.9787517
298.9979082
298.9753598
298.9598678
298.9562329
298.9605449
298.9748119
298.9860543
299.0062963
299.0052939
299.0061523
298.9858276
298.9746095
298.9607134
298.9566751
298.9602186
298.9755128
298.9587949
298.9541126
298.9604681
298.9651908
298.9707954
298.9695925
298.9737077
298.9668298
298.9734099
298.9692447
298.9705238
298.9651469
298.9607193
298.9544826
298.9591432
298.962917
298.9662072
298.9747689
298.9708257
298.9692743
298.9649068
298.9677887
298.963585
298.9677398
298.964657
298.9688739
298.9705525
298.9747882
298.9664173
298.9631934
298.9787192
298.9864302
298.9858847
298.9695387
298.9648289
298.9621329
298.9639474
298.9609364
298.964014
298.9620395
298.9646845
298.9692373
298.98588
298.9865761
298.9788768
299.0072433
299.0145447
299.0061704
298.9737387
298.967737
298.9639916
298.9692675
298.9761382
298.969314
298.9638903
298.9675948
298.9732088
299.0059783
299.0145357
299.0072715
299.012294
299.0174947
299.0053731
298.9670761
298.9634283
298.9609299
298.9764086
299.0008087
298.9759884
298.9607687
298.9633629
298.9666853
299.0052158
299.0174538
299.0123162
299.0072489
299.0146684
299.0065262
298.9740072
298.9675193
298.9638362
298.9691987
298.9762807
298.9691329
298.9637841
298.9675866
298.9736749
299.0064157
299.0146271
299.0072055
298.9788786
298.9865626
298.9860273
298.9695174
298.9644609
298.9617861
298.9637169
298.9607252
298.9637762
298.961944
298.9647375
298.969565
298.9861603
298.9866315
298.9787911
298.9630731
298.9662327
298.9747229
298.9705902
298.9689478
298.9644539
298.9673854
298.9631898
298.9675035
298.9646607
298.9691818
298.9708788
298.9749669
298.9662777
298.9629623
298.9592753
298.9546053
298.9608291
298.9651811
298.9705954
298.9694373
298.9737633
298.9668847
298.9736497
298.9694604
298.9708882
298.9655022
298.9609057
298.9544554
298.9592336
298.9758778
298.9606047
298.956872
298.9607141
298.9746605
298.9857871
299.0062054
299.0052433
299.00621
298.9858416
298.9748714
298.9608363
298.9567155
298.9604012
298.9759281
298.9981688
298.979314
298.960615
298.954574
298.9662399
298.9862892
299.0145124
299.0174473
299.0145133
298.9862359
298.9661829
298.954407
298.9603776
298.9793281
298.9983483
299.0129118
298.9982797
298.9759499
298.9593815
298.9631595
298.9786478
299.007144
299.0122156
299.0070872
298.978434
298.9628819
298.9591937
298.9759449
298.9985377
299.0133437
298.7767599
298.797242
298.8216733
298.8292827
298.8223439
298.7998802
298.7772468
298.7723086
298.7772402
298.799898
298.8224207
298.8295605
298.8218794
298.7972817
298.7767655
298.7971623
298.8167487
298.8309367
298.8302692
298.8196875
298.7964761
298.7776466
298.7747
298.7776201
298.7964106
298.8196682
298.8304715
298.8311806
298.8167563
298.7971965
298.8217919
298.8310188
298.8353804
298.8307625
298.8236262
298.8122055
298.7998823
298.7956318
298.7999914
298.8121681
298.823567
298.8309504
298.835731
298.831254
298.8219143
298.8292702
298.8302418
298.8306946
298.8300455
298.8318471
298.8323583
298.8343344
298.8374045
298.8346087
298.8324542
298.8318893
298.8301815
298.8309372
298.8305077
298.8295442
298.8223178
298.819618
298.8235085
298.8317837
298.8442617
298.8433935
298.8476002
298.8427196
298.8475564
298.8431897
298.8442849
298.8319031
298.8236718
298.8197999
298.8225257
298.7999278
298.7964302
298.8120581
298.8321773
298.8432845
298.840013
298.8432106
298.8391155
298.8433116
298.8399578
298.8432178
298.832432
298.8122672
298.7965679
298.8000335
298.7772775
298.7776543
298.7999301
298.8342048
298.847546
298.8432683
298.8509537
298.8360301
298.8510846
298.8432143
298.8474474
298.8345272
298.8000478
298.7776534
298.7772612
298.772338
298.7747
298.795412
298.8369064
298.8424771
298.838871
298.8349681
298.797927
298.8361397
298.8389972
298.842538
298.8370706
298.7953852
298.774683
298.7723382
298.77734
298.777705
298.7995181
298.8336238
298.8473287
298.8430864
298.8508235
298.8349963
298.8508582
298.8430905
298.8474338
298.834004
298.7995553
298.7776718
298.7772786
298.7999137
298.7965443
298.8120677
298.831921
298.8429517
298.8396708
298.8429911
298.8387147
298.8430977
298.8398717
298.8432771
298.8323615
298.8122776
298.7966169
298.7998488
298.8226903
298.8200935
298.8238092
298.8316831
298.8438205
298.8429523
298.8472315
298.8422814
298.8473522
298.8431747
298.8443167
298.8321451
298.8240848
298.8201761
298.8226946
298.8296847
298.8308365
298.831268
298.8302421
298.8317083
298.8319695
298.8336995
298.836727
298.8340131
298.8323403
298.8321459
298.8305937
298.8313812
298.8308188
298.8297759
298.8218449
298.8314218
298.8360024
298.8311952
298.8238822
298.8122961
298.7997201
298.7952947
298.7997539
298.8124262
298.8240907
298.8313325
298.8360015
298.8314281
298.8220551
298.7971026
298.8167828
298.8314378
298.8308248
298.8202604
298.7969892
298.7777365
298.7746402
298.7777173
298.7969972
298.8202761
298.8308008
298.831433
298.8170901
298.7974172
298.7767715
298.7971183
298.8218965
298.8297274
298.8229363
298.8005226
298.7774463
298.7723437
298.7773945
298.8004205
298.8228421
298.8297284
298.8221177
298.7975109
298.7772324
298.6225198
298.5944827
298.5841135
298.5864405
298.6087024
298.6394419
298.6533427
298.6483063
298.6533311
298.6392828
298.6088297
298.5867309
298.5842981
298.5944472
298.6224542
298.5943625
298.5806176
298.5851076
298.592298
298.6155154
298.637025
298.651368
298.6472203
298.6513146
298.6367122
298.6154877
298.5925665
298.5853988
298.580656
298.5943485
298.5841317
298.5851853
298.5960759
298.6028815
298.6188759
298.6202124
298.6347201
298.6308273
298.6343801
298.6198492
298.6187254
298.603077
298.596498
298.5854633
298.5842604
298.5863799
298.5923034
298.6028252
298.6004502
298.6048797
298.5998525
298.6041042
298.5926809
298.6038629
298.5995995
298.6047347
298.6005391
298.6031786
298.5927139
298.5867037
298.6086899
298.615578
298.618903
298.6049842
298.6068893
298.5982485
298.6054452
298.5971126
298.6054111
298.5981096
298.6066384
298.6048529
298.6189872
298.6158281
298.6089606
298.6390642
298.6367699
298.6199615
298.5997839
298.5980649
298.592449
298.5990018
298.5932383
298.5991605
298.5925591
298.5981407
298.5997057
298.6199649
298.6368762
298.6392053
298.653361
298.6513682
298.6343437
298.6039747
298.6053432
298.5991233
298.6135177
298.6088279
298.6132989
298.5990939
298.6053448
298.6036985
298.6341301
298.6513459
298.6533442
298.6483127
298.647191
298.6307172
298.5922571
298.5966256
298.5928382
298.6102371
298.6302206
298.6086047
298.5931658
298.5970208
298.5925872
298.6308404
298.6471936
298.6483202
298.6534221
298.6514268
298.6350938
298.6041982
298.6051754
298.5989196
298.6137083
298.6100897
298.6134172
298.598946
298.6053659
298.6041682
298.6350562
298.6513876
298.653362
298.6395486
298.6370676
298.6201309
298.599506
298.5977745
298.5920565
298.5988598
298.5927289
298.5990298
298.592389
298.5981888
298.5997675
298.6202693
298.6371272
298.6395374
298.6087159
298.6154976
298.6188338
298.6047576
298.6065745
298.5977787
298.6051066
298.5964989
298.6052269
298.5980029
298.6068314
298.6049689
298.6189113
298.6154206
298.6086527
298.5867156
298.5926204
298.6031301
298.6005149
298.6047941
298.5994924
298.6039561
298.5921273
298.6039731
298.5996055
298.6050234
298.6006746
298.603059
298.592456
298.5867858
298.5844043
298.5855848
298.5965588
298.6030838
298.6188216
298.6199113
298.6346284
298.630626
298.634608
298.619853
298.6188421
298.6029642
298.5963203
298.5854769
298.5845817
298.5946681
298.5808398
298.5856248
298.5926263
298.6154863
298.6365919
298.6514402
298.647151
298.6514166
298.6364357
298.6152774
298.5923633
298.5854731
298.5810169
298.5950025
298.6227897
298.5946329
298.5844138
298.5867089
298.6086715
298.638832
298.6534998
298.6483237
298.6534453
298.6386119
298.6084335
298.5866083
298.5845117
298.5949715
298.6232735
298.3893897
298.4189539
298.4371911
298.4425556
298.4301004
298.3999058
298.3920616
298.3869189
298.392074
298.399982
298.4301879
298.4427205
298.4372892
298.418977
298.389445
298.4189722
298.4313261
298.4438374
298.4462227
298.4341348
298.4074794
298.397442
298.3907311
298.3974318
298.4075586
298.4341689
298.4463573
298.4439881
298.4312601
298.4189878
298.4372883
298.4439625
298.4558848
298.454573
298.4500821
298.4379962
298.4264236
298.4131922
298.4266283
298.4379792
298.4500659
298.4546854
298.4560964
298.4440609
298.4373293
298.4424762
298.4460926
298.4542985
298.4572459
298.4606731
298.455441
298.4595071
298.461948
298.4596968
298.4555288
298.4607641
298.4573593
298.4544984
298.4462765
298.4426486
298.4301095
298.4340779
298.4497911
298.4605658
298.4734403
298.475108
298.4825952
298.4724092
298.4826087
298.4749843
298.4736529
298.4606678
298.4499631
298.4342121
298.4302365
298.3999613
298.4075667
298.4377789
298.4550961
298.4749002
298.4694934
298.4743313
298.4605354
298.4745965
298.4695857
298.4749849
298.4553165
298.4379923
298.4077346
298.4001121
298.3920767
298.3974938
298.4266514
298.4595321
298.482455
298.4744016
298.4800493
298.4379193
298.4807764
298.4745656
298.4825614
298.4596335
298.4268281
298.3974778
298.3920637
298.3868536
298.3906533
298.4129694
298.4617441
298.4718341
298.4593589
298.4329577
298.3716457
298.4382966
298.4606121
298.4723308
298.4617425
298.4129634
298.3906597
298.3868436
298.3920386
298.3973982
298.4258544
298.4590312
298.4822233
298.4740912
298.4794553
298.433243
298.4801178
298.4743164
298.4825008
298.4591375
298.4259361
298.397349
298.3919847
298.3996534
298.4072438
298.4378474
298.4553264
298.4747043
298.4691364
298.4740315
298.4592846
298.474319
298.4694406
298.4750736
298.4556333
298.4380455
298.4072993
298.3996499
298.4303764
298.4345033
298.4504433
298.4608417
298.4732253
298.4746956
298.4821757
298.4717094
298.4823306
298.4748822
298.473715
298.461087
298.4506007
298.434558
298.4304117
298.4427948
298.4466479
298.4551282
298.4576676
298.4607663
298.4552265
298.4591578
298.4615811
298.4593312
298.4555359
298.4610852
298.457827
298.4551877
298.4467027
298.4429258
298.4372104
298.4439718
298.4563894
298.4549273
298.4503294
298.4380981
298.4263229
298.4128869
298.4263694
298.4381918
298.4504451
298.4549832
298.4564169
298.4440917
298.437455
298.418702
298.4312902
298.4440341
298.4466027
298.4346516
298.4079599
298.3975389
298.3906294
298.3975113
298.4079566
298.434665
298.4466078
298.4441492
298.4315987
298.4190156
298.3890011
298.4187884
298.4372685
298.4427971
298.4306239
298.4003838
298.3921729
298.3868371
298.3921289
298.400302
298.4305966
298.442825
298.437509
298.4191786
298.3893575
298.1705107
298.1628396
298.1769597
298.1870778
298.2351458
298.2706565
298.2659611
298.2610281
298.2659722
298.2706656
298.2354095
298.1873127
298.177014
298.1627463
298.1703627
298.1626547
298.1701845
298.1860932
298.2029943
298.2442491
298.2619924
298.2708765
298.2641396
298.2708271
298.2615713
298.2443308
298.2032614
298.1861905
298.1701094
298.1626295
298.1770565
298.1862102
298.2125756
298.2291244
298.2476623
298.2431802
298.2493269
298.242998
298.248826
298.2426877
298.2475304
298.2293289
298.2128756
298.1862376
298.1770309
298.1869987
298.2032205
298.2296102
298.2267686
298.2355635
298.2287778
298.2219132
298.1998937
298.2219316
298.228397
298.2353208
298.2268024
298.2299428
298.2035311
298.1872161
298.2351615
298.2443985
298.2480011
298.2358488
298.2425768
298.2277748
298.2159181
298.1707373
298.2166178
298.2273945
298.2422057
298.2355998
298.2480727
298.2446085
298.2353813
298.2705972
298.261695
298.2432883
298.2290817
298.2276752
298.1909013
298.136201
298.0214305
298.1405219
298.1917092
298.2275465
298.2286935
298.2430422
298.2615889
298.2706815
298.2660139
298.2709642
298.2490707
298.2220344
298.2156216
298.1359104
297.9342961
297.6429454
297.9513438
298.1408949
298.2167191
298.2218861
298.2486307
298.2708726
298.2659689
298.2609578
298.264141
298.2432345
298.1997155
298.1680976
298.0101894
297.6010923
297.1224691
297.6489249
298.0238114
298.1713034
298.1997413
298.2430367
298.2640564
298.260913
298.2659162
298.2708874
298.2500843
298.2219269
298.2148442
298.1323161
297.9202745
297.6036541
297.9374543
298.1373742
298.2160848
298.2219402
298.2498157
298.2707745
298.2658304
298.2705156
298.2623099
298.2433689
298.2286104
298.2274333
298.1901001
298.1321961
298.0106701
298.1365931
298.1910479
298.227557
298.2284285
298.2431721
298.262128
298.2704716
298.2346568
298.2439909
298.2477043
298.2354604
298.2423378
298.2275458
298.2148059
298.1681341
298.2156268
298.2273727
298.2422637
298.2352995
298.2474993
298.2437853
298.2345931
298.1867417
298.2027052
298.2290772
298.226798
298.2356238
298.228744
298.2217287
298.1995424
298.2219198
298.2285623
298.2355062
298.2265939
298.2287501
298.2025254
298.1867903
298.1769015
298.1862058
298.2123871
298.2295629
298.2480036
298.2432817
298.2494082
298.2431063
298.2493019
298.2430462
298.2477495
298.2291333
298.2120379
298.1862047
298.1770568
298.1626933
298.1700613
298.1862606
298.2028443
298.2440786
298.2620366
298.2709769
298.264094
298.270925
298.2617372
298.2437449
298.2025357
298.1862686
298.1702499
298.1629749
298.1707421
298.162575
298.1769355
298.1865838
298.2345321
298.2708789
298.2660457
298.2609228
298.2659911
298.270767
298.2343408
298.1865354
298.1771119
298.1628609
298.1710273
297.984352
298.0101446
298.0309822
298.0442177
298.0182546
297.9920975
297.9856465
297.9822748
297.9856527
297.9920326
298.0182818
298.0440705
298.0310109
298.0100185
297.984298
298.009808
298.0245478
298.0501263
298.0498249
298.0348329
298.0157986
298.008989
297.9977949
298.0092374
298.0158542
298.0348015
298.0496933
298.0501971
298.0244422
298.009812
298.0310406
298.0503161
298.0670924
298.0661176
298.0693275
298.06456
298.0560598
298.0376408
298.0562126
298.0642966
298.0692079
298.0659787
298.0670397
298.050294
298.0310186
298.0439941
298.0494339
298.0648698
298.078244
298.0878617
298.0797104
298.0905524
298.0802697
298.0905982
298.0794577
298.0878235
298.0781965
298.0649006
298.0492916
298.043774
298.0184575
298.0348111
298.0685201
298.087517
298.0984544
298.0942789
298.0993073
298.0651277
298.0998239
298.0942883
298.0984733
298.0875253
298.0685243
298.0346889
298.0183164
297.9918258
298.015867
298.063478
298.0788869
298.0936895
298.0827789
298.037947
297.9006709
298.0411208
298.0831999
298.0938754
298.0787989
298.0634276
298.0159238
297.9917999
297.9856737
298.0095347
298.0564872
298.0906666
298.099304
298.0384814
297.8274307
297.0640861
297.8389338
298.0413478
298.0998503
298.0905185
298.0563067
298.0095037
297.9855585
297.982134
297.9977395
298.0376189
298.0802853
298.0636526
297.8951086
297.0644358
296.7525386
297.0641628
297.9024108
298.0654278
298.08003
298.037343
297.9975838
297.9820302
297.9856536
298.0084382
298.0553783
298.0902704
298.0987144
298.0358902
297.8183695
297.0645101
297.829846
298.0388119
298.0993864
298.0901368
298.0551224
298.008291
297.9855247
297.9920176
298.0155468
298.0646209
298.0800065
298.0941859
298.0823884
298.0357259
297.8954188
298.0389863
298.0830035
298.0945555
298.0800268
298.0646414
298.015517
297.9919662
298.0189168
298.0354998
298.0697396
298.088214
298.0985841
298.0938934
298.0987009
298.0636789
298.0993328
298.0942427
298.0987814
298.0882325
298.0697313
298.0354607
298.0188655
298.0453979
298.0507918
298.0666762
298.0787062
298.0879179
298.0796015
298.0905212
298.0802038
298.0905845
298.0796949
298.0880032
298.0786626
298.0667134
298.0508001
298.0454453
298.0307262
298.0498958
298.0675802
298.0655645
298.0690792
298.0643613
298.0561775
298.0375827
298.0560855
298.0643544
298.0690823
298.0656127
298.0676601
298.049933
298.0308704
298.0098984
298.0243636
298.0500046
298.0505695
298.0355872
298.0157427
298.009039
297.9976798
298.0090042
298.0157132
298.0356304
298.0506484
298.0500573
298.0245633
298.0101119
297.9840754
298.0096516
298.0307022
298.0454584
298.0192204
297.9919328
297.9856717
297.9820882
297.98563
297.9918527
298.0192866
298.0455948
298.0308699
298.0098317
297.9841706
297.5433315
297.6431401
297.690168
297.7998935
297.894649
297.8825744
297.8767332
297.8737957
297.8767876
297.8825528
297.8949284
297.8004706
297.6901559
297.6429824
297.5434057
297.6424161
297.6827607
297.7458841
297.8393857
297.8733686
297.857366
297.8701761
297.883543
297.8692285
297.8570096
297.8734569
297.8398615
297.7464194
297.6826714
297.6424981
297.6901391
297.7490474
297.8472824
297.8685289
297.8698218
297.8671588
297.8613007
297.8599523
297.8611575
297.8679259
297.8698324
297.8687556
297.8475502
297.7488613
297.6901143
297.8001438
297.840392
297.8705402
297.8607879
297.8778883
297.8830845
297.860605
297.846062
297.8606934
297.8832542
297.8777213
297.8607101
297.8704899
297.840704
297.8007256
297.894601
297.8735084
297.870613
297.8782805
297.8985934
297.8931922
297.8560533
297.8172541
297.8565082
297.893094
297.8982305
297.8780106
297.8705232
297.873552
297.8947641
297.8823841
297.8570186
297.8700537
297.8845622
297.8940539
297.8546503
297.7804593
297.5638323
297.7826664
297.8541963
297.8937131
297.884285
297.8701698
297.8568589
297.8823797
297.8768871
297.8689508
297.8618826
297.861191
297.8577553
297.7832208
297.5594277
296.9737365
297.5656703
297.7826672
297.8570199
297.8609291
297.8615455
297.8684755
297.8767784
297.8736248
297.8835253
297.8601433
297.8459083
297.8164085
297.5601946
296.9619054
296.9596399
296.9743624
297.5646255
297.8173853
297.845979
297.8600438
297.8833772
297.8735393
297.8766568
297.8718115
297.8614415
297.8604682
297.8562487
297.7814697
297.5547224
296.9626049
297.5609029
297.7809581
297.8556095
297.860243
297.8611116
297.8715916
297.8765179
297.8823625
297.8576457
297.8656513
297.882383
297.8928281
297.8549882
297.7813115
297.5604586
297.7835056
297.8548109
297.892706
297.8820633
297.865338
297.8574266
297.882315
297.8938834
297.8732388
297.8698842
297.8777442
297.8984456
297.8933394
297.8568337
297.8164899
297.8570785
297.8932216
297.8982353
297.8774319
297.8695558
297.8729713
297.8938542
297.7969279
297.8379352
297.8686359
297.8611194
297.87797
297.883227
297.8607736
297.8458988
297.8608021
297.8830442
297.8777247
297.860876
297.868254
297.8377954
297.7970012
297.6896774
297.7443985
297.8463554
297.8706309
297.8704384
297.8672455
297.8614749
297.8600676
297.8613247
297.8670294
297.870148
297.8702558
297.8459102
297.7442351
297.6897432
297.642653
297.6823776
297.7471213
297.838525
297.8731075
297.8574915
297.8702845
297.8834314
297.8701123
297.8572377
297.8728067
297.8382383
297.7471486
297.682492
297.6427498
297.5425314
297.6420611
297.6895844
297.7964257
297.8933197
297.8823897
297.8767702
297.8735482
297.8767275
297.8823162
297.8931974
297.7962712
297.6896693
297.6420468
297.5424403
298.2865708
297.9065931
297.7049968
297.650788
297.6497986
297.6554143
297.6125918
297.5724208
297.6138129
297.6552556
297.6499728
297.6502463
297.7037853
297.9043222
298.2860504
297.8918685
297.838366
297.7091788
297.6866191
297.6947588
297.6980734
297.6751857
297.6510956
297.6763029
297.6985736
297.6948099
297.6863605
297.7082937
297.8378552
297.8929578
297.7005711
297.7047349
297.71947
297.737474
297.7538241
297.7411164
297.7331085
297.7101693
297.733142
297.7389112
297.7536143
297.7372393
297.7193837
297.7048506
297.7004264
297.6497145
297.6863694
297.7361087
297.7587539
297.7643149
297.746566
297.7607333
297.7473847
297.7606383
297.7453329
297.7642861
297.7586884
297.7363169
297.6861695
297.6492993
297.6499982
297.6952041
297.7533153
297.7642377
297.7613728
297.7433094
297.7554048
297.7344023
297.7547625
297.7425642
297.7613918
297.7642185
297.7533001
297.6951001
297.6499604
297.6545777
297.6991638
297.7360655
297.7435854
297.7412959
297.7327199
297.7075574
297.5981785
297.7082494
297.7326413
297.7411047
297.743237
297.7355602
297.6992698
297.6545881
297.6145352
297.67754
297.7332226
297.7607505
297.7537748
297.7078796
297.5350184
297.2111843
297.5387027
297.7074755
297.7534757
297.7605252
297.7330887
297.6776815
297.6147192
297.5715527
297.6505782
297.7099351
297.7472132
297.7338671
297.5967135
297.2066019
297.0410454
297.211958
297.5984182
297.7344099
297.7472528
297.7098521
297.6505345
297.5715717
297.6103673
297.6734009
297.7328446
297.7607909
297.7565802
297.7086333
297.5324748
297.2073036
297.5362324
297.7084187
297.7566415
297.7606361
297.7326656
297.6731757
297.6101713
297.6551593
297.6969967
297.7440663
297.7483631
297.7444197
297.7333611
297.7078006
297.5968815
297.7089488
297.7336308
297.7445237
297.7484384
297.7442306
297.6969085
297.6551869
297.6495707
297.6949628
297.7541401
297.7647187
297.7616193
297.7432387
297.7552367
297.7339201
297.7554896
297.7433221
297.7616232
297.7646544
297.7540484
297.6948965
297.6495212
297.6528955
297.6873345
297.737637
297.7589653
297.7645953
297.7466464
297.760879
297.7471632
297.7608697
297.7466504
297.7645858
297.7587698
297.7377362
297.6873267
297.6528931
297.707609
297.7101711
297.7188477
297.7359305
297.7538193
297.7412069
297.7332851
297.7095769
297.73321
297.7410965
297.7536807
297.7358487
297.71901
297.7105915
297.7080251
297.9091459
297.8411535
297.7063588
297.6875415
297.6955632
297.6980261
297.6754167
297.6505732
297.6754057
297.6980076
297.6955653
297.6875614
297.7064305
297.8417616
297.9105306
298.2947635
297.896211
297.7039009
297.6525639
297.6499491
297.6544802
297.6126648
297.5717041
297.612695
297.6544313
297.6499883
297.6527594
297.7040748
297.8962275
298.2960901
298.637137
297.9752436
297.6817136
297.502749
297.4429216
297.434054
297.3923125
297.3535421
297.392903
297.4341082
297.4430121
297.5021776
297.6804596
297.9735082
298.6366029
297.9639505
297.8344291
297.6100463
297.4924329
297.4769379
297.4864959
297.4644744
297.4449426
297.4648699
297.4877787
297.4769877
297.4919598
297.608161
297.833942
297.9646108
297.6766773
297.5999942
297.5222805
297.5185632
297.5406815
297.5875128
297.5252051
297.5016009
297.5253745
297.5910785
297.5405724
297.5182546
297.5219532
297.6002758
297.6764801
297.5013532
297.4905017
297.5166645
297.5459383
297.5999598
297.6280751
297.5528971
297.5359332
297.5529345
297.6288433
297.5995432
297.5458298
297.516764
297.4903524
297.5008894
297.443083
297.4770208
297.540056
297.5994872
297.6349049
297.6316334
297.5850164
297.5550131
297.5865201
297.6315427
297.6343801
297.5992079
297.5400308
297.4769371
297.4429487
297.4338094
297.4895761
297.5956572
297.630363
297.6322623
297.5888115
297.5409209
297.5023811
297.5398064
297.5879684
297.6318641
297.6302356
297.596223
297.4898819
297.4338429
297.393117
297.4653622
297.5257678
297.553514
297.5893604
297.5388367
297.382694
297.1708425
297.3811185
297.538593
297.5891133
297.5535194
297.5256542
297.4653932
297.3932496
297.3528429
297.4446112
297.5013689
297.5356307
297.554266
297.5004456
297.1673057
297.0078637
297.1719263
297.5025163
297.5545176
297.5357056
297.501347
297.4445962
297.3528797
297.3910342
297.4636425
297.5246544
297.5526096
297.5826314
297.5418362
297.3851566
297.1680993
297.3843953
297.5417263
297.5818254
297.5523958
297.5244411
297.4635047
297.3909724
297.4335604
297.4846933
297.5813932
297.6267023
297.6317028
297.5900457
297.5408717
297.5008056
297.5403175
297.5894828
297.6314511
297.6263075
297.5806081
297.4844712
297.4335545
297.4432273
297.4772205
297.5407974
297.5999979
297.6358035
297.6322214
297.5862018
297.5545647
297.5857476
297.6320558
297.6355004
297.5996365
297.540614
297.4771038
297.4431705
297.5050503
297.4935793
297.5187812
297.546136
297.5998055
297.6284211
297.5531964
297.5356684
297.5530487
297.6282341
297.5994027
297.5459571
297.5188334
297.4936723
297.5050868
297.6849787
297.6129433
297.5228981
297.5169766
297.540259
297.5876296
297.525382
297.5012729
297.5252652
297.5874502
297.5400681
297.5169079
297.523094
297.6138101
297.6854575
297.9790479
297.8377258
297.604022
297.4920819
297.4774101
297.4865606
297.4645139
297.4445485
297.4644506
297.4864853
297.4773724
297.4921701
297.6042336
297.8384356
297.9804067
298.6481971
297.9691502
297.6807441
297.5043057
297.4436511
297.4337144
297.3922708
297.3530204
297.3922696
297.4337026
297.4437532
297.50455
297.681035
297.9696169
298.6503613
307.4937187
302.7592861
299.5411526
298.1513623
297.7124697
297.7342535
298.5723355
298.6844211
298.505539
297.7182995
297.7066354
298.1562198
299.548786
302.765687
307.4940108
302.7836939
301.4115067
299.0634559
297.9225048
297.5626525
297.5522147
298.0583481
298.1956714
298.0185082
297.5441664
297.5615205
297.9242709
299.0650832
301.4147175
302.7802613
299.566105
299.0636836
298.2965999
297.7541271
297.550389
297.512734
297.7355515
297.8010372
297.7156753
297.5086993
297.5502952
297.7545335
298.2969634
299.0648028
299.5667909
298.1690594
297.9275074
297.7542096
297.6158139
297.5364644
297.4871488
297.5678472
297.5753703
297.5591178
297.4851289
297.5366898
297.6158437
297.7543961
297.9277032
298.1694484
297.7024738
297.5613833
297.5500989
297.5369082
297.5086272
297.4701033
297.4873825
297.4800488
297.4851036
297.4693371
297.5088176
297.536881
297.550051
297.5609739
297.7010072
297.6991979
297.5348096
297.5041573
297.4830884
297.4685176
297.4408271
297.4318434
297.3945547
297.4301367
297.4402238
297.4682269
297.4825107
297.503268
297.5329833
297.6952057
298.4341424
297.9756613
297.6942072
297.550083
297.4832449
297.4302287
297.3063997
297.1478926
297.3037798
297.4292637
297.4825986
297.548828
297.6906598
297.9687526
298.4224807
298.697129
298.2038404
297.8046721
297.5765557
297.480446
297.3946886
297.1480093
296.9801421
297.1481916
297.3948366
297.4805295
297.5765882
297.8044854
298.2037403
298.6968372
298.6707753
298.1172119
297.7644889
297.5800664
297.4900455
297.4336418
297.3082626
297.1483622
297.3061532
297.4331926
297.4900666
297.5811177
297.7672946
298.1231453
298.6805605
297.7604442
297.5654094
297.5188923
297.4902571
297.4710847
297.441823
297.4323204
297.3946231
297.4318618
297.4415976
297.4709173
297.4903014
297.5192554
297.5665092
297.7626671
297.7239165
297.5664265
297.5512796
297.536787
297.5080851
297.4699853
297.486913
297.4801264
297.4868721
297.4697816
297.5079485
297.5366336
297.5512245
297.5665834
297.7246442
298.1509725
297.9240443
297.7554605
297.6164489
297.5370551
297.4872608
297.5657777
297.5761916
297.5653075
297.4870885
297.5370193
297.6165528
297.755832
297.9241249
298.1501091
299.5439115
299.0716968
298.3010454
297.7552236
297.5508161
297.5122849
297.7302849
297.8050513
297.7295093
297.5120644
297.5508148
297.7557579
298.3025041
299.0738727
299.5429935
302.7844243
301.4346579
299.0705757
297.9277795
297.5651984
297.5515968
298.0479473
298.2043816
298.0464793
297.5513342
297.5653612
297.9287005
299.0734425
301.4427958
302.7850651
307.5623128
302.8040096
299.562811
298.1647488
297.716884
297.7344966
298.5552406
298.6989363
298.5527967
297.7341617
297.7170226
298.1658868
299.5654944
302.8135503
307.5802364
317.729756
310.5718362
303.4303442
299.8128187
298.2716966
297.8293302
298.4464314
298.6657083
298.3869575
297.812967
298.2629946
299.8230886
303.4355083
310.547534
317.7126746
310.6802485
308.9660739
303.5492858
299.6236134
298.0205657
297.6373776
298.0303986
298.2686844
297.9904874
297.6275217
298.0175875
299.6290016
303.5468053
308.9599723
310.6828246
303.4977892
303.6028443
302.2008579
299.32207
297.9275145
297.5423043
297.7296648
297.9156275
297.7086162
297.5375346
297.9273968
299.323712
302.2013972
303.6067785
303.4976845
299.8603613
299.6527392
299.3471871
298.5111148
297.77913
297.4917582
297.5576343
297.6422086
297.5478714
297.4893422
297.7795331
298.5111866
299.3484312
299.6536744
299.8612851
298.2619361
298.0206312
297.9330831
297.7813374
297.5880116
297.456065
297.4596582
297.4701515
297.4558725
297.4551746
297.5884522
297.7813773
297.9330647
298.0196306
298.259523
297.7959873
297.6176484
297.5329561
297.487028
297.4541661
297.3886132
297.381861
297.3644626
297.380111
297.3883114
297.4539685
297.4863792
297.5318868
297.6153726
297.7920824
298.322162
297.9470667
297.6857692
297.5368726
297.4512884
297.378108
297.2780591
297.1261009
297.2753379
297.3776296
297.4504578
297.5348052
297.6820134
297.9399769
298.3114298
298.6778385
298.277574
297.9211979
297.644935
297.4707843
297.3648343
297.1268711
296.9184048
297.1266862
297.3651841
297.470794
297.6446981
297.9210157
298.2773286
298.6774316
298.5339073
298.0893862
297.7604176
297.5713395
297.4655141
297.3843667
297.2811269
297.1272622
297.2793046
297.3844208
297.4659147
297.5725654
297.7634244
298.0952692
298.5424392
297.8566604
297.6540011
297.5503324
297.4959488
297.4573471
297.3892253
297.3816304
297.3646117
297.3813246
297.3889478
297.4572645
297.4961458
297.5508157
297.6551911
297.8587957
298.2909485
298.0316358
297.9334424
297.7816336
297.5878735
297.4560023
297.4590298
297.4707466
297.45839
297.455798
297.5880006
297.7819557
297.9338804
298.0321142
298.2914456
299.8189506
299.6350858
299.3377715
298.5180584
297.7826984
297.4924743
297.555337
297.645533
297.5548818
297.4924076
297.7832319
298.5199755
299.3397761
299.6359319
299.8174839
303.4678344
303.6044143
302.2286291
299.3477542
297.9353903
297.5432123
297.7242563
297.9221474
297.7234565
297.5431099
297.9362323
299.3507089
302.2349841
303.6124782
303.4685579
310.707403
309.0443593
303.6188795
299.651544
298.0306026
297.6394304
298.0206546
298.2792512
298.0192458
297.6393499
298.0314552
299.6548543
303.6264047
309.0573412
310.7238075
317.8652709
310.726971
303.502715
299.850055
298.2851187
297.8323644
298.4324701
298.6802737
298.4303714
297.8321895
298.2857775
299.8530337
303.5080335
310.7355916
317.8826925
317.6758137
310.5943676
303.4920312
299.8259183
298.2694589
297.8253926
298.417131
298.6437681
298.3599346
297.8088874
298.2609388
299.8357523
303.4968116
310.5715792
317.6590599
310.7012398
308.9283811
303.5489353
299.6321818
298.0181024
297.6308036
298.0044194
298.2561806
297.965694
297.6208143
298.0148817
299.6374478
303.5465683
308.9222773
310.7033321
303.5599011
303.6022264
302.1707506
299.3152423
297.9188179
297.5331447
297.7137899
297.9025834
297.6915678
297.5282844
297.9186336
299.3169333
302.1713086
303.6060251
303.5597521
299.872629
299.6617828
299.3400358
298.4942849
297.7661914
297.4804297
297.5341516
297.629274
297.5233574
297.4779605
297.7665576
298.4943639
299.341213
299.6627689
299.8734925
298.2600946
298.0178511
297.9242598
297.7683401
297.5741631
297.4286379
297.4273025
297.4474522
297.4233868
297.427551
297.5745477
297.7683608
297.9242176
298.0168214
298.2576778
297.7918216
297.6107854
297.5235909
297.4756096
297.4264233
297.3586339
297.3503859
297.3320614
297.348608
297.3582356
297.4261397
297.4749257
297.5225008
297.608491
297.7879167
298.2973484
297.9234986
297.6673412
297.511245
297.419402
297.3467808
297.2450624
297.0979786
297.2422421
297.3462459
297.4183884
297.5085326
297.663345
297.9165966
298.2869522
298.6552765
298.2649803
297.9080985
297.6319728
297.4483584
297.3324283
297.0988748
296.8964057
297.0985262
297.3327323
297.4482329
297.6317372
297.9079161
298.2647346
298.6547533
298.5017183
298.0618517
297.7462277
297.5493101
297.4332072
297.3528812
297.2481959
297.0992735
297.2462603
297.3528782
297.4334999
297.5507106
297.7494621
298.0675378
298.5099098
297.8528889
297.6475498
297.5412841
297.4846634
297.4302026
297.3592385
297.3501753
297.3322751
297.3498738
297.3589921
297.4301603
297.4848519
297.5417715
297.6487382
297.8550393
298.2874707
298.0293892
297.9248214
297.7687122
297.5740313
297.4284567
297.4264297
297.4486607
297.4262276
297.428392
297.5741601
297.7690294
297.925254
298.0298781
298.2878664
299.833024
299.6443139
299.3309108
298.5011647
297.7697376
297.4811171
297.5316387
297.6325667
297.5312255
297.4810577
297.7702634
298.503049
299.3329074
299.6453031
299.8316986
303.5313299
303.6039251
302.1982766
299.3407849
297.9267103
297.5340536
297.7083314
297.9090588
297.7075089
297.5339464
297.9275455
299.3437429
302.204631
303.6119942
303.5321142
310.7299319
309.0064706
303.6183866
299.6606835
298.0282608
297.6328396
297.9952959
298.266692
297.9939466
297.6327493
298.0291046
299.6640079
303.6260207
309.0192749
310.7451974
317.8103606
310.7485633
303.5654127
299.8632197
298.2830738
297.8284189
298.4041624
298.6584394
298.4021715
297.8282393
298.2837608
299.8662223
303.5709249
310.7573162
317.8280832
317.5750137
310.6171479
303.552052
299.8470645
298.2689282
297.8202265
298.4023065
298.6317414
298.3462879
297.8034566
298.2602443
299.8564834
303.5566399
310.5952768
317.5585332
310.7225359
308.8948798
303.5571713
299.6476739
298.0173003
297.622656
297.9917992
298.2451809
297.9536419
297.6123806
298.0139132
299.6527917
303.5550773
308.8887758
310.723906
303.6201593
303.6097328
302.1543914
299.3131874
297.9115086
297.519413
297.6985457
297.8882446
297.6767798
297.5144032
297.9111971
299.3148847
302.1549515
303.6131094
303.6200208
299.8932182
299.6775828
299.3378367
298.4827033
297.7513624
297.4634702
297.516432
297.6122162
297.5059117
297.4609678
297.7517071
298.4827971
299.3389831
299.6785489
299.8940004
298.259614
298.0168636
297.9168285
297.7534762
297.5540252
297.4060911
297.4040493
297.4248437
297.4002034
297.4050919
297.5547106
297.7534929
297.9167537
298.0158389
298.2571831
297.7862477
297.6020053
297.509514
297.4584896
297.403601
297.3334564
297.323531
297.3048587
297.3217454
297.3330786
297.4036328
297.4578172
297.5083866
297.5996712
297.7823416
298.2848589
297.912006
297.6527839
297.4943493
297.3960417
297.3199807
297.2170007
297.0740088
297.214143
297.3194405
297.3951896
297.4920815
297.64882
297.9051882
298.2746248
298.6431379
298.2539156
297.8937496
297.6148997
297.4255963
297.3052035
297.0749975
296.8775621
297.0745348
297.3054998
297.425592
297.6146774
297.8935851
298.2536834
298.6426195
298.485441
298.0485152
297.73115
297.5314532
297.4098397
297.32601
297.2201751
297.0754038
297.2181821
297.3259913
297.4102239
297.5328716
297.7345075
298.0541278
298.4934609
297.8479671
297.6396954
297.5277798
297.4677802
297.4078436
297.334194
297.3234033
297.3051168
297.3230346
297.3339401
297.4078814
297.4679813
297.5282914
297.6409089
297.8501346
298.2862119
298.0286367
297.9177047
297.7540127
297.5543858
297.4063203
297.403396
297.4259786
297.4028373
297.4059961
297.5544164
297.754322
297.9181515
298.0291481
298.2865736
299.8549344
299.6603268
299.3288361
298.4895417
297.7549952
297.4641847
297.5140274
297.6155033
297.5135923
297.4641011
297.7555163
298.4913986
299.3308502
299.6614002
299.8537601
303.5925458
303.6116951
302.1818163
299.3386899
297.9195714
297.5203698
297.6933018
297.8947587
297.6924987
297.5202664
297.920414
299.3416528
302.1882469
303.6196588
303.5934828
310.7514451
308.9726801
303.6261855
299.6766544
298.0274711
297.6247183
297.9830001
298.255743
297.9816828
297.6246201
298.0283104
299.6800179
303.6339928
308.9852361
310.7660343
317.7081376
310.7699307
303.62625
299.8845504
298.2826362
297.8232576
298.3898555
298.646396
298.3879264
297.823071
298.2833318
299.8875953
303.6318283
310.778528
317.7257433
317.4960712
310.6375645
303.5971519
299.8598162
298.2678858
297.8146649
298.3834912
298.6148375
298.3289484
297.797726
298.2601426
299.8689065
303.6014634
310.6164814
317.4798039
310.742034
308.845996
303.5612192
299.656912
298.0164974
297.6137596
297.9761866
298.227651
297.9388312
297.6032073
298.0129541
299.6619231
303.5591612
308.8399507
310.7430073
303.6654839
303.613368
302.1226199
299.3087092
297.901448
297.5038142
297.6794769
297.8677889
297.658318
297.4986103
297.9010462
299.3104574
302.1231794
303.6165424
303.66549
299.9054583
299.6871479
299.3331227
298.463846
297.7316295
297.4427573
297.494325
297.589763
297.4840526
297.4401743
297.7318665
298.4639749
299.3341939
299.6881163
299.906265
298.2596523
298.0157085
297.9066211
297.7336578
297.5311491
297.3855089
297.383272
297.4040308
297.3793436
297.3843161
297.5310961
297.7335927
297.90649
298.0146231
298.2572366
297.7802523
297.5924685
297.4934671
297.4376409
297.3831187
297.3141956
297.3033331
297.2843086
297.3015292
297.3137529
297.3826999
297.4369263
297.4922932
297.5900746
297.776351
298.269045
297.8979768
297.6347106
297.4728971
297.3755465
297.2998633
297.1960183
297.0561636
297.1931167
297.2992928
297.3745603
297.4708453
297.6307911
297.8912581
298.2590444
298.6261057
298.2362785
297.8732894
297.592466
297.4049488
297.284651
297.0572246
296.8634736
297.0566676
297.284917
297.4047955
297.5922531
297.8731235
298.2360485
298.6256145
298.4648151
298.031948
297.7124599
297.5093664
297.3891284
297.3057895
297.1992208
297.0576351
297.1971696
297.3057349
297.3893897
297.5107715
297.7157664
298.0374421
298.4726505
297.8427781
297.6312343
297.512566
297.4471825
297.3870996
297.31491
297.3032343
297.2846254
297.302871
297.3146753
297.3870425
297.4473946
297.5131007
297.6324798
297.8450041
298.2838345
298.0281123
297.9078583
297.7343285
297.5308064
297.3853343
297.3824405
297.4053283
297.38223
297.3852718
297.5310355
297.734674
297.9083042
298.028648
298.2842305
299.8682897
299.6699901
299.3243693
298.4706763
297.7352426
297.4434507
297.4920125
297.5930604
297.4916162
297.4433915
297.7357964
298.4725128
299.3263735
299.6711279
299.8672585
303.6387565
303.6155845
302.1497596
299.3341633
297.9096899
297.5048586
297.6744628
297.8742769
297.6736823
297.504759
297.9105494
299.337151
302.1561662
303.6235683
303.6399216
310.7709029
308.9229049
303.6299691
299.6862803
298.0270505
297.6159059
297.9677947
298.2381993
297.9665161
297.6158071
298.0279107
299.6896794
303.6378794
308.9353541
310.7851523
317.628444
310.7893217
303.6720549
299.8974534
298.2819272
297.8178226
298.3717066
298.6294676
298.3698502
297.8176403
298.2827263
299.9005372
303.6777201
310.7979817
317.6453643
317.3919541
310.6593201
303.6570945
299.8831145
298.2676965
297.8103635
298.370217
298.6037505
298.3166958
297.7933427
298.2604949
299.8918339
303.6609779
310.6389131
317.3760626
310.7620838
308.8117532
303.5691688
299.6731807
298.0166926
297.6064763
297.9651873
298.2157903
297.9283586
297.5957963
298.0131336
299.6780817
303.5673866
308.8057664
310.7627919
303.7254764
303.6207329
302.0995245
299.3057034
297.8934918
297.4918946
297.6661891
297.8538914
297.6452249
297.486615
297.8930518
299.3074803
302.1000711
303.6235284
303.7255971
299.928238
299.7036422
299.3296987
298.4494765
297.7171314
297.4276612
297.478505
297.5740702
297.4683876
297.4250519
297.7174055
298.4496382
299.3307094
299.7045612
299.929
298.2601853
298.0158418
297.8985393
297.7190813
297.5117773
297.3642442
297.36142
297.3828894
297.3575267
297.363257
297.5125629
297.7190786
297.8983553
298.0147137
298.2577625
297.7757071
297.5847824
297.4813147
297.4223807
297.3616321
297.290294
297.2777931
297.2585735
297.2759812
297.2898865
297.3616745
297.4217014
297.4800729
297.5823163
297.7717769
298.2578961
297.8880306
297.6219675
297.4573939
297.3534929
297.2743746
297.1694811
297.0335015
297.166556
297.2737975
297.3526974
297.455444
297.6180487
297.8813406
298.2480171
298.6149315
298.2243394
297.859403
297.5767259
297.3835934
297.2588906
297.0346435
296.8457351
297.0339795
297.259142
297.3836116
297.5765493
297.8592321
298.2240773
298.6144264
298.4502597
298.0202952
297.6993541
297.4935255
297.3670772
297.2802052
297.1726965
297.0350503
297.1705963
297.2801286
297.36747
297.4949394
297.7025596
298.0256732
298.4579355
297.8386914
297.6240532
297.5008111
297.4321659
297.3661396
297.2911489
297.2777759
297.2589345
297.2773449
297.2908993
297.3662022
297.4324092
297.5013534
297.6252708
297.8408983
298.2830565
298.02838
297.9000743
297.7200027
297.5125166
297.3646406
297.3608633
297.3841178
297.3602589
297.3642918
297.5125757
297.7203677
297.9005186
298.028893
298.283495
299.8923609
299.6867136
299.3213005
298.456372
297.7208673
297.428409
297.476299
297.577376
297.4758759
297.4283302
297.7214328
298.4582344
299.3232852
299.6878685
299.8914854
303.6998963
303.6229748
302.1264056
299.3309523
297.9018875
297.4929503
297.6612852
297.8603703
297.6605108
297.4928579
297.9027634
299.333941
302.132751
303.6307766
303.7013748
310.7910248
308.8877403
303.6375043
299.7029433
298.0273169
297.6085951
297.9570438
298.2263014
297.9557888
297.60849
298.0281872
299.7063695
303.645435
308.9000641
310.8051653
317.5230416
310.8094521
303.7326803
299.9209919
298.2820855
297.8135078
298.3588628
298.6183359
298.3570566
297.8133236
298.2829175
299.9241421
303.7384636
310.8183817
317.5396033
317.3218798
310.6787053
303.6999371
299.8971092
298.26799
297.8062428
298.3527269
298.5875166
298.3005667
297.7891119
298.261327
299.9056121
303.7035468
310.6588475
317.3060538
310.7804723
308.7672817
303.5730626
299.6828914
298.0172613
297.5991476
297.9509481
298.1993756
297.9148837
297.5882677
298.0137008
299.6877897
303.5714962
308.7614186
310.7809967
303.7684445
303.6243923
302.0695067
299.3018342
297.8850584
297.4779578
297.6490475
297.8348178
297.6281406
297.4724771
297.8846055
299.3037484
302.070108
303.6269978
303.7686946
299.9418082
299.7136459
299.3256354
298.4322842
297.6989355
297.4084433
297.4579165
297.5529702
297.4479683
297.4057691
297.699103
298.4324734
299.3265989
299.7145717
299.9425603
298.2613427
298.0163571
297.8900987
297.7007833
297.4909134
297.3457592
297.3427004
297.3640536
297.3387286
297.3444593
297.4907321
297.7007129
297.8898794
298.0152041
298.2589016
297.7712752
297.5770068
297.4670151
297.4030614
297.3432944
297.2730454
297.259626
297.2401893
297.2577992
297.272554
297.3427485
297.4023486
297.4657593
297.5744778
297.7672781
298.2432705
297.8753729
297.6054789
297.4372929
297.3350268
297.2562749
297.150686
297.0175207
297.1477259
297.2556641
297.334057
297.4353816
297.6016144
297.8687758
298.2335569
298.5985859
298.207834
297.840326
297.5556512
297.3650031
297.240501
297.0187255
296.8332074
297.0179712
297.2407138
297.3647941
297.5554834
297.8401744
298.2075691
298.5980499
298.431046
298.0051232
297.6818344
297.4729579
297.3483161
297.2619786
297.1539057
297.019124
297.1517543
297.2618545
297.3485121
297.4743482
297.6849564
298.0103861
298.438499
297.8349579
297.6171191
297.4872431
297.4130457
297.3473363
297.2738527
297.2596257
297.2405929
297.2591989
297.2736097
297.3472721
297.4133103
297.4878421
297.6183803
297.8371578
298.2832741
298.0290537
297.8917818
297.7018509
297.4907141
297.3456055
297.3419237
297.365452
297.3417084
297.3455356
297.4909978
297.7022697
297.8922503
298.0295684
298.2836913
299.9069948
299.696772
299.3175571
298.4393291
297.7026559
297.4091784
297.4557999
297.5562894
297.4554065
297.4091183
297.7032587
298.4412414
299.3195457
299.6979321
299.9061906
303.7440347
303.6265489
302.0960152
299.3272104
297.8936204
297.4791257
297.6443414
297.8413209
297.6435782
297.4790376
297.8945173
299.3302128
302.1022629
303.6342212
303.7457528
310.8094454
308.8423818
303.6411944
299.713029
298.0280241
297.6013414
297.9432003
298.2098629
297.9419797
297.601236
298.0289086
299.7164739
303.6491226
308.8546199
310.8233845
317.4516172
310.8276654
303.7761139
299.9351456
298.2825681
297.8094612
298.3419374
298.6020112
298.3401943
297.8092817
298.2834513
299.9383501
303.782059
310.8368985
317.467863
317.2216185
310.6986231
303.7584227
299.9219745
298.2687772
297.8030814
298.3410854
298.577349
298.2898064
297.7859046
298.2631233
299.9301951
303.76173
310.6793746
317.2058198
310.7986336
308.7378441
303.5807746
299.6999602
298.0186851
297.593532
297.9414886
298.1888537
297.9059023
297.5825645
298.0151603
299.7048068
303.5797242
308.7321889
310.7988461
303.826953
303.6317105
302.0493108
299.2990517
297.8784241
297.4681012
297.6379184
297.8226205
297.6168573
297.4625171
297.8779237
299.3010201
302.050049
303.6339847
303.8272723
299.9662625
299.7309363
299.3228498
298.4199558
297.6863956
297.3952889
297.4441185
297.5390713
297.4341405
297.3925712
297.686586
298.420134
299.3237406
299.7318417
299.9669856
298.263956
298.0177716
297.88335
297.6881619
297.4734768
297.3258721
297.3222484
297.3444336
297.3183127
297.3248321
297.4741879
297.6881562
297.8831
298.0166047
298.2615719
297.7680524
297.5711537
297.4569117
297.3897578
297.3231827
297.2504864
297.2354624
297.2159524
297.2336453
297.2500412
297.323226
297.3890854
297.4556264
297.5686238
297.7640609
298.2335167
297.8669017
297.5945208
297.4236618
297.3143582
297.2321787
297.1257131
296.9962338
297.1227503
297.2315639
297.3136042
297.4217984
297.5907187
297.8603923
298.2239503
298.5883482
298.1972559
297.8281205
297.5417201
297.3450525
297.2162335
296.9975085
296.8166962
296.9966593
297.2164328
297.3450931
297.5415852
297.8279981
298.1970194
298.5878308
298.4182558
297.9950607
297.6702493
297.4590362
297.3275538
297.2377502
297.128925
296.9978955
297.1267466
297.2376033
297.3279451
297.4604297
297.6733393
298.0002763
298.4256009
297.8319527
297.6116071
297.4775071
297.399962
297.3277945
297.2514266
297.235536
297.2163797
297.2350522
297.251161
297.327862
297.4002526
297.47814
297.6129033
297.8341658
298.2840109
298.0306527
297.8853726
297.689477
297.4744191
297.3263534
297.3217641
297.3456669
297.3211322
297.3259691
297.4744479
297.6899222
297.8858919
298.0311995
298.2844673
299.9326601
299.7141916
299.3146152
298.4271736
297.6902371
297.3960787
297.4420814
297.542406
297.4416587
297.3959981
297.6908499
298.4291925
299.3166406
299.7153921
299.9320195
303.8039653
303.6335742
302.0755439
299.324544
297.8872216
297.4693316
297.633362
297.8291829
297.6326037
297.4692515
297.8881488
299.3276319
302.0816675
303.6410097
303.8060009
310.8280495
308.812427
303.6485858
299.7305297
298.0297189
297.5957718
297.9340401
298.1993695
297.9328407
297.5956621
298.0306244
299.7339927
303.6564875
308.8245858
310.841783
317.3494393
310.8459544
303.83524
299.9602819
298.2837215
297.8063012
298.3307112
298.5918346
298.3290074
297.8061188
298.284695
299.9635429
303.8413312
310.8554527
317.3655856
317.1581151
310.7149905
303.7972236
299.9363793
298.2700452
297.8003088
298.324867
298.5617949
298.2748874
297.7829974
298.2647126
299.9444433
303.8004204
310.6963414
317.1424845
310.8142109
308.6956478
303.5847393
299.7101745
298.0202645
297.587818
297.9286106
298.1735473
297.89379
297.5766703
298.0167711
299.715019
303.5840182
308.6903234
310.8143146
303.8659866
303.6355271
302.0208041
299.2959158
297.8718629
297.4558545
297.6224261
297.8049289
297.6015133
297.4501124
297.8713522
299.2979611
302.0216599
303.6376458
303.8664232
299.9803958
299.741383
299.3189969
298.4042372
297.6697995
297.3776067
297.4251316
297.5193082
297.4152444
297.3748322
297.6699059
298.4044148
299.3197859
299.7422882
299.981153
298.2661139
298.0194399
297.8768403
297.6714423
297.4542145
297.3093307
297.3055756
297.3275254
297.301659
297.308088
297.4541549
297.6713972
297.8765606
298.0182807
298.2638083
297.7650606
297.5650465
297.444358
297.3719756
297.3068884
297.2352867
297.2193905
297.1997686
297.2175776
297.2347823
297.3063296
297.3712676
297.4430601
297.5624869
297.7610831
298.2200254
297.8555529
297.5794946
297.4049775
297.2979865
297.2161793
297.1091633
296.9821841
297.1061804
297.2155347
297.2970391
297.4031455
297.5758058
297.84918
298.2106995
298.5726885
298.1818631
297.8103727
297.5219439
297.3284694
297.2000526
296.9835129
296.8058038
296.9825836
297.2002022
297.3282062
297.5218146
297.8102787
298.1816588
298.5722182
298.4003749
297.9812528
297.6540837
297.4398989
297.3108755
297.2216153
297.112365
296.9838861
297.1101495
297.2214217
297.3110133
297.4412911
297.6571333
297.986388
298.4075791
297.8295328
297.6062776
297.4655595
297.3823318
297.3110106
297.2361996
297.2194819
297.2002278
297.2190074
297.2359336
297.3109265
297.382637
297.4662443
297.6076446
297.8318114
298.2853305
298.032311
297.8789253
297.6729377
297.4544209
297.3093469
297.3048955
297.3289119
297.3047122
297.3092728
297.4547401
297.6734296
297.8794673
298.032887
298.2858291
299.9476258
299.7246712
299.3116651
298.4116717
297.6736363
297.3783901
297.423188
297.5226551
297.4227846
297.3783217
297.674282
298.4137566
299.313732
299.7258774
299.947096
303.8439852
303.637073
302.0468471
299.3213473
297.8808047
297.4571871
297.6181128
297.8115283
297.6173717
297.4571125
297.881763
299.3244815
302.0529296
303.6443692
303.8462818
310.8438663
308.7696906
303.6524102
299.7411016
298.0314403
297.5901855
297.9215886
298.1840836
297.9204252
297.5900801
298.0323568
299.7445591
303.6602618
308.7817192
310.8573847
317.2847664
310.8615829
303.8746802
299.9748969
298.2851347
297.8036663
298.3151141
298.5762753
298.3134684
297.8034835
298.2861328
299.9781754
303.8808626
310.8712002
317.3008112
317.0593707
310.7319183
303.8542161
299.9628457
298.2729987
297.7985798
298.3150192
298.5527286
298.2658276
297.7812464
298.2681435
299.9706293
303.8571996
310.7140006
317.0441601
310.8294499
308.669738
303.593187
299.7287359
298.0237847
297.5839909
297.9208742
298.1645597
297.8865229
297.5728029
298.0203477
299.7334867
303.5931042
308.6645664
310.8292795
303.9231245
303.6437246
302.0033898
299.2942097
297.8669259
297.4482243
297.6131926
297.7945798
297.5924352
297.442384
297.8663506
299.2962391
302.00428
303.6454485
303.9235507
300.0065725
299.7601557
299.317326
298.3944206
297.6595787
297.3666762
297.4135093
297.5074031
297.4036427
297.3638548
297.6596613
298.3945868
299.3180175
299.7609845
300.0072803
298.2707735
298.0231929
297.8716977
297.6611367
297.4394438
297.291397
297.2868575
297.3095555
297.2829035
297.2901665
297.4398655
297.6610987
297.871374
298.0220067
298.268607
297.7633468
297.5611169
297.4364768
297.3609264
297.2886549
297.2144069
297.1968968
297.177247
297.1951019
297.2139142
297.2885621
297.3602223
297.435148
297.5585392
297.7593748
298.2118404
297.8487327
297.5703868
297.3934572
297.2790229
297.1937744
297.0860253
296.9625668
297.0830434
297.1931175
297.278237
297.3916535
297.5667588
297.8424216
298.2026511
298.5635584
298.1728184
297.7999725
297.5100141
297.3100474
297.1775108
296.9639611
296.7908897
296.9629424
297.1776356
297.310123
297.5099037
297.7998843
298.1726153
298.563107
298.3894969
297.9729128
297.6444307
297.4282273
297.2917416
297.1990515
297.0892038
296.964318
297.0869708
297.1988409
297.292159
297.4296122
297.6474455
297.9779791
298.3966038
297.827894
297.6024743
297.4580679
297.3714612
297.2931462
297.215396
297.1970447
297.1777257
297.1965291
297.2151117
297.2932235
297.3717765
297.4587648
297.6038432
297.8301748
298.2884032
298.0359939
297.8741714
297.6628086
297.4403527
297.2917712
297.2863353
297.3107082
297.2857277
297.2913765
297.4403911
297.6633138
297.874746
298.0365865
298.2889411
299.9747948
299.743576
299.3101109
298.4020758
297.6634533
297.3674718
297.4116217
297.5107395
297.4111954
297.3673864
297.6641043
298.4042495
299.3122316
299.7448066
299.9744265
303.902111
303.6444136
302.02906
299.3200207
297.8759866
297.4496052
297.6090155
297.8011871
297.608285
297.4495342
297.8769706
299.3232571
302.0350893
303.6513601
303.9047245
310.85961
308.7433043
303.6605119
299.7600801
298.0352187
297.586358
297.9140505
298.1750781
297.9129072
297.586245
298.0361567
299.7635484
303.6682018
308.7551501
310.8730025
317.1847677
310.8771783
303.9322671
300.0016115
298.2883262
297.8019369
298.30563
298.5671992
298.3040199
297.8017554
298.2893543
300.004917
303.9385039
310.8868491
317.200658
317.0009039
310.7444134
303.88921
299.9777777
298.2755142
297.7973066
298.3003618
298.5383469
298.2524381
297.7798213
298.2707345
299.9853778
303.8920229
310.7268837
316.9860612
310.8411896
308.6296677
303.598031
299.7398099
298.0265347
297.5802088
297.9096465
298.1506831
297.8760402
297.5688677
298.0231119
299.7445095
303.5981788
308.6245482
310.8407284
303.9583746
303.6483664
301.9776203
299.2923649
297.8624958
297.4379729
297.5993392
297.7784868
297.5790167
297.4320488
297.8619088
299.2944404
301.9784728
303.6498626
303.9587469
300.0213288
299.7714947
299.3153406
298.3809962
297.6449807
297.3508059
297.3962775
297.4891996
297.3865401
297.3479531
297.6450025
298.3811813
299.3158827
299.7722523
300.0220043
298.2739076
298.0261064
297.8674093
297.6463935
297.4219771
297.2769058
297.2723163
297.2947365
297.2686326
297.2757833
297.4219344
297.6463363
297.8670397
298.0248989
298.2718211
297.7618753
297.5570028
297.4259595
297.3449624
297.2745344
297.2015352
297.1831942
297.1634826
297.1814282
297.2010282
297.2740097
297.3442292
297.4245739
297.5543602
297.7578931
298.1998139
297.8390001
297.5571053
297.3764685
297.2649597
297.1801612
297.071998
296.9507267
297.0689936
297.1794823
297.2640633
297.3746883
297.5535259
297.8327738
298.1908168
298.5490765
298.1588625
297.7837999
297.491787
297.2957192
297.1637757
296.9521709
296.7819126
296.9510809
297.1638365
297.2954186
297.4916727
297.783708
298.1586424
298.548623
298.3732251
297.9607803
297.6300156
297.4108149
297.2775394
297.1853247
297.0751629
296.9525139
297.072891
297.1850748
297.277637
297.4121689
297.6329683
297.9657249
298.3801471
297.8269356
297.5991359
297.4480306
297.3556341
297.278714
297.2025372
297.1833759
297.164009
297.1828716
297.2022533
297.2785978
297.3559502
297.4487463
297.6005437
297.8292302
298.2909878
298.0388339
297.8698635
297.6482498
297.4224407
297.2771028
297.2717917
297.2961511
297.2716846
297.2770371
297.4227487
297.6487815
297.8704381
298.039423
298.2915324
299.9901587
299.7549075
299.3083683
298.3886673
297.648824
297.351602
297.3944897
297.492546
297.3940784
297.3515276
297.6494951
298.3908843
299.3105764
299.7561064
299.9898404
303.9378283
303.6486052
302.0031464
299.3183268
297.871725
297.4394108
297.5953799
297.7850815
297.5946719
297.4393493
297.8727353
299.3216495
302.0091955
303.6553411
303.9406102
310.8713837
308.7023559
303.6650905
299.7714795
298.0380978
297.5826866
297.903171
298.1611695
297.9020645
297.5825827
298.0390458
299.7749454
303.6726895
308.713959
310.8846551
317.1256971
310.8889001
303.9676552
300.0166707
298.2909399
297.8007457
298.2915276
298.5527662
298.2899751
297.8005624
298.2919734
300.0199752
303.9739051
310.8985447
317.1413386
316.9028258
310.7583424
303.9456396
300.0061304
298.2809447
297.7973734
298.2924741
298.5307128
298.2452548
297.7798521
298.276245
300.0134452
303.9481808
310.7413091
316.8881905
310.8532693
308.6074531
303.6084824
299.7602042
298.0323494
297.5782034
297.9037518
298.1433729
297.8705688
297.5668514
298.0289588
299.7647787
303.6089738
308.6022608
310.8523189
304.0149545
303.6583114
301.963544
299.2922874
297.8596709
297.4325623
297.5920386
297.7700282
297.5720221
297.4265931
297.8590213
299.2943903
301.9643194
303.6593566
304.0151668
300.0494442
299.7920519
299.3143819
298.3738127
297.6371994
297.3422439
297.3869488
297.4794274
297.377322
297.3393785
297.6372115
298.3740209
299.314814
299.7927027
300.0500267
298.2803595
298.032258
297.8642071
297.6385261
297.4096919
297.2610077
297.2555467
297.2786247
297.2516485
297.2597062
297.410054
297.6384812
297.8638025
298.031025
298.2784357
297.7618975
297.5549533
297.4203788
297.3363253
297.2582773
297.1825043
297.162557
297.1428069
297.1608046
297.1819874
297.2581107
297.3355924
297.418963
297.5522917
297.7578961
298.1933826
297.8339252
297.5500649
297.3672539
297.2478747
297.159637
297.0508639
296.93297
297.0478421
297.1589337
297.2470378
297.3654904
297.5464938
297.8277368
298.1844778
298.5413836
298.1514994
297.7752869
297.4819946
297.2790419
297.1431099
296.9344848
296.7687984
296.9333027
297.1431313
297.2791542
297.4818943
297.7751885
298.1512609
298.5409106
298.3644306
297.9543548
297.6224392
297.4014875
297.2601987
297.1646341
297.0540073
296.9348101
297.0517006
297.1643669
297.2606449
297.4028162
297.6253549
297.9592236
298.371234
297.827076
297.5971662
297.4428113
297.3471347
297.2626946
297.1835503
297.1627898
297.1433741
297.1622535
297.1832614
297.2628032
297.3474603
297.4435386
297.5985618
297.8293596
298.2965604
298.044838
297.8671309
297.6405271
297.4108125
297.2613653
297.2549981
297.2797821
297.2544349
297.2609873
297.4108753
297.6410727
297.867734
298.0454167
298.2971025
300.0191616
299.7757115
299.3083124
298.3815587
297.641052
297.3430465
297.3852184
297.4827646
297.3848006
297.3429703
297.6417336
298.3838225
299.3105578
299.7769403
300.0189521
303.9950212
303.6577555
301.988774
299.318117
297.8688733
297.4340342
297.588189
297.7766021
297.5874967
297.4339802
297.8699176
299.3215724
301.9948077
303.664064
303.9980062
310.8837651
308.6794338
303.6749448
299.7922668
298.0441703
297.580671
297.8974186
298.1538131
297.8963347
297.5805687
298.0451397
299.7957691
303.6823951
308.6908639
310.8969411
317.0263322
310.9011324
304.0244574
300.0452337
298.2965457
297.8008178
298.2839206
298.5450794
298.2824029
297.8006357
298.2975911
300.0485664
304.0307433
310.9108128
317.041786
316.8480088
310.7662507
303.9771305
300.0216875
298.2847522
297.7978351
298.2792894
298.5174686
298.233311
297.7802684
298.2800527
300.0288593
303.9795234
310.7494776
316.8334921
310.860244
308.5687173
303.614179
299.7718351
298.0363251
297.5764093
297.8941195
298.1308468
297.8616443
297.5648953
298.03294
299.7763704
303.6147073
308.5635206
310.8589826
304.0465847
303.6635849
301.9404562
299.2925854
297.8572893
297.4243585
297.579853
297.7554514
297.56032
297.4182979
297.8566498
299.294702
301.9411493
303.6644982
304.0467256
300.0648547
299.8038465
299.314424
298.3627254
297.6246548
297.3282461
297.371448
297.4627991
297.3619921
297.3253572
297.6246209
298.3629907
299.3147971
299.8044771
300.0654223
298.2844321
298.0363798
297.8619355
297.6258215
297.3944565
297.2489439
297.2433393
297.2660466
297.2398775
297.2478249
297.3943179
297.6257768
297.8615211
298.0351443
298.2825726
297.7622978
297.5528276
297.4119237
297.3222499
297.246649
297.1721418
297.1513812
297.1315836
297.1496543
297.1716146
297.2460642
297.3215023
297.4104694
297.550124
297.7582851
298.1827699
297.8257667
297.5386291
297.3520366
297.2363065
297.1485511
297.0394742
296.9234749
297.0364281
297.1478281
297.2354124
297.350282
297.5350544
297.8196814
298.1740629
298.528043
298.138904
297.7606484
297.4653445
297.2671373
297.131927
296.9250345
296.7618874
296.923792
297.1318944
297.2667859
297.465239
297.7605501
298.1386717
298.5275741
298.3496633
297.9438622
297.6097831
297.3857752
297.248601
297.1534564
297.0426066
296.9253475
297.0402628
297.1531601
297.2486382
297.3870345
297.6126433
297.9486359
298.3562948
297.8276418
297.5958425
297.4348327
297.3331795
297.2507679
297.1732017
297.1516507
297.1322004
297.1511166
297.1729141
297.2506175
297.3335023
297.4355846
297.5972954
297.8299199
298.300436
298.0488994
297.8648413
297.6280003
297.3950406
297.2491797
297.2429158
297.2675428
297.2428627
297.2491206
297.3953478
297.6285671
297.865449
298.049473
298.3009637
300.035116
299.7876544
299.3086044
298.3703077
297.6284539
297.329057
297.3698159
297.4661426
297.369403
297.328984
297.6291457
298.3725953
299.3108689
299.7888874
300.0349262
304.0269848
303.6630329
301.9658883
299.3183565
297.8666115
297.4259026
297.5762243
297.7620164
297.5755511
297.4258552
297.8676648
299.3218361
301.9719295
303.6691923
304.0300605
310.8908041
308.6397658
303.6803456
299.8042157
298.0482622
297.5790235
297.8881535
298.1412755
297.8871015
297.5789263
298.0492422
299.8077288
303.6877744
308.6510854
310.9039438
316.9707785
310.9080655
304.0561762
300.0609225
298.3004217
297.8013058
298.2712796
298.5317832
298.2698138
297.8011226
298.3014726
300.0642598
304.0624845
310.9178027
316.9860573
316.748018
310.7763498
304.032982
300.051721
298.2925154
297.7990858
298.2734181
298.5113502
298.2280509
297.781446
298.2878169
300.0586359
304.0351467
310.7600878
316.7335767
310.8682541
308.5498196
303.6257591
299.7938237
298.0444601
297.5764902
297.8901856
298.1253121
297.8580561
297.5649376
298.041072
299.7982421
303.6263234
308.5446376
310.8665801
304.1025078
303.6742902
301.9298647
299.2937486
297.8566599
297.42137
297.5747238
297.7489874
297.5554173
297.415266
297.8559281
299.2959008
301.9305282
303.675051
304.102546
300.0946661
299.8259551
299.3149496
298.3583358
297.6194901
297.3223043
297.3646823
297.455379
297.3553027
297.3194024
297.6194376
298.3586271
299.3152542
299.8265293
300.0951794
298.2926004
298.0447781
297.8608282
297.620574
297.3847697
297.2351166
297.2286937
297.2520701
297.2248485
297.2338129
297.385104
297.6205318
297.8603822
298.0435634
298.2908762
297.7634416
297.5528274
297.4088161
297.3162701
297.2324144
297.1551328
297.1327936
297.1129407
297.131071
297.1545858
297.2322655
297.3155177
297.4073388
297.5501089
297.759429
298.1781721
297.8225675
297.5339068
297.3454164
297.2212541
297.1300955
297.0205159
296.9077982
297.0174388
297.1293327
297.220404
297.3436641
297.5303297
297.8165313
298.1695735
298.5218758
298.1333346
297.7541568
297.4579058
297.2524657
297.1133194
296.9094303
296.7508092
296.9080899
297.1132315
297.2526153
297.457799
297.7540552
298.1331056
298.5214193
298.3430059
297.9395048
297.604415
297.3788699
297.2332138
297.1348336
297.0236254
296.9097181
297.0212307
297.1345008
297.2336717
297.3801036
297.6072445
297.9442312
298.3495652
297.8290762
297.5960438
297.4319411
297.3272526
297.23681
297.1562215
297.133108
297.1135977
297.1325382
297.1559211
297.2369384
297.3275756
297.4327013
297.5975081
297.8313917
298.3083245
298.0571777
297.8642391
297.6228495
297.3860728
297.2355144
297.2281672
297.2532626
297.227608
297.2351452
297.386146
297.6234205
297.864887
298.0577797
298.3088837
300.0658077
299.810113
299.3096716
298.3658137
297.6232673
297.3231193
297.363095
297.4587207
297.3626816
297.3230468
297.6239598
298.3680996
299.3120271
299.8114367
300.0657394
304.0835374
303.6741785
301.9554548
299.3193201
297.8659104
297.4229405
297.5712003
297.7555449
297.570538
297.4228992
297.8669905
299.3228447
301.9614966
303.6802004
304.0868011
310.899321
308.6204503
303.6914987
299.8266645
298.0566397
297.5791379
297.8844057
298.1357367
297.883372
297.5790451
298.0576441
299.8302305
303.6989474
308.6317356
310.9124445
316.8693134
310.9163686
304.1123988
300.091235
298.3083674
297.8026466
298.2656847
298.5256495
298.2642447
297.8024585
298.3094351
300.0946039
304.118761
310.9262469
316.8845408
316.6955814
310.779471
304.0609602
300.0679466
298.2979991
297.8012518
298.2603999
298.4973746
298.2164598
297.7835672
298.2932999
300.0747455
304.0630287
310.7634941
316.6812449
310.8702403
308.5049157
303.6316577
299.8059022
298.0499888
297.5773227
297.8818024
298.1128355
297.850466
297.5656958
298.0465905
299.8102678
303.6322472
308.4998469
310.8684561
304.1304609
303.6797447
301.9054231
299.2955577
297.8571053
297.4153925
297.5633315
297.7341662
297.5445181
297.4091603
297.8563475
299.2977308
301.9060454
303.680481
304.1305188
300.1107656
299.8380476
299.3161773
298.3490239
297.6081737
297.3090546
297.3493414
297.4383136
297.3401219
297.3060995
297.6080528
298.3493627
299.3164405
299.8386222
300.1112988
298.2981612
298.0503878
297.8611413
297.6090535
297.3719222
297.225866
297.2192529
297.2420436
297.2159624
297.2247734
297.3717582
297.6090013
297.8606883
298.0491986
298.2964948
297.7655313
297.5535216
297.4025491
297.3029309
297.2236755
297.1477459
297.1246337
297.1047502
297.1229145
297.1471816
297.2230467
297.3021576
297.4010322
297.5508027
297.7615512
298.1681721
297.8159288
297.523525
297.3304314
297.2125612
297.1220007
297.0122192
296.9011262
297.0091352
297.1212156
297.2116541
297.3286782
297.5199609
297.8100383
298.1598663
298.507774
298.1207592
297.7392547
297.4408256
297.2432461
297.1051477
296.9027885
296.7464184
296.9014056
297.1050308
297.2428351
297.440664
297.7391558
298.1205508
298.5073339
298.3280672
297.9300718
297.5923974
297.3631186
297.2245276
297.1266597
297.0153128
296.9030641
297.0129027
297.1263059
297.2244997
297.3643026
297.5951602
297.9346857
298.3344255
297.8312939
297.5970341
297.4261337
297.3139925
297.2277362
297.1488375
297.1249635
297.1054187
297.1243807
297.1485314
297.2275597
297.314316
297.4269205
297.5985229
297.8336077
298.3138691
298.0627606
297.8646821
297.6115295
297.3726804
297.2261658
297.2189215
297.2435739
297.2188727
297.2261018
297.3729807
297.6121082
297.8653369
298.0633738
298.3144315
300.0823717
299.8224177
299.311331
298.356198
297.611876
297.3098607
297.3478456
297.4416403
297.3474258
297.3097798
297.6125586
298.3584601
299.3137162
299.8237801
300.0823533
304.111849
303.6800484
301.9314874
299.3209276
297.8663279
297.4170099
297.560053
297.7407082
297.5594082
297.4169713
297.8674111
299.3244689
301.9375667
303.6861232
304.1152451
310.9016487
308.5746923
303.6972574
299.8389684
298.062288
297.5800199
297.8764798
298.1232725
297.8754919
297.5799318
298.0633018
299.8425574
303.7047291
308.5859669
310.9148451
316.8162111
310.9186269
304.1405857
300.1076351
298.3139564
297.8048525
298.2533079
298.5116451
298.2519417
297.8046656
298.3150283
300.1110257
304.1469842
310.9285729
316.8314713
316.5475332
310.8015707
304.1682331
300.1650316
298.3786524
297.8770063
298.3211892
298.5526819
298.2733752
297.8552498
298.3726652
300.1720226
304.1713174
310.787769
316.5365051
310.8881067
308.5085631
303.6805144
299.8707849
298.1023161
297.6212031
297.919751
298.1462846
297.8850866
297.6067333
298.0986143
299.87595
303.6817938
308.5055656
310.8893401
304.2360815
303.7274524
301.9212202
299.3239059
297.8788632
297.4331076
297.5792781
297.747916
297.5583406
297.4253677
297.8783484
299.3270549
301.922995
303.7300308
304.2405445
300.205209
299.9022456
299.343039
298.361035
297.6131328
297.3110389
297.3508479
297.439329
297.3406598
297.3075074
297.6132966
298.3619539
299.344241
299.9045225
300.2094223
298.3751322
298.1009064
297.8818712
297.6138184
297.3653095
297.2145145
297.2070881
297.2305153
297.2031911
297.2131468
297.3655599
297.6143279
297.8826372
298.1015552
298.3755501
297.8348631
297.592847
297.4178015
297.3039424
297.2118312
297.1322538
297.10711
297.087366
297.1053366
297.1316822
297.2116397
297.3037706
297.4175911
297.5923579
297.8341789
298.2243368
297.8503991
297.5374865
297.3309771
297.1998268
297.1045313
296.9939748
296.8868188
296.9909073
297.1037165
297.1989186
297.3292123
297.534012
297.8455259
298.2191162
298.5629605
298.1529983
297.7515314
297.4407673
297.2308574
297.0876663
296.8885022
296.737434
296.8870737
297.0876026
297.2310092
297.441127
297.7517445
298.1520693
298.5597879
298.3867625
297.9654775
297.6060261
297.3632187
297.2113577
297.1089823
296.9970234
296.8887831
296.9946056
297.1086761
297.2118091
297.3647721
297.6086772
297.9682147
298.3880696
297.9063331
297.6402373
297.4430573
297.3155127
297.2161347
297.1333721
297.1074429
297.0879976
297.1067647
297.1330745
297.2162638
297.31617
297.4438868
297.6403086
297.9042583
298.3953093
298.1157747
297.8869195
297.6168162
297.3667134
297.2148596
297.2064808
297.2316355
297.205893
297.2144814
297.3667739
297.6173932
297.8872937
298.1150952
298.3929226
300.1822417
299.8895905
299.3405121
298.3688394
297.6174691
297.3117149
297.3487968
297.4422465
297.3478867
297.3112589
297.6176726
298.3707534
299.3420392
299.8888507
300.179054
304.2220772
303.7295477
301.9497246
299.3501473
297.8890237
297.4340722
297.574587
297.7539674
297.5736235
297.4336731
297.8893175
299.3533906
301.9550778
303.7362928
304.2241503
310.9237598
308.5805111
303.7474997
299.9060442
298.1156797
297.6223737
297.9119848
298.1565319
297.9117491
297.6224701
298.1159466
299.9095774
303.7548424
308.5925168
310.9383491
316.6705375
310.9415461
304.2510249
300.2074172
298.3951514
297.8780763
298.3109594
298.5673367
298.3118251
297.8788768
298.3958349
300.2104774
304.257418
310.9515421
316.6871302
313.7765148
313.4173314
313.2054374
313.3183273
313.2412752
313.2796061
313.4357755
314.303804
314.1439003
313.7472515
313.7666453
313.6223303
313.5335129
313.5951683
314.3051775
314.1089167
313.9536139
313.9000045
313.8720144
313.7128271
313.7324067
313.28978
312.6562764
313.0891578
313.0966124
313.3189262
313.4192092
313.3707167
310.7214834
311.1369113
311.6718486
311.8795111
312.1772769
312.3429038
312.6309315
311.0133923
311.901809
312.4458617
312.4266863
312.481722
312.5388425
312.7089719
311.7161992
312.4324704
312.6140536
312.4835598
312.4255599
312.4169369
312.5343025
311.8574781
312.2854499
312.3521181
312.1623755
311.9397656
311.6995776
311.7626231
311.3778427
311.9555725
312.1310226
312.1045349
312.0671679
312.0072406
311.9946895
311.9462339
312.133541
312.443776
312.284552
312.2988949
312.2658431
312.26508
313.9970585
313.7908987
313.89776
313.5230427
313.5280979
313.2573345
313.0456793
314.4565889
314.1880527
314.0752199
313.6518794
313.5725469
313.1880314
313.1179858
314.4719285
314.0420344
313.9178169
313.4532993
313.5498576
313.3233621
313.2945064
314.4709437
314.0069873
314.0108424
313.7335691
313.9423976
313.8635972
313.6037576
314.6229365
314.4042036
314.4412151
314.1980235
314.2861492
314.1420516
313.8322005
314.0329866
313.7674185
313.6457593
313.6698758
313.5566905
313.5590872
313.3654452
314.3625801
314.2388364
313.9828227
313.8810292
313.676187
313.5350302
313.2833293
313.6966397
313.6476013
313.5829042
313.4337224
313.3790509
313.0772381
312.960029
311.8681495
311.9227434
312.3326761
312.4008108
312.71749
312.6877347
312.7985199
310.7599416
311.2898004
311.6746147
311.8927617
312.4444775
312.5539619
312.8037196
311.2300028
311.7068063
311.9504974
311.9778764
312.3346998
312.5669276
312.7621941
311.7893958
312.0982153
312.2332993
312.316264
312.3300371
312.3861687
312.4340451
311.9508312
312.0813362
312.1611796
311.8914351
311.2983787
311.1610516
311.081449
311.5995042
311.7564954
312.0555391
312.167262
312.1925299
312.0528738
311.5492138
311.6781513
311.5598159
311.9971493
312.021619
312.2161909
312.1095951
311.9294681
313.28061
312.4885489
312.7243116
312.3586061
312.2969199
312.037173
312.0329835
313.999518
313.6021058
313.1761041
312.5452216
312.4037646
312.0237294
312.3601428
313.6571899
313.184912
312.989785
312.6122789
312.8796409
312.257871
312.811566
313.6783035
313.333778
313.3942193
313.2539834
313.5179727
312.9947538
313.3399665
314.2628389
313.8614806
313.8563803
313.7446818
313.7506785
313.5750523
313.6062391
313.8465654
313.7443784
313.2882427
313.105811
312.6658346
312.6074844
312.4290789
313.9679235
313.658585
312.8506432
312.6743878
312.3986258
312.4552981
312.4593348
312.9988999
312.8559722
312.4216977
312.3995489
312.3166685
312.4131771
312.5323548
312.2220298
312.3192683
312.2892876
312.3600848
312.33501
312.4337743
312.6381333
311.6116664
311.5943059
311.7665867
311.8138392
312.1098862
312.2567858
312.7401217
311.8313622
311.7557172
311.8250267
311.8787415
312.3061964
312.5177324
312.9312813
311.9655156
312.0355053
312.1343704
312.3013611
312.7326247
312.5210102
312.7456184
311.9324039
312.1041854
312.2964803
312.4989873
311.9311037
311.3714937
311.322056
311.3714239
311.7872526
312.2549442
312.3917443
312.4543778
312.2234947
311.9735185
310.6932818
311.2468731
312.2162731
312.4638107
312.8377592
312.7007667
312.7448675
311.5452142
311.5486514
311.9838776
312.0540012
312.2870851
312.179989
312.4445643
312.2173657
312.1131044
312.1631082
312.0025417
312.0921648
311.9137294
312.3354203
312.7866269
312.6630641
312.7034848
312.3854818
312.7326981
312.344893
312.7703141
313.128992
313.0965346
313.2877868
313.2880114
313.4587834
313.3628017
313.4280529
313.498451
313.4621557
313.5936833
313.5808721
313.4956078
313.5148718
313.5911527
313.4697643
312.9997528
312.2876776
312.1772815
312.0993217
312.0959748
312.1111031
312.9249227
312.4338745
312.1262381
312.0880561
312.0669451
312.0816783
312.1276557
312.5676321
312.2681862
312.0805315
312.063292
312.0522901
312.0739539
312.1799267
312.502618
312.2941428
312.0456044
312.026442
312.01617
312.1080263
312.3448327
312.4861044
312.3528035
312.1633771
312.2618595
312.2981778
312.5198341
312.8049316
312.534627
312.5267419
312.5734451
312.7344118
312.8093957
312.9621117
313.002888
312.5306796
312.6131651
312.7963807
312.859811
312.9425493
312.9391041
312.7922011
312.4236554
312.5017598
312.6537785
312.7015084
312.5444688
311.7393765
311.3256483
312.2695302
312.3004712
312.3560827
312.4375754
312.5744607
312.2754513
311.8570355
312.0460762
312.2336979
312.5387806
312.6929773
312.974058
312.9510204
313.0355362
311.9049477
312.1722698
312.8083563
312.9457311
313.243593
313.0259596
313.2887141
312.14231
312.3794375
313.0777279
312.9563368
313.1872758
312.8340889
313.2233403
312.7554652
312.8698979
313.352309
313.1688296
313.4827702
313.0175227
313.2857091
313.0836498
313.146531
313.5002202
313.5169281
313.5518921
313.4705198
313.5109808
313.3682142
313.4259676
313.5838012
313.4763355
313.4524282
313.49242
313.5942509
312.7524304
312.296581
312.1113291
312.0443783
312.0165661
312.0208952
312.0383422
312.5153962
312.1406533
312.0676823
312.0324401
312.030237
312.0318816
312.0387268
312.4400003
312.0752901
312.0467943
312.0278491
312.0231481
312.0030766
312.024251
312.4477412
312.022147
311.96929
311.9317988
311.9260032
311.9327294
312.0407164
312.4715034
311.9744429
311.8244567
311.8559285
311.8730063
312.1085665
312.561091
312.541551
312.2384016
312.086865
312.4017205
312.4720056
312.8799018
312.9412358
312.5811016
312.7016928
312.8523214
312.9418336
312.9142977
313.0066644
312.6369607
312.5210034
312.6399361
312.7711568
312.7373501
312.3654405
311.7688266
311.0139702
312.3691274
312.3749428
312.369197
312.4622389
312.3964568
311.9531833
311.4889393
312.3350655
312.3513641
312.4363199
312.6223584
312.9700009
312.9803403
313.0996395
312.4217534
312.4975069
312.8999822
313.1805442
313.4940664
313.4984683
313.58587
312.756476
312.9263922
313.4123714
313.5420978
313.6915778
313.585663
313.7568954
313.1332498
313.3149091
313.5931494
313.6525564
313.7394077
313.71535
313.8683758
313.2893487
313.4547005
313.5622568
313.5563644
313.57038
313.652915
313.8450085
313.4231743
313.6227775
313.5364378
313.4241489
313.4514659
313.5572123
313.772135
312.4674352
312.1667185
312.0987721
312.0128361
311.9830058
311.9963353
312.0346873
312.3706858
312.0972337
312.0731099
312.0251807
312.0252055
312.0288996
312.0316657
312.3113812
312.0514703
312.0561979
312.0365016
312.0388361
312.0183343
312.0049223
312.2888045
311.9858883
311.9764121
311.9263028
311.9227428
311.8999412
311.9687021
312.2812444
311.8544701
311.7782416
311.7637776
311.768222
311.8115425
312.1107705
312.3571941
311.8327658
311.7486132
311.777827
311.8179857
312.2136716
312.6738115
312.5657477
312.4688574
312.4811783
312.6252932
312.6209066
312.8270274
312.4593346
312.5909115
312.6939175
312.7231797
312.6573445
312.2867708
311.8032864
310.7306858
312.5066708
312.5055693
312.4477399
312.455558
312.2674216
311.8279102
311.2950002
312.3507165
312.3102774
312.286163
312.515139
312.9536203
312.9753094
313.136519
312.2473129
312.2663348
312.3751579
313.0096648
313.5084723
313.6541688
313.6626535
312.317264
312.4196732
312.8960409
313.5048215
313.7173587
313.8003858
313.9074729
312.8352264
313.0510508
313.4262887
313.6175807
313.7300828
313.8460183
313.9985969
313.3019249
313.4841554
313.5336751
313.5489261
313.5804894
313.7069456
313.9188621
313.5612358
313.6599488
313.479257
313.424664
313.4711428
313.613947
313.8127746
312.3930412
312.1842131
312.1093777
311.9985264
311.9666357
311.9784494
312.0546812
312.3337461
312.1435998
312.0799133
312.0196023
312.0191635
312.0254385
312.0585291
312.2746079
312.0603014
312.0567336
312.0350574
312.0402392
312.0754314
312.0343476
312.2264
311.9952421
311.9800555
311.9256519
311.9316189
311.928666
311.968549
312.1898266
311.8492643
311.7738618
311.7619693
311.769561
311.79651
312.0079947
312.2348981
311.7899723
311.7265421
311.7166155
311.7241826
311.8277169
312.4644682
312.4136995
312.0188106
311.948326
312.0731875
312.2009796
312.5394875
312.3248302
312.5649979
312.6201196
312.6100318
312.4829498
312.1699514
311.8089908
310.6223653
312.5425211
312.5708893
312.4814182
312.392231
312.1003134
311.7276569
311.1818857
312.4552602
312.4388933
312.3097891
312.5497914
312.9792425
313.2004162
313.1762517
312.2496624
312.2658642
312.2038795
312.5137038
313.2307243
313.7232576
313.6792773
312.080984
312.1376624
312.2275628
312.8883546
313.4724281
313.838039
313.9328118
312.1995857
312.3250096
312.756771
313.3457269
313.5907759
313.8495229
314.0256462
313.0662211
313.2953498
313.4545436
313.5454522
313.5887348
313.6938657
313.9114659
313.6512098
313.5969158
313.4564176
313.4248219
313.4306741
313.4517484
313.6125667
312.3731696
312.2341209
312.1153771
311.9928623
311.9648897
311.9628826
312.0557907
312.3112695
312.1598078
312.0651708
312.0112387
312.0129309
312.0209588
312.0980335
312.2239114
312.0566418
312.0444373
312.0121992
312.0278962
312.1015662
312.095926
312.1439887
311.9902804
311.9527652
311.892339
311.9140576
312.0037572
312.0003907
312.0974835
311.8470256
311.7670529
311.7713834
311.7945817
311.8346689
311.978819
312.0846356
311.7776917
311.7379608
311.7580264
311.7437538
311.7802404
312.2246542
312.2375402
311.9600353
311.9335578
311.8934036
311.9217508
312.321965
312.1234047
312.3566937
312.4308389
312.5414824
312.3582107
312.0686759
311.7590418
310.6298324
312.394077
312.5186612
312.4642482
312.3172357
312.1143098
311.772757
311.2815246
312.3424392
312.4672112
312.3941432
312.5545481
313.0500282
313.3858715
313.3698923
312.2177673
312.364951
312.2061453
312.3857881
312.9976585
313.6574635
313.7748383
312.0032852
312.1201983
312.1428125
312.4903621
313.2289819
313.6981021
313.9262556
312.0017356
312.1107748
312.3208909
313.0507593
313.4151291
313.7002606
313.9110358
312.6512206
312.8296019
313.2236746
313.4799196
313.4918259
313.4911927
313.5479205
313.6139316
313.5370109
313.4372548
313.3709077
313.2955851
313.2384177
313.2219303
312.3523117
312.2357804
312.0898912
311.9929287
311.9695476
311.9544258
312.0400826
312.2484031
312.0990471
312.01183
311.9927681
312.0049326
312.0249813
312.1048458
312.1335612
312.0246669
312.0282579
311.9867104
312.0150603
312.1300893
312.1699742
312.0194999
311.96635
311.9173871
311.884712
311.9109408
312.037417
312.0936487
311.9288445
311.8181694
311.7619968
311.7982995
311.8528101
311.9482165
312.0060262
311.8861899
311.6879571
311.7283657
311.8694886
311.8610619
311.8374787
312.0674661
311.862821
311.7047062
311.9015224
312.0887529
311.965867
312.3150581
311.9856547
311.8156544
312.0276446
312.4010941
312.3143816
311.9191402
311.5006966
310.6281894
311.9958305
312.4547532
312.4533742
312.3384048
312.2720939
311.9393614
311.4735889
311.9623505
312.4120275
312.4617285
312.5494366
313.0675812
313.4900196
313.5117885
311.906164
312.2595175
312.2909086
312.4136174
312.9896707
313.5708367
313.74059
311.8564209
312.0925365
312.1760592
312.5684231
313.203832
313.5398581
313.7128321
311.8994048
312.0900354
312.3240593
313.045226
313.2940466
313.4275179
313.4525029
312.4917238
312.7199844
313.2007233
313.3678202
313.2605171
313.141768
313.1133309
313.521101
313.4923785
313.3961323
313.3218679
313.2478867
313.1978663
313.1249679
312.3006039
312.1632223
312.0199158
311.9783577
311.968621
311.9353207
312.0215634
312.1212811
311.9970154
311.9927976
311.9686417
312.0018071
312.0406117
312.0959118
311.9637182
312.0126273
312.0209017
311.9616218
312.0117439
312.2146031
312.2275184
311.8607942
311.9565623
311.8976851
311.8963466
311.9523602
312.1029252
312.2133499
311.7553901
311.810169
311.7628142
311.8686241
311.9807631
312.0576018
312.1086853
311.6404408
311.6609788
311.7702648
312.0423641
312.015805
312.0275401
312.1420204
311.5647022
311.623353
312.032286
312.2608284
312.0268213
312.0279161
311.9465667
311.5891798
311.9825017
312.3854463
312.3626877
312.0237964
311.5136504
310.511817
311.7882719
312.3357
312.4682958
312.5424716
312.814888
312.7874836
311.9232584
311.8173587
312.2500229
312.4447872
312.5447897
313.035621
313.4255027
313.4115316
311.8152168
312.1647742
312.3342729
312.5715112
313.0386145
313.4036515
313.4387264
311.7979227
312.1158199
312.3776549
312.975565
313.1606242
313.2793785
313.2701256
311.8641726
312.2106212
312.774489
313.1360043
313.1554589
313.084239
313.0282721
312.5291602
313.0336199
313.3299581
313.2362683
313.060806
313.0315617
313.0080634
313.4896044
313.4898202
313.3833222
313.3131106
313.2443747
313.1997792
313.1086395
312.1620975
312.0275818
311.9793473
311.9468612
311.940246
311.8694081
311.9808605
311.9529684
311.9705326
311.9858439
311.9420973
312.0146321
312.0618895
312.0640588
311.8945211
312.015697
312.0105614
311.9356333
312.0402176
312.3102194
312.2967121
311.8306481
311.9751015
311.8882612
311.9460834
312.0358686
312.1541484
312.2831319
311.7307323
311.8336565
311.7471152
312.0342112
312.0807084
312.0856159
312.1160522
311.6023286
311.6795164
311.8421675
312.252171
312.1184476
311.9992797
312.0880948
311.523717
311.6191257
312.2393727
312.3639646
312.1832718
311.9514896
311.6535324
311.58346
311.996047
312.4044264
312.4643745
312.4994915
311.935542
310.7543164
311.8121393
312.3089715
312.4539968
312.5203644
312.894399
313.0885745
312.7709818
311.9267849
312.3658656
312.4058343
312.4951433
312.8546035
313.0992724
313.0794569
311.9101539
312.4213378
312.5100249
312.8778383
313.0494155
313.1121808
313.0894111
311.8408292
312.4719181
312.9559783
313.0964433
313.0510289
312.9569829
312.9269624
311.9091679
312.9167672
313.1857903
313.1281068
312.9614218
312.8673803
312.8655702
312.7548552
313.3819396
313.3067819
313.0700471
312.9893934
312.9969516
312.9871105
313.5290836
313.4955291
313.3829612
313.3236542
313.2693323
313.1942814
313.0969242
311.9598918
311.959847
311.9543761
311.8960688
311.8683729
311.7013643
311.8630959
311.9102481
311.9683648
311.9804713
311.89261
312.0207204
312.0736601
311.9916866
311.9028429
312.0349683
312.0045814
311.9238471
312.0572441
312.3306488
312.3769461
311.8602139
311.9995404
311.89419
311.9679661
312.0618366
312.1319444
312.2045422
311.7750966
311.8554984
311.7260059
312.1314255
312.0784776
312.007376
311.9036628
311.6503041
311.7045328
311.7826878
312.2892379
312.1005138
311.9974967
311.6894148
311.5291127
311.6181095
312.2016283
312.3617078
312.2670822
312.0875064
311.3646785
311.5908015
311.864488
312.4149321
312.4601958
312.6102291
312.6993791
311.1692609
311.9285283
312.5694691
312.4693085
312.5104376
312.7061357
312.9479612
312.7430603
312.1712873
312.924002
312.6341323
312.7245573
312.8831902
312.989251
312.9208392
312.0843032
312.9219126
313.0513345
313.1262146
313.05856
312.9872237
312.9345386
311.9827758
313.0107045
313.1411045
313.0403481
312.8232331
312.7495487
312.7641653
312.1194815
313.2450706
313.1693945
312.944314
312.7201476
312.7418774
312.78528
313.1215952
313.3941241
313.1763885
312.9648337
312.9380401
312.9666866
312.9558468
313.6012956
313.506709
313.3915982
313.3153727
313.2468116
313.1210982
313.0021523
311.9175289
311.9505496
311.9272987
311.7839907
311.6424324
311.3550854
311.6384498
311.9186809
311.9709755
311.9616399
311.8148201
311.9827014
311.9420162
311.8455052
311.9347542
312.0405939
311.9984401
311.9042811
312.0580983
312.2479948
312.3300112
311.8926022
312.0094935
311.931525
311.9644819
312.0284258
311.9536999
311.7602016
311.8109493
311.8644322
311.7193686
312.1410141
311.9585434
311.7514604
311.5038308
311.7095518
311.709452
311.6607328
312.2733123
311.9737082
311.9386896
311.4650208
311.5523145
311.5665577
311.7093191
312.3327184
312.1933431
312.3798774
311.4990504
311.5800277
311.7557978
312.0995245
312.4230053
312.5527304
312.8084667
312.2463019
311.9376312
312.7435986
312.529275
312.6073959
312.7769777
312.9299759
312.7783509
312.234909
313.1580278
313.166923
313.1680574
313.0673155
312.9983874
312.871013
312.1435682
313.1768462
313.2156036
313.1619241
312.990806
312.8745743
312.8537395
312.1077149
313.1698811
313.0468168
312.8617118
312.5784949
312.532026
312.5718194
312.6933081
313.2394227
313.0005487
312.7418083
312.5458915
312.6247565
312.698602
313.5278114
313.3504265
313.0509541
312.7570085
312.7724791
312.8612765
312.8651056
313.6430293
313.5142828
313.327729
313.1622974
313.0997826
312.967586
312.8485875
311.9228405
311.9595085
311.8733822
311.5106947
311.1344039
310.8860621
311.3355824
311.9312983
311.9639074
311.9319514
311.7311502
311.8351865
311.6066427
311.6040504
311.9437597
312.042034
311.9912054
311.8403516
312.0220817
312.026238
312.0910785
311.9016217
312.0169023
311.9455615
311.8702041
311.9914167
311.6619644
311.2115742
311.8185343
311.8807328
311.7417779
311.9985142
311.7887679
311.2428532
311.1616436
311.7221738
311.7301126
311.6455992
312.2364141
311.7667941
311.5308038
311.3919536
311.5774669
311.56049
311.6141706
312.3075017
311.9955772
312.187476
311.9837318
311.5954471
311.7368184
311.9020193
312.3362918
312.4220645
312.5847363
312.7012932
311.8863182
312.7610835
312.9274538
312.7983888
312.71332
312.7805444
312.8902099
312.2473655
313.2377115
313.2786815
313.2284188
313.0661722
312.9829657
312.9324217
312.3229999
313.251067
313.1313258
313.0273804
312.8365478
312.6414349
312.6855775
312.8379474
313.1785197
312.9430465
312.7983371
312.4604928
312.2956807
312.2951613
313.5156809
313.2384774
312.8447126
312.6554605
312.347099
312.5032309
312.5624961
313.6107024
313.2646667
312.7696404
312.4150114
312.4988966
312.6735349
312.7387025
313.6055681
313.4245254
312.9830447
312.7974575
312.8313489
312.6845856
312.6112192
311.9393996
311.9602232
311.7785276
311.0555343
310.5891538
310.3936629
310.9237179
311.9329942
311.9538334
311.8990256
311.5927003
311.6485909
311.3292391
311.1262168
311.9471825
312.0410033
311.9864646
311.7961228
311.986942
311.8921735
311.7138802
311.9064931
312.0203232
311.9564325
311.8126076
312.0050506
311.6494214
310.7765271
311.8204374
311.8965749
311.7445192
311.8056941
311.8163326
310.8706959
310.4561111
311.7226952
311.7458875
311.6447737
311.8772645
311.7462142
310.8938625
311.037204
311.5835602
311.5607267
311.5985488
312.0666657
311.9776828
311.4930813
311.9834308
311.6354757
311.7409313
312.0314321
312.1582658
312.2709137
312.2729817
312.4802535
312.1191551
312.6888798
312.9747042
312.7261483
312.4881735
312.48334
312.5988864
312.8719315
313.2639587
313.2349746
313.1698401
312.998719
312.9256033
312.8783593
313.3706583
313.2789574
313.1061553
312.9095806
312.6762262
312.4419524
312.3922263
313.615805
313.1588372
312.9006688
312.75696
312.317085
312.0459503
311.955028
313.5979855
313.0945945
312.7887473
312.6124885
312.124221
312.2654388
312.3222936
313.4601546
313.0579673
312.4789577
312.1973868
312.2554329
312.4279539
312.5641479
313.5143302
313.0238805
312.3517305
312.3184272
312.4629509
312.2434685
312.2253211
311.951195
311.9571757
311.7200044
310.6868692
310.0016157
309.9702062
310.562889
311.9332186
311.9489987
311.8598054
311.3110145
311.2789103
311.2381602
310.6518825
311.9487743
312.0395482
311.9773151
311.7239981
311.8764192
311.877088
311.5231276
311.9101284
312.0218729
311.9607384
311.7914717
311.9970258
311.7006099
310.7635665
311.8211541
311.9062952
311.7551103
311.7491723
311.9749378
310.8950839
309.7476261
311.7206852
311.756612
311.6454789
311.7481841
311.949206
310.6744594
309.9089504
311.5845939
311.5683667
311.5909204
311.8298819
312.0493822
311.2487448
311.2106779
311.6480894
311.7484811
312.0146333
312.1355246
312.1211846
312.0859681
311.843361
312.3084797
312.6773284
312.9347057
312.8580873
312.5105651
312.4091847
312.3519608
313.3963761
313.2782764
313.2003546
313.1004368
312.8040306
312.7460808
312.7441463
313.6760805
313.2510627
313.0613702
312.7917256
312.4630819
312.3372878
312.1818221
313.5936298
313.0768699
312.8822338
312.7019944
312.1112477
311.7959697
311.4726563
313.388313
313.0369654
312.776155
312.5819312
311.907178
311.8236275
311.8591364
313.3748065
312.9129789
312.3757023
312.0834574
311.9097753
312.0555378
312.238852
313.4277963
312.6035044
312.0026264
311.9482153
311.9626464
311.6729455
311.647244
311.9599967
311.9604722
311.6782574
310.4389863
309.5184313
309.5380004
309.8151777
311.9332919
311.9444535
311.8283388
311.0675428
310.7489475
311.1410426
310.2523954
311.9501887
312.037096
311.9606394
311.580415
311.4992274
311.8941033
311.5131453
311.9156892
312.0222096
311.9585164
311.7289691
311.7614839
311.8328839
311.1913416
311.8261433
311.910893
311.75858
311.7181594
311.9522453
311.2526212
309.7287258
311.7221573
311.7645987
311.6513318
311.719536
311.9976255
310.9853102
309.0493332
311.5848985
311.5728789
311.5874606
311.859353
312.0402254
311.5310189
309.9238293
311.6490884
311.7422525
311.9751785
312.3194687
312.1777542
312.1043036
311.3486899
312.3363895
312.7037371
312.9332447
312.9024402
312.578328
312.4514875
312.2669968
313.4029481
313.2161368
313.1494013
312.9530263
312.5591705
312.4556295
312.4660051
313.5908982
313.1623912
313.0017736
312.6893146
312.3820263
312.2564242
311.7631317
313.3972201
313.0432422
312.8619423
312.6283519
311.9184286
311.6579555
311.029646
313.3419417
313.0128192
312.7552781
312.5077389
311.590651
311.3071135
311.3844161
313.3537342
312.8803368
312.3425587
311.9969066
311.530055
311.5326347
311.5713233
313.3584008
312.4840663
311.8149723
311.5704943
311.4018699
311.1540067
311.2071222
311.9675158
311.9545821
311.6012778
310.0744386
308.9581019
309.0780573
309.3901548
311.9350699
311.9406292
311.7715865
310.683335
310.0421579
310.8708997
310.4741246
311.9535749
312.033584
311.9328748
311.4199707
311.2949639
311.891826
311.6169292
311.923283
312.0212803
311.9448148
311.5989906
311.5333382
311.9138847
311.5228463
311.8338996
311.9129893
311.7553913
311.6147124
311.6840958
311.6566055
310.1286337
311.7281111
311.7682412
311.6504653
311.700812
311.8063976
311.5463289
308.8488541
311.5866156
311.5753532
311.5863793
311.8637969
311.8029795
311.8391751
309.4904845
311.6494098
311.731759
311.9635182
312.2976014
311.940569
311.9473406
311.1334532
312.3429844
312.7418214
312.9353544
312.8719142
312.4036787
312.0143108
311.9270293
313.3608155
313.2021974
313.1312241
312.8687388
312.4985346
312.0382708
311.858558
313.5339509
313.1346994
312.9765183
312.6455063
312.3722996
312.0069322
311.0842607
313.3667161
313.0285542
312.842875
312.5788245
311.8515507
311.5792515
310.7361498
313.3305238
313.0005023
312.7353024
312.3961908
311.4060105
311.0944205
311.2024126
313.3482008
312.902322
312.3495152
311.9610608
311.2947043
311.2074262
311.2166328
313.3491139
312.492093
311.7134185
311.3171463
311.0061646
310.910533
310.7705417
311.9701042
311.9510775
311.5814017
309.9365952
308.2834177
308.158232
309.0763603
311.9355471
311.9393675
311.7571103
310.5099747
309.2752523
310.0670739
310.9997619
311.9543027
312.0323802
311.9264226
311.2896762
310.8764559
311.6307463
311.5814869
311.9268043
312.0208424
311.9410595
311.5304955
311.2077616
311.7561687
311.5267824
311.8392155
311.9136774
311.75279
311.5595965
311.2883742
311.5854092
310.2508183
311.7339127
311.7695991
311.6494172
311.6924615
311.3211621
311.4616999
308.9788066
311.5895734
311.5761905
311.5859269
311.8608169
311.4131594
311.4913335
309.317901
311.6409163
311.7204374
311.9611508
312.2782289
311.7684362
311.3150929
310.7656139
312.3543161
312.734551
312.9325229
312.8612335
312.3514596
311.5159269
310.8166453
313.3738439
313.2020511
313.1250675
312.839542
312.4736894
311.6031239
310.5750657
313.5263416
313.126418
312.9676331
312.6311889
312.3631351
311.5250961
310.4061902
313.3601429
313.0245268
312.8369266
312.5628033
311.8345058
311.2683759
310.502833
313.3277171
312.9956572
312.728088
312.3737665
311.3691153
310.9112983
310.6344239
313.3488401
312.8957009
312.3608209
311.999809
311.1830304
310.6440142
310.3723132
313.3786986
312.5649165
311.7111565
311.2559713
310.5211094
310.1820186
309.8866982
314.0528135
312.9336472
312.7882507
312.8296514
312.7204731
312.6588943
312.6083117
313.6757847
312.8042506
312.7372818
312.7668409
312.7400617
312.637706
312.6045989
313.5005388
312.7614787
312.7256467
312.7545134
312.736803
312.6535655
312.7345733
313.4567485
312.7343618
312.7089646
312.7529765
312.7364229
312.7058058
312.7493476
313.373913
312.6692335
312.6948651
312.7426983
312.7383877
312.6747832
312.6665084
312.5834375
312.352806
312.5886681
312.6004123
312.5517267
312.2822895
312.3004776
310.6741128
311.1805368
311.9609915
312.3423654
312.275746
312.040472
311.9595357
310.1381855
310.6821576
311.2739387
312.134186
312.3125646
312.5155375
312.5405215
309.9152849
310.2940065
310.5382262
312.0510187
312.4118142
312.7672573
313.0527652
310.3157497
310.564139
310.8908035
312.3011236
312.5681824
312.8861666
313.300568
312.5208522
311.7985575
312.015621
312.5107788
312.7512126
312.9347417
313.3954187
313.496836
312.6763476
312.7701461
312.8700004
312.9497122
313.0434717
313.4480821
313.6707089
312.9488614
312.9573276
313.0088643
313.0913389
313.1655003
313.5123637
313.9674017
313.1121926
313.0618271
313.0839521
313.1517884
313.2297071
313.5646827
314.0925794
313.4180548
313.277863
313.1785493
313.2006146
313.3053855
313.3768535
314.600003
313.6914949
313.3634387
313.2788541
313.0591769
312.7199235
312.4965252
314.1249415
313.113699
313.0843492
313.1116004
312.9707022
312.6139993
312.451502
313.8444184
312.7733615
312.954371
313.0486782
312.9217179
312.6498171
312.4391512
313.5960636
312.5281888
312.8328811
313.0073359
312.9394337
312.7854826
312.4570717
312.7466872
312.1104947
312.8156971
312.9719078
312.9853197
312.7881973
312.3332944
310.7713197
311.652771
312.6267066
312.5959595
312.4668681
312.0563791
311.9701532
310.1721359
311.1430916
311.8469179
312.1212025
311.9420412
311.5519597
310.7829557
310.1829248
311.1148191
311.6111099
312.3278096
312.7722134
312.8298735
311.8709617
310.0048089
311.2504464
311.961381
312.7276059
313.0642107
313.4429488
313.3428071
310.3486503
312.0008631
312.7236317
313.1008179
313.1764835
313.431183
313.6971003
311.6553455
311.9571414
312.835644
313.1676873
313.3726328
313.5066108
313.8679804
312.4837258
312.380473
312.7813143
313.1591116
313.4472885
313.5787813
313.9847419
312.8013763
312.7373175
312.8824579
313.1334453
313.6
313.7477987
314.0349942
313.1454385
312.9168146
312.9950528
313.1964866
313.6457807
313.8001794
313.9841867
313.7842108
313.2542959
313.1857003
313.3195002
313.6124418
313.7549705
313.8275479
314.5706001
313.667898
313.4850442
313.3221707
312.613422
312.2865354
312.2039116
313.8116145
313.1651058
313.2323148
313.2167638
312.7073622
312.3113443
312.2548417
313.1773226
312.8915465
313.0934967
313.2576404
312.8489316
312.4126316
312.3471827
312.6866595
312.7361711
313.0815111
313.2470961
312.9852288
312.7158082
312.4546395
311.5246471
312.5948651
313.1475417
313.2400458
313.1073642
312.9138709
312.4273475
310.8527041
312.6825608
313.0163524
312.8443908
312.8373676
312.6946097
312.2722127
311.20012
312.1794802
312.5318806
312.4669281
312.6115929
312.5274066
311.2536307
310.2661501
310.8314377
311.4251182
311.7571168
312.8259819
312.8750115
311.7710351
310.3000301
310.7647455
311.3508901
311.6780459
312.8551447
313.479063
313.4656049
311.4358924
311.7211617
312.2754796
312.3279817
312.8188246
313.3992941
313.7937106
312.7741676
312.7543287
313.005649
313.1073914
313.3727503
313.5705483
313.9416284
313.0808842
313.0786275
313.2030256
313.2996668
313.6530137
313.8149792
314.0358214
313.0804241
313.1429858
313.3586752
313.5374387
313.9406747
314.0249489
314.0616158
313.0915105
313.2194298
313.5804527
313.8301105
313.9652439
314.0097736
313.8917845
313.304012
313.3419455
313.6712782
313.8676729
313.8312743
313.7790851
313.4176247
313.7481531
313.3991401
313.2710173
312.7398072
312.3182799
312.2042523
312.1251003
313.0064722
313.123945
313.3470969
313.0772366
312.3996474
312.2533352
312.2175462
312.7049026
313.0537489
313.4323957
313.3352052
312.572065
312.3758122
312.3895759
312.6484468
313.0619443
313.416455
313.4253814
312.9211305
312.7486196
312.409613
312.7362599
313.0311964
313.3906424
313.429792
313.1542259
312.9369745
312.297568
312.9004965
313.0486201
313.1376001
312.9089328
312.8532131
312.7840454
312.137651
312.8680881
312.7276615
312.6869283
312.6140442
312.7869342
312.8645679
311.3633359
312.4510284
312.4724732
312.4052339
312.232508
312.9307446
312.9828193
311.3529195
311.9834157
311.9498531
312.1562601
312.1289259
313.0609751
313.5970518
313.0138036
312.3205859
312.1407207
312.4756223
312.4423426
313.0521169
313.7707621
313.7515325
313.041195
312.7785978
313.0902945
313.115994
313.5842034
313.9303939
313.9532562
313.2226683
313.1955427
313.2957263
313.412157
313.9146581
314.0247667
313.9589295
313.1787932
313.2611701
313.5709585
313.8459151
313.9724331
313.8596001
313.6222584
313.3281556
313.5134767
313.9327702
313.9647451
313.4381463
313.032689
313.0383925
313.5643631
313.8170844
313.9665948
313.826145
312.8520933
312.5382359
312.3781845
313.649625
313.5775439
312.6995434
312.4051897
312.2757833
312.1972794
312.1030444
313.4292118
313.5325815
313.2114356
312.5599163
312.3383702
312.3030776
312.2618897
313.4626966
313.5491247
313.5225359
313.0831722
312.4957953
312.4531506
312.4597231
313.5299837
313.4960091
313.5958168
313.4581638
312.9295094
312.8115898
312.3815059
313.338203
313.2685772
313.5668216
313.4921447
313.255416
312.8754306
312.1095104
313.017382
313.1764965
313.314516
312.9619244
312.7410835
312.7419209
311.6408525
312.8759238
312.7472628
312.7365607
312.6767772
312.4209753
312.104822
310.8805164
312.9956041
312.8202366
312.9087375
312.8810344
312.7840737
311.746153
310.4430384
313.1674837
313.0482887
313.1050102
312.9631811
313.4263082
313.5429029
312.050464
313.3034088
313.2287231
313.2395536
313.2276011
313.5729933
313.9201901
313.1356978
313.3597672
313.3452665
313.3198643
313.4080737
313.8865826
314.0300903
313.5406625
313.3005784
313.3431856
313.4466752
313.7515718
313.9424984
313.8355581
313.5612203
313.2284423
313.407041
313.9043081
313.9672381
313.3325225
312.98012
313.221333
313.6457804
313.9173727
314.0061133
313.4521968
312.4872343
312.4156355
312.6319568
314.009956
314.0270182
313.8389934
312.990624
312.2968896
312.2591319
312.2526485
313.6435796
313.2282691
312.5471525
312.4005649
312.3974167
312.383499
312.1820392
313.7174206
313.6226236
312.8554461
312.5223115
312.4608151
312.5439814
312.3526046
313.7247209
313.71478
313.4901602
312.9332682
312.6303256
312.6930092
312.4726037
313.6016547
313.6700124
313.6467367
313.4606312
313.1435205
312.9912259
312.4106606
313.2222988
313.4714501
313.6056518
313.5059468
313.2958982
312.9358048
312.1927078
312.9579731
313.3163224
313.3834447
312.948387
312.4277586
312.3548195
311.7423153
312.8400184
312.8404517
312.7340423
312.556637
312.1276877
311.3540907
310.7233796
312.7318913
312.7008597
312.8920027
312.9543645
312.8102681
311.7479082
309.9745731
312.9621912
312.8247379
312.9307226
313.0692964
313.4371049
313.5190264
311.7415769
313.2670289
313.1658889
313.1130334
313.2186522
313.6369435
313.818522
312.6283163
313.3598477
313.3568214
313.3013307
313.5197002
313.8799737
313.8927916
313.1733914
313.2866169
313.3244621
313.6029195
313.8621065
313.8218916
313.6342961
313.3942279
313.3066333
313.6583589
313.959065
313.8243591
313.0232373
312.8688465
313.1902234
313.93989
314.0412149
313.7746823
312.8960416
312.4227491
312.4450068
312.6378334
314.0815847
313.9282928
313.2384011
312.4293083
312.244023
312.3415342
312.4037367
313.2174341
312.7023098
312.5020695
312.5436477
312.5558001
312.4684601
312.3343022
313.5776713
313.2403379
312.7184621
312.5817324
312.6190127
312.641617
312.4639936
313.7229541
313.6452171
313.3364835
312.9133732
312.8337472
312.7949196
312.5189277
313.6414572
313.7023484
313.6415086
313.4315984
313.2977207
312.9726015
312.4578083
313.2625945
313.5397593
313.6022455
313.4900529
313.2578428
312.811924
312.266161
312.9593014
313.3512486
313.4131636
313.0285731
312.2743079
311.7233097
311.7588152
312.8658394
313.013234
312.815827
312.3610066
312.0901074
311.0920921
310.290396
312.6350634
312.6740116
312.7756896
312.8732925
312.9210845
312.283416
309.8404151
312.689469
312.6029105
312.6434255
312.9199805
313.263294
313.5150289
311.8257095
312.896156
312.743413
312.7805168
312.9984705
313.4904394
313.7120402
312.5479639
313.1621739
313.0960631
313.2263214
313.5329138
313.7611467
313.802394
313.1325803
313.2031567
313.2336133
313.6103008
313.8212975
313.8291072
313.7143227
313.3908934
313.3330952
313.794073
313.8830385
313.7964598
313.4744678
313.2209773
313.1809923
314.0290015
313.99193
313.4894804
312.8771057
312.7059653
312.8328394
312.8395314
314.0239889
313.6845896
312.8338145
312.3437608
312.3503851
312.6918099
312.8016608
312.7505188
312.54426
312.5505318
312.6589202
312.5996184
312.4415287
312.3479941
313.1789998
312.9030967
312.6903697
312.6938846
312.7196894
312.6634411
312.4221959
313.6218748
313.5331424
313.3101145
313.0798814
313.0010246
312.8199336
312.2933893
313.6323278
313.6377275
313.5827659
313.4569681
313.2512919
312.3605961
312.0037705
313.2913396
313.5313075
313.5287059
313.4218913
313.0271157
312.4332624
311.8925254
312.9131474
313.3331951
313.3864234
313.0647145
312.2321337
311.5363851
311.3123437
312.8213358
313.0819106
312.9493455
312.2679295
312.0156926
311.1939571
309.8626762
312.6117745
312.6840903
312.6831172
312.5784841
312.7830538
312.7591294
310.3283847
312.612931
312.5118339
312.5104315
312.5658302
312.7919019
313.3865005
312.5374083
312.7313429
312.5919426
312.5914101
312.6735397
313.0625515
313.5130533
313.0553204
313.0216814
312.9251288
313.1209563
313.3029726
313.5315389
313.6574035
313.4152033
313.1186962
313.1601616
313.4666454
313.6565205
313.6990198
313.7096667
313.5631542
313.3180158
313.7277349
313.7967694
313.7715783
313.7107522
313.6595468
313.5131156
314.015183
313.9796658
313.5745957
313.1291903
313.2840576
313.4246144
313.2962285
314.0702609
313.7435184
312.9461469
312.5064612
312.6627813
313.1594209
313.1887455
312.4854859
312.5139527
312.6995833
312.6929793
312.4946105
312.1724043
311.9634364
312.9641753
312.887125
312.8473555
312.856918
312.7483024
312.4695604
312.0885369
313.5535148
313.51951
313.4255649
313.2794419
313.0379119
312.6051204
311.711266
313.5712116
313.5194771
313.4926804
313.3929046
312.9855266
312.0523114
311.6196557
313.272669
313.4002461
313.4176985
313.2762432
312.4924757
311.7735626
311.4517082
312.8398498
313.2250168
313.2426417
312.8937813
312.0182946
311.612042
310.6378129
312.7526406
313.0842028
313.0178365
312.2639905
311.714245
311.2946674
309.9677051
312.6022828
312.7159656
312.6498739
312.2894102
312.4620829
312.7726647
311.7095605
312.5281987
312.4166314
312.365765
312.2087061
312.4458422
313.0985235
313.0406022
312.6332616
312.4943657
312.4081998
312.2483693
312.4514921
313.1333397
313.3802744
312.9214344
312.884608
313.0322335
312.9284621
313.1663032
313.4982147
313.5398075
313.0543013
313.1011103
313.342502
313.4812332
313.5838986
313.6215332
313.6030627
313.238093
313.554843
313.6809265
313.6777524
313.6684941
313.6450195
313.5631325
313.8501035
313.9100365
313.7194319
313.4297054
313.511733
313.5218239
313.3516862
314.054406
313.8569969
313.2491637
312.8654089
313.0998177
313.3401105
313.2804364
312.5280805
312.6838017
312.8873156
312.5867026
312.1572788
311.9935978
311.6804938
313.153812
313.1762166
313.1286746
312.9458842
312.4295882
312.0731287
311.7487821
313.5009631
313.4738093
313.4382971
313.2695189
312.6001757
312.1258596
311.43944
313.4373083
313.3237296
313.3782537
313.2387915
312.4969875
311.9014484
311.4895263
313.2003025
313.1999418
313.293604
313.0074312
312.1107094
311.2366434
311.095022
312.7763892
313.0672882
313.1082613
312.5695967
311.7373277
311.6356097
310.590069
312.6432289
312.9811955
312.9693109
312.3325393
311.2766032
311.1278578
310.305753
312.5703455
312.7573421
312.7776829
312.0362662
311.7608564
312.4296236
312.2928327
312.4525824
312.3106592
312.2614528
311.9076945
311.9759903
312.6220248
313.0306348
312.6025519
312.4141179
312.1511273
311.8692244
311.9824794
312.4888801
313.2557099
312.9042754
312.935943
312.8765925
312.4003347
312.5415955
313.1683374
313.3962327
313.011813
313.0976267
313.3180276
313.4029248
313.5090411
313.5399445
313.4591167
313.1898895
313.4389181
313.5877645
313.613914
313.6208733
313.5795663
313.3296563
313.6893214
313.7648864
313.6707126
313.5916775
313.5873498
313.5257291
313.257538
313.8847973
313.7833848
313.3600474
313.2805561
313.3923229
313.3596366
313.1458418
312.8177009
312.997068
312.8826066
312.2550816
312.0495679
311.9298453
311.4909959
313.3443733
313.3231927
313.1982086
312.6212268
312.0976098
311.9247611
311.5225399
313.4086826
313.4015827
313.3510154
312.9742536
312.1726114
311.9031671
311.2844231
313.2518353
313.2421993
313.3147687
312.9932745
312.1555164
311.7756931
311.350747
313.1194564
313.1006397
313.2270203
312.7707949
311.9890315
311.0842893
310.9189707
312.7850566
312.9411315
313.06739
312.5094546
311.6465527
311.6652079
310.5369036
312.5839326
312.7912693
312.9421992
312.4353984
311.1992747
310.6773326
310.4065821
312.5110873
312.6690673
312.8128878
312.3364004
311.3853923
311.8895447
312.1555837
312.3911053
312.2213479
312.3385882
311.9695364
311.4230387
311.9702172
312.4659665
312.6452489
312.2767038
311.8076654
311.5825915
311.4751166
311.6919906
312.4462689
312.9540833
312.9901656
312.6403609
311.9359692
311.9529872
312.6277849
313.0532451
313.0280832
313.1301212
313.3466052
313.3543949
313.3692336
313.4048428
313.2567654
313.1964982
313.4310966
313.5573485
313.5840927
313.5668109
313.4821014
313.2150281
313.6413235
313.663001
313.6110921
313.5932225
313.5561235
313.4141485
313.1073611
313.6744387
313.5838667
313.3817048
313.4266767
313.3927828
313.0892639
312.6500063
313.0671624
313.0815105
312.6614348
312.175028
312.0200318
311.9145531
311.3958842
313.3548628
313.3293886
313.1219136
312.3036474
312.0285086
311.8626178
311.3120632
313.32299
313.3536003
313.2426633
312.5796683
312.0489286
311.7990834
311.1085856
313.1456154
313.2300846
313.2340024
312.6749272
312.0337777
311.6694958
311.1045108
312.9940124
313.0773944
313.1538152
312.5877585
311.9281052
311.0533806
310.5586661
312.8232564
312.8583404
313.0170042
312.49584
311.611668
311.5705183
310.190096
312.5771738
312.6747984
312.850828
312.5229696
311.4749585
310.6031783
310.1311464
312.4754964
312.5027634
312.7281929
312.5008461
311.4345526
311.5012318
311.7237582
312.3833538
312.0781172
312.2635398
312.2643394
311.1065495
311.3425037
311.9776521
312.6581584
312.0630344
311.5727981
311.5051401
311.0406708
311.1609108
311.7528929
312.9923958
313.0456412
312.5946411
311.7569794
311.7056649
312.3491353
312.7462621
313.0485993
313.1409999
313.3433951
313.2574878
313.2489126
313.2273789
313.0374556
313.2173325
313.4194146
313.5298119
313.5113181
313.4456675
313.2825418
312.9653249
313.6156829
313.5859089
313.5755942
313.5292512
313.4044212
313.0568766
312.5762749
313.4904069
313.4143707
313.4585625
313.4279861
313.172811
312.5006646
312.1769457
313.1424482
313.0800645
312.5799384
312.1613357
312.0127719
311.9127043
311.4759707
313.3400528
313.3026309
313.0080678
312.2571695
312.0095948
311.8398517
311.2473678
313.2913189
313.3279145
313.1381117
312.4495608
312.000178
311.7491731
311.0138694
313.1305849
313.2375396
313.1342194
312.4885194
311.9587533
311.4773125
310.6231941
312.9630595
313.0802399
313.0099598
312.3588875
311.8930209
311.1537858
310.1342783
312.7816734
312.8489954
312.9478144
312.334579
311.5804681
310.9999318
309.2340742
312.6184647
312.6657973
312.7702014
312.4733593
311.5881866
310.6771304
309.6588502
312.5185038
312.3953826
312.573585
312.4870638
311.6062256
311.3185584
311.2180557
312.4457897
311.9272433
311.9228235
312.2717454
311.2041311
311.1397084
311.382701
312.62811
311.8341632
311.2193413
311.3218586
310.8401222
310.946105
311.3025829
312.9836383
313.0369869
312.6655633
311.7657351
311.8449287
312.3120743
312.4796055
313.0440079
313.0988742
313.1901308
313.1342779
313.0567386
312.8802996
312.6952708
313.2136864
313.3297892
313.3761559
313.3200031
313.1747718
312.7919331
312.5300354
313.5549159
313.525023
313.4931124
313.3809551
313.1104932
312.4668383
312.1096863
313.3968046
313.4003263
313.4487794
313.2829508
312.8792381
312.2387723
311.927329
313.1647902
313.0887995
312.598814
312.1663208
312.0164071
311.9300492
311.6237197
313.3211854
313.2753981
312.9784462
312.256955
312.0069845
311.8754996
311.5302892
313.285504
313.3018317
313.0829376
312.3919132
311.9810098
311.7425411
311.0175166
313.1511583
313.2375901
313.0453065
312.3416653
311.9190624
311.3895284
310.5415844
312.9952892
313.0728387
312.7736398
312.0973493
311.8403149
311.2067624
310.0705841
312.7830639
312.8949121
312.7759699
312.1518616
311.5140136
310.4282019
308.5721265
312.648386
312.6224938
312.65062
312.3675455
311.5956098
310.5890196
308.9999954
312.570687
312.3374526
312.4344964
312.3535835
311.6317791
311.2079873
310.9461274
312.4715518
311.6552891
311.4364514
311.9118914
311.0309513
310.922673
310.9545826
312.5299661
311.3888192
310.6621973
310.6206336
310.4929149
310.6368788
311.0296609
312.9256512
312.9507811
312.6372971
312.004687
312.0547385
312.1281601
312.2288669
313.0085666
313.0087321
312.9835099
312.8465392
312.6189484
312.3686352
312.3950515
313.0595234
313.0747617
313.0366062
312.9293005
312.6559015
312.1799442
312.221007
313.3969491
313.3843145
313.28833
313.0666603
312.6180328
312.0626255
311.955231
313.3826073
313.4319831
313.3233752
313.0144537
312.7038408
312.0097142
311.7352432
313.1757865
313.1216791
312.6712984
312.187515
312.0327188
311.9669446
311.7546319
313.309453
313.2572692
312.9823684
312.2690163
312.0171491
311.899873
311.6602067
313.2932049
313.270174
313.0184496
312.2816805
311.9832446
311.8159225
311.3527165
313.1981289
313.2026254
312.8977742
312.1777146
311.927353
311.547058
310.5826529
313.0715596
312.9908649
312.4906488
311.9994681
311.822912
311.2947565
310.1610145
312.8886619
312.8799544
312.5716768
312.0979249
311.5107794
310.3085527
308.5630955
312.653892
312.5281363
312.4977784
312.3065824
311.5843758
310.39707
308.1523372
312.5797203
312.2595276
312.2160656
312.1905464
311.5017374
310.9489599
310.3582254
312.4305852
311.2315685
310.6603585
311.1537475
310.430181
310.4536363
310.6775252
312.4252839
310.964582
310.2657497
310.1395248
310.2776891
310.705488
311.0849271
312.8556517
312.8371618
312.4906119
311.9102427
311.892026
312.0656418
312.2849919
312.9511264
312.9424747
312.8401988
312.4127543
312.1644988
312.1895877
312.4819417
312.9310801
312.9082917
312.8282289
312.5509648
312.1625335
312.0138065
312.3678446
313.0797718
313.0240137
312.8864836
312.7676525
312.4060187
311.9272238
312.1055841
313.3860117
313.3553351
313.0258206
312.8305503
312.5013293
311.8543763
311.6870764
313.173148
313.1369816
312.6868108
312.1993153
312.0457931
311.9875508
311.8074361
313.2964233
313.2249808
312.9378125
312.255576
312.0310973
311.9305552
311.7082667
313.2946279
313.2097866
312.8868848
312.2342569
311.9959304
311.8522825
311.430658
313.2063529
313.075552
312.6873016
312.1282949
311.9450408
311.713789
310.6320007
313.08332
312.7884377
312.2429283
311.9644794
311.8160081
311.3690533
310.2981443
312.954156
312.7218305
312.2892232
312.1033851
311.6155927
310.3999462
308.7987576
312.6757732
312.4809365
312.3415848
312.1578574
311.2903789
309.9034192
307.6647697
312.5755649
312.1629997
311.6929817
311.784533
310.8974933
310.229351
308.8543327
312.3901646
310.8326354
309.8411056
310.2109095
309.8879518
310.1585544
310.4036449
312.389694
310.6192303
309.7895233
309.8115496
310.3706565
311.0175347
311.0927206
312.7645741
312.6041153
311.9848203
311.6396599
311.866838
312.1110629
312.2272822
312.8485373
312.8137016
312.4762156
312.0530742
311.9955893
312.1371311
312.4233929
312.8561526
312.8164906
312.6207683
312.1788896
311.9734007
311.9087716
312.2099053
312.9265479
312.8424919
312.725695
312.6569529
312.321282
311.8790577
311.9605079
313.2987572
313.0465418
312.7901607
312.7216601
312.4113478
311.8081592
311.6594479
313.1606089
313.1414952
312.669495
312.2139451
312.0536439
311.9950308
311.8284069
313.2628242
313.1952821
312.8997098
312.2659033
312.0504344
311.9464197
311.7528118
313.2735687
313.1291969
312.8250536
312.2371159
312.023337
311.8884699
311.6159245
313.1821803
312.9417949
312.6112685
312.1248454
311.9752387
311.8294992
311.2368792
313.0286716
312.5591088
312.1089978
311.9481931
311.8466677
311.6068574
310.3112329
312.8894452
312.3345811
312.1114744
312.0537659
311.6540414
310.7990777
309.4953504
312.7046342
312.4536042
312.1441287
311.8460066
310.9788092
309.4012136
307.7368298
312.5817244
312.1933018
311.0892222
310.7752442
310.2166642
309.693956
308.093844
312.4883829
310.9167226
309.2047769
309.3246839
309.7064568
309.9857834
309.6185677
312.5205975
310.7881197
309.3208082
309.5424786
310.5103212
310.9804788
310.8934891
312.7464789
312.3651093
311.5427444
311.3327085
311.5692292
311.6237207
311.4801996
312.8012487
312.6261213
312.1935012
311.7005938
311.4247545
310.9964084
310.2638173
312.8183147
312.6634631
312.4464412
311.9910507
311.7410211
311.4717677
310.6598973
312.8775938
312.7235587
312.591694
312.5730417
312.4653499
311.9182032
311.3117731
313.2405729
312.8848214
312.6924087
312.6704537
312.5299688
312.0423234
311.6275492
313.1592952
313.1357203
312.6725542
312.2254183
312.0555256
311.9963224
311.8333677
313.2195969
313.1729894
312.9023624
312.3014886
312.0563539
311.9490458
311.7595263
313.2287613
313.0823316
312.8257152
312.2678366
312.0339458
311.8960692
311.6688345
313.1307048
312.8972065
312.5915758
312.1464276
311.9867164
311.8539338
311.4484273
312.9488887
312.4453716
312.0364782
311.8639971
311.8205774
311.7045214
310.7958706
312.6187852
312.095547
312.0081734
311.8510944
311.4983213
310.5921191
309.430152
312.4514699
312.2624474
311.943972
311.4095481
310.2666859
308.6188124
307.7763274
312.4491484
312.0715846
310.8868541
310.0167604
309.0343017
308.6590188
307.6764749
312.3852971
310.6988877
308.5584586
308.5789736
309.3196567
309.50621
308.763529
312.4006156
310.5090857
308.5812787
308.8941346
310.2691645
310.5857968
309.8445754
312.5889223
312.0526141
310.968723
310.589998
310.9646899
310.6846635
309.0026825
312.6182645
312.2783211
311.6928857
311.144529
311.092472
310.7202209
309.8586682
312.6518515
312.3682381
312.2977779
311.8798852
311.653649
311.8897343
311.5114029
312.7766637
312.4536481
312.4142631
312.4937149
312.5092903
312.2050449
311.9859808
313.1802627
312.6537769
312.534971
312.600345
312.5967778
312.2213277
312.0985996
313.1407248
313.1291364
312.6925446
312.2263188
312.0546601
311.9954324
311.8328966
313.1312455
313.1645235
312.9386643
312.3126558
312.0561596
311.9481288
311.7542955
313.1475334
313.0832332
312.8692859
312.277085
312.0338504
311.8953951
311.6672771
313.107689
312.9038446
312.6310664
312.1549973
311.9852434
311.8553905
311.4920277
312.9389024
312.4459408
311.9985982
311.8161803
311.7983039
311.7222293
311.1692521
312.5682599
311.9384199
311.7065457
311.5514764
311.4646435
310.9956804
309.4303446
312.2683186
311.9487844
311.7577631
311.4110295
310.837843
308.930443
307.6303045
312.2237852
311.9458744
311.1544328
310.3371836
309.1601115
307.6055892
306.4299578
312.2403219
311.1436008
308.5591183
307.9019109
307.9667075
307.6985558
306.0790781
312.2897764
310.8150005
307.9734417
307.3185106
308.0298314
308.051873
306.0041022
312.4552406
311.8376242
311.0378168
309.0217348
308.1872233
307.8175792
307.0193746
312.525374
312.0413684
311.6238574
310.0914592
309.5172305
309.646544
310.2382534
312.5921303
312.1936426
312.1258033
312.0368721
311.4065299
310.8178874
311.0368073
312.7137885
312.3194272
312.2164558
312.3394101
312.5529693
312.4878469
312.0426281
313.1207715
312.5667587
312.4005589
312.5228985
312.6981314
312.342692
312.2022047
314.0932665
313.6481966
313.3814093
313.2712944
313.2829221
313.4695802
313.7291828
314.0979336
313.8108528
313.4964891
313.4700455
313.3979012
313.4845397
313.7545246
313.8766386
313.8576212
313.7524323
313.7399247
313.6480005
313.6396914
313.7997929
312.3209149
313.548612
313.7878056
313.6857209
313.7026274
313.6691203
313.7750069
310.4802103
311.512165
312.8263318
312.8221051
313.0411337
313.1531809
313.2695335
311.4735734
312.557223
312.7710005
312.7284551
312.7710235
312.7300684
312.858039
312.4422058
313.2926097
313.3050591
312.9674549
312.8624368
312.5719869
312.5821083
312.7302762
313.4120566
313.3312469
312.9675656
312.8355582
312.479439
312.4928842
312.2391279
313.1504313
313.2377019
313.0944866
313.0725921
312.9091905
312.9726123
310.8915537
312.4548038
312.5602929
312.8198125
313.0204713
313.0384893
313.1598611
310.496362
311.1668608
312.0055921
312.4191832
312.9296854
313.0613409
313.2574938
312.4914505
311.8383582
313.3574518
313.4138951
313.5361055
313.5094735
313.5896292
314.2830912
313.5450951
314.1644985
314.0613554
313.9863765
313.7385579
313.7914355
314.6413541
314.3258559
314.4786683
314.3565596
314.2668148
313.9748625
313.8750841
314.7258767
314.6063991
314.5854322
314.3880792
314.3716819
314.1479912
313.8735453
314.1948468
313.753596
313.3738229
313.4480612
313.6382631
313.7783391
313.7570986
314.1478213
314.0321776
313.7168255
313.6860648
313.67249
313.6686999
313.6941738
313.1603879
313.3582832
313.69607
313.6994618
313.6717652
313.5609898
313.6189061
311.1651997
311.4366954
313.2541054
313.2039036
313.4616531
313.2102358
313.4863354
310.8182649
311.359059
312.3509269
312.4090716
313.0476622
312.6900661
313.195028
312.4612994
312.7112201
312.4039559
312.4804282
312.5301724
312.4737489
312.8844091
313.0968573
313.3546777
313.1092596
312.8200506
312.5671034
312.2244038
312.0456378
313.1892497
313.3885893
313.1228186
312.8353848
312.4574323
311.8553032
311.4257792
312.6239387
312.7572144
312.6100175
312.9593717
312.8591873
312.544975
312.6808254
311.2974912
312.1329158
312.5119198
313.1129428
313.1717966
313.0423498
313.1158543
310.4403636
311.2631865
312.7174283
313.190381
313.2752477
313.2245962
313.3897008
311.4256371
311.4751167
313.209733
313.3875578
313.4510543
313.3853399
313.5728881
313.3263323
313.0396994
313.951047
313.8452322
313.5769132
313.4596898
313.5970442
314.3057762
314.0849612
314.2007397
314.0463313
313.6736938
313.5034819
313.5915524
314.6601537
314.3915903
314.2830226
314.1017628
313.8448804
313.5791579
313.6535145
313.9765665
313.559684
313.6513305
313.8157577
313.5963449
313.452385
312.8414212
313.968128
313.7775755
313.6859553
313.7438292
313.1744417
312.9535778
312.7022692
312.5468223
313.4581993
313.5596146
313.5761004
312.8721759
312.7580061
312.7204908
310.1614379
311.1194337
312.3017671
312.8333997
312.4815503
312.585748
312.9254131
309.9991367
310.5107831
310.8209113
311.472756
312.0058362
312.1509909
312.8249919
311.4780304
312.3595379
311.8959027
312.0966688
312.1659325
312.3835516
312.877151
312.6862365
313.4140877
313.1509237
312.9153027
312.6993999
312.6589663
312.5090073
312.881927
313.4217854
313.2407652
313.0820624
312.7307134
312.2982569
311.2881473
312.1683055
312.6362965
312.5606446
312.9396143
312.8183313
312.5044615
312.710326
310.3887548
310.7206527
312.4110102
313.1004291
312.9953039
312.8999861
313.1886628
309.6144289
310.6661674
313.2352826
313.2998795
313.1222575
313.1555168
313.6009151
310.7271011
312.0364542
313.6238578
313.6027542
313.3143496
313.3791027
313.7978358
312.995972
313.8211881
314.0441528
313.7407905
313.3619658
313.4353822
313.8167371
314.1983024
314.2014162
314.1157216
313.7297925
313.4159994
313.4604494
313.7662359
314.2879286
314.0861887
313.9252084
313.649354
313.4402963
313.470601
313.7566467
313.6105564
313.7014927
313.8305226
313.7221216
312.5275306
312.3334723
312.2204828
313.5615969
313.6286438
313.6523164
313.3456479
312.2399989
312.1656247
312.1771016
311.4776758
313.1306586
313.1635197
312.751477
312.1565802
312.0449038
312.1320009
309.8501026
310.8756027
311.7829288
312.0856617
312.0621124
311.977154
312.3833219
310.2546291
310.7107206
311.5091647
311.7474316
311.9819723
312.0734311
312.7446954
312.366063
312.9718852
312.4707259
312.3042772
312.1439015
312.2952771
312.8992538
313.1404489
313.72062
313.2823078
312.802901
312.5860173
312.6671447
312.6044381
313.1038707
313.2925353
313.3764838
313.1158007
312.6977009
312.5209317
311.4042964
311.9620012
311.8499874
312.9035384
313.0499465
312.7683345
312.6301516
312.5145584
310.1614024
311.0183036
313.1801192
313.2705492
312.9187903
312.902429
313.258532
310.2446276
313.3474764
313.4957688
313.228507
313.0811841
313.2372042
313.7178379
312.0741962
313.8345603
313.6161873
313.1966851
313.2197048
313.4903039
313.9220919
313.8475596
314.1509999
313.7183956
313.2405912
313.2943046
313.5673211
313.9827499
314.1635219
314.1743515
313.829868
313.3428519
313.3579797
313.5599927
313.9559873
313.8719932
313.9078413
313.7421863
313.390643
313.3863543
313.4728997
313.7524447
313.778015
313.8552892
313.6400627
312.7709653
312.1696541
312.1944916
312.2122843
313.213124
313.5031112
313.1013119
312.2010182
312.0928852
312.1637673
312.1615904
311.1278463
312.4834719
312.4520134
312.0652072
312.113027
312.0139315
312.065755
310.210992
311.245148
312.2038937
312.0654326
312.0445616
311.8471757
312.2070991
311.222639
311.6752015
312.2870787
312.0831108
311.9411333
311.9327466
312.7523608
313.3559572
313.2406734
312.6438833
312.328163
312.0014437
312.3431844
313.1307795
313.8884756
313.8202005
313.1541336
312.7078432
312.5176291
312.7121499
312.7845866
313.7973976
313.6014034
313.4189564
312.8527135
312.5869687
312.370718
311.2663501
312.6931563
312.7955209
313.3817098
313.0492053
312.6035839
312.5107125
311.9615008
311.7192786
313.0453107
313.5611215
313.2807494
312.792542
312.9236824
313.2834932
313.1839166
313.8393451
313.4013161
313.1298474
313.0732805
313.4262168
313.768168
313.9753157
313.9098995
313.2447473
313.0656837
313.2041018
313.6548204
313.9671629
314.1448957
314.063066
313.2803033
313.1605339
313.2951074
313.7294806
314.0426313
313.96514
313.9775124
313.4324424
313.2783189
313.3577834
313.7170387
314.0241164
313.7808802
313.8437555
313.4576935
313.3171697
313.3854396
313.6318607
313.7949343
313.7177082
313.6532397
312.8723066
312.1911893
312.124773
312.3045325
312.4097152
312.6645372
313.0166724
312.2763998
311.9934841
312.0776897
312.3847391
312.3155679
311.6008658
312.2539153
312.0745759
311.9446381
312.1869997
312.1169828
312.0614863
311.5057448
311.9487871
312.0610074
311.9284044
312.0877512
311.8230913
312.2026894
312.9338049
312.8395949
312.1892893
311.9148732
311.9359329
311.8063729
312.6019538
313.9416902
313.5006836
312.5138874
312.0144958
311.9496725
312.2605019
313.0983777
314.1210404
313.5612855
312.8291217
312.5662272
312.278958
312.7043697
312.7686125
313.9635184
313.6511027
313.0405075
312.6790042
312.5095281
312.1838644
311.121822
313.5420847
313.6233934
313.4167271
312.7738705
312.5268485
312.4190503
312.0624656
313.4655922
313.7304426
313.6337589
313.0511233
312.8085886
313.1321393
313.3216593
313.9825419
313.7583902
313.4895999
313.0898784
313.0674195
313.4526692
313.7031944
313.9884476
313.5505434
313.2239582
313.041805
313.1505009
313.5552775
313.9065059
313.9432198
313.6318291
313.1900261
313.1404108
313.2610772
313.5970763
313.9827467
313.892321
313.6613174
313.3088208
313.2679144
313.3557484
313.6358104
313.960475
313.8065081
313.6408741
313.3486485
313.3065622
313.4018323
313.6630608
313.8733718
313.5709971
313.3534588
312.4722601
312.1467063
312.1774513
312.6360076
312.7396087
312.9434519
312.8488143
312.1216832
312.0230186
312.1595252
312.5387583
312.3779685
312.7609386
312.5831958
311.9867609
312.0014679
312.3250797
312.1264773
312.044389
312.9872695
312.6704853
311.9552839
312.0174127
312.0983483
311.7985358
312.2185843
313.7492542
313.026652
312.072892
311.9519457
311.9535908
311.7675459
312.7630546
314.0067642
312.946904
312.17263
311.9384228
311.9525303
312.1753189
313.2675397
313.9650973
312.8820637
312.6031594
312.136582
312.0986793
312.8415086
312.7352729
313.8795882
312.9221094
312.7218925
312.6187599
312.4194431
311.9234232
310.8628492
313.8973198
313.3176171
312.8534641
312.6274648
312.5365764
312.603033
312.2963421
313.965158
313.8397872
313.3926541
312.8401294
312.8590741
313.2154219
313.2584583
313.894101
313.8027112
313.5169323
313.0454758
312.965776
313.272534
313.5353511
313.7049009
313.4738684
313.322814
313.0342194
312.9861668
313.2382051
313.6965707
313.801098
313.3791281
313.1809383
313.1068562
313.1248958
313.2276217
313.7438586
313.8138103
313.3897439
313.2883126
313.2687075
313.2605114
313.3014381
313.5746144
313.7982531
313.4607095
313.3377748
313.3115417
313.3049999
313.3465692
313.5463567
313.7777832
313.3984683
312.5722485
312.2900607
312.3901566
312.9773496
312.906437
313.5669693
312.9943538
312.2253385
312.1823601
312.4617997
312.5861624
312.337714
313.5011466
312.7925883
312.09015
312.2016442
312.3730131
311.9455734
311.9394904
313.6469376
312.780926
312.0523534
312.3263705
312.0179599
311.6803344
312.2004298
313.8605577
312.9577722
312.0949649
312.2490328
311.9573016
311.6991364
312.9605366
313.8120993
312.6705769
312.0924093
312.0127245
311.979834
312.0079438
313.1402145
313.5235701
312.6946675
312.2255059
312.0257514
312.1124872
312.8911647
312.3725033
313.3586345
312.8007977
312.7583073
312.5004236
312.3392123
311.8492133
310.8233363
313.7041114
312.9075515
312.7929197
312.5941605
312.5322116
312.6550416
312.494531
313.988499
313.456488
313.0687256
312.7428037
312.8124383
313.0298418
313.1130245
313.9037868
313.7501669
313.439068
313.0225723
312.8728307
313.0097332
313.2965596
313.6306795
313.5652117
313.3650372
313.0456948
312.8981326
312.958749
313.4086951
313.6071706
313.3568712
313.2190733
313.0405307
313.0461869
313.0790093
313.2949535
313.6442814
313.3574842
313.3168438
313.2798396
313.2342731
313.1836847
313.1927999
313.6942893
313.4502078
313.393449
313.3265647
313.2759229
313.2226417
313.1792969
313.9278572
313.5974393
312.8449916
312.5719388
312.7718773
313.071059
312.8795217
313.7649738
313.0652912
312.3844363
312.4151083
312.7444527
312.3599205
312.0777563
313.6712076
312.6488736
312.1722711
312.525203
312.2980266
311.7341396
311.7490016
313.6601311
312.5048594
312.1124952
312.6620023
311.9525082
311.5611554
312.103851
313.6811569
312.8797225
312.1044041
312.461472
311.9653291
311.6042097
313.1922472
313.3806917
312.7125645
312.1349492
312.2270275
312.07778
311.8527676
313.1618547
313.1308316
312.5195457
312.0848831
312.0666385
312.138937
312.5680216
311.9487661
312.9842828
312.817983
312.5252523
312.2731201
312.2760443
311.7807169
310.7281259
313.1309071
312.887751
312.7595087
312.5373351
312.4815715
312.5555006
312.4923223
313.6647856
313.1416606
312.9738188
312.723637
312.7604853
312.8885355
313.063548
313.8797517
313.6273747
313.3014708
313.0008013
312.7964547
312.8424506
313.1751324
313.7213799
313.5902994
313.3110802
313.0415716
312.8328746
312.82395
313.1074149
313.5251771
313.3897889
313.2516666
313.0114442
312.9131551
312.9533099
313.0400223
313.5143308
313.3865747
313.3787586
313.2924376
313.2232147
313.1629182
313.095495
313.5764392
313.4805655
313.4448105
313.3765567
313.2971407
313.2242424
313.1343577
313.9004017
313.6396674
312.9897325
312.9112224
313.1355844
312.9742258
312.503606
313.6781396
312.9582403
312.5256901
312.7804443
312.7617256
311.9530277
311.7957439
313.4474451
312.2722432
312.3244028
312.8091754
312.0294647
311.6250651
311.6007559
313.2467799
312.1085435
312.2850342
312.7821178
311.9763745
311.5069935
311.7213851
313.1423483
312.5084814
312.0828906
312.4965581
312.0330871
311.499286
312.7405616
312.9652082
312.7846988
312.2618714
312.3064292
312.1562275
311.7257542
313.1720528
312.8837889
312.5913002
312.1357513
312.1787252
312.1148049
311.9365045
312.0922997
312.8136285
312.5847714
312.1830263
312.1280292
312.1034307
311.7731829
310.449237
312.8740594
312.8241665
312.6612855
312.4076115
312.3374252
312.2434991
312.2772998
313.1926687
312.9971683
312.906701
312.6922094
312.6907301
312.7136307
312.8951047
313.6955917
313.4301516
313.1187511
312.9487963
312.7537484
312.7049926
312.9499144
313.7351557
313.5314732
313.1816142
313.0066459
312.7742191
312.6896535
312.8647866
313.5378104
313.4219665
313.2527954
313.0201313
312.7849162
312.7776146
312.8915849
313.4915736
313.4663057
313.4379437
313.3014225
313.1303103
313.0962966
313.0546681
313.5520559
313.5286151
313.4862115
313.4518404
313.3400344
313.2417176
313.1386737
313.6372098
313.3854464
313.0437226
313.2254637
313.1360716
312.3858732
312.1050929
313.3346396
312.6670396
312.6711041
313.0932758
312.1841307
311.7405742
311.6492003
312.7753741
312.1199785
312.6491281
312.8739347
311.9827708
311.56274
311.5133232
312.3724689
311.9763084
312.6666259
312.7976576
312.0351021
311.4460731
311.5841969
312.2796773
311.9620262
312.1127746
312.4939614
312.078167
311.4292527
312.2592749
312.2936235
312.3374706
312.2348301
312.2921678
312.167001
311.7044077
312.7767175
312.5300575
312.5265276
312.4029833
312.3458855
312.2675444
311.8028043
312.422665
312.6369558
312.34968
312.1130866
312.141751
312.036493
311.8178627
310.488351
312.6811514
312.6708267
312.3553598
312.2016827
312.1405257
311.9925635
311.6248341
312.860585
312.8660408
312.7667683
312.5958925
312.5652806
312.5561268
312.4205261
313.3914901
313.2406332
312.89533
312.8434035
312.7130977
312.5981789
312.7943019
313.6029229
313.4209285
313.0271483
312.8842252
312.7314355
312.5751081
312.7562017
313.5256372
313.4083551
313.2249683
312.9477907
312.7142115
312.6618614
312.774775
313.492076
313.5022886
313.4734722
313.3087834
313.0793143
312.9739146
312.9307594
313.5640036
313.5613277
313.5588692
313.4790172
313.3470303
313.2141113
313.0887794
313.3510075
313.1835003
313.2804638
313.2961772
312.6749648
312.0670893
311.9381995
312.8898611
312.6143549
313.0449259
312.9241135
311.9792086
311.6536082
311.5177752
312.158126
312.1177676
313.0540598
312.7653888
311.9550946
311.4631605
311.4517007
311.8452755
312.0243146
313.0355536
312.7224467
311.9526461
311.3504204
311.5192632
311.7898986
311.8749254
312.5037121
312.5229048
312.0292233
311.364629
311.886325
311.9121636
312.142265
312.224807
312.2936621
312.1283782
311.6109094
312.2082415
312.2819427
312.4070433
312.4491276
312.4264525
312.3295876
311.8316714
312.3992891
312.4587973
312.3913982
312.1465281
312.2953424
312.0820752
311.8210737
310.6239934
312.4420633
312.4299719
312.1816364
312.1213527
312.0356226
311.9197873
311.0701036
312.5213835
312.635444
312.440439
312.3784941
312.3806101
312.4319471
312.237369
312.9618756
312.961291
312.6172408
312.6444897
312.6201554
312.4873921
312.734157
313.3293454
313.1857176
312.8601428
312.642078
312.6038703
312.44783
312.6987499
313.3896013
313.2914135
313.135892
312.7943596
312.6089724
312.5258999
312.6834498
313.4891554
313.5121649
313.4787074
313.3016296
313.063092
312.8730828
312.8026796
313.6217327
313.6240839
313.586478
313.465821
313.3248485
313.141167
312.9615944
313.1519574
313.1802387
313.3602807
313.0205744
312.2812207
311.928971
311.74401
312.755951
312.8353157
313.2507689
312.5479562
311.8886285
311.5691808
311.4729453
312.0373139
312.4514591
313.2517497
312.6592043
311.8068435
311.3709509
311.4357018
311.7691099
312.3751607
313.2110641
312.5602706
311.6612394
311.1872602
311.5226278
311.7218494
312.0152742
312.9406684
312.5818541
311.6912284
311.1952429
311.7929413
311.819558
312.1132795
312.3374801
312.2901358
311.9880197
311.4468599
311.9776928
312.1027233
312.3290627
312.4163863
312.41644
312.3133265
311.7086106
312.0984228
312.2509618
312.3614826
312.1701364
312.3636138
312.1299723
311.6325757
310.5700158
312.2099026
312.2262053
312.0815096
312.1085734
311.9458054
311.8408841
310.7884695
312.3001238
312.4252982
312.1778569
312.1576316
312.1390985
312.3282711
312.1837668
312.668736
312.7155006
312.3328324
312.3071067
312.3985446
312.3440158
312.5950612
313.0005168
312.8894497
312.6610447
312.3092826
312.3452859
312.239572
312.6068243
313.2573119
313.1839002
313.0854011
312.7141288
312.4642219
312.3109166
312.5394381
313.5553475
313.5434638
313.482057
313.284027
313.0485955
312.7277828
312.6059968
313.6759515
313.6496127
313.5711344
313.3746447
313.2205479
312.9916251
312.776788
313.0686703
313.2676155
313.2884415
312.7099211
312.1213186
311.7730531
311.5680052
312.7905074
313.1410061
313.251947
312.46484
311.8195254
311.483377
311.4970032
312.1152569
312.8848685
313.329712
312.5669597
311.6186162
311.2859676
311.6273685
311.787399
312.7277411
313.3176342
312.3244061
311.3328754
311.0161296
311.8155647
311.7195277
312.3239874
313.1540716
312.3179569
311.2439644
310.9421924
311.8825034
311.7531716
311.9790266
312.4091422
312.2257411
311.5339726
311.1502091
311.6513026
311.9139744
312.1680327
312.2279708
312.2230601
312.0218579
311.4359092
311.1842474
312.049797
312.2524136
312.0981765
312.1985022
312.0510965
311.360326
310.1702625
312.0763798
312.1498392
311.9514397
312.0540369
311.8852959
311.4403091
310.0549535
312.1929489
312.1758159
311.9495477
312.0243515
311.9760922
312.0896333
311.7703679
312.5067323
312.3965007
311.9582224
311.959435
312.093764
312.2553075
312.3255145
312.7756656
312.7714234
312.4899135
311.9897804
312.0371617
312.0333375
312.4465827
313.2032096
313.1641803
313.0804081
312.6938724
312.2201537
312.0763531
312.2671157
313.6112537
313.5600841
313.4332154
313.1488577
312.8594554
312.400274
312.246711
313.6867358
313.61334
313.4136322
313.1375844
312.9937291
312.6764931
312.4426805
313.0948776
313.3332034
313.0056977
312.6099887
312.0444763
311.7071081
311.5311153
312.8957904
313.2825198
313.1753612
312.4421496
311.7703645
311.4502291
311.6597487
312.4063643
313.175303
313.3611259
312.4558618
311.5006181
311.261712
312.1379517
311.9131975
313.0260291
313.3315102
311.9715361
311.0060828
310.9911957
312.1932202
311.7208434
312.745838
313.1902846
311.7931085
310.655579
310.728926
311.862933
311.6580769
312.0777254
312.5232013
311.9713746
310.6329257
310.7100226
311.1193068
311.6947935
311.7961943
311.8660032
311.8075234
311.1651289
310.9310417
310.2251688
311.8420949
312.0440057
311.9854234
311.9264326
311.5400827
311.0603723
309.6070337
311.9695186
311.9723262
311.7105009
311.8950908
311.6396563
311.0706722
309.5270569
312.0957998
311.8970977
311.6613784
311.8496478
311.7881677
311.8254237
311.2547406
312.4078487
312.2020456
311.6952817
311.6639056
311.9053805
312.0652726
311.9322383
312.7237677
312.7818414
312.3768068
311.7452369
311.839334
311.9269835
312.0577734
313.1962169
313.1981332
313.0609017
312.5574131
311.9715226
311.9309976
311.7913808
313.6201715
313.5232857
313.1974463
312.7918562
312.4139639
312.0440538
311.7646642
313.6629274
313.4329853
312.9596315
312.6825404
312.5315204
312.1986853
311.9237006
313.1846264
313.2797481
312.8833289
312.5855289
312.0282576
311.6946649
311.5159561
312.9481154
313.3538945
313.1669617
312.5615546
311.7724882
311.4500065
311.4172136
312.6058162
313.306715
313.3782196
312.4426596
311.4707169
311.1762897
311.5225399
312.1313521
313.1774662
313.2728661
311.8527202
310.88278
310.6775842
311.5233756
311.8334915
312.9629302
313.065763
311.5767044
310.2389778
309.9945734
310.8737374
311.6863209
312.4861201
312.4283498
311.4968908
309.9456253
309.6155929
309.9627513
311.6223538
311.7882059
311.742489
311.3326623
310.0168921
309.8005206
309.1360311
311.6059554
311.5895393
311.7335129
311.3185657
310.3198658
310.3371137
308.5401895
311.7211394
311.4704885
311.3922925
311.2024391
310.6908709
310.5232021
308.6219996
311.8950103
311.4551932
311.3460259
311.3070909
311.2306897
311.5187928
310.8794554
312.3641866
311.8271549
311.3722272
311.3847475
311.5708885
311.8731584
311.7976337
312.7941634
312.7499685
311.8598543
311.4480656
311.5719554
311.8074832
311.8262934
313.2409487
313.202953
312.7704904
311.9100591
311.6179707
311.6863448
311.5586672
313.6149385
313.3367791
312.6868239
312.259486
311.8004127
311.6708035
311.4090574
313.5796566
312.8578449
312.166627
312.1130291
311.9542913
311.6407773
311.41122
313.2411281
313.1977602
312.8772325
312.727636
312.1581044
311.8337568
311.5530269
312.9483095
313.4047688
313.3382592
312.7922246
311.9398331
311.6501782
311.1846906
312.6622752
313.3903235
313.495947
312.6880431
311.791842
311.3223678
310.3589371
312.2563112
313.263698
313.3825233
312.134546
311.3488523
310.366005
309.3874263
311.9692879
313.0400895
313.0666881
311.7851102
310.5546626
308.8952429
308.0453402
311.762316
312.6078888
312.3206918
311.4570662
309.7821493
307.6691531
307.0733
311.5973608
311.8356834
311.6296932
310.9834974
309.0316261
307.3713573
306.6812553
311.5324741
311.432054
311.3831578
310.359175
308.4209703
307.7446045
306.3000607
311.5611383
311.0794381
310.4574454
309.2748996
308.6547661
308.4440544
306.2597206
311.7274935
310.8678771
310.0485196
309.5682488
309.5550629
309.5801113
308.139407
312.2893335
311.208044
310.2458684
310.0512361
310.1289976
310.210526
309.7186226
312.8755253
312.1818578
310.7011919
310.5930822
310.9095313
310.9675086
310.7266537
313.282299
313.0140211
311.7469327
311.0069049
311.0319504
311.2747268
311.1722855
313.5631657
312.9581019
312.0471885
311.5490514
311.158563
311.2594213
311.2295143
313.3881163
312.3222069
311.8403232
311.7058174
311.4155625
311.1037141
311.124792
313.2335296
313.1094354
312.9426588
312.8910385
312.2587645
311.8927774
311.7162982
312.9207679
313.4387811
313.4448006
312.929382
312.0135121
311.751171
311.5069052
312.6653746
313.439112
313.5838567
312.9075395
311.9273934
311.6794025
311.1784979
312.3851276
313.3624923
313.5330067
312.4353511
311.6759331
311.2521942
310.4620843
312.2423247
313.1755278
313.2221177
312.1766669
311.2370684
310.2582096
308.7111424
311.9205923
312.670756
312.4150007
311.6940573
310.8529033
308.8097423
307.4488361
311.6205146
311.8494821
311.6174666
311.1312855
309.9067686
308.0337879
307.3917589
311.5221091
311.4165325
311.2239554
310.6788772
309.4634511
308.7535968
308.2272249
311.5538982
311.1360902
310.8706355
310.6331041
310.2484831
310.1792396
309.2194719
311.7496136
310.9087994
310.5393712
310.4602891
310.2853957
310.422839
310.0921613
312.3506981
311.271462
310.2318172
309.9815564
309.898252
310.1200478
310.1747519
312.8914136
311.9977517
310.4030364
310.0241148
309.8473054
309.7430035
309.8086833
313.2678012
312.7130831
311.0231632
310.2658085
310.1487257
309.8986308
309.7576974
313.4723637
312.6962658
311.5500491
310.7967235
310.6508627
310.4593366
309.9089526
313.3101144
312.1736449
311.4714462
311.0934933
310.8592372
310.7670295
310.549486
313.2418724
313.1117593
312.9686452
312.9298063
312.3092966
311.9114109
311.7635041
312.8421925
313.4453941
313.4620316
312.9935135
312.0454869
311.7840314
311.5500372
312.6622192
313.4695119
313.6194922
313.0275416
311.9744557
311.7802081
311.3418876
312.5839878
313.4227208
313.6169336
312.5828594
311.8026721
311.6076997
311.2638657
312.4513603
313.231446
313.3280177
312.3647638
311.4824741
311.2395447
310.9180792
312.1055807
312.6917089
312.5030015
311.8725443
311.1675382
310.8806825
310.3479121
311.6887422
311.8761168
311.6653181
311.0556436
310.796712
310.4662493
310.3273786
311.532562
311.4960022
311.1459125
310.6523027
310.6041747
310.7609347
310.8101306
311.5968108
311.4932933
310.7423356
310.3273905
310.2536595
310.8181828
310.9176592
311.9816206
311.7100114
310.498914
309.9274406
309.8886616
310.6030389
310.7806769
312.6928241
312.2055594
310.7459364
309.7574926
309.5422639
310.042818
310.4569678
313.0615183
312.5821393
311.0123602
309.7738772
309.2731371
309.3190849
309.8282689
313.3139359
312.8334371
311.6271715
310.1751906
309.3565079
309.1892691
309.2487948
313.4684038
312.6091716
311.440685
310.575096
309.7240545
309.3753078
309.2211519
313.3734861
312.2680311
311.284233
310.7625887
310.1292095
309.894801
309.6081941
314.3167041
313.0567609
312.8846133
312.9595572
312.6944364
312.7725689
312.7409446
314.6505589
313.2468634
313.0581663
313.1713859
312.7473803
312.886393
312.9530289
314.9599069
313.6458748
313.2205716
313.4293976
312.9035915
312.9541487
313.1532556
315.0125116
314.4884882
313.5430888
313.7247813
313.1922236
313.1606641
313.2973968
314.7184076
314.7356849
314.327921
314.2465197
313.74789
313.5305397
313.5426162
313.0853058
314.4017996
314.4531729
314.2967555
314.1321631
313.9029412
313.7235458
310.634106
312.0020134
312.797477
312.8915863
312.9965933
313.2167784
313.1251874
310.5259002
311.7130477
311.7742477
312.3755857
312.3838035
312.3743032
312.3166453
310.5978548
311.7079038
311.8917383
312.279248
312.2706222
312.1427052
312.228061
311.3814524
311.6897159
311.9895104
312.1137868
312.3384783
312.302189
312.5164685
312.3519366
311.9882318
312.3515445
312.6041404
312.9010722
312.8806028
312.9993885
312.6911323
312.4410287
312.7056292
312.9117642
313.0475526
313.0822508
313.2326507
312.8547822
312.6974857
312.8337911
313.0027345
313.0598989
313.1015604
313.2628044
313.0260694
312.8005574
312.8773399
313.0316512
313.0630347
313.0964737
313.2083871
313.3285628
312.9944383
312.9858423
313.1071246
313.1021826
313.1841443
313.1804849
314.9564136
314.1242187
313.8087609
313.5383278
312.9999432
312.8986663
312.590922
315.1639557
314.6195099
314.3264155
313.8620415
313.0747197
313.1382147
312.7954114
315.17075
314.961565
314.734245
314.2339922
313.2849197
313.4587965
313.1352493
314.9158985
314.8841662
314.7560094
314.41162
313.6812281
313.6276563
313.1536911
313.9729299
314.0055666
314.3118784
314.1638464
313.881881
313.6393114
312.997874
311.8533716
312.8281092
313.8558087
313.5878012
313.5640425
313.3264811
312.6565509
311.1557698
312.0780289
312.6675517
313.1188447
313.2475064
312.9972358
311.9412413
311.6800296
312.2780966
312.3057339
312.7001632
312.3251503
312.0540749
310.8464813
311.5433143
312.0104376
312.0305556
312.1381334
312.0690253
311.9358582
312.1463801
311.2556377
311.8316734
312.4095751
312.5652435
312.8268339
312.3441264
312.9250437
311.5646026
312.0756921
312.9467376
313.0860294
313.1850107
312.9342199
313.1641584
312.4307306
312.7873952
313.0550067
313.1280705
313.1744346
313.1960854
313.2667364
312.7510043
313.0214179
313.0968409
313.1403982
313.1142109
313.1933778
313.2593721
312.9309934
313.1081971
313.1677483
313.1740452
313.1191862
313.1559501
313.2363983
313.2782236
313.2957539
313.3399507
313.3382283
313.2510132
313.3030784
313.2878547
314.9926064
314.3298854
313.8534605
313.2976268
312.5062355
312.3878782
312.2421246
315.0393909
314.8030424
314.0801026
313.3947051
312.6704894
312.7251719
312.5096214
314.9731217
314.8672888
314.4021812
313.7045401
313.160909
313.3198871
312.9626019
314.6237862
314.7556961
314.5534242
314.1383928
313.7693191
313.6499109
313.2055107
313.5158143
313.9300653
314.1590674
314.0883409
313.8517362
313.6418761
313.1283797
311.2706027
311.9546047
312.5579682
313.3610662
313.3021034
313.2133938
312.8855686
310.9441658
311.7016862
312.1966645
313.1638037
313.0249622
312.9117918
312.0843606
311.3376694
311.6916232
311.3808673
312.217642
312.4051469
312.2943274
311.0655817
311.0025313
311.1691257
311.714502
311.9867207
312.3391885
312.3521198
312.392713
311.1750135
311.7767987
312.8398823
312.9532999
313.0297617
312.65043
312.9996182
312.5711792
312.9416787
313.0558576
313.1175563
313.132921
313.0573094
313.2070662
312.9385979
313.1211134
313.0749606
313.097003
312.9852688
313.2001932
313.2576045
313.0688439
313.1879882
313.0815999
313.0521141
312.8077458
313.1231047
313.1039266
313.2082013
313.2958318
313.1840291
313.0535105
312.7307718
312.8567726
312.8878622
313.4008881
313.4731255
313.3402984
313.1578854
312.7130928
312.6857572
312.6095902
314.0888268
313.8375823
312.9623184
312.4921971
312.2554927
312.198703
312.1449424
314.0752039
313.9395753
312.9319317
312.5228186
312.2790929
312.3880719
312.2723398
314.1674684
314.0326902
313.2010442
313.0207659
312.7249337
312.9280811
312.5774073
314.0985497
314.0615947
313.6619231
313.5686511
313.2987706
313.2244834
312.7829285
312.8497885
313.4731921
313.4782157
313.3938588
313.2362765
313.1853906
312.7184476
310.4861342
311.0832524
311.7696634
312.4647575
313.0711976
313.134336
312.5773901
310.2294414
310.6980417
311.0396437
311.9504015
312.8386409
312.9293305
311.9392224
310.4495314
310.5730537
311.0038033
311.5902268
312.3648074
312.4830298
311.1561539
310.5124248
310.8340445
312.1958677
312.2155046
312.4778359
312.5513988
312.5866264
312.1682265
312.6142322
312.9818288
313.0445273
313.037525
312.9167718
313.0900948
312.9214674
313.052557
313.0133341
313.0598239
312.9452247
313.1350773
313.2068945
313.0339929
313.1420614
312.8876925
312.8715504
312.6516865
313.1129106
313.1083343
313.1879157
313.1848386
312.7773951
312.6054213
312.4042184
312.7136944
312.7763238
313.3768968
313.2928578
312.6753402
312.3703298
312.1942459
312.2602337
312.4089481
313.5059433
313.291475
312.4965511
312.2695161
312.1390239
312.1332637
312.1347563
313.604751
313.3954423
312.4900945
312.3176281
312.1982958
312.111977
312.0138125
313.5895816
313.2659076
312.4158349
312.2579444
312.1487631
312.0641321
312.0242742
313.5990274
313.3685857
312.6098778
312.493804
312.2592396
312.2413673
312.1759952
313.2635799
313.2654236
312.8539598
312.8383558
312.7064872
312.6993337
312.3127457
311.5500278
312.3311284
312.0385353
312.303582
312.8739511
312.9489344
312.3522937
310.048697
310.3396092
310.8619524
312.1524445
313.0872761
313.1062929
312.148753
309.9068871
310.1848921
310.8800283
312.3550026
313.0801443
312.7337167
311.5197145
310.3464074
310.6341235
311.8865763
312.6330053
312.4668951
311.8253748
310.8258919
311.4011562
311.983669
312.8626682
312.9509392
312.7779405
312.4304937
311.9797459
312.8191058
312.9438699
312.9970048
313.0332825
312.9245723
313.0009468
312.9720277
312.9795901
313.0439817
312.8705299
312.8227348
312.6380256
313.0755736
313.1003473
313.0450944
313.0411661
312.6174988
312.4449923
312.3354446
312.7347372
312.9014645
313.2320241
312.9825554
312.3729564
312.236673
312.1748101
312.2317685
312.4520615
313.3188609
312.8560708
312.2361997
312.1235363
312.0877603
312.0868054
312.1500877
313.2026641
312.5455435
312.1610833
312.073437
312.0415879
312.0411572
312.0503136
313.3764799
312.8290629
312.4224769
312.3028432
312.191253
312.1032953
311.9756273
313.3921592
312.813122
312.2977923
312.1848254
312.1054846
311.9837864
311.9589039
313.3122459
312.9248604
312.3326
312.2410144
312.114726
312.0236591
312.0578316
312.3859186
312.2647936
312.4821625
312.5760833
312.3273976
312.2013039
312.075582
311.1607167
311.2429106
311.7794733
312.6301377
312.7738677
312.7242203
312.2549416
310.5003621
310.5601845
311.4256572
312.5544309
313.1969189
313.1623159
312.1878616
310.5435201
310.5501073
311.6050424
312.650404
313.2419139
312.8723017
311.7123552
310.9796045
311.1920637
312.5955942
312.7745853
312.2906151
311.4438126
310.5194009
312.536265
312.6574957
312.912669
312.8844808
312.5173261
312.0140694
311.4207628
312.9333267
312.9359259
312.9045436
312.861092
312.7083435
312.8176629
312.7208062
312.9434684
312.934222
312.6703512
312.4825327
312.4054863
312.8182143
312.9271326
313.0105044
312.8818552
312.4195212
312.2471018
312.2000263
312.3647946
312.7718105
313.1171706
312.7441994
312.2605618
312.1620808
312.1279248
312.1454333
312.3117056
313.0084309
312.4805618
312.1693621
312.1177802
312.0984267
312.0768424
312.1053463
312.6468383
312.2728285
312.1250156
312.0631814
312.0342275
312.0393818
312.0476204
313.1015082
312.5232544
312.4329444
312.3744916
312.215177
312.1386209
311.9357388
313.1350171
312.440112
312.2620654
312.1652025
312.0906287
311.9518985
311.8289436
313.1765056
312.5966763
312.2523844
312.1757769
312.0671069
311.9295645
311.9425944
313.0583795
312.8704647
312.58651
312.3488687
312.1617704
311.9984451
311.9926542
312.627498
312.3393131
312.8139086
312.8472802
312.4497791
312.2777098
312.067454
312.4326
312.0250542
312.8246658
313.2661227
313.1670237
312.9780023
312.2658715
312.4547264
311.9923885
312.6928588
312.976237
313.2891996
312.8289236
311.733652
312.4606281
312.3739978
312.811848
312.7605191
312.5028363
311.3402882
310.315222
312.8857341
312.854992
312.841109
312.6712235
312.230472
311.8611429
311.1409245
312.9474784
312.8700556
312.7815591
312.719298
312.6173238
312.672596
312.3730348
312.8566613
312.8211868
312.5681365
312.3698614
312.3378722
312.6232449
312.7419704
312.9113983
312.7766286
312.3593016
312.2184872
312.185954
312.2806714
312.7466133
312.8433253
312.5573256
312.2368628
312.1714108
312.1493825
312.1533631
312.3089343
312.5726942
312.315208
312.1627005
312.142332
312.1387651
312.1308495
312.1166728
312.4604378
312.2193545
312.1286782
312.0686481
312.031054
312.0464947
312.0764777
312.5809132
312.4483798
312.5281504
312.394373
312.2127162
312.1266443
311.8790603
312.5601806
312.3560438
312.2495465
312.1555259
312.0698256
311.913893
311.6666199
312.7526243
312.3214669
312.2114491
312.1581267
312.0343591
311.8021196
311.8175065
313.1612117
312.7676814
312.3985467
312.2835881
312.1021851
311.8863254
311.8775341
313.3792608
313.2923709
313.1951235
312.779548
312.3076565
312.1360092
311.8178921
313.3401953
313.0796062
313.3010611
313.3248382
312.9135362
312.5980057
312.0202037
313.0657486
312.7649988
312.9171844
313.1592425
313.0864386
312.5486023
311.3531856
312.8993003
312.7563579
312.7839485
312.7432125
312.7364812
311.4652792
310.165707
312.9145552
312.8036143
312.7258739
312.5051011
312.0800023
311.8341798
311.2841923
312.900129
312.7561076
312.7421258
312.7035343
312.5845332
312.5364272
312.199722
312.7474788
312.7262662
312.5839472
312.4179111
312.3224664
312.4935978
312.5573508
312.7590439
312.7010973
312.4268842
312.27144
312.2122308
312.2534532
312.6123264
312.5701975
312.4378586
312.2419756
312.2028971
312.200686
312.1757136
312.2769464
312.4471267
312.2751637
312.1563332
312.1359781
312.1371505
312.159164
312.1509923
312.408693
312.2346032
312.1138151
311.9916478
311.9567454
312.016772
312.0876345
312.3693481
312.5166085
312.5485802
312.3031315
312.1259923
312.0448186
311.7616789
312.3190547
312.352216
312.2414632
312.1331437
312.0313541
311.834248
311.4109912
312.3346642
312.2431874
312.1955272
312.1351108
311.933104
311.5190392
311.588349
312.5628045
312.3920391
312.3241469
312.2387982
311.9647318
311.6149756
311.6582214
313.1257961
313.1190026
313.0185567
312.7091253
312.18695
311.9204506
311.4340674
313.3268868
313.265457
313.333796
313.2879001
312.7655028
312.3042504
311.326863
313.0985516
312.8908483
312.9271418
313.200242
312.9638954
312.3899063
310.749447
312.8993709
312.7482722
312.7229118
312.730922
312.7886226
311.8926894
310.2745525
312.857674
312.7041917
312.6285119
312.3809579
312.0268085
311.756711
311.5834622
312.8301369
312.6874527
312.7170947
312.7102615
312.5135839
312.2621493
312.182139
312.6565955
312.6439325
312.6008292
312.5370909
312.4555528
312.4134276
312.4397522
312.6410554
312.6090587
312.4801865
312.3533938
312.2903043
312.2542896
312.4385025
312.4676302
312.3543421
312.2254851
312.2019959
312.2209028
312.2321309
312.232039
312.4067239
312.2405918
312.1085643
312.0431425
312.0508108
312.1451135
312.1929177
312.3900088
312.2190869
312.0281911
311.9143177
311.8788768
311.9315599
312.0804921
312.4048359
312.6875488
312.4840223
312.1682276
312.0636481
311.9992334
311.658884
312.2965696
312.3851759
312.1979513
312.1094244
311.9931682
311.702918
310.9953677
312.2616826
312.223763
312.1861029
312.1011033
311.7664549
311.0877121
311.3084809
312.3669915
312.3159717
312.2939462
312.1717576
311.5967662
311.2090016
311.4454441
312.8065716
312.8339798
312.7905068
312.5671544
311.8405065
311.4314497
311.1420642
313.0869336
313.1700163
313.2249426
313.1288352
312.450879
311.7857079
310.9444542
313.027816
312.8723875
312.8985869
313.1526875
312.851977
312.2078508
310.5548073
312.8013165
312.6768834
312.6706136
312.7458566
312.7677305
312.0843056
310.3360262
312.7241575
312.5904175
312.5380404
312.2852364
312.0616619
311.7011036
311.4829246
312.7454667
312.6310468
312.6725088
312.697895
312.3749463
311.9019954
312.094524
312.6158164
312.6030231
312.5882104
312.5906206
312.5714223
312.4031385
312.2726373
312.5980354
312.5480459
312.4572803
312.3825563
312.3967052
312.3689471
312.2236594
312.4319743
312.2556524
312.1416909
312.1282543
312.1891882
312.2861914
312.2446643
312.3806389
312.1343458
311.9882075
311.883089
311.8996151
312.0686479
312.1897136
312.3640104
312.1258007
311.945028
311.8995268
311.8539774
311.889445
312.0751241
312.5990782
312.733601
312.303032
312.1239996
312.0395638
311.952453
311.4959388
312.3508689
312.3555047
312.1705126
312.0890318
311.961628
311.5138841
310.552621
312.2564459
312.2133786
312.1701191
312.0598658
311.6444132
310.8646407
311.0630048
312.3088277
312.2920491
312.2673327
312.0262573
311.1464083
310.8054679
311.2717351
312.654323
312.7008493
312.6603366
312.3035161
311.2619833
310.8886626
311.0205591
312.9087197
312.9584242
312.9878644
312.8585708
311.8003373
311.1172811
310.9266191
312.9045493
312.7585256
312.7653561
312.9778668
312.5654896
311.693064
310.6622748
312.7168449
312.5492064
312.6029306
312.7366947
312.6067519
312.0452081
310.4196625
312.6638913
312.4809118
312.4489805
312.2774998
312.1052532
311.721044
310.8845603
312.6335526
312.5814008
312.654624
312.6631333
312.2252589
311.7981204
311.4232916
312.5720482
312.5747384
312.56394
312.5859922
312.5472478
312.3390123
311.82606
312.5621453
312.4521762
312.3394451
312.3311177
312.427214
312.4072186
312.0881911
312.3649835
312.1140156
312.0216777
311.984122
312.097807
312.3035576
312.2321229
312.2986157
311.9932847
311.854776
311.7850711
311.7916998
311.9621886
312.1558031
312.2737926
312.0233026
311.9322621
311.8883099
311.7995102
311.8465584
312.0472215
312.7503067
312.7164716
312.260605
312.1074262
312.0272927
311.9315361
311.4217673
312.4009081
312.2817233
312.157707
312.0813661
311.9541806
311.4386737
310.4242598
312.2694718
312.1991231
312.1540577
312.0454238
311.6092606
310.8358759
310.8290639
312.2796049
312.2709125
312.2062227
311.9389569
310.9820713
310.5915994
310.9177864
312.521684
312.5970258
312.5093797
312.0532286
310.9797864
310.5833113
310.8117117
312.7738714
312.8087701
312.7591599
312.5320996
311.3056781
310.6521592
310.937249
312.8051954
312.6113326
312.4703018
312.6544086
312.093716
310.9481667
311.1200418
312.70181
312.4634558
312.4171878
312.6347192
312.3322571
311.6933532
311.0120475
312.6824328
312.5083251
312.4156466
312.2827311
312.1405627
311.6678418
310.9093553
312.5874077
312.6001558
312.6707849
312.6319955
312.2092312
311.6985303
311.0200941
312.6098953
312.5846579
312.5486107
312.5718123
312.4946256
312.1947984
311.3199802
312.4509447
312.2799204
312.1900548
312.2115817
312.3868974
312.3620622
311.848878
312.1832413
312.0167213
311.9322903
311.8461746
311.9842017
312.2542502
312.1718908
312.0888084
311.9373761
311.7865873
311.7100865
311.6771467
311.8686854
312.1094653
312.0517481
311.9721354
311.9330244
311.8029653
311.6383783
311.7148971
311.9640137
312.7879642
312.6759962
312.2536256
312.1024122
312.02415
311.9333139
311.5545127
312.4060777
312.2612754
312.1549989
312.0805583
311.9957696
311.6176969
310.5705461
312.2728286
312.1933712
312.1488855
312.0540068
311.7703107
310.9669604
310.670829
312.2628108
312.2402646
312.1546181
311.9181754
310.968965
310.416747
310.2677101
312.4216161
312.4701645
312.2947169
311.9701046
310.8823561
310.2826555
310.236208
312.6537879
312.6978068
312.5776623
312.2793944
311.1038516
310.3093853
310.5334667
312.7088504
312.575787
312.3527087
312.3999108
311.7544396
310.507471
311.0562244
312.6796401
312.5087837
312.3655371
312.3206611
312.0000837
311.2690167
311.2744858
312.6788163
312.6735213
312.5357813
312.2285376
312.0628359
311.5393068
311.1572355
312.6065609
312.6575153
312.673845
312.6010317
312.1916691
311.615542
310.9600736
312.6242363
312.5377829
312.492365
312.4860189
312.4078288
312.0259981
311.0713095
312.1588561
312.1168915
312.1076738
312.1311826
312.2839537
312.2408784
311.5963936
312.0232867
311.9953891
311.8404375
311.6736146
311.8059407
312.1249068
312.0350141
311.9803396
311.9288099
311.7533427
311.5620992
311.4343532
311.7344757
311.9913389
311.950429
311.9558083
311.912527
311.5583559
311.3251432
311.4605459
311.7928299
312.7979932
312.6738057
312.2614714
312.1029277
312.0271075
311.9508771
311.6462844
312.3986584
312.2601075
312.157338
312.0899541
312.0227649
311.8209002
310.9571012
312.26374
312.1907807
312.1495939
312.0941099
311.9249598
311.2039605
310.6562754
312.2495915
312.2094484
312.1439402
312.0282026
311.3223883
310.4125293
310.0169066
312.3421022
312.3199756
312.1665382
311.9615219
310.957114
310.0846225
309.7215933
312.5538628
312.5762254
312.3844584
312.0644464
311.0420161
310.0959862
309.9049773
312.6282392
312.567721
312.3537485
312.2331606
311.4702589
310.1906706
310.5817975
312.6283831
312.5798403
312.4519418
312.0427124
311.7080088
310.7782004
311.0812513
312.6241318
312.7175165
312.6456484
312.0114104
311.8203964
311.3959434
311.0802326
312.6463818
312.6724006
312.6559431
312.4927445
312.0691281
311.5713253
310.722164
312.4812451
312.4474802
312.4358303
312.3899398
312.1693149
311.84138
310.7114082
312.0714108
312.1008034
312.0771178
312.043846
312.0266618
312.0150834
311.3567986
312.0021386
312.0123338
311.7478333
311.4836182
311.584877
311.9211372
311.844778
311.9743525
311.9521536
311.6996926
311.2785062
311.1019073
311.5821021
311.8254325
311.9437643
311.97308
311.8199017
311.1276916
310.8862144
311.1435153
311.59467
312.8098582
312.71665
312.2926977
312.1175724
312.0419236
311.9842942
311.7676865
312.3987427
312.2780321
312.1689015
312.1012823
312.0437191
311.9088484
311.4483805
312.2494948
312.1911333
312.1553596
312.1104675
312.0035055
311.5381081
310.5780799
312.2329745
312.1937695
312.1436582
312.0829704
311.7020824
310.5141509
310.1306373
312.2743998
312.2409471
312.1306498
311.9935825
311.203403
310.0025987
309.6061879
312.4035549
312.351039
312.1488715
311.995984
311.2737463
310.0017843
309.7126591
312.5308525
312.5178648
312.3535642
312.1099384
311.4753588
310.0932633
310.3728943
312.5864244
312.6063026
312.5353846
312.0051824
311.6776741
310.6104373
310.8032764
312.5848557
312.690624
312.6320986
312.0448452
311.6998056
311.3193167
310.6524252
312.6237233
312.6556584
312.6327468
312.4369296
311.7991043
311.4986835
310.1977837
312.4770458
312.4979731
312.4828962
312.402355
311.8740911
311.740492
310.3109551
312.1060229
312.1942495
312.0641413
311.9333878
311.7232345
311.8230034
311.1418185
312.0294112
312.0760582
311.6626042
311.294563
311.2869036
311.7027065
311.6685816
311.9978734
312.0004395
311.6219452
310.9870871
310.7522136
311.3710683
311.676106
311.9627669
312.0066452
311.6304152
310.6694956
310.3678341
310.7779162
311.3965269
312.8531747
312.7904135
312.3277682
312.1403692
312.0577077
311.9998586
311.8260573
312.4259317
312.3063576
312.1807268
312.111204
312.0520958
311.9362885
311.5824815
312.2472761
312.1940788
312.1605498
312.1172631
312.0314342
311.797882
311.0547987
312.2201647
312.1793078
312.1433834
312.0941338
311.8753448
310.8947058
310.0588569
312.2409699
312.1996918
312.1011082
311.9691537
311.3641894
309.8582753
309.6012085
312.2986942
312.2271682
312.0527773
311.9418175
311.4342526
309.86176
309.6718967
312.3312817
312.3387912
312.2708231
312.0176033
311.4642682
310.0239584
310.3462023
312.4680041
312.5632377
312.5080644
311.9040034
311.541452
310.4869429
310.666786
312.5319259
312.6649347
312.6113185
311.9991082
311.5043686
311.2082938
310.2309341
312.5602403
312.6522483
312.6490597
312.433453
311.5211956
311.4266251
309.8368745
312.6555696
312.678167
312.6339499
312.4853309
311.6077343
311.6064062
310.0132906
312.4079319
312.4819141
312.0766765
311.7642298
311.3681643
311.5659057
310.8929066
312.1463684
312.1066546
311.5208039
311.0929923
310.8890722
311.3070708
311.4926607
312.0559774
312.0068585
311.5424565
310.7565691
310.4484188
311.0245099
311.4815829
312.0011353
312.0132595
311.4895389
310.3256469
309.9019729
310.433015
311.0567064
312.9472147
312.8332438
312.3562035
312.1512392
312.0628869
312.0040618
311.8488324
312.465241
312.3168268
312.1855052
312.1139591
312.0543324
311.9395033
311.6216868
312.2490339
312.1972246
312.1621289
312.1181877
312.0321963
311.8287933
311.3206937
312.2155945
312.1722123
312.1446659
312.0907557
311.896323
311.2123316
309.3192047
312.2210849
312.1294829
312.055393
311.9325983
311.4876943
309.8801593
309.3120509
312.25768
312.1781783
311.9298491
311.8054439
311.5505929
310.034988
309.6195756
312.221354
312.1142678
312.0408538
311.8714743
311.6101114
310.266866
310.434669
312.3536015
312.3937838
312.3842262
311.7842807
311.5248581
310.5374233
310.4409007
312.4501345
312.5800568
312.5173446
311.8802299
311.3837562
311.044968
309.9173566
312.451705
312.5035338
312.5843967
312.3536929
311.4152711
311.2714656
309.531416
312.5713771
312.6530142
312.6228773
312.3857431
311.4687253
311.3113333
309.8727961
312.7435321
312.6044219
312.0359744
311.4682672
311.1111019
311.2004514
310.7746989
312.3441794
312.0670205
311.303834
310.8373388
310.5592564
310.985456
311.2725325
312.1477309
311.9767606
311.4706647
310.534166
310.0505018
310.7227087
311.2080511
312.0478049
312.0082055
311.4116272
310.1081825
309.5467684
309.9585974
310.5931469
312.9906937
312.8295176
312.3597281
312.1526004
312.0635917
312.0040095
311.8518882
312.4756319
312.3158552
312.1858594
312.1135272
312.0524015
311.9309049
311.6236087
312.2499428
312.1974972
312.1618998
312.1140366
312.0146705
311.7853911
311.3500797
312.2128623
312.1670551
312.1433897
312.0723565
311.8409291
311.3237172
309.5418405
312.1909567
312.0483453
312.0320091
311.8721478
311.3686156
309.4978376
308.7032885
312.2018127
311.975138
311.8306679
311.6864231
311.1877767
309.8519502
309.5869461
312.1971136
311.9849076
311.8497735
311.6666231
311.0589141
310.2746235
310.4501123
312.2963079
312.1995472
311.9621319
311.2037006
311.100992
310.4353897
310.1011528
312.4082382
312.4465654
311.8678641
310.7882015
311.0518319
310.8106635
309.1516937
312.3949393
312.4558544
312.2866407
310.8249801
310.9464821
311.07178
309.2629614
312.4412367
312.4592193
312.4156176
311.4564753
310.7144299
311.0753219
309.9266311
312.7683494
312.5396905
311.8473391
310.9698182
310.1740947
311.0295617
310.9118849
312.4100967
311.8820623
311.1829793
310.5514168
309.9445036
310.8889834
311.140818
312.2500414
311.8979232
311.3623698
310.3075605
309.7495805
310.446784
310.8803688
312.1008986
311.9685913
311.2798678
309.8493682
309.3044357
309.5341511
309.922179
313.0098085
312.8218496
312.3560412
312.1511754
312.0630377
312.0037019
311.8507361
312.4841753
312.3097828
312.1847018
312.1128239
312.050664
311.9273569
311.6121233
312.2515959
312.1966133
312.1609607
312.1123636
312.0090742
311.7698887
311.3585407
312.210964
312.1632586
312.1392402
312.0643971
311.8201468
311.3469954
310.4880129
312.1603251
312.0188793
312.0218431
311.8486012
311.4214646
310.3703036
308.0108937
312.0991103
311.8652117
311.8043701
311.6334336
311.1078347
310.0406757
309.3579526
312.0989726
311.8244503
311.6817382
311.2137053
310.2130511
309.9370372
309.9731353
312.1604175
311.9839133
311.5541803
310.2520432
309.9056212
309.769502
308.9382479
312.2722774
312.2232028
311.5801758
310.1932075
310.08313
310.160645
308.4951461
312.2682918
312.2725605
311.9394497
310.4976626
310.247754
310.6911369
309.5666512
312.4167734
312.3412457
312.0696852
310.8463211
310.1394265
310.7745799
310.4109288
312.737039
312.2447313
311.4503431
310.4752787
309.8997816
310.6548315
310.817267
312.4072627
311.8136752
311.1579055
310.4399847
309.6953842
310.2028292
310.4080898
312.284964
311.8784641
311.341081
310.2101588
309.2745108
309.3839317
309.5212254
312.1222709
311.9534637
311.2530011
309.6308318
308.5950869
308.4910186
308.4883688
313.7832648
312.8115179
310.4470806
309.521923
309.4618787
309.5895459
309.5480125
308.9969945
308.7538727
308.9009708
309.2306702
309.5934445
310.6740067
313.0971318
314.234647
312.7217945
311.9381041
308.7012044
305.3322475
304.2431593
304.2650654
304.6306668
304.4911206
303.9695874
303.8014342
304.1855499
305.4862792
308.8273899
312.2684619
313.248052
310.3001739
308.7246506
305.9274926
302.7849525
300.9302259
300.6121365
301.0140771
301.1450129
300.5773292
300.3591615
300.9833972
302.9585982
306.1479357
309.0606488
311.0013451
309.16196
305.2642307
302.8209162
300.6919164
299.0917673
298.5558663
298.7457069
298.9231456
298.5461019
298.4578738
299.1456252
300.7878045
302.9812462
305.5291821
309.7726026
308.8099975
303.9132715
300.8343901
299.0818417
298.0615476
297.6225623
297.6386776
297.7228322
297.5764263
297.5994653
298.1004834
299.1737783
301.0292883
304.1940331
309.1263704
308.494691
303.52601
300.2063613
298.3927914
297.5744746
297.2557129
297.2045333
297.2120066
297.1916441
297.2591192
297.6131036
298.4943653
300.4247371
303.8902758
309.0173039
308.4236856
303.8331149
300.5384493
298.5272936
297.5662149
297.1871516
297.017924
296.9174324
297.0167688
297.187491
297.5633359
298.5176652
300.5368801
303.9814133
308.9105141
309.0340187
304.3241281
300.9140093
298.7590466
297.6492254
297.1904919
296.9110562
296.7462709
296.9181447
297.2080465
297.6974938
298.8406856
300.9660612
304.1993731
308.5769016
309.4748036
304.3448462
300.7032987
298.5581856
297.5674976
297.1876795
297.0200912
296.9169805
297.0195889
297.200945
297.6087679
298.623533
300.6938646
304.043405
308.6447126
309.4617292
304.093252
300.470444
298.4841334
297.6037146
297.2613167
297.1999452
297.2034404
297.1878092
297.2629279
297.6297561
298.5395949
300.472596
303.8465002
308.7240039
309.5615908
304.3401079
301.0221611
299.1526353
298.1066645
297.6248061
297.610299
297.6932947
297.5668087
297.5992221
298.0894436
299.1543188
300.9708097
304.1268885
309.0876567
309.8453318
305.6445857
303.0362664
300.8364488
299.2083805
298.532388
298.6343165
298.8634886
298.5538115
298.4709859
299.1313992
300.7870291
302.8813777
305.2782456
309.3243341
310.8854275
308.896519
306.3484106
303.0809045
301.1080148
300.489362
300.7330863
301.078403
300.6848837
300.4298798
300.9758647
303.0302478
306.2170204
308.9673607
310.6016255
313.311931
312.4345176
309.0462701
305.6340614
304.3723623
303.9778634
304.1637148
304.4831231
304.2933434
304.0052566
304.2414058
305.6278864
309.0299609
312.539406
313.4743463
314.4960182
313.4374053
310.9701808
309.9255465
309.5014231
309.1276282
308.9714309
309.0990208
309.3450202
309.3002078
309.4330626
309.8539898
310.9737773
313.4987052
314.7108761
313.2733939
313.015961
312.1384427
310.3840929
309.7857903
309.6941301
309.653334
309.0535617
308.7833162
309.1913798
309.7901111
310.7890231
312.550482
313.5979542
313.8987223
312.9840631
312.6632595
310.8093274
306.4376785
304.8306536
304.6671111
305.060374
304.9182052
304.2835111
304.2460515
304.9201023
306.7968975
311.2264468
313.1815287
313.5899455
312.006151
310.9346138
308.2079461
303.7772212
301.4726131
300.9787885
301.4054804
301.5689045
300.8873494
300.7292111
301.6144501
304.0164489
308.3525689
311.3902214
312.593011
310.2720348
306.5343722
303.8693754
301.288177
299.4181895
298.7710569
298.9904399
299.2043988
298.7461419
298.6689652
299.5286334
301.447733
304.1065825
307.2511085
311.2093687
309.2224232
304.5088492
301.3929311
299.4151574
298.22152
297.7068085
297.7320886
297.8389852
297.656093
297.6875466
298.3054689
299.597775
301.7700623
305.1390144
309.9364019
308.5005229
303.7841694
300.4804152
298.560524
297.6400436
297.2758851
297.2222622
297.2395602
297.2082104
297.2889932
297.7181136
298.7542993
300.890812
304.4736551
309.4466171
308.3818156
304.0866152
300.8240923
298.7120215
297.635012
297.1974176
297.0129694
296.9178463
297.0165745
297.2057295
297.6478617
298.7298773
300.8685841
304.2956666
308.940065
308.9874891
304.5943488
301.2101053
298.9507282
297.721499
297.2025126
296.9055445
296.7420912
296.9217224
297.2402002
297.8162799
299.1084366
301.3412694
304.5176316
308.5521544
309.4460649
304.5815424
300.9358399
298.7036745
297.6194373
297.1947611
297.0162632
296.9165309
297.0173248
297.2212508
297.7011126
298.8515583
301.0453764
304.3969826
308.6962553
309.6569825
304.4977916
300.807412
298.6729435
297.6834694
297.2890707
297.2226066
297.2275569
297.1987926
297.2912701
297.7308071
298.7898506
300.8962953
304.3358374
309.0051115
310.0512139
305.0011705
301.6096194
299.5130847
298.3068444
297.7313511
297.7139577
297.7966218
297.6297785
297.6795268
298.268305
299.5275157
301.5846657
304.8452053
309.5589574
311.0089261
306.778453
304.0854345
301.4919092
299.6330604
298.7975579
298.8874112
299.112967
298.7236241
298.6685497
299.4745789
301.4043544
303.9175353
306.6675063
310.5149726
312.7277459
311.1098234
308.1189577
304.1349231
301.8207628
300.9405812
301.1166779
301.448228
300.9591123
300.7812017
301.5365348
304.0263511
308.3417822
311.3777229
312.6055696
313.8959168
313.4027999
311.4600304
307.0187673
305.2314509
304.4964198
304.5260253
304.8137102
304.5826915
304.4336422
304.8748897
306.7702087
311.3146154
313.3707569
313.8242177
314.23602
313.9402719
312.9596441
311.2993874
310.2209491
309.4443919
308.9792528
309.1055415
309.3944817
309.5252119
309.8557706
310.8578111
312.7641053
313.8262593
314.1198401
312.5235434
312.8144064
312.6401128
311.9794204
310.9863542
310.3817884
310.0578176
309.3648485
309.2377204
310.3096214
311.1424635
312.225627
313.2034597
313.5535919
313.2008277
312.8519054
312.7705573
312.0235165
308.8620822
306.3400915
305.7379406
306.0932716
305.9019138
305.0783426
305.371366
306.6192445
309.2155833
312.556512
313.3635646
313.3390972
312.5465904
312.0913552
310.4997841
306.0385426
302.7340186
301.8294314
302.2572222
302.4705743
301.5966116
301.6203508
303.0248498
306.1774921
310.7529837
312.552174
313.0145193
311.7046394
309.1664561
306.2327544
302.646872
300.1658723
299.2584492
299.5286314
299.8168032
299.1866776
299.1572101
300.3984871
302.8667356
306.359979
309.964492
312.3657561
310.4435454
306.0320749
302.6651159
300.1664884
298.6020398
297.9095125
297.9464521
298.1065773
297.8367502
297.8974726
298.7848196
300.5522558
303.3938287
307.3095707
311.5546561
309.1301036
304.6263316
301.1690888
298.959858
297.8082214
297.3345071
297.2686072
297.3092396
297.2516943
297.3649101
297.9718836
299.3618949
301.9917857
305.9867738
310.8122843
308.6342751
304.8238209
301.4865677
299.1322189
297.8000094
297.2293268
297.0113861
296.9222755
297.0202994
297.2518025
297.8437878
299.2084746
301.633184
305.1211865
309.373684
309.2060103
305.3554078
301.9110086
299.4033246
297.9000655
297.2377745
296.9020746
296.7400731
296.931671
297.3147916
298.0786502
299.6719964
302.1255973
305.2515218
308.7369832
309.9808119
305.336474
301.5497773
299.0402415
297.7400413
297.2172289
297.0189077
296.9212181
297.0207112
297.2656509
297.8968296
299.337245
301.8120832
305.2081695
309.0940135
310.7759371
305.5745879
301.5529737
299.0888289
297.8678964
297.3600503
297.2844772
297.2897365
297.2282336
297.3509801
297.9408347
299.3269987
301.8333002
305.4840874
309.8916185
311.3898735
306.3865761
302.8642992
300.3013494
298.7592929
297.9905955
297.9661229
298.0385584
297.7745602
297.8522059
298.6601205
300.3649147
302.9463052
306.4779133
310.6453634
312.6440922
309.096956
306.0816418
302.8986138
300.5788497
299.4205462
299.4747329
299.6629807
299.104525
299.1069999
300.2420719
302.772192
306.0842495
309.2498991
311.8813984
313.6218908
312.7097798
310.7026362
306.2717321
303.3268677
301.9960329
302.0202735
302.2383149
301.6007722
301.6029482
302.7857396
306.0966749
310.7712456
312.7114702
313.2805958
314.0382169
313.7859721
312.8564658
309.8467702
307.1414819
305.7963059
305.485858
305.6093627
305.3687243
305.5291467
306.3328808
309.0614474
312.692384
313.7234257
313.8581561
313.8937192
313.78495
313.4545673
312.6848227
311.7228521
310.586342
309.3922137
309.3443662
309.9296899
310.5318735
311.1215241
312.4046414
313.488554
313.933682
314.0414726
312.197281
312.3778857
312.5860521
312.1882178
311.2546673
310.3386993
309.969872
309.3169404
309.5115516
311.0174132
311.9286645
312.8755638
313.3055612
313.2672701
312.2969136
312.6138588
312.6981232
312.3081063
309.9829189
306.9468319
305.8150118
306.1642947
306.0423494
305.3422087
305.7493183
307.5310526
310.9382146
313.0151336
313.2753116
312.4663649
312.6022137
312.4069513
311.3438122
307.5155057
303.4657554
302.1199026
302.5552259
302.7761719
301.8703188
301.9207192
303.9328769
307.9583639
311.9509614
312.9366324
312.9562183
312.1418716
310.5599486
307.9248158
303.6673824
300.6093768
299.4772979
299.7379564
300.0653772
299.3775472
299.3781163
300.9605684
303.9680312
308.2898907
311.6403396
312.7626978
310.8284979
306.847028
303.5967942
300.6779927
298.8057944
297.9989586
298.0407461
298.222829
297.9215802
297.9984394
299.095054
301.2307897
304.6121782
308.8841504
312.420074
309.1117744
304.6837529
301.4076359
299.1218159
297.8599404
297.3407558
297.285758
297.3352026
297.2688937
297.4017061
298.1123359
299.7130166
302.6244711
306.7538683
311.7933574
308.5274986
304.8129662
301.6815701
299.2863812
297.8643577
297.2331589
297.0045384
296.9213587
297.0237428
297.2808127
297.9559814
299.453592
301.9908526
305.483111
310.1321292
309.0502924
305.3206784
302.0440701
299.5367087
297.9597747
297.2453146
296.8920807
296.7365148
296.9413203
297.3668835
298.2419271
299.9813725
302.4684108
305.5192843
308.7234167
309.9249157
305.2976439
301.6148176
299.1530726
297.7970978
297.2239281
297.0178407
296.9214586
297.0207741
297.3152582
298.0577542
299.6410833
302.1828256
305.546873
309.1463493
311.058559
305.8234367
301.9489556
299.3257815
298.0044185
297.4196092
297.3305259
297.3282926
297.2502438
297.415117
298.1190396
299.6653511
302.305898
305.9503493
310.618563
312.4211588
307.3952071
303.6102044
300.8478158
299.1468004
298.1866575
298.1243991
298.1675624
297.8652113
297.9859427
298.9254234
300.8498601
303.7830778
307.4722673
311.5947388
313.3987899
310.6474777
307.5568519
303.8771096
301.2762815
299.8242656
299.7933984
299.9074789
299.2970775
299.3553882
300.6973681
303.6627137
307.7777643
311.0842285
312.7803694
313.8988662
313.3691169
311.9763281
308.056232
304.4837205
302.5900713
302.4133036
302.5198402
301.8783634
301.9555635
303.5131865
307.5962175
311.9458582
313.2272697
313.5009523
313.9386058
313.789537
313.3195169
311.4814191
308.8727423
306.5534695
305.724968
305.7996772
305.5926331
305.9414408
307.1681588
310.4883742
313.2768406
313.8119892
313.7892715
312.7509497
312.8559109
313.4338153
313.0702423
312.4317691
311.4198018
309.5927456
309.2836385
310.1484181
311.1891902
311.9554387
313.0949708
313.7873747
314.007327
313.9126827
312.0990651
312.2877486
312.4060602
311.9117643
310.862882
309.8876698
309.7015064
309.1783818
309.4985272
311.5696735
312.5915971
313.0914859
313.1816525
312.4557943
312.0964513
312.5660349
312.6810335
312.2308544
309.7600715
306.7089821
305.653054
306.1095617
306.0007327
305.3253466
306.2982313
308.7701369
312.0765163
313.1040184
312.9816525
312.1713219
312.5860564
312.3941644
311.2946374
307.4564546
303.3924574
302.0573124
302.6212617
302.899638
302.0810407
302.3898126
304.9005256
309.80902
312.5699657
313.0026244
312.4888032
312.0489865
310.4930427
307.9233933
303.6481329
300.5818944
299.4732016
299.9045753
300.2440512
299.5917486
299.6534762
301.5563318
305.221129
310.2707376
312.4211444
312.7083541
310.4590925
306.6701464
303.5805636
300.6797308
298.7965011
297.9964618
298.1234743
298.3323749
298.0450939
298.1627684
299.4796928
302.0032025
306.0046583
310.5988767
312.6720596
308.6228426
304.4880057
301.3228478
299.0970786
297.8436286
297.3323863
297.2990901
297.3691981
297.3045941
297.4724882
298.3191995
300.1217852
303.3353204
307.8679968
312.3124092
308.2108574
304.6952424
301.6602656
299.3412644
297.8854024
297.227556
296.9912991
296.9189269
297.0264119
297.3304852
298.1139362
299.7313403
302.3266099
305.7196729
310.6647223
308.8027149
305.1870944
302.0181532
299.5713838
297.9866064
297.2427246
296.8802206
296.730974
296.9528604
297.4422274
298.4416289
300.2710596
302.7069971
305.5187699
308.6808251
309.6567409
305.0915034
301.5451401
299.1357409
297.7943144
297.2203238
297.0147242
296.9198437
297.0186484
297.3535652
298.1929383
299.8708636
302.4258694
305.5740155
309.094338
310.8872371
305.7149292
301.9624059
299.3806655
298.0482478
297.4443237
297.3760226
297.3586041
297.2581343
297.4591019
298.2881341
300.0036715
302.8021323
306.5156314
310.964975
312.6211758
308.0019917
304.3608599
301.2425617
299.3367741
298.312537
298.2884948
298.2956271
297.9133737
298.1025129
299.2491105
301.4971915
304.8637848
308.8308147
312.3400771
313.621235
311.8744023
309.0239913
304.9192744
301.8485153
300.1218058
300.0773056
300.1390849
299.4169185
299.5882168
301.251486
304.770774
309.4663563
312.2456547
313.3561296
313.8850006
313.59038
312.6973925
309.5024884
305.6760424
303.1377705
302.7357054
302.7539686
301.995573
302.3220113
304.348093
309.0809383
312.6724222
313.5587279
313.760699
313.5338525
313.6409413
313.509065
312.3803414
309.933838
307.3720567
306.0737282
305.7910516
305.5573317
306.2916712
308.0681257
311.6866514
313.6144275
313.9364068
313.8984049
312.3705008
312.4820118
313.1714803
313.2196396
312.8325215
312.0421449
309.9552454
309.136532
310.0563337
311.2153028
312.1792612
313.3633743
313.9509735
314.0901884
313.898598
312.013511
312.1589727
312.1486464
311.5682514
310.4955432
309.4633906
309.2474762
308.8520529
309.2608876
311.4453396
312.6542533
313.0853089
312.9048525
312.2200468
312.0646149
312.3042628
312.5343796
312.0447236
309.4920646
306.3619164
305.262947
305.948205
305.9050625
305.2000138
306.392738
310.0364605
312.5666697
313.0435887
312.3468969
312.0809552
312.4229193
312.2730861
311.1077907
307.367819
303.3584971
302.0017215
302.5596435
302.9620247
302.0906148
302.699978
306.2412432
311.0266853
312.817917
312.9294672
312.1983744
311.6700058
310.3697041
307.8612166
303.6386583
300.5667798
299.4671796
299.9351573
300.4025728
299.6788309
299.8501858
302.2981264
306.7367018
311.3653307
312.6979483
312.7035589
310.0110453
306.4493041
303.5672409
300.6813592
298.7902714
297.9968669
298.1506528
298.4464747
298.1146158
298.2688925
299.8559266
302.8276153
307.422219
311.4668418
312.697942
307.9877247
304.0221591
301.2288226
299.0640643
297.8279421
297.3257699
297.3027516
297.3983922
297.3253235
297.5134326
298.4837107
300.4746258
303.943257
308.3415459
312.313293
307.4543228
304.3617244
301.5342098
299.3321779
297.888343
297.2191606
296.9731829
296.9128173
297.0249392
297.3588429
298.2160939
299.8926549
302.4594064
305.6820938
310.55778
308.1962861
304.8799866
301.9392649
299.6028594
298.0093396
297.2394115
296.8614553
296.7255926
296.953592
297.4873408
298.551649
300.4042798
302.7661154
305.4624211
308.539963
308.91655
304.5198128
301.3060014
299.0549033
297.7764752
297.2085644
297.0073523
296.9152462
297.0122947
297.3582315
298.2278297
299.9424059
302.4626452
305.5200164
308.8911472
310.2462316
305.3226338
301.8706343
299.3441067
298.0588842
297.459305
297.403029
297.3821927
297.2551986
297.4580504
298.3287396
300.1532318
303.0351262
306.6435616
310.8648088
312.3505124
307.9650816
304.6702289
301.4847766
299.5605102
298.4427892
298.4220009
298.3928982
297.9315178
298.1063075
299.3570346
301.9024352
305.6033508
309.4325617
312.2626595
313.5474903
312.2535925
309.882656
305.6639209
302.5030001
300.4699353
300.3553197
300.2963665
299.4380531
299.6301246
301.5652708
305.6190206
310.5387995
312.6945034
313.3641175
313.8174813
313.5845584
313.0061032
310.4993494
306.6173979
303.7928369
303.1324597
302.8165904
301.9700429
302.3719572
304.8569322
309.9898368
313.0463252
313.7297172
313.8219969
313.2169219
313.3106442
313.5161686
312.8805184
310.9020414
307.9572481
306.3818848
305.752915
305.4285931
306.269238
308.4878306
312.2465261
313.7763209
314.0288366
313.9637309
312.4406549
312.3769448
312.5620936
313.3700985
313.1204925
312.5021889
310.338509
308.9105175
309.7541125
311.0054435
312.0009996
313.3375684
314.003637
314.1108943
313.9815653
311.8689761
311.8458287
312.0030875
311.8624575
311.2709582
310.2425027
309.3049696
308.8252582
308.5654238
310.5512423
312.4626835
313.0573245
312.893105
312.2080154
312.0752471
311.9944406
312.0974174
312.0683427
310.294693
307.0891371
305.4009953
305.5250674
305.7485017
304.9299561
306.2183576
310.0464231
312.6260615
313.0288758
312.3720888
312.0785028
312.2160249
312.2382576
311.3967743
308.2420262
303.968429
302.2069296
302.5137277
302.9986473
302.0888845
302.6365439
306.3362165
311.2171969
312.8250631
312.8206329
312.1232877
311.9413369
311.0024414
308.7959033
304.4385008
300.9575809
299.5997993
299.9503238
300.5029114
299.7237166
299.8347255
302.3613613
306.9733702
311.5181833
312.6974131
312.4233469
310.9237241
307.3609271
304.2894763
301.1040079
298.9625937
298.0601159
298.1839481
298.5157131
298.1485117
298.2626259
299.8847477
302.9799001
307.6588289
311.4402823
312.6543157
308.7174601
304.2078781
301.4535265
299.1834056
297.8773085
297.339601
297.3125929
297.4192376
297.3325113
297.510815
298.5005358
300.5286877
304.0030496
308.2033645
312.126242
307.4488911
304.0328065
301.5271124
299.3514183
297.9134163
297.2247809
296.9722689
296.9113258
297.0182268
297.3606445
298.2383502
299.9163866
302.4335574
305.4911333
310.113998
307.5408807
304.589796
301.9359451
299.6698669
298.0534328
297.2453175
296.8554072
296.7165792
296.9505922
297.5028289
298.596922
300.4533015
302.7607849
305.300707
308.168963
307.7046046
304.0928663
301.1904484
299.0449319
297.7773974
297.2038002
297.0006539
296.9084375
296.9962458
297.3579281
298.243537
299.9638541
302.4434907
305.3379685
308.573872
308.8106063
304.6156113
301.6327963
299.2933564
298.0733613
297.4854833
297.4438656
297.4050896
297.2464024
297.4498562
298.3285372
300.172299
303.0609878
306.5736933
310.6767611
311.2731617
307.7859503
304.7473463
301.6296722
299.7535001
298.5501792
298.5402279
298.4579182
297.944246
298.0923986
299.3515081
301.9551601
305.7277663
309.396161
312.0445856
313.1647805
312.3119564
310.4395476
306.2148273
302.9773347
300.7651803
300.5431255
300.3704442
299.4359189
299.61079
301.597712
305.7558803
310.6892626
312.7040129
313.3900636
313.475987
313.6003845
313.1754722
311.3115702
307.4355332
304.2148478
303.3351694
302.8981335
301.888357
302.3178114
304.8942616
310.0584044
313.0448908
313.7349125
313.9580521
313.0042828
312.9341317
313.5132083
313.1563796
311.8531717
308.4503044
306.4901188
305.6755334
305.2299049
306.0929049
308.4496659
312.2838679
313.7832775
314.0591549
313.9899809
312.6070291
312.4199186
312.4869573
313.0002652
313.2933113
312.8937871
311.1864854
308.8787125
309.266839
310.5192878
311.8009945
313.371509
314.0263117
313.9920995
313.8440237
311.7320743
311.577363
311.7404483
311.9184574
311.8346167
311.5268482
310.1625671
309.0015718
308.0260386
309.223702
311.8827478
312.9658908
312.7660958
312.1883262
312.1121232
311.7306556
311.6228669
311.8817693
311.6608925
310.5973075
307.7055993
305.7036753
305.6673712
304.8527448
305.6188604
309.7080156
312.5583329
312.9584267
312.3409251
312.1186517
311.8135434
311.9301703
311.8217331
310.9392351
307.976219
303.5202898
302.6968878
303.0320332
302.1694528
302.3762187
306.0707965
311.0263326
312.7871307
312.629788
312.1149654
311.9930194
311.8258724
311.1797648
308.5579848
303.1268706
300.2787758
300.0811384
300.5617634
299.851114
299.758223
302.2506694
306.7973061
311.3739176
312.6588265
312.2003149
311.8492532
310.774851
308.3358355
303.3413937
299.8256921
298.3450333
298.2830873
298.5765053
298.2227302
298.2392019
299.8480735
302.9390761
307.555712
311.3083007
312.5107474
310.918893
306.4587694
302.8309225
299.8374164
298.132608
297.422311
297.3490709
297.4485656
297.3487047
297.5013064
298.4949988
300.5170467
303.9557916
307.8435781
311.7276597
308.5046629
304.2063962
301.7294507
299.485336
297.9989405
297.2546228
296.9811545
296.9140859
297.0138671
297.3625909
298.2581511
299.936113
302.3987563
305.1864231
309.5253638
307.4421017
304.5639644
301.9948012
299.7685885
298.1232711
297.2669202
296.8585021
296.7067741
296.9488172
297.5254402
298.6851051
300.5533932
302.7744538
305.2167976
307.7212178
307.542536
304.1170187
301.2445703
299.0964909
297.8020193
297.2068239
296.9954207
296.8923673
296.9848641
297.3634764
298.2864768
300.0150014
302.4554952
305.2634501
308.6055817
308.7497935
304.5877512
301.6428708
299.3087326
298.1009907
297.5227295
297.4872507
297.4214068
297.2398739
297.4519445
298.3479434
300.232232
303.1709377
306.6244567
310.9548969
311.1261586
307.8521128
304.9952768
301.8240539
299.9014264
298.7061864
298.6766951
298.5402629
297.9489306
298.0971109
299.3842125
302.0975833
306.0056314
309.5447028
312.5761006
312.8865997
312.4142726
311.0815537
306.9811736
303.5233155
301.0628015
300.7494784
300.5038889
299.4369125
299.6223481
301.7038464
306.0431936
310.8925214
312.7618407
313.7712735
313.020714
313.545513
313.356512
312.09816
308.5793871
304.7839559
303.5672029
302.9543104
301.8422464
302.3203083
305.0230301
310.2240071
313.0494569
313.7869579
313.9711111
312.8128197
312.925873
313.3504412
313.316662
312.6131087
309.5246951
306.7514587
305.6109055
304.9875907
305.9993377
308.5450173
312.4422403
313.8381212
313.8860205
313.6958171
312.7559151
312.4168185
312.4847441
312.947199
313.4124686
313.0720395
311.2987641
308.7534657
309.1502412
310.5259529
312.096783
313.5911922
313.8574355
313.5217401
313.2752834
311.3802161
311.2000119
311.4795303
311.7555789
311.6318937
311.5083842
310.2068871
308.900925
307.8616546
309.2378516
311.8736481
312.7314723
312.4022729
312.1953936
312.1238906
311.2859388
311.1859205
311.4537609
311.8028136
311.6573717
310.627785
306.8432633
305.7248961
304.8496879
305.5003818
309.6839447
312.3922906
312.6931544
312.2202577
312.1673483
311.3057738
311.3109968
311.630808
311.7100862
311.0656021
307.9954034
303.7922017
303.2760223
302.2773616
302.3650682
306.0767105
310.9896817
312.7067145
312.4030218
312.1819934
311.4981438
311.6451267
311.6782053
311.1451536
308.8011573
303.3197079
300.7433755
300.7855451
300.0537484
299.7684257
302.2898712
306.8957808
311.3612361
312.5642032
312.1728436
311.6650803
311.5659309
310.9547883
308.7119648
303.5198178
299.6331926
298.5921266
298.7493408
298.340079
298.2519259
299.895541
303.0827768
307.7292499
311.4310698
312.3229699
311.1662234
309.6290478
306.9832455
302.6583522
299.3300386
297.7698578
297.4385618
297.5256823
297.3798667
297.5092853
298.528024
300.5965596
304.0685902
307.9560292
311.7090824
308.6143277
305.0599349
302.7561469
300.1353462
298.2964912
297.3385167
296.9927761
296.923571
297.0163598
297.3787156
298.3206401
300.0191838
302.4479148
305.1520071
309.4296359
307.4730452
304.6935789
302.2844104
300.0243271
298.2949352
297.3350277
296.8616871
296.7036293
296.954457
297.5855913
298.8489867
300.7653914
302.868134
305.218676
307.6278092
308.069523
304.3533499
301.4223746
299.288189
297.8973749
297.2234055
296.9904033
296.8873962
296.9865329
297.3912183
298.3823637
300.1546813
302.5895722
305.3896068
309.37784
310.1956086
304.9807096
301.8610408
299.4173356
298.1705025
297.5469973
297.5209211
297.4368855
297.2434077
297.4808577
298.4573934
300.5021927
303.6894119
307.403219
312.5171341
312.2949364
308.4399453
305.7863933
302.2756244
300.2191879
298.8547358
298.8100488
298.6112196
297.9659819
298.1690954
299.6345701
302.7722103
307.2751619
311.350514
313.5947583
313.110935
312.7371115
311.7942202
308.4470229
304.4322516
301.5555449
300.982255
300.5770831
299.4647583
299.7824909
302.2561163
307.2613222
311.9118129
313.4141882
313.7952285
313.0167179
313.1763916
313.3673002
312.7659182
310.1297851
305.6132519
303.886111
302.9336348
301.8718342
302.5689078
305.8502519
311.2827154
313.4007359
313.8379648
313.5301494
312.7469409
312.7667802
313.2062053
313.4885507
313.1100905
310.6494992
306.9860227
305.4582809
304.9555969
306.2607127
309.7640186
313.2155593
313.7310274
313.303716
313.137077
312.8291637
312.2421869
312.3165612
313.0383311
313.5476183
313.0614018
311.0440829
308.6364385
309.3888601
311.4922426
313.026963
313.5756789
313.3222767
313.1272331
313.0944929
310.8880954
310.7786109
311.3474147
311.5577016
311.2607061
311.0833983
309.5176165
308.6817232
308.1423255
310.439736
312.0964856
312.4386121
312.2491395
312.2090626
312.1214435
310.9197735
310.8719456
311.3829335
311.7156901
311.637121
310.7048752
306.7204371
305.6603697
304.9035892
305.8886806
310.4394019
312.3818663
312.3739476
312.2273544
312.1702935
310.9594651
311.0691261
311.6171089
311.8194548
311.5511611
308.8535695
303.8898132
303.2807953
302.3742498
302.6774781
306.907838
311.4327188
312.5712526
312.2907266
312.2475274
311.1552876
311.2730142
311.686436
311.6451188
310.3212611
304.3385363
300.849285
300.8917007
300.1121998
299.9582127
302.8825241
308.0748933
311.7598098
312.4207153
312.2333462
311.2414011
311.5095503
311.3248579
310.0898651
304.9618937
299.917563
298.6140951
298.84133
298.3878072
298.3618244
300.2687121
303.9640671
309.1513941
312.0131572
312.2529187
310.6039326
309.5904087
307.5347425
303.6989229
299.6167453
297.8125839
297.4391513
297.5494729
297.4014525
297.5602492
298.7050786
301.0213905
304.7896507
309.1685288
312.0244945
308.2830724
305.0288137
302.8895926
300.3461649
298.3460394
297.3386649
296.9861238
296.9241974
297.0286176
297.4316482
298.4681171
300.2426019
302.7010118
305.351864
309.8191491
307.9838982
305.1131699
302.6425091
300.3784596
298.490137
297.3625208
296.8563949
296.7049436
296.9772212
297.6744369
299.0116198
300.9623591
303.056813
305.2875653
307.6772513
310.4964845
305.1527149
301.8782821
299.5023221
297.9771187
297.2268246
296.9874099
296.8900495
296.9979812
297.4588847
298.5559041
300.4813571
303.1614879
306.3938023
310.302045
312.4176794
306.1836794
302.5656302
299.7494954
298.3208461
297.5921885
297.5632119
297.4638982
297.2643037
297.583082
298.7932065
301.4058241
305.8810961
310.7734337
313.1517679
313.1177833
310.0580356
307.0035809
303.1731742
300.6307139
299.0584087
298.921933
298.6601232
298.0317886
298.4276802
300.495675
305.4170619
311.2018378
313.2004073
313.5262373
312.9518977
312.8235488
312.2294617
309.846334
305.4044287
301.9676088
301.184078
300.5729228
299.5793834
300.3627589
304.2267841
310.9687479
313.2660729
313.5588149
313.3146128
312.7721028
312.828794
313.2892732
313.0142207
311.0774649
306.2573733
304.0427813
302.845502
302.0453357
303.5570675
309.2207276
313.0518897
313.6288417
313.2328768
313.0539273
312.738828
312.5378097
312.9761444
313.4839912
313.2864158
311.0340605
306.9805128
305.3269433
305.1243496
307.9676158
312.4765856
313.5559639
313.311098
313.0514978
313.0108881
312.7025575
312.0370398
312.0638705
313.0141655
313.55639
312.7805849
310.2721898
308.8100626
310.7785735
312.7638278
313.3929351
313.2757312
313.1425782
313.0615877
313.0702451
310.4687776
310.5560638
311.3257873
311.1949445
310.9622966
310.2275537
309.1672978
308.9084177
309.6499149
311.5097229
312.0827604
312.113941
312.2001914
312.1759534
312.088609
310.5662989
310.7327096
311.4572778
311.4304071
311.3412385
309.6635266
305.94777
305.6496714
305.3006511
308.2803776
311.8516138
312.3400762
312.2260192
312.1935066
312.1332376
310.6457105
310.9420922
311.6633131
311.7580589
311.3357836
307.8155857
303.4271701
303.2327883
302.6914623
304.2523215
310.1117158
312.1890254
312.3884134
312.2877542
312.3072151
310.6530536
310.9691312
311.6494351
311.5839254
309.8246224
303.4879018
300.6453035
300.8541631
300.2638622
300.8062901
306.0332331
311.0951715
312.3419637
312.4452878
312.3630018
310.7633593
311.135333
311.0731532
309.6732945
304.0828451
299.5303668
298.5486437
298.8244627
298.4836058
298.7818743
301.6973503
307.8568201
311.5752075
312.3994064
312.2576024
309.4511344
308.5989257
306.6794768
303.0939249
299.2716953
297.7065593
297.4131214
297.539139
297.4461902
297.732088
299.2756129
302.4937697
308.0356528
311.483233
312.276852
308.3621631
304.9132661
302.6663668
300.2093094
298.2877074
297.3029661
296.9585826
296.9211744
297.063792
297.5558944
298.76256
300.7692113
303.5644995
306.7739939
310.9820732
309.4402603
305.4380476
302.7763898
300.4761575
298.515421
297.3510915
296.837613
296.7113451
297.0342475
297.8515351
299.309997
301.2388287
303.3425778
305.4592041
308.0054975
311.981856
305.5001815
302.1477436
299.5797003
297.9916161
297.2211534
296.9847078
296.8969996
297.0334166
297.6187123
298.9414587
301.234052
304.1749843
307.2232645
310.2464083
312.7211669
307.2045231
303.077024
300.0010963
298.4118446
297.6434986
297.6057369
297.4685801
297.3107546
297.8864589
299.7694166
303.6584089
308.6959524
311.9244328
312.9958896
312.952793
311.4035569
307.6635941
303.7924792
300.9462669
299.1891148
299.0516663
298.6643918
298.1810425
299.2777211
303.1339423
309.8571163
312.7785092
313.2114714
313.0101898
312.8038002
312.7494843
312.2530476
310.3732043
306.0664026
302.3374325
301.3476176
300.5641809
299.9683741
302.3197631
308.8250933
312.8848259
313.5407753
313.2908701
312.9479915
312.7209069
312.7326965
313.1189545
312.9853723
311.3156199
306.4796347
304.0413076
302.8577765
302.7597139
306.7443668
312.153252
313.5565373
313.5617548
313.0141982
312.8821659
312.5973935
312.4222419
312.7516944
313.4299102
313.2815638
311.0416932
306.8994877
305.3232961
306.0282286
311.1596178
313.34122
313.5968454
313.2775273
313.0077848
312.97279
312.2515981
311.8527104
311.8934288
313.0159303
313.5304111
312.3466509
309.6848906
308.9506084
311.5560639
313.0935643
313.3389586
313.1646399
313.1257179
313.0148344
313.0469127
310.2780787
310.6703415
311.0444073
310.2153769
310.3040966
309.6579906
309.1481045
309.4163976
310.4762738
311.5743667
311.5538987
311.8547289
312.1122193
312.0978214
311.9827254
310.3560351
310.5983329
311.309924
310.7911148
310.4570457
307.4370807
305.635911
305.9260616
307.0200209
310.7833774
311.9397609
312.0289063
312.1115284
312.1000055
312.0366616
310.4205262
310.6020836
311.4085706
311.3300529
310.0383189
305.1471864
303.0359948
303.4273049
304.1564371
308.6918679
311.7669645
312.2107814
312.18745
312.241171
312.3465579
309.7752563
310.1554978
311.222531
310.8067801
307.1553714
301.5845901
300.3631989
300.9243715
301.1141244
304.396262
310.4189248
312.2008139
312.4610765
312.5040974
312.3789214
309.7027604
310.0950829
309.8071737
307.3715133
301.3301644
298.7791257
298.4302617
298.8436132
298.9216591
300.7396884
306.7022684
311.3047048
312.3808882
312.4823234
312.1298486
309.0270564
306.476862
304.4166092
301.32438
298.5359174
297.5017633
297.3612385
297.5385645
297.6205107
298.5072379
301.6801797
307.411128
311.2068202
312.2460159
312.2170466
308.5784518
304.7378148
302.4415676
300.0052408
298.1531932
297.2132902
296.9241649
296.9212623
297.1782069
297.9337722
299.6897411
302.6676795
306.5699257
309.395514
311.3057368
310.5545856
305.488676
302.7915575
300.4495223
298.497879
297.3055886
296.8098927
296.7307826
297.1680041
298.1540313
299.8083537
301.923538
304.1594962
306.0356976
308.4154148
312.1927113
306.0677107
302.4052989
299.6645702
298
297.2109577
296.9815155
296.8965859
297.0778243
297.7974007
299.2565867
301.4969943
304.1983914
306.9741587
309.8120302
312.5230323
309.7016868
303.8742173
300.2657918
298.4662779
297.6618027
297.6439275
297.4616613
297.310439
297.9552391
299.930535
303.8510251
308.678378
311.5726259
312.2092383
312.7070181
312.1817872
308.4302713
304.0544775
301.0261785
299.2771622
299.1004936
298.6500695
298.1771689
299.4145032
303.6382878
310.4128318
312.7525106
312.8217368
312.3713991
312.6991683
312.669139
312.1044132
310.3421762
306.1407989
302.4228389
301.3619023
300.527351
299.9988281
302.8118012
309.8176205
313.1268047
313.4258539
312.8535971
312.7224603
312.5993837
312.6315071
312.7868604
312.7810452
311.2547173
306.4688277
304.0172071
302.8207211
302.8858777
307.7342944
312.7328737
313.6212869
313.425004
312.8676807
312.7865714
312.2430294
312.1964684
312.4909475
313.2369719
313.1901327
310.9871997
306.8236313
305.2512897
306.1743809
311.6240201
313.4132068
313.6049144
313.2839145
312.9466906
312.926449
311.9963133
311.657997
311.7461814
312.8083213
313.4359405
312.3395818
309.5548913
308.8460796
311.3886963
312.9967823
313.1835426
313.2010551
313.1441528
312.9318583
312.9510587
310.4546293
310.6174134
310.6490787
308.8534183
308.5489149
308.4754537
308.9798164
309.4888961
310.382033
311.4492589
311.2044401
311.5253648
311.9327949
311.9419499
311.7806452
310.35349
310.5694681
310.6987198
309.2867123
307.7477971
305.8744164
305.344578
306.0629716
307.5027002
311.139678
311.7499937
311.5962582
311.8427609
311.9254795
311.8843054
310.3024011
310.226753
310.0907635
309.2165548
306.1436617
303.2972977
302.755872
303.5294587
304.9156206
310.1372016
311.9367208
311.8949403
311.9174844
312.2010295
312.3521849
309.4178684
308.8306212
309.0001917
307.4721756
302.7505794
300.3432661
300.2063435
300.9282635
301.5914039
306.5206943
311.5755866
312.3387221
312.4047999
312.4721647
312.1786838
308.1503148
307.0430453
306.002096
302.8876735
299.3422414
298.2504339
298.3398978
298.8307647
299.1014628
301.8827323
309.1715426
312.0928984
312.4753559
312.4136103
311.7924856
308.3014526
305.2449411
302.9344549
300.1521746
298.0781101
297.3514498
297.2958171
297.5240942
297.6728887
298.8830318
302.917128
309.29538
311.7920851
312.2481088
311.8988576
308.582992
304.5826469
302.338546
299.9644661
298.1109406
297.1499354
296.88751
296.9166273
297.2322195
298.1153489
300.0911109
303.4413146
307.3541265
309.5712047
310.6305713
310.8054935
305.7665753
302.8647025
300.4374059
298.4791316
297.2684496
296.7880637
296.737882
297.2389092
298.3392163
300.0991781
302.2695994
304.3781998
306.1752443
308.5511718
311.9764019
308.4085327
303.0545995
299.86158
298.0435982
297.2115644
296.9778152
296.8926532
297.0878229
297.8573935
299.3449465
301.528718
304.1517915
306.8062493
309.6717601
312.1000211
311.6091233
306.3065381
300.8277015
298.5777306
297.7036345
297.6420455
297.4428293
297.2948318
297.9353415
299.7950294
303.3877173
307.6955403
310.0441246
311.4564415
312.535797
312.4333751
310.0134253
304.405028
301.0856642
299.2579259
299.0825165
298.6074672
298.1106373
299.2535537
303.1639978
309.7595466
312.1040159
311.5871858
312.4039668
312.5803758
312.6429002
312.0284202
310.0575651
305.9475517
302.3388658
301.313049
300.4295567
299.8694388
302.4820475
309.2242434
312.828015
312.8459443
312.368134
312.651784
312.4128922
312.5761946
312.6234273
312.3738638
310.9044373
306.2706268
303.922783
302.6553714
302.6842863
307.3102754
312.4817185
313.4680507
313.0328769
312.6825788
312.7412455
312.0478803
312.0977578
312.5396383
313.0736114
312.9589629
310.7195183
306.6470526
305.0434173
305.8658888
311.2620929
313.2497757
313.484679
313.0974636
312.8514322
312.8597051
311.8516862
311.6147998
311.7904095
312.8500612
313.3506649
312.2561352
309.4230912
308.4739719
310.7873465
312.6376538
312.7127114
313.1731063
313.0562492
312.8134681
312.7962566
310.7687427
310.3616401
310.6042676
308.3050349
307.0635373
307.1963293
308.3592208
309.129584
309.6639217
310.7262244
310.7346453
310.9116097
311.3897133
311.6726594
311.5577659
310.6626991
310.4004555
310.4904547
308.4659721
305.2837349
304.2443175
304.693567
305.9504699
307.1394249
310.8198649
311.4300687
311.066953
311.2036293
311.6498505
311.7678359
310.1282547
310.1087113
309.3874304
307.0250511
303.2344071
301.7426547
302.1223623
303.4217852
304.5859991
309.6789675
311.8472348
311.7372484
311.6655753
312.1248065
312.2432507
310.0111246
308.8267293
307.3338914
303.9325442
300.3551231
299.3226718
299.884409
300.8278606
301.366478
305.9714215
311.3662089
312.2839635
312.3675969
312.3281722
311.6342242
307.5741067
305.5425601
303.5195241
300.6080852
298.4370657
297.8451706
298.1357039
298.7463454
298.9709236
301.4570222
308.5462079
311.896674
312.3319651
312.1150817
311.0512852
306.6098214
303.988022
301.8053146
299.4367052
297.830061
297.2429348
297.1860169
297.4732487
297.6306129
298.7526437
302.4298424
308.5521
311.1759595
311.5601463
310.3928552
308.4025279
304.5318201
302.310295
299.9906441
298.1258908
297.1273444
296.8499176
296.8981293
297.2282188
298.1089302
300.0307781
303.1943022
306.6313698
308.3256453
309.4990288
310.590095
306.7815601
303.1550535
300.45749
298.4790562
297.2598634
296.7769537
296.7364109
297.2439317
298.369318
300.1469051
302.2594904
304.4028711
306.3185623
309.165098
311.570819
310.8708494
305.5987798
300.4392133
298.1096775
297.2118535
296.9707627
296.8795344
297.0810541
297.8507275
299.3729569
301.5992784
304.2784699
307.043892
311.2162573
311.7713689
312.019012
310.1252311
303.1669018
298.9714608
297.7059088
297.6245615
297.399243
297.2392199
297.8579522
299.596521
302.8763222
306.8982894
309.7704716
312.3411194
312.4514098
312.5539631
311.5023422
305.9279721
301.0356959
299.1601703
299.013888
298.5311214
297.8986785
298.7007894
301.6115868
307.2408512
310.5310954
311.4159691
312.7240713
312.5188051
312.7265188
312.1392098
309.5518245
305.3387403
302.0408747
301.1539829
300.2687598
299.4210092
301.1924548
306.5430456
311.1059936
311.8708172
312.2624761
312.456865
312.4197621
312.7510816
312.5725487
311.8004709
310.008094
305.6794276
303.6773074
302.4012514
302.0012968
305.5398269
310.99812
312.4906054
312.510558
312.592324
312.6166362
312.1595409
312.5680425
312.7603077
312.8407051
312.427411
309.9763011
306.2181911
304.6667608
304.8289696
309.8136065
312.3346551
312.9427758
312.8908497
312.7658322
312.7593201
311.7921126
311.9101162
312.5787631
312.9761744
313.1287904
311.9010823
309.1113904
307.9581
309.1747929
310.874331
312.1095341
312.9780357
312.9302607
312.6215451
312.551364
311.285859
310.7986995
310.594759
308.7579811
306.8508913
306.9073388
308.1252036
308.6943283
308.5626296
309.101619
309.6448323
309.6307652
310.4269243
311.3507314
311.2909675
311.2196775
310.7549822
310.5363313
308.6341478
304.8517833
303.5993701
304.2103214
305.2839057
305.8962785
308.8054961
310.7129164
310.2553744
310.597864
311.3270218
311.5406213
310.6261497
310.1577112
309.6550756
307.0207313
302.820311
301.2050938
301.6280856
302.8893011
303.4905047
307.032509
310.9234753
311.4584842
311.4737908
311.8738734
311.6042623
310.3489381
309.6663917
307.625421
303.7137063
299.9434611
298.960887
299.4218508
300.4720972
300.6092692
303.3187672
309.5168233
311.682256
312.0185968
311.7809435
310.6487902
308.4221614
306.1057587
303.5213713
300.3450517
298.3022241
297.7082765
297.8899609
298.5007961
298.5453838
299.9272797
305.061705
310.2259156
311.2867575
310.9995361
310.368315
306.1316219
303.5977766
301.4085553
299.1501767
297.7596199
297.2048189
297.1006833
297.3397123
297.4896033
298.329286
300.8553901
305.2800444
307.8333459
308.5984958
309.8467026
307.2217111
304.0610943
302.116405
299.9559786
298.1237226
297.1219361
296.8226005
296.8494982
297.2025588
298.0565547
299.8224518
302.500551
305.0593864
307.2777695
310.229628
309.6615058
306.4966278
303.0080175
300.4059732
298.4602003
297.2485362
296.7672487
296.7303639
297.2327774
298.3515106
300.105934
302.3000358
304.6994732
307.6458041
312.0495119
311.2605814
310.8776461
305.6576105
300.3592631
298.0751703
297.2029709
296.9521994
296.8663232
297.0715777
297.8634775
299.482444
301.9909556
305.5989507
310.4623096
312.691156
311.5541133
311.9188357
310.659434
303.6051636
298.9065457
297.6810896
297.5654732
297.3499072
297.2178525
297.8705045
299.7101099
303.2581785
308.1274283
311.6037709
312.8082584
312.3837102
312.525057
311.695786
306.0710126
300.7404014
298.9234503
298.8287553
298.3586576
297.7507758
298.5208891
301.3636075
306.9734484
310.8626798
312.2047275
312.3227309
312.6789049
312.7603519
311.9823941
308.5910976
304.0500553
301.3458793
300.7354254
299.8919871
298.9212865
300.1726279
304.7902664
310.2660428
311.9195005
312.3122731
312.0637834
312.7772415
312.7982702
312.2911203
310.6636863
308.0819439
304.3364852
303.1013841
301.8838886
300.9203063
303.1207055
308.5633524
311.7117872
312.4527896
312.4986853
312.4532524
312.7862478
312.7859716
312.6652938
312.2095298
311.2198605
308.4131785
305.2428332
303.7705202
303.3579375
306.9876499
310.7591938
312.517806
312.7664012
312.5886327
312.547368
312.333951
312.7130903
312.6965991
312.7929268
312.5352638
310.9697577
308.3549007
307.0990737
306.8709523
308.6013268
311.6767675
312.6322693
312.5536329
312.1149058
312.1146039
311.4156073
310.9726673
310.3005514
309.8977008
308.0727618
307.7542542
308.5689015
308.8631637
308.2957724
308.0429247
308.1854799
308.2103179
309.9491507
311.1204367
311.1180649
311.2830366
311.0574114
310.4651452
309.6167389
305.703377
303.9495092
304.297632
304.8252483
304.619631
305.7539914
308.1157823
308.7248634
310.4202337
311.1916934
311.401624
311.1400622
310.8917625
310.1307133
308.2821656
303.6864825
301.4898119
301.6290851
302.2668049
302.4737499
303.8278156
307.302644
309.7848761
310.4026845
311.1810873
311.1241948
310.2969058
310.310653
309.222914
305.1376278
300.4988839
299.1087625
299.3529851
299.9793593
300.0349059
300.9341748
304.4403607
309.3044094
310.3611604
309.9933467
309.3422141
309.6639777
308.5744201
305.5790972
301.0157598
298.5421555
297.7636071
297.8466817
298.2432242
298.2157486
298.7553279
301.2325307
305.737209
308.0623527
308.2928481
309.2157037
306.69537
304.2535391
301.7320334
299.2289642
297.7917479
297.2140822
297.0788568
297.2189638
297.3281112
297.9433852
299.752287
302.9332021
305.5411499
307.2957568
309.5403644
306.1148391
303.690803
301.8540236
299.744129
298.0894452
297.1237251
296.8099056
296.7902428
297.1277338
297.9797795
299.6951087
302.0987472
304.8856026
308.0545501
310.804167
307.1183186
304.8715055
302.2900861
300.1732921
298.3769644
297.2231899
296.7589087
296.7078827
297.1923647
298.2802299
300.0921295
302.743241
306.9926747
311.332459
312.1590769
309.7824311
308.9216278
303.9916059
299.9045484
297.9615027
297.1636288
296.9391265
296.8690819
297.0579167
297.9208976
299.9043971
303.8313285
310.3860978
312.3188972
312.4439792
311.1040506
311.2714614
309.1375724
302.4002637
298.5266715
297.6100361
297.5445686
297.3504258
297.2256443
297.9979432
300.2737905
305.9284185
311.4881302
312.463041
312.5761165
312.0563461
312.1036611
310.6343225
304.9473792
299.8755063
298.7377113
298.7117152
298.2645441
297.7415994
298.6156456
301.7738618
308.3275446
311.8662516
312.0769013
311.9221884
312.4891164
312.1595793
310.682198
306.1225174
301.8123502
300.5679632
300.293629
299.5338262
298.7630734
300.0585454
305.0505804
310.6527119
312.0998574
311.7961286
311.5676608
312.5169545
312.0779313
310.8372344
307.4801147
304.2874361
302.759716
302.2858501
301.1475272
300.3545092
302.2051522
307.9871927
311.7327505
312.4602876
312.011454
311.8966331
312.5125482
312.2828794
311.555065
309.9060226
307.7895176
305.378308
303.4710346
302.4905535
302.1888579
305.8131441
310.2898354
312.4480153
312.4419257
312.1194718
311.9798585
312.0464417
312.3526343
312.2272074
311.7680512
310.5170368
307.9662305
305.943713
304.7821349
304.3679028
307.7240011
311.4881044
312.4379786
311.8325816
311.6519478
311.6011385
311.4743662
310.9445641
310.4675389
309.870831
309.2709894
309.3257253
309.711615
309.5713762
308.2971996
306.9583362
306.7407677
307.6931299
310.1609867
310.9393778
310.7544259
311.2671101
310.9066488
310.6606444
310.0962846
308.4998432
306.8354351
306.2077518
305.3914549
304.4107601
304.4489584
305.3998699
307.6904646
310.2703136
310.9335588
311.0592442
311.0122782
310.9727435
310.7067185
309.8577381
307.3881878
304.2180343
302.4907074
302.3549909
302.197857
302.4719059
303.7563374
306.2245512
308.8489111
310.6459157
311.1419004
310.2294685
310.3082038
309.9651858
308.5875675
304.2231308
300.6233108
299.7067568
299.9514456
299.8765816
299.9360698
301.181957
304.3352836
306.8145883
308.3165198
308.7633084
309.9844038
309.7058506
308.6643496
304.9439574
300.1989661
298.3738764
297.9968947
298.2274125
298.1225089
298.2392394
299.4204665
302.3791696
304.9377558
306.300627
307.4936517
308.6786766
307.2724147
304.4055348
300.2628568
298.2337015
297.4054309
297.1256573
297.191594
297.2422123
297.6691694
298.9663763
301.5651914
304.2636098
306.2466538
308.4160263
306.254746
304.1894159
302.3222219
299.8748872
298.1866905
297.192151
296.8138292
296.7621862
297.0456449
297.8362015
299.4455921
301.7980097
304.9730235
308.2547598
310.4484354
306.0498806
304.0326382
301.9990058
300.0030159
298.300989
297.2073643
296.7587463
296.6841002
297.091412
298.1359716
300.0318441
303.4725256
309.462386
311.6501347
311.7357062
307.1869635
305.6709423
302.6328103
299.2455531
297.7024035
297.1283545
296.9530277
296.8921898
297.034218
297.9117558
300.5585651
307.7251651
311.9048918
312.2238227
312.1717612
309.9606101
309.1683315
304.2543864
299.7313386
298.0457919
297.6421085
297.6097448
297.4219955
297.2666851
298.1818663
302.4916585
310.0267433
312.1756696
312.2916267
312.3085071
310.7662158
308.7188591
305.3111909
301.3108573
299.3476605
298.8485863
298.8395891
298.3916039
297.846928
298.8111995
303.6576542
310.6733426
312.1133254
311.6587584
311.4905205
309.3997656
307.568572
305.6086484
302.62736
301.1581744
300.6129746
300.4058349
299.6754173
298.9142833
300.0729752
304.8460384
310.8303534
312.2333422
311.5401381
311.0546883
309.6229646
308.2723115
306.6675877
304.4614743
303.198982
302.5857253
302.2547926
301.1792613
300.4565202
301.8016872
306.2588854
311.2634498
312.3075996
312.0109441
311.3123597
310.4470486
309.9935385
308.1548487
306.4930639
305.0271361
303.9740194
303.0288214
302.2841413
301.9129819
303.628856
307.9964971
311.6092008
312.0220167
311.8996692
311.592143
310.9368783
310.4241083
309.7133629
308.5279821
306.9638548
305.2369735
304.044876
303.400556
303.0841207
305.0498663
308.6340568
310.8796325
311.1687904
311.3375494
311.3617742
311.4959431
310.9404863
310.3555777
308.7429487
308.9614009
309.7209389
310.1621527
309.7485001
307.7559075
305.7602592
306.2265078
308.4562994
310.6320109
310.8001763
310.4508119
311.2907246
310.7460242
310.4124786
309.5678124
309.1012764
309.1299389
308.9356933
307.6502819
304.5854201
303.9875982
304.9480136
307.8870589
310.3586684
310.8435314
310.8802858
310.9532891
310.7556735
310.5334642
309.7733515
308.9933762
308.289277
306.6297734
303.9713568
302.3292284
302.0455955
302.8214657
305.351543
308.6954208
310.6679651
311.2853287
310.3155209
309.9559962
309.4530829
309.1061899
308.0180331
306.0176049
302.6489091
300.636724
299.9239404
299.6390121
300.1613277
302.1960237
305.7293579
308.238982
309.3646896
309.4754951
309.2034052
308.968981
307.9309633
305.439205
302.1049006
299.2334041
298.3491751
298.0978636
298.0153781
298.6330399
300.4838822
303.3167207
305.363297
306.9175103
308.8879195
308.2399984
306.9929318
304.052855
300.7144599
298.3805428
297.275538
297.1551977
297.1829549
297.5033248
298.4154363
300.3530958
302.7956692
304.723144
306.4496639
306.8289903
305.4022502
303.2950807
300.3430238
298.3466646
297.2494145
296.8196995
296.7330898
296.9212768
297.6020659
299.1778929
301.3685117
304.6216604
307.5320162
308.6784245
305.369516
303.7448625
301.7408526
299.653872
297.9912212
297.1684623
296.7875715
296.7073035
296.9576353
297.7367007
299.6644847
303.0612514
309.0016945
311.0991404
310.6077394
305.9370161
304.0988751
300.2499011
298.4626965
297.6242267
297.2229387
297.1273373
297.0803563
297.10341
297.718455
300.1043464
307.2222559
311.663068
311.8958294
311.5852525
306.6744888
303.6045278
300.6975694
299.0720503
298.2555117
298.0651739
298.1579766
298.0330603
297.6915131
298.3298484
301.486626
309.3503702
311.9840517
312.0320894
311.8111785
306.0876095
304.8762214
302.9258907
300.9873189
300.0081378
299.8470053
300.0634937
299.9580039
299.3313567
299.6394254
302.3783574
309.2837033
311.7486116
311.7663564
311.2391778
308.0436114
307.4765906
305.1456839
303.2330636
302.4729937
302.3595497
302.7718149
303.113506
302.9954749
302.1327071
303.7747991
307.8135415
311.1467789
311.5856274
311.1880615
310.3134361
309.4552164
307.5312983
305.7183994
304.9401392
304.7080897
304.7820082
304.9544533
304.8681696
304.9187685
306.0067293
308.179347
310.2189151
311.4477419
311.3958934
311.5525657
310.9857263
309.607811
307.7966662
306.5208692
305.8960658
305.612977
305.846633
305.8701162
306.230237
307.3207633
308.8365337
309.4431355
310.3097605
310.9427231
311.9654988
311.5366105
310.6675525
309.2663315
307.6156931
306.6198047
306.3336455
306.7345632
306.8761921
307.6766999
308.8490292
309.3880778
309.5052312
309.6916025
310.342019
311.4990064
310.917834
310.3504353
308.5527122
307.4910865
309.1748148
309.8153429
308.6828873
305.8493867
305.9037985
307.7560968
310.1276119
310.4558039
309.9089076
309.4499681
311.2994459
310.5425577
310.0698562
308.9729296
307.9920898
308.8491005
309.2304495
307.5772399
304.3616151
304.4050375
306.5768332
309.5585454
310.4701974
310.5906963
310.8872583
311.0290225
310.6339419
310.2903567
309.1652922
308.3972746
308.8329632
308.0528451
304.5201786
302.2736924
302.2365527
303.7332761
306.9674843
309.883038
311.0041323
311.4174986
310.5436571
310.1663138
309.5986493
308.5354848
308.2288685
307.7526829
304.5654038
300.813092
299.9134649
299.7102003
300.463796
302.8864946
306.6680419
309.3020081
310.8359727
309.724045
308.8434684
308.1536751
307.9043908
306.5884251
303.477391
299.3527578
298.1975738
298.0131755
297.9884082
298.5769035
300.3017735
303.5492068
305.9769407
307.862507
308.4907501
307.78397
306.7792789
304.1379334
300.7748656
298.3425132
297.2347868
297.0492722
297.0918699
297.3783917
298.124532
299.6780937
302.161824
304.184831
306.2432286
306.580361
305.0671629
302.7002825
299.8698839
298.2167195
297.3097781
296.9132509
296.8037206
296.9199192
297.3472285
298.513932
300.2895469
302.9969829
304.8775258
306.6814444
304.0478173
302.6845456
300.6385593
298.989615
298.0416285
297.5431947
297.3712975
297.2742584
297.232829
297.5526021
298.6604026
301.3384886
306.1310075
308.0780833
307.816423
303.0078776
301.6129804
299.937269
299.1681148
298.874126
298.972526
299.2081166
299.1993811
298.6542311
298.2795703
299.2260406
303.8259107
309.1041707
310.0024256
309.2538151
303.6111865
303.158507
302.4942729
302.1127877
302.008571
302.3270835
302.8643913
303.0723672
302.3235603
300.79161
301.5967277
305.8347273
309.870648
310.8484057
310.0207332
307.0138865
308.2584778
308.103607
306.9405833
306.5094874
306.6293923
307.1246832
307.7020498
307.6101295
306.0725091
304.3561244
306.1065713
309.4900601
310.9899376
310.4026783
310.8526868
311.5181102
310.9396797
310.0262721
309.4324078
309.3101515
309.5214531
309.8970083
310.2555444
309.8138288
307.6262205
307.8039926
308.6813706
310.5467265
310.6193059
311.4140924
311.9632663
311.7071157
311.0773503
310.5240529
310.2239686
310.033037
310.079825
310.1792603
310.2785457
309.926288
309.0921155
309.1964199
309.8297384
310.6164475
311.9218742
312.0184948
311.6993414
311.1077861
310.6148251
310.3610634
310.1542538
310.1713056
310.2099977
310.2324908
310.1808061
309.8894572
309.3908999
309.4238628
309.7931554
312.1660851
311.7878409
311.3219773
311.1227009
310.58151
310.3083886
310.3415623
310.3905826
310.3688236
310.2977185
310.2181251
310.0450871
309.490277
309.2937243
309.4135191
)
;

boundaryField
{
    wall
    {
        type            zeroGradient;
    }
    inlet
    {
        type            fixedValue;
        value           uniform 300;
    }
    outlet
    {
        type            zeroGradient;
    }
}


// ************************************************************************* //
