/*--------------------------------*- C++ -*----------------------------------*\
| =========                 |                                                 |
| \\      /  F ield         | OpenFOAM: The Open Source CFD Toolbox           |
|  \\    /   O peration     | Version:  2406                                  |
|   \\  /    A nd           | Website:  www.openfoam.com                      |
|    \\/     M anipulation  |                                                 |
\*---------------------------------------------------------------------------*/
FoamFile
{
    version     2.0;
    format      ascii;
    arch        "LSB;label=32;scalar=64";
    class       faceList;
    location    "constant/polyMesh";
    object      faces;
}
// * * * * * * * * * * * * * * * * * * * * * * * * * * * * * * * * * * * * * //


14748
(
4(1029 1044 1045 1030)
4(1026 1027 1042 1041)
4(1026 1041 1044 1029)
4(1041 1042 1045 1044)
4(1032 1047 1048 1033)
4(1029 1044 1047 1032)
4(1044 1045 1048 1047)
4(1650 1651 1663 1662)
4(1650 1662 1041 1026)
4(1662 1663 1042 1041)
4(1028 1043 1044 1029)
4(1025 1026 1041 1040)
4(1025 1040 1043 1028)
4(1040 1041 1044 1043)
4(1044 1059 1060 1045)
4(1041 1042 1057 1056)
4(1041 1056 1059 1044)
4(1056 1057 1060 1059)
4(1035 1050 1051 1036)
4(1032 1047 1050 1035)
4(1047 1048 1051 1050)
4(1031 1046 1047 1032)
4(1028 1043 1046 1031)
4(1043 1044 1047 1046)
4(1047 1062 1063 1048)
4(1044 1059 1062 1047)
4(1059 1060 1063 1062)
4(1647 1648 1660 1659)
4(1647 1659 1662 1650)
4(1659 1660 1663 1662)
4(1649 1650 1662 1661)
4(1649 1661 1040 1025)
4(1661 1662 1041 1040)
4(1662 1663 1675 1674)
4(1662 1674 1056 1041)
4(1674 1675 1057 1056)
4(9 34 1043 1028)
4(4 1025 1040 29)
4(4 29 34 9)
4(29 1040 1043 34)
4(1043 1058 1059 1044)
4(1040 1041 1056 1055)
4(1040 1055 1058 1043)
4(1055 1056 1059 1058)
4(1059 1074 1075 1060)
4(1056 1057 1072 1071)
4(1056 1071 1074 1059)
4(1071 1072 1075 1074)
4(1035 1050 1053 1038)
4(1050 1051 1054 1053)
4(1034 1049 1050 1035)
4(1031 1046 1049 1034)
4(1046 1047 1050 1049)
4(1050 1065 1066 1051)
4(1047 1062 1065 1050)
4(1062 1063 1066 1065)
4(14 39 1046 1031)
4(9 34 39 14)
4(34 1043 1046 39)
4(1046 1061 1062 1047)
4(1043 1058 1061 1046)
4(1058 1059 1062 1061)
4(1062 1077 1078 1063)
4(1059 1074 1077 1062)
4(1074 1075 1078 1077)
4(1644 1645 1657 1656)
4(1644 1656 1659 1647)
4(1656 1657 1660 1659)
4(1646 1647 1659 1658)
4(1646 1658 1661 1649)
4(1658 1659 1662 1661)
4(1659 1660 1672 1671)
4(1659 1671 1674 1662)
4(1671 1672 1675 1674)
4(3 28 29 4)
4(3 1649 1661 28)
4(28 1661 1040 29)
4(1661 1662 1674 1673)
4(1661 1673 1055 1040)
4(1673 1674 1056 1055)
4(1674 1675 1687 1686)
4(1674 1686 1071 1056)
4(1686 1687 1072 1071)
4(8 33 34 9)
4(3 28 33 8)
4(28 29 34 33)
4(34 59 1058 1043)
4(29 1040 1055 54)
4(29 54 59 34)
4(54 1055 1058 59)
4(1058 1073 1074 1059)
4(1055 1056 1071 1070)
4(1055 1070 1073 1058)
4(1070 1071 1074 1073)
4(1074 1089 1090 1075)
4(1071 1072 1087 1086)
4(1071 1086 1089 1074)
4(1086 1087 1090 1089)
4(1034 1049 1052 1037)
4(1049 1050 1053 1052)
4(1050 1065 1068 1053)
4(1065 1066 1069 1068)
4(19 44 1049 1034)
4(14 39 44 19)
4(39 1046 1049 44)
4(1049 1064 1065 1050)
4(1046 1061 1064 1049)
4(1061 1062 1065 1064)
4(1065 1080 1081 1066)
4(1062 1077 1080 1065)
4(1077 1078 1081 1080)
4(13 38 39 14)
4(8 33 38 13)
4(33 34 39 38)
4(39 64 1061 1046)
4(34 59 64 39)
4(59 1058 1061 64)
4(1061 1076 1077 1062)
4(1058 1073 1076 1061)
4(1073 1074 1077 1076)
4(1077 1092 1093 1078)
4(1074 1089 1092 1077)
4(1089 1090 1093 1092)
4(1641 1653 1656 1644)
4(1653 1654 1657 1656)
4(1643 1644 1656 1655)
4(1643 1655 1658 1646)
4(1655 1656 1659 1658)
4(1656 1657 1669 1668)
4(1656 1668 1671 1659)
4(1668 1669 1672 1671)
4(2 27 28 3)
4(2 1646 1658 27)
4(27 1658 1661 28)
4(1658 1659 1671 1670)
4(1658 1670 1673 1661)
4(1670 1671 1674 1673)
4(1671 1672 1684 1683)
4(1671 1683 1686 1674)
4(1683 1684 1687 1686)
4(28 53 54 29)
4(28 1661 1673 53)
4(53 1673 1055 54)
4(1673 1674 1686 1685)
4(1673 1685 1070 1055)
4(1685 1686 1071 1070)
4(1686 1687 1699 1698)
4(1686 1698 1086 1071)
4(1698 1699 1087 1086)
4(7 32 33 8)
4(2 27 32 7)
4(27 28 33 32)
4(33 58 59 34)
4(28 53 58 33)
4(53 54 59 58)
4(59 84 1073 1058)
4(54 1055 1070 79)
4(54 79 84 59)
4(79 1070 1073 84)
4(1073 1088 1089 1074)
4(1070 1071 1086 1085)
4(1070 1085 1088 1073)
4(1085 1086 1089 1088)
4(1089 1104 1105 1090)
4(1086 1087 1102 1101)
4(1086 1101 1104 1089)
4(1101 1102 1105 1104)
4(19 44 49 24)
4(44 1049 1052 49)
4(1049 1064 1067 1052)
4(1064 1065 1068 1067)
4(1065 1080 1083 1068)
4(1080 1081 1084 1083)
4(18 43 44 19)
4(13 38 43 18)
4(38 39 44 43)
4(44 69 1064 1049)
4(39 64 69 44)
4(64 1061 1064 69)
4(1064 1079 1080 1065)
4(1061 1076 1079 1064)
4(1076 1077 1080 1079)
4(1080 1095 1096 1081)
4(1077 1092 1095 1080)
4(1092 1093 1096 1095)
4(12 37 38 13)
4(7 32 37 12)
4(32 33 38 37)
4(38 63 64 39)
4(33 58 63 38)
4(58 59 64 63)
4(64 89 1076 1061)
4(59 84 89 64)
4(84 1073 1076 89)
4(1076 1091 1092 1077)
4(1073 1088 1091 1076)
4(1088 1089 1092 1091)
4(1092 1107 1108 1093)
4(1089 1104 1107 1092)
4(1104 1105 1108 1107)
4(1640 1652 1655 1643)
4(1652 1653 1656 1655)
4(1653 1665 1668 1656)
4(1665 1666 1669 1668)
4(1 26 27 2)
4(1 1643 1655 26)
4(26 1655 1658 27)
4(1655 1656 1668 1667)
4(1655 1667 1670 1658)
4(1667 1668 1671 1670)
4(1668 1669 1681 1680)
4(1668 1680 1683 1671)
4(1680 1681 1684 1683)
4(27 52 53 28)
4(27 1658 1670 52)
4(52 1670 1673 53)
4(1670 1671 1683 1682)
4(1670 1682 1685 1673)
4(1682 1683 1686 1685)
4(1683 1684 1696 1695)
4(1683 1695 1698 1686)
4(1695 1696 1699 1698)
4(53 78 79 54)
4(53 1673 1685 78)
4(78 1685 1070 79)
4(1685 1686 1698 1697)
4(1685 1697 1085 1070)
4(1697 1698 1086 1085)
4(1698 1699 1711 1710)
4(1698 1710 1101 1086)
4(1710 1711 1102 1101)
4(6 31 32 7)
4(1 26 31 6)
4(26 27 32 31)
4(32 57 58 33)
4(27 52 57 32)
4(52 53 58 57)
4(58 83 84 59)
4(53 78 83 58)
4(78 79 84 83)
4(84 109 1088 1073)
4(79 1070 1085 104)
4(79 104 109 84)
4(104 1085 1088 109)
4(1088 1103 1104 1089)
4(1085 1086 1101 1100)
4(1085 1100 1103 1088)
4(1100 1101 1104 1103)
4(1104 1119 1120 1105)
4(1101 1102 1117 1116)
4(1101 1116 1119 1104)
4(1116 1117 1120 1119)
4(18 43 48 23)
4(43 44 49 48)
4(44 69 74 49)
4(69 1064 1067 74)
4(1064 1079 1082 1067)
4(1079 1080 1083 1082)
4(1080 1095 1098 1083)
4(1095 1096 1099 1098)
4(17 42 43 18)
4(12 37 42 17)
4(37 38 43 42)
4(43 68 69 44)
4(38 63 68 43)
4(63 64 69 68)
4(69 94 1079 1064)
4(64 89 94 69)
4(89 1076 1079 94)
4(1079 1094 1095 1080)
4(1076 1091 1094 1079)
4(1091 1092 1095 1094)
4(1095 1110 1111 1096)
4(1092 1107 1110 1095)
4(1107 1108 1111 1110)
4(11 36 37 12)
4(6 31 36 11)
4(31 32 37 36)
4(37 62 63 38)
4(32 57 62 37)
4(57 58 63 62)
4(63 88 89 64)
4(58 83 88 63)
4(83 84 89 88)
4(89 114 1091 1076)
4(84 109 114 89)
4(109 1088 1091 114)
4(1091 1106 1107 1092)
4(1088 1103 1106 1091)
4(1103 1104 1107 1106)
4(1107 1122 1123 1108)
4(1104 1119 1122 1107)
4(1119 1120 1123 1122)
4(0 25 26 1)
4(25 1652 1655 26)
4(1652 1664 1667 1655)
4(1664 1665 1668 1667)
4(1665 1677 1680 1668)
4(1677 1678 1681 1680)
4(26 51 52 27)
4(26 1655 1667 51)
4(51 1667 1670 52)
4(1667 1668 1680 1679)
4(1667 1679 1682 1670)
4(1679 1680 1683 1682)
4(1680 1681 1693 1692)
4(1680 1692 1695 1683)
4(1692 1693 1696 1695)
4(52 77 78 53)
4(52 1670 1682 77)
4(77 1682 1685 78)
4(1682 1683 1695 1694)
4(1682 1694 1697 1685)
4(1694 1695 1698 1697)
4(1695 1696 1708 1707)
4(1695 1707 1710 1698)
4(1707 1708 1711 1710)
4(78 103 104 79)
4(78 1685 1697 103)
4(103 1697 1085 104)
4(1697 1698 1710 1709)
4(1697 1709 1100 1085)
4(1709 1710 1101 1100)
4(1710 1711 1723 1722)
4(1710 1722 1116 1101)
4(1722 1723 1117 1116)
4(5 30 31 6)
4(25 26 31 30)
4(31 56 57 32)
4(26 51 56 31)
4(51 52 57 56)
4(57 82 83 58)
4(52 77 82 57)
4(77 78 83 82)
4(83 108 109 84)
4(78 103 108 83)
4(103 104 109 108)
4(109 134 1103 1088)
4(104 1085 1100 129)
4(104 129 134 109)
4(129 1100 1103 134)
4(1103 1118 1119 1104)
4(1100 1101 1116 1115)
4(1100 1115 1118 1103)
4(1115 1116 1119 1118)
4(1119 1134 1135 1120)
4(1116 1117 1132 1131)
4(1116 1131 1134 1119)
4(1131 1132 1135 1134)
4(17 42 47 22)
4(42 43 48 47)
4(43 68 73 48)
4(68 69 74 73)
4(69 94 99 74)
4(94 1079 1082 99)
4(1079 1094 1097 1082)
4(1094 1095 1098 1097)
4(1095 1110 1113 1098)
4(1110 1111 1114 1113)
4(16 41 42 17)
4(11 36 41 16)
4(36 37 42 41)
4(42 67 68 43)
4(37 62 67 42)
4(62 63 68 67)
4(68 93 94 69)
4(63 88 93 68)
4(88 89 94 93)
4(94 119 1094 1079)
4(89 114 119 94)
4(114 1091 1094 119)
4(1094 1109 1110 1095)
4(1091 1106 1109 1094)
4(1106 1107 1110 1109)
4(1110 1125 1126 1111)
4(1107 1122 1125 1110)
4(1122 1123 1126 1125)
4(10 35 36 11)
4(30 31 36 35)
4(36 61 62 37)
4(31 56 61 36)
4(56 57 62 61)
4(62 87 88 63)
4(57 82 87 62)
4(82 83 88 87)
4(88 113 114 89)
4(83 108 113 88)
4(108 109 114 113)
4(114 139 1106 1091)
4(109 134 139 114)
4(134 1103 1106 139)
4(1106 1121 1122 1107)
4(1103 1118 1121 1106)
4(1118 1119 1122 1121)
4(1122 1137 1138 1123)
4(1119 1134 1137 1122)
4(1134 1135 1138 1137)
4(25 50 51 26)
4(50 1664 1667 51)
4(1664 1676 1679 1667)
4(1676 1677 1680 1679)
4(1677 1689 1692 1680)
4(1689 1690 1693 1692)
4(51 76 77 52)
4(51 1667 1679 76)
4(76 1679 1682 77)
4(1679 1680 1692 1691)
4(1679 1691 1694 1682)
4(1691 1692 1695 1694)
4(1692 1693 1705 1704)
4(1692 1704 1707 1695)
4(1704 1705 1708 1707)
4(77 102 103 78)
4(77 1682 1694 102)
4(102 1694 1697 103)
4(1694 1695 1707 1706)
4(1694 1706 1709 1697)
4(1706 1707 1710 1709)
4(1707 1708 1720 1719)
4(1707 1719 1722 1710)
4(1719 1720 1723 1722)
4(103 128 129 104)
4(103 1697 1709 128)
4(128 1709 1100 129)
4(1709 1710 1722 1721)
4(1709 1721 1115 1100)
4(1721 1722 1116 1115)
4(1722 1723 1735 1734)
4(1722 1734 1131 1116)
4(1734 1735 1132 1131)
4(30 55 56 31)
4(50 51 56 55)
4(56 81 82 57)
4(51 76 81 56)
4(76 77 82 81)
4(82 107 108 83)
4(77 102 107 82)
4(102 103 108 107)
4(108 133 134 109)
4(103 128 133 108)
4(128 129 134 133)
4(134 159 1118 1103)
4(129 1100 1115 154)
4(129 154 159 134)
4(154 1115 1118 159)
4(1118 1133 1134 1119)
4(1115 1116 1131 1130)
4(1115 1130 1133 1118)
4(1130 1131 1134 1133)
4(1134 1149 1150 1135)
4(1131 1132 1147 1146)
4(1131 1146 1149 1134)
4(1146 1147 1150 1149)
4(16 41 46 21)
4(41 42 47 46)
4(42 67 72 47)
4(67 68 73 72)
4(68 93 98 73)
4(93 94 99 98)
4(94 119 124 99)
4(119 1094 1097 124)
4(1094 1109 1112 1097)
4(1109 1110 1113 1112)
4(1110 1125 1128 1113)
4(1125 1126 1129 1128)
4(15 40 41 16)
4(35 36 41 40)
4(41 66 67 42)
4(36 61 66 41)
4(61 62 67 66)
4(67 92 93 68)
4(62 87 92 67)
4(87 88 93 92)
4(93 118 119 94)
4(88 113 118 93)
4(113 114 119 118)
4(119 144 1109 1094)
4(114 139 144 119)
4(139 1106 1109 144)
4(1109 1124 1125 1110)
4(1106 1121 1124 1109)
4(1121 1122 1125 1124)
4(1125 1140 1141 1126)
4(1122 1137 1140 1125)
4(1137 1138 1141 1140)
4(35 60 61 36)
4(55 56 61 60)
4(61 86 87 62)
4(56 81 86 61)
4(81 82 87 86)
4(87 112 113 88)
4(82 107 112 87)
4(107 108 113 112)
4(113 138 139 114)
4(108 133 138 113)
4(133 134 139 138)
4(139 164 1121 1106)
4(134 159 164 139)
4(159 1118 1121 164)
4(1121 1136 1137 1122)
4(1118 1133 1136 1121)
4(1133 1134 1137 1136)
4(1137 1152 1153 1138)
4(1134 1149 1152 1137)
4(1149 1150 1153 1152)
4(50 75 76 51)
4(75 1676 1679 76)
4(1676 1688 1691 1679)
4(1688 1689 1692 1691)
4(1689 1701 1704 1692)
4(1701 1702 1705 1704)
4(76 101 102 77)
4(76 1679 1691 101)
4(101 1691 1694 102)
4(1691 1692 1704 1703)
4(1691 1703 1706 1694)
4(1703 1704 1707 1706)
4(1704 1705 1717 1716)
4(1704 1716 1719 1707)
4(1716 1717 1720 1719)
4(102 127 128 103)
4(102 1694 1706 127)
4(127 1706 1709 128)
4(1706 1707 1719 1718)
4(1706 1718 1721 1709)
4(1718 1719 1722 1721)
4(1719 1720 1732 1731)
4(1719 1731 1734 1722)
4(1731 1732 1735 1734)
4(128 153 154 129)
4(128 1709 1721 153)
4(153 1721 1115 154)
4(1721 1722 1734 1733)
4(1721 1733 1130 1115)
4(1733 1734 1131 1130)
4(1734 1735 1747 1746)
4(1734 1746 1146 1131)
4(1746 1747 1147 1146)
4(55 80 81 56)
4(75 76 81 80)
4(81 106 107 82)
4(76 101 106 81)
4(101 102 107 106)
4(107 132 133 108)
4(102 127 132 107)
4(127 128 133 132)
4(133 158 159 134)
4(128 153 158 133)
4(153 154 159 158)
4(159 184 1133 1118)
4(154 1115 1130 179)
4(154 179 184 159)
4(179 1130 1133 184)
4(1133 1148 1149 1134)
4(1130 1131 1146 1145)
4(1130 1145 1148 1133)
4(1145 1146 1149 1148)
4(1149 1164 1165 1150)
4(1146 1147 1162 1161)
4(1146 1161 1164 1149)
4(1161 1162 1165 1164)
4(40 41 46 45)
4(41 66 71 46)
4(66 67 72 71)
4(67 92 97 72)
4(92 93 98 97)
4(93 118 123 98)
4(118 119 124 123)
4(119 144 149 124)
4(144 1109 1112 149)
4(1109 1124 1127 1112)
4(1124 1125 1128 1127)
4(1125 1140 1143 1128)
4(1140 1141 1144 1143)
4(40 65 66 41)
4(60 61 66 65)
4(66 91 92 67)
4(61 86 91 66)
4(86 87 92 91)
4(92 117 118 93)
4(87 112 117 92)
4(112 113 118 117)
4(118 143 144 119)
4(113 138 143 118)
4(138 139 144 143)
4(144 169 1124 1109)
4(139 164 169 144)
4(164 1121 1124 169)
4(1124 1139 1140 1125)
4(1121 1136 1139 1124)
4(1136 1137 1140 1139)
4(1140 1155 1156 1141)
4(1137 1152 1155 1140)
4(1152 1153 1156 1155)
4(60 85 86 61)
4(80 81 86 85)
4(86 111 112 87)
4(81 106 111 86)
4(106 107 112 111)
4(112 137 138 113)
4(107 132 137 112)
4(132 133 138 137)
4(138 163 164 139)
4(133 158 163 138)
4(158 159 164 163)
4(164 189 1136 1121)
4(159 184 189 164)
4(184 1133 1136 189)
4(1136 1151 1152 1137)
4(1133 1148 1151 1136)
4(1148 1149 1152 1151)
4(1152 1167 1168 1153)
4(1149 1164 1167 1152)
4(1164 1165 1168 1167)
4(75 100 101 76)
4(100 1688 1691 101)
4(1688 1700 1703 1691)
4(1700 1701 1704 1703)
4(1701 1713 1716 1704)
4(1713 1714 1717 1716)
4(101 126 127 102)
4(101 1691 1703 126)
4(126 1703 1706 127)
4(1703 1704 1716 1715)
4(1703 1715 1718 1706)
4(1715 1716 1719 1718)
4(1716 1717 1729 1728)
4(1716 1728 1731 1719)
4(1728 1729 1732 1731)
4(127 152 153 128)
4(127 1706 1718 152)
4(152 1718 1721 153)
4(1718 1719 1731 1730)
4(1718 1730 1733 1721)
4(1730 1731 1734 1733)
4(1731 1732 1744 1743)
4(1731 1743 1746 1734)
4(1743 1744 1747 1746)
4(153 178 179 154)
4(153 1721 1733 178)
4(178 1733 1130 179)
4(1733 1734 1746 1745)
4(1733 1745 1145 1130)
4(1745 1746 1146 1145)
4(1746 1747 1759 1758)
4(1746 1758 1161 1146)
4(1758 1759 1162 1161)
4(80 105 106 81)
4(100 101 106 105)
4(106 131 132 107)
4(101 126 131 106)
4(126 127 132 131)
4(132 157 158 133)
4(127 152 157 132)
4(152 153 158 157)
4(158 183 184 159)
4(153 178 183 158)
4(178 179 184 183)
4(184 209 1148 1133)
4(179 1130 1145 204)
4(179 204 209 184)
4(204 1145 1148 209)
4(1148 1163 1164 1149)
4(1145 1146 1161 1160)
4(1145 1160 1163 1148)
4(1160 1161 1164 1163)
4(1164 1179 1180 1165)
4(1161 1162 1177 1176)
4(1161 1176 1179 1164)
4(1176 1177 1180 1179)
4(65 66 71 70)
4(66 91 96 71)
4(91 92 97 96)
4(92 117 122 97)
4(117 118 123 122)
4(118 143 148 123)
4(143 144 149 148)
4(144 169 174 149)
4(169 1124 1127 174)
4(1124 1139 1142 1127)
4(1139 1140 1143 1142)
4(1140 1155 1158 1143)
4(1155 1156 1159 1158)
4(65 90 91 66)
4(85 86 91 90)
4(91 116 117 92)
4(86 111 116 91)
4(111 112 117 116)
4(117 142 143 118)
4(112 137 142 117)
4(137 138 143 142)
4(143 168 169 144)
4(138 163 168 143)
4(163 164 169 168)
4(169 194 1139 1124)
4(164 189 194 169)
4(189 1136 1139 194)
4(1139 1154 1155 1140)
4(1136 1151 1154 1139)
4(1151 1152 1155 1154)
4(1155 1170 1171 1156)
4(1152 1167 1170 1155)
4(1167 1168 1171 1170)
4(85 110 111 86)
4(105 106 111 110)
4(111 136 137 112)
4(106 131 136 111)
4(131 132 137 136)
4(137 162 163 138)
4(132 157 162 137)
4(157 158 163 162)
4(163 188 189 164)
4(158 183 188 163)
4(183 184 189 188)
4(189 214 1151 1136)
4(184 209 214 189)
4(209 1148 1151 214)
4(1151 1166 1167 1152)
4(1148 1163 1166 1151)
4(1163 1164 1167 1166)
4(1167 1182 1183 1168)
4(1164 1179 1182 1167)
4(1179 1180 1183 1182)
4(100 125 126 101)
4(125 1700 1703 126)
4(1700 1712 1715 1703)
4(1712 1713 1716 1715)
4(1713 1725 1728 1716)
4(1725 1726 1729 1728)
4(126 151 152 127)
4(126 1703 1715 151)
4(151 1715 1718 152)
4(1715 1716 1728 1727)
4(1715 1727 1730 1718)
4(1727 1728 1731 1730)
4(1728 1729 1741 1740)
4(1728 1740 1743 1731)
4(1740 1741 1744 1743)
4(152 177 178 153)
4(152 1718 1730 177)
4(177 1730 1733 178)
4(1730 1731 1743 1742)
4(1730 1742 1745 1733)
4(1742 1743 1746 1745)
4(1743 1744 1756 1755)
4(1743 1755 1758 1746)
4(1755 1756 1759 1758)
4(178 203 204 179)
4(178 1733 1745 203)
4(203 1745 1145 204)
4(1745 1746 1758 1757)
4(1745 1757 1160 1145)
4(1757 1758 1161 1160)
4(1758 1759 1771 1770)
4(1758 1770 1176 1161)
4(1770 1771 1177 1176)
4(105 130 131 106)
4(125 126 131 130)
4(131 156 157 132)
4(126 151 156 131)
4(151 152 157 156)
4(157 182 183 158)
4(152 177 182 157)
4(177 178 183 182)
4(183 208 209 184)
4(178 203 208 183)
4(203 204 209 208)
4(209 234 1163 1148)
4(204 1145 1160 229)
4(204 229 234 209)
4(229 1160 1163 234)
4(1163 1178 1179 1164)
4(1160 1161 1176 1175)
4(1160 1175 1178 1163)
4(1175 1176 1179 1178)
4(1179 1194 1195 1180)
4(1176 1177 1192 1191)
4(1176 1191 1194 1179)
4(1191 1192 1195 1194)
4(90 91 96 95)
4(91 116 121 96)
4(116 117 122 121)
4(117 142 147 122)
4(142 143 148 147)
4(143 168 173 148)
4(168 169 174 173)
4(169 194 199 174)
4(194 1139 1142 199)
4(1139 1154 1157 1142)
4(1154 1155 1158 1157)
4(1155 1170 1173 1158)
4(1170 1171 1174 1173)
4(90 115 116 91)
4(110 111 116 115)
4(116 141 142 117)
4(111 136 141 116)
4(136 137 142 141)
4(142 167 168 143)
4(137 162 167 142)
4(162 163 168 167)
4(168 193 194 169)
4(163 188 193 168)
4(188 189 194 193)
4(194 219 1154 1139)
4(189 214 219 194)
4(214 1151 1154 219)
4(1154 1169 1170 1155)
4(1151 1166 1169 1154)
4(1166 1167 1170 1169)
4(1170 1185 1186 1171)
4(1167 1182 1185 1170)
4(1182 1183 1186 1185)
4(110 135 136 111)
4(130 131 136 135)
4(136 161 162 137)
4(131 156 161 136)
4(156 157 162 161)
4(162 187 188 163)
4(157 182 187 162)
4(182 183 188 187)
4(188 213 214 189)
4(183 208 213 188)
4(208 209 214 213)
4(214 239 1166 1151)
4(209 234 239 214)
4(234 1163 1166 239)
4(1166 1181 1182 1167)
4(1163 1178 1181 1166)
4(1178 1179 1182 1181)
4(1182 1197 1198 1183)
4(1179 1194 1197 1182)
4(1194 1195 1198 1197)
4(125 150 151 126)
4(150 1712 1715 151)
4(1712 1724 1727 1715)
4(1724 1725 1728 1727)
4(1725 1737 1740 1728)
4(1737 1738 1741 1740)
4(151 176 177 152)
4(151 1715 1727 176)
4(176 1727 1730 177)
4(1727 1728 1740 1739)
4(1727 1739 1742 1730)
4(1739 1740 1743 1742)
4(1740 1741 1753 1752)
4(1740 1752 1755 1743)
4(1752 1753 1756 1755)
4(177 202 203 178)
4(177 1730 1742 202)
4(202 1742 1745 203)
4(1742 1743 1755 1754)
4(1742 1754 1757 1745)
4(1754 1755 1758 1757)
4(1755 1756 1768 1767)
4(1755 1767 1770 1758)
4(1767 1768 1771 1770)
4(203 228 229 204)
4(203 1745 1757 228)
4(228 1757 1160 229)
4(1757 1758 1770 1769)
4(1757 1769 1175 1160)
4(1769 1770 1176 1175)
4(1770 1771 1783 1782)
4(1770 1782 1191 1176)
4(1782 1783 1192 1191)
4(130 155 156 131)
4(150 151 156 155)
4(156 181 182 157)
4(151 176 181 156)
4(176 177 182 181)
4(182 207 208 183)
4(177 202 207 182)
4(202 203 208 207)
4(208 233 234 209)
4(203 228 233 208)
4(228 229 234 233)
4(234 259 1178 1163)
4(229 1160 1175 254)
4(229 254 259 234)
4(254 1175 1178 259)
4(1178 1193 1194 1179)
4(1175 1176 1191 1190)
4(1175 1190 1193 1178)
4(1190 1191 1194 1193)
4(1194 1209 1210 1195)
4(1191 1192 1207 1206)
4(1191 1206 1209 1194)
4(1206 1207 1210 1209)
4(115 116 121 120)
4(116 141 146 121)
4(141 142 147 146)
4(142 167 172 147)
4(167 168 173 172)
4(168 193 198 173)
4(193 194 199 198)
4(194 219 224 199)
4(219 1154 1157 224)
4(1154 1169 1172 1157)
4(1169 1170 1173 1172)
4(1170 1185 1188 1173)
4(1185 1186 1189 1188)
4(115 140 141 116)
4(135 136 141 140)
4(141 166 167 142)
4(136 161 166 141)
4(161 162 167 166)
4(167 192 193 168)
4(162 187 192 167)
4(187 188 193 192)
4(193 218 219 194)
4(188 213 218 193)
4(213 214 219 218)
4(219 244 1169 1154)
4(214 239 244 219)
4(239 1166 1169 244)
4(1169 1184 1185 1170)
4(1166 1181 1184 1169)
4(1181 1182 1185 1184)
4(1185 1200 1201 1186)
4(1182 1197 1200 1185)
4(1197 1198 1201 1200)
4(135 160 161 136)
4(155 156 161 160)
4(161 186 187 162)
4(156 181 186 161)
4(181 182 187 186)
4(187 212 213 188)
4(182 207 212 187)
4(207 208 213 212)
4(213 238 239 214)
4(208 233 238 213)
4(233 234 239 238)
4(239 264 1181 1166)
4(234 259 264 239)
4(259 1178 1181 264)
4(1181 1196 1197 1182)
4(1178 1193 1196 1181)
4(1193 1194 1197 1196)
4(1197 1212 1213 1198)
4(1194 1209 1212 1197)
4(1209 1210 1213 1212)
4(150 175 176 151)
4(175 1724 1727 176)
4(1724 1736 1739 1727)
4(1736 1737 1740 1739)
4(1737 1749 1752 1740)
4(1749 1750 1753 1752)
4(176 201 202 177)
4(176 1727 1739 201)
4(201 1739 1742 202)
4(1739 1740 1752 1751)
4(1739 1751 1754 1742)
4(1751 1752 1755 1754)
4(1752 1753 1765 1764)
4(1752 1764 1767 1755)
4(1764 1765 1768 1767)
4(202 227 228 203)
4(202 1742 1754 227)
4(227 1754 1757 228)
4(1754 1755 1767 1766)
4(1754 1766 1769 1757)
4(1766 1767 1770 1769)
4(1767 1768 1780 1779)
4(1767 1779 1782 1770)
4(1779 1780 1783 1782)
4(228 253 254 229)
4(228 1757 1769 253)
4(253 1769 1175 254)
4(1769 1770 1782 1781)
4(1769 1781 1190 1175)
4(1781 1782 1191 1190)
4(1782 1783 1795 1794)
4(1782 1794 1206 1191)
4(1794 1795 1207 1206)
4(155 180 181 156)
4(175 176 181 180)
4(181 206 207 182)
4(176 201 206 181)
4(201 202 207 206)
4(207 232 233 208)
4(202 227 232 207)
4(227 228 233 232)
4(233 258 259 234)
4(228 253 258 233)
4(253 254 259 258)
4(259 284 1193 1178)
4(254 1175 1190 279)
4(254 279 284 259)
4(279 1190 1193 284)
4(1193 1208 1209 1194)
4(1190 1191 1206 1205)
4(1190 1205 1208 1193)
4(1205 1206 1209 1208)
4(1209 1224 1225 1210)
4(1206 1207 1222 1221)
4(1206 1221 1224 1209)
4(1221 1222 1225 1224)
4(140 141 146 145)
4(141 166 171 146)
4(166 167 172 171)
4(167 192 197 172)
4(192 193 198 197)
4(193 218 223 198)
4(218 219 224 223)
4(219 244 249 224)
4(244 1169 1172 249)
4(1169 1184 1187 1172)
4(1184 1185 1188 1187)
4(1185 1200 1203 1188)
4(1200 1201 1204 1203)
4(140 165 166 141)
4(160 161 166 165)
4(166 191 192 167)
4(161 186 191 166)
4(186 187 192 191)
4(192 217 218 193)
4(187 212 217 192)
4(212 213 218 217)
4(218 243 244 219)
4(213 238 243 218)
4(238 239 244 243)
4(244 269 1184 1169)
4(239 264 269 244)
4(264 1181 1184 269)
4(1184 1199 1200 1185)
4(1181 1196 1199 1184)
4(1196 1197 1200 1199)
4(1200 1215 1216 1201)
4(1197 1212 1215 1200)
4(1212 1213 1216 1215)
4(160 185 186 161)
4(180 181 186 185)
4(186 211 212 187)
4(181 206 211 186)
4(206 207 212 211)
4(212 237 238 213)
4(207 232 237 212)
4(232 233 238 237)
4(238 263 264 239)
4(233 258 263 238)
4(258 259 264 263)
4(264 289 1196 1181)
4(259 284 289 264)
4(284 1193 1196 289)
4(1196 1211 1212 1197)
4(1193 1208 1211 1196)
4(1208 1209 1212 1211)
4(1212 1227 1228 1213)
4(1209 1224 1227 1212)
4(1224 1225 1228 1227)
4(175 200 201 176)
4(200 1736 1739 201)
4(1736 1748 1751 1739)
4(1748 1749 1752 1751)
4(1749 1761 1764 1752)
4(1761 1762 1765 1764)
4(201 226 227 202)
4(201 1739 1751 226)
4(226 1751 1754 227)
4(1751 1752 1764 1763)
4(1751 1763 1766 1754)
4(1763 1764 1767 1766)
4(1764 1765 1777 1776)
4(1764 1776 1779 1767)
4(1776 1777 1780 1779)
4(227 252 253 228)
4(227 1754 1766 252)
4(252 1766 1769 253)
4(1766 1767 1779 1778)
4(1766 1778 1781 1769)
4(1778 1779 1782 1781)
4(1779 1780 1792 1791)
4(1779 1791 1794 1782)
4(1791 1792 1795 1794)
4(253 278 279 254)
4(253 1769 1781 278)
4(278 1781 1190 279)
4(1781 1782 1794 1793)
4(1781 1793 1205 1190)
4(1793 1794 1206 1205)
4(1794 1795 1807 1806)
4(1794 1806 1221 1206)
4(1806 1807 1222 1221)
4(180 205 206 181)
4(200 201 206 205)
4(206 231 232 207)
4(201 226 231 206)
4(226 227 232 231)
4(232 257 258 233)
4(227 252 257 232)
4(252 253 258 257)
4(258 283 284 259)
4(253 278 283 258)
4(278 279 284 283)
4(284 309 1208 1193)
4(279 1190 1205 304)
4(279 304 309 284)
4(304 1205 1208 309)
4(1208 1223 1224 1209)
4(1205 1206 1221 1220)
4(1205 1220 1223 1208)
4(1220 1221 1224 1223)
4(1224 1239 1240 1225)
4(1221 1222 1237 1236)
4(1221 1236 1239 1224)
4(1236 1237 1240 1239)
4(165 166 171 170)
4(166 191 196 171)
4(191 192 197 196)
4(192 217 222 197)
4(217 218 223 222)
4(218 243 248 223)
4(243 244 249 248)
4(244 269 274 249)
4(269 1184 1187 274)
4(1184 1199 1202 1187)
4(1199 1200 1203 1202)
4(1200 1215 1218 1203)
4(1215 1216 1219 1218)
4(165 190 191 166)
4(185 186 191 190)
4(191 216 217 192)
4(186 211 216 191)
4(211 212 217 216)
4(217 242 243 218)
4(212 237 242 217)
4(237 238 243 242)
4(243 268 269 244)
4(238 263 268 243)
4(263 264 269 268)
4(269 294 1199 1184)
4(264 289 294 269)
4(289 1196 1199 294)
4(1199 1214 1215 1200)
4(1196 1211 1214 1199)
4(1211 1212 1215 1214)
4(1215 1230 1231 1216)
4(1212 1227 1230 1215)
4(1227 1228 1231 1230)
4(185 210 211 186)
4(205 206 211 210)
4(211 236 237 212)
4(206 231 236 211)
4(231 232 237 236)
4(237 262 263 238)
4(232 257 262 237)
4(257 258 263 262)
4(263 288 289 264)
4(258 283 288 263)
4(283 284 289 288)
4(289 314 1211 1196)
4(284 309 314 289)
4(309 1208 1211 314)
4(1211 1226 1227 1212)
4(1208 1223 1226 1211)
4(1223 1224 1227 1226)
4(1227 1242 1243 1228)
4(1224 1239 1242 1227)
4(1239 1240 1243 1242)
4(200 225 226 201)
4(225 1748 1751 226)
4(1748 1760 1763 1751)
4(1760 1761 1764 1763)
4(1761 1773 1776 1764)
4(1773 1774 1777 1776)
4(226 251 252 227)
4(226 1751 1763 251)
4(251 1763 1766 252)
4(1763 1764 1776 1775)
4(1763 1775 1778 1766)
4(1775 1776 1779 1778)
4(1776 1777 1789 1788)
4(1776 1788 1791 1779)
4(1788 1789 1792 1791)
4(252 277 278 253)
4(252 1766 1778 277)
4(277 1778 1781 278)
4(1778 1779 1791 1790)
4(1778 1790 1793 1781)
4(1790 1791 1794 1793)
4(1791 1792 1804 1803)
4(1791 1803 1806 1794)
4(1803 1804 1807 1806)
4(278 303 304 279)
4(278 1781 1793 303)
4(303 1793 1205 304)
4(1793 1794 1806 1805)
4(1793 1805 1220 1205)
4(1805 1806 1221 1220)
4(1806 1807 1819 1818)
4(1806 1818 1236 1221)
4(1818 1819 1237 1236)
4(205 230 231 206)
4(225 226 231 230)
4(231 256 257 232)
4(226 251 256 231)
4(251 252 257 256)
4(257 282 283 258)
4(252 277 282 257)
4(277 278 283 282)
4(283 308 309 284)
4(278 303 308 283)
4(303 304 309 308)
4(309 334 1223 1208)
4(304 1205 1220 329)
4(304 329 334 309)
4(329 1220 1223 334)
4(1223 1238 1239 1224)
4(1220 1221 1236 1235)
4(1220 1235 1238 1223)
4(1235 1236 1239 1238)
4(1239 1254 1255 1240)
4(1236 1237 1252 1251)
4(1236 1251 1254 1239)
4(1251 1252 1255 1254)
4(190 191 196 195)
4(191 216 221 196)
4(216 217 222 221)
4(217 242 247 222)
4(242 243 248 247)
4(243 268 273 248)
4(268 269 274 273)
4(269 294 299 274)
4(294 1199 1202 299)
4(1199 1214 1217 1202)
4(1214 1215 1218 1217)
4(1215 1230 1233 1218)
4(1230 1231 1234 1233)
4(190 215 216 191)
4(210 211 216 215)
4(216 241 242 217)
4(211 236 241 216)
4(236 237 242 241)
4(242 267 268 243)
4(237 262 267 242)
4(262 263 268 267)
4(268 293 294 269)
4(263 288 293 268)
4(288 289 294 293)
4(294 319 1214 1199)
4(289 314 319 294)
4(314 1211 1214 319)
4(1214 1229 1230 1215)
4(1211 1226 1229 1214)
4(1226 1227 1230 1229)
4(1230 1245 1246 1231)
4(1227 1242 1245 1230)
4(1242 1243 1246 1245)
4(210 235 236 211)
4(230 231 236 235)
4(236 261 262 237)
4(231 256 261 236)
4(256 257 262 261)
4(262 287 288 263)
4(257 282 287 262)
4(282 283 288 287)
4(288 313 314 289)
4(283 308 313 288)
4(308 309 314 313)
4(314 339 1226 1211)
4(309 334 339 314)
4(334 1223 1226 339)
4(1226 1241 1242 1227)
4(1223 1238 1241 1226)
4(1238 1239 1242 1241)
4(1242 1257 1258 1243)
4(1239 1254 1257 1242)
4(1254 1255 1258 1257)
4(225 250 251 226)
4(250 1760 1763 251)
4(1760 1772 1775 1763)
4(1772 1773 1776 1775)
4(1773 1785 1788 1776)
4(1785 1786 1789 1788)
4(251 276 277 252)
4(251 1763 1775 276)
4(276 1775 1778 277)
4(1775 1776 1788 1787)
4(1775 1787 1790 1778)
4(1787 1788 1791 1790)
4(1788 1789 1801 1800)
4(1788 1800 1803 1791)
4(1800 1801 1804 1803)
4(277 302 303 278)
4(277 1778 1790 302)
4(302 1790 1793 303)
4(1790 1791 1803 1802)
4(1790 1802 1805 1793)
4(1802 1803 1806 1805)
4(1803 1804 1816 1815)
4(1803 1815 1818 1806)
4(1815 1816 1819 1818)
4(303 328 329 304)
4(303 1793 1805 328)
4(328 1805 1220 329)
4(1805 1806 1818 1817)
4(1805 1817 1235 1220)
4(1817 1818 1236 1235)
4(1818 1819 1831 1830)
4(1818 1830 1251 1236)
4(1830 1831 1252 1251)
4(230 255 256 231)
4(250 251 256 255)
4(256 281 282 257)
4(251 276 281 256)
4(276 277 282 281)
4(282 307 308 283)
4(277 302 307 282)
4(302 303 308 307)
4(308 333 334 309)
4(303 328 333 308)
4(328 329 334 333)
4(334 359 1238 1223)
4(329 1220 1235 354)
4(329 354 359 334)
4(354 1235 1238 359)
4(1238 1253 1254 1239)
4(1235 1236 1251 1250)
4(1235 1250 1253 1238)
4(1250 1251 1254 1253)
4(1254 1269 1270 1255)
4(1251 1252 1267 1266)
4(1251 1266 1269 1254)
4(1266 1267 1270 1269)
4(215 216 221 220)
4(216 241 246 221)
4(241 242 247 246)
4(242 267 272 247)
4(267 268 273 272)
4(268 293 298 273)
4(293 294 299 298)
4(294 319 324 299)
4(319 1214 1217 324)
4(1214 1229 1232 1217)
4(1229 1230 1233 1232)
4(1230 1245 1248 1233)
4(1245 1246 1249 1248)
4(215 240 241 216)
4(235 236 241 240)
4(241 266 267 242)
4(236 261 266 241)
4(261 262 267 266)
4(267 292 293 268)
4(262 287 292 267)
4(287 288 293 292)
4(293 318 319 294)
4(288 313 318 293)
4(313 314 319 318)
4(319 344 1229 1214)
4(314 339 344 319)
4(339 1226 1229 344)
4(1229 1244 1245 1230)
4(1226 1241 1244 1229)
4(1241 1242 1245 1244)
4(1245 1260 1261 1246)
4(1242 1257 1260 1245)
4(1257 1258 1261 1260)
4(235 260 261 236)
4(255 256 261 260)
4(261 286 287 262)
4(256 281 286 261)
4(281 282 287 286)
4(287 312 313 288)
4(282 307 312 287)
4(307 308 313 312)
4(313 338 339 314)
4(308 333 338 313)
4(333 334 339 338)
4(339 364 1241 1226)
4(334 359 364 339)
4(359 1238 1241 364)
4(1241 1256 1257 1242)
4(1238 1253 1256 1241)
4(1253 1254 1257 1256)
4(1257 1272 1273 1258)
4(1254 1269 1272 1257)
4(1269 1270 1273 1272)
4(250 275 276 251)
4(275 1772 1775 276)
4(1772 1784 1787 1775)
4(1784 1785 1788 1787)
4(1785 1797 1800 1788)
4(1797 1798 1801 1800)
4(276 301 302 277)
4(276 1775 1787 301)
4(301 1787 1790 302)
4(1787 1788 1800 1799)
4(1787 1799 1802 1790)
4(1799 1800 1803 1802)
4(1800 1801 1813 1812)
4(1800 1812 1815 1803)
4(1812 1813 1816 1815)
4(302 327 328 303)
4(302 1790 1802 327)
4(327 1802 1805 328)
4(1802 1803 1815 1814)
4(1802 1814 1817 1805)
4(1814 1815 1818 1817)
4(1815 1816 1828 1827)
4(1815 1827 1830 1818)
4(1827 1828 1831 1830)
4(328 353 354 329)
4(328 1805 1817 353)
4(353 1817 1235 354)
4(1817 1818 1830 1829)
4(1817 1829 1250 1235)
4(1829 1830 1251 1250)
4(1830 1831 1843 1842)
4(1830 1842 1266 1251)
4(1842 1843 1267 1266)
4(255 280 281 256)
4(275 276 281 280)
4(281 306 307 282)
4(276 301 306 281)
4(301 302 307 306)
4(307 332 333 308)
4(302 327 332 307)
4(327 328 333 332)
4(333 358 359 334)
4(328 353 358 333)
4(353 354 359 358)
4(359 384 1253 1238)
4(354 1235 1250 379)
4(354 379 384 359)
4(379 1250 1253 384)
4(1253 1268 1269 1254)
4(1250 1251 1266 1265)
4(1250 1265 1268 1253)
4(1265 1266 1269 1268)
4(1269 1284 1285 1270)
4(1266 1267 1282 1281)
4(1266 1281 1284 1269)
4(1281 1282 1285 1284)
4(240 241 246 245)
4(241 266 271 246)
4(266 267 272 271)
4(267 292 297 272)
4(292 293 298 297)
4(293 318 323 298)
4(318 319 324 323)
4(319 344 349 324)
4(344 1229 1232 349)
4(1229 1244 1247 1232)
4(1244 1245 1248 1247)
4(1245 1260 1263 1248)
4(1260 1261 1264 1263)
4(240 265 266 241)
4(260 261 266 265)
4(266 291 292 267)
4(261 286 291 266)
4(286 287 292 291)
4(292 317 318 293)
4(287 312 317 292)
4(312 313 318 317)
4(318 343 344 319)
4(313 338 343 318)
4(338 339 344 343)
4(344 369 1244 1229)
4(339 364 369 344)
4(364 1241 1244 369)
4(1244 1259 1260 1245)
4(1241 1256 1259 1244)
4(1256 1257 1260 1259)
4(1260 1275 1276 1261)
4(1257 1272 1275 1260)
4(1272 1273 1276 1275)
4(260 285 286 261)
4(280 281 286 285)
4(286 311 312 287)
4(281 306 311 286)
4(306 307 312 311)
4(312 337 338 313)
4(307 332 337 312)
4(332 333 338 337)
4(338 363 364 339)
4(333 358 363 338)
4(358 359 364 363)
4(364 389 1256 1241)
4(359 384 389 364)
4(384 1253 1256 389)
4(1256 1271 1272 1257)
4(1253 1268 1271 1256)
4(1268 1269 1272 1271)
4(1272 1287 1288 1273)
4(1269 1284 1287 1272)
4(1284 1285 1288 1287)
4(275 300 301 276)
4(300 1784 1787 301)
4(1784 1796 1799 1787)
4(1796 1797 1800 1799)
4(1797 1809 1812 1800)
4(1809 1810 1813 1812)
4(301 326 327 302)
4(301 1787 1799 326)
4(326 1799 1802 327)
4(1799 1800 1812 1811)
4(1799 1811 1814 1802)
4(1811 1812 1815 1814)
4(1812 1813 1825 1824)
4(1812 1824 1827 1815)
4(1824 1825 1828 1827)
4(327 352 353 328)
4(327 1802 1814 352)
4(352 1814 1817 353)
4(1814 1815 1827 1826)
4(1814 1826 1829 1817)
4(1826 1827 1830 1829)
4(1827 1828 1840 1839)
4(1827 1839 1842 1830)
4(1839 1840 1843 1842)
4(353 378 379 354)
4(353 1817 1829 378)
4(378 1829 1250 379)
4(1829 1830 1842 1841)
4(1829 1841 1265 1250)
4(1841 1842 1266 1265)
4(1842 1843 1855 1854)
4(1842 1854 1281 1266)
4(1854 1855 1282 1281)
4(280 305 306 281)
4(300 301 306 305)
4(306 331 332 307)
4(301 326 331 306)
4(326 327 332 331)
4(332 357 358 333)
4(327 352 357 332)
4(352 353 358 357)
4(358 383 384 359)
4(353 378 383 358)
4(378 379 384 383)
4(384 409 1268 1253)
4(379 1250 1265 404)
5(379 404 2288 409 384)
5(404 1265 1268 409 2288)
4(1268 1283 1284 1269)
4(1265 1266 1281 1280)
4(1265 1280 1283 1268)
4(1280 1281 1284 1283)
4(1284 1299 1300 1285)
4(1281 1282 1297 1296)
4(1281 1296 1299 1284)
4(1296 1297 1300 1299)
4(265 266 271 270)
4(266 291 296 271)
4(291 292 297 296)
4(292 317 322 297)
4(317 318 323 322)
4(318 343 348 323)
4(343 344 349 348)
4(344 369 374 349)
4(369 1244 1247 374)
4(1244 1259 1262 1247)
4(1259 1260 1263 1262)
4(1260 1275 1278 1263)
4(1275 1276 1279 1278)
4(265 290 291 266)
4(285 286 291 290)
4(291 316 317 292)
4(286 311 316 291)
4(311 312 317 316)
4(317 342 343 318)
4(312 337 342 317)
4(337 338 343 342)
4(343 368 369 344)
4(338 363 368 343)
4(363 364 369 368)
4(369 394 1259 1244)
4(364 389 394 369)
4(389 1256 1259 394)
4(1259 1274 1275 1260)
4(1256 1271 1274 1259)
4(1271 1272 1275 1274)
4(1275 1290 1291 1276)
4(1272 1287 1290 1275)
4(1287 1288 1291 1290)
4(285 310 311 286)
4(305 306 311 310)
4(311 336 337 312)
4(306 331 336 311)
4(331 332 337 336)
4(337 362 363 338)
4(332 357 362 337)
4(357 358 363 362)
4(363 388 389 364)
4(358 383 388 363)
4(383 384 389 388)
4(389 414 1271 1256)
5(384 409 2302 414 389)
5(409 1268 1271 414 2302)
4(1271 1286 1287 1272)
4(1268 1283 1286 1271)
4(1283 1284 1287 1286)
4(1287 1302 1303 1288)
4(1284 1299 1302 1287)
4(1299 1300 1303 1302)
4(300 325 326 301)
4(325 1796 1799 326)
4(1796 1808 1811 1799)
4(1808 1809 1812 1811)
4(1809 1821 1824 1812)
4(1821 1822 1825 1824)
4(326 351 352 327)
4(326 1799 1811 351)
4(351 1811 1814 352)
4(1811 1812 1824 1823)
4(1811 1823 1826 1814)
4(1823 1824 1827 1826)
4(1824 1825 1837 1836)
4(1824 1836 1839 1827)
4(1836 1837 1840 1839)
4(352 377 378 353)
4(352 1814 1826 377)
4(377 1826 1829 378)
4(1826 1827 1839 1838)
4(1826 1838 1841 1829)
4(1838 1839 1842 1841)
4(1839 1840 1852 1851)
4(1839 1851 1854 1842)
4(1851 1852 1855 1854)
5(378 403 2285 404 379)
4(378 1829 1841 403)
5(403 1841 1265 404 2285)
4(1841 1842 1854 1853)
4(1841 1853 1280 1265)
4(1853 1854 1281 1280)
4(1854 1855 1867 1866)
4(1854 1866 1296 1281)
4(1866 1867 1297 1296)
4(305 330 331 306)
4(325 326 331 330)
4(331 356 357 332)
4(326 351 356 331)
4(351 352 357 356)
4(357 382 383 358)
4(352 377 382 357)
4(377 378 383 382)
5(383 408 2299 409 384)
5(378 403 2286 408 383)
4(403 2285 2904 2286)
4(404 2288 2904 2285)
4(408 2286 2904 2299)
4(409 2299 2904 2288)
5(409 2303 434 1283 1268)
5(404 1265 1280 429 2289)
4(404 2289 2932 2288)
4(409 2288 2932 2303)
4(429 2353 2932 2289)
4(434 2303 2932 2353)
5(429 1280 1283 434 2353)
4(1283 1298 1299 1284)
4(1280 1281 1296 1295)
4(1280 1295 1298 1283)
4(1295 1296 1299 1298)
4(1299 1314 1315 1300)
4(1296 1297 1312 1311)
4(1296 1311 1314 1299)
4(1311 1312 1315 1314)
4(290 291 296 295)
4(291 316 321 296)
4(316 317 322 321)
4(317 342 347 322)
4(342 343 348 347)
4(343 368 373 348)
4(368 369 374 373)
4(369 394 399 374)
4(394 1259 1262 399)
4(1259 1274 1277 1262)
4(1274 1275 1278 1277)
4(1275 1290 1293 1278)
4(1290 1291 1294 1293)
4(290 315 316 291)
4(310 311 316 315)
4(316 341 342 317)
4(311 336 341 316)
4(336 337 342 341)
4(342 367 368 343)
4(337 362 367 342)
4(362 363 368 367)
4(368 393 394 369)
4(363 388 393 368)
4(388 389 394 393)
4(394 419 1274 1259)
5(389 414 2316 419 394)
5(414 1271 1274 419 2316)
4(1274 1289 1290 1275)
4(1271 1286 1289 1274)
4(1286 1287 1290 1289)
4(1290 1305 1306 1291)
4(1287 1302 1305 1290)
4(1302 1303 1306 1305)
4(310 335 336 311)
4(330 331 336 335)
4(336 361 362 337)
4(331 356 361 336)
4(356 357 362 361)
4(362 387 388 363)
4(357 382 387 362)
4(382 383 388 387)
5(388 413 2313 414 389)
5(383 408 2300 413 388)
4(408 2299 2908 2300)
4(409 2302 2908 2299)
4(413 2300 2908 2313)
4(414 2313 2908 2302)
5(414 2317 439 1286 1271)
4(409 2303 2946 2302)
4(414 2302 2946 2317)
4(434 2367 2946 2303)
4(439 2317 2946 2367)
5(434 1283 1286 439 2367)
4(1286 1301 1302 1287)
4(1283 1298 1301 1286)
4(1298 1299 1302 1301)
4(1302 1317 1318 1303)
4(1299 1314 1317 1302)
4(1314 1315 1318 1317)
4(325 350 351 326)
4(350 1808 1811 351)
4(1808 1820 1823 1811)
4(1820 1821 1824 1823)
4(1821 1833 1836 1824)
4(1833 1834 1837 1836)
4(351 376 377 352)
4(351 1811 1823 376)
4(376 1823 1826 377)
4(1823 1824 1836 1835)
4(1823 1835 1838 1826)
4(1835 1836 1839 1838)
4(1836 1837 1849 1848)
4(1836 1848 1851 1839)
4(1848 1849 1852 1851)
5(377 402 2282 403 378)
4(377 1826 1838 402)
5(402 1838 1841 403 2282)
4(1838 1839 1851 1850)
4(1838 1850 1853 1841)
4(1850 1851 1854 1853)
4(1851 1852 1864 1863)
4(1851 1863 1866 1854)
4(1863 1864 1867 1866)
4(403 2287 2933 2285)
4(404 2285 2933 2289)
4(429 2289 2933 2350)
5(403 1841 1853 428 2287)
4(428 2350 2933 2287)
5(428 1853 1280 429 2350)
4(1853 1854 1866 1865)
4(1853 1865 1295 1280)
4(1865 1866 1296 1295)
4(1866 1867 1879 1878)
4(1866 1878 1311 1296)
4(1878 1879 1312 1311)
4(330 355 356 331)
4(350 351 356 355)
4(356 381 382 357)
4(351 376 381 356)
4(376 377 382 381)
5(382 407 2296 408 383)
5(377 402 2283 407 382)
4(402 2282 2903 2283)
4(403 2286 2903 2282)
4(407 2283 2903 2296)
4(408 2296 2903 2286)
4(2933 2285 2904 2135)
4(2904 2286 2926 2135)
4(2926 2287 2933 2135)
4(403 2287 2926 2286)
4(2932 2288 2904 2135)
4(2933 2289 2932 2135)
4(2930 2135 2904 2299)
4(408 2301 2930 2299)
4(408 2286 2926 2301)
4(2930 2301 2926 2135)
4(2932 2303 2930 2135)
4(409 2299 2930 2303)
4(2932 2135 2931 2353)
4(2933 2350 2931 2135)
4(429 2353 2931 2350)
4(434 2303 2930 2364)
4(2931 2364 2930 2135)
4(434 2364 2931 2353)
5(434 2368 459 1298 1283)
5(429 1280 1295 454 2354)
4(429 2354 2988 2353)
4(434 2353 2988 2368)
4(454 2418 2988 2354)
4(459 2368 2988 2418)
5(454 1295 1298 459 2418)
4(1298 1313 1314 1299)
4(1295 1296 1311 1310)
4(1295 1310 1313 1298)
4(1310 1311 1314 1313)
4(1314 1329 1330 1315)
4(1311 1312 1327 1326)
4(1311 1326 1329 1314)
4(1326 1327 1330 1329)
4(315 316 321 320)
4(316 341 346 321)
4(341 342 347 346)
4(342 367 372 347)
4(367 368 373 372)
4(368 393 398 373)
4(393 394 399 398)
5(394 419 2330 424 399)
5(419 1274 1277 424 2330)
4(1274 1289 1292 1277)
4(1289 1290 1293 1292)
4(1290 1305 1308 1293)
4(1305 1306 1309 1308)
4(315 340 341 316)
4(335 336 341 340)
4(341 366 367 342)
4(336 361 366 341)
4(361 362 367 366)
4(367 392 393 368)
4(362 387 392 367)
4(387 388 393 392)
5(393 418 2327 419 394)
5(388 413 2314 418 393)
4(413 2313 2912 2314)
4(414 2316 2912 2313)
4(418 2314 2912 2327)
4(419 2327 2912 2316)
5(419 2331 444 1289 1274)
4(414 2317 2959 2316)
4(419 2316 2959 2331)
4(439 2381 2959 2317)
4(444 2331 2959 2381)
5(439 1286 1289 444 2381)
4(1289 1304 1305 1290)
4(1286 1301 1304 1289)
4(1301 1302 1305 1304)
4(1305 1320 1321 1306)
4(1302 1317 1320 1305)
4(1317 1318 1321 1320)
4(335 360 361 336)
4(355 356 361 360)
4(361 386 387 362)
4(356 381 386 361)
4(381 382 387 386)
5(387 412 2310 413 388)
5(382 407 2297 412 387)
4(407 2296 2907 2297)
4(408 2300 2907 2296)
4(412 2297 2907 2310)
4(413 2310 2907 2300)
4(2930 2299 2908 2139)
4(2908 2300 2941 2139)
4(408 2301 2941 2300)
4(2941 2301 2930 2139)
4(2946 2302 2908 2139)
4(2946 2139 2930 2303)
4(2944 2139 2908 2313)
4(413 2315 2944 2313)
4(413 2300 2941 2315)
4(2944 2315 2941 2139)
4(2946 2317 2944 2139)
4(414 2313 2944 2317)
4(2946 2139 2945 2367)
4(2945 2139 2930 2364)
4(434 2367 2945 2364)
4(439 2317 2944 2378)
4(2945 2378 2944 2139)
4(439 2378 2945 2367)
5(439 2382 464 1301 1286)
4(434 2368 3002 2367)
4(439 2367 3002 2382)
4(459 2432 3002 2368)
4(464 2382 3002 2432)
5(459 1298 1301 464 2432)
4(1301 1316 1317 1302)
4(1298 1313 1316 1301)
4(1313 1314 1317 1316)
4(1317 1332 1333 1318)
4(1314 1329 1332 1317)
4(1329 1330 1333 1332)
4(350 375 376 351)
4(375 1820 1823 376)
4(1820 1832 1835 1823)
4(1832 1833 1836 1835)
4(1833 1845 1848 1836)
4(1845 1846 1849 1848)
5(376 401 2279 402 377)
4(376 1823 1835 401)
5(401 1835 1838 402 2279)
4(1835 1836 1848 1847)
4(1835 1847 1850 1838)
4(1847 1848 1851 1850)
4(1848 1849 1861 1860)
4(1848 1860 1863 1851)
4(1860 1861 1864 1863)
4(402 2284 2929 2282)
4(403 2282 2929 2287)
5(402 1838 1850 427 2284)
4(427 2347 2929 2284)
4(428 2287 2929 2347)
5(427 1850 1853 428 2347)
4(1850 1851 1863 1862)
4(1850 1862 1865 1853)
4(1862 1863 1866 1865)
4(1863 1864 1876 1875)
4(1863 1875 1878 1866)
4(1875 1876 1879 1878)
4(2931 2135 2926 2351)
4(428 2351 2926 2287)
4(428 2350 2931 2351)
4(429 2350 2989 2354)
4(454 2354 2989 2415)
5(428 1853 1865 453 2352)
4(428 2352 2989 2350)
4(453 2415 2989 2352)
5(453 1865 1295 454 2415)
4(1865 1866 1878 1877)
4(1865 1877 1310 1295)
4(1877 1878 1311 1310)
4(1878 1879 1891 1890)
4(1878 1890 1326 1311)
4(1890 1891 1327 1326)
4(355 380 381 356)
4(375 376 381 380)
5(381 406 2293 407 382)
5(376 401 2280 406 381)
4(401 2279 2902 2280)
4(402 2283 2902 2279)
4(406 2280 2902 2293)
4(407 2293 2902 2283)
4(2929 2282 2903 2134)
4(2903 2283 2922 2134)
4(2922 2284 2929 2134)
4(402 2284 2922 2283)
4(2926 2286 2903 2134)
4(2929 2287 2926 2134)
4(2927 2134 2903 2296)
4(407 2298 2927 2296)
4(407 2283 2922 2298)
4(2927 2298 2922 2134)
4(408 2296 2927 2301)
4(2927 2134 2926 2301)
4(433 2364 2930 2301)
4(433 2301 2926 2351)
4(433 2351 2931 2364)
4(2988 2353 2931 2151)
4(2989 2354 2988 2151)
4(2989 2151 2931 2350)
4(2988 2368 2986 2151)
4(434 2364 2986 2368)
4(2986 2364 2931 2151)
4(2988 2151 2987 2418)
4(2989 2415 2987 2151)
4(454 2418 2987 2415)
4(459 2368 2986 2429)
4(2987 2429 2986 2151)
4(459 2429 2987 2418)
5(459 2433 484 1313 1298)
5(454 1295 1310 479 2419)
4(454 2419 3044 2418)
4(459 2418 3044 2433)
4(479 2483 3044 2419)
4(484 2433 3044 2483)
5(479 1310 1313 484 2483)
4(1313 1328 1329 1314)
4(1310 1311 1326 1325)
4(1310 1325 1328 1313)
4(1325 1326 1329 1328)
4(1329 1344 1345 1330)
4(1326 1327 1342 1341)
4(1326 1341 1344 1329)
4(1341 1342 1345 1344)
4(340 341 346 345)
4(341 366 371 346)
4(366 367 372 371)
4(367 392 397 372)
4(392 393 398 397)
5(393 418 2328 423 398)
4(418 2327 2916 2328)
4(419 2330 2916 2327)
4(423 2328 2916 2338)
4(424 2338 2916 2330)
4(419 2331 2972 2330)
4(424 2330 2972 2340)
4(444 2395 2972 2331)
4(449 2340 2972 2395)
5(444 1289 1292 449 2395)
4(1289 1304 1307 1292)
4(1304 1305 1308 1307)
4(1305 1320 1323 1308)
4(1320 1321 1324 1323)
4(340 365 366 341)
4(360 361 366 365)
4(366 391 392 367)
4(361 386 391 366)
4(386 387 392 391)
5(392 417 2324 418 393)
5(387 412 2311 417 392)
4(412 2310 2911 2311)
4(413 2314 2911 2310)
4(417 2311 2911 2324)
4(418 2324 2911 2314)
4(2944 2313 2912 2143)
4(2912 2314 2954 2143)
4(413 2315 2954 2314)
4(2954 2315 2944 2143)
4(2959 2316 2912 2143)
4(2959 2143 2944 2317)
4(2957 2143 2912 2327)
4(418 2329 2957 2327)
4(418 2314 2954 2329)
4(2957 2329 2954 2143)
4(2959 2331 2957 2143)
4(419 2327 2957 2331)
4(2959 2143 2958 2381)
4(2958 2143 2944 2378)
4(439 2381 2958 2378)
4(444 2331 2957 2392)
4(2958 2392 2957 2143)
4(444 2392 2958 2381)
5(444 2396 469 1304 1289)
4(439 2382 3015 2381)
4(444 2381 3015 2396)
4(464 2446 3015 2382)
4(469 2396 3015 2446)
5(464 1301 1304 469 2446)
4(1304 1319 1320 1305)
4(1301 1316 1319 1304)
4(1316 1317 1320 1319)
4(1320 1335 1336 1321)
4(1317 1332 1335 1320)
4(1332 1333 1336 1335)
4(360 385 386 361)
4(380 381 386 385)
5(386 411 2307 412 387)
5(381 406 2294 411 386)
4(406 2293 2906 2294)
4(407 2297 2906 2293)
4(411 2294 2906 2307)
4(412 2307 2906 2297)
4(2927 2296 2907 2138)
4(2907 2297 2938 2138)
4(407 2298 2938 2297)
4(2938 2298 2927 2138)
4(2941 2300 2907 2138)
4(2941 2138 2927 2301)
4(2942 2138 2907 2310)
4(412 2312 2942 2310)
4(412 2297 2938 2312)
4(2942 2312 2938 2138)
4(413 2310 2942 2315)
4(2942 2138 2941 2315)
4(2945 2139 2941 2365)
4(433 2365 2941 2301)
4(433 2364 2945 2365)
4(438 2378 2944 2315)
4(438 2315 2941 2365)
4(438 2365 2945 2378)
4(3002 2367 2945 2155)
4(3002 2155 2986 2368)
4(2986 2155 2945 2364)
4(3002 2382 3000 2155)
4(439 2378 3000 2382)
4(3000 2378 2945 2155)
4(3002 2155 3001 2432)
4(3001 2155 2986 2429)
4(459 2432 3001 2429)
4(464 2382 3000 2443)
4(3001 2443 3000 2155)
4(464 2443 3001 2432)
5(464 2447 489 1316 1301)
4(459 2433 3058 2432)
4(464 2432 3058 2447)
4(484 2497 3058 2433)
4(489 2447 3058 2497)
5(484 1313 1316 489 2497)
4(1316 1331 1332 1317)
4(1313 1328 1331 1316)
4(1328 1329 1332 1331)
4(1332 1347 1348 1333)
4(1329 1344 1347 1332)
4(1344 1345 1348 1347)
5(375 400 2276 401 376)
5(400 1832 1835 401 2276)
4(1832 1844 1847 1835)
4(1844 1845 1848 1847)
4(1845 1857 1860 1848)
4(1857 1858 1861 1860)
4(401 2281 2925 2279)
4(402 2279 2925 2284)
5(401 1835 1847 426 2281)
4(426 2344 2925 2281)
4(427 2284 2925 2344)
5(426 1847 1850 427 2344)
4(1847 1848 1860 1859)
4(1847 1859 1862 1850)
4(1859 1860 1863 1862)
4(1860 1861 1873 1872)
4(1860 1872 1875 1863)
4(1872 1873 1876 1875)
4(2929 2134 2928 2347)
4(2928 2134 2922 2348)
4(427 2348 2922 2284)
4(427 2347 2928 2348)
4(2928 2351 2926 2134)
4(428 2351 2928 2347)
5(427 1850 1862 452 2349)
4(427 2349 2985 2347)
4(428 2347 2985 2352)
4(452 2412 2985 2349)
4(453 2352 2985 2412)
5(452 1862 1865 453 2412)
4(1862 1863 1875 1874)
4(1862 1874 1877 1865)
4(1874 1875 1878 1877)
4(1875 1876 1888 1887)
4(1875 1887 1890 1878)
4(1887 1888 1891 1890)
4(2982 2352 2989 2151)
4(2931 2351 2982 2151)
4(428 2352 2982 2351)
4(2987 2151 2982 2416)
4(453 2416 2982 2352)
4(453 2415 2987 2416)
4(454 2415 3045 2419)
4(479 2419 3045 2480)
5(453 1865 1877 478 2417)
4(453 2417 3045 2415)
4(478 2480 3045 2417)
5(478 1877 1310 479 2480)
4(1877 1878 1890 1889)
4(1877 1889 1325 1310)
4(1889 1890 1326 1325)
4(1890 1891 1903 1902)
4(1890 1902 1341 1326)
4(1902 1903 1342 1341)
5(380 405 2290 406 381)
4(400 2276 2901 2277)
4(401 2280 2901 2276)
4(405 2277 2901 2290)
4(406 2290 2901 2280)
4(2925 2279 2902 2133)
4(2902 2280 2918 2133)
4(2918 2281 2925 2133)
4(401 2281 2918 2280)
4(2922 2283 2902 2133)
4(2925 2284 2922 2133)
4(2923 2133 2902 2293)
4(406 2295 2923 2293)
4(406 2280 2918 2295)
4(2923 2295 2918 2133)
4(407 2293 2923 2298)
4(2923 2133 2922 2298)
4(2928 2134 2927 2361)
4(432 2361 2927 2298)
4(432 2298 2922 2348)
4(432 2348 2928 2361)
4(433 2301 2927 2361)
4(433 2361 2928 2351)
4(2986 2366 2982 2151)
4(433 2366 2986 2364)
4(433 2351 2982 2366)
4(3044 2418 2987 2167)
4(3045 2419 3044 2167)
4(3045 2167 2987 2415)
4(458 2429 2986 2366)
4(458 2366 2982 2416)
4(458 2416 2987 2429)
4(3044 2433 3042 2167)
4(459 2429 3042 2433)
4(3042 2429 2987 2167)
4(3044 2167 3043 2483)
4(3045 2480 3043 2167)
4(479 2483 3043 2480)
4(484 2433 3042 2494)
4(3043 2494 3042 2167)
4(484 2494 3043 2483)
5(484 2498 509 1328 1313)
5(479 1310 1325 504 2484)
4(479 2484 3100 2483)
4(484 2483 3100 2498)
4(504 2548 3100 2484)
4(509 2498 3100 2548)
5(504 1325 1328 509 2548)
4(1328 1343 1344 1329)
4(1325 1326 1341 1340)
4(1325 1340 1343 1328)
4(1340 1341 1344 1343)
4(1344 1359 1360 1345)
4(1341 1342 1357 1356)
4(1341 1356 1359 1344)
4(1356 1357 1360 1359)
4(365 366 371 370)
4(366 391 396 371)
4(391 392 397 396)
5(392 417 2325 422 397)
4(417 2324 2915 2325)
4(418 2328 2915 2324)
4(422 2325 2915 2336)
4(423 2336 2915 2328)
4(2957 2327 2916 2147)
4(2916 2328 2967 2147)
4(418 2329 2967 2328)
4(2967 2329 2957 2147)
4(2972 2330 2916 2147)
4(2972 2147 2957 2331)
4(2970 2147 2916 2338)
4(423 2328 2967 2339)
4(2970 2339 2967 2147)
4(2972 2340 2970 2147)
4(2972 2147 2971 2395)
4(2971 2147 2957 2392)
4(444 2395 2971 2392)
4(2971 2403 2970 2147)
4(449 2403 2971 2395)
4(444 2396 3028 2395)
4(449 2395 3028 2405)
4(469 2460 3028 2396)
4(474 2405 3028 2460)
5(469 1304 1307 474 2460)
4(1304 1319 1322 1307)
4(1319 1320 1323 1322)
4(1320 1335 1338 1323)
4(1335 1336 1339 1338)
4(365 390 391 366)
4(385 386 391 390)
5(391 416 2321 417 392)
5(386 411 2308 416 391)
4(411 2307 2910 2308)
4(412 2311 2910 2307)
4(416 2308 2910 2321)
4(417 2321 2910 2311)
4(2942 2310 2911 2142)
4(2911 2311 2951 2142)
4(412 2312 2951 2311)
4(2951 2312 2942 2142)
4(2954 2314 2911 2142)
4(2954 2142 2942 2315)
4(2955 2142 2911 2324)
4(417 2326 2955 2324)
4(417 2311 2951 2326)
4(2955 2326 2951 2142)
4(418 2324 2955 2329)
4(2955 2142 2954 2329)
4(2958 2143 2954 2379)
4(438 2379 2954 2315)
4(438 2378 2958 2379)
4(443 2392 2957 2329)
4(443 2329 2954 2379)
4(443 2379 2958 2392)
4(3015 2381 2958 2159)
4(3015 2159 3000 2382)
4(3000 2159 2958 2378)
4(3015 2396 3013 2159)
4(444 2392 3013 2396)
4(3013 2392 2958 2159)
4(3015 2159 3014 2446)
4(3014 2159 3000 2443)
4(464 2446 3014 2443)
4(469 2396 3013 2457)
4(3014 2457 3013 2159)
4(469 2457 3014 2446)
5(469 2461 494 1319 1304)
4(464 2447 3071 2446)
4(469 2446 3071 2461)
4(489 2511 3071 2447)
4(494 2461 3071 2511)
5(489 1316 1319 494 2511)
4(1319 1334 1335 1320)
4(1316 1331 1334 1319)
4(1331 1332 1335 1334)
4(1335 1350 1351 1336)
4(1332 1347 1350 1335)
4(1347 1348 1351 1350)
5(385 410 2304 411 386)
4(405 2290 2905 2291)
4(406 2294 2905 2290)
4(410 2291 2905 2304)
4(411 2304 2905 2294)
4(2923 2293 2906 2137)
4(2906 2294 2935 2137)
4(406 2295 2935 2294)
4(2935 2295 2923 2137)
4(2938 2297 2906 2137)
4(2938 2137 2923 2298)
4(2939 2137 2906 2307)
4(411 2309 2939 2307)
4(411 2294 2935 2309)
4(2939 2309 2935 2137)
4(412 2307 2939 2312)
4(2939 2137 2938 2312)
4(2943 2361 2927 2138)
4(2943 2138 2938 2362)
4(432 2362 2938 2298)
4(432 2361 2943 2362)
4(2943 2365 2941 2138)
4(433 2365 2943 2361)
4(2943 2138 2942 2375)
4(437 2375 2942 2312)
4(437 2312 2938 2362)
4(437 2362 2943 2375)
4(438 2315 2942 2375)
4(438 2375 2943 2365)
4(2945 2365 2997 2155)
4(2997 2366 2986 2155)
4(433 2366 2997 2365)
4(3000 2380 2997 2155)
4(438 2380 3000 2378)
4(438 2365 2997 2380)
4(3001 2155 2997 2430)
4(458 2429 3001 2430)
4(458 2430 2997 2366)
4(3058 2432 3001 2171)
4(3058 2171 3042 2433)
4(3042 2171 3001 2429)
4(463 2443 3000 2380)
4(463 2430 3001 2443)
4(463 2380 2997 2430)
4(3058 2447 3056 2171)
4(464 2443 3056 2447)
4(3056 2443 3001 2171)
4(3058 2171 3057 2497)
4(3057 2171 3042 2494)
4(484 2497 3057 2494)
4(489 2447 3056 2508)
4(3057 2508 3056 2171)
4(489 2508 3057 2497)
5(489 2512 514 1331 1316)
4(484 2498 3114 2497)
4(489 2497 3114 2512)
4(509 2562 3114 2498)
4(514 2512 3114 2562)
5(509 1328 1331 514 2562)
4(1331 1346 1347 1332)
4(1328 1343 1346 1331)
4(1343 1344 1347 1346)
4(1347 1362 1363 1348)
4(1344 1359 1362 1347)
4(1359 1360 1363 1362)
4(400 2278 2921 2276)
4(401 2276 2921 2281)
4(425 2341 2921 2278)
4(426 2281 2921 2341)
5(425 1844 1847 426 2341)
4(1844 1856 1859 1847)
4(1856 1857 1860 1859)
4(1857 1869 1872 1860)
4(1869 1870 1873 1872)
4(2925 2133 2924 2344)
4(2924 2133 2918 2345)
4(426 2345 2918 2281)
4(426 2344 2924 2345)
4(2924 2348 2922 2133)
4(427 2348 2924 2344)
5(426 1847 1859 451 2346)
4(426 2346 2981 2344)
4(427 2344 2981 2349)
4(451 2409 2981 2346)
4(452 2349 2981 2409)
5(451 1859 1862 452 2409)
4(1859 1860 1872 1871)
4(1859 1871 1874 1862)
4(1871 1872 1875 1874)
4(1872 1873 1885 1884)
4(1872 1884 1887 1875)
4(1884 1885 1888 1887)
4(2985 2347 2928 2150)
4(2978 2349 2985 2150)
4(2928 2348 2978 2150)
4(427 2349 2978 2348)
4(2985 2352 2982 2150)
4(2982 2351 2928 2150)
4(2985 2150 2984 2412)
4(452 2413 2978 2349)
4(452 2412 2984 2413)
4(2984 2150 2978 2413)
4(2984 2416 2982 2150)
4(453 2416 2984 2412)
5(452 1862 1874 477 2414)
4(452 2414 3041 2412)
4(453 2412 3041 2417)
4(477 2477 3041 2414)
4(478 2417 3041 2477)
5(477 1874 1877 478 2477)
4(1874 1875 1887 1886)
4(1874 1886 1889 1877)
4(1886 1887 1890 1889)
4(1887 1888 1900 1899)
4(1887 1899 1902 1890)
4(1899 1900 1903 1902)
4(3038 2417 3045 2167)
4(2987 2416 3038 2167)
4(453 2417 3038 2416)
4(3043 2167 3038 2481)
4(478 2481 3038 2417)
4(478 2480 3043 2481)
4(479 2480 3101 2484)
4(504 2484 3101 2545)
5(478 1877 1889 503 2482)
4(478 2482 3101 2480)
4(503 2545 3101 2482)
5(503 1889 1325 504 2545)
4(1889 1890 1902 1901)
4(1889 1901 1340 1325)
4(1901 1902 1341 1340)
4(1902 1903 1915 1914)
4(1902 1914 1356 1341)
4(1914 1915 1357 1356)
4(2921 2276 2901 2132)
4(2901 2277 2917 2132)
4(2917 2278 2921 2132)
4(2918 2280 2901 2132)
4(2921 2281 2918 2132)
4(2919 2132 2901 2290)
4(405 2292 2919 2290)
4(2919 2292 2917 2132)
4(406 2290 2919 2295)
4(2919 2132 2918 2295)
4(2924 2133 2923 2358)
4(431 2358 2923 2295)
4(431 2295 2918 2345)
4(431 2345 2924 2358)
4(432 2298 2923 2358)
4(432 2358 2924 2348)
4(2983 2150 2928 2361)
4(432 2363 2983 2361)
4(2983 2363 2978 2150)
4(432 2348 2978 2363)
4(2983 2150 2982 2366)
4(433 2361 2983 2366)
4(458 2366 2983 2426)
4(2984 2426 2983 2150)
4(458 2426 2984 2416)
4(3042 2431 3038 2167)
4(458 2431 3042 2429)
4(458 2416 3038 2431)
4(3100 2483 3043 2183)
4(3101 2484 3100 2183)
4(3101 2183 3043 2480)
4(483 2494 3042 2431)
4(483 2431 3038 2481)
4(483 2481 3043 2494)
4(3100 2498 3098 2183)
4(484 2494 3098 2498)
4(3098 2494 3043 2183)
4(3100 2183 3099 2548)
4(3101 2545 3099 2183)
4(504 2548 3099 2545)
4(509 2498 3098 2559)
4(3099 2559 3098 2183)
4(509 2559 3099 2548)
5(509 2563 534 1343 1328)
5(504 1325 1340 529 2549)
4(504 2549 3156 2548)
4(509 2548 3156 2563)
4(529 2613 3156 2549)
4(534 2563 3156 2613)
5(529 1340 1343 534 2613)
4(1343 1358 1359 1344)
4(1340 1341 1356 1355)
4(1340 1355 1358 1343)
4(1355 1356 1359 1358)
4(1359 1374 1375 1360)
4(1356 1357 1372 1371)
4(1356 1371 1374 1359)
4(1371 1372 1375 1374)
4(390 391 396 395)
5(391 416 2322 421 396)
4(416 2321 2914 2322)
4(417 2325 2914 2321)
4(421 2322 2914 2334)
4(422 2334 2914 2325)
4(2955 2324 2915 2146)
4(2915 2325 2964 2146)
4(417 2326 2964 2325)
4(2964 2326 2955 2146)
4(2967 2328 2915 2146)
4(2967 2146 2955 2329)
4(2968 2146 2915 2336)
4(422 2325 2964 2337)
4(2968 2337 2964 2146)
4(2968 2146 2967 2339)
4(2971 2147 2967 2393)
4(443 2393 2967 2329)
4(443 2392 2971 2393)
4(448 2339 2967 2393)
4(448 2393 2971 2403)
4(3028 2395 2971 2163)
4(3028 2163 3013 2396)
4(3013 2163 2971 2392)
4(3028 2405 3026 2163)
4(3026 2403 2971 2163)
4(3028 2163 3027 2460)
4(3027 2163 3013 2457)
4(469 2460 3027 2457)
4(3027 2468 3026 2163)
4(474 2468 3027 2460)
4(469 2461 3084 2460)
4(474 2460 3084 2470)
4(494 2525 3084 2461)
4(499 2470 3084 2525)
5(494 1319 1322 499 2525)
4(1319 1334 1337 1322)
4(1334 1335 1338 1337)
4(1335 1350 1353 1338)
4(1350 1351 1354 1353)
5(390 415 2318 416 391)
4(410 2304 2909 2305)
4(411 2308 2909 2304)
4(415 2305 2909 2318)
4(416 2318 2909 2308)
4(2939 2307 2910 2141)
4(2910 2308 2948 2141)
4(411 2309 2948 2308)
4(2948 2309 2939 2141)
4(2951 2311 2910 2141)
4(2951 2141 2939 2312)
4(2952 2141 2910 2321)
4(416 2323 2952 2321)
4(416 2308 2948 2323)
4(2952 2323 2948 2141)
4(417 2321 2952 2326)
4(2952 2141 2951 2326)
4(2956 2375 2942 2142)
4(2956 2142 2951 2376)
4(437 2376 2951 2312)
4(437 2375 2956 2376)
4(2956 2379 2954 2142)
4(438 2379 2956 2375)
4(2956 2142 2955 2389)
4(442 2389 2955 2326)
4(442 2326 2951 2376)
4(442 2376 2956 2389)
4(443 2329 2955 2389)
4(443 2389 2956 2379)
4(2958 2379 3010 2159)
4(3010 2380 3000 2159)
4(438 2380 3010 2379)
4(3013 2394 3010 2159)
4(443 2394 3013 2392)
4(443 2379 3010 2394)
4(3014 2159 3010 2444)
4(463 2443 3014 2444)
4(463 2444 3010 2380)
4(3071 2446 3014 2175)
4(3071 2175 3056 2447)
4(3056 2175 3014 2443)
4(468 2457 3013 2394)
4(468 2444 3014 2457)
4(468 2394 3010 2444)
4(3071 2461 3069 2175)
4(469 2457 3069 2461)
4(3069 2457 3014 2175)
4(3071 2175 3070 2511)
4(3070 2175 3056 2508)
4(489 2511 3070 2508)
4(494 2461 3069 2522)
4(3070 2522 3069 2175)
4(494 2522 3070 2511)
5(494 2526 519 1334 1319)
4(489 2512 3127 2511)
4(494 2511 3127 2526)
4(514 2576 3127 2512)
4(519 2526 3127 2576)
5(514 1331 1334 519 2576)
4(1334 1349 1350 1335)
4(1331 1346 1349 1334)
4(1346 1347 1350 1349)
4(1350 1365 1366 1351)
4(1347 1362 1365 1350)
4(1362 1363 1366 1365)
4(2919 2290 2905 2136)
4(2905 2291 2934 2136)
4(2934 2292 2919 2136)
4(2935 2294 2905 2136)
4(2935 2136 2919 2295)
4(2936 2136 2905 2304)
4(410 2306 2936 2304)
4(2936 2306 2934 2136)
4(411 2304 2936 2309)
4(2936 2136 2935 2309)
4(2940 2358 2923 2137)
4(2940 2137 2935 2359)
4(431 2359 2935 2295)
4(431 2358 2940 2359)
4(2940 2362 2938 2137)
4(432 2362 2940 2358)
4(2940 2137 2939 2372)
4(436 2372 2939 2309)
4(436 2309 2935 2359)
4(436 2359 2940 2372)
4(437 2312 2939 2372)
4(437 2372 2940 2362)
4(2983 2361 2943 2154)
5(2943 2362 2994 3983 2154)
4(432 2363 2994 2362)
5(2994 2363 2983 2154 3983)
4(2997 2365 2943 2154)
4(2997 2154 2983 2366)
5(2998 3984 2154 2943 2375)
5(437 2377 4263 2998 2375)
5(437 2362 2994 4261 2377)
4(2154 3984 5055 3983)
4(2377 4261 5055 4263)
4(2994 3983 5055 4261)
4(2998 4263 5055 3984)
5(2998 3984 2154 2997 2380)
4(438 2375 2998 2380)
4(3001 2430 3053 2171)
4(3053 2431 3042 2171)
4(458 2431 3053 2430)
5(2999 2430 2997 2154 3985)
5(2999 3985 2154 2983 2426)
4(458 2430 2999 2426)
4(3056 2445 3053 2171)
4(463 2445 3056 2443)
4(463 2430 3053 2445)
5(463 2380 2998 4317 2440)
4(2154 3985 5057 3984)
4(2998 3984 5057 4317)
5(463 2440 4318 2999 2430)
4(2440 4317 5057 4318)
4(2999 4318 5057 3985)
4(3057 2171 3053 2495)
4(483 2494 3057 2495)
4(483 2495 3053 2431)
4(3114 2497 3057 2187)
4(3114 2187 3098 2498)
4(3098 2187 3057 2494)
4(488 2508 3056 2445)
4(488 2495 3057 2508)
4(488 2445 3053 2495)
4(3114 2512 3112 2187)
4(489 2508 3112 2512)
4(3112 2508 3057 2187)
4(3114 2187 3113 2562)
4(3113 2187 3098 2559)
4(509 2562 3113 2559)
4(514 2512 3112 2573)
4(3113 2573 3112 2187)
4(514 2573 3113 2562)
5(514 2577 539 1346 1331)
4(509 2563 3170 2562)
4(514 2562 3170 2577)
4(534 2627 3170 2563)
4(539 2577 3170 2627)
5(534 1343 1346 539 2627)
4(1346 1361 1362 1347)
4(1343 1358 1361 1346)
4(1358 1359 1362 1361)
4(1362 1377 1378 1363)
4(1359 1374 1377 1362)
4(1374 1375 1378 1377)
4(2921 2132 2920 2341)
4(2920 2132 2917 2342)
4(425 2341 2920 2342)
4(2920 2345 2918 2132)
4(426 2345 2920 2341)
4(425 2343 2977 2341)
4(426 2341 2977 2346)
4(450 2406 2977 2343)
4(451 2346 2977 2406)
5(450 1856 1859 451 2406)
4(1856 1868 1871 1859)
4(1868 1869 1872 1871)
4(1869 1881 1884 1872)
4(1881 1882 1885 1884)
4(2981 2344 2924 2149)
4(2974 2346 2981 2149)
4(2924 2345 2974 2149)
4(426 2346 2974 2345)
4(2981 2349 2978 2149)
4(2978 2348 2924 2149)
4(2981 2149 2980 2409)
4(451 2410 2974 2346)
4(451 2409 2980 2410)
4(2980 2149 2974 2410)
4(2980 2413 2978 2149)
4(452 2413 2980 2409)
5(451 1859 1871 476 2411)
4(451 2411 3037 2409)
4(452 2409 3037 2414)
4(476 2474 3037 2411)
4(477 2414 3037 2474)
5(476 1871 1874 477 2474)
4(1871 1872 1884 1883)
4(1871 1883 1886 1874)
4(1883 1884 1887 1886)
4(1884 1885 1897 1896)
4(1884 1896 1899 1887)
4(1896 1897 1900 1899)
4(3041 2412 2984 2166)
4(3034 2414 3041 2166)
4(452 2414 3034 2413)
4(2984 2413 3034 2166)
4(457 2426 2983 2363)
4(457 2363 2978 2413)
4(457 2413 2984 2426)
4(3041 2417 3038 2166)
4(3038 2416 2984 2166)
4(3041 2166 3040 2477)
4(477 2478 3034 2414)
4(477 2477 3040 2478)
4(3040 2166 3034 2478)
4(3040 2481 3038 2166)
4(478 2481 3040 2477)
5(477 1874 1886 502 2479)
4(477 2479 3097 2477)
4(478 2477 3097 2482)
4(502 2542 3097 2479)
4(503 2482 3097 2542)
5(502 1886 1889 503 2542)
4(1886 1887 1899 1898)
4(1886 1898 1901 1889)
4(1898 1899 1902 1901)
4(1899 1900 1912 1911)
4(1899 1911 1914 1902)
4(1911 1912 1915 1914)
4(3094 2482 3101 2183)
4(3043 2481 3094 2183)
4(478 2482 3094 2481)
4(3099 2183 3094 2546)
4(503 2546 3094 2482)
4(503 2545 3099 2546)
4(504 2545 3157 2549)
4(529 2549 3157 2610)
5(503 1889 1901 528 2547)
4(503 2547 3157 2545)
4(528 2610 3157 2547)
5(528 1901 1340 529 2610)
4(1901 1902 1914 1913)
4(1901 1913 1355 1340)
4(1913 1914 1356 1355)
4(1914 1915 1927 1926)
4(1914 1926 1371 1356)
4(1926 1927 1372 1371)
4(2920 2132 2919 2355)
4(430 2355 2919 2292)
4(430 2342 2920 2355)
4(431 2295 2919 2355)
4(431 2355 2920 2345)
4(2979 2149 2924 2358)
4(431 2360 2979 2358)
4(2979 2360 2974 2149)
4(431 2345 2974 2360)
4(432 2358 2979 2363)
4(2979 2149 2978 2363)
4(3039 2166 3038 2431)
4(458 2426 3039 2431)
4(3039 2426 2984 2166)
4(483 2431 3039 2491)
4(3040 2491 3039 2166)
4(483 2491 3040 2481)
4(3098 2496 3094 2183)
4(483 2496 3098 2494)
4(483 2481 3094 2496)
4(3156 2548 3099 2199)
4(3157 2549 3156 2199)
4(3157 2199 3099 2545)
4(508 2559 3098 2496)
4(508 2496 3094 2546)
4(508 2546 3099 2559)
4(3156 2563 3154 2199)
4(509 2559 3154 2563)
4(3154 2559 3099 2199)
4(3156 2199 3155 2613)
4(3157 2610 3155 2199)
4(529 2613 3155 2610)
4(534 2563 3154 2624)
4(3155 2624 3154 2199)
4(534 2624 3155 2613)
5(534 2628 559 1358 1343)
5(529 1340 1355 554 2614)
4(529 2614 3212 2613)
4(534 2613 3212 2628)
4(554 2678 3212 2614)
4(559 2628 3212 2678)
5(554 1355 1358 559 2678)
4(1358 1373 1374 1359)
4(1355 1356 1371 1370)
4(1355 1370 1373 1358)
4(1370 1371 1374 1373)
4(1374 1389 1390 1375)
4(1371 1372 1387 1386)
4(1371 1386 1389 1374)
4(1386 1387 1390 1389)
4(415 2318 2913 2319)
4(416 2322 2913 2318)
4(420 2319 2913 2332)
4(421 2332 2913 2322)
4(2952 2321 2914 2145)
4(2914 2322 2961 2145)
4(416 2323 2961 2322)
4(2961 2323 2952 2145)
4(2964 2325 2914 2145)
4(2964 2145 2952 2326)
4(2965 2145 2914 2334)
4(421 2322 2961 2335)
4(2965 2335 2961 2145)
4(2965 2145 2964 2337)
4(2969 2389 2955 2146)
4(2969 2146 2964 2390)
4(442 2390 2964 2326)
4(442 2389 2969 2390)
4(2969 2393 2967 2146)
4(443 2393 2969 2389)
4(2969 2146 2968 2401)
4(447 2337 2964 2390)
4(447 2390 2969 2401)
4(448 2401 2969 2393)
4(2971 2393 3023 2163)
4(3023 2394 3013 2163)
4(443 2394 3023 2393)
4(3026 2404 3023 2163)
4(448 2393 3023 2404)
4(3027 2163 3023 2458)
4(468 2457 3027 2458)
4(468 2458 3023 2394)
4(3084 2460 3027 2179)
4(3084 2179 3069 2461)
4(3069 2179 3027 2457)
4(473 2458 3027 2468)
4(473 2404 3023 2458)
4(3084 2470 3082 2179)
4(3082 2468 3027 2179)
4(3084 2179 3083 2525)
4(3083 2179 3069 2522)
4(494 2525 3083 2522)
4(3083 2533 3082 2179)
4(499 2533 3083 2525)
4(494 2526 3140 2525)
4(499 2525 3140 2535)
4(519 2590 3140 2526)
4(524 2535 3140 2590)
5(519 1334 1337 524 2590)
4(1334 1349 1352 1337)
4(1349 1350 1353 1352)
4(1350 1365 1368 1353)
4(1365 1366 1369 1368)
4(2936 2304 2909 2140)
4(2909 2305 2947 2140)
4(2947 2306 2936 2140)
4(2948 2308 2909 2140)
4(2948 2140 2936 2309)
4(2949 2140 2909 2318)
4(415 2320 2949 2318)
4(2949 2320 2947 2140)
4(416 2318 2949 2323)
4(2949 2140 2948 2323)
4(2953 2372 2939 2141)
4(2953 2141 2948 2373)
4(436 2373 2948 2309)
4(436 2372 2953 2373)
4(2953 2376 2951 2141)
4(437 2376 2953 2372)
4(2953 2141 2952 2386)
4(441 2386 2952 2323)
4(441 2323 2948 2373)
4(441 2373 2953 2386)
4(442 2326 2952 2386)
4(442 2386 2953 2376)
5(2998 2375 2956 2158 3996)
5(2956 2376 3007 3997 2158)
5(437 2377 4264 3007 2376)
4(2158 3997 4814 3996)
4(2377 4263 4814 4264)
4(2998 3996 4814 4263)
4(3007 4264 4814 3997)
4(3010 2379 2956 2158)
5(3010 2158 3996 2998 2380)
5(3011 3998 2158 2956 2389)
5(442 2391 4274 3011 2389)
5(442 2376 3007 4272 2391)
4(2158 3998 5090 3997)
4(2391 4272 5090 4274)
4(3007 3997 5090 4272)
4(3011 4274 5090 3998)
5(3011 3998 2158 3010 2394)
4(443 2389 3011 2394)
4(3014 2444 3066 2175)
4(3066 2445 3056 2175)
4(463 2445 3066 2444)
5(3012 2444 3010 2158 3999)
4(2158 3996 5091 3999)
4(2998 4317 5091 3996)
5(463 2444 3012 4319 2440)
4(2440 4319 5091 4317)
4(3012 3999 5091 4319)
4(3069 2459 3066 2175)
4(468 2459 3069 2457)
4(468 2444 3066 2459)
5(468 2394 3011 4351 2454)
4(2158 3999 5093 3998)
4(3011 3998 5093 4351)
5(468 2454 4352 3012 2444)
4(2454 4351 5093 4352)
4(3012 4352 5093 3999)
4(3070 2175 3066 2509)
4(488 2508 3070 2509)
4(488 2509 3066 2445)
4(3127 2511 3070 2191)
4(3127 2191 3112 2512)
4(3112 2191 3070 2508)
4(493 2522 3069 2459)
4(493 2509 3070 2522)
4(493 2459 3066 2509)
4(3127 2526 3125 2191)
4(494 2522 3125 2526)
4(3125 2522 3070 2191)
4(3127 2191 3126 2576)
4(3126 2191 3112 2573)
4(514 2576 3126 2573)
4(519 2526 3125 2587)
4(3126 2587 3125 2191)
4(519 2587 3126 2576)
5(519 2591 544 1349 1334)
4(514 2577 3183 2576)
4(519 2576 3183 2591)
4(539 2641 3183 2577)
4(544 2591 3183 2641)
5(539 1346 1349 544 2641)
4(1349 1364 1365 1350)
4(1346 1361 1364 1349)
4(1361 1362 1365 1364)
4(1365 1380 1381 1366)
4(1362 1377 1380 1365)
4(1377 1378 1381 1380)
4(2937 2355 2919 2136)
4(2937 2136 2934 2356)
4(430 2355 2937 2356)
4(2937 2359 2935 2136)
4(431 2359 2937 2355)
4(2937 2136 2936 2369)
4(435 2369 2936 2306)
4(435 2356 2937 2369)
4(436 2309 2936 2369)
4(436 2369 2937 2359)
4(2979 2358 2940 2153)
5(2940 2359 2991 3979 2153)
4(431 2360 2991 2359)
5(2991 2360 2979 2153 3979)
5(2994 2362 2940 2153 3980)
5(2994 3980 2153 2979 2363)
5(2995 3981 2153 2940 2372)
5(436 2374 4259 2995 2372)
5(436 2359 2991 4257 2374)
4(2153 3981 5045 3979)
4(2374 4257 5045 4259)
4(2991 3979 5045 4257)
4(2995 4259 5045 3981)
5(437 2372 2995 4262 2377)
4(2153 3980 5046 3981)
4(2377 4262 5046 4261)
4(2994 4261 5046 3980)
4(2995 3981 5046 4262)
4(2154 3983 5056 3985)
4(2994 4291 5056 3983)
4(2999 3985 5056 4293)
5(457 2427 4291 2994 2363)
4(2427 4293 5056 4291)
5(457 2426 2999 4293 2427)
4(5055 3983 5056 3455)
4(5055 3455 5057 3984)
4(5057 3455 5056 3985)
4(5052 4261 5055 3455)
4(5058 3455 5055 4263)
4(2377 3707 5058 4263)
4(2377 4261 5052 3707)
4(5052 3455 5058 3707)
4(2994 4291 5052 4261)
4(5052 4291 5056 3455)
4(5058 3455 5057 4317)
4(2998 4263 5058 4317)
5(3053 2430 2999 4024 2170)
4(3053 2170 3039 2431)
5(3039 2170 4024 2999 2426)
5(3054 4026 2170 3053 2445)
5(463 2440 4320 3054 2445)
4(2170 4026 5162 4024)
4(2440 4318 5162 4320)
4(2999 4024 5162 4318)
4(3054 4320 5162 4026)
4(5059 3455 5057 4318)
4(2440 4317 5058 3710)
4(5058 3455 5059 3710)
4(2440 3710 5059 4318)
4(5056 4293 5059 3455)
4(2999 4318 5059 4293)
4(3057 2495 3109 2187)
4(3109 2496 3098 2187)
4(483 2496 3109 2495)
5(3055 2495 3053 2170 4027)
4(483 2495 3055 2491)
5(3055 4027 2170 3039 2491)
4(3112 2510 3109 2187)
4(488 2510 3112 2508)
4(488 2495 3109 2510)
5(488 2445 3054 4413 2505)
5(488 2505 4414 3055 2495)
4(2170 4027 5165 4026)
4(2505 4413 5165 4414)
4(3054 4026 5165 4413)
4(3055 4414 5165 4027)
4(3113 2187 3109 2560)
4(508 2559 3113 2560)
4(508 2560 3109 2496)
4(3170 2562 3113 2203)
4(3170 2203 3154 2563)
4(3154 2203 3113 2559)
4(513 2573 3112 2510)
4(513 2560 3113 2573)
4(513 2510 3109 2560)
4(3170 2577 3168 2203)
4(514 2573 3168 2577)
4(3168 2573 3113 2203)
4(3170 2203 3169 2627)
4(3169 2203 3154 2624)
4(534 2627 3169 2624)
4(539 2577 3168 2638)
4(3169 2638 3168 2203)
4(539 2638 3169 2627)
5(539 2642 564 1361 1346)
4(534 2628 3226 2627)
4(539 2627 3226 2642)
4(559 2692 3226 2628)
4(564 2642 3226 2692)
5(559 1358 1361 564 2692)
4(1361 1376 1377 1362)
4(1358 1373 1376 1361)
4(1373 1374 1377 1376)
4(1377 1392 1393 1378)
4(1374 1389 1392 1377)
4(1389 1390 1393 1392)
4(2977 2341 2920 2148)
4(2973 2343 2977 2148)
4(2920 2342 2973 2148)
4(2977 2346 2974 2148)
4(2974 2345 2920 2148)
4(2977 2148 2976 2406)
4(450 2406 2976 2407)
4(2976 2148 2973 2407)
4(2976 2410 2974 2148)
4(451 2410 2976 2406)
4(450 2408 3033 2406)
4(451 2406 3033 2411)
4(475 2471 3033 2408)
4(476 2411 3033 2471)
5(475 1868 1871 476 2471)
4(1868 1880 1883 1871)
4(1880 1881 1884 1883)
4(1881 1893 1896 1884)
4(1893 1894 1897 1896)
4(3037 2409 2980 2165)
4(3030 2411 3037 2165)
4(451 2411 3030 2410)
4(2980 2410 3030 2165)
4(2980 2149 2979 2423)
4(456 2423 2979 2360)
4(456 2360 2974 2410)
4(456 2410 2980 2423)
4(457 2363 2979 2423)
4(457 2423 2980 2413)
4(3037 2414 3034 2165)
4(3034 2413 2980 2165)
4(3037 2165 3036 2474)
4(476 2475 3030 2411)
4(476 2474 3036 2475)
4(3036 2165 3030 2475)
4(3036 2478 3034 2165)
4(477 2478 3036 2474)
5(476 1871 1883 501 2476)
4(476 2476 3093 2474)
4(477 2474 3093 2479)
4(501 2539 3093 2476)
4(502 2479 3093 2539)
5(501 1883 1886 502 2539)
4(1883 1884 1896 1895)
4(1883 1895 1898 1886)
4(1895 1896 1899 1898)
4(1896 1897 1909 1908)
4(1896 1908 1911 1899)
4(1908 1909 1912 1911)
4(3039 2428 3034 2166)
4(457 2428 3039 2426)
4(457 2413 3034 2428)
4(3097 2477 3040 2182)
4(3090 2479 3097 2182)
4(477 2479 3090 2478)
4(3040 2478 3090 2182)
4(482 2491 3039 2428)
4(482 2428 3034 2478)
4(482 2478 3040 2491)
4(3097 2482 3094 2182)
4(3094 2481 3040 2182)
4(3097 2182 3096 2542)
4(502 2543 3090 2479)
4(502 2542 3096 2543)
4(3096 2182 3090 2543)
4(3096 2546 3094 2182)
4(503 2546 3096 2542)
5(502 1886 1898 527 2544)
4(502 2544 3153 2542)
4(503 2542 3153 2547)
4(527 2607 3153 2544)
4(528 2547 3153 2607)
5(527 1898 1901 528 2607)
4(1898 1899 1911 1910)
4(1898 1910 1913 1901)
4(1910 1911 1914 1913)
4(1911 1912 1924 1923)
4(1911 1923 1926 1914)
4(1923 1924 1927 1926)
4(3150 2547 3157 2199)
4(3099 2546 3150 2199)
4(503 2547 3150 2546)
4(3155 2199 3150 2611)
4(528 2611 3150 2547)
4(528 2610 3155 2611)
4(529 2610 3213 2614)
4(554 2614 3213 2675)
5(528 1901 1913 553 2612)
4(528 2612 3213 2610)
4(553 2675 3213 2612)
5(553 1913 1355 554 2675)
4(1913 1914 1926 1925)
4(1913 1925 1370 1355)
4(1925 1926 1371 1370)
4(1926 1927 1939 1938)
4(1926 1938 1386 1371)
4(1938 1939 1387 1386)
4(2975 2148 2920 2355)
4(430 2357 2975 2355)
4(2975 2357 2973 2148)
4(431 2355 2975 2360)
4(2975 2148 2974 2360)
4(3095 2182 3094 2496)
4(483 2491 3095 2496)
4(3095 2491 3040 2182)
4(508 2496 3095 2556)
4(3096 2556 3095 2182)
4(508 2556 3096 2546)
4(3154 2561 3150 2199)
4(508 2561 3154 2559)
4(508 2546 3150 2561)
4(3212 2613 3155 2215)
4(3213 2614 3212 2215)
4(3213 2215 3155 2610)
4(533 2624 3154 2561)
4(533 2561 3150 2611)
4(533 2611 3155 2624)
4(3212 2628 3210 2215)
4(534 2624 3210 2628)
4(3210 2624 3155 2215)
4(3212 2215 3211 2678)
4(3213 2675 3211 2215)
4(554 2678 3211 2675)
4(559 2628 3210 2689)
4(3211 2689 3210 2215)
4(559 2689 3211 2678)
5(559 2693 584 1373 1358)
5(554 1355 1370 579 2679)
4(554 2679 3268 2678)
4(559 2678 3268 2693)
4(579 2743 3268 2679)
4(584 2693 3268 2743)
5(579 1370 1373 584 2743)
4(1373 1388 1389 1374)
4(1370 1371 1386 1385)
4(1370 1385 1388 1373)
4(1385 1386 1389 1388)
4(1389 1404 1405 1390)
4(1386 1387 1402 1401)
4(1386 1401 1404 1389)
4(1401 1402 1405 1404)
4(2949 2318 2913 2144)
4(2913 2319 2960 2144)
4(2960 2320 2949 2144)
4(2961 2322 2913 2144)
4(2961 2144 2949 2323)
4(2962 2144 2913 2332)
4(2962 2333 2960 2144)
4(2962 2144 2961 2335)
4(2966 2386 2952 2145)
4(2966 2145 2961 2387)
4(441 2387 2961 2323)
4(441 2386 2966 2387)
4(2966 2390 2964 2145)
4(442 2390 2966 2386)
4(2966 2145 2965 2399)
4(446 2335 2961 2387)
4(446 2387 2966 2399)
4(447 2399 2966 2390)
5(3011 2389 2969 2162 4010)
5(2969 2390 3020 4011 2162)
5(442 2391 4275 3020 2390)
4(2162 4011 4817 4010)
4(2391 4274 4817 4275)
4(3011 4010 4817 4274)
4(3020 4275 4817 4011)
4(3023 2393 2969 2162)
5(3023 2162 4010 3011 2394)
5(3024 4012 2162 2969 2401)
5(447 2390 3020 4281 2402)
4(2162 4012 5126 4011)
4(2402 4281 5126 4283)
4(3020 4011 5126 4281)
4(3024 4283 5126 4012)
5(3024 4012 2162 3023 2404)
4(3027 2458 3079 2179)
4(3079 2459 3069 2179)
4(468 2459 3079 2458)
5(3025 2458 3023 2162 4013)
4(2162 4010 5127 4013)
4(3011 4351 5127 4010)
5(468 2458 3025 4353 2454)
4(2454 4353 5127 4351)
4(3025 4013 5127 4353)
4(3082 2469 3079 2179)
4(473 2458 3079 2469)
4(2162 4013 5129 4012)
4(3024 4012 5129 4374)
5(473 2466 4375 3025 2458)
4(2466 4374 5129 4375)
4(3025 4375 5129 4013)
4(3083 2179 3079 2523)
4(493 2522 3083 2523)
4(493 2523 3079 2459)
4(3140 2525 3083 2195)
4(3140 2195 3125 2526)
4(3125 2195 3083 2522)
4(498 2523 3083 2533)
4(498 2469 3079 2523)
4(3140 2535 3138 2195)
4(3138 2533 3083 2195)
4(3140 2195 3139 2590)
4(3139 2195 3125 2587)
4(519 2590 3139 2587)
4(3139 2598 3138 2195)
4(524 2598 3139 2590)
4(519 2591 3196 2590)
4(524 2590 3196 2600)
4(544 2655 3196 2591)
4(549 2600 3196 2655)
5(544 1349 1352 549 2655)
4(1349 1364 1367 1352)
4(1364 1365 1368 1367)
4(1365 1380 1383 1368)
4(1380 1381 1384 1383)
4(2950 2369 2936 2140)
4(2950 2140 2947 2370)
4(435 2369 2950 2370)
4(2950 2373 2948 2140)
4(436 2373 2950 2369)
4(2950 2140 2949 2383)
4(440 2383 2949 2320)
4(440 2370 2950 2383)
4(441 2323 2949 2383)
4(441 2383 2950 2373)
5(2995 2372 2953 2157 3991)
5(2953 2373 3004 3992 2157)
5(436 2374 4260 3004 2373)
4(2157 3992 4813 3991)
4(2374 4259 4813 4260)
4(2995 3991 4813 4259)
4(3004 4260 4813 3992)
5(3007 2376 2953 2157 3993)
4(2157 3991 5076 3993)
4(2377 4264 5076 4262)
4(2995 4262 5076 3991)
4(3007 3993 5076 4264)
5(3008 3994 2157 2953 2386)
5(441 2388 4270 3008 2386)
5(441 2373 3004 4268 2388)
4(2157 3994 5077 3992)
4(2388 4268 5077 4270)
4(3004 3992 5077 4268)
4(3008 4270 5077 3994)
5(442 2386 3008 4273 2391)
4(2157 3993 5078 3994)
4(2391 4273 5078 4272)
4(3007 4272 5078 3993)
4(3008 3994 5078 4273)
4(5091 3464 4814 3996)
4(4814 3464 5092 3997)
4(2158 3997 5092 3999)
4(5092 3464 5091 3999)
4(4814 3464 5058 4263)
4(4814 4264 5082 3464)
4(2377 3707 5082 4264)
4(5058 3464 5082 3707)
4(5091 3464 5058 4317)
4(3007 4321 5092 3997)
4(3007 4264 5082 4321)
4(5092 4321 5082 3464)
4(5090 3997 5092 3465)
4(5090 3465 5093 3998)
4(5093 3465 5092 3999)
4(5087 4272 5090 3465)
4(5094 3465 5090 4274)
4(2391 3724 5094 4274)
4(2391 4272 5087 3724)
4(5087 3465 5094 3724)
4(3007 4321 5087 4272)
4(5087 4321 5092 3465)
4(5094 3465 5093 4351)
4(3011 4274 5094 4351)
5(3066 2444 3012 4040 2174)
5(3066 2174 4041 3054 2445)
4(2174 4040 4836 4041)
4(2440 4320 4836 4319)
4(3012 4319 4836 4040)
4(3054 4041 4836 4320)
4(5091 3464 4833 4319)
4(4833 3464 5058 3710)
4(2440 4319 4833 3710)
4(3012 3999 5092 4323)
4(5092 3464 4833 4323)
4(3012 4323 4833 4319)
5(3067 4043 2174 3066 2459)
5(468 2454 4354 3067 2459)
4(2174 4043 5207 4040)
4(2454 4352 5207 4354)
4(3012 4040 5207 4352)
4(3067 4354 5207 4043)
4(5095 3465 5093 4352)
4(2454 4351 5094 3727)
4(5094 3465 5095 3727)
4(2454 3727 5095 4352)
4(5092 4323 5095 3465)
4(3012 4352 5095 4323)
4(3070 2509 3122 2191)
4(3122 2510 3112 2191)
4(488 2510 3122 2509)
5(3068 2509 3066 2174 4044)
5(488 2509 3068 4415 2505)
4(2174 4041 5209 4044)
4(2505 4415 5209 4413)
4(3054 4413 5209 4041)
4(3068 4044 5209 4415)
4(3125 2524 3122 2191)
4(493 2524 3125 2522)
4(493 2509 3122 2524)
5(493 2459 3067 4447 2519)
5(493 2519 4448 3068 2509)
4(2174 4044 5211 4043)
4(2519 4447 5211 4448)
4(3067 4043 5211 4447)
4(3068 4448 5211 4044)
4(3126 2191 3122 2574)
4(513 2573 3126 2574)
4(513 2574 3122 2510)
4(3183 2576 3126 2207)
4(3183 2207 3168 2577)
4(3168 2207 3126 2573)
4(518 2587 3125 2524)
4(518 2574 3126 2587)
4(518 2524 3122 2574)
4(3183 2591 3181 2207)
4(519 2587 3181 2591)
4(3181 2587 3126 2207)
4(3183 2207 3182 2641)
4(3182 2207 3168 2638)
4(539 2641 3182 2638)
4(544 2591 3181 2652)
4(3182 2652 3181 2207)
4(544 2652 3182 2641)
5(544 2656 569 1364 1349)
4(539 2642 3239 2641)
4(544 2641 3239 2656)
4(564 2706 3239 2642)
4(569 2656 3239 2706)
5(564 1361 1364 569 2706)
4(1364 1379 1380 1365)
4(1361 1376 1379 1364)
4(1376 1377 1380 1379)
4(1380 1395 1396 1381)
4(1377 1392 1395 1380)
4(1392 1393 1396 1395)
4(2975 2355 2937 2152)
5(2937 2356 2990 3975 2152)
5(2990 2357 2975 2152 3975)
5(2991 2359 2937 2152 3976)
5(2991 3976 2152 2975 2360)
5(2992 3977 2152 2937 2369)
5(435 2371 4255 2992 2369)
4(2152 3977 5035 3975)
4(2371 4254 5035 4255)
4(2990 3975 5035 4254)
4(2992 4255 5035 3977)
5(436 2369 2992 4258 2374)
4(2152 3976 5036 3977)
4(2374 4258 5036 4257)
4(2991 4257 5036 3976)
4(2992 3977 5036 4258)
5(2996 2423 2979 2153 3982)
4(2153 3979 5047 3982)
4(2991 4287 5047 3979)
5(456 2424 4287 2991 2360)
4(2424 4289 5047 4287)
4(2996 3982 5047 4289)
5(456 2423 2996 4289 2424)
4(2153 3982 5048 3980)
4(2994 3980 5048 4291)
4(2427 4291 5048 4292)
4(2996 4292 5048 3982)
5(457 2427 4292 2996 2423)
4(5045 3979 5047 3453)
4(5045 3453 5049 3981)
4(2153 3981 5049 3982)
4(5049 3453 5047 3982)
4(5042 4257 5045 3453)
4(5050 3453 5045 4259)
4(2374 3701 5050 4259)
4(2374 4257 5042 3701)
4(5042 3453 5050 3701)
4(2991 4287 5042 4257)
4(5042 4287 5047 3453)
4(2995 4305 5049 3981)
4(2995 4259 5050 4305)
4(5050 3453 5049 4305)
4(5046 3454 5048 3980)
4(5046 3981 5049 3454)
4(5048 3454 5049 3982)
4(5052 3454 5046 4261)
4(5046 3454 5053 4262)
4(2377 4262 5053 3707)
4(5053 3454 5052 3707)
4(5052 3454 5048 4291)
4(2995 4305 5053 4262)
4(5053 4305 5049 3454)
4(5059 3455 5052 3708)
4(2427 3708 5052 4291)
4(2427 4293 5059 3708)
4(2170 4024 4820 4025)
4(2999 4293 4820 4024)
5(3050 2428 3039 2170 4025)
5(457 2428 3050 4294 2427)
4(2427 4294 4820 4293)
4(3050 4025 4820 4294)
4(462 3710 5058 3707)
4(462 3707 5052 3708)
4(462 3708 5059 3710)
4(4820 3484 5162 4024)
4(5162 3484 5163 4026)
4(2170 4026 5163 4025)
4(5163 3484 4820 4025)
4(5162 3484 5059 4318)
4(5162 4320 4834 3484)
4(2440 3710 4834 4320)
4(5059 3484 4834 3710)
4(4820 3484 5059 4293)
4(3054 4327 5163 4026)
4(3054 4320 4834 4327)
4(5163 4327 4834 3484)
5(3109 2495 3055 4072 2186)
4(3109 2186 3095 2496)
5(3095 2186 4072 3055 2491)
4(2170 4025 5164 4027)
4(3055 4027 5164 4389)
5(482 2491 3055 4389 2492)
4(2492 4389 5164 4387)
4(3050 4387 5164 4025)
5(482 2492 4387 3050 2428)
5(3110 4074 2186 3109 2510)
5(488 2505 4416 3110 2510)
4(2186 4074 5290 4072)
4(2505 4414 5290 4416)
4(3055 4072 5290 4414)
4(3110 4416 5290 4074)
4(5163 3485 5165 4026)
4(5165 3485 5164 4027)
4(5163 4025 5164 3485)
4(5166 4413 5165 3485)
4(5167 3485 5165 4414)
4(2505 4413 5166 3758)
4(2505 3758 5167 4414)
4(5166 3485 5167 3758)
4(3054 4327 5166 4413)
4(5166 4327 5163 3485)
4(5164 4389 5167 3485)
4(3055 4414 5167 4389)
4(3113 2560 3165 2203)
4(3165 2561 3154 2203)
4(508 2561 3165 2560)
5(3111 2560 3109 2186 4075)
4(508 2560 3111 2556)
5(3111 4075 2186 3095 2556)
4(3168 2575 3165 2203)
4(513 2575 3168 2573)
4(513 2560 3165 2575)
5(513 2510 3110 4509 2570)
5(513 2570 4510 3111 2560)
4(2186 4075 5293 4074)
4(2570 4509 5293 4510)
4(3110 4074 5293 4509)
4(3111 4510 5293 4075)
4(3169 2203 3165 2625)
4(533 2624 3169 2625)
4(533 2625 3165 2561)
4(3226 2627 3169 2219)
4(3226 2219 3210 2628)
4(3210 2219 3169 2624)
4(538 2638 3168 2575)
4(538 2625 3169 2638)
4(538 2575 3165 2625)
4(3226 2642 3224 2219)
4(539 2638 3224 2642)
4(3224 2638 3169 2219)
4(3226 2219 3225 2692)
4(3225 2219 3210 2689)
4(559 2692 3225 2689)
4(564 2642 3224 2703)
4(3225 2703 3224 2219)
4(564 2703 3225 2692)
5(564 2707 589 1376 1361)
4(559 2693 3282 2692)
4(564 2692 3282 2707)
4(584 2757 3282 2693)
4(589 2707 3282 2757)
5(584 1373 1376 589 2757)
4(1376 1391 1392 1377)
4(1373 1388 1391 1376)
4(1388 1389 1392 1391)
4(1392 1407 1408 1393)
4(1389 1404 1407 1392)
4(1404 1405 1408 1407)
4(3033 2406 2976 2164)
4(3029 2408 3033 2164)
4(2976 2407 3029 2164)
4(2976 2148 2975 2420)
4(455 2420 2975 2357)
4(455 2407 2976 2420)
4(456 2360 2975 2420)
4(456 2420 2976 2410)
4(3033 2411 3030 2164)
4(3030 2410 2976 2164)
4(3033 2164 3032 2471)
4(475 2471 3032 2472)
4(3032 2164 3029 2472)
4(3032 2475 3030 2164)
4(476 2475 3032 2471)
4(475 2473 3089 2471)
4(476 2471 3089 2476)
4(500 2536 3089 2473)
4(501 2476 3089 2536)
5(500 1880 1883 501 2536)
4(1880 1892 1895 1883)
4(1892 1893 1896 1895)
4(1893 1905 1908 1896)
4(1905 1906 1909 1908)
4(3035 2165 2980 2423)
4(3035 2425 3030 2165)
4(456 2425 3035 2423)
4(456 2410 3030 2425)
4(3035 2165 3034 2428)
4(457 2423 3035 2428)
4(3093 2474 3036 2181)
4(3086 2476 3093 2181)
4(476 2476 3086 2475)
4(3036 2475 3086 2181)
4(3036 2165 3035 2488)
4(481 2425 3030 2475)
4(481 2475 3036 2488)
4(481 2488 3035 2425)
4(482 2428 3035 2488)
4(482 2488 3036 2478)
4(3093 2479 3090 2181)
4(3090 2478 3036 2181)
4(3093 2181 3092 2539)
4(501 2540 3086 2476)
4(501 2539 3092 2540)
4(3092 2181 3086 2540)
4(3092 2543 3090 2181)
4(502 2543 3092 2539)
5(501 1883 1895 526 2541)
4(501 2541 3149 2539)
4(502 2539 3149 2544)
4(526 2604 3149 2541)
4(527 2544 3149 2604)
5(526 1895 1898 527 2604)
4(1895 1896 1908 1907)
4(1895 1907 1910 1898)
4(1907 1908 1911 1910)
4(1908 1909 1921 1920)
4(1908 1920 1923 1911)
4(1920 1921 1924 1923)
4(3095 2493 3090 2182)
4(482 2493 3095 2491)
4(482 2478 3090 2493)
4(3153 2542 3096 2198)
4(3146 2544 3153 2198)
4(502 2544 3146 2543)
4(3096 2543 3146 2198)
4(507 2556 3095 2493)
4(507 2493 3090 2543)
4(507 2543 3096 2556)
4(3153 2547 3150 2198)
4(3150 2546 3096 2198)
4(3153 2198 3152 2607)
4(527 2608 3146 2544)
4(527 2607 3152 2608)
4(3152 2198 3146 2608)
4(3152 2611 3150 2198)
4(528 2611 3152 2607)
5(527 1898 1910 552 2609)
4(527 2609 3209 2607)
4(528 2607 3209 2612)
4(552 2672 3209 2609)
4(553 2612 3209 2672)
5(552 1910 1913 553 2672)
4(1910 1911 1923 1922)
4(1910 1922 1925 1913)
4(1922 1923 1926 1925)
4(1923 1924 1936 1935)
4(1923 1935 1938 1926)
4(1935 1936 1939 1938)
4(3206 2612 3213 2215)
4(3155 2611 3206 2215)
4(528 2612 3206 2611)
4(3211 2215 3206 2676)
4(553 2676 3206 2612)
4(553 2675 3211 2676)
4(554 2675 3269 2679)
4(579 2679 3269 2740)
5(553 1913 1925 578 2677)
4(553 2677 3269 2675)
4(578 2740 3269 2677)
5(578 1925 1370 579 2740)
4(1925 1926 1938 1937)
4(1925 1937 1385 1370)
4(1937 1938 1386 1385)
4(1938 1939 1951 1950)
4(1938 1950 1401 1386)
4(1950 1951 1402 1401)
4(3151 2198 3150 2561)
4(508 2556 3151 2561)
4(3151 2556 3096 2198)
4(533 2561 3151 2621)
4(3152 2621 3151 2198)
4(533 2621 3152 2611)
4(3210 2626 3206 2215)
4(533 2626 3210 2624)
4(533 2611 3206 2626)
4(3268 2678 3211 2231)
4(3269 2679 3268 2231)
4(3269 2231 3211 2675)
4(558 2689 3210 2626)
4(558 2626 3206 2676)
4(558 2676 3211 2689)
4(3268 2693 3266 2231)
4(559 2689 3266 2693)
4(3266 2689 3211 2231)
4(3268 2231 3267 2743)
4(3269 2740 3267 2231)
4(579 2743 3267 2740)
4(584 2693 3266 2754)
4(3267 2754 3266 2231)
4(584 2754 3267 2743)
5(584 2758 609 1388 1373)
5(579 1370 1385 604 2744)
4(579 2744 3324 2743)
4(584 2743 3324 2758)
4(604 2808 3324 2744)
4(609 2758 3324 2808)
5(604 1385 1388 609 2808)
4(1388 1403 1404 1389)
4(1385 1386 1401 1400)
4(1385 1400 1403 1388)
4(1400 1401 1404 1403)
4(1404 1419 1420 1405)
4(1401 1402 1417 1416)
4(1401 1416 1419 1404)
4(1416 1417 1420 1419)
4(2963 2383 2949 2144)
4(2963 2144 2960 2384)
4(440 2383 2963 2384)
4(2963 2387 2961 2144)
4(441 2387 2963 2383)
4(2963 2144 2962 2397)
4(445 2384 2963 2397)
4(446 2397 2963 2387)
5(3008 2386 2966 2161 4005)
5(2966 2387 3017 4006 2161)
5(441 2388 4271 3017 2387)
4(2161 4006 4816 4005)
4(2388 4270 4816 4271)
4(3008 4005 4816 4270)
4(3017 4271 4816 4006)
5(3020 2390 2966 2161 4007)
4(2161 4005 5112 4007)
4(2391 4275 5112 4273)
4(3008 4273 5112 4005)
4(3020 4007 5112 4275)
5(3021 4008 2161 2966 2399)
5(446 2387 3017 4278 2400)
4(2161 4008 5113 4006)
4(2400 4278 5113 4280)
4(3017 4006 5113 4278)
4(3021 4280 5113 4008)
4(2161 4007 5114 4008)
4(2402 4282 5114 4281)
4(3020 4281 5114 4007)
4(3021 4008 5114 4282)
4(5127 3474 4817 4010)
4(4817 3474 5128 4011)
4(2162 4011 5128 4013)
4(5128 3474 5127 4013)
4(4817 3474 5094 4274)
4(4817 4275 5118 3474)
4(2391 3724 5118 4275)
4(5094 3474 5118 3724)
4(5127 3474 5094 4351)
4(3020 4355 5128 4011)
4(3020 4275 5118 4355)
4(5128 4355 5118 3474)
4(5126 4011 5128 3475)
4(5126 3475 5129 4012)
4(5129 3475 5128 4013)
4(5123 4281 5126 3475)
4(5130 3475 5126 4283)
4(2402 4281 5123 3739)
4(5123 3475 5130 3739)
4(3020 4355 5123 4281)
4(5123 4355 5128 3475)
4(5130 3475 5129 4374)
5(3079 2458 3025 4057 2178)
5(3079 2178 4058 3067 2459)
4(2178 4057 4854 4058)
4(2454 4354 4854 4353)
4(3025 4353 4854 4057)
4(3067 4058 4854 4354)
4(5127 3474 4851 4353)
4(4851 3474 5094 3727)
4(2454 4353 4851 3727)
4(3025 4013 5128 4357)
4(5128 3474 4851 4357)
4(3025 4357 4851 4353)
5(3080 4060 2178 3079 2469)
4(2178 4060 5253 4057)
4(2466 4375 5253 4376)
4(3025 4057 5253 4375)
4(3080 4376 5253 4060)
4(5131 3475 5129 4375)
4(5130 3475 5131 3742)
4(2466 3742 5131 4375)
4(5128 4357 5131 3475)
4(3025 4375 5131 4357)
4(3083 2523 3135 2195)
4(3135 2524 3125 2195)
4(493 2524 3135 2523)
5(3081 2523 3079 2178 4061)
5(493 2523 3081 4449 2519)
4(2178 4058 5255 4061)
4(2519 4449 5255 4447)
4(3067 4447 5255 4058)
4(3081 4061 5255 4449)
4(3138 2534 3135 2195)
4(498 2523 3135 2534)
5(498 2531 4471 3081 2523)
4(2178 4061 5257 4060)
4(2531 4470 5257 4471)
4(3080 4060 5257 4470)
4(3081 4471 5257 4061)
4(3139 2195 3135 2588)
4(518 2587 3139 2588)
4(518 2588 3135 2524)
4(3196 2590 3139 2211)
4(3196 2211 3181 2591)
4(3181 2211 3139 2587)
4(523 2588 3139 2598)
4(523 2534 3135 2588)
4(3196 2600 3194 2211)
4(3194 2598 3139 2211)
4(3196 2211 3195 2655)
4(3195 2211 3181 2652)
4(544 2655 3195 2652)
4(3195 2663 3194 2211)
4(549 2663 3195 2655)
4(544 2656 3252 2655)
4(549 2655 3252 2665)
4(569 2720 3252 2656)
4(574 2665 3252 2720)
5(569 1364 1367 574 2720)
4(1364 1379 1382 1367)
4(1379 1380 1383 1382)
4(1380 1395 1398 1383)
4(1395 1396 1399 1398)
5(2992 2369 2950 2156 3986)
5(2950 2370 3003 3987 2156)
4(2156 3987 4812 3986)
4(2371 4255 4812 4256)
4(2992 3986 4812 4255)
4(3003 4256 4812 3987)
5(3004 2373 2950 2156 3988)
4(2156 3986 5062 3988)
4(2374 4260 5062 4258)
4(2992 4258 5062 3986)
4(3004 3988 5062 4260)
5(3005 3989 2156 2950 2383)
5(440 2385 4266 3005 2383)
4(2156 3989 5063 3987)
4(2385 4265 5063 4266)
4(3003 3987 5063 4265)
4(3005 4266 5063 3989)
5(441 2383 3005 4269 2388)
4(2156 3988 5064 3989)
4(2388 4269 5064 4268)
4(3004 4268 5064 3988)
4(3005 3989 5064 4269)
4(5079 3460 4813 3991)
4(4813 3460 5080 3992)
4(2157 3995 5079 3991)
4(2157 3992 5080 3995)
4(5080 3460 5079 3995)
4(4813 3460 5050 4259)
4(4813 4260 5068 3460)
4(2374 3701 5068 4260)
4(5050 3460 5068 3701)
4(2995 3991 5079 4305)
4(5079 3460 5050 4305)
4(3004 4309 5080 3992)
4(3004 4260 5068 4309)
4(5080 4309 5068 3460)
4(5076 3461 5079 3991)
4(5081 3461 5076 3993)
4(2157 3995 5081 3993)
4(5079 3461 5081 3995)
4(5053 3461 5076 4262)
4(5076 3461 5082 4264)
4(5082 3461 5053 3707)
4(5053 3461 5079 4305)
4(3007 3993 5081 4321)
4(5082 4321 5081 3461)
4(5077 3992 5080 3462)
4(5077 3462 5084 3994)
4(2157 3994 5084 3995)
4(5084 3462 5080 3995)
4(5073 4268 5077 3462)
4(5085 3462 5077 4270)
4(2388 3718 5085 4270)
4(2388 4268 5073 3718)
4(5073 3462 5085 3718)
4(3004 4309 5073 4268)
4(5073 4309 5080 3462)
4(3008 4339 5084 3994)
4(3008 4270 5085 4339)
4(5085 3462 5084 4339)
4(5078 3463 5081 3993)
4(5078 3994 5084 3463)
4(5081 3463 5084 3995)
4(5087 3463 5078 4272)
4(5078 3463 5088 4273)
4(2391 4273 5088 3724)
4(5088 3463 5087 3724)
4(5087 3463 5081 4321)
4(3008 4339 5088 4273)
4(5088 4339 5084 3463)
4(5082 3711 4833 3464)
4(462 3711 5082 3707)
4(462 3710 4833 3711)
4(2441 4323 5092 4321)
4(2441 4321 5082 3711)
4(2441 3711 4833 4323)
4(5095 3725 5087 3465)
4(467 3727 5094 3724)
4(467 3724 5087 3725)
4(467 3725 5095 3727)
4(2441 3725 5087 4321)
4(2441 4323 5095 3725)
4(4836 3423 4837 4040)
4(4838 3423 4836 4041)
4(2174 4040 4837 4042)
4(2174 4042 4838 4041)
4(4837 3423 4838 4042)
4(4836 4319 4833 3423)
4(4836 3423 4834 4320)
4(4834 3423 4833 3710)
4(3012 4323 4837 4040)
4(4837 4323 4833 3423)
4(3054 4041 4838 4327)
4(4838 3423 4834 4327)
4(4837 3500 5207 4040)
4(5207 3500 5208 4043)
4(2174 4043 5208 4042)
4(5208 3500 4837 4042)
4(5207 3500 5095 4352)
4(5207 4354 4852 3500)
4(2454 3727 4852 4354)
4(5095 3500 4852 3727)
4(4837 3500 5095 4323)
4(3067 4361 5208 4043)
4(3067 4354 4852 4361)
4(5208 4361 4852 3500)
5(3122 2509 3068 4088 2190)
5(3122 2190 4089 3110 2510)
4(2190 4088 4878 4089)
4(2505 4416 4878 4415)
4(3068 4415 4878 4088)
4(3110 4089 4878 4416)
4(5209 3501 4838 4041)
4(5210 3501 5209 4044)
4(2174 4042 5210 4044)
4(4838 3501 5210 4042)
4(5209 4413 5166 3501)
4(5209 3501 4875 4415)
4(2505 4415 4875 3758)
4(4875 3501 5166 3758)
4(4838 4327 5166 3501)
4(3068 4044 5210 4419)
4(3068 4419 4875 4415)
4(5210 3501 4875 4419)
5(3123 4091 2190 3122 2524)
5(493 2519 4450 3123 2524)
4(2190 4091 5335 4088)
4(2519 4448 5335 4450)
4(3068 4088 5335 4448)
4(3123 4450 5335 4091)
4(5208 3502 5211 4043)
4(5211 3502 5210 4044)
4(5208 4042 5210 3502)
4(5212 4447 5211 3502)
4(5213 3502 5211 4448)
4(2519 4447 5212 3775)
4(2519 3775 5213 4448)
4(5212 3502 5213 3775)
4(3067 4361 5212 4447)
4(5212 4361 5208 3502)
4(3068 4448 5213 4419)
4(5210 4419 5213 3502)
4(3126 2574 3178 2207)
4(3178 2575 3168 2207)
4(513 2575 3178 2574)
5(3124 2574 3122 2190 4092)
5(513 2574 3124 4511 2570)
4(2190 4089 5337 4092)
4(2570 4511 5337 4509)
4(3110 4509 5337 4089)
4(3124 4092 5337 4511)
4(3181 2589 3178 2207)
4(518 2589 3181 2587)
4(518 2574 3178 2589)
5(518 2524 3123 4543 2584)
5(518 2584 4544 3124 2574)
4(2190 4092 5339 4091)
4(2584 4543 5339 4544)
4(3123 4091 5339 4543)
4(3124 4544 5339 4092)
4(3182 2207 3178 2639)
4(538 2638 3182 2639)
4(538 2639 3178 2575)
4(3239 2641 3182 2223)
4(3239 2223 3224 2642)
4(3224 2223 3182 2638)
4(543 2652 3181 2589)
4(543 2639 3182 2652)
4(543 2589 3178 2639)
4(3239 2656 3237 2223)
4(544 2652 3237 2656)
4(3237 2652 3182 2223)
4(3239 2223 3238 2706)
4(3238 2223 3224 2703)
4(564 2706 3238 2703)
4(569 2656 3237 2717)
4(3238 2717 3237 2223)
4(569 2717 3238 2706)
5(569 2721 594 1379 1364)
4(564 2707 3295 2706)
4(569 2706 3295 2721)
4(589 2771 3295 2707)
4(594 2721 3295 2771)
5(589 1376 1379 594 2771)
4(1379 1394 1395 1380)
4(1376 1391 1394 1379)
4(1391 1392 1395 1394)
4(1395 1410 1411 1396)
4(1392 1407 1410 1395)
4(1407 1408 1411 1410)
5(2993 2420 2975 2152 3978)
4(2152 3975 5037 3978)
4(2990 4284 5037 3975)
4(2421 4285 5037 4284)
4(2993 3978 5037 4285)
5(455 2420 2993 4285 2421)
4(2152 3978 5038 3976)
4(2991 3976 5038 4287)
4(2424 4287 5038 4288)
4(2993 4288 5038 3978)
5(456 2424 4288 2993 2420)
4(5035 3975 5037 3451)
4(5035 3451 5039 3977)
4(2152 3977 5039 3978)
4(5039 3451 5037 3978)
4(5034 4254 5035 3451)
4(5040 3451 5035 4255)
4(2371 3696 5040 4255)
4(5034 3451 5040 3696)
4(5034 4284 5037 3451)
4(2992 4295 5039 3977)
4(2992 4255 5040 4295)
4(5040 3451 5039 4295)
4(5036 3452 5038 3976)
4(5036 3977 5039 3452)
4(5038 3452 5039 3978)
4(5042 3452 5036 4257)
4(5036 3452 5043 4258)
4(2374 4258 5043 3701)
4(5043 3452 5042 3701)
4(5042 3452 5038 4287)
4(2992 4295 5043 4258)
4(5043 4295 5039 3452)
4(5047 3453 5051 4289)
4(5051 3453 5042 3702)
4(2424 3702 5042 4287)
4(2424 4289 5051 3702)
4(2996 3982 5049 4306)
4(5051 4306 5049 3453)
4(2996 4306 5051 4289)
5(3035 2423 2996 4019 2169)
5(3047 2425 3035 2169 4020)
5(456 2425 3047 4290 2424)
4(2424 4290 4819 4289)
4(2996 4289 4819 4019)
4(2169 4019 4819 4020)
4(3047 4020 4819 4290)
4(5054 3454 5048 4292)
4(5052 3454 5054 3708)
4(2427 3708 5054 4292)
4(5049 4306 5054 3454)
4(2996 4292 5054 4306)
5(3050 4021 2169 3035 2428)
4(2427 4292 5148 4294)
4(2996 4019 5148 4292)
4(2169 4021 5148 4019)
4(3050 4294 5148 4021)
4(5050 3704 5051 3453)
4(461 3704 5050 3701)
4(461 3701 5042 3702)
4(461 3702 5051 3704)
4(2437 4306 5049 4305)
4(2437 4305 5050 3704)
4(2437 3704 5051 4306)
4(5054 3709 5053 3454)
4(462 3707 5053 3709)
4(462 3709 5054 3708)
4(2437 3709 5053 4305)
4(2437 4306 5054 3709)
4(4820 3484 5152 4294)
4(5152 3484 5059 3708)
4(2427 4294 5152 3708)
4(5163 3484 5152 4325)
4(3050 4025 5163 4325)
4(3050 4325 5152 4294)
4(4834 3712 5152 3484)
4(462 3712 4834 3710)
4(462 3708 5152 3712)
4(2442 4325 5163 4327)
4(2442 4327 4834 3712)
4(2442 3712 5152 4325)
4(2186 4072 4862 4073)
4(3055 4389 4862 4072)
5(3106 2493 3095 2186 4073)
4(2492 4390 4862 4389)
4(3106 4073 4862 4390)
5(482 2493 3106 4390 2492)
4(5159 3485 5164 4387)
4(5167 3485 5159 3756)
4(2492 4389 5167 3756)
4(2492 3756 5159 4387)
4(5159 3485 5163 4325)
4(3050 4387 5159 4325)
5(3052 4023 2169 3035 2488)
5(482 2492 4388 3052 2488)
4(2492 4387 5155 4388)
4(3050 4021 5155 4387)
4(2169 4023 5155 4021)
4(3052 4388 5155 4023)
4(4862 3528 5290 4072)
4(5290 3528 5291 4074)
4(2186 4074 5291 4073)
4(5291 3528 4862 4073)
4(5290 3528 5167 4414)
4(5290 4416 4876 3528)
4(2505 3758 4876 4416)
4(5167 3528 4876 3758)
4(4862 3528 5167 4389)
4(3110 4423 5291 4074)
4(3110 4416 4876 4423)
4(5291 4423 4876 3528)
4(5159 3755 5166 3485)
4(487 3758 5166 3755)
4(487 3756 5167 3758)
4(487 3755 5159 3756)
4(2442 3755 5166 4327)
4(2442 4325 5159 3755)
5(3165 2560 3111 4120 2202)
4(3165 2202 3151 2561)
5(3151 2202 4120 3111 2556)
4(2186 4073 5292 4075)
4(3111 4075 5292 4485)
5(507 2556 3111 4485 2557)
4(2557 4485 5292 4483)
4(3106 4483 5292 4073)
5(507 2557 4483 3106 2493)
5(3166 4122 2202 3165 2575)
5(513 2570 4512 3166 2575)
4(2202 4122 5418 4120)
4(2570 4510 5418 4512)
4(3111 4120 5418 4510)
4(3166 4512 5418 4122)
4(5291 3529 5293 4074)
4(5293 3529 5292 4075)
4(5291 4073 5292 3529)
4(5294 4509 5293 3529)
4(5295 3529 5293 4510)
4(2570 4509 5294 3806)
4(2570 3806 5295 4510)
4(5294 3529 5295 3806)
4(3110 4423 5294 4509)
4(5294 4423 5291 3529)
4(5292 4485 5295 3529)
4(3111 4510 5295 4485)
4(3169 2625 3221 2219)
4(3221 2626 3210 2219)
4(533 2626 3221 2625)
5(3167 2625 3165 2202 4123)
4(533 2625 3167 2621)
5(3167 4123 2202 3151 2621)
4(3224 2640 3221 2219)
4(538 2640 3224 2638)
4(538 2625 3221 2640)
5(538 2575 3166 4605 2635)
5(538 2635 4606 3167 2625)
4(2202 4123 5421 4122)
4(2635 4605 5421 4606)
4(3166 4122 5421 4605)
4(3167 4606 5421 4123)
4(3225 2219 3221 2690)
4(558 2689 3225 2690)
4(558 2690 3221 2626)
4(3282 2692 3225 2235)
4(3282 2235 3266 2693)
4(3266 2235 3225 2689)
4(563 2703 3224 2640)
4(563 2690 3225 2703)
4(563 2640 3221 2690)
4(3282 2707 3280 2235)
4(564 2703 3280 2707)
4(3280 2703 3225 2235)
4(3282 2235 3281 2757)
4(3281 2235 3266 2754)
4(584 2757 3281 2754)
4(589 2707 3280 2768)
4(3281 2768 3280 2235)
4(589 2768 3281 2757)
5(589 2772 614 1391 1376)
4(584 2758 3338 2757)
4(589 2757 3338 2772)
4(609 2822 3338 2758)
4(614 2772 3338 2822)
5(609 1388 1391 614 2822)
4(1391 1406 1407 1392)
4(1388 1403 1406 1391)
4(1403 1404 1407 1406)
4(1407 1422 1423 1408)
4(1404 1419 1422 1407)
4(1419 1420 1423 1422)
4(3031 2164 2976 2420)
4(3031 2422 3029 2164)
4(455 2422 3031 2420)
4(3031 2164 3030 2425)
4(456 2420 3031 2425)
4(3089 2471 3032 2180)
4(3085 2473 3089 2180)
4(3032 2472 3085 2180)
4(3032 2164 3031 2485)
4(480 2472 3032 2485)
4(480 2485 3031 2422)
4(481 2485 3032 2475)
4(481 2425 3031 2485)
4(3089 2476 3086 2180)
4(3086 2475 3032 2180)
4(3089 2180 3088 2536)
4(500 2536 3088 2537)
4(3088 2180 3085 2537)
4(3088 2540 3086 2180)
4(501 2540 3088 2536)
4(500 2538 3145 2536)
4(501 2536 3145 2541)
4(525 2601 3145 2538)
4(526 2541 3145 2601)
5(525 1892 1895 526 2601)
4(1892 1904 1907 1895)
4(1904 1905 1908 1907)
4(1905 1917 1920 1908)
4(1917 1918 1921 1920)
4(3091 2181 3036 2488)
4(3091 2490 3086 2181)
4(481 2475 3086 2490)
4(481 2490 3091 2488)
5(481 2489 4383 3047 2425)
5(481 2488 3052 4385 2489)
4(2169 4020 5154 4023)
4(2489 4385 5154 4383)
4(3047 4383 5154 4020)
4(3052 4023 5154 4385)
4(3091 2181 3090 2493)
4(482 2488 3091 2493)
4(3149 2539 3092 2197)
4(3142 2541 3149 2197)
4(501 2541 3142 2540)
4(3092 2540 3142 2197)
4(3092 2181 3091 2553)
4(506 2490 3086 2540)
4(506 2540 3092 2553)
4(506 2553 3091 2490)
4(507 2493 3091 2553)
4(507 2553 3092 2543)
4(3149 2544 3146 2197)
4(3146 2543 3092 2197)
4(3149 2197 3148 2604)
4(526 2605 3142 2541)
4(526 2604 3148 2605)
4(3148 2197 3142 2605)
4(3148 2608 3146 2197)
4(527 2608 3148 2604)
5(526 1895 1907 551 2606)
4(526 2606 3205 2604)
4(527 2604 3205 2609)
4(551 2669 3205 2606)
4(552 2609 3205 2669)
5(551 1907 1910 552 2669)
4(1907 1908 1920 1919)
4(1907 1919 1922 1910)
4(1919 1920 1923 1922)
4(1920 1921 1933 1932)
4(1920 1932 1935 1923)
4(1932 1933 1936 1935)
4(3151 2558 3146 2198)
4(507 2558 3151 2556)
4(507 2543 3146 2558)
4(3209 2607 3152 2214)
4(3202 2609 3209 2214)
4(527 2609 3202 2608)
4(3152 2608 3202 2214)
4(532 2621 3151 2558)
4(532 2558 3146 2608)
4(532 2608 3152 2621)
4(3209 2612 3206 2214)
4(3206 2611 3152 2214)
4(3209 2214 3208 2672)
4(552 2673 3202 2609)
4(552 2672 3208 2673)
4(3208 2214 3202 2673)
4(3208 2676 3206 2214)
4(553 2676 3208 2672)
5(552 1910 1922 577 2674)
4(552 2674 3265 2672)
4(553 2672 3265 2677)
4(577 2737 3265 2674)
4(578 2677 3265 2737)
5(577 1922 1925 578 2737)
4(1922 1923 1935 1934)
4(1922 1934 1937 1925)
4(1934 1935 1938 1937)
4(1935 1936 1948 1947)
4(1935 1947 1950 1938)
4(1947 1948 1951 1950)
4(3262 2677 3269 2231)
4(3211 2676 3262 2231)
4(553 2677 3262 2676)
4(3267 2231 3262 2741)
4(578 2741 3262 2677)
4(578 2740 3267 2741)
4(579 2740 3325 2744)
4(604 2744 3325 2805)
5(578 1925 1937 603 2742)
4(578 2742 3325 2740)
4(603 2805 3325 2742)
5(603 1937 1385 604 2805)
4(1937 1938 1950 1949)
4(1937 1949 1400 1385)
4(1949 1950 1401 1400)
4(1950 1951 1963 1962)
4(1950 1962 1416 1401)
4(1962 1963 1417 1416)
4(3207 2214 3206 2626)
4(533 2621 3207 2626)
4(3207 2621 3152 2214)
4(558 2626 3207 2686)
4(3208 2686 3207 2214)
4(558 2686 3208 2676)
4(3266 2691 3262 2231)
4(558 2691 3266 2689)
4(558 2676 3262 2691)
4(3324 2743 3267 2247)
4(3325 2744 3324 2247)
4(3325 2247 3267 2740)
4(583 2754 3266 2691)
4(583 2691 3262 2741)
4(583 2741 3267 2754)
4(3324 2758 3322 2247)
4(584 2754 3322 2758)
4(3322 2754 3267 2247)
4(3324 2247 3323 2808)
4(3325 2805 3323 2247)
4(604 2808 3323 2805)
4(609 2758 3322 2819)
4(3323 2819 3322 2247)
4(609 2819 3323 2808)
5(609 2823 634 1403 1388)
5(604 1385 1400 629 2809)
4(604 2809 3380 2808)
4(609 2808 3380 2823)
5(629 1400 1403 634 2869)
4(629 2869 3380 2809)
4(634 2823 3380 2869)
4(1403 1418 1419 1404)
4(1400 1401 1416 1415)
4(1400 1415 1418 1403)
4(1415 1416 1419 1418)
4(1419 1434 1435 1420)
4(1416 1417 1432 1431)
4(1416 1431 1434 1419)
4(1431 1432 1435 1434)
5(3005 2383 2963 2160 4000)
5(2963 2384 3016 4001 2160)
4(2160 4001 4815 4000)
4(2385 4266 4815 4267)
4(3005 4000 4815 4266)
4(3016 4267 4815 4001)
5(3017 2387 2963 2160 4002)
4(2160 4000 5098 4002)
4(2388 4271 5098 4269)
4(3005 4269 5098 4000)
4(3017 4002 5098 4271)
5(3018 4003 2160 2963 2397)
4(2160 4003 5099 4001)
4(2398 4276 5099 4277)
4(3016 4001 5099 4276)
4(3018 4277 5099 4003)
4(2160 4002 5100 4003)
4(2400 4279 5100 4278)
4(3017 4278 5100 4002)
4(3018 4003 5100 4279)
4(5115 3470 4816 4005)
4(4816 3470 5116 4006)
4(2161 4009 5115 4005)
4(2161 4006 5116 4009)
4(5116 3470 5115 4009)
4(4816 3470 5085 4270)
4(4816 4271 5104 3470)
4(2388 3718 5104 4271)
4(5085 3470 5104 3718)
4(3008 4005 5115 4339)
4(5115 3470 5085 4339)
4(3017 4343 5116 4006)
4(3017 4271 5104 4343)
4(5116 4343 5104 3470)
4(5112 3471 5115 4005)
4(5117 3471 5112 4007)
4(2161 4009 5117 4007)
4(5115 3471 5117 4009)
4(5088 3471 5112 4273)
4(5112 3471 5118 4275)
4(5118 3471 5088 3724)
4(5088 3471 5115 4339)
4(3020 4007 5117 4355)
4(5118 4355 5117 3471)
4(5113 4006 5116 3472)
4(5113 3472 5120 4008)
4(2161 4008 5120 4009)
4(5120 3472 5116 4009)
4(5109 4278 5113 3472)
4(5121 3472 5113 4280)
4(2400 4278 5109 3734)
4(5109 3472 5121 3734)
4(3017 4343 5109 4278)
4(5109 4343 5116 3472)
4(3021 4368 5120 4008)
4(5121 3472 5120 4368)
4(5114 3473 5117 4007)
4(5114 4008 5120 3473)
4(5117 3473 5120 4009)
4(5123 3473 5114 4281)
4(5114 3473 5124 4282)
4(5124 3473 5123 3739)
4(5123 3473 5117 4355)
4(5124 4368 5120 3473)
4(5118 3728 4851 3474)
4(467 3728 5118 3724)
4(467 3727 4851 3728)
4(2455 4357 5128 4355)
4(2455 4355 5118 3728)
4(2455 3728 4851 4357)
4(5131 3740 5123 3475)
4(472 3739 5123 3740)
4(472 3740 5131 3742)
4(2455 3740 5123 4355)
4(2455 4357 5131 3740)
4(4854 3426 4855 4057)
4(4856 3426 4854 4058)
4(2178 4057 4855 4059)
4(2178 4059 4856 4058)
4(4855 3426 4856 4059)
4(4854 4353 4851 3426)
4(4854 3426 4852 4354)
4(4852 3426 4851 3727)
4(3025 4357 4855 4057)
4(4855 4357 4851 3426)
4(3067 4058 4856 4361)
4(4856 3426 4852 4361)
4(4855 3517 5253 4057)
4(5253 3517 5254 4060)
4(2178 4060 5254 4059)
4(5254 3517 4855 4059)
4(5253 3517 5131 4375)
4(5253 4376 4859 3517)
4(5131 3517 4859 3742)
4(4855 3517 5131 4357)
4(3080 4379 5254 4060)
4(5254 4379 4859 3517)
5(3135 2523 3081 4105 2194)
5(3135 2194 4106 3123 2524)
4(2194 4105 4896 4106)
4(2519 4450 4896 4449)
4(3081 4449 4896 4105)
4(3123 4106 4896 4450)
4(5255 3518 4856 4058)
4(5256 3518 5255 4061)
4(2178 4059 5256 4061)
4(4856 3518 5256 4059)
4(5255 4447 5212 3518)
4(5255 3518 4893 4449)
4(2519 4449 4893 3775)
4(4893 3518 5212 3775)
4(4856 4361 5212 3518)
4(3081 4061 5256 4453)
4(3081 4453 4893 4449)
4(5256 3518 4893 4453)
5(3136 4108 2194 3135 2534)
4(2194 4108 5381 4105)
4(2531 4471 5381 4472)
4(3081 4105 5381 4471)
4(3136 4472 5381 4108)
4(5254 3519 5257 4060)
4(5257 3519 5256 4061)
4(5254 4059 5256 3519)
4(5258 4470 5257 3519)
4(5259 3519 5257 4471)
4(2531 3790 5259 4471)
4(5258 3519 5259 3790)
4(5258 4379 5254 3519)
4(3081 4471 5259 4453)
4(5256 4453 5259 3519)
4(3139 2588 3191 2211)
4(3191 2589 3181 2211)
4(518 2589 3191 2588)
5(3137 2588 3135 2194 4109)
5(518 2588 3137 4545 2584)
4(2194 4106 5383 4109)
4(2584 4545 5383 4543)
4(3123 4543 5383 4106)
4(3137 4109 5383 4545)
4(3194 2599 3191 2211)
4(523 2588 3191 2599)
5(523 2596 4567 3137 2588)
4(2194 4109 5385 4108)
4(2596 4566 5385 4567)
4(3136 4108 5385 4566)
4(3137 4567 5385 4109)
4(3195 2211 3191 2653)
4(543 2652 3195 2653)
4(543 2653 3191 2589)
4(3252 2655 3195 2227)
4(3252 2227 3237 2656)
4(3237 2227 3195 2652)
4(548 2653 3195 2663)
4(548 2599 3191 2653)
4(3252 2665 3250 2227)
4(3250 2663 3195 2227)
4(3252 2227 3251 2720)
4(3251 2227 3237 2717)
4(569 2720 3251 2717)
4(3251 2728 3250 2227)
4(574 2728 3251 2720)
4(569 2721 3308 2720)
4(574 2720 3308 2730)
4(594 2785 3308 2721)
4(599 2730 3308 2785)
5(594 1379 1382 599 2785)
4(1379 1394 1397 1382)
4(1394 1395 1398 1397)
4(1395 1410 1413 1398)
4(1410 1411 1414 1413)
4(5065 3456 4812 3986)
4(4812 3456 5066 3987)
4(2156 3990 5065 3986)
4(2156 3987 5066 3990)
4(5066 3456 5065 3990)
4(4812 3456 5040 4255)
4(4812 4256 5060 3456)
4(5040 3456 5060 3696)
4(2992 3986 5065 4295)
4(5065 3456 5040 4295)
4(3003 4299 5066 3987)
4(5066 4299 5060 3456)
4(5062 3457 5065 3986)
4(5067 3457 5062 3988)
4(2156 3990 5067 3988)
4(5065 3457 5067 3990)
4(5043 3457 5062 4258)
4(5062 3457 5068 4260)
4(5068 3457 5043 3701)
4(5043 3457 5065 4295)
4(3004 3988 5067 4309)
4(5068 4309 5067 3457)
4(5063 3987 5066 3458)
4(5063 3458 5070 3989)
4(2156 3989 5070 3990)
4(5070 3458 5066 3990)
4(5061 4265 5063 3458)
4(5071 3458 5063 4266)
4(2385 3713 5071 4266)
4(5061 3458 5071 3713)
4(5061 4299 5066 3458)
4(3005 4329 5070 3989)
4(3005 4266 5071 4329)
4(5071 3458 5070 4329)
4(5064 3459 5067 3988)
4(5064 3989 5070 3459)
4(5067 3459 5070 3990)
4(5073 3459 5064 4268)
4(5064 3459 5074 4269)
4(2388 4269 5074 3718)
4(5074 3459 5073 3718)
4(5073 3459 5067 4309)
4(3005 4329 5074 4269)
4(5074 4329 5070 3459)
4(5079 4307 4827 3460)
4(5080 3460 4827 4311)
4(3009 4307 5079 3995)
4(3009 3995 5080 4311)
4(3009 4311 4827 4307)
4(4827 3704 5050 3460)
4(5068 3705 4827 3460)
4(461 3705 5068 3701)
4(461 3704 4827 3705)
4(2437 4305 5079 4307)
4(2437 4307 4827 3704)
4(2438 4311 5080 4309)
4(2438 4309 5068 3705)
4(2438 3705 4827 4311)
4(5083 4307 5079 3461)
4(5083 3461 5081 4322)
4(3009 4322 5081 3995)
4(3009 4307 5083 4322)
4(5053 3709 5083 3461)
4(5083 3711 5082 3461)
4(462 3711 5083 3709)
4(2437 3709 5083 4307)
4(2441 4321 5081 4322)
4(2441 4322 5083 3711)
4(5080 4311 5086 3462)
4(5086 4340 5084 3462)
4(3009 3995 5084 4340)
4(3009 4340 5086 4311)
4(5086 3719 5073 3462)
4(5085 3721 5086 3462)
4(466 3721 5085 3718)
4(466 3718 5073 3719)
4(466 3719 5086 3721)
4(2438 3719 5073 4309)
4(2438 4311 5086 3719)
4(2451 4340 5084 4339)
4(2451 4339 5085 3721)
4(2451 3721 5086 4340)
4(5089 4322 5081 3463)
4(5084 4340 5089 3463)
4(3009 4322 5089 4340)
4(5087 3725 5089 3463)
4(5089 3726 5088 3463)
4(467 3724 5088 3726)
4(467 3726 5089 3725)
4(2441 3725 5089 4322)
4(2451 3726 5088 4339)
4(2451 4340 5089 3726)
4(4833 3711 4835 3423)
4(4835 3712 4834 3423)
4(462 3712 4835 3711)
4(2441 4324 4837 4323)
4(4837 4324 4835 3423)
4(2441 3711 4835 4324)
4(5194 3725 5095 3500)
4(4852 3729 5194 3500)
4(467 3729 4852 3727)
4(467 3725 5194 3729)
4(4837 3500 5194 4324)
4(2441 4324 5194 3725)
4(4838 4328 4835 3423)
4(3063 4042 4837 4324)
4(3063 4328 4838 4042)
4(3063 4324 4835 4328)
4(2442 4327 4838 4328)
4(2442 4328 4835 3712)
4(5208 3500 5194 4359)
4(3063 4042 5208 4359)
4(3063 4359 5194 4324)
4(2456 4359 5208 4361)
4(2456 4361 4852 3729)
4(2456 3729 5194 4359)
4(4878 3429 4879 4088)
4(4880 3429 4878 4089)
4(2190 4088 4879 4090)
4(2190 4090 4880 4089)
4(4879 3429 4880 4090)
4(4878 4415 4875 3429)
4(4878 3429 4876 4416)
4(4876 3429 4875 3758)
4(3068 4419 4879 4088)
4(4879 4419 4875 3429)
4(3110 4089 4880 4423)
4(4880 3429 4876 4423)
4(4838 3501 5199 4328)
4(5210 4417 5199 3501)
4(3063 4417 5210 4042)
4(3063 4328 5199 4417)
4(5166 3755 5199 3501)
4(5199 3759 4875 3501)
4(487 3758 4875 3759)
4(487 3759 5199 3755)
4(2442 3755 5199 4328)
4(2506 4419 5210 4417)
4(2506 3759 4875 4419)
4(2506 4417 5199 3759)
4(4879 3544 5335 4088)
4(5335 3544 5336 4091)
4(2190 4091 5336 4090)
4(5336 3544 4879 4090)
4(5335 3544 5213 4448)
4(5335 4450 4894 3544)
4(2519 3775 4894 4450)
4(5213 3544 4894 3775)
4(4879 3544 5213 4419)
4(3123 4457 5336 4091)
4(3123 4450 4894 4457)
4(5336 4457 4894 3544)
4(5204 3502 5208 4359)
4(5204 4417 5210 3502)
4(3063 4417 5204 4359)
4(5204 3772 5212 3502)
4(5213 3773 5204 3502)
4(492 3775 5212 3772)
4(492 3773 5213 3775)
4(492 3772 5204 3773)
4(2456 3772 5212 4361)
4(2456 4359 5204 3772)
4(2506 4419 5213 3773)
4(2506 3773 5204 4417)
5(3178 2574 3124 4136 2206)
5(3178 2206 4137 3166 2575)
4(2206 4136 4920 4137)
4(2570 4512 4920 4511)
4(3124 4511 4920 4136)
4(3166 4137 4920 4512)
4(5337 3545 4880 4089)
4(5338 3545 5337 4092)
4(2190 4090 5338 4092)
4(4880 3545 5338 4090)
4(5337 4509 5294 3545)
4(5337 3545 4917 4511)
4(2570 4511 4917 3806)
4(4917 3545 5294 3806)
4(4880 4423 5294 3545)
4(3124 4092 5338 4515)
4(3124 4515 4917 4511)
4(5338 3545 4917 4515)
5(3179 4139 2206 3178 2589)
5(518 2584 4546 3179 2589)
4(2206 4139 5463 4136)
4(2584 4544 5463 4546)
4(3124 4136 5463 4544)
4(3179 4546 5463 4139)
4(5336 3546 5339 4091)
4(5339 3546 5338 4092)
4(5336 4090 5338 3546)
4(5340 4543 5339 3546)
4(5341 3546 5339 4544)
4(2584 4543 5340 3823)
4(2584 3823 5341 4544)
4(5340 3546 5341 3823)
4(3123 4457 5340 4543)
4(5340 4457 5336 3546)
4(3124 4544 5341 4515)
4(5338 4515 5341 3546)
4(3182 2639 3234 2223)
4(3234 2640 3224 2223)
4(538 2640 3234 2639)
5(3180 2639 3178 2206 4140)
5(538 2639 3180 4607 2635)
4(2206 4137 5465 4140)
4(2635 4607 5465 4605)
4(3166 4605 5465 4137)
4(3180 4140 5465 4607)
4(3237 2654 3234 2223)
4(543 2654 3237 2652)
4(543 2639 3234 2654)
5(543 2589 3179 4639 2649)
5(543 2649 4640 3180 2639)
4(2206 4140 5467 4139)
4(2649 4639 5467 4640)
4(3179 4139 5467 4639)
4(3180 4640 5467 4140)
4(3238 2223 3234 2704)
4(563 2703 3238 2704)
4(563 2704 3234 2640)
4(3295 2706 3238 2239)
4(3295 2239 3280 2707)
4(3280 2239 3238 2703)
4(568 2717 3237 2654)
4(568 2704 3238 2717)
4(568 2654 3234 2704)
4(3295 2721 3293 2239)
4(569 2717 3293 2721)
4(3293 2717 3238 2239)
4(3295 2239 3294 2771)
4(3294 2239 3280 2768)
4(589 2771 3294 2768)
4(594 2721 3293 2782)
4(3294 2782 3293 2239)
4(594 2782 3294 2771)
5(594 2786 619 1394 1379)
4(589 2772 3351 2771)
4(594 2771 3351 2786)
4(614 2836 3351 2772)
4(619 2786 3351 2836)
5(614 1391 1394 619 2836)
4(1394 1409 1410 1395)
4(1391 1406 1409 1394)
4(1406 1407 1410 1409)
4(1410 1425 1426 1411)
4(1407 1422 1425 1410)
4(1422 1423 1426 1425)
4(5037 3451 5041 4285)
4(5041 3451 5034 3697)
4(2421 4285 5041 3697)
4(2993 3978 5039 4296)
4(5041 4296 5039 3451)
4(2993 4296 5041 4285)
5(3031 2420 2993 4014 2168)
5(3046 2422 3031 2168 4015)
4(2421 4286 4818 4285)
4(2993 4285 4818 4014)
4(2168 4014 4818 4015)
4(3046 4015 4818 4286)
4(5044 3452 5038 4288)
4(5042 3452 5044 3702)
4(2424 3702 5044 4288)
4(5039 4296 5044 3452)
4(2993 4288 5044 4296)
5(3047 4016 2168 3031 2425)
4(2424 4288 5134 4290)
4(2993 4014 5134 4288)
4(2168 4016 5134 4014)
4(3047 4290 5134 4016)
4(5040 3698 5041 3451)
4(460 3698 5040 3696)
4(460 3697 5041 3698)
4(2434 4296 5039 4295)
4(2434 4295 5040 3698)
4(2434 3698 5041 4296)
4(5044 3703 5043 3452)
4(461 3701 5043 3703)
4(461 3703 5044 3702)
4(2434 3703 5043 4295)
4(2434 4296 5044 3703)
4(4819 4289 5051 3480)
4(4819 3480 5138 4290)
4(5138 3480 5051 3702)
4(2424 4290 5138 3702)
4(4819 4019 5149 3480)
4(2996 4306 5149 4019)
4(5149 4306 5051 3480)
4(5150 3480 4819 4020)
4(2169 4019 5149 4022)
4(2169 4022 5150 4020)
4(5149 3480 5150 4022)
4(3047 4020 5150 4313)
4(3047 4313 5138 4290)
4(5150 3480 5138 4313)
4(5054 4292 5148 3481)
4(5152 3481 5148 4294)
4(5054 3481 5152 3708)
4(5148 3481 5149 4019)
4(5054 4306 5149 3481)
4(5148 3481 5151 4021)
4(2169 4021 5151 4022)
4(5151 3481 5149 4022)
4(5152 3481 5151 4325)
4(3050 4325 5151 4021)
4(5051 3704 4828 3480)
4(461 3706 4828 3704)
4(461 3702 5138 3706)
4(4828 3706 5138 3480)
4(2437 4308 5149 4306)
4(2437 3704 4828 4308)
4(5149 4308 4828 3480)
4(5153 3709 5054 3481)
4(5152 3712 5153 3481)
4(462 3709 5153 3712)
4(2437 4308 5153 3709)
4(5149 3481 5153 4308)
4(2442 4326 5151 4325)
4(2442 3712 5153 4326)
4(5153 3481 5151 4326)
4(4862 3528 5280 4390)
4(5280 3528 5167 3756)
4(2492 4390 5280 3756)
4(5291 3528 5280 4421)
4(3106 4073 5291 4421)
4(3106 4421 5280 4390)
5(3106 4069 2185 3091 2493)
5(3091 2185 4067 3052 2488)
4(2492 4388 5276 4390)
4(3106 4390 5276 4069)
4(2185 4069 5276 4067)
4(3052 4067 5276 4388)
4(5159 4387 5155 3483)
4(5161 3483 5155 4388)
4(5159 3483 5161 3756)
4(2492 3756 5161 4388)
4(5151 4021 5155 3483)
4(5159 4325 5151 3483)
4(5155 3483 5156 4023)
4(2169 4023 5156 4022)
4(5151 4022 5156 3483)
4(3052 4402 5156 4023)
4(3052 4388 5161 4402)
4(5156 4402 5161 3483)
4(4876 3760 5280 3528)
4(487 3760 4876 3758)
4(487 3756 5280 3760)
4(2507 4421 5291 4423)
4(2507 4423 4876 3760)
4(2507 3760 5280 4421)
4(5160 3755 5159 3483)
4(487 3755 5160 3757)
4(5161 3757 5160 3483)
4(487 3757 5161 3756)
4(2442 4326 5160 3755)
4(5151 3483 5160 4326)
4(2202 4120 4904 4121)
4(3111 4485 4904 4120)
5(3162 2558 3151 2202 4121)
4(2557 4486 4904 4485)
4(3162 4121 4904 4486)
5(507 2558 3162 4486 2557)
4(5287 3529 5292 4483)
4(5295 3529 5287 3804)
4(2557 4485 5295 3804)
4(2557 3804 5287 4483)
4(5287 3529 5291 4421)
4(3106 4483 5287 4421)
5(3108 4071 2185 3091 2553)
5(507 2557 4484 3108 2553)
4(2557 4483 5283 4484)
4(3106 4069 5283 4483)
4(2185 4071 5283 4069)
4(3108 4484 5283 4071)
4(4904 3572 5418 4120)
4(5418 3572 5419 4122)
4(2202 4122 5419 4121)
4(5419 3572 4904 4121)
4(5418 3572 5295 4510)
4(5418 4512 4918 3572)
4(2570 3806 4918 4512)
4(5295 3572 4918 3806)
4(4904 3572 5295 4485)
4(3166 4519 5419 4122)
4(3166 4512 4918 4519)
4(5419 4519 4918 3572)
4(5287 3803 5294 3529)
4(512 3806 5294 3803)
4(512 3804 5295 3806)
4(512 3803 5287 3804)
4(2507 3803 5294 4423)
4(2507 4421 5287 3803)
5(3221 2625 3167 4168 2218)
4(3221 2218 3207 2626)
5(3207 2218 4168 3167 2621)
4(2202 4121 5420 4123)
4(3167 4123 5420 4581)
5(532 2621 3167 4581 2622)
4(2622 4581 5420 4579)
4(3162 4579 5420 4121)
5(532 2622 4579 3162 2558)
5(3222 4170 2218 3221 2640)
5(538 2635 4608 3222 2640)
4(2218 4170 5546 4168)
4(2635 4606 5546 4608)
4(3167 4168 5546 4606)
4(3222 4608 5546 4170)
4(5419 3573 5421 4122)
4(5421 3573 5420 4123)
4(5419 4121 5420 3573)
4(5422 4605 5421 3573)
4(5423 3573 5421 4606)
4(2635 4605 5422 3854)
4(2635 3854 5423 4606)
4(5422 3573 5423 3854)
4(3166 4519 5422 4605)
4(5422 4519 5419 3573)
4(5420 4581 5423 3573)
4(3167 4606 5423 4581)
4(3225 2690 3277 2235)
4(3277 2691 3266 2235)
4(558 2691 3277 2690)
5(3223 2690 3221 2218 4171)
4(558 2690 3223 2686)
5(3223 4171 2218 3207 2686)
4(3280 2705 3277 2235)
4(563 2705 3280 2703)
4(563 2690 3277 2705)
5(563 2640 3222 4701 2700)
5(563 2700 4702 3223 2690)
4(2218 4171 5549 4170)
4(2700 4701 5549 4702)
4(3222 4170 5549 4701)
4(3223 4702 5549 4171)
4(3281 2235 3277 2755)
4(583 2754 3281 2755)
4(583 2755 3277 2691)
4(3338 2757 3281 2251)
4(3338 2251 3322 2758)
4(3322 2251 3281 2754)
4(588 2768 3280 2705)
4(588 2755 3281 2768)
4(588 2705 3277 2755)
4(3338 2772 3336 2251)
4(589 2768 3336 2772)
4(3336 2768 3281 2251)
4(3338 2251 3337 2822)
4(3337 2251 3322 2819)
4(609 2822 3337 2819)
4(614 2772 3336 2833)
4(3337 2833 3336 2251)
4(614 2833 3337 2822)
5(614 2837 639 1406 1391)
4(609 2823 3394 2822)
4(614 2822 3394 2837)
5(634 1403 1406 639 2878)
4(634 2878 3394 2823)
4(639 2837 3394 2878)
4(1406 1421 1422 1407)
4(1403 1418 1421 1406)
4(1418 1419 1422 1421)
4(1422 1437 1438 1423)
4(1419 1434 1437 1422)
4(1434 1435 1438 1437)
4(3087 2180 3032 2485)
4(3087 2487 3085 2180)
4(480 2487 3087 2485)
5(3049 2485 3031 2168 4018)
5(480 2485 3049 4381 2486)
4(2168 4015 5140 4018)
4(2486 4381 5140 4380)
4(3046 4380 5140 4015)
4(3049 4018 5140 4381)
4(3087 2180 3086 2490)
4(481 2485 3087 2490)
5(481 2489 4384 3049 2485)
4(2168 4018 5141 4016)
4(2489 4383 5141 4384)
4(3047 4016 5141 4383)
4(3049 4384 5141 4018)
4(3145 2536 3088 2196)
4(3141 2538 3145 2196)
4(3088 2537 3141 2196)
4(3088 2180 3087 2550)
4(505 2537 3088 2550)
4(505 2550 3087 2487)
4(506 2550 3088 2540)
4(506 2490 3087 2550)
4(3145 2541 3142 2196)
4(3142 2540 3088 2196)
4(3145 2196 3144 2601)
4(525 2601 3144 2602)
4(3144 2196 3141 2602)
4(3144 2605 3142 2196)
4(526 2605 3144 2601)
4(525 2603 3201 2601)
4(526 2601 3201 2606)
4(550 2666 3201 2603)
4(551 2606 3201 2666)
5(550 1904 1907 551 2666)
4(1904 1916 1919 1907)
4(1916 1917 1920 1919)
4(1917 1929 1932 1920)
4(1929 1930 1933 1932)
5(3103 2490 3091 2185 4068)
5(481 2490 3103 4386 2489)
4(2185 4067 4861 4068)
4(2489 4386 4861 4385)
4(3052 4385 4861 4067)
4(3103 4068 4861 4386)
4(5150 4020 5154 3482)
4(5156 3482 5154 4023)
4(5150 3482 5156 4022)
4(5145 3482 5154 4383)
4(5154 3482 5158 4385)
4(2489 3750 5145 4383)
4(2489 4385 5158 3750)
4(5158 3482 5145 3750)
4(3047 4383 5145 4313)
4(5145 3482 5150 4313)
4(3052 4402 5158 4385)
4(5158 4402 5156 3482)
4(3147 2197 3092 2553)
4(3147 2555 3142 2197)
4(506 2540 3142 2555)
4(506 2555 3147 2553)
5(506 2554 4479 3103 2490)
5(506 2553 3108 4481 2554)
4(2185 4068 5282 4071)
4(2554 4481 5282 4479)
4(3103 4479 5282 4068)
4(3108 4071 5282 4481)
4(3147 2197 3146 2558)
4(507 2553 3147 2558)
4(3205 2604 3148 2213)
4(3198 2606 3205 2213)
4(526 2606 3198 2605)
4(3148 2605 3198 2213)
4(3148 2197 3147 2618)
4(531 2555 3142 2605)
4(531 2605 3148 2618)
4(531 2618 3147 2555)
4(532 2558 3147 2618)
4(532 2618 3148 2608)
4(3205 2609 3202 2213)
4(3202 2608 3148 2213)
4(3205 2213 3204 2669)
4(551 2670 3198 2606)
4(551 2669 3204 2670)
4(3204 2213 3198 2670)
4(3204 2673 3202 2213)
4(552 2673 3204 2669)
5(551 1907 1919 576 2671)
4(551 2671 3261 2669)
4(552 2669 3261 2674)
4(576 2734 3261 2671)
4(577 2674 3261 2734)
5(576 1919 1922 577 2734)
4(1919 1920 1932 1931)
4(1919 1931 1934 1922)
4(1931 1932 1935 1934)
4(1932 1933 1945 1944)
4(1932 1944 1947 1935)
4(1944 1945 1948 1947)
4(3207 2623 3202 2214)
4(532 2623 3207 2621)
4(532 2608 3202 2623)
4(3265 2672 3208 2230)
4(3258 2674 3265 2230)
4(552 2674 3258 2673)
4(3208 2673 3258 2230)
4(557 2686 3207 2623)
4(557 2623 3202 2673)
4(557 2673 3208 2686)
4(3265 2677 3262 2230)
4(3262 2676 3208 2230)
4(3265 2230 3264 2737)
4(577 2738 3258 2674)
4(577 2737 3264 2738)
4(3264 2230 3258 2738)
4(3264 2741 3262 2230)
4(578 2741 3264 2737)
5(577 1922 1934 602 2739)
4(577 2739 3321 2737)
4(578 2737 3321 2742)
4(602 2802 3321 2739)
4(603 2742 3321 2802)
5(602 1934 1937 603 2802)
4(1934 1935 1947 1946)
4(1934 1946 1949 1937)
4(1946 1947 1950 1949)
4(1947 1948 1960 1959)
4(1947 1959 1962 1950)
4(1959 1960 1963 1962)
4(3318 2742 3325 2247)
4(3267 2741 3318 2247)
4(578 2742 3318 2741)
4(3323 2247 3318 2806)
4(603 2806 3318 2742)
4(603 2805 3323 2806)
4(604 2805 3381 2809)
4(629 2809 3381 2867)
5(603 1937 1949 628 2807)
4(603 2807 3381 2805)
5(628 1949 1400 629 2867)
4(628 2867 3381 2807)
4(1949 1950 1962 1961)
4(1949 1961 1415 1400)
4(1961 1962 1416 1415)
4(1962 1963 1975 1974)
4(1962 1974 1431 1416)
4(1974 1975 1432 1431)
4(3263 2230 3262 2691)
4(558 2686 3263 2691)
4(3263 2686 3208 2230)
4(583 2691 3263 2751)
4(3264 2751 3263 2230)
4(583 2751 3264 2741)
4(3322 2756 3318 2247)
4(583 2756 3322 2754)
4(583 2741 3318 2756)
4(3380 2808 3323 2263)
4(3381 2809 3380 2263)
4(3381 2263 3323 2805)
4(608 2819 3322 2756)
4(608 2756 3318 2806)
4(608 2806 3323 2819)
4(3380 2823 3378 2263)
4(609 2819 3378 2823)
4(3378 2819 3323 2263)
4(634 659 1418 1403)
4(629 1400 1415 654)
4(654 1415 1418 659)
5(629 654 659 634 2869)
4(3380 2263 3379 2869)
4(3381 2867 3379 2263)
4(629 2869 3379 2867)
4(634 2823 3378 2876)
4(634 2876 3379 2869)
4(3379 2876 3378 2263)
4(1418 1433 1434 1419)
4(1415 1416 1431 1430)
4(1415 1430 1433 1418)
4(1430 1431 1434 1433)
4(1434 1449 1450 1435)
4(1431 1432 1447 1446)
4(1431 1446 1449 1434)
4(1446 1447 1450 1449)
4(5101 3466 4815 4000)
4(4815 3466 5102 4001)
4(2160 4004 5101 4000)
4(2160 4001 5102 4004)
4(5102 3466 5101 4004)
4(4815 3466 5071 4266)
4(4815 4267 5096 3466)
4(5071 3466 5096 3713)
4(3005 4000 5101 4329)
4(5101 3466 5071 4329)
4(3016 4333 5102 4001)
4(5102 4333 5096 3466)
4(5098 3467 5101 4000)
4(5103 3467 5098 4002)
4(2160 4004 5103 4002)
4(5101 3467 5103 4004)
4(5074 3467 5098 4269)
4(5098 3467 5104 4271)
4(5104 3467 5074 3718)
4(5074 3467 5101 4329)
4(3017 4002 5103 4343)
4(5104 4343 5103 3467)
4(5099 4001 5102 3468)
4(5099 3468 5106 4003)
4(2160 4003 5106 4004)
4(5106 3468 5102 4004)
4(5097 4276 5099 3468)
4(5107 3468 5099 4277)
4(5097 3468 5107 3730)
4(5097 4333 5102 3468)
4(3018 4363 5106 4003)
4(5107 3468 5106 4363)
4(5100 3469 5103 4002)
4(5100 4003 5106 3469)
4(5103 3469 5106 4004)
4(5109 3469 5100 4278)
4(5100 3469 5110 4279)
4(5110 3469 5109 3734)
4(5109 3469 5103 4343)
4(5110 4363 5106 3469)
4(5115 4341 4845 3470)
4(5116 3470 4845 4345)
4(3022 4341 5115 4009)
4(3022 4009 5116 4345)
4(3022 4345 4845 4341)
4(4845 3721 5085 3470)
4(5104 3722 4845 3470)
4(466 3722 5104 3718)
4(466 3721 4845 3722)
4(2451 4339 5115 4341)
4(2451 4341 4845 3721)
4(2452 4345 5116 4343)
4(2452 4343 5104 3722)
4(2452 3722 4845 4345)
4(5119 4341 5115 3471)
4(5119 3471 5117 4356)
4(3022 4356 5117 4009)
4(3022 4341 5119 4356)
4(5088 3726 5119 3471)
4(5119 3728 5118 3471)
4(467 3728 5119 3726)
4(2451 3726 5119 4341)
4(2455 4355 5117 4356)
4(2455 4356 5119 3728)
4(5116 4345 5122 3472)
4(5122 4369 5120 3472)
4(3022 4009 5120 4369)
4(3022 4369 5122 4345)
4(5122 3735 5109 3472)
4(5121 3737 5122 3472)
4(471 3734 5109 3735)
4(471 3735 5122 3737)
4(2452 3735 5109 4343)
4(2452 4345 5122 3735)
4(2464 4369 5120 4368)
4(2464 3737 5122 4369)
4(5125 4356 5117 3473)
4(5120 4369 5125 3473)
4(3022 4356 5125 4369)
4(5123 3740 5125 3473)
4(5125 3741 5124 3473)
4(472 3741 5125 3740)
4(2455 3740 5125 4356)
4(2464 4369 5125 3741)
4(4851 3728 4853 3426)
4(4853 3729 4852 3426)
4(467 3729 4853 3728)
4(2455 4358 4855 4357)
4(4855 4358 4853 3426)
4(2455 3728 4853 4358)
4(5240 3740 5131 3517)
4(4859 3743 5240 3517)
4(472 3740 5240 3743)
4(4855 3517 5240 4358)
4(2455 4358 5240 3740)
4(4856 4362 4853 3426)
4(3076 4059 4855 4358)
4(3076 4362 4856 4059)
4(3076 4358 4853 4362)
4(2456 4361 4856 4362)
4(2456 4362 4853 3729)
4(5254 3517 5240 4377)
4(3076 4059 5254 4377)
4(3076 4377 5240 4358)
4(2467 4377 5254 4379)
4(2467 3743 5240 4377)
4(4896 3432 4897 4105)
4(4898 3432 4896 4106)
4(2194 4105 4897 4107)
4(2194 4107 4898 4106)
4(4897 3432 4898 4107)
4(4896 4449 4893 3432)
4(4896 3432 4894 4450)
4(4894 3432 4893 3775)
4(3081 4453 4897 4105)
4(4897 4453 4893 3432)
4(3123 4106 4898 4457)
4(4898 3432 4894 4457)
4(4856 3518 5245 4362)
4(5256 4451 5245 3518)
4(3076 4451 5256 4059)
4(3076 4362 5245 4451)
4(5212 3772 5245 3518)
4(5245 3776 4893 3518)
4(492 3775 4893 3776)
4(492 3776 5245 3772)
4(2456 3772 5245 4362)
4(2520 4453 5256 4451)
4(2520 3776 4893 4453)
4(2520 4451 5245 3776)
4(4897 3561 5381 4105)
4(5381 3561 5382 4108)
4(2194 4108 5382 4107)
4(5382 3561 4897 4107)
4(5381 3561 5259 4471)
4(5381 4472 4901 3561)
4(5259 3561 4901 3790)
4(4897 3561 5259 4453)
4(3136 4475 5382 4108)
4(5382 4475 4901 3561)
4(5250 3519 5254 4377)
4(5250 4451 5256 3519)
4(3076 4451 5250 4377)
4(5250 3787 5258 3519)
4(5259 3788 5250 3519)
4(497 3788 5259 3790)
4(497 3787 5250 3788)
4(2467 4377 5250 3787)
4(2520 4453 5259 3788)
4(2520 3788 5250 4451)
5(3191 2588 3137 4153 2210)
5(3191 2210 4154 3179 2589)
4(2210 4153 4938 4154)
4(2584 4546 4938 4545)
4(3137 4545 4938 4153)
4(3179 4154 4938 4546)
4(5383 3562 4898 4106)
4(5384 3562 5383 4109)
4(2194 4107 5384 4109)
4(4898 3562 5384 4107)
4(5383 4543 5340 3562)
4(5383 3562 4935 4545)
4(2584 4545 4935 3823)
4(4935 3562 5340 3823)
4(4898 4457 5340 3562)
4(3137 4109 5384 4549)
4(3137 4549 4935 4545)
4(5384 3562 4935 4549)
5(3192 4156 2210 3191 2599)
4(2210 4156 5509 4153)
4(2596 4567 5509 4568)
4(3137 4153 5509 4567)
4(3192 4568 5509 4156)
4(5382 3563 5385 4108)
4(5385 3563 5384 4109)
4(5382 4107 5384 3563)
4(5386 4566 5385 3563)
4(5387 3563 5385 4567)
4(2596 3838 5387 4567)
4(5386 3563 5387 3838)
4(5386 4475 5382 3563)
4(3137 4567 5387 4549)
4(5384 4549 5387 3563)
4(3195 2653 3247 2227)
4(3247 2654 3237 2227)
4(543 2654 3247 2653)
5(3193 2653 3191 2210 4157)
5(543 2653 3193 4641 2649)
4(2210 4154 5511 4157)
4(2649 4641 5511 4639)
4(3179 4639 5511 4154)
4(3193 4157 5511 4641)
4(3250 2664 3247 2227)
4(548 2653 3247 2664)
5(548 2661 4663 3193 2653)
4(2210 4157 5513 4156)
4(2661 4662 5513 4663)
4(3192 4156 5513 4662)
4(3193 4663 5513 4157)
4(3251 2227 3247 2718)
4(568 2717 3251 2718)
4(568 2718 3247 2654)
4(3308 2720 3251 2243)
4(3308 2243 3293 2721)
4(3293 2243 3251 2717)
4(573 2718 3251 2728)
4(573 2664 3247 2718)
4(3308 2730 3306 2243)
4(3306 2728 3251 2243)
4(3308 2243 3307 2785)
4(3307 2243 3293 2782)
4(594 2785 3307 2782)
4(3307 2793 3306 2243)
4(599 2793 3307 2785)
4(594 2786 3364 2785)
4(599 2785 3364 2795)
4(619 2850 3364 2786)
4(624 2795 3364 2850)
5(619 1394 1397 624 2850)
4(1394 1409 1412 1397)
4(1409 1410 1413 1412)
4(1410 1425 1428 1413)
4(1425 1426 1429 1428)
4(5065 4297 4821 3456)
4(5066 3456 4821 4300)
4(3006 4297 5065 3990)
4(3006 3990 5066 4300)
4(3006 4300 4821 4297)
4(4821 3698 5040 3456)
4(5060 3699 4821 3456)
4(460 3698 4821 3699)
4(2434 4295 5065 4297)
4(2434 4297 4821 3698)
4(2435 4300 5066 4299)
4(2435 3699 4821 4300)
4(5069 4297 5065 3457)
4(5069 3457 5067 4310)
4(3006 4310 5067 3990)
4(3006 4297 5069 4310)
4(5043 3703 5069 3457)
4(5069 3705 5068 3457)
4(461 3705 5069 3703)
4(2434 3703 5069 4297)
4(2438 4309 5067 4310)
4(2438 4310 5069 3705)
4(5066 4300 5072 3458)
4(5072 4330 5070 3458)
4(3006 3990 5070 4330)
4(3006 4330 5072 4300)
4(5072 3714 5061 3458)
4(5071 3715 5072 3458)
4(465 3715 5071 3713)
4(465 3714 5072 3715)
4(2435 4300 5072 3714)
4(2448 4330 5070 4329)
4(2448 4329 5071 3715)
4(2448 3715 5072 4330)
4(5075 4310 5067 3459)
4(5070 4330 5075 3459)
4(3006 4310 5075 4330)
4(5073 3719 5075 3459)
4(5075 3720 5074 3459)
4(466 3718 5074 3720)
4(466 3720 5075 3719)
4(2438 3719 5075 4310)
4(2448 3720 5074 4329)
4(2448 4330 5075 3720)
4(4830 3422 4827 4307)
4(4831 4311 4827 3422)
4(3009 4034 4830 4307)
4(3009 4311 4831 4034)
4(4830 4034 4831 3422)
4(4828 3704 4827 3422)
4(4827 3705 4829 3422)
4(461 3706 4829 3705)
4(4829 3706 4828 3422)
4(2437 4307 4830 4308)
4(4830 3422 4828 4308)
4(2438 4312 4831 4311)
4(2438 3705 4829 4312)
4(4831 4312 4829 3422)
4(4830 4307 5083 3493)
4(5189 3493 5083 4322)
4(3009 4034 5189 4322)
4(5189 4034 4830 3493)
4(5083 3709 5153 3493)
4(4835 3711 5083 3493)
4(5153 3712 4835 3493)
4(4830 4308 5153 3493)
4(2441 4322 5189 4324)
4(5189 3493 4835 4324)
4(4831 3494 5086 4311)
4(5191 4340 5086 3494)
4(3009 4340 5191 4034)
4(4831 4034 5191 3494)
4(5176 3719 5086 3494)
4(5086 3721 4846 3494)
4(466 3723 4846 3721)
4(466 3719 5176 3723)
4(4846 3723 5176 3494)
4(2438 4312 5176 3719)
4(4831 3494 5176 4312)
4(2451 4342 5191 4340)
4(2451 3721 4846 4342)
4(5191 4342 4846 3494)
4(5089 3495 5189 4322)
4(5089 4340 5191 3495)
4(5189 3495 5191 4034)
4(5089 3725 5194 3495)
4(5195 3726 5089 3495)
4(5194 3729 5195 3495)
4(467 3726 5195 3729)
4(5194 3495 5189 4324)
4(2451 4342 5195 3726)
4(5191 3495 5195 4342)
4(5190 3493 4835 4328)
4(3063 4324 5189 4037)
4(3063 4037 5190 4328)
4(5190 4037 5189 3493)
4(2442 4328 5190 4326)
4(5190 3493 5153 4326)
4(5194 3495 5193 4359)
4(3063 4359 5193 4037)
4(5189 4037 5193 3495)
4(2456 4360 5193 4359)
4(2456 3729 5195 4360)
4(5195 3495 5193 4360)
4(4879 3429 4877 4420)
4(4880 4424 4877 3429)
4(3119 4090 4879 4420)
4(3119 4424 4880 4090)
4(3119 4420 4877 4424)
4(4875 3759 4877 3429)
4(4877 3760 4876 3429)
4(487 3760 4877 3759)
4(2506 4420 4879 4419)
4(2506 3759 4877 4420)
4(2507 4423 4880 4424)
4(2507 4424 4877 3760)
4(5190 4328 5199 3497)
4(5199 4417 5198 3497)
4(3063 4037 5198 4417)
4(5198 4037 5190 3497)
4(5199 3755 5160 3497)
4(5200 3759 5199 3497)
4(487 3759 5200 3757)
4(5160 3757 5200 3497)
4(5160 3497 5190 4326)
4(2506 4417 5198 4418)
4(2506 4418 5200 3759)
4(5200 4418 5198 3497)
4(4879 4420 5322 3544)
4(5336 3544 5322 4455)
4(3119 4090 5336 4455)
4(3119 4455 5322 4420)
4(5322 3773 5213 3544)
4(4894 3777 5322 3544)
4(492 3777 4894 3775)
4(492 3773 5322 3777)
4(2506 4420 5322 3773)
4(2521 4455 5336 4457)
4(2521 4457 4894 3777)
4(2521 3777 5322 4455)
4(5204 4359 5193 3499)
4(5204 3499 5198 4417)
4(5193 4037 5198 3499)
4(5205 3772 5204 3499)
4(5204 3773 5206 3499)
4(492 3772 5205 3774)
4(492 3774 5206 3773)
4(5206 3774 5205 3499)
4(2456 4360 5205 3772)
4(5193 3499 5205 4360)
4(2506 3773 5206 4418)
4(5206 3499 5198 4418)
4(4920 3435 4921 4136)
4(4922 3435 4920 4137)
4(2206 4136 4921 4138)
4(2206 4138 4922 4137)
4(4921 3435 4922 4138)
4(4920 4511 4917 3435)
4(4920 3435 4918 4512)
4(4918 3435 4917 3806)
4(3124 4515 4921 4136)
4(4921 4515 4917 3435)
4(3166 4137 4922 4519)
4(4922 3435 4918 4519)
4(4880 3545 5327 4424)
4(5338 4513 5327 3545)
4(3119 4513 5338 4090)
4(3119 4424 5327 4513)
4(5294 3803 5327 3545)
4(5327 3807 4917 3545)
4(512 3806 4917 3807)
4(512 3807 5327 3803)
4(2507 3803 5327 4424)
4(2571 4515 5338 4513)
4(2571 3807 4917 4515)
4(2571 4513 5327 3807)
4(4921 3588 5463 4136)
4(5463 3588 5464 4139)
4(2206 4139 5464 4138)
4(5464 3588 4921 4138)
4(5463 3588 5341 4544)
4(5463 4546 4936 3588)
4(2584 3823 4936 4546)
4(5341 3588 4936 3823)
4(4921 3588 5341 4515)
4(3179 4553 5464 4139)
4(3179 4546 4936 4553)
4(5464 4553 4936 3588)
4(5332 3546 5336 4455)
4(5332 4513 5338 3546)
4(3119 4513 5332 4455)
4(5332 3820 5340 3546)
4(5341 3821 5332 3546)
4(517 3823 5340 3820)
4(517 3821 5341 3823)
4(517 3820 5332 3821)
4(2521 3820 5340 4457)
4(2521 4455 5332 3820)
4(2571 4515 5341 3821)
4(2571 3821 5332 4513)
5(3234 2639 3180 4184 2222)
5(3234 2222 4185 3222 2640)
4(2222 4184 4962 4185)
4(2635 4608 4962 4607)
4(3180 4607 4962 4184)
4(3222 4185 4962 4608)
4(5465 3589 4922 4137)
4(5466 3589 5465 4140)
4(2206 4138 5466 4140)
4(4922 3589 5466 4138)
4(5465 4605 5422 3589)
4(5465 3589 4959 4607)
4(2635 4607 4959 3854)
4(4959 3589 5422 3854)
4(4922 4519 5422 3589)
4(3180 4140 5466 4611)
4(3180 4611 4959 4607)
4(5466 3589 4959 4611)
5(3235 4187 2222 3234 2654)
5(543 2649 4642 3235 2654)
4(2222 4187 5591 4184)
4(2649 4640 5591 4642)
4(3180 4184 5591 4640)
4(3235 4642 5591 4187)
4(5464 3590 5467 4139)
4(5467 3590 5466 4140)
4(5464 4138 5466 3590)
4(5468 4639 5467 3590)
4(5469 3590 5467 4640)
4(2649 4639 5468 3871)
4(2649 3871 5469 4640)
4(5468 3590 5469 3871)
4(3179 4553 5468 4639)
4(5468 4553 5464 3590)
4(3180 4640 5469 4611)
4(5466 4611 5469 3590)
4(3238 2704 3290 2239)
4(3290 2705 3280 2239)
4(563 2705 3290 2704)
5(3236 2704 3234 2222 4188)
5(563 2704 3236 4703 2700)
4(2222 4185 5593 4188)
4(2700 4703 5593 4701)
4(3222 4701 5593 4185)
4(3236 4188 5593 4703)
4(3293 2719 3290 2239)
4(568 2719 3293 2717)
4(568 2704 3290 2719)
5(568 2654 3235 4735 2714)
5(568 2714 4736 3236 2704)
4(2222 4188 5595 4187)
4(2714 4735 5595 4736)
4(3235 4187 5595 4735)
4(3236 4736 5595 4188)
4(3294 2239 3290 2769)
4(588 2768 3294 2769)
4(588 2769 3290 2705)
4(3351 2771 3294 2255)
4(3351 2255 3336 2772)
4(3336 2255 3294 2768)
4(593 2782 3293 2719)
4(593 2769 3294 2782)
4(593 2719 3290 2769)
4(3351 2786 3349 2255)
4(594 2782 3349 2786)
4(3349 2782 3294 2255)
4(3351 2255 3350 2836)
4(3350 2255 3336 2833)
4(614 2836 3350 2833)
4(619 2786 3349 2847)
4(3350 2847 3349 2255)
4(619 2847 3350 2836)
5(619 2851 644 1409 1394)
4(614 2837 3407 2836)
4(619 2836 3407 2851)
5(639 1406 1409 644 2887)
4(639 2887 3407 2837)
4(644 2851 3407 2887)
4(1409 1424 1425 1410)
4(1406 1421 1424 1409)
4(1421 1422 1425 1424)
4(1425 1440 1441 1426)
4(1422 1437 1440 1425)
4(1437 1438 1441 1440)
4(4818 4285 5041 3476)
4(4818 3476 5132 4286)
4(5132 3476 5041 3697)
4(4818 4014 5135 3476)
4(2993 4296 5135 4014)
4(5135 4296 5041 3476)
4(5136 3476 4818 4015)
4(2168 4014 5135 4017)
4(2168 4017 5136 4015)
4(5135 3476 5136 4017)
4(3046 4015 5136 4302)
4(5136 3476 5132 4302)
4(5044 4288 5134 3477)
4(5138 3477 5134 4290)
4(5044 3477 5138 3702)
4(5134 3477 5135 4014)
4(5044 4296 5135 3477)
4(5134 3477 5137 4016)
4(2168 4016 5137 4017)
4(5137 3477 5135 4017)
4(3047 4313 5137 4016)
4(5138 3477 5137 4313)
4(5041 3698 4822 3476)
4(460 3700 4822 3698)
4(4822 3700 5132 3476)
4(2434 4298 5135 4296)
4(2434 3698 4822 4298)
4(5135 4298 4822 3476)
4(5139 3703 5044 3477)
4(461 3703 5139 3706)
4(5138 3706 5139 3477)
4(2434 4298 5139 3703)
4(5135 3477 5139 4298)
4(5150 4315 4828 3480)
4(3051 4022 5149 4308)
4(3051 4315 5150 4022)
4(3051 4308 4828 4315)
4(2439 4313 5150 4315)
4(2439 4315 4828 3706)
4(2439 3706 5138 4313)
4(3051 4022 5151 4326)
4(3051 4326 5153 4308)
4(5280 3525 5276 4390)
4(5161 4388 5276 3525)
4(5161 3525 5280 3756)
4(5276 4069 5279 3525)
4(5280 3525 5279 4421)
4(3106 4421 5279 4069)
4(5276 4067 5277 3525)
4(2185 4069 5279 4070)
4(2185 4070 5277 4067)
4(5279 3525 5277 4070)
4(3052 4067 5277 4402)
4(5161 4402 5277 3525)
4(5160 4401 5156 3483)
4(3051 4022 5156 4401)
4(3051 4401 5160 4326)
4(2502 4401 5156 4402)
4(2502 3757 5160 4401)
4(2502 4402 5161 3757)
4(5280 3760 5281 3525)
4(487 3757 5281 3760)
4(5281 3757 5161 3525)
4(2507 4422 5279 4421)
4(2507 3760 5281 4422)
4(5281 3525 5279 4422)
4(4904 3572 5408 4486)
4(5408 3572 5295 3804)
4(2557 4486 5408 3804)
4(5419 3572 5408 4517)
4(3162 4121 5419 4517)
4(3162 4517 5408 4486)
5(3162 4117 2201 3147 2558)
5(3147 2201 4115 3108 2553)
4(2557 4484 5404 4486)
4(3162 4486 5404 4117)
4(2201 4117 5404 4115)
4(3108 4115 5404 4484)
4(5287 4483 5283 3527)
4(5289 3527 5283 4484)
4(5287 3527 5289 3804)
4(2557 3804 5289 4484)
4(5279 4069 5283 3527)
4(5287 4421 5279 3527)
4(5283 3527 5284 4071)
4(2185 4071 5284 4070)
4(5279 4070 5284 3527)
4(3108 4498 5284 4071)
4(3108 4484 5289 4498)
4(5284 4498 5289 3527)
4(4918 3808 5408 3572)
4(512 3808 4918 3806)
4(512 3804 5408 3808)
4(2572 4517 5419 4519)
4(2572 4519 4918 3808)
4(2572 3808 5408 4517)
4(5288 3803 5287 3527)
4(512 3803 5288 3805)
4(5289 3805 5288 3527)
4(512 3805 5289 3804)
4(2507 4422 5288 3803)
4(5279 3527 5288 4422)
4(2218 4168 4946 4169)
4(3167 4581 4946 4168)
5(3218 2623 3207 2218 4169)
4(2622 4582 4946 4581)
4(3218 4169 4946 4582)
5(532 2623 3218 4582 2622)
4(5415 3573 5420 4579)
4(5423 3573 5415 3852)
4(2622 4581 5423 3852)
4(2622 3852 5415 4579)
4(5415 3573 5419 4517)
4(3162 4579 5415 4517)
5(3164 4119 2201 3147 2618)
5(532 2622 4580 3164 2618)
4(2622 4579 5411 4580)
4(3162 4117 5411 4579)
4(2201 4119 5411 4117)
4(3164 4580 5411 4119)
4(4946 3616 5546 4168)
4(5546 3616 5547 4170)
4(2218 4170 5547 4169)
4(5547 3616 4946 4169)
4(5546 3616 5423 4606)
4(5546 4608 4960 3616)
4(2635 3854 4960 4608)
4(5423 3616 4960 3854)
4(4946 3616 5423 4581)
4(3222 4615 5547 4170)
4(3222 4608 4960 4615)
4(5547 4615 4960 3616)
4(5415 3851 5422 3573)
4(537 3854 5422 3851)
4(537 3852 5423 3854)
4(537 3851 5415 3852)
4(2572 3851 5422 4519)
4(2572 4517 5415 3851)
5(3277 2690 3223 4216 2234)
4(3277 2234 3263 2691)
5(3263 2234 4216 3223 2686)
4(2218 4169 5548 4171)
4(3223 4171 5548 4677)
5(557 2686 3223 4677 2687)
4(2687 4677 5548 4675)
4(3218 4675 5548 4169)
5(557 2687 4675 3218 2623)
5(3278 4218 2234 3277 2705)
5(563 2700 4704 3278 2705)
4(2234 4218 5674 4216)
4(2700 4702 5674 4704)
4(3223 4216 5674 4702)
4(3278 4704 5674 4218)
4(5547 3617 5549 4170)
4(5549 3617 5548 4171)
4(5547 4169 5548 3617)
4(5550 4701 5549 3617)
4(5551 3617 5549 4702)
4(2700 4701 5550 3902)
4(2700 3902 5551 4702)
4(5550 3617 5551 3902)
4(3222 4615 5550 4701)
4(5550 4615 5547 3617)
4(5548 4677 5551 3617)
4(3223 4702 5551 4677)
4(3281 2755 3333 2251)
4(3333 2756 3322 2251)
4(583 2756 3333 2755)
5(3279 2755 3277 2234 4219)
4(583 2755 3279 2751)
5(3279 4219 2234 3263 2751)
4(3336 2770 3333 2251)
4(588 2770 3336 2768)
4(588 2755 3333 2770)
5(588 2705 3278 4783 2765)
5(588 2765 4784 3279 2755)
4(2234 4219 5677 4218)
4(2765 4783 5677 4784)
4(3278 4218 5677 4783)
4(3279 4784 5677 4219)
4(3337 2251 3333 2820)
4(608 2819 3337 2820)
4(608 2820 3333 2756)
4(3394 2822 3337 2267)
4(3394 2267 3378 2823)
4(3378 2267 3337 2819)
4(613 2833 3336 2770)
4(613 2770 3333 2820)
4(613 2820 3337 2833)
4(3394 2837 3392 2267)
4(614 2833 3392 2837)
4(3392 2833 3337 2267)
4(639 664 1421 1406)
4(659 1418 1421 664)
5(634 659 664 639 2878)
4(3394 2267 3393 2878)
4(634 2878 3393 2876)
4(3393 2267 3378 2876)
4(639 2837 3392 2885)
4(639 2885 3393 2878)
4(3393 2885 3392 2267)
4(1421 1436 1437 1422)
4(1418 1433 1436 1421)
4(1433 1434 1437 1436)
4(1437 1452 1453 1438)
4(1434 1449 1452 1437)
4(1449 1450 1453 1452)
5(3087 2485 3049 4062 2184)
5(3102 2487 3087 2184 4063)
4(2184 4062 4860 4063)
4(2486 4382 4860 4381)
4(3049 4381 4860 4062)
4(3102 4063 4860 4382)
4(5136 4015 5140 3478)
4(5142 3478 5140 4018)
4(2168 4017 5142 4018)
4(5136 3478 5142 4017)
4(5133 3478 5140 4380)
4(5140 3478 5144 4381)
4(2486 4381 5144 3745)
4(5144 3478 5133 3745)
4(5133 3478 5136 4302)
4(3049 4018 5142 4392)
4(3049 4392 5144 4381)
4(5144 4392 5142 3478)
5(3103 4064 2184 3087 2490)
4(2184 4064 5262 4062)
4(2489 4384 5262 4386)
4(3049 4062 5262 4384)
4(3103 4386 5262 4064)
4(5137 3479 5141 4016)
4(5141 3479 5142 4018)
4(5137 4017 5142 3479)
4(5145 4383 5141 3479)
4(5147 3479 5141 4384)
4(2489 3750 5147 4384)
4(5145 3479 5147 3750)
4(5145 4313 5137 3479)
4(3049 4384 5147 4392)
4(5142 4392 5147 3479)
4(3143 2196 3088 2550)
4(3143 2552 3141 2196)
4(505 2552 3143 2550)
5(3105 2550 3087 2184 4066)
5(505 2550 3105 4477 2551)
4(2184 4063 5268 4066)
4(2551 4477 5268 4476)
4(3102 4476 5268 4063)
4(3105 4066 5268 4477)
4(3143 2196 3142 2555)
4(506 2550 3143 2555)
5(506 2554 4480 3105 2550)
4(2184 4066 5269 4064)
4(2554 4479 5269 4480)
4(3103 4064 5269 4479)
4(3105 4480 5269 4066)
4(3201 2601 3144 2212)
4(3197 2603 3201 2212)
4(3144 2602 3197 2212)
4(3144 2196 3143 2615)
4(530 2602 3144 2615)
4(530 2615 3143 2552)
4(531 2615 3144 2605)
4(531 2555 3143 2615)
4(3201 2606 3198 2212)
4(3198 2605 3144 2212)
4(3201 2212 3200 2666)
4(550 2666 3200 2667)
4(3200 2212 3197 2667)
4(3200 2670 3198 2212)
4(551 2670 3200 2666)
4(550 2668 3257 2666)
4(551 2666 3257 2671)
4(575 2731 3257 2668)
4(576 2671 3257 2731)
5(575 1916 1919 576 2731)
4(1916 1928 1931 1919)
4(1928 1929 1932 1931)
4(1929 1941 1944 1932)
4(1941 1942 1945 1944)
4(4861 3524 5277 4067)
4(5278 3524 4861 4068)
4(2185 4070 5278 4068)
4(5277 3524 5278 4070)
4(4861 4385 5158 3524)
4(4861 3524 5266 4386)
4(2489 4386 5266 3750)
4(5266 3524 5158 3750)
4(5277 4402 5158 3524)
4(3103 4068 5278 4409)
4(3103 4409 5266 4386)
4(5278 3524 5266 4409)
4(5157 4315 5150 3482)
4(5157 3482 5156 4401)
4(3051 4315 5157 4401)
4(5145 3749 5157 3482)
4(5157 3752 5158 3482)
4(486 3749 5145 3750)
4(486 3750 5158 3752)
4(486 3752 5157 3749)
4(2439 4313 5145 3749)
4(2439 3749 5157 4315)
4(2502 3752 5158 4402)
4(2502 4401 5157 3752)
5(3159 2555 3147 2201 4116)
5(506 2555 3159 4482 2554)
4(2201 4115 4903 4116)
4(2554 4482 4903 4481)
4(3108 4481 4903 4115)
4(3159 4116 4903 4482)
4(5278 4068 5282 3526)
4(5284 3526 5282 4071)
4(5278 3526 5284 4070)
4(5273 3526 5282 4479)
4(5282 3526 5286 4481)
4(2554 3798 5273 4479)
4(2554 4481 5286 3798)
4(5286 3526 5273 3798)
4(3103 4479 5273 4409)
4(5273 3526 5278 4409)
4(3108 4498 5286 4481)
4(5286 4498 5284 3526)
4(3203 2213 3148 2618)
4(3203 2620 3198 2213)
4(531 2605 3198 2620)
4(531 2620 3203 2618)
5(531 2619 4575 3159 2555)
5(531 2618 3164 4577 2619)
4(2201 4116 5410 4119)
4(2619 4577 5410 4575)
4(3159 4575 5410 4116)
4(3164 4119 5410 4577)
4(3203 2213 3202 2623)
4(532 2618 3203 2623)
4(3261 2669 3204 2229)
4(3254 2671 3261 2229)
4(551 2671 3254 2670)
4(3204 2670 3254 2229)
4(3204 2213 3203 2683)
4(556 2620 3198 2670)
4(556 2670 3204 2683)
4(556 2683 3203 2620)
4(557 2623 3203 2683)
4(557 2683 3204 2673)
4(3261 2674 3258 2229)
4(3258 2673 3204 2229)
4(3261 2229 3260 2734)
4(576 2735 3254 2671)
4(576 2734 3260 2735)
4(3260 2229 3254 2735)
4(3260 2738 3258 2229)
4(577 2738 3260 2734)
5(576 1919 1931 601 2736)
4(576 2736 3317 2734)
4(577 2734 3317 2739)
4(601 2799 3317 2736)
4(602 2739 3317 2799)
5(601 1931 1934 602 2799)
4(1931 1932 1944 1943)
4(1931 1943 1946 1934)
4(1943 1944 1947 1946)
4(1944 1945 1957 1956)
4(1944 1956 1959 1947)
4(1956 1957 1960 1959)
4(3263 2688 3258 2230)
4(557 2688 3263 2686)
4(557 2673 3258 2688)
4(3321 2737 3264 2246)
4(3314 2739 3321 2246)
4(577 2739 3314 2738)
4(3264 2738 3314 2246)
4(582 2751 3263 2688)
4(582 2688 3258 2738)
4(582 2738 3264 2751)
4(3321 2742 3318 2246)
4(3318 2741 3264 2246)
4(3321 2246 3320 2802)
4(602 2803 3314 2739)
4(602 2802 3320 2803)
4(3320 2246 3314 2803)
4(3320 2806 3318 2246)
4(603 2806 3320 2802)
5(602 1934 1946 627 2804)
4(602 2804 3377 2802)
4(603 2802 3377 2807)
5(627 1946 1949 628 2865)
4(627 2865 3377 2804)
4(628 2807 3377 2865)
4(1946 1947 1959 1958)
4(1946 1958 1961 1949)
4(1958 1959 1962 1961)
4(1959 1960 1972 1971)
4(1959 1971 1974 1962)
4(1971 1972 1975 1974)
4(3374 2807 3381 2263)
4(3323 2806 3374 2263)
4(603 2807 3374 2806)
5(628 653 654 629 2867)
4(628 1949 1961 653)
4(653 1961 1415 654)
4(628 2867 3379 2868)
4(3379 2263 3374 2868)
4(628 2868 3374 2807)
4(1961 1962 1974 1973)
4(1961 1973 1430 1415)
4(1973 1974 1431 1430)
4(1974 1975 1987 1986)
4(1974 1986 1446 1431)
4(1986 1987 1447 1446)
4(3319 2246 3318 2756)
4(583 2751 3319 2756)
4(3319 2751 3264 2246)
4(608 2756 3319 2816)
4(3320 2816 3319 2246)
4(608 2816 3320 2806)
4(3378 2821 3374 2263)
4(608 2821 3378 2819)
4(608 2806 3374 2821)
4(659 684 1433 1418)
4(654 1415 1430 679)
4(654 679 684 659)
4(679 1430 1433 684)
4(633 2876 3379 2868)
5(633 658 659 634 2876)
4(653 654 659 658)
5(628 653 658 633 2868)
4(633 2876 3378 2821)
4(633 2821 3374 2868)
4(1433 1448 1449 1434)
4(1430 1431 1446 1445)
4(1430 1445 1448 1433)
4(1445 1446 1449 1448)
4(1449 1464 1465 1450)
4(1446 1447 1462 1461)
4(1446 1461 1464 1449)
4(1461 1462 1465 1464)
4(5101 4331 4839 3466)
4(5102 3466 4839 4334)
4(3019 4331 5101 4004)
4(3019 4004 5102 4334)
4(3019 4334 4839 4331)
4(4839 3715 5071 3466)
4(5096 3716 4839 3466)
4(465 3715 4839 3716)
4(2448 4329 5101 4331)
4(2448 4331 4839 3715)
4(2449 4334 5102 4333)
4(2449 3716 4839 4334)
4(5105 4331 5101 3467)
4(5105 3467 5103 4344)
4(3019 4344 5103 4004)
4(3019 4331 5105 4344)
4(5074 3720 5105 3467)
4(5105 3722 5104 3467)
4(466 3722 5105 3720)
4(2448 3720 5105 4331)
4(2452 4343 5103 4344)
4(2452 4344 5105 3722)
4(5102 4334 5108 3468)
4(5108 4364 5106 3468)
4(3019 4004 5106 4364)
4(3019 4364 5108 4334)
4(5108 3731 5097 3468)
4(5107 3732 5108 3468)
4(470 3731 5108 3732)
4(2449 4334 5108 3731)
4(2462 4364 5106 4363)
4(2462 3732 5108 4364)
4(5111 4344 5103 3469)
4(5106 4364 5111 3469)
4(3019 4344 5111 4364)
4(5109 3735 5111 3469)
4(5111 3736 5110 3469)
4(471 3736 5111 3735)
4(2452 3735 5111 4344)
4(2462 4364 5111 3736)
4(4848 3425 4845 4341)
4(4849 4345 4845 3425)
4(3022 4051 4848 4341)
4(3022 4345 4849 4051)
4(4848 4051 4849 3425)
4(4846 3721 4845 3425)
4(4845 3722 4847 3425)
4(466 3723 4847 3722)
4(4847 3723 4846 3425)
4(2451 4341 4848 4342)
4(4848 3425 4846 4342)
4(2452 4346 4849 4345)
4(2452 3722 4847 4346)
4(4849 4346 4847 3425)
4(4848 4341 5119 3510)
4(5235 3510 5119 4356)
4(3022 4051 5235 4356)
4(5235 4051 4848 3510)
4(5119 3726 5195 3510)
4(4853 3728 5119 3510)
4(5195 3729 4853 3510)
4(4848 4342 5195 3510)
4(2455 4356 5235 4358)
4(5235 3510 4853 4358)
4(4849 3511 5122 4345)
4(5237 4369 5122 3511)
4(3022 4369 5237 4051)
4(4849 4051 5237 3511)
4(5222 3735 5122 3511)
4(5122 3737 4858 3511)
4(471 3735 5222 3738)
4(4858 3738 5222 3511)
4(2452 4346 5222 3735)
4(4849 3511 5222 4346)
4(2464 4370 5237 4369)
4(5237 4370 4858 3511)
4(5125 3512 5235 4356)
4(5125 4369 5237 3512)
4(5235 3512 5237 4051)
4(5125 3740 5240 3512)
4(5241 3741 5125 3512)
4(5240 3743 5241 3512)
4(5240 3512 5235 4358)
4(5237 3512 5241 4370)
4(5236 3510 4853 4362)
4(3076 4358 5235 4054)
4(3076 4054 5236 4362)
4(5236 4054 5235 3510)
4(2456 4362 5236 4360)
4(5236 3510 5195 4360)
4(5240 3512 5239 4377)
4(3076 4377 5239 4054)
4(5235 4054 5239 3512)
4(2467 4378 5239 4377)
4(5241 3512 5239 4378)
4(4897 3432 4895 4454)
4(4898 4458 4895 3432)
4(3132 4107 4897 4454)
4(3132 4458 4898 4107)
4(3132 4454 4895 4458)
4(4893 3776 4895 3432)
4(4895 3777 4894 3432)
4(492 3777 4895 3776)
4(2520 4454 4897 4453)
4(2520 3776 4895 4454)
4(2521 4457 4898 4458)
4(2521 4458 4895 3777)
4(5236 4362 5245 3514)
4(5245 4451 5244 3514)
4(3076 4054 5244 4451)
4(5244 4054 5236 3514)
4(5245 3772 5205 3514)
4(5246 3776 5245 3514)
4(492 3776 5246 3774)
4(5205 3774 5246 3514)
4(5205 3514 5236 4360)
4(2520 4451 5244 4452)
4(2520 4452 5246 3776)
4(5246 4452 5244 3514)
4(4897 4454 5368 3561)
4(5382 3561 5368 4473)
4(3132 4107 5382 4473)
4(3132 4473 5368 4454)
4(5368 3788 5259 3561)
4(4901 3791 5368 3561)
4(497 3788 5368 3791)
4(2520 4454 5368 3788)
4(2532 4473 5382 4475)
4(2532 3791 5368 4473)
4(5250 4377 5239 3516)
4(5250 3516 5244 4451)
4(5239 4054 5244 3516)
4(5251 3787 5250 3516)
4(5250 3788 5252 3516)
4(497 3789 5252 3788)
4(5252 3789 5251 3516)
4(5239 3516 5251 4378)
4(2520 3788 5252 4452)
4(5252 3516 5244 4452)
4(4938 3438 4939 4153)
4(4940 3438 4938 4154)
4(2210 4153 4939 4155)
4(2210 4155 4940 4154)
4(4939 3438 4940 4155)
4(4938 4545 4935 3438)
4(4938 3438 4936 4546)
4(4936 3438 4935 3823)
4(3137 4549 4939 4153)
4(4939 4549 4935 3438)
4(3179 4154 4940 4553)
4(4940 3438 4936 4553)
4(4898 3562 5373 4458)
4(5384 4547 5373 3562)
4(3132 4547 5384 4107)
4(3132 4458 5373 4547)
4(5340 3820 5373 3562)
4(5373 3824 4935 3562)
4(517 3823 4935 3824)
4(517 3824 5373 3820)
4(2521 3820 5373 4458)
4(2585 4549 5384 4547)
4(2585 3824 4935 4549)
4(2585 4547 5373 3824)
4(4939 3605 5509 4153)
4(5509 3605 5510 4156)
4(2210 4156 5510 4155)
4(5510 3605 4939 4155)
4(5509 3605 5387 4567)
4(5509 4568 4943 3605)
4(5387 3605 4943 3838)
4(4939 3605 5387 4549)
4(3192 4571 5510 4156)
4(5510 4571 4943 3605)
4(5378 3563 5382 4473)
4(5378 4547 5384 3563)
4(3132 4547 5378 4473)
4(5378 3835 5386 3563)
4(5387 3836 5378 3563)
4(522 3836 5387 3838)
4(522 3835 5378 3836)
4(2532 4473 5378 3835)
4(2585 4549 5387 3836)
4(2585 3836 5378 4547)
5(3247 2653 3193 4201 2226)
5(3247 2226 4202 3235 2654)
4(2226 4201 4980 4202)
4(2649 4642 4980 4641)
4(3193 4641 4980 4201)
4(3235 4202 4980 4642)
4(5511 3606 4940 4154)
4(5512 3606 5511 4157)
4(2210 4155 5512 4157)
4(4940 3606 5512 4155)
4(5511 4639 5468 3606)
4(5511 3606 4977 4641)
4(2649 4641 4977 3871)
4(4977 3606 5468 3871)
4(4940 4553 5468 3606)
4(3193 4157 5512 4645)
4(3193 4645 4977 4641)
4(5512 3606 4977 4645)
5(3248 4204 2226 3247 2664)
4(2226 4204 5637 4201)
4(2661 4663 5637 4664)
4(3193 4201 5637 4663)
4(3248 4664 5637 4204)
4(5510 3607 5513 4156)
4(5513 3607 5512 4157)
4(5510 4155 5512 3607)
4(5514 4662 5513 3607)
4(5515 3607 5513 4663)
4(2661 3886 5515 4663)
4(5514 3607 5515 3886)
4(5514 4571 5510 3607)
4(3193 4663 5515 4645)
4(5512 4645 5515 3607)
4(3251 2718 3303 2243)
4(3303 2719 3293 2243)
4(568 2719 3303 2718)
5(3249 2718 3247 2226 4205)
5(568 2718 3249 4737 2714)
4(2226 4202 5639 4205)
4(2714 4737 5639 4735)
4(3235 4735 5639 4202)
4(3249 4205 5639 4737)
4(3306 2729 3303 2243)
4(573 2718 3303 2729)
5(573 2726 4759 3249 2718)
4(2226 4205 5641 4204)
4(2726 4758 5641 4759)
4(3248 4204 5641 4758)
4(3249 4759 5641 4205)
4(3307 2243 3303 2783)
4(593 2782 3307 2783)
4(593 2783 3303 2719)
4(3364 2785 3307 2259)
4(3364 2259 3349 2786)
4(3349 2259 3307 2782)
4(598 2783 3307 2793)
4(598 2729 3303 2783)
4(3364 2795 3362 2259)
4(3362 2793 3307 2259)
4(3364 2259 3363 2850)
4(3363 2259 3349 2847)
4(619 2850 3363 2847)
4(3363 2858 3362 2259)
4(624 2858 3363 2850)
4(619 2851 3420 2850)
4(624 2850 3420 2860)
5(644 1409 1412 649 2896)
4(644 2896 3420 2851)
4(649 2860 3420 2896)
4(1409 1424 1427 1412)
4(1424 1425 1428 1427)
4(1425 1440 1443 1428)
4(1440 1441 1444 1443)
4(4824 3421 4821 4297)
4(4825 4300 4821 3421)
4(3006 4028 4824 4297)
4(3006 4300 4825 4028)
4(4824 4028 4825 3421)
4(4822 3698 4821 3421)
4(4821 3699 4823 3421)
4(4823 3700 4822 3421)
4(2434 4297 4824 4298)
4(4824 3421 4822 4298)
4(2435 4301 4825 4300)
4(4825 4301 4823 3421)
4(4824 4297 5069 3486)
4(5171 3486 5069 4310)
4(3006 4028 5171 4310)
4(5171 4028 4824 3486)
4(5069 3703 5139 3486)
4(4829 3705 5069 3486)
4(5139 3706 4829 3486)
4(4824 4298 5139 3486)
4(2438 4310 5171 4312)
4(5171 3486 4829 4312)
4(4825 3487 5072 4300)
4(5173 4330 5072 3487)
4(3006 4330 5173 4028)
4(4825 4028 5173 3487)
4(5168 3714 5072 3487)
4(5072 3715 4840 3487)
4(465 3717 4840 3715)
4(4840 3717 5168 3487)
4(4825 3487 5168 4301)
4(2448 4332 5173 4330)
4(2448 3715 4840 4332)
4(5173 4332 4840 3487)
4(5075 3488 5171 4310)
4(5075 4330 5173 3488)
4(5171 3488 5173 4028)
4(5075 3719 5176 3488)
4(5177 3720 5075 3488)
4(466 3720 5177 3723)
4(5176 3723 5177 3488)
4(5176 3488 5171 4312)
4(2448 4332 5177 3720)
4(5173 3488 5177 4332)
4(4832 3422 4830 4035)
4(4831 3422 4832 4036)
4(2173 4035 4830 4034)
4(2173 4034 4831 4036)
4(2173 4036 4832 4035)
4(4832 4315 4828 3422)
4(4832 3422 4829 4316)
4(2439 4315 4832 4316)
4(2439 4316 4829 3706)
4(3051 4308 4830 4035)
4(3051 4035 4832 4315)
4(3060 4036 4831 4312)
4(3060 4312 4829 4316)
4(3060 4316 4832 4036)
4(4830 3493 5190 4035)
4(2173 4037 5189 4034)
4(2173 4035 5190 4037)
4(3051 4326 5190 4035)
4(5192 3494 4831 4036)
4(5191 3494 5192 4038)
4(2173 4034 5191 4038)
4(2173 4038 5192 4036)
4(5192 4347 5176 3494)
4(5192 3494 4846 4349)
4(2453 4349 4846 3723)
4(2453 3723 5176 4347)
4(2453 4347 5192 4349)
4(3060 4347 5176 4312)
4(3060 4036 5192 4347)
4(3064 4038 5191 4342)
4(3064 4342 4846 4349)
4(3064 4349 5192 4038)
4(5193 3495 5191 4038)
4(2173 4037 5193 4038)
4(3064 4038 5193 4360)
4(3064 4360 5195 4342)
4(5317 4420 4877 3537)
4(5318 3537 4877 4424)
4(3119 4420 5317 4085)
4(3119 4085 5318 4424)
4(5318 4085 5317 3537)
4(4877 3759 5200 3537)
4(5281 3760 4877 3537)
4(5200 3757 5281 3537)
4(2506 4418 5317 4420)
4(5317 4418 5200 3537)
4(2507 4424 5318 4422)
4(5318 3537 5281 4422)
4(5190 3497 5196 4035)
4(5196 3497 5198 4039)
4(2173 4039 5198 4037)
4(2173 4035 5196 4039)
4(5160 4401 5196 3497)
4(5200 3497 5196 4403)
4(2502 4403 5196 4401)
4(2502 3757 5200 4403)
4(3051 4401 5196 4035)
4(3065 4418 5198 4039)
4(3065 4403 5200 4418)
4(3065 4039 5196 4403)
4(5322 4420 5317 3539)
4(5322 3539 5321 4455)
4(3119 4455 5321 4085)
4(5317 4085 5321 3539)
4(5206 3773 5322 3539)
4(5322 3777 5323 3539)
4(492 3774 5323 3777)
4(5323 3774 5206 3539)
4(5206 4418 5317 3539)
4(2521 4456 5321 4455)
4(2521 3777 5323 4456)
4(5323 3539 5321 4456)
4(5193 4038 5201 3499)
4(5198 3499 5201 4039)
4(2173 4039 5201 4038)
4(5205 3499 5201 4435)
4(5201 3499 5206 4436)
4(2516 3774 5205 4435)
4(2516 4436 5206 3774)
4(2516 4435 5201 4436)
4(3064 4435 5205 4360)
4(3064 4038 5201 4435)
4(3065 4418 5206 4436)
4(3065 4436 5201 4039)
4(4921 3435 4919 4516)
4(4922 4520 4919 3435)
4(3175 4138 4921 4516)
4(3175 4520 4922 4138)
4(3175 4516 4919 4520)
4(4917 3807 4919 3435)
4(4919 3808 4918 3435)
4(512 3808 4919 3807)
4(2571 4516 4921 4515)
4(2571 3807 4919 4516)
4(2572 4519 4922 4520)
4(2572 4520 4919 3808)
4(5318 4424 5327 3541)
4(5327 4513 5326 3541)
4(3119 4085 5326 4513)
4(5326 4085 5318 3541)
4(5327 3803 5288 3541)
4(5328 3807 5327 3541)
4(512 3807 5328 3805)
4(5288 3805 5328 3541)
4(5288 3541 5318 4422)
4(2571 4513 5326 4514)
4(2571 4514 5328 3807)
4(5328 4514 5326 3541)
4(4921 4516 5450 3588)
4(5464 3588 5450 4551)
4(3175 4138 5464 4551)
4(3175 4551 5450 4516)
4(5450 3821 5341 3588)
4(4936 3825 5450 3588)
4(517 3825 4936 3823)
4(517 3821 5450 3825)
4(2571 4516 5450 3821)
4(2586 4551 5464 4553)
4(2586 4553 4936 3825)
4(2586 3825 5450 4551)
4(5332 4455 5321 3543)
4(5332 3543 5326 4513)
4(5321 4085 5326 3543)
4(5333 3820 5332 3543)
4(5332 3821 5334 3543)
4(517 3820 5333 3822)
4(517 3822 5334 3821)
4(5334 3822 5333 3543)
4(2521 4456 5333 3820)
4(5321 3543 5333 4456)
4(2571 3821 5334 4514)
4(5334 3543 5326 4514)
4(4962 3441 4963 4184)
4(4964 3441 4962 4185)
4(2222 4184 4963 4186)
4(2222 4186 4964 4185)
4(4963 3441 4964 4186)
4(4962 4607 4959 3441)
4(4962 3441 4960 4608)
4(4960 3441 4959 3854)
4(3180 4611 4963 4184)
4(4963 4611 4959 3441)
4(3222 4185 4964 4615)
4(4964 3441 4960 4615)
4(4922 3589 5455 4520)
4(5466 4609 5455 3589)
4(3175 4609 5466 4138)
4(3175 4520 5455 4609)
4(5422 3851 5455 3589)
4(5455 3855 4959 3589)
4(537 3854 4959 3855)
4(537 3855 5455 3851)
4(2572 3851 5455 4520)
4(2636 4611 5466 4609)
4(2636 3855 4959 4611)
4(2636 4609 5455 3855)
4(4963 3632 5591 4184)
4(5591 3632 5592 4187)
4(2222 4187 5592 4186)
4(5592 3632 4963 4186)
4(5591 3632 5469 4640)
4(5591 4642 4978 3632)
4(2649 3871 4978 4642)
4(5469 3632 4978 3871)
4(4963 3632 5469 4611)
4(3235 4649 5592 4187)
4(3235 4642 4978 4649)
4(5592 4649 4978 3632)
4(5460 3590 5464 4551)
4(5460 4609 5466 3590)
4(3175 4609 5460 4551)
4(5460 3868 5468 3590)
4(5469 3869 5460 3590)
4(542 3871 5468 3868)
4(542 3869 5469 3871)
4(542 3868 5460 3869)
4(2586 3868 5468 4553)
4(2586 4551 5460 3868)
4(2636 4611 5469 3869)
4(2636 3869 5460 4609)
5(3290 2704 3236 4232 2238)
5(3290 2238 4233 3278 2705)
4(2238 4232 5004 4233)
4(2700 4704 5004 4703)
4(3236 4703 5004 4232)
4(3278 4233 5004 4704)
4(5593 3633 4964 4185)
4(5594 3633 5593 4188)
4(2222 4186 5594 4188)
4(4964 3633 5594 4186)
4(5593 4701 5550 3633)
4(5593 3633 5001 4703)
4(2700 4703 5001 3902)
4(5001 3633 5550 3902)
4(4964 4615 5550 3633)
4(3236 4188 5594 4707)
4(3236 4707 5001 4703)
4(5594 3633 5001 4707)
5(3291 4235 2238 3290 2719)
5(568 2714 4738 3291 2719)
4(2238 4235 5719 4232)
4(2714 4736 5719 4738)
4(3236 4232 5719 4736)
4(3291 4738 5719 4235)
4(5592 3634 5595 4187)
4(5595 3634 5594 4188)
4(5592 4186 5594 3634)
4(5596 4735 5595 3634)
4(5597 3634 5595 4736)
4(2714 4735 5596 3919)
4(2714 3919 5597 4736)
4(5596 3634 5597 3919)
4(3235 4649 5596 4735)
4(5596 4649 5592 3634)
4(3236 4736 5597 4707)
4(5594 4707 5597 3634)
4(3294 2769 3346 2255)
4(3346 2770 3336 2255)
4(588 2770 3346 2769)
5(3292 2769 3290 2238 4236)
5(588 2769 3292 4785 2765)
4(2238 4233 5721 4236)
4(2765 4785 5721 4783)
4(3278 4783 5721 4233)
4(3292 4236 5721 4785)
4(3349 2784 3346 2255)
4(593 2784 3349 2782)
4(593 2769 3346 2784)
5(593 2719 3291 4800 2779)
5(593 2779 4801 3292 2769)
4(2238 4236 5723 4235)
4(2779 4800 5723 4801)
4(3291 4235 5723 4800)
4(3292 4801 5723 4236)
4(3350 2255 3346 2834)
4(613 2833 3350 2834)
4(613 2834 3346 2770)
4(3407 2836 3350 2271)
4(3407 2271 3392 2837)
4(3392 2271 3350 2833)
4(618 2847 3349 2784)
4(618 2784 3346 2834)
4(618 2834 3350 2847)
4(3407 2851 3405 2271)
4(619 2847 3405 2851)
4(3405 2847 3350 2271)
4(644 669 1424 1409)
4(664 1421 1424 669)
5(639 664 669 644 2887)
4(3407 2271 3406 2887)
4(639 2887 3406 2885)
4(3406 2271 3392 2885)
4(644 2851 3405 2894)
4(644 2894 3406 2887)
4(3406 2894 3405 2271)
4(1424 1439 1440 1425)
4(1421 1436 1439 1424)
4(1436 1437 1440 1439)
4(1440 1455 1456 1441)
4(1437 1452 1455 1440)
4(1452 1453 1456 1455)
4(5136 4303 4822 3476)
4(3048 4017 5135 4298)
4(3048 4303 5136 4017)
4(3048 4298 4822 4303)
4(2436 4302 5136 4303)
4(2436 4303 4822 3700)
4(5139 4314 5137 3477)
4(3048 4017 5137 4314)
4(3048 4314 5139 4298)
4(2439 4314 5137 4313)
4(2439 3706 5139 4314)
4(5277 4404 5281 3525)
4(3107 4070 5279 4422)
4(3107 4404 5277 4070)
4(3107 4422 5281 4404)
4(2502 4402 5277 4404)
4(2502 4404 5281 3757)
4(5408 3569 5404 4486)
4(5289 4484 5404 3569)
4(5289 3569 5408 3804)
4(5404 4117 5407 3569)
4(5408 3569 5407 4517)
4(3162 4517 5407 4117)
4(5404 4115 5405 3569)
4(2201 4117 5407 4118)
4(2201 4118 5405 4115)
4(5407 3569 5405 4118)
4(3108 4115 5405 4498)
4(5289 4498 5405 3569)
4(5288 4497 5284 3527)
4(3107 4070 5284 4497)
4(3107 4497 5288 4422)
4(2567 4497 5284 4498)
4(2567 3805 5288 4497)
4(2567 4498 5289 3805)
4(5408 3808 5409 3569)
4(512 3805 5409 3808)
4(5409 3805 5289 3569)
4(2572 4518 5407 4517)
4(2572 3808 5409 4518)
4(5409 3569 5407 4518)
4(4946 3616 5536 4582)
4(5536 3616 5423 3852)
4(2622 4582 5536 3852)
4(5547 3616 5536 4613)
4(3218 4169 5547 4613)
4(3218 4613 5536 4582)
5(3218 4165 2217 3203 2623)
5(3203 2217 4163 3164 2618)
4(2622 4580 5532 4582)
4(3218 4582 5532 4165)
4(2217 4165 5532 4163)
4(3164 4163 5532 4580)
4(5415 4579 5411 3571)
4(5417 3571 5411 4580)
4(5415 3571 5417 3852)
4(2622 3852 5417 4580)
4(5407 4117 5411 3571)
4(5415 4517 5407 3571)
4(5411 3571 5412 4119)
4(2201 4119 5412 4118)
4(5407 4118 5412 3571)
4(3164 4594 5412 4119)
4(3164 4580 5417 4594)
4(5412 4594 5417 3571)
4(4960 3856 5536 3616)
4(537 3856 4960 3854)
4(537 3852 5536 3856)
4(2637 4613 5547 4615)
4(2637 4615 4960 3856)
4(2637 3856 5536 4613)
4(5416 3851 5415 3571)
4(537 3851 5416 3853)
4(5417 3853 5416 3571)
4(537 3853 5417 3852)
4(2572 4518 5416 3851)
4(5407 3571 5416 4518)
4(2234 4216 4988 4217)
4(3223 4677 4988 4216)
5(3274 2688 3263 2234 4217)
4(2687 4678 4988 4677)
4(3274 4217 4988 4678)
5(557 2688 3274 4678 2687)
4(5543 3617 5548 4675)
4(5551 3617 5543 3900)
4(2687 4677 5551 3900)
4(2687 3900 5543 4675)
4(5543 3617 5547 4613)
4(3218 4675 5543 4613)
5(3220 4167 2217 3203 2683)
5(557 2687 4676 3220 2683)
4(2687 4675 5539 4676)
4(3218 4165 5539 4675)
4(2217 4167 5539 4165)
4(3220 4676 5539 4167)
4(4988 3660 5674 4216)
4(5674 3660 5675 4218)
4(2234 4218 5675 4217)
4(5675 3660 4988 4217)
4(5674 3660 5551 4702)
4(5674 4704 5002 3660)
4(2700 3902 5002 4704)
4(5551 3660 5002 3902)
4(4988 3660 5551 4677)
4(3278 4711 5675 4218)
4(3278 4704 5002 4711)
4(5675 4711 5002 3660)
4(5543 3899 5550 3617)
4(562 3902 5550 3899)
4(562 3900 5551 3902)
4(562 3899 5543 3900)
4(2637 3899 5550 4615)
4(2637 4613 5543 3899)
4(3333 2755 3279 2250)
4(3333 2250 3319 2756)
4(3319 2250 3279 2751)
4(2234 4217 5676 4219)
4(3279 4219 5676 4771)
5(582 2751 3279 4771 2752)
4(2752 4771 5676 4769)
4(3274 4769 5676 4217)
5(582 2752 4769 3274 2688)
4(3334 2250 3333 2770)
4(588 2765 3334 2770)
5(3334 2765 4784 3279 2250)
4(5675 3661 5677 4218)
4(5677 3661 5676 4219)
4(5675 4217 5676 3661)
4(5678 4783 5677 3661)
4(5679 3661 5677 4784)
4(2765 4783 5678 3948)
4(2765 3948 5679 4784)
4(5678 3661 5679 3948)
4(3278 4711 5678 4783)
4(5678 4711 5675 3661)
4(5676 4771 5679 3661)
4(3279 4784 5679 4771)
4(3337 2820 3389 2267)
4(3389 2821 3378 2267)
4(608 2821 3389 2820)
4(3335 2820 3333 2250)
4(608 2820 3335 2816)
4(3335 2250 3319 2816)
4(613 2770 3334 2830)
4(3335 2830 3334 2250)
4(613 2830 3335 2820)
4(3392 2835 3389 2267)
4(613 2835 3392 2833)
4(613 2820 3389 2835)
4(664 689 1436 1421)
4(659 684 689 664)
4(684 1433 1436 689)
4(633 2877 3393 2876)
4(638 2885 3393 2877)
5(638 663 664 639 2885)
4(658 659 664 663)
5(633 658 663 638 2877)
4(3393 2267 3389 2877)
4(633 2877 3389 2821)
4(638 2885 3392 2835)
4(638 2835 3389 2877)
4(1436 1451 1452 1437)
4(1433 1448 1451 1436)
4(1448 1449 1452 1451)
4(1452 1467 1468 1453)
4(1449 1464 1467 1452)
4(1464 1465 1468 1467)
4(4860 3520 5263 4062)
4(5264 3520 4860 4063)
4(2184 4062 5263 4065)
4(2184 4065 5264 4063)
4(5263 3520 5264 4065)
4(4860 4381 5144 3520)
4(4860 3520 5260 4382)
4(5260 3520 5144 3745)
4(3049 4392 5263 4062)
4(5263 4392 5144 3520)
4(3102 4063 5264 4398)
4(5264 3520 5260 4398)
4(5143 4303 5136 3478)
4(5143 3478 5142 4391)
4(3048 4391 5142 4017)
4(3048 4303 5143 4391)
4(5133 3744 5143 3478)
4(5143 3746 5144 3478)
4(485 3745 5144 3746)
4(485 3746 5143 3744)
4(2436 3744 5143 4303)
4(2499 4392 5142 4391)
4(2499 3746 5144 4392)
4(2499 4391 5143 3746)
4(5262 4062 5263 3521)
4(5262 3521 5265 4064)
4(2184 4064 5265 4065)
4(5265 3521 5263 4065)
4(5147 4384 5262 3521)
4(5266 3521 5262 4386)
4(5147 3521 5266 3750)
4(5147 4392 5263 3521)
4(3103 4409 5265 4064)
4(5266 3521 5265 4409)
4(5137 4314 5146 3479)
4(5146 4391 5142 3479)
4(3048 4391 5146 4314)
4(5146 3749 5145 3479)
4(5147 3751 5146 3479)
4(486 3751 5147 3750)
4(486 3749 5146 3751)
4(2439 4314 5146 3749)
4(2499 4392 5147 3751)
4(2499 3751 5146 4391)
5(3143 2550 3105 4110 2200)
5(3158 2552 3143 2200 4111)
4(2200 4110 4902 4111)
4(2551 4478 4902 4477)
4(3105 4477 4902 4110)
4(3158 4111 4902 4478)
4(5264 4063 5268 3522)
4(5270 3522 5268 4066)
4(2184 4065 5270 4066)
4(5264 3522 5270 4065)
4(5261 3522 5268 4476)
4(5268 3522 5272 4477)
4(2551 4477 5272 3793)
4(5272 3522 5261 3793)
4(5261 3522 5264 4398)
4(3105 4066 5270 4488)
4(3105 4488 5272 4477)
4(5272 4488 5270 3522)
5(3159 4112 2200 3143 2555)
4(2200 4112 5390 4110)
4(2554 4480 5390 4482)
4(3105 4110 5390 4480)
4(3159 4482 5390 4112)
4(5265 3523 5269 4064)
4(5269 3523 5270 4066)
4(5265 4065 5270 3523)
4(5273 4479 5269 3523)
4(5275 3523 5269 4480)
4(2554 3798 5275 4480)
4(5273 3523 5275 3798)
4(5273 4409 5265 3523)
4(3105 4480 5275 4488)
4(5270 4488 5275 3523)
4(3199 2212 3144 2615)
4(3199 2617 3197 2212)
4(530 2617 3199 2615)
5(3161 2615 3143 2200 4114)
5(530 2615 3161 4573 2616)
4(2200 4111 5396 4114)
4(2616 4573 5396 4572)
4(3158 4572 5396 4111)
4(3161 4114 5396 4573)
4(3199 2212 3198 2620)
4(531 2615 3199 2620)
5(531 2619 4576 3161 2615)
4(2200 4114 5397 4112)
4(2619 4575 5397 4576)
4(3159 4112 5397 4575)
4(3161 4576 5397 4114)
4(3257 2666 3200 2228)
4(3253 2668 3257 2228)
4(3200 2667 3253 2228)
4(3200 2212 3199 2680)
4(555 2667 3200 2680)
4(555 2680 3199 2617)
4(556 2680 3200 2670)
4(556 2620 3199 2680)
4(3257 2671 3254 2228)
4(3254 2670 3200 2228)
4(3257 2228 3256 2731)
4(575 2731 3256 2732)
4(3256 2228 3253 2732)
4(3256 2735 3254 2228)
4(576 2735 3256 2731)
4(575 2733 3313 2731)
4(576 2731 3313 2736)
4(600 2796 3313 2733)
4(601 2736 3313 2796)
5(600 1928 1931 601 2796)
4(1928 1940 1943 1931)
4(1940 1941 1944 1943)
4(1941 1953 1956 1944)
4(1953 1954 1957 1956)
4(5277 3524 4870 4404)
4(5278 4411 4870 3524)
4(3107 4411 5278 4070)
4(3107 4404 4870 4411)
4(5158 3752 4870 3524)
4(4870 3754 5266 3524)
4(486 3750 5266 3754)
4(486 3754 4870 3752)
4(2502 3752 4870 4404)
4(2504 4409 5278 4411)
4(2504 3754 5266 4409)
4(2504 4411 4870 3754)
4(4832 4315 5157 3496)
4(5196 3496 5157 4401)
4(5196 4035 4832 3496)
4(5157 3749 5181 3496)
4(4869 3752 5157 3496)
4(486 3753 5181 3749)
4(486 3752 4869 3753)
4(5181 3753 4869 3496)
4(4832 4316 5181 3496)
4(2439 3749 5181 4316)
4(5196 3496 4869 4403)
4(2502 4403 4869 3752)
4(4903 3568 5405 4115)
4(5406 3568 4903 4116)
4(2201 4118 5406 4116)
4(5405 3568 5406 4118)
4(4903 4481 5286 3568)
4(4903 3568 5394 4482)
4(2554 4482 5394 3798)
4(5394 3568 5286 3798)
4(5405 4498 5286 3568)
4(3159 4116 5406 4505)
4(3159 4505 5394 4482)
4(5406 3568 5394 4505)
4(5285 4411 5278 3526)
4(5285 3526 5284 4497)
4(3107 4411 5285 4497)
4(5273 3797 5285 3526)
4(5285 3800 5286 3526)
4(511 3797 5273 3798)
4(511 3798 5286 3800)
4(511 3800 5285 3797)
4(2504 4409 5273 3797)
4(2504 3797 5285 4411)
4(2567 3800 5286 4498)
4(2567 4497 5285 3800)
5(3215 2620 3203 2217 4164)
5(531 2620 3215 4578 2619)
4(2217 4163 4945 4164)
4(2619 4578 4945 4577)
4(3164 4577 4945 4163)
4(3215 4164 4945 4578)
4(5406 4116 5410 3570)
4(5412 3570 5410 4119)
4(5406 3570 5412 4118)
4(5401 3570 5410 4575)
4(5410 3570 5414 4577)
4(2619 3846 5401 4575)
4(2619 4577 5414 3846)
4(5414 3570 5401 3846)
4(3159 4575 5401 4505)
4(5401 3570 5406 4505)
4(3164 4594 5414 4577)
4(5414 4594 5412 3570)
4(3259 2229 3204 2683)
4(3259 2685 3254 2229)
4(556 2670 3254 2685)
4(556 2685 3259 2683)
5(556 2684 4671 3215 2620)
5(556 2683 3220 4673 2684)
4(2217 4164 5538 4167)
4(2684 4673 5538 4671)
4(3215 4671 5538 4164)
4(3220 4167 5538 4673)
4(3259 2229 3258 2688)
4(557 2683 3259 2688)
4(3317 2734 3260 2245)
4(3310 2736 3317 2245)
4(576 2736 3310 2735)
4(3260 2735 3310 2245)
4(3260 2229 3259 2748)
4(581 2685 3254 2735)
4(581 2735 3260 2748)
4(581 2748 3259 2685)
4(582 2688 3259 2748)
4(582 2748 3260 2738)
4(3317 2739 3314 2245)
4(3314 2738 3260 2245)
4(3317 2245 3316 2799)
4(601 2800 3310 2736)
4(601 2799 3316 2800)
4(3316 2245 3310 2800)
4(3316 2803 3314 2245)
4(602 2803 3316 2799)
5(601 1931 1943 626 2801)
4(601 2801 3373 2799)
4(602 2799 3373 2804)
5(626 1943 1946 627 2863)
4(626 2863 3373 2801)
4(627 2804 3373 2863)
4(1943 1944 1956 1955)
4(1943 1955 1958 1946)
4(1955 1956 1959 1958)
4(1956 1957 1969 1968)
4(1956 1968 1971 1959)
4(1968 1969 1972 1971)
4(3319 2753 3314 2246)
4(582 2753 3319 2751)
4(582 2738 3314 2753)
4(3377 2802 3320 2262)
4(3370 2804 3377 2262)
4(602 2804 3370 2803)
4(3320 2803 3370 2262)
4(607 2816 3319 2753)
4(607 2753 3314 2803)
4(607 2803 3320 2816)
4(3377 2807 3374 2262)
4(3374 2806 3320 2262)
5(627 652 653 628 2865)
4(627 1946 1958 652)
4(652 1958 1961 653)
4(3377 2262 3376 2865)
4(627 2865 3376 2866)
4(627 2866 3370 2804)
4(3376 2262 3370 2866)
4(628 2868 3376 2865)
4(3376 2868 3374 2262)
4(1958 1959 1971 1970)
4(1958 1970 1973 1961)
4(1970 1971 1974 1973)
4(1971 1972 1984 1983)
4(1971 1983 1986 1974)
4(1983 1984 1987 1986)
4(653 678 679 654)
4(653 1961 1973 678)
4(678 1973 1430 679)
4(1973 1974 1986 1985)
4(1973 1985 1445 1430)
4(1985 1986 1446 1445)
4(1986 1987 1999 1998)
4(1986 1998 1461 1446)
4(1998 1999 1462 1461)
4(3375 2262 3374 2821)
4(608 2816 3375 2821)
4(3375 2816 3320 2262)
4(658 683 684 659)
4(653 678 683 658)
4(678 679 684 683)
4(684 709 1448 1433)
4(679 1430 1445 704)
4(679 704 709 684)
4(704 1445 1448 709)
4(633 2868 3376 2874)
5(632 657 658 633 2874)
4(632 2874 3376 2866)
4(652 653 658 657)
5(627 652 657 632 2866)
4(633 2821 3375 2874)
4(3376 2874 3375 2262)
4(1448 1463 1464 1449)
4(1445 1446 1461 1460)
4(1445 1460 1463 1448)
4(1460 1461 1464 1463)
4(1464 1479 1480 1465)
4(1461 1462 1477 1476)
4(1461 1476 1479 1464)
4(1476 1477 1480 1479)
4(4842 3424 4839 4331)
4(4843 4334 4839 3424)
4(3019 4045 4842 4331)
4(3019 4334 4843 4045)
4(4842 4045 4843 3424)
4(4840 3715 4839 3424)
4(4839 3716 4841 3424)
4(4841 3717 4840 3424)
4(2448 4331 4842 4332)
4(4842 3424 4840 4332)
4(2449 4335 4843 4334)
4(4843 4335 4841 3424)
4(4842 4331 5105 3503)
4(5217 3503 5105 4344)
4(3019 4045 5217 4344)
4(5217 4045 4842 3503)
4(5105 3720 5177 3503)
4(4847 3722 5105 3503)
4(5177 3723 4847 3503)
4(4842 4332 5177 3503)
4(2452 4344 5217 4346)
4(5217 3503 4847 4346)
4(4843 3504 5108 4334)
4(5219 4364 5108 3504)
4(3019 4364 5219 4045)
4(4843 4045 5219 3504)
4(5214 3731 5108 3504)
4(5108 3732 4857 3504)
4(4857 3733 5214 3504)
4(4843 3504 5214 4335)
4(2462 4365 5219 4364)
4(5219 4365 4857 3504)
4(5111 3505 5217 4344)
4(5111 4364 5219 3505)
4(5217 3505 5219 4045)
4(5111 3735 5222 3505)
4(5223 3736 5111 3505)
4(5222 3738 5223 3505)
4(5222 3505 5217 4346)
4(5219 3505 5223 4365)
4(4850 3425 4848 4052)
4(4849 3425 4850 4053)
4(2177 4052 4848 4051)
4(2177 4051 4849 4053)
4(2177 4053 4850 4052)
4(4850 4349 4846 3425)
4(4850 3425 4847 4350)
4(2453 4350 4847 3723)
4(2453 4349 4850 4350)
4(3064 4342 4848 4052)
4(3064 4052 4850 4349)
4(3073 4053 4849 4346)
4(3073 4346 4847 4350)
4(3073 4350 4850 4053)
4(4848 3510 5236 4052)
4(2177 4054 5235 4051)
4(2177 4052 5236 4054)
4(3064 4360 5236 4052)
4(5238 3511 4849 4053)
4(5237 3511 5238 4055)
4(2177 4051 5237 4055)
4(2177 4055 5238 4053)
4(5238 4371 5222 3511)
4(5238 3511 4858 4373)
4(2465 3738 5222 4371)
4(2465 4371 5238 4373)
4(3073 4371 5222 4346)
4(3073 4053 5238 4371)
4(3077 4055 5237 4370)
4(3077 4373 5238 4055)
4(5239 3512 5237 4055)
4(2177 4054 5239 4055)
4(3077 4055 5239 4378)
4(5363 4454 4895 3554)
4(5364 3554 4895 4458)
4(3132 4454 5363 4102)
4(3132 4102 5364 4458)
4(5364 4102 5363 3554)
4(4895 3776 5246 3554)
4(5323 3777 4895 3554)
4(5246 3774 5323 3554)
4(2520 4452 5363 4454)
4(5363 4452 5246 3554)
4(2521 4458 5364 4456)
4(5364 3554 5323 4456)
4(5236 3514 5242 4052)
4(5242 3514 5244 4056)
4(2177 4056 5244 4054)
4(2177 4052 5242 4056)
4(5205 4435 5242 3514)
4(5246 3514 5242 4437)
4(2516 3774 5246 4437)
4(2516 4437 5242 4435)
4(3064 4435 5242 4052)
4(3078 4452 5244 4056)
4(3078 4437 5246 4452)
4(3078 4056 5242 4437)
4(5368 4454 5363 3556)
4(5368 3556 5367 4473)
4(3132 4473 5367 4102)
4(5363 4102 5367 3556)
4(5252 3788 5368 3556)
4(5368 3791 5369 3556)
4(5369 3789 5252 3556)
4(5252 4452 5363 3556)
4(2532 4474 5367 4473)
4(5369 3556 5367 4474)
4(5239 4055 5247 3516)
4(5244 3516 5247 4056)
4(2177 4056 5247 4055)
4(5251 3516 5247 4464)
4(5247 3516 5252 4465)
4(2529 4465 5252 3789)
4(2529 4464 5247 4465)
4(3077 4055 5247 4464)
4(3078 4452 5252 4465)
4(3078 4465 5247 4056)
4(4939 3438 4937 4550)
4(4940 4554 4937 3438)
4(3188 4155 4939 4550)
4(3188 4554 4940 4155)
4(3188 4550 4937 4554)
4(4935 3824 4937 3438)
4(4937 3825 4936 3438)
4(517 3825 4937 3824)
4(2585 4550 4939 4549)
4(2585 3824 4937 4550)
4(2586 4553 4940 4554)
4(2586 4554 4937 3825)
4(5364 4458 5373 3558)
4(5373 4547 5372 3558)
4(3132 4102 5372 4547)
4(5372 4102 5364 3558)
4(5373 3820 5333 3558)
4(5374 3824 5373 3558)
4(517 3824 5374 3822)
4(5333 3822 5374 3558)
4(5333 3558 5364 4456)
4(2585 4547 5372 4548)
4(2585 4548 5374 3824)
4(5374 4548 5372 3558)
4(4939 4550 5496 3605)
4(5510 3605 5496 4569)
4(3188 4155 5510 4569)
4(3188 4569 5496 4550)
4(5496 3836 5387 3605)
4(4943 3839 5496 3605)
4(522 3836 5496 3839)
4(2585 4550 5496 3836)
4(2597 4569 5510 4571)
4(2597 3839 5496 4569)
4(5378 4473 5367 3560)
4(5378 3560 5372 4547)
4(5367 4102 5372 3560)
4(5379 3835 5378 3560)
4(5378 3836 5380 3560)
4(522 3837 5380 3836)
4(5380 3837 5379 3560)
4(5367 3560 5379 4474)
4(2585 3836 5380 4548)
4(5380 3560 5372 4548)
4(4980 3444 4981 4201)
4(4982 3444 4980 4202)
4(2226 4201 4981 4203)
4(2226 4203 4982 4202)
4(4981 3444 4982 4203)
4(4980 4641 4977 3444)
4(4980 3444 4978 4642)
4(4978 3444 4977 3871)
4(3193 4645 4981 4201)
4(4981 4645 4977 3444)
4(3235 4202 4982 4649)
4(4982 3444 4978 4649)
4(4940 3606 5501 4554)
4(5512 4643 5501 3606)
4(3188 4643 5512 4155)
4(3188 4554 5501 4643)
4(5468 3868 5501 3606)
4(5501 3872 4977 3606)
4(542 3871 4977 3872)
4(542 3872 5501 3868)
4(2586 3868 5501 4554)
4(2650 4645 5512 4643)
4(2650 3872 4977 4645)
4(2650 4643 5501 3872)
4(4981 3649 5637 4201)
4(5637 3649 5638 4204)
4(2226 4204 5638 4203)
4(5638 3649 4981 4203)
4(5637 3649 5515 4663)
4(5637 4664 4985 3649)
4(5515 3649 4985 3886)
4(4981 3649 5515 4645)
4(3248 4667 5638 4204)
4(5638 4667 4985 3649)
4(5506 3607 5510 4569)
4(5506 4643 5512 3607)
4(3188 4643 5506 4569)
4(5506 3883 5514 3607)
4(5515 3884 5506 3607)
4(547 3884 5515 3886)
4(547 3883 5506 3884)
4(2597 4569 5506 3883)
4(2650 4645 5515 3884)
4(2650 3884 5506 4643)
5(3303 2718 3249 4249 2242)
5(3303 2242 4250 3291 2719)
4(2242 4249 5022 4250)
4(2714 4738 5022 4737)
4(3249 4737 5022 4249)
4(3291 4250 5022 4738)
4(5639 3650 4982 4202)
4(5640 3650 5639 4205)
4(2226 4203 5640 4205)
4(4982 3650 5640 4203)
4(5639 4735 5596 3650)
4(5639 3650 5019 4737)
4(2714 4737 5019 3919)
4(5019 3650 5596 3919)
4(4982 4649 5596 3650)
4(3249 4205 5640 4741)
4(3249 4741 5019 4737)
4(5640 3650 5019 4741)
5(3304 4252 2242 3303 2729)
4(2242 4252 5765 4249)
4(2726 4759 5765 4760)
4(3249 4249 5765 4759)
4(3304 4760 5765 4252)
4(5638 3651 5641 4204)
4(5641 3651 5640 4205)
4(5638 4203 5640 3651)
4(5642 4758 5641 3651)
4(5643 3651 5641 4759)
4(2726 3934 5643 4759)
4(5642 3651 5643 3934)
4(5642 4667 5638 3651)
4(3249 4759 5643 4741)
4(5640 4741 5643 3651)
4(3307 2783 3359 2259)
4(3359 2784 3349 2259)
4(593 2784 3359 2783)
5(3305 2783 3303 2242 4253)
5(593 2783 3305 4802 2779)
4(2242 4250 5767 4253)
4(2779 4802 5767 4800)
4(3291 4800 5767 4250)
4(3305 4253 5767 4802)
4(3362 2794 3359 2259)
4(598 2783 3359 2794)
5(598 2791 4811 3305 2783)
4(2242 4253 5769 4252)
4(2791 4810 5769 4811)
4(3304 4252 5769 4810)
4(3305 4811 5769 4253)
4(3363 2259 3359 2848)
4(618 2847 3363 2848)
4(618 2848 3359 2784)
4(3420 2850 3363 2275)
4(3420 2275 3405 2851)
4(3405 2275 3363 2847)
4(623 2794 3359 2848)
4(623 2848 3363 2858)
4(3420 2860 3418 2275)
4(3418 2858 3363 2275)
4(669 1424 1427 674)
5(644 669 674 649 2896)
4(3420 2275 3419 2896)
4(644 2896 3419 2894)
4(3419 2275 3405 2894)
4(649 2900 3419 2896)
4(3419 2900 3418 2275)
4(1424 1439 1442 1427)
4(1439 1440 1443 1442)
4(1440 1455 1458 1443)
4(1455 1456 1459 1458)
4(4826 3421 4824 4029)
4(4825 3421 4826 4030)
4(2172 4029 4824 4028)
4(2172 4028 4825 4030)
4(2172 4030 4826 4029)
4(4826 4303 4822 3421)
4(4826 3421 4823 4304)
4(2436 4303 4826 4304)
4(3048 4298 4824 4029)
4(3048 4029 4826 4303)
4(3059 4030 4825 4301)
4(3059 4304 4826 4030)
4(4824 3486 5172 4029)
4(5172 3486 5171 4031)
4(2172 4031 5171 4028)
4(2172 4029 5172 4031)
4(5172 3486 5139 4314)
4(5172 4316 4829 3486)
4(2439 4316 5172 4314)
4(3048 4314 5172 4029)
4(3060 4312 5171 4031)
4(3060 4031 5172 4316)
4(5174 3487 4825 4030)
4(5173 3487 5174 4032)
4(2172 4028 5173 4032)
4(2172 4032 5174 4030)
4(5174 4336 5168 3487)
4(5174 3487 4840 4337)
4(2450 4337 4840 3717)
4(2450 4336 5174 4337)
4(3059 4030 5174 4336)
4(3061 4032 5173 4332)
4(3061 4332 4840 4337)
4(3061 4337 5174 4032)
4(5171 3488 5175 4031)
4(5175 3488 5173 4032)
4(2172 4031 5175 4032)
4(5176 4347 5175 3488)
4(5177 3488 5175 4348)
4(2453 3723 5177 4348)
4(2453 4348 5175 4347)
4(3060 4347 5175 4031)
4(3061 4348 5177 4332)
4(3061 4032 5175 4348)
4(4832 3496 5197 4036)
4(2173 4036 5197 4039)
4(5197 3496 5196 4039)
4(3060 4405 5197 4036)
4(5197 4405 5181 3496)
4(3060 4316 5181 4405)
4(5192 4036 5197 3498)
4(5192 3498 5201 4038)
4(5201 3498 5197 4039)
4(5186 4347 5192 3498)
4(5202 3498 5192 4349)
4(2453 3766 5202 4349)
4(2453 4347 5186 3766)
4(5186 3498 5202 3766)
4(3060 4405 5186 4347)
4(5186 4405 5197 3498)
4(5202 3498 5201 4435)
4(3064 4349 5202 4435)
4(5317 3537 4872 4082)
4(4872 3537 5318 4083)
4(2189 4085 5317 4082)
4(2189 4083 5318 4085)
4(2189 4082 4872 4083)
4(4872 3537 5200 4403)
4(4872 4404 5281 3537)
4(2502 4404 4872 4403)
4(3065 4082 5317 4418)
4(3065 4403 4872 4082)
4(3107 4422 5318 4083)
4(3107 4083 4872 4404)
4(3065 4039 5197 4407)
4(5197 3496 4869 4407)
4(3065 4407 4869 4403)
4(5317 4082 5319 3539)
4(5321 3539 5319 4086)
4(2189 4085 5321 4086)
4(2189 4086 5319 4082)
4(5206 3539 5319 4436)
4(5319 3539 5323 4438)
4(2516 4438 5323 3774)
4(2516 4436 5319 4438)
4(3065 4082 5319 4436)
4(3120 4086 5321 4456)
4(3120 4456 5323 4438)
4(3120 4438 5319 4086)
4(5203 3498 5201 4436)
4(2516 4435 5202 3769)
4(5202 3498 5203 3769)
4(2516 3769 5203 4436)
4(5197 4407 5203 3498)
4(3065 4436 5203 4407)
4(5445 4516 4919 3581)
4(5446 3581 4919 4520)
4(3175 4516 5445 4133)
4(3175 4133 5446 4520)
4(5446 4133 5445 3581)
4(4919 3807 5328 3581)
4(5409 3808 4919 3581)
4(5328 3805 5409 3581)
4(2571 4514 5445 4516)
4(5445 4514 5328 3581)
4(2572 4520 5446 4518)
4(5446 3581 5409 4518)
4(5318 3541 5324 4083)
4(5324 3541 5326 4087)
4(2189 4087 5326 4085)
4(2189 4083 5324 4087)
4(5288 4497 5324 3541)
4(5328 3541 5324 4499)
4(2567 4499 5324 4497)
4(2567 3805 5328 4499)
4(3107 4497 5324 4083)
4(3121 4514 5326 4087)
4(3121 4499 5328 4514)
4(3121 4087 5324 4499)
4(5450 4516 5445 3583)
4(5450 3583 5449 4551)
4(3175 4551 5449 4133)
4(5445 4133 5449 3583)
4(5334 3821 5450 3583)
4(5450 3825 5451 3583)
4(517 3822 5451 3825)
4(5451 3822 5334 3583)
4(5334 4514 5445 3583)
4(2586 4552 5449 4551)
4(2586 3825 5451 4552)
4(5451 3583 5449 4552)
4(5321 4086 5329 3543)
4(5326 3543 5329 4087)
4(2189 4087 5329 4086)
4(5333 3543 5329 4531)
4(5329 3543 5334 4532)
4(2581 3822 5333 4531)
4(2581 4532 5334 3822)
4(2581 4531 5329 4532)
4(3120 4531 5333 4456)
4(3120 4086 5329 4531)
4(3121 4514 5334 4532)
4(3121 4532 5329 4087)
4(4963 3441 4961 4612)
4(4964 4616 4961 3441)
4(3231 4186 4963 4612)
4(3231 4616 4964 4186)
4(3231 4612 4961 4616)
4(4959 3855 4961 3441)
4(4961 3856 4960 3441)
4(537 3856 4961 3855)
4(2636 4612 4963 4611)
4(2636 3855 4961 4612)
4(2637 4615 4964 4616)
4(2637 4616 4961 3856)
4(5446 4520 5455 3585)
4(5455 4609 5454 3585)
4(3175 4133 5454 4609)
4(5454 4133 5446 3585)
4(5455 3851 5416 3585)
4(5456 3855 5455 3585)
4(537 3855 5456 3853)
4(5416 3853 5456 3585)
4(5416 3585 5446 4518)
4(2636 4609 5454 4610)
4(2636 4610 5456 3855)
4(5456 4610 5454 3585)
4(4963 4612 5578 3632)
4(5592 3632 5578 4647)
4(3231 4186 5592 4647)
4(3231 4647 5578 4612)
4(5578 3869 5469 3632)
4(4978 3873 5578 3632)
4(542 3873 4978 3871)
4(542 3869 5578 3873)
4(2636 4612 5578 3869)
4(2651 4647 5592 4649)
4(2651 4649 4978 3873)
4(2651 3873 5578 4647)
4(5460 4551 5449 3587)
4(5460 3587 5454 4609)
4(5449 4133 5454 3587)
4(5461 3868 5460 3587)
4(5460 3869 5462 3587)
4(542 3868 5461 3870)
4(542 3870 5462 3869)
4(5462 3870 5461 3587)
4(2586 4552 5461 3868)
4(5449 3587 5461 4552)
4(2636 3869 5462 4610)
4(5462 3587 5454 4610)
4(5004 3447 5005 4232)
4(5006 3447 5004 4233)
4(2238 4232 5005 4234)
4(2238 4234 5006 4233)
4(5005 3447 5006 4234)
4(5004 4703 5001 3447)
4(5004 3447 5002 4704)
4(5002 3447 5001 3902)
4(3236 4707 5005 4232)
4(5005 4707 5001 3447)
4(3278 4233 5006 4711)
4(5006 3447 5002 4711)
4(4964 3633 5583 4616)
4(5594 4705 5583 3633)
4(3231 4705 5594 4186)
4(3231 4616 5583 4705)
4(5550 3899 5583 3633)
4(5583 3903 5001 3633)
4(562 3902 5001 3903)
4(562 3903 5583 3899)
4(2637 3899 5583 4616)
4(2701 4707 5594 4705)
4(2701 3903 5001 4707)
4(2701 4705 5583 3903)
4(5005 3676 5719 4232)
4(5719 3676 5720 4235)
4(2238 4235 5720 4234)
4(5720 3676 5005 4234)
4(5719 3676 5597 4736)
4(5719 4738 5020 3676)
4(2714 3919 5020 4738)
4(5597 3676 5020 3919)
4(5005 3676 5597 4707)
4(3291 4745 5720 4235)
4(3291 4738 5020 4745)
4(5720 4745 5020 3676)
4(5588 3634 5592 4647)
4(5588 4705 5594 3634)
4(3231 4705 5588 4647)
4(5588 3916 5596 3634)
4(5597 3917 5588 3634)
4(567 3919 5596 3916)
4(567 3917 5597 3919)
4(567 3916 5588 3917)
4(2651 3916 5596 4649)
4(2651 4647 5588 3916)
4(2701 4707 5597 3917)
4(2701 3917 5588 4705)
4(3346 2769 3292 2254)
4(3346 2254 3334 2770)
5(3334 2254 3292 4785 2765)
4(5721 3677 5006 4233)
4(5722 3677 5721 4236)
4(2238 4234 5722 4236)
4(5006 3677 5722 4234)
4(5721 4783 5678 3677)
4(5721 3677 5030 4785)
4(2765 4785 5030 3948)
4(5030 3677 5678 3948)
4(5006 4711 5678 3677)
4(3292 4236 5722 4788)
4(3292 4788 5030 4785)
4(5722 3677 5030 4788)
4(3347 2254 3346 2784)
4(593 2779 3347 2784)
5(3347 2779 4801 3292 2254)
4(5720 3678 5723 4235)
4(5723 3678 5722 4236)
4(5720 4234 5722 3678)
4(5724 4800 5723 3678)
4(5725 3678 5723 4801)
4(2779 4800 5724 3962)
4(2779 3962 5725 4801)
4(5724 3678 5725 3962)
4(3291 4745 5724 4800)
4(5724 4745 5720 3678)
4(3292 4801 5725 4788)
4(5722 4788 5725 3678)
4(3350 2834 3402 2271)
4(3402 2835 3392 2271)
4(613 2835 3402 2834)
4(3348 2834 3346 2254)
4(613 2834 3348 2830)
4(3348 2254 3334 2830)
4(618 2784 3347 2844)
4(3348 2844 3347 2254)
4(618 2844 3348 2834)
4(3405 2849 3402 2271)
4(618 2849 3405 2847)
4(618 2834 3402 2849)
4(669 694 1439 1424)
4(664 689 694 669)
4(689 1436 1439 694)
4(638 2886 3406 2885)
4(643 2894 3406 2886)
5(643 668 669 644 2894)
4(663 664 669 668)
5(638 663 668 643 2886)
4(3406 2271 3402 2886)
4(638 2886 3402 2835)
4(643 2894 3405 2849)
4(643 2849 3402 2886)
4(1439 1454 1455 1440)
4(1436 1451 1454 1439)
4(1451 1452 1455 1454)
4(1455 1470 1471 1456)
4(1452 1467 1470 1455)
4(1467 1468 1471 1470)
4(5405 4500 5409 3569)
4(3163 4118 5407 4518)
4(3163 4500 5405 4118)
4(3163 4518 5409 4500)
4(2567 4498 5405 4500)
4(2567 4500 5409 3805)
4(5536 3613 5532 4582)
4(5417 4580 5532 3613)
4(5417 3613 5536 3852)
4(5532 4165 5535 3613)
4(5536 3613 5535 4613)
4(3218 4613 5535 4165)
4(5532 4163 5533 3613)
4(2217 4165 5535 4166)
4(2217 4166 5533 4163)
4(5535 3613 5533 4166)
4(3164 4163 5533 4594)
4(5417 4594 5533 3613)
4(5416 4593 5412 3571)
4(3163 4118 5412 4593)
4(3163 4593 5416 4518)
4(2632 4593 5412 4594)
4(2632 3853 5416 4593)
4(2632 4594 5417 3853)
4(5536 3856 5537 3613)
4(537 3853 5537 3856)
4(5537 3853 5417 3613)
4(2637 4614 5535 4613)
4(2637 3856 5537 4614)
4(5537 3613 5535 4614)
4(4988 3660 5664 4678)
4(5664 3660 5551 3900)
4(2687 4678 5664 3900)
4(5675 3660 5664 4709)
4(3274 4217 5675 4709)
4(3274 4709 5664 4678)
5(3274 4213 2233 3259 2688)
5(3259 2233 4211 3220 2683)
4(2687 4676 5660 4678)
4(3274 4678 5660 4213)
4(2233 4213 5660 4211)
4(3220 4211 5660 4676)
4(5543 4675 5539 3615)
4(5545 3615 5539 4676)
4(5543 3615 5545 3900)
4(2687 3900 5545 4676)
4(5535 4165 5539 3615)
4(5543 4613 5535 3615)
4(5539 3615 5540 4167)
4(2217 4167 5540 4166)
4(5535 4166 5540 3615)
4(3220 4690 5540 4167)
4(3220 4676 5545 4690)
4(5540 4690 5545 3615)
4(5002 3904 5664 3660)
4(562 3904 5002 3902)
4(562 3900 5664 3904)
4(2702 4709 5675 4711)
4(2702 4711 5002 3904)
4(2702 3904 5664 4709)
4(5544 3899 5543 3615)
4(562 3899 5544 3901)
4(5545 3901 5544 3615)
4(562 3901 5545 3900)
4(2637 4614 5544 3899)
4(5535 3615 5544 4614)
5(3279 4771 2752 3330 2250)
4(3330 2753 3319 2250)
4(582 2753 3330 2752)
4(5671 3661 5676 4769)
4(2752 4771 5679 3946)
4(5679 3661 5671 3946)
4(2752 3946 5671 4769)
4(5671 3661 5675 4709)
4(3274 4769 5671 4709)
5(3276 4215 2233 3259 2748)
5(582 2752 4770 3276 2748)
4(2752 4769 5667 4770)
4(3274 4213 5667 4769)
4(2233 4215 5667 4213)
4(3276 4770 5667 4215)
4(587 3948 5679 3946)
4(3334 2767 3330 2250)
5(587 2767 3334 2765 3948)
5(587 3946 2752 3330 2767)
4(5671 3945 5678 3661)
4(587 3948 5678 3945)
4(587 3945 5671 3946)
4(2702 3945 5678 4711)
4(2702 4709 5671 3945)
4(3389 2820 3335 2266)
4(3389 2266 3375 2821)
4(3375 2266 3335 2816)
4(3335 2250 3330 2817)
4(607 2816 3335 2817)
4(607 2817 3330 2753)
4(612 2830 3334 2767)
4(612 2767 3330 2817)
4(612 2817 3335 2830)
4(3390 2266 3389 2835)
4(613 2830 3390 2835)
4(3390 2830 3335 2266)
4(663 688 689 664)
4(658 683 688 663)
4(683 684 689 688)
4(689 714 1451 1436)
4(684 709 714 689)
4(709 1448 1451 714)
4(633 2874 3391 2877)
4(638 2877 3391 2883)
5(637 662 663 638 2883)
4(657 658 663 662)
4(632 2875 3391 2874)
4(637 2883 3391 2875)
5(632 657 662 637 2875)
4(3391 2877 3389 2266)
4(3391 2266 3375 2874)
4(638 2835 3390 2883)
4(3391 2883 3390 2266)
4(1451 1466 1467 1452)
4(1448 1463 1466 1451)
4(1463 1464 1467 1466)
4(1467 1482 1483 1468)
4(1464 1479 1482 1467)
4(1479 1480 1483 1482)
4(5263 3520 4864 4394)
4(5264 4399 4864 3520)
4(3104 4065 5263 4394)
4(3104 4399 5264 4065)
4(3104 4394 4864 4399)
4(5144 3746 4864 3520)
4(4864 3748 5260 3520)
4(485 3748 4864 3746)
4(2499 4394 5263 4392)
4(2499 3746 4864 4394)
4(2501 4398 5264 4399)
4(2501 4399 4864 3748)
4(4826 4303 5143 3489)
4(5178 3489 5143 4391)
4(3048 4029 5178 4391)
4(5178 4029 4826 3489)
4(5143 3744 5169 3489)
4(4863 3746 5143 3489)
4(485 3746 4863 3747)
4(5169 3747 4863 3489)
4(4826 4304 5169 3489)
4(2499 4391 5178 4393)
4(2499 4393 4863 3746)
4(5178 3489 4863 4393)
4(5263 4394 5267 3521)
4(5267 4410 5265 3521)
4(3104 4065 5265 4410)
4(3104 4410 5267 4394)
4(5267 3751 5147 3521)
4(5266 3754 5267 3521)
4(486 3751 5267 3754)
4(2499 4394 5267 3751)
4(2504 4410 5265 4409)
4(2504 3754 5267 4410)
4(5146 4314 5172 3490)
4(5146 3490 5178 4391)
4(5172 4029 5178 3490)
4(5181 3749 5146 3490)
4(5146 3751 5182 3490)
4(486 3753 5182 3751)
4(5182 3753 5181 3490)
4(5172 3490 5181 4316)
4(2499 3751 5182 4393)
4(5182 3490 5178 4393)
4(4902 3564 5391 4110)
4(5392 3564 4902 4111)
4(2200 4110 5391 4113)
4(2200 4113 5392 4111)
4(5391 3564 5392 4113)
4(4902 4477 5272 3564)
4(4902 3564 5388 4478)
4(5388 3564 5272 3793)
4(3105 4488 5391 4110)
4(5391 4488 5272 3564)
4(3158 4111 5392 4494)
4(5392 3564 5388 4494)
4(5271 4399 5264 3522)
4(5271 3522 5270 4487)
4(3104 4487 5270 4065)
4(3104 4399 5271 4487)
4(5261 3792 5271 3522)
4(5271 3794 5272 3522)
4(510 3793 5272 3794)
4(510 3794 5271 3792)
4(2501 3792 5271 4399)
4(2564 4488 5270 4487)
4(2564 3794 5272 4488)
4(2564 4487 5271 3794)
4(5390 4110 5391 3565)
4(5390 3565 5393 4112)
4(2200 4112 5393 4113)
4(5393 3565 5391 4113)
4(5275 4480 5390 3565)
4(5394 3565 5390 4482)
4(5275 3565 5394 3798)
4(5275 4488 5391 3565)
4(3159 4505 5393 4112)
4(5394 3565 5393 4505)
4(5265 4410 5274 3523)
4(5274 4487 5270 3523)
4(3104 4487 5274 4410)
4(5274 3797 5273 3523)
4(5275 3799 5274 3523)
4(511 3799 5275 3798)
4(511 3797 5274 3799)
4(2504 4410 5274 3797)
4(2564 4488 5275 3799)
4(2564 3799 5274 4487)
5(3199 2615 3161 4158 2216)
5(3214 2617 3199 2216 4159)
4(2216 4158 4944 4159)
4(2616 4574 4944 4573)
4(3161 4573 4944 4158)
4(3214 4159 4944 4574)
4(5392 4111 5396 3566)
4(5398 3566 5396 4114)
4(2200 4113 5398 4114)
4(5392 3566 5398 4113)
4(5389 3566 5396 4572)
4(5396 3566 5400 4573)
4(2616 4573 5400 3841)
4(5400 3566 5389 3841)
4(5389 3566 5392 4494)
4(3161 4114 5398 4584)
4(3161 4584 5400 4573)
4(5400 4584 5398 3566)
5(3215 4160 2216 3199 2620)
4(2216 4160 5518 4158)
4(2619 4576 5518 4578)
4(3161 4158 5518 4576)
4(3215 4578 5518 4160)
4(5393 3567 5397 4112)
4(5397 3567 5398 4114)
4(5393 4113 5398 3567)
4(5401 4575 5397 3567)
4(5403 3567 5397 4576)
4(2619 3846 5403 4576)
4(5401 3567 5403 3846)
4(5401 4505 5393 3567)
4(3161 4576 5403 4584)
4(5398 4584 5403 3567)
4(3255 2228 3200 2680)
4(3255 2682 3253 2228)
4(555 2682 3255 2680)
5(3217 2680 3199 2216 4162)
5(555 2680 3217 4669 2681)
4(2216 4159 5524 4162)
4(2681 4669 5524 4668)
4(3214 4668 5524 4159)
4(3217 4162 5524 4669)
4(3255 2228 3254 2685)
4(556 2680 3255 2685)
5(556 2684 4672 3217 2680)
4(2216 4162 5525 4160)
4(2684 4671 5525 4672)
4(3215 4160 5525 4671)
4(3217 4672 5525 4162)
4(3313 2731 3256 2244)
4(3309 2733 3313 2244)
4(3256 2732 3309 2244)
4(3256 2228 3255 2745)
4(580 2732 3256 2745)
4(580 2745 3255 2682)
4(581 2745 3256 2735)
4(581 2685 3255 2745)
4(3313 2736 3310 2244)
4(3310 2735 3256 2244)
4(3313 2244 3312 2796)
4(600 2796 3312 2797)
4(3312 2244 3309 2797)
4(3312 2800 3310 2244)
4(601 2800 3312 2796)
4(600 2798 3369 2796)
4(601 2796 3369 2801)
5(625 1940 1943 626 2861)
4(625 2861 3369 2798)
4(626 2801 3369 2861)
4(1940 1952 1955 1943)
4(1952 1953 1956 1955)
4(1953 1965 1968 1956)
4(1965 1966 1969 1968)
4(4872 4404 4870 3428)
4(4874 3428 4870 4411)
4(3107 4083 4874 4411)
4(4874 4083 4872 3428)
4(4870 3752 4869 3428)
4(4871 3754 4870 3428)
4(486 3754 4871 3753)
4(4869 3753 4871 3428)
4(4872 4403 4869 3428)
4(2504 4411 4874 4412)
4(2504 4412 4871 3754)
4(4874 3428 4871 4412)
4(2503 4407 5197 4405)
4(2503 4405 5181 3753)
4(2503 3753 4869 4407)
4(5405 3568 4912 4500)
4(5406 4507 4912 3568)
4(3163 4507 5406 4118)
4(3163 4500 4912 4507)
4(5286 3800 4912 3568)
4(4912 3802 5394 3568)
4(511 3798 5394 3802)
4(511 3802 4912 3800)
4(2567 3800 4912 4500)
4(2569 4505 5406 4507)
4(2569 3802 5394 4505)
4(2569 4507 4912 3802)
4(4874 4411 5285 3540)
4(5324 3540 5285 4497)
4(5324 4083 4874 3540)
4(5285 3797 5309 3540)
4(4911 3800 5285 3540)
4(511 3801 5309 3797)
4(511 3800 4911 3801)
4(5309 3801 4911 3540)
4(2504 3797 5309 4412)
4(4874 4412 5309 3540)
4(5324 3540 4911 4499)
4(2567 4499 4911 3800)
4(4945 3612 5533 4163)
4(5534 3612 4945 4164)
4(2217 4166 5534 4164)
4(5533 3612 5534 4166)
4(4945 4577 5414 3612)
4(4945 3612 5522 4578)
4(2619 4578 5522 3846)
4(5522 3612 5414 3846)
4(5533 4594 5414 3612)
4(3215 4164 5534 4601)
4(3215 4601 5522 4578)
4(5534 3612 5522 4601)
4(5413 4507 5406 3570)
4(5413 3570 5412 4593)
4(3163 4507 5413 4593)
4(5401 3845 5413 3570)
4(5413 3848 5414 3570)
4(536 3845 5401 3846)
4(536 3846 5414 3848)
4(536 3848 5413 3845)
4(2569 4505 5401 3845)
4(2569 3845 5413 4507)
4(2632 3848 5414 4594)
4(2632 4593 5413 3848)
5(3271 2685 3259 2233 4212)
5(556 2685 3271 4674 2684)
4(2233 4211 4987 4212)
4(2684 4674 4987 4673)
4(3220 4673 4987 4211)
4(3271 4212 4987 4674)
4(5534 4164 5538 3614)
4(5540 3614 5538 4167)
4(5534 3614 5540 4166)
4(5529 3614 5538 4671)
4(5538 3614 5542 4673)
4(2684 3894 5529 4671)
4(2684 4673 5542 3894)
4(5542 3614 5529 3894)
4(3215 4671 5529 4601)
4(5529 3614 5534 4601)
4(3220 4690 5542 4673)
4(5542 4690 5540 3614)
4(3315 2245 3260 2748)
4(3315 2750 3310 2245)
4(581 2735 3310 2750)
4(581 2750 3315 2748)
5(581 2749 4766 3271 2685)
5(581 2748 3276 4768 2749)
4(2233 4212 5666 4215)
4(2749 4768 5666 4766)
4(3271 4766 5666 4212)
4(3276 4215 5666 4768)
4(3315 2245 3314 2753)
4(582 2748 3315 2753)
4(3373 2799 3316 2261)
4(3366 2801 3373 2261)
4(601 2801 3366 2800)
4(3316 2800 3366 2261)
4(3316 2245 3315 2813)
4(606 2750 3310 2800)
4(606 2800 3316 2813)
4(606 2813 3315 2750)
4(607 2753 3315 2813)
4(607 2813 3316 2803)
4(3373 2804 3370 2261)
4(3370 2803 3316 2261)
5(626 651 652 627 2863)
4(626 1943 1955 651)
4(651 1955 1958 652)
4(3373 2261 3372 2863)
4(626 2863 3372 2864)
4(626 2864 3366 2801)
4(3372 2261 3366 2864)
4(627 2866 3372 2863)
4(3372 2866 3370 2261)
4(1955 1956 1968 1967)
4(1955 1967 1970 1958)
4(1967 1968 1971 1970)
4(1968 1969 1981 1980)
4(1968 1980 1983 1971)
4(1980 1981 1984 1983)
4(3375 2818 3370 2262)
4(607 2818 3375 2816)
4(607 2803 3370 2818)
4(652 677 678 653)
4(652 1958 1970 677)
4(677 1970 1973 678)
4(632 2874 3375 2818)
4(632 2818 3370 2866)
4(1970 1971 1983 1982)
4(1970 1982 1985 1973)
4(1982 1983 1986 1985)
4(1983 1984 1996 1995)
4(1983 1995 1998 1986)
4(1995 1996 1999 1998)
4(678 703 704 679)
4(678 1973 1985 703)
4(703 1985 1445 704)
4(1985 1986 1998 1997)
4(1985 1997 1460 1445)
4(1997 1998 1461 1460)
4(1998 1999 2011 2010)
4(1998 2010 1476 1461)
4(2010 2011 1477 1476)
4(657 682 683 658)
4(652 677 682 657)
4(677 678 683 682)
4(683 708 709 684)
4(678 703 708 683)
4(703 704 709 708)
4(709 734 1463 1448)
4(704 1445 1460 729)
4(704 729 734 709)
4(729 1460 1463 734)
5(631 656 657 632 2872)
4(631 2872 3372 2864)
4(632 2866 3372 2872)
4(651 652 657 656)
5(626 651 656 631 2864)
4(1463 1478 1479 1464)
4(1460 1461 1476 1475)
4(1460 1475 1478 1463)
4(1475 1476 1479 1478)
4(1479 1494 1495 1480)
4(1476 1477 1492 1491)
4(1476 1491 1494 1479)
4(1491 1492 1495 1494)
4(4844 3424 4842 4046)
4(4843 3424 4844 4047)
4(2176 4046 4842 4045)
4(2176 4045 4843 4047)
4(2176 4047 4844 4046)
4(4844 4337 4840 3424)
4(4844 3424 4841 4338)
4(2450 4337 4844 4338)
4(3061 4332 4842 4046)
4(3061 4046 4844 4337)
4(3072 4047 4843 4335)
4(3072 4338 4844 4047)
4(4842 3503 5218 4046)
4(5218 3503 5217 4048)
4(2176 4048 5217 4045)
4(2176 4046 5218 4048)
4(5218 3503 5177 4348)
4(5218 4350 4847 3503)
4(2453 4350 5218 4348)
4(3061 4348 5218 4046)
4(3073 4346 5217 4048)
4(3073 4048 5218 4350)
4(5220 3504 4843 4047)
4(5219 3504 5220 4049)
4(2176 4045 5219 4049)
4(2176 4049 5220 4047)
4(5220 4366 5214 3504)
4(5220 3504 4857 4367)
4(2463 4366 5220 4367)
4(3072 4047 5220 4366)
4(3074 4049 5219 4365)
4(3074 4367 5220 4049)
4(5217 3505 5221 4048)
4(5221 3505 5219 4049)
4(2176 4048 5221 4049)
4(5222 4371 5221 3505)
4(5223 3505 5221 4372)
4(2465 4372 5221 4371)
4(3073 4371 5221 4048)
4(3074 4049 5221 4372)
4(5242 3513 4850 4052)
4(4850 3513 5243 4053)
4(2177 4053 5243 4056)
4(5243 3513 5242 4056)
4(4850 3513 5202 4349)
4(4850 4350 5227 3513)
4(2453 3766 5227 4350)
4(5202 3513 5227 3766)
4(5242 3513 5202 4435)
4(3073 4439 5243 4053)
4(3073 4350 5227 4439)
4(5243 4439 5227 3513)
4(5238 4053 5243 3515)
4(5238 3515 5247 4055)
4(5247 3515 5243 4056)
4(5232 4371 5238 3515)
4(5248 3515 5238 4373)
4(2465 4371 5232 3782)
4(5232 3515 5248 3782)
4(3073 4439 5232 4371)
4(5232 4439 5243 3515)
4(5248 3515 5247 4464)
4(5363 3554 4890 4099)
4(4890 3554 5364 4100)
4(2193 4102 5363 4099)
4(2193 4100 5364 4102)
4(2193 4099 4890 4100)
4(4890 3554 5246 4437)
4(4890 4438 5323 3554)
4(2516 4438 4890 4437)
4(3078 4099 5363 4452)
4(3078 4437 4890 4099)
4(3120 4456 5364 4100)
4(3120 4100 4890 4438)
4(5242 3513 4887 4437)
4(4887 3513 5202 3769)
4(2516 4437 4887 3769)
4(3078 4056 5243 4441)
4(5243 3513 4887 4441)
4(3078 4441 4887 4437)
4(5363 4099 5365 3556)
4(5367 3556 5365 4103)
4(2193 4102 5367 4103)
4(2193 4103 5365 4099)
4(5252 3556 5365 4465)
4(5365 3556 5369 4466)
4(2529 4465 5365 4466)
4(3078 4099 5365 4465)
4(3133 4103 5367 4474)
4(3133 4466 5365 4103)
4(5249 3515 5247 4465)
4(5248 3515 5249 3785)
4(2529 3785 5249 4465)
4(5243 4441 5249 3515)
4(3078 4465 5249 4441)
4(5491 4550 4937 3598)
4(5492 3598 4937 4554)
4(3188 4550 5491 4150)
4(3188 4150 5492 4554)
4(5492 4150 5491 3598)
4(4937 3824 5374 3598)
4(5451 3825 4937 3598)
4(5374 3822 5451 3598)
4(2585 4548 5491 4550)
4(5491 4548 5374 3598)
4(2586 4554 5492 4552)
4(5492 3598 5451 4552)
4(5364 3558 5370 4100)
4(5370 3558 5372 4104)
4(2193 4104 5372 4102)
4(2193 4100 5370 4104)
4(5333 4531 5370 3558)
4(5374 3558 5370 4533)
4(2581 3822 5374 4533)
4(2581 4533 5370 4531)
4(3120 4531 5370 4100)
4(3134 4548 5372 4104)
4(3134 4533 5374 4548)
4(3134 4104 5370 4533)
4(5496 4550 5491 3600)
4(5496 3600 5495 4569)
4(3188 4569 5495 4150)
4(5491 4150 5495 3600)
4(5380 3836 5496 3600)
4(5496 3839 5497 3600)
4(5497 3837 5380 3600)
4(5380 4548 5491 3600)
4(2597 4570 5495 4569)
4(5497 3600 5495 4570)
4(5367 4103 5375 3560)
4(5372 3560 5375 4104)
4(2193 4104 5375 4103)
4(5379 3560 5375 4560)
4(5375 3560 5380 4561)
4(2594 4561 5380 3837)
4(2594 4560 5375 4561)
4(3133 4103 5375 4560)
4(3134 4548 5380 4561)
4(3134 4561 5375 4104)
4(4981 3444 4979 4646)
4(4982 4650 4979 3444)
4(3244 4203 4981 4646)
4(3244 4650 4982 4203)
4(3244 4646 4979 4650)
4(4977 3872 4979 3444)
4(4979 3873 4978 3444)
4(542 3873 4979 3872)
4(2650 4646 4981 4645)
4(2650 3872 4979 4646)
4(2651 4649 4982 4650)
4(2651 4650 4979 3873)
4(5492 4554 5501 3602)
4(5501 4643 5500 3602)
4(3188 4150 5500 4643)
4(5500 4150 5492 3602)
4(5501 3868 5461 3602)
4(5502 3872 5501 3602)
4(542 3872 5502 3870)
4(5461 3870 5502 3602)
4(5461 3602 5492 4552)
4(2650 4643 5500 4644)
4(2650 4644 5502 3872)
4(5502 4644 5500 3602)
4(4981 4646 5624 3649)
4(5638 3649 5624 4665)
4(3244 4203 5638 4665)
4(3244 4665 5624 4646)
4(5624 3884 5515 3649)
4(4985 3887 5624 3649)
4(547 3884 5624 3887)
4(2650 4646 5624 3884)
4(2662 4665 5638 4667)
4(2662 3887 5624 4665)
4(5506 4569 5495 3604)
4(5506 3604 5500 4643)
4(5495 4150 5500 3604)
4(5507 3883 5506 3604)
4(5506 3884 5508 3604)
4(547 3885 5508 3884)
4(5508 3885 5507 3604)
4(5495 3604 5507 4570)
4(2650 3884 5508 4644)
4(5508 3604 5500 4644)
4(5022 3450 5023 4249)
4(5024 3450 5022 4250)
4(2242 4249 5023 4251)
4(2242 4251 5024 4250)
4(5023 3450 5024 4251)
4(5022 4737 5019 3450)
4(5022 3450 5020 4738)
4(5020 3450 5019 3919)
4(3249 4741 5023 4249)
4(5023 4741 5019 3450)
4(3291 4250 5024 4745)
4(5024 3450 5020 4745)
4(4982 3650 5629 4650)
4(5640 4739 5629 3650)
4(3244 4739 5640 4203)
4(3244 4650 5629 4739)
4(5596 3916 5629 3650)
4(5629 3920 5019 3650)
4(567 3919 5019 3920)
4(567 3920 5629 3916)
4(2651 3916 5629 4650)
4(2715 4741 5640 4739)
4(2715 3920 5019 4741)
4(2715 4739 5629 3920)
4(5023 3693 5765 4249)
4(5765 3693 5766 4252)
4(2242 4252 5766 4251)
4(5766 3693 5023 4251)
4(5765 3693 5643 4759)
4(5765 4760 5027 3693)
4(5643 3693 5027 3934)
4(5023 3693 5643 4741)
4(3304 4763 5766 4252)
4(5766 4763 5027 3693)
4(5634 3651 5638 4665)
4(5634 4739 5640 3651)
4(3244 4739 5634 4665)
4(5634 3931 5642 3651)
4(5643 3932 5634 3651)
4(572 3932 5643 3934)
4(572 3931 5634 3932)
4(2662 4665 5634 3931)
4(2715 4741 5643 3932)
4(2715 3932 5634 4739)
4(3359 2783 3305 2258)
4(3359 2258 3347 2784)
5(3347 2258 3305 4802 2779)
4(5767 3694 5024 4250)
4(5768 3694 5767 4253)
4(2242 4251 5768 4253)
4(5024 3694 5768 4251)
4(5767 4800 5724 3694)
4(5767 3694 5033 4802)
4(2779 4802 5033 3962)
4(5033 3694 5724 3962)
4(5024 4745 5724 3694)
4(3305 4253 5768 4805)
4(3305 4805 5033 4802)
4(5768 3694 5033 4805)
4(3360 2258 3359 2794)
5(3360 2791 4811 3305 2258)
4(5766 3695 5769 4252)
4(5769 3695 5768 4253)
4(5766 4251 5768 3695)
4(5770 4810 5769 3695)
4(5771 3695 5769 4811)
4(2791 3974 5771 4811)
4(5770 3695 5771 3974)
4(5770 4763 5766 3695)
4(3305 4811 5771 4805)
4(5768 4805 5771 3695)
4(3363 2848 3415 2275)
4(3415 2849 3405 2275)
4(618 2849 3415 2848)
4(3361 2848 3359 2258)
4(618 2848 3361 2844)
4(3361 2258 3347 2844)
4(3361 2856 3360 2258)
4(623 2856 3361 2848)
4(3418 2859 3415 2275)
4(623 2848 3415 2859)
4(669 694 699 674)
4(694 1439 1442 699)
4(643 2895 3419 2894)
4(648 2900 3419 2895)
4(668 669 674 673)
5(643 668 673 648 2895)
4(3419 2275 3415 2895)
4(643 2895 3415 2849)
4(648 2859 3415 2895)
4(1439 1454 1457 1442)
4(1454 1455 1458 1457)
4(1455 1470 1473 1458)
4(1470 1471 1474 1473)
4(4826 3489 5179 4030)
4(2172 4033 5178 4029)
4(2172 4030 5179 4033)
4(5179 3489 5178 4033)
4(3059 4395 5179 4030)
4(5179 4395 5169 3489)
4(5180 3490 5172 4031)
4(2172 4033 5180 4031)
4(5178 3490 5180 4033)
4(3060 4031 5180 4405)
4(5181 4405 5180 3490)
4(5174 4030 5179 3491)
4(5174 3491 5183 4032)
4(2172 4032 5183 4033)
4(5183 3491 5179 4033)
4(5170 4336 5174 3491)
4(5184 3491 5174 4337)
4(2450 3761 5184 4337)
4(5170 3491 5184 3761)
4(5170 4395 5179 3491)
4(3061 4425 5183 4032)
4(3061 4337 5184 4425)
4(5184 3491 5183 4425)
4(5175 3492 5180 4031)
4(5175 4032 5183 3492)
4(5180 3492 5183 4033)
4(5186 3492 5175 4347)
4(5175 3492 5187 4348)
4(2453 4348 5187 3766)
4(5187 3492 5186 3766)
4(5186 3492 5180 4405)
4(3061 4425 5187 4348)
4(5187 4425 5183 3492)
4(5203 3767 5186 3498)
4(491 3769 5202 3766)
4(491 3766 5186 3767)
4(491 3767 5203 3769)
4(2503 3767 5186 4405)
4(2503 4407 5203 3767)
4(4872 3428 4873 4082)
4(2189 4082 4873 4084)
4(2189 4084 4874 4083)
4(4873 3428 4874 4084)
4(3065 4407 4873 4082)
4(4873 4407 4869 3428)
4(4873 3538 5319 4082)
4(5319 3538 5320 4086)
4(2189 4086 5320 4084)
4(5320 3538 4873 4084)
4(5319 3538 5203 4436)
4(5319 4438 4888 3538)
4(2516 3769 4888 4438)
4(5203 3538 4888 3769)
4(4873 3538 5203 4407)
4(3120 4445 5320 4086)
4(3120 4438 4888 4445)
4(5320 4445 4888 3538)
4(5445 3581 4914 4130)
4(4914 3581 5446 4131)
4(2205 4133 5445 4130)
4(2205 4131 5446 4133)
4(2205 4130 4914 4131)
4(4914 3581 5328 4499)
4(4914 4500 5409 3581)
4(2567 4500 4914 4499)
4(3121 4130 5445 4514)
4(3121 4499 4914 4130)
4(3163 4518 5446 4131)
4(3163 4131 4914 4500)
4(5325 3540 5324 4087)
4(2189 4084 5325 4087)
4(4874 3540 5325 4084)
4(3121 4087 5325 4503)
4(5325 3540 4911 4503)
4(3121 4503 4911 4499)
4(5445 4130 5447 3583)
4(5449 3583 5447 4134)
4(2205 4133 5449 4134)
4(2205 4134 5447 4130)
4(5334 3583 5447 4532)
4(5447 3583 5451 4534)
4(2581 4534 5451 3822)
4(2581 4532 5447 4534)
4(3121 4130 5447 4532)
4(3176 4134 5449 4552)
4(3176 4552 5451 4534)
4(3176 4534 5447 4134)
4(5320 3542 5329 4086)
4(5329 3542 5325 4087)
4(5320 4084 5325 3542)
4(5330 4531 5329 3542)
4(5331 3542 5329 4532)
4(2581 4531 5330 3817)
4(2581 3817 5331 4532)
4(5330 3542 5331 3817)
4(3120 4445 5330 4531)
4(5330 4445 5320 3542)
4(3121 4532 5331 4503)
4(5325 4503 5331 3542)
4(5573 4612 4961 3625)
4(5574 3625 4961 4616)
4(3231 4612 5573 4181)
4(3231 4181 5574 4616)
4(5574 4181 5573 3625)
4(4961 3855 5456 3625)
4(5537 3856 4961 3625)
4(5456 3853 5537 3625)
4(2636 4610 5573 4612)
4(5573 4610 5456 3625)
4(2637 4616 5574 4614)
4(5574 3625 5537 4614)
4(5446 3585 5452 4131)
4(5452 3585 5454 4135)
4(2205 4135 5454 4133)
4(2205 4131 5452 4135)
4(5416 4593 5452 3585)
4(5456 3585 5452 4595)
4(2632 4595 5452 4593)
4(2632 3853 5456 4595)
4(3163 4593 5452 4131)
4(3177 4610 5454 4135)
4(3177 4595 5456 4610)
4(3177 4135 5452 4595)
4(5578 4612 5573 3627)
4(5578 3627 5577 4647)
4(3231 4647 5577 4181)
4(5573 4181 5577 3627)
4(5462 3869 5578 3627)
4(5578 3873 5579 3627)
4(542 3870 5579 3873)
4(5579 3870 5462 3627)
4(5462 4610 5573 3627)
4(2651 4648 5577 4647)
4(2651 3873 5579 4648)
4(5579 3627 5577 4648)
4(5449 4134 5457 3587)
4(5454 3587 5457 4135)
4(2205 4135 5457 4134)
4(5461 3587 5457 4627)
4(5457 3587 5462 4628)
4(2646 3870 5461 4627)
4(2646 4628 5462 3870)
4(2646 4627 5457 4628)
4(3176 4627 5461 4552)
4(3176 4134 5457 4627)
4(3177 4610 5462 4628)
4(3177 4628 5457 4135)
4(5005 3447 5003 4708)
4(5006 4712 5003 3447)
4(3287 4234 5005 4708)
4(3287 4712 5006 4234)
4(3287 4708 5003 4712)
4(5001 3903 5003 3447)
4(5003 3904 5002 3447)
4(562 3904 5003 3903)
4(2701 4708 5005 4707)
4(2701 3903 5003 4708)
4(2702 4711 5006 4712)
4(2702 4712 5003 3904)
4(5574 4616 5583 3629)
4(5583 4705 5582 3629)
4(3231 4181 5582 4705)
4(5582 4181 5574 3629)
4(5583 3899 5544 3629)
4(5584 3903 5583 3629)
4(562 3903 5584 3901)
4(5544 3901 5584 3629)
4(5544 3629 5574 4614)
4(2701 4705 5582 4706)
4(2701 4706 5584 3903)
4(5584 4706 5582 3629)
4(5005 4708 5706 3676)
4(5720 3676 5706 4743)
4(3287 4234 5720 4743)
4(3287 4743 5706 4708)
4(5706 3917 5597 3676)
4(5020 3921 5706 3676)
4(567 3921 5020 3919)
4(567 3917 5706 3921)
4(2701 4708 5706 3917)
4(2716 4743 5720 4745)
4(2716 4745 5020 3921)
4(2716 3921 5706 4743)
4(5588 4647 5577 3631)
4(5588 3631 5582 4705)
4(5577 4181 5582 3631)
4(5589 3916 5588 3631)
4(5588 3917 5590 3631)
4(567 3916 5589 3918)
4(567 3918 5590 3917)
4(5590 3918 5589 3631)
4(2651 4648 5589 3916)
4(5577 3631 5589 4648)
4(2701 3917 5590 4706)
4(5590 3631 5582 4706)
4(587 3949 5030 3948)
4(2766 4788 5030 3949)
5(3292 4788 2766 3343 2254)
4(3343 2767 3334 2254)
5(587 2767 3343 2766 3949)
4(5006 3677 5711 4712)
4(5722 4786 5711 3677)
4(3287 4786 5722 4234)
4(3287 4712 5711 4786)
4(5678 3945 5711 3677)
4(5711 3949 5030 3677)
4(587 3949 5711 3945)
4(2702 3945 5711 4712)
4(2766 4788 5722 4786)
4(2766 4786 5711 3949)
4(592 3962 5725 3960)
4(2766 3960 5725 4788)
4(3347 2781 3343 2254)
5(592 2781 3347 2779 3962)
5(592 3960 2766 3343 2781)
4(5716 3678 5720 4743)
4(5716 4786 5722 3678)
4(3287 4786 5716 4743)
4(5716 3959 5724 3678)
4(5725 3960 5716 3678)
4(592 3962 5724 3959)
4(592 3959 5716 3960)
4(2716 3959 5724 4745)
4(2716 4743 5716 3959)
4(2766 3960 5716 4786)
4(3402 2834 3348 2270)
4(3402 2270 3390 2835)
4(3390 2270 3348 2830)
4(3348 2254 3343 2831)
4(612 2830 3348 2831)
4(612 2831 3343 2767)
4(617 2844 3347 2781)
4(617 2781 3343 2831)
4(617 2831 3348 2844)
4(3403 2270 3402 2849)
4(618 2844 3403 2849)
4(3403 2844 3348 2270)
4(668 693 694 669)
4(663 688 693 668)
4(688 689 694 693)
4(694 719 1454 1439)
4(689 714 719 694)
4(714 1451 1454 719)
4(638 2883 3404 2886)
4(643 2886 3404 2892)
5(642 667 668 643 2892)
4(662 663 668 667)
4(637 2884 3404 2883)
4(642 2892 3404 2884)
5(637 662 667 642 2884)
4(3404 2886 3402 2270)
4(3404 2270 3390 2883)
4(643 2849 3403 2892)
4(3404 2892 3403 2270)
4(1454 1469 1470 1455)
4(1451 1466 1469 1454)
4(1466 1467 1470 1469)
4(1470 1485 1486 1471)
4(1467 1482 1485 1470)
4(1482 1483 1486 1485)
4(5533 4596 5537 3613)
4(3219 4166 5535 4614)
4(3219 4596 5533 4166)
4(3219 4614 5537 4596)
4(2632 4594 5533 4596)
4(2632 4596 5537 3853)
4(5664 3657 5660 4678)
4(5545 4676 5660 3657)
4(5545 3657 5664 3900)
4(5660 4213 5663 3657)
4(5664 3657 5663 4709)
4(3274 4709 5663 4213)
4(5660 4211 5661 3657)
4(2233 4213 5663 4214)
4(2233 4214 5661 4211)
4(5663 3657 5661 4214)
4(3220 4211 5661 4690)
4(5545 4690 5661 3657)
4(5544 4689 5540 3615)
4(3219 4166 5540 4689)
4(3219 4689 5544 4614)
4(2697 4689 5540 4690)
4(2697 3901 5544 4689)
4(2697 4690 5545 3901)
4(5664 3904 5665 3657)
4(562 3901 5665 3904)
4(5665 3901 5545 3657)
4(2702 4710 5663 4709)
4(2702 3904 5665 4710)
4(5665 3657 5663 4710)
5(3330 2752 4770 3276 2249)
4(3330 2249 3315 2753)
4(3315 2249 3276 2748)
4(5671 4769 5667 3659)
4(5673 3659 5667 4770)
4(2752 3946 5673 4770)
4(5671 3659 5673 3946)
4(5663 4213 5667 3659)
4(5671 4709 5663 3659)
4(5667 3659 5668 4215)
4(2233 4215 5668 4214)
4(5663 4214 5668 3659)
4(3276 4770 5673 4778)
4(3276 4778 5668 4215)
4(5668 4778 5673 3659)
4(587 3946 5673 3947)
4(3331 2249 3330 2767)
5(587 3947 2762 3331 2767)
4(2762 3947 5673 4778)
5(3331 2762 4778 3276 2249)
4(5672 3945 5671 3659)
4(587 3945 5672 3947)
4(5673 3947 5672 3659)
4(2702 4710 5672 3945)
4(5663 3659 5672 4710)
4(3335 2817 3386 2266)
4(3386 2818 3375 2266)
4(607 2818 3386 2817)
4(3332 2817 3330 2249)
4(3332 2249 3315 2813)
4(607 2817 3332 2813)
4(612 2767 3331 2827)
4(3332 2827 3331 2249)
4(612 2827 3332 2817)
4(3390 2832 3386 2266)
4(612 2832 3390 2830)
4(612 2817 3386 2832)
4(662 687 688 663)
4(657 682 687 662)
4(682 683 688 687)
4(688 713 714 689)
4(683 708 713 688)
4(708 709 714 713)
4(714 739 1466 1451)
4(709 734 739 714)
4(734 1463 1466 739)
4(3391 2266 3386 2875)
4(632 2875 3386 2818)
4(637 2883 3390 2832)
4(637 2832 3386 2875)
5(636 661 662 637 2881)
4(656 657 662 661)
4(632 2872 3388 2875)
4(637 2875 3388 2881)
4(631 2873 3388 2872)
4(636 2881 3388 2873)
5(631 656 661 636 2873)
4(1466 1481 1482 1467)
4(1463 1478 1481 1466)
4(1478 1479 1482 1481)
4(1482 1497 1498 1483)
4(1479 1494 1497 1482)
4(1494 1495 1498 1497)
4(4866 4394 4864 3427)
4(4868 3427 4864 4399)
4(3104 4394 4866 4077)
4(3104 4077 4868 4399)
4(4868 4077 4866 3427)
4(4864 3746 4863 3427)
4(4865 3748 4864 3427)
4(4863 3747 4865 3427)
4(2499 4393 4866 4394)
4(4866 4393 4863 3427)
4(2501 4399 4868 4400)
4(4868 3427 4865 4400)
4(5179 4396 4863 3489)
4(2500 4396 5179 4395)
4(2500 3747 4863 4396)
4(3062 4393 5178 4033)
4(3062 4033 5179 4396)
4(3062 4396 4863 4393)
4(4866 3530 5267 4394)
4(5300 4410 5267 3530)
4(3104 4410 5300 4077)
4(4866 4077 5300 3530)
4(5182 3751 5267 3530)
4(5267 3754 4871 3530)
4(4871 3753 5182 3530)
4(4866 3530 5182 4393)
4(2504 4412 5300 4410)
4(5300 4412 4871 3530)
4(5182 4406 5180 3490)
4(2503 4405 5180 4406)
4(2503 4406 5182 3753)
4(3062 4406 5180 4033)
4(3062 4393 5182 4406)
4(5391 3564 4906 4490)
4(5392 4495 4906 3564)
4(3160 4113 5391 4490)
4(3160 4495 5392 4113)
4(3160 4490 4906 4495)
4(5272 3794 4906 3564)
4(4906 3796 5388 3564)
4(510 3796 4906 3794)
4(2564 4490 5391 4488)
4(2564 3794 4906 4490)
4(2566 4494 5392 4495)
4(2566 4495 4906 3796)
4(4868 4399 5271 3533)
4(5306 3533 5271 4487)
4(3104 4077 5306 4487)
4(5306 4077 4868 3533)
4(5271 3792 5297 3533)
4(4905 3794 5271 3533)
4(510 3794 4905 3795)
4(5297 3795 4905 3533)
4(4868 4400 5297 3533)
4(2564 4487 5306 4489)
4(2564 4489 4905 3794)
4(5306 3533 4905 4489)
4(5391 4490 5395 3565)
4(5395 4506 5393 3565)
4(3160 4113 5393 4506)
4(3160 4506 5395 4490)
4(5395 3799 5275 3565)
4(5394 3802 5395 3565)
4(511 3799 5395 3802)
4(2564 4490 5395 3799)
4(2569 4506 5393 4505)
4(2569 3802 5395 4506)
4(5274 4410 5300 3534)
4(5274 3534 5306 4487)
4(5300 4077 5306 3534)
4(5309 3797 5274 3534)
4(5274 3799 5310 3534)
4(511 3801 5310 3799)
4(5310 3801 5309 3534)
4(5300 3534 5309 4412)
4(2564 3799 5310 4489)
4(5310 3534 5306 4489)
4(4944 3608 5519 4158)
4(5520 3608 4944 4159)
4(2216 4158 5519 4161)
4(2216 4161 5520 4159)
4(5519 3608 5520 4161)
4(4944 4573 5400 3608)
4(4944 3608 5516 4574)
4(5516 3608 5400 3841)
4(3161 4584 5519 4158)
4(5519 4584 5400 3608)
4(3214 4159 5520 4590)
4(5520 3608 5516 4590)
4(5399 4495 5392 3566)
4(5399 3566 5398 4583)
4(3160 4583 5398 4113)
4(3160 4495 5399 4583)
4(5389 3840 5399 3566)
4(5399 3842 5400 3566)
4(535 3841 5400 3842)
4(535 3842 5399 3840)
4(2566 3840 5399 4495)
4(2629 4584 5398 4583)
4(2629 3842 5400 4584)
4(2629 4583 5399 3842)
4(5518 4158 5519 3609)
4(5518 3609 5521 4160)
4(2216 4160 5521 4161)
4(5521 3609 5519 4161)
4(5403 4576 5518 3609)
4(5522 3609 5518 4578)
4(5403 3609 5522 3846)
4(5403 4584 5519 3609)
4(3215 4601 5521 4160)
4(5522 3609 5521 4601)
4(5393 4506 5402 3567)
4(5402 4583 5398 3567)
4(3160 4583 5402 4506)
4(5402 3845 5401 3567)
4(5403 3847 5402 3567)
4(536 3847 5403 3846)
4(536 3845 5402 3847)
4(2569 4506 5402 3845)
4(2629 4584 5403 3847)
4(2629 3847 5402 4583)
5(3255 2680 3217 4206 2232)
5(3270 2682 3255 2232 4207)
4(2232 4206 4986 4207)
4(2681 4670 4986 4669)
4(3217 4669 4986 4206)
4(3270 4207 4986 4670)
4(5520 4159 5524 3610)
4(5526 3610 5524 4162)
4(2216 4161 5526 4162)
4(5520 3610 5526 4161)
4(5517 3610 5524 4668)
4(5524 3610 5528 4669)
4(2681 4669 5528 3889)
4(5528 3610 5517 3889)
4(5517 3610 5520 4590)
4(3217 4162 5526 4680)
4(3217 4680 5528 4669)
4(5528 4680 5526 3610)
5(3271 4208 2232 3255 2685)
4(2232 4208 5646 4206)
4(2684 4672 5646 4674)
4(3217 4206 5646 4672)
4(3271 4674 5646 4208)
4(5521 3611 5525 4160)
4(5525 3611 5526 4162)
4(5521 4161 5526 3611)
4(5529 4671 5525 3611)
4(5531 3611 5525 4672)
4(2684 3894 5531 4672)
4(5529 3611 5531 3894)
4(5529 4601 5521 3611)
4(3217 4672 5531 4680)
4(5526 4680 5531 3611)
4(3311 2244 3256 2745)
4(3311 2747 3309 2244)
4(580 2747 3311 2745)
5(3273 2745 3255 2232 4210)
5(580 2745 3273 4765 2746)
4(2232 4207 5652 4210)
4(2746 4765 5652 4764)
4(3270 4764 5652 4207)
4(3273 4210 5652 4765)
4(3311 2244 3310 2750)
4(581 2745 3311 2750)
5(581 2749 4767 3273 2745)
4(2232 4210 5653 4208)
4(2749 4766 5653 4767)
4(3271 4208 5653 4766)
4(3273 4767 5653 4210)
4(3369 2796 3312 2260)
4(3365 2798 3369 2260)
4(3312 2797 3365 2260)
4(3312 2244 3311 2810)
4(605 2797 3312 2810)
4(605 2810 3311 2747)
4(606 2750 3311 2810)
4(606 2810 3312 2800)
4(3369 2801 3366 2260)
4(3366 2800 3312 2260)
5(625 650 651 626 2861)
4(650 1952 1955 651)
4(3369 2260 3368 2861)
4(625 2861 3368 2862)
4(3368 2260 3365 2862)
4(626 2864 3368 2861)
4(3368 2864 3366 2260)
4(1952 1964 1967 1955)
4(1964 1965 1968 1967)
4(1965 1977 1980 1968)
4(1977 1978 1981 1980)
4(4873 4408 4871 3428)
4(2503 4408 4873 4407)
4(2503 3753 4871 4408)
4(3116 4412 4874 4084)
4(3116 4084 4873 4408)
4(3116 4408 4871 4412)
4(4914 4500 4912 3434)
4(4916 3434 4912 4507)
4(3163 4131 4916 4507)
4(4916 4131 4914 3434)
4(4912 3800 4911 3434)
4(4913 3802 4912 3434)
4(511 3802 4913 3801)
4(4911 3801 4913 3434)
4(4914 4499 4911 3434)
4(2569 4507 4916 4508)
4(2569 4508 4913 3802)
4(4916 3434 4913 4508)
4(5325 3540 5309 4501)
4(2568 4503 5325 4501)
4(2568 4501 5309 3801)
4(2568 3801 4911 4503)
4(3116 4501 5325 4084)
4(3116 4412 5309 4501)
4(5533 3612 4954 4596)
4(5534 4603 4954 3612)
4(3219 4603 5534 4166)
4(3219 4596 4954 4603)
4(5414 3848 4954 3612)
4(4954 3850 5522 3612)
4(536 3846 5522 3850)
4(536 3850 4954 3848)
4(2632 3848 4954 4596)
4(2634 4601 5534 4603)
4(2634 3850 5522 4601)
4(2634 4603 4954 3850)
4(4916 4507 5413 3584)
4(5452 3584 5413 4593)
4(5452 4131 4916 3584)
4(5413 3845 5437 3584)
4(4953 3848 5413 3584)
4(536 3849 5437 3845)
4(536 3848 4953 3849)
4(5437 3849 4953 3584)
4(2569 3845 5437 4508)
4(4916 4508 5437 3584)
4(5452 3584 4953 4595)
4(2632 4595 4953 3848)
4(4987 3656 5661 4211)
4(5662 3656 4987 4212)
4(2233 4214 5662 4212)
4(5661 3656 5662 4214)
4(4987 4673 5542 3656)
4(4987 3656 5650 4674)
4(2684 4674 5650 3894)
4(5650 3656 5542 3894)
4(5661 4690 5542 3656)
4(3271 4212 5662 4697)
4(3271 4697 5650 4674)
4(5662 3656 5650 4697)
4(5541 4603 5534 3614)
4(5541 3614 5540 4689)
4(3219 4603 5541 4689)
4(5529 3893 5541 3614)
4(5541 3896 5542 3614)
4(561 3893 5529 3894)
4(561 3894 5542 3896)
4(561 3896 5541 3893)
4(2634 4601 5529 3893)
4(2634 3893 5541 4603)
4(2697 3896 5542 4690)
4(2697 4689 5541 3896)
4(3327 2750 3315 2249)
5(3276 4768 2749 3327 2249)
4(581 2750 3327 2749)
4(5662 4212 5666 3658)
4(5668 3658 5666 4215)
4(5662 3658 5668 4214)
4(5657 3658 5666 4766)
4(5666 3658 5670 4768)
4(2749 4768 5670 3941)
4(2749 3941 5657 4766)
4(5670 3658 5657 3941)
4(3271 4766 5657 4697)
4(5657 3658 5662 4697)
4(3276 4778 5670 4768)
4(5670 4778 5668 3658)
4(3371 2261 3316 2813)
4(3371 2815 3366 2261)
4(606 2800 3366 2815)
4(606 2815 3371 2813)
4(3332 2249 3327 2814)
4(606 2814 3327 2750)
4(606 2813 3332 2814)
4(3371 2261 3370 2818)
4(607 2813 3371 2818)
4(651 676 677 652)
4(651 1955 1967 676)
4(676 1967 1970 677)
4(3372 2261 3371 2872)
4(631 2872 3371 2815)
4(631 2815 3366 2864)
4(632 2818 3371 2872)
4(1967 1968 1980 1979)
4(1967 1979 1982 1970)
4(1979 1980 1983 1982)
4(1980 1981 1993 1992)
4(1980 1992 1995 1983)
4(1992 1993 1996 1995)
4(677 702 703 678)
4(677 1970 1982 702)
4(702 1982 1985 703)
4(1982 1983 1995 1994)
4(1982 1994 1997 1985)
4(1994 1995 1998 1997)
4(1995 1996 2008 2007)
4(1995 2007 2010 1998)
4(2007 2008 2011 2010)
4(703 728 729 704)
4(703 1985 1997 728)
4(728 1997 1460 729)
4(1997 1998 2010 2009)
4(1997 2009 1475 1460)
4(2009 2010 1476 1475)
4(2010 2011 2023 2022)
4(2010 2022 1491 1476)
4(2022 2023 1492 1491)
4(656 681 682 657)
4(651 676 681 656)
4(676 677 682 681)
4(682 707 708 683)
4(677 702 707 682)
4(702 703 708 707)
4(708 733 734 709)
4(703 728 733 708)
4(728 729 734 733)
4(734 759 1478 1463)
4(729 1460 1475 754)
4(729 754 759 734)
4(754 1475 1478 759)
5(630 655 656 631 2870)
4(630 2870 3368 2862)
4(631 2864 3368 2870)
4(650 651 656 655)
4(1478 1493 1494 1479)
4(1475 1476 1491 1490)
4(1475 1490 1493 1478)
4(1490 1491 1494 1493)
4(1494 1509 1510 1495)
4(1491 1492 1507 1506)
4(1491 1506 1509 1494)
4(1506 1507 1510 1509)
4(5224 3506 4844 4046)
4(4844 3506 5225 4047)
4(2176 4050 5224 4046)
4(2176 4047 5225 4050)
4(5225 3506 5224 4050)
4(4844 3506 5184 4337)
4(4844 4338 5215 3506)
4(5184 3506 5215 3761)
4(3061 4046 5224 4425)
4(5224 3506 5184 4425)
4(3072 4429 5225 4047)
4(5225 4429 5215 3506)
4(5218 3507 5224 4046)
4(5226 3507 5218 4048)
4(2176 4050 5226 4048)
4(5224 3507 5226 4050)
4(5187 3507 5218 4348)
4(5218 3507 5227 4350)
4(5227 3507 5187 3766)
4(5187 3507 5224 4425)
4(3073 4048 5226 4439)
4(5227 4439 5226 3507)
4(5220 4047 5225 3508)
4(5220 3508 5229 4049)
4(2176 4049 5229 4050)
4(5229 3508 5225 4050)
4(5216 4366 5220 3508)
4(5230 3508 5220 4367)
4(5216 3508 5230 3778)
4(5216 4429 5225 3508)
4(3074 4459 5229 4049)
4(5230 3508 5229 4459)
4(5221 3509 5226 4048)
4(5221 4049 5229 3509)
4(5226 3509 5229 4050)
4(5232 3509 5221 4371)
4(5221 3509 5233 4372)
4(5233 3509 5232 3782)
4(5232 3509 5226 4439)
4(5233 4459 5229 3509)
4(5227 3770 4887 3513)
4(491 3770 5227 3766)
4(491 3769 4887 3770)
4(2517 4441 5243 4439)
4(2517 4439 5227 3770)
4(2517 3770 4887 4441)
4(5249 3783 5232 3515)
4(496 3782 5232 3783)
4(496 3783 5249 3785)
4(2517 3783 5232 4439)
4(2517 4441 5249 3783)
4(4890 3431 4891 4099)
4(4892 3431 4890 4100)
4(2193 4099 4891 4101)
4(2193 4101 4892 4100)
4(4891 3431 4892 4101)
4(4890 4437 4887 3431)
4(4890 3431 4888 4438)
4(4888 3431 4887 3769)
4(3078 4441 4891 4099)
4(4891 4441 4887 3431)
4(3120 4100 4892 4445)
4(4892 3431 4888 4445)
4(4891 3555 5365 4099)
4(5365 3555 5366 4103)
4(2193 4103 5366 4101)
4(5366 3555 4891 4101)
4(5365 3555 5249 4465)
4(5365 4466 4900 3555)
4(5249 3555 4900 3785)
4(4891 3555 5249 4441)
4(3133 4469 5366 4103)
4(5366 4469 4900 3555)
4(5491 3598 4932 4147)
4(4932 3598 5492 4148)
4(2209 4150 5491 4147)
4(2209 4148 5492 4150)
4(2209 4147 4932 4148)
4(4932 3598 5374 4533)
4(4932 4534 5451 3598)
4(2581 4534 4932 4533)
4(3134 4147 5491 4548)
4(3134 4533 4932 4147)
4(3176 4552 5492 4148)
4(3176 4148 4932 4534)
4(5370 3557 4892 4100)
4(5371 3557 5370 4104)
4(2193 4101 5371 4104)
4(4892 3557 5371 4101)
4(5370 4531 5330 3557)
4(5370 3557 4929 4533)
4(2581 4533 4929 3817)
4(4929 3557 5330 3817)
4(4892 4445 5330 3557)
4(3134 4104 5371 4537)
4(3134 4537 4929 4533)
4(5371 3557 4929 4537)
4(5491 4147 5493 3600)
4(5495 3600 5493 4151)
4(2209 4150 5495 4151)
4(2209 4151 5493 4147)
4(5380 3600 5493 4561)
4(5493 3600 5497 4562)
4(2594 4561 5493 4562)
4(3134 4147 5493 4561)
4(3189 4151 5495 4570)
4(3189 4562 5493 4151)
4(5366 3559 5375 4103)
4(5375 3559 5371 4104)
4(5366 4101 5371 3559)
4(5376 4560 5375 3559)
4(5377 3559 5375 4561)
4(2594 3833 5377 4561)
4(5376 3559 5377 3833)
4(5376 4469 5366 3559)
4(3134 4561 5377 4537)
4(5371 4537 5377 3559)
4(5619 4646 4979 3642)
4(5620 3642 4979 4650)
4(3244 4646 5619 4198)
4(3244 4198 5620 4650)
4(5620 4198 5619 3642)
4(4979 3872 5502 3642)
4(5579 3873 4979 3642)
4(5502 3870 5579 3642)
4(2650 4644 5619 4646)
4(5619 4644 5502 3642)
4(2651 4650 5620 4648)
4(5620 3642 5579 4648)
4(5492 3602 5498 4148)
4(5498 3602 5500 4152)
4(2209 4152 5500 4150)
4(2209 4148 5498 4152)
4(5461 4627 5498 3602)
4(5502 3602 5498 4629)
4(2646 3870 5502 4629)
4(2646 4629 5498 4627)
4(3176 4627 5498 4148)
4(3190 4644 5500 4152)
4(3190 4629 5502 4644)
4(3190 4152 5498 4629)
4(5624 4646 5619 3644)
4(5624 3644 5623 4665)
4(3244 4665 5623 4198)
4(5619 4198 5623 3644)
4(5508 3884 5624 3644)
4(5624 3887 5625 3644)
4(5625 3885 5508 3644)
4(5508 4644 5619 3644)
4(2662 4666 5623 4665)
4(5625 3644 5623 4666)
4(5495 4151 5503 3604)
4(5500 3604 5503 4152)
4(2209 4152 5503 4151)
4(5507 3604 5503 4656)
4(5503 3604 5508 4657)
4(2659 4657 5508 3885)
4(2659 4656 5503 4657)
4(3189 4151 5503 4656)
4(3190 4644 5508 4657)
4(3190 4657 5503 4152)
4(5023 3450 5021 4742)
4(5024 4746 5021 3450)
4(3300 4251 5023 4742)
4(3300 4746 5024 4251)
4(3300 4742 5021 4746)
4(5019 3920 5021 3450)
4(5021 3921 5020 3450)
4(567 3921 5021 3920)
4(2715 4742 5023 4741)
4(2715 3920 5021 4742)
4(2716 4745 5024 4746)
4(2716 4746 5021 3921)
4(5620 4650 5629 3646)
4(5629 4739 5628 3646)
4(3244 4198 5628 4739)
4(5628 4198 5620 3646)
4(5629 3916 5589 3646)
4(5630 3920 5629 3646)
4(567 3920 5630 3918)
4(5589 3918 5630 3646)
4(5589 3646 5620 4648)
4(2715 4739 5628 4740)
4(2715 4740 5630 3920)
4(5630 4740 5628 3646)
4(5023 4742 5752 3693)
4(5766 3693 5752 4761)
4(3300 4251 5766 4761)
4(3300 4761 5752 4742)
4(5752 3932 5643 3693)
4(5027 3935 5752 3693)
4(572 3932 5752 3935)
4(2715 4742 5752 3932)
4(2727 4761 5766 4763)
4(2727 3935 5752 4761)
4(5634 4665 5623 3648)
4(5634 3648 5628 4739)
4(5623 4198 5628 3648)
4(5635 3931 5634 3648)
4(5634 3932 5636 3648)
4(572 3933 5636 3932)
4(5636 3933 5635 3648)
4(5623 3648 5635 4666)
4(2715 3932 5636 4740)
4(5636 3648 5628 4740)
4(592 3963 5033 3962)
4(2780 4805 5033 3963)
5(3305 4805 2780 3356 2258)
4(3356 2781 3347 2258)
5(592 2781 3356 2780 3963)
4(5024 3694 5757 4746)
4(5768 4803 5757 3694)
4(3300 4803 5768 4251)
4(3300 4746 5757 4803)
4(5724 3959 5757 3694)
4(5757 3963 5033 3694)
4(592 3963 5757 3959)
4(2716 3959 5757 4746)
4(2780 4805 5768 4803)
4(2780 4803 5757 3963)
4(597 3974 5771 3972)
4(2780 3972 5771 4805)
4(3360 2792 3356 2258)
5(597 3972 2780 3356 2792)
4(5762 3695 5766 4761)
4(5762 4803 5768 3695)
4(3300 4803 5762 4761)
4(5762 3971 5770 3695)
4(5771 3972 5762 3695)
4(597 3971 5762 3972)
4(2727 4761 5762 3971)
4(2780 3972 5762 4803)
4(3415 2848 3361 2274)
4(3415 2274 3403 2849)
4(3403 2274 3361 2844)
4(3361 2258 3356 2845)
4(617 2844 3361 2845)
4(617 2845 3356 2781)
4(622 2792 3356 2845)
4(622 2845 3361 2856)
4(3416 2274 3415 2859)
4(3416 2856 3361 2274)
4(668 693 698 673)
4(693 694 699 698)
4(694 719 724 699)
4(719 1454 1457 724)
4(643 2892 3417 2895)
4(648 2895 3417 2899)
4(667 668 673 672)
4(642 2893 3417 2892)
4(647 2899 3417 2893)
5(642 667 672 647 2893)
4(3417 2895 3415 2274)
4(3417 2274 3403 2892)
4(3417 2899 3416 2274)
4(1454 1469 1472 1457)
4(1469 1470 1473 1472)
4(1470 1485 1488 1473)
4(1485 1486 1489 1488)
4(5179 4396 5185 3491)
4(5185 4426 5183 3491)
4(3062 4033 5183 4426)
4(3062 4426 5185 4396)
4(5185 3762 5170 3491)
4(5184 3763 5185 3491)
4(490 3763 5184 3761)
4(490 3762 5185 3763)
4(2500 4396 5185 3762)
4(2513 4426 5183 4425)
4(2513 4425 5184 3763)
4(2513 3763 5185 4426)
4(5188 4406 5180 3492)
4(5183 4426 5188 3492)
4(3062 4406 5188 4426)
4(5186 3767 5188 3492)
4(5188 3768 5187 3492)
4(491 3766 5187 3768)
4(491 3768 5188 3767)
4(2503 3767 5188 4406)
4(2513 3768 5187 4425)
4(2513 4426 5188 3768)
4(5304 3767 5203 3538)
4(4888 3771 5304 3538)
4(491 3771 4888 3769)
4(491 3767 5304 3771)
4(4873 3538 5304 4408)
4(2503 4408 5304 3767)
4(5320 3538 5304 4443)
4(3116 4084 5320 4443)
4(3116 4443 5304 4408)
4(2518 4443 5320 4445)
4(2518 4445 4888 3771)
4(2518 3771 5304 4443)
4(4914 3434 4915 4130)
4(2205 4130 4915 4132)
4(2205 4132 4916 4131)
4(4915 3434 4916 4132)
4(3121 4503 4915 4130)
4(4915 4503 4911 3434)
4(4915 3582 5447 4130)
4(5447 3582 5448 4134)
4(2205 4134 5448 4132)
4(5448 3582 4915 4132)
4(5447 3582 5331 4532)
4(5447 4534 4930 3582)
4(2581 3817 4930 4534)
4(5331 3582 4930 3817)
4(4915 3582 5331 4503)
4(3176 4541 5448 4134)
4(3176 4534 4930 4541)
4(5448 4541 4930 3582)
4(5314 3542 5320 4443)
4(5314 4501 5325 3542)
4(3116 4501 5314 4443)
4(5314 3814 5330 3542)
4(5331 3815 5314 3542)
4(516 3817 5330 3814)
4(516 3815 5331 3817)
4(516 3814 5314 3815)
4(2518 3814 5330 4445)
4(2518 4443 5314 3814)
4(2568 4503 5331 3815)
4(2568 3815 5314 4501)
4(5573 3625 4956 4178)
4(4956 3625 5574 4179)
4(2221 4181 5573 4178)
4(2221 4179 5574 4181)
4(2221 4178 4956 4179)
4(4956 3625 5456 4595)
4(4956 4596 5537 3625)
4(2632 4596 4956 4595)
4(3177 4178 5573 4610)
4(3177 4595 4956 4178)
4(3219 4614 5574 4179)
4(3219 4179 4956 4596)
4(5453 3584 5452 4135)
4(2205 4132 5453 4135)
4(4916 3584 5453 4132)
4(3177 4135 5453 4599)
4(5453 3584 4953 4599)
4(3177 4599 4953 4595)
4(5573 4178 5575 3627)
4(5577 3627 5575 4182)
4(2221 4181 5577 4182)
4(2221 4182 5575 4178)
4(5462 3627 5575 4628)
4(5575 3627 5579 4630)
4(2646 4630 5579 3870)
4(2646 4628 5575 4630)
4(3177 4178 5575 4628)
4(3232 4182 5577 4648)
4(3232 4648 5579 4630)
4(3232 4630 5575 4182)
4(5448 3586 5457 4134)
4(5457 3586 5453 4135)
4(5448 4132 5453 3586)
4(5458 4627 5457 3586)
4(5459 3586 5457 4628)
4(2646 4627 5458 3865)
4(2646 3865 5459 4628)
4(5458 3586 5459 3865)
4(3176 4541 5458 4627)
4(5458 4541 5448 3586)
4(3177 4628 5459 4599)
4(5453 4599 5459 3586)
4(5701 4708 5003 3669)
4(5702 3669 5003 4712)
4(3287 4708 5701 4229)
4(3287 4229 5702 4712)
4(5702 4229 5701 3669)
4(5003 3903 5584 3669)
4(5665 3904 5003 3669)
4(5584 3901 5665 3669)
4(2701 4706 5701 4708)
4(5701 4706 5584 3669)
4(2702 4712 5702 4710)
4(5702 3669 5665 4710)
4(5574 3629 5580 4179)
4(5580 3629 5582 4183)
4(2221 4183 5582 4181)
4(2221 4179 5580 4183)
4(5544 4689 5580 3629)
4(5584 3629 5580 4691)
4(2697 4691 5580 4689)
4(2697 3901 5584 4691)
4(3219 4689 5580 4179)
4(3233 4706 5582 4183)
4(3233 4691 5584 4706)
4(3233 4183 5580 4691)
4(5706 4708 5701 3671)
4(5706 3671 5705 4743)
4(3287 4743 5705 4229)
4(5701 4229 5705 3671)
4(5590 3917 5706 3671)
4(5706 3921 5707 3671)
4(567 3918 5707 3921)
4(5707 3918 5590 3671)
4(5590 4706 5701 3671)
4(2716 4744 5705 4743)
4(2716 3921 5707 4744)
4(5707 3671 5705 4744)
4(5577 4182 5585 3631)
4(5582 3631 5585 4183)
4(2221 4183 5585 4182)
4(5589 3631 5585 4723)
4(5585 3631 5590 4724)
4(2711 3918 5589 4723)
4(2711 4724 5590 3918)
4(2711 4723 5585 4724)
4(3232 4723 5589 4648)
4(3232 4182 5585 4723)
4(3233 4706 5590 4724)
4(3233 4724 5585 4183)
4(587 3947 5712 3949)
4(2766 3949 5712 4787)
5(3343 2766 4787 3289 2253)
4(3343 2253 3331 2767)
4(2762 4779 5712 3947)
4(3289 4787 5712 4779)
5(3331 2253 3289 4779 2762)
4(5702 4712 5711 3673)
4(5711 4786 5710 3673)
4(3287 4229 5710 4786)
4(5710 4229 5702 3673)
4(5711 3945 5672 3673)
4(5712 3949 5711 3673)
4(5672 3947 5712 3673)
4(5672 3673 5702 4710)
4(2766 4786 5710 4787)
4(5712 4787 5710 3673)
4(592 3960 5718 3961)
4(2766 4787 5718 3960)
4(3344 2253 3343 2781)
5(592 3961 2776 3344 2781)
4(2776 3961 5718 4795)
4(3289 4795 5718 4787)
5(3344 2776 4795 3289 2253)
4(5716 4743 5705 3675)
4(5716 3675 5710 4786)
4(5705 4229 5710 3675)
4(5717 3959 5716 3675)
4(5716 3960 5718 3675)
4(592 3959 5717 3961)
4(5718 3961 5717 3675)
4(2716 4744 5717 3959)
4(5705 3675 5717 4744)
4(5718 3675 5710 4787)
4(3348 2831 3399 2270)
4(3399 2832 3390 2270)
4(612 2832 3399 2831)
4(3345 2831 3343 2253)
4(612 2831 3345 2827)
4(3345 2253 3331 2827)
4(617 2781 3344 2841)
4(3345 2841 3344 2253)
4(617 2841 3345 2831)
4(3403 2846 3399 2270)
4(617 2846 3403 2844)
4(617 2831 3399 2846)
4(667 692 693 668)
4(662 687 692 667)
4(687 688 693 692)
4(693 718 719 694)
4(688 713 718 693)
4(713 714 719 718)
4(719 744 1469 1454)
4(714 739 744 719)
4(739 1466 1469 744)
4(3404 2270 3399 2884)
4(637 2884 3399 2832)
4(642 2892 3403 2846)
4(642 2846 3399 2884)
5(641 666 667 642 2890)
4(661 662 667 666)
4(637 2881 3401 2884)
4(642 2884 3401 2890)
4(636 2882 3401 2881)
4(641 2890 3401 2882)
5(636 661 666 641 2882)
4(1469 1484 1485 1470)
4(1466 1481 1484 1469)
4(1481 1482 1485 1484)
4(1485 1500 1501 1486)
4(1482 1497 1500 1485)
4(1497 1498 1501 1500)
4(5661 4692 5665 3657)
4(3275 4214 5663 4710)
4(3275 4692 5661 4214)
4(3275 4710 5665 4692)
4(2697 4690 5661 4692)
4(2697 4692 5665 3901)
4(5672 4777 5668 3659)
4(3275 4214 5668 4777)
4(3275 4777 5672 4710)
4(2762 4777 5668 4778)
4(2762 3947 5672 4777)
4(3331 2764 3327 2249)
4(586 3943 5670 3941)
4(2762 4778 5670 3943)
5(586 2764 3331 2762 3943)
5(586 3941 2749 3327 2764)
4(3386 2817 3332 2265)
4(3386 2265 3371 2818)
4(3371 2265 3332 2813)
4(611 2827 3331 2764)
4(611 2764 3327 2814)
4(611 2814 3332 2827)
4(3387 2265 3386 2832)
4(612 2827 3387 2832)
4(3387 2827 3332 2265)
4(661 686 687 662)
4(656 681 686 661)
4(681 682 687 686)
4(687 712 713 688)
4(682 707 712 687)
4(707 708 713 712)
4(713 738 739 714)
4(708 733 738 713)
4(733 734 739 738)
4(739 764 1481 1466)
4(734 759 764 739)
4(759 1478 1481 764)
4(3388 2875 3386 2265)
4(3388 2265 3371 2872)
4(3388 2881 3387 2265)
4(637 2832 3387 2881)
4(3388 2265 3383 2873)
4(3383 2265 3371 2815)
4(631 2873 3383 2815)
4(636 2881 3387 2829)
4(3387 2265 3383 2829)
4(636 2829 3383 2873)
5(635 660 661 636 2879)
4(655 656 661 660)
4(631 2870 3385 2873)
4(636 2873 3385 2879)
4(630 2871 3385 2870)
4(635 2879 3385 2871)
4(1481 1496 1497 1482)
4(1478 1493 1496 1481)
4(1493 1494 1497 1496)
4(1497 1512 1513 1498)
4(1494 1509 1512 1497)
4(1509 1510 1513 1512)
4(4866 3427 4867 4076)
4(4867 3427 4868 4078)
4(2188 4077 4866 4076)
4(2188 4078 4868 4077)
4(2188 4076 4867 4078)
4(4867 3427 4863 4396)
4(4867 4397 4865 3427)
4(2500 4397 4867 4396)
4(3062 4076 4866 4393)
4(3062 4396 4867 4076)
4(3115 4400 4868 4078)
4(3115 4078 4867 4397)
4(5299 3530 4866 4076)
4(5300 3530 5299 4079)
4(2188 4077 5300 4079)
4(2188 4079 5299 4076)
4(5299 4406 5182 3530)
4(5299 3530 4871 4408)
4(2503 4406 5299 4408)
4(3062 4076 5299 4406)
4(3116 4079 5300 4412)
4(3116 4408 5299 4079)
4(4908 4490 4906 3433)
4(4910 3433 4906 4495)
4(3160 4490 4908 4125)
4(3160 4125 4910 4495)
4(4910 4125 4908 3433)
4(4906 3794 4905 3433)
4(4907 3796 4906 3433)
4(4905 3795 4907 3433)
4(2564 4489 4908 4490)
4(4908 4489 4905 3433)
4(2566 4495 4910 4496)
4(4910 3433 4907 4496)
4(4868 3533 5307 4078)
4(5307 3533 5306 4081)
4(2188 4081 5306 4077)
4(2188 4078 5307 4081)
4(5307 3533 5297 4491)
4(5307 4492 4905 3533)
4(2565 3795 4905 4492)
4(2565 4492 5307 4491)
4(3115 4491 5307 4078)
4(3118 4489 5306 4081)
4(3118 4492 4905 4489)
4(3118 4081 5307 4492)
4(4908 3574 5395 4490)
4(5428 4506 5395 3574)
4(3160 4506 5428 4125)
4(4908 4125 5428 3574)
4(5310 3799 5395 3574)
4(5395 3802 4913 3574)
4(4913 3801 5310 3574)
4(4908 3574 5310 4489)
4(2569 4508 5428 4506)
4(5428 4508 4913 3574)
4(5308 3534 5300 4079)
4(5306 3534 5308 4081)
4(2188 4081 5308 4079)
4(5309 3534 5308 4501)
4(5310 4502 5308 3534)
4(2568 4501 5308 4502)
4(2568 4502 5310 3801)
4(3116 4079 5308 4501)
4(3118 4489 5310 4502)
4(3118 4502 5308 4081)
4(5519 3608 4948 4586)
4(5520 4591 4948 3608)
4(3216 4161 5519 4586)
4(3216 4591 5520 4161)
4(3216 4586 4948 4591)
4(5400 3842 4948 3608)
4(4948 3844 5516 3608)
4(535 3844 4948 3842)
4(2629 4586 5519 4584)
4(2629 3842 4948 4586)
4(2631 4590 5520 4591)
4(2631 4591 4948 3844)
4(4910 4495 5399 3577)
4(5434 3577 5399 4583)
4(3160 4125 5434 4583)
4(5434 4125 4910 3577)
4(5399 3840 5425 3577)
4(4947 3842 5399 3577)
4(535 3842 4947 3843)
4(5425 3843 4947 3577)
4(4910 4496 5425 3577)
4(2629 4583 5434 4585)
4(2629 4585 4947 3842)
4(5434 3577 4947 4585)
4(5519 4586 5523 3609)
4(5523 4602 5521 3609)
4(3216 4161 5521 4602)
4(3216 4602 5523 4586)
4(5523 3847 5403 3609)
4(5522 3850 5523 3609)
4(536 3847 5523 3850)
4(2629 4586 5523 3847)
4(2634 4602 5521 4601)
4(2634 3850 5523 4602)
4(5402 4506 5428 3578)
4(5402 3578 5434 4583)
4(5428 4125 5434 3578)
4(5437 3845 5402 3578)
4(5402 3847 5438 3578)
4(536 3849 5438 3847)
4(5438 3849 5437 3578)
4(5428 3578 5437 4508)
4(2629 3847 5438 4585)
4(5438 3578 5434 4585)
4(4986 3652 5647 4206)
4(5648 3652 4986 4207)
4(2232 4206 5647 4209)
4(2232 4209 5648 4207)
4(5647 3652 5648 4209)
4(4986 4669 5528 3652)
4(4986 3652 5644 4670)
4(5644 3652 5528 3889)
4(3217 4680 5647 4206)
4(5647 4680 5528 3652)
4(3270 4207 5648 4686)
4(5648 3652 5644 4686)
4(5527 4591 5520 3610)
4(5527 3610 5526 4679)
4(3216 4679 5526 4161)
4(3216 4591 5527 4679)
4(5517 3888 5527 3610)
4(5527 3890 5528 3610)
4(560 3889 5528 3890)
4(560 3890 5527 3888)
4(2631 3888 5527 4591)
4(2694 4680 5526 4679)
4(2694 3890 5528 4680)
4(2694 4679 5527 3890)
4(5646 4206 5647 3653)
4(5646 3653 5649 4208)
4(2232 4208 5649 4209)
4(5649 3653 5647 4209)
4(5531 4672 5646 3653)
4(5650 3653 5646 4674)
4(5531 3653 5650 3894)
4(5531 4680 5647 3653)
4(3271 4697 5649 4208)
4(5650 3653 5649 4697)
4(5521 4602 5530 3611)
4(5530 4679 5526 3611)
4(3216 4679 5530 4602)
4(5530 3893 5529 3611)
4(5531 3895 5530 3611)
4(561 3895 5531 3894)
4(561 3893 5530 3895)
4(2634 4602 5530 3893)
4(2694 4680 5531 3895)
4(2694 3895 5530 4679)
4(3311 2745 3273 2248)
4(3326 2747 3311 2248)
5(3273 4765 2746 3326 2248)
4(5648 4207 5652 3654)
4(5654 3654 5652 4210)
4(2232 4209 5654 4210)
4(5648 3654 5654 4209)
4(5645 3654 5652 4764)
4(5652 3654 5656 4765)
4(2746 4765 5656 3937)
4(5656 3654 5645 3937)
4(5645 3654 5648 4686)
4(3273 4210 5654 4773)
4(3273 4773 5656 4765)
4(5656 4773 5654 3654)
4(3327 2248 3311 2750)
5(3327 2749 4767 3273 2248)
4(5649 3655 5653 4208)
4(5653 3655 5654 4210)
4(5649 4209 5654 3655)
4(5657 4766 5653 3655)
4(5659 3655 5653 4767)
4(2749 3941 5659 4767)
4(5657 3655 5659 3941)
4(5657 4697 5649 3655)
4(3273 4767 5659 4773)
4(5654 4773 5659 3655)
4(3367 2260 3312 2810)
4(3367 2812 3365 2260)
4(605 2812 3367 2810)
4(3329 2810 3311 2248)
4(605 2810 3329 2811)
4(3329 2248 3326 2811)
4(3329 2814 3327 2248)
4(606 2814 3329 2810)
4(3367 2260 3366 2815)
4(606 2810 3367 2815)
4(650 675 676 651)
4(675 1964 1967 676)
4(3368 2260 3367 2870)
4(630 2870 3367 2812)
4(631 2815 3367 2870)
4(1964 1976 1979 1967)
4(1976 1977 1980 1979)
4(1977 1989 1992 1980)
4(1989 1990 1993 1992)
4(4915 4504 4913 3434)
4(2568 4504 4915 4503)
4(2568 3801 4913 4504)
4(3172 4508 4916 4132)
4(3172 4132 4915 4504)
4(3172 4504 4913 4508)
4(4956 4596 4954 3440)
4(4958 3440 4954 4603)
4(3219 4179 4958 4603)
4(4958 4179 4956 3440)
4(4954 3848 4953 3440)
4(4955 3850 4954 3440)
4(536 3850 4955 3849)
4(4953 3849 4955 3440)
4(4956 4595 4953 3440)
4(2634 4603 4958 4604)
4(2634 4604 4955 3850)
4(4958 3440 4955 4604)
4(5453 3584 5437 4597)
4(2633 4599 5453 4597)
4(2633 4597 5437 3849)
4(2633 3849 4953 4599)
4(3172 4597 5453 4132)
4(3172 4508 5437 4597)
4(5661 3656 4996 4692)
4(5662 4699 4996 3656)
4(3275 4699 5662 4214)
4(3275 4692 4996 4699)
4(5542 3896 4996 3656)
4(4996 3898 5650 3656)
4(561 3894 5650 3898)
4(561 3898 4996 3896)
4(2697 3896 4996 4692)
4(2699 4697 5662 4699)
4(2699 3898 5650 4697)
4(2699 4699 4996 3898)
4(4958 4603 5541 3628)
4(5580 3628 5541 4689)
4(5580 4179 4958 3628)
4(5541 3893 5565 3628)
4(4995 3896 5541 3628)
4(561 3897 5565 3893)
4(561 3896 4995 3897)
4(5565 3897 4995 3628)
4(2634 3893 5565 4604)
4(4958 4604 5565 3628)
4(5580 3628 4995 4691)
4(2697 4691 4995 3896)
4(5669 4699 5662 3658)
4(5669 3658 5668 4777)
4(3275 4699 5669 4777)
4(5657 3940 5669 3658)
4(5669 3943 5670 3658)
4(586 3940 5657 3941)
4(586 3943 5669 3940)
4(2699 4697 5657 3940)
4(2699 3940 5669 4699)
4(2762 4777 5669 3943)
4(3332 2814 3383 2265)
4(606 2815 3383 2814)
4(676 701 702 677)
4(676 1967 1979 701)
4(701 1979 1982 702)
4(1979 1980 1992 1991)
4(1979 1991 1994 1982)
4(1991 1992 1995 1994)
4(1992 1993 2005 2004)
4(1992 2004 2007 1995)
4(2004 2005 2008 2007)
4(702 727 728 703)
4(702 1982 1994 727)
4(727 1994 1997 728)
4(1994 1995 2007 2006)
4(1994 2006 2009 1997)
4(2006 2007 2010 2009)
4(2007 2008 2020 2019)
4(2007 2019 2022 2010)
4(2019 2020 2023 2022)
4(728 753 754 729)
4(728 1997 2009 753)
4(753 2009 1475 754)
4(2009 2010 2022 2021)
4(2009 2021 1490 1475)
4(2021 2022 1491 1490)
4(2022 2023 2035 2034)
4(2022 2034 1506 1491)
4(2034 2035 1507 1506)
4(655 680 681 656)
4(675 676 681 680)
4(681 706 707 682)
4(676 701 706 681)
4(701 702 707 706)
4(707 732 733 708)
4(702 727 732 707)
4(727 728 733 732)
4(733 758 759 734)
4(728 753 758 733)
4(753 754 759 758)
4(759 784 1493 1478)
4(754 1475 1490 779)
4(754 779 784 759)
4(779 1490 1493 784)
4(1493 1508 1509 1494)
4(1490 1491 1506 1505)
4(1490 1505 1508 1493)
4(1505 1506 1509 1508)
4(1509 1524 1525 1510)
4(1506 1507 1522 1521)
4(1506 1521 1524 1509)
4(1521 1522 1525 1524)
4(5224 4427 4881 3506)
4(5225 3506 4881 4430)
4(3075 4427 5224 4050)
4(3075 4050 5225 4430)
4(3075 4430 4881 4427)
4(4881 3763 5184 3506)
4(5215 3764 4881 3506)
4(490 3763 4881 3764)
4(2513 4425 5224 4427)
4(2513 4427 4881 3763)
4(2514 4430 5225 4429)
4(2514 3764 4881 4430)
4(5228 4427 5224 3507)
4(5228 3507 5226 4440)
4(3075 4440 5226 4050)
4(3075 4427 5228 4440)
4(5187 3768 5228 3507)
4(5228 3770 5227 3507)
4(491 3770 5228 3768)
4(2513 3768 5228 4427)
4(2517 4439 5226 4440)
4(2517 4440 5228 3770)
4(5225 4430 5231 3508)
4(5231 4460 5229 3508)
4(3075 4050 5229 4460)
4(3075 4460 5231 4430)
4(5231 3779 5216 3508)
4(5230 3780 5231 3508)
4(495 3779 5231 3780)
4(2514 4430 5231 3779)
4(2527 4460 5229 4459)
4(2527 3780 5231 4460)
4(5234 4440 5226 3509)
4(5229 4460 5234 3509)
4(3075 4440 5234 4460)
4(5232 3783 5234 3509)
4(5234 3784 5233 3509)
4(496 3784 5234 3783)
4(2517 3783 5234 4440)
4(2527 4460 5234 3784)
4(4887 3770 4889 3431)
4(4889 3771 4888 3431)
4(491 3771 4889 3770)
4(2517 4442 4891 4441)
4(4891 4442 4889 3431)
4(2517 3770 4889 4442)
4(5350 3783 5249 3555)
4(4900 3786 5350 3555)
4(496 3783 5350 3786)
4(4891 3555 5350 4442)
4(2517 4442 5350 3783)
4(4892 4446 4889 3431)
4(3129 4101 4891 4442)
4(3129 4446 4892 4101)
4(3129 4442 4889 4446)
4(2518 4445 4892 4446)
4(2518 4446 4889 3771)
4(5366 3555 5350 4467)
4(3129 4101 5366 4467)
4(3129 4467 5350 4442)
4(2530 4467 5366 4469)
4(2530 3786 5350 4467)
4(4932 3437 4933 4147)
4(4934 3437 4932 4148)
4(2209 4147 4933 4149)
4(2209 4149 4934 4148)
4(4933 3437 4934 4149)
4(4932 4533 4929 3437)
4(4932 3437 4930 4534)
4(4930 3437 4929 3817)
4(3134 4537 4933 4147)
4(4933 4537 4929 3437)
4(3176 4148 4934 4541)
4(4934 3437 4930 4541)
4(4892 3557 5355 4446)
4(5371 4535 5355 3557)
4(3129 4535 5371 4101)
4(3129 4446 5355 4535)
4(5330 3814 5355 3557)
4(5355 3818 4929 3557)
4(516 3817 4929 3818)
4(516 3818 5355 3814)
4(2518 3814 5355 4446)
4(2582 4537 5371 4535)
4(2582 3818 4929 4537)
4(2582 4535 5355 3818)
4(4933 3599 5493 4147)
4(5493 3599 5494 4151)
4(2209 4151 5494 4149)
4(5494 3599 4933 4149)
4(5493 3599 5377 4561)
4(5493 4562 4942 3599)
4(5377 3599 4942 3833)
4(4933 3599 5377 4537)
4(3189 4565 5494 4151)
4(5494 4565 4942 3599)
4(5360 3559 5366 4467)
4(5360 4535 5371 3559)
4(3129 4535 5360 4467)
4(5360 3830 5376 3559)
4(5377 3831 5360 3559)
4(521 3831 5377 3833)
4(521 3830 5360 3831)
4(2530 4467 5360 3830)
4(2582 4537 5377 3831)
4(2582 3831 5360 4535)
4(5619 3642 4974 4195)
4(4974 3642 5620 4196)
4(2225 4198 5619 4195)
4(2225 4196 5620 4198)
4(2225 4195 4974 4196)
4(4974 3642 5502 4629)
4(4974 4630 5579 3642)
4(2646 4630 4974 4629)
4(3190 4195 5619 4644)
4(3190 4629 4974 4195)
4(3232 4648 5620 4196)
4(3232 4196 4974 4630)
4(5498 3601 4934 4148)
4(5499 3601 5498 4152)
4(2209 4149 5499 4152)
4(4934 3601 5499 4149)
4(5498 4627 5458 3601)
4(5498 3601 4971 4629)
4(2646 4629 4971 3865)
4(4971 3601 5458 3865)
4(4934 4541 5458 3601)
4(3190 4152 5499 4633)
4(3190 4633 4971 4629)
4(5499 3601 4971 4633)
4(5619 4195 5621 3644)
4(5623 3644 5621 4199)
4(2225 4198 5623 4199)
4(2225 4199 5621 4195)
4(5508 3644 5621 4657)
4(5621 3644 5625 4658)
4(2659 4657 5621 4658)
4(3190 4195 5621 4657)
4(3245 4199 5623 4666)
4(3245 4658 5621 4199)
4(5494 3603 5503 4151)
4(5503 3603 5499 4152)
4(5494 4149 5499 3603)
4(5504 4656 5503 3603)
4(5505 3603 5503 4657)
4(2659 3881 5505 4657)
4(5504 3603 5505 3881)
4(5504 4565 5494 3603)
4(3190 4657 5505 4633)
4(5499 4633 5505 3603)
4(5747 4742 5021 3686)
4(5748 3686 5021 4746)
4(3300 4742 5747 4246)
4(3300 4246 5748 4746)
4(5748 4246 5747 3686)
4(5021 3920 5630 3686)
4(5707 3921 5021 3686)
4(5630 3918 5707 3686)
4(2715 4740 5747 4742)
4(5747 4740 5630 3686)
4(2716 4746 5748 4744)
4(5748 3686 5707 4744)
4(5620 3646 5626 4196)
4(5626 3646 5628 4200)
4(2225 4200 5628 4198)
4(2225 4196 5626 4200)
4(5589 4723 5626 3646)
4(5630 3646 5626 4725)
4(2711 3918 5630 4725)
4(2711 4725 5626 4723)
4(3232 4723 5626 4196)
4(3246 4740 5628 4200)
4(3246 4725 5630 4740)
4(3246 4200 5626 4725)
4(5752 4742 5747 3688)
4(5752 3688 5751 4761)
4(3300 4761 5751 4246)
4(5747 4246 5751 3688)
4(5636 3932 5752 3688)
4(5752 3935 5753 3688)
4(5753 3933 5636 3688)
4(5636 4740 5747 3688)
4(2727 4762 5751 4761)
4(5753 3688 5751 4762)
4(5623 4199 5631 3648)
4(5628 3648 5631 4200)
4(2225 4200 5631 4199)
4(5635 3648 5631 4752)
4(5631 3648 5636 4753)
4(2724 4753 5636 3933)
4(2724 4752 5631 4753)
4(3245 4199 5631 4752)
4(3246 4740 5636 4753)
4(3246 4753 5631 4200)
4(592 3961 5758 3963)
4(2780 3963 5758 4804)
5(3356 2780 4804 3302 2257)
4(3356 2257 3344 2781)
4(2776 4796 5758 3961)
4(3302 4804 5758 4796)
5(3344 2257 3302 4796 2776)
4(5748 4746 5757 3690)
4(5757 4803 5756 3690)
4(3300 4246 5756 4803)
4(5756 4246 5748 3690)
4(5757 3959 5717 3690)
4(5758 3963 5757 3690)
4(5717 3961 5758 3690)
4(5717 3690 5748 4744)
4(2780 4803 5756 4804)
4(5758 4804 5756 3690)
4(597 3972 5764 3973)
4(2780 4804 5764 3972)
4(3357 2257 3356 2792)
4(2789 3973 5764 4809)
4(3302 4809 5764 4804)
5(3357 2789 4809 3302 2257)
4(5762 4761 5751 3692)
4(5762 3692 5756 4803)
4(5751 4246 5756 3692)
4(5763 3971 5762 3692)
4(5762 3972 5764 3692)
4(5764 3973 5763 3692)
4(5751 3692 5763 4762)
4(5764 3692 5756 4804)
4(3361 2845 3412 2274)
4(3412 2846 3403 2274)
4(617 2846 3412 2845)
4(3358 2845 3356 2257)
4(617 2845 3358 2841)
4(3358 2257 3344 2841)
4(3358 2854 3357 2257)
4(622 2854 3358 2845)
4(3416 2857 3412 2274)
4(622 2845 3412 2857)
4(667 692 697 672)
4(692 693 698 697)
4(693 718 723 698)
4(718 719 724 723)
4(719 744 749 724)
4(744 1469 1472 749)
4(3417 2274 3412 2893)
4(642 2893 3412 2846)
4(647 2857 3412 2893)
4(666 667 672 671)
4(642 2890 3414 2893)
4(647 2893 3414 2898)
4(641 2891 3414 2890)
4(646 2898 3414 2891)
5(641 666 671 646 2891)
4(1469 1484 1487 1472)
4(1484 1485 1488 1487)
4(1485 1500 1503 1488)
4(1500 1501 1504 1503)
4(4867 3531 5185 4396)
4(5301 4426 5185 3531)
4(3062 4426 5301 4076)
4(4867 4076 5301 3531)
4(5296 3762 5185 3531)
4(5185 3763 4882 3531)
4(490 3765 4882 3763)
4(4882 3765 5296 3531)
4(4867 3531 5296 4397)
4(2513 4428 5301 4426)
4(2513 3763 4882 4428)
4(5301 4428 4882 3531)
4(5188 3532 5299 4406)
4(5188 4426 5301 3532)
4(5299 3532 5301 4076)
4(5188 3767 5304 3532)
4(5305 3768 5188 3532)
4(5304 3771 5305 3532)
4(491 3768 5305 3771)
4(5304 3532 5299 4408)
4(2513 4428 5305 3768)
4(5301 3532 5305 4428)
4(5304 3532 5303 4443)
4(3116 4443 5303 4079)
4(5299 4079 5303 3532)
4(2518 4444 5303 4443)
4(2518 3771 5305 4444)
4(5305 3532 5303 4444)
4(4915 4504 5432 3582)
4(5448 3582 5432 4539)
4(3172 4132 5448 4539)
4(3172 4539 5432 4504)
4(5432 3815 5331 3582)
4(4930 3819 5432 3582)
4(516 3819 4930 3817)
4(516 3815 5432 3819)
4(2568 4504 5432 3815)
4(2583 4539 5448 4541)
4(2583 4541 4930 3819)
4(2583 3819 5432 4539)
4(5314 4443 5303 3536)
4(5314 3536 5308 4501)
4(5303 4079 5308 3536)
4(5315 3814 5314 3536)
4(5314 3815 5316 3536)
4(516 3814 5315 3816)
4(516 3816 5316 3815)
4(5316 3816 5315 3536)
4(2518 4444 5315 3814)
4(5303 3536 5315 4444)
4(5316 3536 5308 4502)
4(2568 3815 5316 4502)
4(4956 3440 4957 4178)
4(2221 4178 4957 4180)
4(2221 4180 4958 4179)
4(4957 3440 4958 4180)
4(3177 4599 4957 4178)
4(4957 4599 4953 3440)
4(4957 3626 5575 4178)
4(5575 3626 5576 4182)
4(2221 4182 5576 4180)
4(5576 3626 4957 4180)
4(5575 3626 5459 4628)
4(5575 4630 4972 3626)
4(2646 3865 4972 4630)
4(5459 3626 4972 3865)
4(4957 3626 5459 4599)
4(3232 4637 5576 4182)
4(3232 4630 4972 4637)
4(5576 4637 4972 3626)
4(5442 3586 5448 4539)
4(5442 4597 5453 3586)
4(3172 4597 5442 4539)
4(5442 3862 5458 3586)
4(5459 3863 5442 3586)
4(541 3865 5458 3862)
4(541 3863 5459 3865)
4(541 3862 5442 3863)
4(2583 3862 5458 4541)
4(2583 4539 5442 3862)
4(2633 4599 5459 3863)
4(2633 3863 5442 4597)
4(5701 3669 4998 4226)
4(4998 3669 5702 4227)
4(2237 4229 5701 4226)
4(2237 4227 5702 4229)
4(2237 4226 4998 4227)
4(4998 3669 5584 4691)
4(4998 4692 5665 3669)
4(2697 4692 4998 4691)
4(3233 4226 5701 4706)
4(3233 4691 4998 4226)
4(3275 4710 5702 4227)
4(3275 4227 4998 4692)
4(5581 3628 5580 4183)
4(2221 4180 5581 4183)
4(4958 3628 5581 4180)
4(3233 4183 5581 4695)
4(5581 3628 4995 4695)
4(3233 4695 4995 4691)
4(5701 4226 5703 3671)
4(5705 3671 5703 4230)
4(2237 4229 5705 4230)
4(2237 4230 5703 4226)
4(5590 3671 5703 4724)
4(5703 3671 5707 4726)
4(2711 4726 5707 3918)
4(2711 4724 5703 4726)
4(3233 4226 5703 4724)
4(3288 4230 5705 4744)
4(3288 4744 5707 4726)
4(3288 4726 5703 4230)
4(5576 3630 5585 4182)
4(5585 3630 5581 4183)
4(5576 4180 5581 3630)
4(5586 4723 5585 3630)
4(5587 3630 5585 4724)
4(2711 4723 5586 3913)
4(2711 3913 5587 4724)
4(5586 3630 5587 3913)
4(3232 4637 5586 4723)
4(5586 4637 5576 3630)
4(3233 4724 5587 4695)
4(5581 4695 5587 3630)
4(5712 3673 5708 4779)
4(5672 4777 5708 3673)
4(2762 4779 5708 4777)
4(5708 4231 5710 3673)
4(3289 4787 5710 4231)
4(3289 4231 5708 4779)
5(3289 4782 2763 3340 2253)
4(3340 2764 3331 2253)
4(586 3944 5029 3943)
4(2762 3943 5029 4779)
4(3289 4779 5029 4782)
4(2763 4782 5029 3944)
5(586 2764 3340 2763 3944)
4(5702 3673 5708 4227)
4(2237 4231 5710 4229)
4(2237 4227 5708 4231)
4(3275 4777 5708 4227)
4(5713 3675 5718 4795)
4(5717 3675 5713 4794)
4(2776 3961 5717 4794)
4(2776 4794 5713 4795)
4(5710 4231 5713 3675)
4(3289 4795 5713 4231)
4(3344 2778 3340 2253)
5(591 2778 3344 2776 3957)
4(2776 4795 5715 3957)
4(3289 4782 5715 4795)
4(591 3957 5715 3955)
4(2763 3955 5715 4782)
5(591 3955 2763 3340 2778)
4(5705 4230 5713 3675)
4(2237 4231 5713 4230)
4(3288 4794 5717 4744)
4(3288 4230 5713 4794)
4(3399 2831 3345 2269)
4(3399 2269 3387 2832)
4(3387 2269 3345 2827)
4(3345 2253 3340 2828)
4(611 2827 3345 2828)
4(611 2828 3340 2764)
4(616 2841 3344 2778)
4(616 2778 3340 2828)
4(616 2828 3345 2841)
4(3400 2269 3399 2846)
4(617 2841 3400 2846)
4(3400 2841 3345 2269)
4(666 691 692 667)
4(661 686 691 666)
4(686 687 692 691)
4(692 717 718 693)
4(687 712 717 692)
4(712 713 718 717)
4(718 743 744 719)
4(713 738 743 718)
4(738 739 744 743)
4(744 769 1484 1469)
4(739 764 769 744)
4(764 1481 1484 769)
4(3401 2884 3399 2269)
4(3401 2269 3387 2881)
4(3401 2890 3400 2269)
4(642 2846 3400 2890)
4(3401 2269 3396 2882)
4(3396 2269 3387 2829)
4(636 2882 3396 2829)
4(641 2890 3400 2843)
4(3400 2269 3396 2843)
4(641 2843 3396 2882)
5(640 665 666 641 2888)
4(660 661 666 665)
4(636 2879 3398 2882)
4(641 2882 3398 2888)
4(635 2880 3398 2879)
4(640 2888 3398 2880)
4(1484 1499 1500 1485)
4(1481 1496 1499 1484)
4(1496 1497 1500 1499)
4(1500 1515 1516 1501)
4(1497 1512 1515 1500)
4(1512 1513 1516 1515)
4(3328 2248 3327 2764)
5(3328 2759 4773 3273 2248)
4(586 3941 5659 3942)
4(2759 3942 5659 4773)
5(586 3942 2759 3328 2764)
4(3329 2824 3328 2248)
4(611 2764 3328 2824)
4(611 2824 3329 2814)
4(611 2829 3387 2827)
4(611 2814 3383 2829)
4(660 685 686 661)
4(680 681 686 685)
4(686 711 712 687)
4(681 706 711 686)
4(706 707 712 711)
4(712 737 738 713)
4(707 732 737 712)
4(732 733 738 737)
4(738 763 764 739)
4(733 758 763 738)
4(758 759 764 763)
4(764 789 1496 1481)
4(759 784 789 764)
4(784 1493 1496 789)
4(3385 2873 3383 2264)
4(3385 2264 3367 2870)
4(3383 2815 3367 2264)
4(3385 2879 3384 2264)
4(636 2829 3384 2879)
4(3384 2829 3383 2264)
4(3385 2264 3382 2871)
4(3382 2264 3367 2812)
4(635 2879 3384 2826)
4(3384 2264 3382 2826)
4(1496 1511 1512 1497)
4(1493 1508 1511 1496)
4(1508 1509 1512 1511)
4(1512 1527 1528 1513)
4(1509 1524 1527 1512)
4(1524 1525 1528 1527)
4(5302 3531 4867 4078)
4(2188 4076 5301 4080)
4(2188 4080 5302 4078)
4(5301 3531 5302 4080)
4(3115 4078 5302 4432)
4(5302 3531 5296 4432)
4(2188 4079 5303 4080)
4(5303 3532 5301 4080)
4(4908 3433 4909 4124)
4(4909 3433 4910 4126)
4(2204 4125 4908 4124)
4(2204 4126 4910 4125)
4(2204 4124 4909 4126)
4(4909 3433 4905 4492)
4(4909 4493 4907 3433)
4(2565 4493 4909 4492)
4(3118 4124 4908 4489)
4(3118 4492 4909 4124)
4(3171 4496 4910 4126)
4(3171 4126 4909 4493)
4(5302 4078 5307 3535)
4(5311 3535 5307 4081)
4(2188 4080 5311 4081)
4(5302 3535 5311 4080)
4(5298 3535 5307 4491)
4(5307 3535 5313 4492)
4(2565 4492 5313 3810)
4(5313 3535 5298 3810)
4(5298 3535 5302 4432)
4(3118 4081 5311 4522)
4(3118 4522 5313 4492)
4(5313 4522 5311 3535)
4(5427 3574 4908 4124)
4(5428 3574 5427 4127)
4(2204 4125 5428 4127)
4(2204 4127 5427 4124)
4(5427 4502 5310 3574)
4(5427 3574 4913 4504)
4(2568 4502 5427 4504)
4(3118 4124 5427 4502)
4(3172 4127 5428 4508)
4(3172 4504 5427 4127)
4(5308 3536 5311 4081)
4(5303 4080 5311 3536)
4(5311 4522 5316 3536)
4(3118 4502 5316 4522)
4(4950 4586 4948 3439)
4(4952 3439 4948 4591)
4(3216 4586 4950 4173)
4(3216 4173 4952 4591)
4(4952 4173 4950 3439)
4(4948 3842 4947 3439)
4(4949 3844 4948 3439)
4(4947 3843 4949 3439)
4(2629 4585 4950 4586)
4(4950 4585 4947 3439)
4(2631 4591 4952 4592)
4(4952 3439 4949 4592)
4(4910 3577 5435 4126)
4(5435 3577 5434 4129)
4(2204 4129 5434 4125)
4(2204 4126 5435 4129)
4(5435 3577 5425 4587)
4(5435 4588 4947 3577)
4(2630 3843 4947 4588)
4(2630 4588 5435 4587)
4(3171 4587 5435 4126)
4(3174 4585 5434 4129)
4(3174 4588 4947 4585)
4(3174 4129 5435 4588)
4(4950 3618 5523 4586)
4(5556 4602 5523 3618)
4(3216 4602 5556 4173)
4(4950 4173 5556 3618)
4(5438 3847 5523 3618)
4(5523 3850 4955 3618)
4(4955 3849 5438 3618)
4(4950 3618 5438 4585)
4(2634 4604 5556 4602)
4(5556 4604 4955 3618)
4(5436 3578 5428 4127)
4(5434 3578 5436 4129)
4(2204 4129 5436 4127)
4(5437 3578 5436 4597)
4(5438 4598 5436 3578)
4(2633 4597 5436 4598)
4(2633 4598 5438 3849)
4(3172 4127 5436 4597)
4(3174 4585 5438 4598)
4(3174 4598 5436 4129)
4(5647 3652 4990 4682)
4(5648 4687 4990 3652)
4(3272 4209 5647 4682)
4(3272 4687 5648 4209)
4(3272 4682 4990 4687)
4(5528 3890 4990 3652)
4(4990 3892 5644 3652)
4(560 3892 4990 3890)
4(2694 4682 5647 4680)
4(2694 3890 4990 4682)
4(2696 4686 5648 4687)
4(2696 4687 4990 3892)
4(4952 4591 5527 3621)
4(5562 3621 5527 4679)
4(3216 4173 5562 4679)
4(5562 4173 4952 3621)
4(5527 3888 5553 3621)
4(4989 3890 5527 3621)
4(560 3890 4989 3891)
4(5553 3891 4989 3621)
4(4952 4592 5553 3621)
4(2694 4679 5562 4681)
4(2694 4681 4989 3890)
4(5562 3621 4989 4681)
4(5647 4682 5651 3653)
4(5651 4698 5649 3653)
4(3272 4209 5649 4698)
4(3272 4698 5651 4682)
4(5651 3895 5531 3653)
4(5650 3898 5651 3653)
4(561 3895 5651 3898)
4(2694 4682 5651 3895)
4(2699 4698 5649 4697)
4(2699 3898 5651 4698)
4(5530 4602 5556 3622)
4(5530 3622 5562 4679)
4(5556 4173 5562 3622)
4(5565 3893 5530 3622)
4(5530 3895 5566 3622)
4(561 3897 5566 3895)
4(5566 3897 5565 3622)
4(5556 3622 5565 4604)
4(2694 3895 5566 4681)
4(5566 3622 5562 4681)
4(585 3938 5656 3937)
4(2759 4773 5656 3938)
4(3328 2761 3326 2248)
5(585 2761 3328 2759 3938)
4(5655 4687 5648 3654)
4(5655 3654 5654 4772)
4(3272 4772 5654 4209)
4(3272 4687 5655 4772)
4(5645 3936 5655 3654)
4(5655 3938 5656 3654)
4(585 3938 5655 3936)
4(2696 3936 5655 4687)
4(2759 4773 5654 4772)
4(2759 4772 5655 3938)
4(5649 4698 5658 3655)
4(5658 4772 5654 3655)
4(3272 4772 5658 4698)
4(5658 3940 5657 3655)
4(5659 3942 5658 3655)
4(586 3940 5658 3942)
4(2699 4698 5658 3940)
4(2759 3942 5658 4772)
4(3367 2810 3329 2264)
4(3329 2811 3382 2264)
4(610 2811 3329 2824)
4(610 2824 3328 2761)
4(3383 2814 3329 2264)
4(675 700 701 676)
4(700 1976 1979 701)
4(1976 1988 1991 1979)
4(1988 1989 1992 1991)
4(1989 2001 2004 1992)
4(2001 2002 2005 2004)
4(4957 4600 4955 3440)
4(2633 4600 4957 4599)
4(2633 3849 4955 4600)
4(3228 4604 4958 4180)
4(3228 4180 4957 4600)
4(3228 4600 4955 4604)
4(4998 4692 4996 3446)
4(5000 3446 4996 4699)
4(3275 4227 5000 4699)
4(5000 4227 4998 3446)
4(4996 3896 4995 3446)
4(4997 3898 4996 3446)
4(561 3898 4997 3897)
4(4995 3897 4997 3446)
4(4998 4691 4995 3446)
4(2699 4699 5000 4700)
4(2699 4700 4997 3898)
4(5000 3446 4997 4700)
4(5581 3628 5565 4693)
4(2698 4695 5581 4693)
4(2698 4693 5565 3897)
4(2698 3897 4995 4695)
4(3228 4693 5581 4180)
4(3228 4604 5565 4693)
4(5000 4699 5669 3672)
4(5708 3672 5669 4777)
4(5708 4227 5000 3672)
4(5669 3940 5693 3672)
4(5029 3943 5669 3672)
4(5693 3944 5029 3672)
4(586 3944 5693 3940)
4(2699 3940 5693 4700)
4(5000 4700 5693 3672)
4(5708 3672 5029 4779)
4(701 726 727 702)
4(701 1979 1991 726)
4(726 1991 1994 727)
4(1991 1992 2004 2003)
4(1991 2003 2006 1994)
4(2003 2004 2007 2006)
4(2004 2005 2017 2016)
4(2004 2016 2019 2007)
4(2016 2017 2020 2019)
4(727 752 753 728)
4(727 1994 2006 752)
4(752 2006 2009 753)
4(2006 2007 2019 2018)
4(2006 2018 2021 2009)
4(2018 2019 2022 2021)
4(2019 2020 2032 2031)
4(2019 2031 2034 2022)
4(2031 2032 2035 2034)
4(753 778 779 754)
4(753 2009 2021 778)
4(778 2021 1490 779)
4(2021 2022 2034 2033)
4(2021 2033 1505 1490)
4(2033 2034 1506 1505)
4(2034 2035 2047 2046)
4(2034 2046 1521 1506)
4(2046 2047 1522 1521)
4(680 705 706 681)
4(700 701 706 705)
4(706 731 732 707)
4(701 726 731 706)
4(726 727 732 731)
4(732 757 758 733)
4(727 752 757 732)
4(752 753 758 757)
4(758 783 784 759)
4(753 778 783 758)
4(778 779 784 783)
4(784 809 1508 1493)
4(779 1490 1505 804)
4(779 804 809 784)
4(804 1505 1508 809)
4(1508 1523 1524 1509)
4(1505 1506 1521 1520)
4(1505 1520 1523 1508)
4(1520 1521 1524 1523)
4(1524 1539 1540 1525)
4(1521 1522 1537 1536)
4(1521 1536 1539 1524)
4(1536 1537 1540 1539)
4(4884 3430 4881 4427)
4(4885 4430 4881 3430)
4(3075 4093 4884 4427)
4(3075 4430 4885 4093)
4(4884 4093 4885 3430)
4(4882 3763 4881 3430)
4(4881 3764 4883 3430)
4(4883 3765 4882 3430)
4(2513 4427 4884 4428)
4(4884 3430 4882 4428)
4(2514 4431 4885 4430)
4(4885 4431 4883 3430)
4(4884 4427 5228 3547)
4(5345 3547 5228 4440)
4(3075 4093 5345 4440)
4(5345 4093 4884 3547)
4(5228 3768 5305 3547)
4(4889 3770 5228 3547)
4(5305 3771 4889 3547)
4(4884 4428 5305 3547)
4(2517 4440 5345 4442)
4(5345 3547 4889 4442)
4(4885 3548 5231 4430)
4(5347 4460 5231 3548)
4(3075 4460 5347 4093)
4(4885 4093 5347 3548)
4(5342 3779 5231 3548)
4(5231 3780 4899 3548)
4(4899 3781 5342 3548)
4(4885 3548 5342 4431)
4(2527 4461 5347 4460)
4(5347 4461 4899 3548)
4(5234 3549 5345 4440)
4(5234 4460 5347 3549)
4(5345 3549 5347 4093)
4(5234 3783 5350 3549)
4(5351 3784 5234 3549)
4(5350 3786 5351 3549)
4(5350 3549 5345 4442)
4(5347 3549 5351 4461)
4(5346 3547 4889 4446)
4(3129 4442 5345 4096)
4(3129 4096 5346 4446)
4(5346 4096 5345 3547)
4(2518 4446 5346 4444)
4(5346 3547 5305 4444)
4(5350 3549 5349 4467)
4(3129 4467 5349 4096)
4(5345 4096 5349 3549)
4(2530 4468 5349 4467)
4(5351 3549 5349 4468)
4(4933 3437 4931 4538)
4(4934 4542 4931 3437)
4(3185 4149 4933 4538)
4(3185 4542 4934 4149)
4(3185 4538 4931 4542)
4(4929 3818 4931 3437)
4(4931 3819 4930 3437)
4(516 3819 4931 3818)
4(2582 4538 4933 4537)
4(2582 3818 4931 4538)
4(2583 4541 4934 4542)
4(2583 4542 4931 3819)
4(5346 4446 5355 3551)
4(5355 4535 5354 3551)
4(3129 4096 5354 4535)
4(5354 4096 5346 3551)
4(5355 3814 5315 3551)
4(5356 3818 5355 3551)
4(516 3818 5356 3816)
4(5315 3816 5356 3551)
4(5315 3551 5346 4444)
4(2582 4535 5354 4536)
4(2582 4536 5356 3818)
4(5356 4536 5354 3551)
4(4933 4538 5478 3599)
4(5494 3599 5478 4563)
4(3185 4149 5494 4563)
4(3185 4563 5478 4538)
4(5478 3831 5377 3599)
4(4942 3834 5478 3599)
4(521 3831 5478 3834)
4(2582 4538 5478 3831)
4(2595 4563 5494 4565)
4(2595 3834 5478 4563)
4(5360 4467 5349 3553)
4(5360 3553 5354 4535)
4(5349 4096 5354 3553)
4(5361 3830 5360 3553)
4(5360 3831 5362 3553)
4(521 3832 5362 3831)
4(5362 3832 5361 3553)
4(5349 3553 5361 4468)
4(2582 3831 5362 4536)
4(5362 3553 5354 4536)
4(4974 3443 4975 4195)
4(4976 3443 4974 4196)
4(2225 4195 4975 4197)
4(2225 4197 4976 4196)
4(4975 3443 4976 4197)
4(4974 4629 4971 3443)
4(4974 3443 4972 4630)
4(4972 3443 4971 3865)
4(3190 4633 4975 4195)
4(4975 4633 4971 3443)
4(3232 4196 4976 4637)
4(4976 3443 4972 4637)
4(4934 3601 5483 4542)
4(5499 4631 5483 3601)
4(3185 4631 5499 4149)
4(3185 4542 5483 4631)
4(5458 3862 5483 3601)
4(5483 3866 4971 3601)
4(541 3865 4971 3866)
4(541 3866 5483 3862)
4(2583 3862 5483 4542)
4(2647 4633 5499 4631)
4(2647 3866 4971 4633)
4(2647 4631 5483 3866)
4(4975 3643 5621 4195)
4(5621 3643 5622 4199)
4(2225 4199 5622 4197)
4(5622 3643 4975 4197)
4(5621 3643 5505 4657)
4(5621 4658 4984 3643)
4(5505 3643 4984 3881)
4(4975 3643 5505 4633)
4(3245 4661 5622 4199)
4(5622 4661 4984 3643)
4(5488 3603 5494 4563)
4(5488 4631 5499 3603)
4(3185 4631 5488 4563)
4(5488 3878 5504 3603)
4(5505 3879 5488 3603)
4(546 3879 5505 3881)
4(546 3878 5488 3879)
4(2595 4563 5488 3878)
4(2647 4633 5505 3879)
4(2647 3879 5488 4631)
4(5747 3686 5016 4243)
4(5016 3686 5748 4244)
4(2241 4246 5747 4243)
4(2241 4244 5748 4246)
4(2241 4243 5016 4244)
4(5016 3686 5630 4725)
4(5016 4726 5707 3686)
4(2711 4726 5016 4725)
4(3246 4243 5747 4740)
4(3246 4725 5016 4243)
4(3288 4744 5748 4244)
4(3288 4244 5016 4726)
4(5626 3645 4976 4196)
4(5627 3645 5626 4200)
4(2225 4197 5627 4200)
4(4976 3645 5627 4197)
4(5626 4723 5586 3645)
4(5626 3645 5013 4725)
4(2711 4725 5013 3913)
4(5013 3645 5586 3913)
4(4976 4637 5586 3645)
4(3246 4200 5627 4729)
4(3246 4729 5013 4725)
4(5627 3645 5013 4729)
4(5747 4243 5749 3688)
4(5751 3688 5749 4247)
4(2241 4246 5751 4247)
4(2241 4247 5749 4243)
4(5636 3688 5749 4753)
4(5749 3688 5753 4754)
4(2724 4753 5749 4754)
4(3246 4243 5749 4753)
4(3301 4247 5751 4762)
4(3301 4754 5749 4247)
4(5622 3647 5631 4199)
4(5631 3647 5627 4200)
4(5622 4197 5627 3647)
4(5632 4752 5631 3647)
4(5633 3647 5631 4753)
4(2724 3929 5633 4753)
4(5632 3647 5633 3929)
4(5632 4661 5622 3647)
4(3246 4753 5633 4729)
4(5627 4729 5633 3647)
4(5758 3690 5754 4796)
4(5717 4794 5754 3690)
4(2776 4796 5754 4794)
4(5754 4248 5756 3690)
4(3302 4804 5756 4248)
4(3302 4248 5754 4796)
5(3302 4799 2777 3353 2257)
4(3353 2778 3344 2257)
4(2776 3957 5032 4796)
4(3302 4796 5032 4799)
4(591 3958 5032 3957)
4(2777 4799 5032 3958)
5(591 2778 3353 2777 3958)
4(5748 3690 5754 4244)
4(2241 4248 5756 4246)
4(2241 4244 5754 4248)
4(3288 4794 5754 4244)
4(5759 3692 5764 4809)
4(5763 3692 5759 4808)
4(2789 4808 5759 4809)
4(5756 4248 5759 3692)
4(3302 4809 5759 4248)
4(3357 2790 3353 2257)
4(2789 4809 5761 3970)
4(3302 4799 5761 4809)
4(596 3970 5761 3968)
4(2777 3968 5761 4799)
5(596 3968 2777 3353 2790)
4(5751 4247 5759 3692)
4(2241 4248 5759 4247)
4(3301 4247 5759 4808)
4(3412 2845 3358 2273)
4(3412 2273 3400 2846)
4(3400 2273 3358 2841)
4(3358 2257 3353 2842)
4(616 2841 3358 2842)
4(616 2842 3353 2778)
4(621 2790 3353 2842)
4(621 2842 3358 2854)
4(3413 2273 3412 2857)
4(3413 2854 3358 2273)
4(666 691 696 671)
4(691 692 697 696)
4(692 717 722 697)
4(717 718 723 722)
4(718 743 748 723)
4(743 744 749 748)
4(744 769 774 749)
4(769 1484 1487 774)
4(3414 2893 3412 2273)
4(3414 2273 3400 2890)
4(3414 2898 3413 2273)
4(3414 2273 3409 2891)
4(3409 2273 3400 2843)
4(641 2891 3409 2843)
4(3413 2273 3409 2855)
4(646 2855 3409 2891)
4(665 666 671 670)
4(641 2888 3411 2891)
4(646 2891 3411 2897)
4(640 2889 3411 2888)
4(645 2897 3411 2889)
4(1484 1499 1502 1487)
4(1499 1500 1503 1502)
4(1500 1515 1518 1503)
4(1515 1516 1519 1518)
4(5302 3531 4882 4433)
4(2515 4432 5302 4433)
4(2515 4433 4882 3765)
4(3117 4080 5301 4428)
4(3117 4433 5302 4080)
4(3117 4428 4882 4433)
4(3117 4080 5303 4444)
4(3117 4444 5305 4428)
4(5432 4504 5427 3576)
4(5432 3576 5431 4539)
4(3172 4539 5431 4127)
4(5427 4127 5431 3576)
4(5316 3815 5432 3576)
4(5432 3819 5433 3576)
4(516 3816 5433 3819)
4(5433 3816 5316 3576)
4(5316 4502 5427 3576)
4(2583 4540 5431 4539)
4(2583 3819 5433 4540)
4(5433 3576 5431 4540)
4(5315 3536 5311 4521)
4(2578 4521 5311 4522)
4(2578 3816 5315 4521)
4(2578 4522 5316 3816)
4(3117 4080 5311 4521)
4(3117 4521 5315 4444)
4(4957 4600 5560 3626)
4(5576 3626 5560 4635)
4(3228 4180 5576 4635)
4(3228 4635 5560 4600)
4(5560 3863 5459 3626)
4(4972 3867 5560 3626)
4(541 3867 4972 3865)
4(541 3863 5560 3867)
4(2633 4600 5560 3863)
4(2648 4635 5576 4637)
4(2648 4637 4972 3867)
4(2648 3867 5560 4635)
4(5442 4539 5431 3580)
4(5442 3580 5436 4597)
4(5431 4127 5436 3580)
4(5443 3862 5442 3580)
4(5442 3863 5444 3580)
4(541 3862 5443 3864)
4(541 3864 5444 3863)
4(5444 3864 5443 3580)
4(2583 4540 5443 3862)
4(5431 3580 5443 4540)
4(5444 3580 5436 4598)
4(2633 3863 5444 4598)
4(4998 3446 4999 4226)
4(2237 4226 4999 4228)
4(2237 4228 5000 4227)
4(4999 3446 5000 4228)
4(3233 4695 4999 4226)
4(4999 4695 4995 3446)
4(4999 3670 5703 4226)
4(5703 3670 5704 4230)
4(2237 4230 5704 4228)
4(5704 3670 4999 4228)
4(5703 3670 5587 4724)
4(5703 4726 5014 3670)
4(2711 3913 5014 4726)
4(5587 3670 5014 3913)
4(4999 3670 5587 4695)
4(3288 4733 5704 4230)
4(3288 4726 5014 4733)
4(5704 4733 5014 3670)
4(5570 3630 5576 4635)
4(5570 4693 5581 3630)
4(3228 4693 5570 4635)
4(5570 3910 5586 3630)
4(5587 3911 5570 3630)
4(566 3913 5586 3910)
4(566 3911 5587 3913)
4(566 3910 5570 3911)
4(2648 3910 5586 4637)
4(2648 4635 5570 3910)
4(2698 4695 5587 3911)
4(2698 3911 5570 4693)
4(5709 3672 5029 4782)
4(5709 4231 5708 3672)
4(3289 4231 5709 4782)
4(2763 4782 5709 4780)
4(5709 3672 5693 4780)
4(2763 4780 5693 3944)
5(3340 2763 4781 3286 2252)
4(3340 2252 3328 2764)
5(3328 2252 3286 4774 2759)
4(586 3942 5694 3944)
4(2759 4774 5694 3942)
4(2763 3944 5694 4781)
4(3286 4781 5694 4774)
4(2237 4228 5709 4231)
4(5000 3672 5709 4228)
4(5715 3674 5713 4795)
4(5714 3674 5715 3957)
4(5714 4794 5713 3674)
4(2776 4794 5714 3957)
4(5709 4782 5715 3674)
4(5713 4231 5709 3674)
4(5715 3955 5698 3674)
4(591 3957 5714 3954)
4(591 3954 5698 3955)
4(5698 3954 5714 3674)
4(2763 3955 5698 4780)
4(5698 3674 5709 4780)
4(3341 2252 3340 2778)
5(591 3956 2773 3341 2778)
4(591 3955 5700 3956)
4(2763 4781 5700 3955)
4(2773 3956 5700 4790)
4(3286 4790 5700 4781)
5(3341 2773 4790 3286 2252)
4(5704 3674 5713 4230)
4(5704 4228 5709 3674)
4(3288 4733 5714 4794)
4(5714 4733 5704 3674)
4(3345 2828 3396 2269)
4(611 2829 3396 2828)
4(3342 2828 3340 2252)
4(3342 2252 3328 2824)
4(611 2828 3342 2824)
4(616 2778 3341 2838)
4(3342 2838 3341 2252)
4(616 2838 3342 2828)
4(616 2843 3400 2841)
4(616 2828 3396 2843)
4(665 690 691 666)
4(685 686 691 690)
4(691 716 717 692)
4(686 711 716 691)
4(711 712 717 716)
4(717 742 743 718)
4(712 737 742 717)
4(737 738 743 742)
4(743 768 769 744)
4(738 763 768 743)
4(763 764 769 768)
4(769 794 1499 1484)
4(764 789 794 769)
4(789 1496 1499 794)
4(3398 2882 3396 2268)
4(3398 2268 3384 2879)
4(3396 2829 3384 2268)
4(3398 2888 3397 2268)
4(641 2843 3397 2888)
4(3397 2843 3396 2268)
4(3398 2268 3395 2880)
4(3395 2268 3384 2826)
4(640 2888 3397 2840)
4(3397 2268 3395 2840)
4(1499 1514 1515 1500)
4(1496 1511 1514 1499)
4(1511 1512 1515 1514)
4(1515 1530 1531 1516)
4(1512 1527 1530 1515)
4(1527 1528 1531 1530)
4(3384 2824 3329 2264)
4(611 2824 3384 2829)
4(685 710 711 686)
4(705 706 711 710)
4(711 736 737 712)
4(706 731 736 711)
4(731 732 737 736)
4(737 762 763 738)
4(732 757 762 737)
4(757 758 763 762)
4(763 788 789 764)
4(758 783 788 763)
4(783 784 789 788)
4(789 814 1511 1496)
4(784 809 814 789)
4(809 1508 1511 814)
4(610 2826 3384 2824)
4(1511 1526 1527 1512)
4(1508 1523 1526 1511)
4(1523 1524 1527 1526)
4(1527 1542 1543 1528)
4(1524 1539 1542 1527)
4(1539 1540 1543 1542)
4(4909 3575 5429 4124)
4(5430 3575 4909 4126)
4(2204 4124 5429 4128)
4(2204 4128 5430 4126)
4(5429 3575 5430 4128)
4(4909 4492 5313 3575)
4(4909 3575 5424 4493)
4(5424 3575 5313 3810)
4(3118 4522 5429 4124)
4(5429 4522 5313 3575)
4(3171 4126 5430 4528)
4(5430 3575 5424 4528)
4(5312 4433 5302 3535)
4(5312 3535 5311 4521)
4(3117 4433 5312 4521)
4(5298 3809 5312 3535)
4(5312 3811 5313 3535)
4(515 3810 5313 3811)
4(515 3811 5312 3809)
4(2515 3809 5312 4433)
4(2578 3811 5313 4522)
4(2578 4521 5312 3811)
4(5427 4124 5429 3576)
4(2204 4127 5431 4128)
4(5431 3576 5429 4128)
4(5316 4522 5429 3576)
4(4950 3439 4951 4172)
4(4951 3439 4952 4174)
4(2220 4173 4950 4172)
4(2220 4174 4952 4173)
4(2220 4172 4951 4174)
4(4951 3439 4947 4588)
4(4951 4589 4949 3439)
4(2630 4589 4951 4588)
4(3174 4172 4950 4585)
4(3174 4588 4951 4172)
4(3227 4592 4952 4174)
4(3227 4174 4951 4589)
4(5430 4126 5435 3579)
4(5439 3579 5435 4129)
4(2204 4128 5439 4129)
4(5430 3579 5439 4128)
4(5426 3579 5435 4587)
4(5435 3579 5441 4588)
4(2630 4588 5441 3858)
4(5441 3579 5426 3858)
4(5426 3579 5430 4528)
4(3174 4129 5439 4618)
4(3174 4618 5441 4588)
4(5441 4618 5439 3579)
4(5555 3618 4950 4172)
4(5556 3618 5555 4175)
4(2220 4173 5556 4175)
4(2220 4175 5555 4172)
4(5555 4598 5438 3618)
4(5555 3618 4955 4600)
4(2633 4598 5555 4600)
4(3174 4172 5555 4598)
4(3228 4175 5556 4604)
4(3228 4600 5555 4175)
4(5436 3580 5439 4129)
4(5431 4128 5439 3580)
4(5439 4618 5444 3580)
4(3174 4598 5444 4618)
4(4992 4682 4990 3445)
4(4994 3445 4990 4687)
4(3272 4682 4992 4221)
4(3272 4221 4994 4687)
4(4994 4221 4992 3445)
4(4990 3890 4989 3445)
4(4991 3892 4990 3445)
4(4989 3891 4991 3445)
4(2694 4681 4992 4682)
4(4992 4681 4989 3445)
4(2696 4687 4994 4688)
4(4994 3445 4991 4688)
4(4952 3621 5563 4174)
4(5563 3621 5562 4177)
4(2220 4177 5562 4173)
4(2220 4174 5563 4177)
4(5563 3621 5553 4683)
4(5563 4684 4989 3621)
4(2695 3891 4989 4684)
4(2695 4684 5563 4683)
4(3227 4683 5563 4174)
4(3230 4681 5562 4177)
4(3230 4684 4989 4681)
4(3230 4177 5563 4684)
4(4992 3662 5651 4682)
4(5684 4698 5651 3662)
4(3272 4698 5684 4221)
4(4992 4221 5684 3662)
4(5566 3895 5651 3662)
4(5651 3898 4997 3662)
4(4997 3897 5566 3662)
4(4992 3662 5566 4681)
4(2699 4700 5684 4698)
4(5684 4700 4997 3662)
4(5564 3622 5556 4175)
4(5562 3622 5564 4177)
4(2220 4177 5564 4175)
4(5565 3622 5564 4693)
4(5566 4694 5564 3622)
4(2698 4693 5564 4694)
4(2698 4694 5566 3897)
4(3228 4175 5564 4693)
4(3230 4681 5566 4694)
4(3230 4694 5564 4177)
4(585 3939 5028 3938)
4(2759 3938 5028 4774)
4(3339 2761 3328 2252)
5(3286 4776 2760 3339 2252)
4(2760 4776 5028 3939)
4(3286 4774 5028 4776)
4(4994 4687 5655 3665)
4(5690 3665 5655 4772)
4(3272 4221 5690 4772)
4(5690 4221 4994 3665)
4(5655 3936 5681 3665)
4(5028 3938 5655 3665)
4(5681 3939 5028 3665)
4(4994 4688 5681 3665)
4(2759 4772 5690 4774)
4(5690 3665 5028 4774)
4(5658 4698 5684 3666)
4(5658 3666 5690 4772)
4(5684 4221 5690 3666)
4(5693 3940 5658 3666)
4(5658 3942 5694 3666)
4(5694 3944 5693 3666)
4(5684 3666 5693 4700)
4(5694 3666 5690 4774)
4(3342 2252 3339 2825)
4(610 2824 3342 2825)
4(700 725 726 701)
4(725 1988 1991 726)
4(1988 2000 2003 1991)
4(2000 2001 2004 2003)
4(2001 2013 2016 2004)
4(2013 2014 2017 2016)
4(4999 4696 4997 3446)
4(2698 4696 4999 4695)
4(2698 3897 4997 4696)
4(3284 4700 5000 4228)
4(3284 4228 4999 4696)
4(3284 4696 4997 4700)
4(3284 4780 5709 4228)
4(3284 4700 5693 4780)
4(726 751 752 727)
4(726 1991 2003 751)
4(751 2003 2006 752)
4(2003 2004 2016 2015)
4(2003 2015 2018 2006)
4(2015 2016 2019 2018)
4(2016 2017 2029 2028)
4(2016 2028 2031 2019)
4(2028 2029 2032 2031)
4(752 777 778 753)
4(752 2006 2018 777)
4(777 2018 2021 778)
4(2018 2019 2031 2030)
4(2018 2030 2033 2021)
4(2030 2031 2034 2033)
4(2031 2032 2044 2043)
4(2031 2043 2046 2034)
4(2043 2044 2047 2046)
4(778 803 804 779)
4(778 2021 2033 803)
4(803 2033 1505 804)
4(2033 2034 2046 2045)
4(2033 2045 1520 1505)
4(2045 2046 1521 1520)
4(2046 2047 2059 2058)
4(2046 2058 1536 1521)
4(2058 2059 1537 1536)
4(705 730 731 706)
4(725 726 731 730)
4(731 756 757 732)
4(726 751 756 731)
4(751 752 757 756)
4(757 782 783 758)
4(752 777 782 757)
4(777 778 783 782)
4(783 808 809 784)
4(778 803 808 783)
4(803 804 809 808)
4(809 834 1523 1508)
4(804 1505 1520 829)
4(804 829 834 809)
4(829 1520 1523 834)
4(1523 1538 1539 1524)
4(1520 1521 1536 1535)
4(1520 1535 1538 1523)
4(1535 1536 1539 1538)
4(1539 1554 1555 1540)
4(1536 1537 1552 1551)
4(1536 1551 1554 1539)
4(1551 1552 1555 1554)
4(4886 3430 4884 4094)
4(4885 3430 4886 4095)
4(2192 4094 4884 4093)
4(2192 4093 4885 4095)
4(2192 4095 4886 4094)
4(4886 4433 4882 3430)
4(4886 3430 4883 4434)
4(2515 4433 4886 4434)
4(3117 4428 4884 4094)
4(3117 4094 4886 4433)
4(3128 4095 4885 4431)
4(3128 4434 4886 4095)
4(4884 3547 5346 4094)
4(2192 4096 5345 4093)
4(2192 4094 5346 4096)
4(3117 4444 5346 4094)
4(5348 3548 4885 4095)
4(5347 3548 5348 4097)
4(2192 4093 5347 4097)
4(2192 4097 5348 4095)
4(5348 4462 5342 3548)
4(5348 3548 4899 4463)
4(2528 4462 5348 4463)
4(3128 4095 5348 4462)
4(3130 4097 5347 4461)
4(3130 4463 5348 4097)
4(5349 3549 5347 4097)
4(2192 4096 5349 4097)
4(3130 4097 5349 4468)
4(5473 4538 4931 3591)
4(5474 3591 4931 4542)
4(3185 4538 5473 4144)
4(3185 4144 5474 4542)
4(5474 4144 5473 3591)
4(4931 3818 5356 3591)
4(5433 3819 4931 3591)
4(5356 3816 5433 3591)
4(2582 4536 5473 4538)
4(5473 4536 5356 3591)
4(2583 4542 5474 4540)
4(5474 3591 5433 4540)
4(5346 3551 5352 4094)
4(5352 3551 5354 4098)
4(2192 4098 5354 4096)
4(2192 4094 5352 4098)
4(5315 4521 5352 3551)
4(5356 3551 5352 4523)
4(2578 4523 5352 4521)
4(2578 3816 5356 4523)
4(3117 4521 5352 4094)
4(3131 4536 5354 4098)
4(3131 4523 5356 4536)
4(3131 4098 5352 4523)
4(5478 4538 5473 3593)
4(5478 3593 5477 4563)
4(3185 4563 5477 4144)
4(5473 4144 5477 3593)
4(5362 3831 5478 3593)
4(5478 3834 5479 3593)
4(5479 3832 5362 3593)
4(5362 4536 5473 3593)
4(2595 4564 5477 4563)
4(5479 3593 5477 4564)
4(5349 4097 5357 3553)
4(5354 3553 5357 4098)
4(2192 4098 5357 4097)
4(5361 3553 5357 4555)
4(5357 3553 5362 4556)
4(2592 4556 5362 3832)
4(2592 4555 5357 4556)
4(3130 4097 5357 4555)
4(3131 4536 5362 4556)
4(3131 4556 5357 4098)
4(4975 3443 4973 4634)
4(4976 4638 4973 3443)
4(3241 4197 4975 4634)
4(3241 4638 4976 4197)
4(3241 4634 4973 4638)
4(4971 3866 4973 3443)
4(4973 3867 4972 3443)
4(541 3867 4973 3866)
4(2647 4634 4975 4633)
4(2647 3866 4973 4634)
4(2648 4637 4976 4638)
4(2648 4638 4973 3867)
4(5474 4542 5483 3595)
4(5483 4631 5482 3595)
4(3185 4144 5482 4631)
4(5482 4144 5474 3595)
4(5483 3862 5443 3595)
4(5484 3866 5483 3595)
4(541 3866 5484 3864)
4(5443 3864 5484 3595)
4(5443 3595 5474 4540)
4(2647 4631 5482 4632)
4(2647 4632 5484 3866)
4(5484 4632 5482 3595)
4(4975 4634 5606 3643)
4(5622 3643 5606 4659)
4(3241 4197 5622 4659)
4(3241 4659 5606 4634)
4(5606 3879 5505 3643)
4(4984 3882 5606 3643)
4(546 3879 5606 3882)
4(2647 4634 5606 3879)
4(2660 4659 5622 4661)
4(2660 3882 5606 4659)
4(5488 4563 5477 3597)
4(5488 3597 5482 4631)
4(5477 4144 5482 3597)
4(5489 3878 5488 3597)
4(5488 3879 5490 3597)
4(546 3880 5490 3879)
4(5490 3880 5489 3597)
4(5477 3597 5489 4564)
4(2647 3879 5490 4632)
4(5490 3597 5482 4632)
4(5016 3449 5017 4243)
4(5018 3449 5016 4244)
4(2241 4243 5017 4245)
4(2241 4245 5018 4244)
4(5017 3449 5018 4245)
4(5016 4725 5013 3449)
4(5016 3449 5014 4726)
4(5014 3449 5013 3913)
4(3246 4729 5017 4243)
4(5017 4729 5013 3449)
4(3288 4244 5018 4733)
4(5018 3449 5014 4733)
4(4976 3645 5611 4638)
4(5627 4727 5611 3645)
4(3241 4727 5627 4197)
4(3241 4638 5611 4727)
4(5586 3910 5611 3645)
4(5611 3914 5013 3645)
4(566 3913 5013 3914)
4(566 3914 5611 3910)
4(2648 3910 5611 4638)
4(2712 4729 5627 4727)
4(2712 3914 5013 4729)
4(2712 4727 5611 3914)
4(5017 3687 5749 4243)
4(5749 3687 5750 4247)
4(2241 4247 5750 4245)
4(5750 3687 5017 4245)
4(5749 3687 5633 4753)
4(5749 4754 5026 3687)
4(5633 3687 5026 3929)
4(5017 3687 5633 4729)
4(3301 4757 5750 4247)
4(5750 4757 5026 3687)
4(5616 3647 5622 4659)
4(5616 4727 5627 3647)
4(3241 4727 5616 4659)
4(5616 3926 5632 3647)
4(5633 3927 5616 3647)
4(571 3927 5633 3929)
4(571 3926 5616 3927)
4(2660 4659 5616 3926)
4(2712 4729 5633 3927)
4(2712 3927 5616 4727)
4(5754 3689 5032 4796)
4(5032 3689 5714 3957)
4(5754 4794 5714 3689)
4(5755 3689 5032 4799)
4(5755 4248 5754 3689)
4(3302 4248 5755 4799)
4(5739 3958 5032 3689)
4(591 3958 5739 3954)
4(5714 3954 5739 3689)
4(2777 4799 5755 4797)
4(2777 4797 5739 3958)
4(5755 3689 5739 4797)
5(3353 2777 4798 3299 2256)
4(3353 2256 3341 2778)
4(591 3956 5740 3958)
4(2777 3958 5740 4798)
4(2773 4791 5740 3956)
4(3299 4798 5740 4791)
5(3341 2256 3299 4791 2773)
4(5754 3689 5018 4244)
4(2241 4245 5755 4248)
4(5018 3689 5755 4245)
4(5018 4733 5714 3689)
4(5761 3691 5759 4809)
4(5760 3691 5761 3970)
4(5760 4808 5759 3691)
4(5755 4799 5761 3691)
4(5759 4248 5755 3691)
4(5761 3968 5744 3691)
4(596 3967 5744 3968)
4(5744 3967 5760 3691)
4(2777 3968 5744 4797)
4(5744 3691 5755 4797)
4(3354 2256 3353 2790)
4(596 3968 5746 3969)
4(2777 4798 5746 3968)
4(2787 3969 5746 4807)
4(3299 4807 5746 4798)
5(3354 2787 4807 3299 2256)
4(5750 3691 5759 4247)
4(5750 4245 5755 3691)
4(5760 4757 5750 3691)
4(3358 2842 3409 2273)
4(616 2843 3409 2842)
4(3355 2842 3353 2256)
4(616 2842 3355 2838)
4(3355 2256 3341 2838)
4(3355 2852 3354 2256)
4(621 2852 3355 2842)
4(621 2842 3409 2855)
4(690 691 696 695)
4(691 716 721 696)
4(716 717 722 721)
4(717 742 747 722)
4(742 743 748 747)
4(743 768 773 748)
4(768 769 774 773)
4(769 794 799 774)
4(794 1499 1502 799)
4(3411 2891 3409 2272)
4(3411 2272 3397 2888)
4(3409 2843 3397 2272)
4(3411 2897 3410 2272)
4(3410 2855 3409 2272)
4(3411 2272 3408 2889)
4(3408 2272 3397 2840)
4(3410 2272 3408 2853)
4(1499 1514 1517 1502)
4(1514 1515 1518 1517)
4(1515 1530 1533 1518)
4(1530 1531 1534 1533)
4(5429 3576 5433 4524)
4(2578 4522 5429 4524)
4(2578 4524 5433 3816)
4(3173 4128 5431 4540)
4(3173 4524 5429 4128)
4(3173 4540 5433 4524)
4(5560 4600 5555 3620)
4(5560 3620 5559 4635)
4(3228 4635 5559 4175)
4(5555 4175 5559 3620)
4(5444 3863 5560 3620)
4(5560 3867 5561 3620)
4(541 3864 5561 3867)
4(5561 3864 5444 3620)
4(5444 4598 5555 3620)
4(2648 4636 5559 4635)
4(2648 3867 5561 4636)
4(5561 3620 5559 4636)
4(5443 3580 5439 4617)
4(2643 4617 5439 4618)
4(2643 3864 5443 4617)
4(2643 4618 5444 3864)
4(3173 4128 5439 4617)
4(3173 4617 5443 4540)
4(4999 4696 5688 3670)
4(5704 3670 5688 4731)
4(3284 4228 5704 4731)
4(3284 4731 5688 4696)
4(5688 3911 5587 3670)
4(5014 3915 5688 3670)
4(566 3915 5014 3913)
4(566 3911 5688 3915)
4(2698 4696 5688 3911)
4(2713 4731 5704 4733)
4(2713 4733 5014 3915)
4(2713 3915 5688 4731)
4(5570 4635 5559 3624)
4(5570 3624 5564 4693)
4(5559 4175 5564 3624)
4(5571 3910 5570 3624)
4(5570 3911 5572 3624)
4(566 3910 5571 3912)
4(566 3912 5572 3911)
4(5572 3912 5571 3624)
4(2648 4636 5571 3910)
4(5559 3624 5571 4636)
4(5572 3624 5564 4694)
4(2698 3911 5572 4694)
4(5694 4781 5692 3666)
4(2763 4780 5692 4781)
4(5693 3666 5692 4780)
4(3286 4781 5692 4225)
4(3286 4225 5690 4774)
4(5690 4225 5692 3666)
4(5698 3955 5700 3668)
4(5700 3956 5699 3668)
4(591 3954 5699 3956)
4(5699 3954 5698 3668)
4(5698 4731 5704 3674)
4(2713 3954 5714 4733)
4(2713 4731 5698 3954)
4(5700 3668 5692 4781)
4(5698 4780 5692 3668)
4(3284 4780 5698 4731)
4(5695 3668 5700 4790)
4(2773 3956 5699 4789)
4(2773 4789 5695 4790)
4(5699 3668 5695 4789)
4(3286 4790 5695 4225)
4(5692 4225 5695 3668)
4(3341 2775 3339 2252)
5(590 2775 3341 2773 3952)
4(2773 4790 5697 3952)
4(3286 4776 5697 4790)
4(590 3952 5697 3951)
4(2760 3951 5697 4776)
4(3396 2828 3342 2268)
4(3384 2268 3342 2824)
4(615 2825 3342 2838)
4(615 2838 3341 2775)
4(3397 2838 3342 2268)
4(616 2838 3397 2843)
4(690 715 716 691)
4(710 711 716 715)
4(716 741 742 717)
4(711 736 741 716)
4(736 737 742 741)
4(742 767 768 743)
4(737 762 767 742)
4(762 763 768 767)
4(768 793 794 769)
4(763 788 793 768)
4(788 789 794 793)
4(794 819 1514 1499)
4(789 814 819 794)
4(814 1511 1514 819)
4(3342 2825 3395 2268)
4(615 2840 3397 2838)
4(1514 1529 1530 1515)
4(1511 1526 1529 1514)
4(1526 1527 1530 1529)
4(1530 1545 1546 1531)
4(1527 1542 1545 1530)
4(1542 1543 1546 1545)
4(710 735 736 711)
4(730 731 736 735)
4(736 761 762 737)
4(731 756 761 736)
4(756 757 762 761)
4(762 787 788 763)
4(757 782 787 762)
4(782 783 788 787)
4(788 813 814 789)
4(783 808 813 788)
4(808 809 814 813)
4(814 839 1526 1511)
4(809 834 839 814)
4(834 1523 1526 839)
4(1526 1541 1542 1527)
4(1523 1538 1541 1526)
4(1538 1539 1542 1541)
4(1542 1557 1558 1543)
4(1539 1554 1557 1542)
4(1554 1555 1558 1557)
4(5429 3575 4924 4524)
4(5430 4529 4924 3575)
4(3173 4529 5430 4128)
4(3173 4524 4924 4529)
4(5313 3811 4924 3575)
4(4924 3813 5424 3575)
4(515 3813 4924 3811)
4(2578 3811 4924 4524)
4(2580 4528 5430 4529)
4(2580 4529 4924 3813)
4(4886 4433 5312 3550)
4(5352 3550 5312 4521)
4(5352 4094 4886 3550)
4(5312 3809 5343 3550)
4(4923 3811 5312 3550)
4(515 3811 4923 3812)
4(5343 3812 4923 3550)
4(4886 4434 5343 3550)
4(5352 3550 4923 4523)
4(2578 4523 4923 3811)
4(4951 3619 5557 4172)
4(5558 3619 4951 4174)
4(2220 4172 5557 4176)
4(2220 4176 5558 4174)
4(5557 3619 5558 4176)
4(4951 4588 5441 3619)
4(4951 3619 5552 4589)
4(5552 3619 5441 3858)
4(3174 4618 5557 4172)
4(5557 4618 5441 3619)
4(3227 4174 5558 4624)
4(5558 3619 5552 4624)
4(5440 4529 5430 3579)
4(5440 3579 5439 4617)
4(3173 4529 5440 4617)
4(5426 3857 5440 3579)
4(5440 3859 5441 3579)
4(540 3858 5441 3859)
4(540 3859 5440 3857)
4(2580 3857 5440 4529)
4(2643 3859 5441 4618)
4(2643 4617 5440 3859)
4(5555 4172 5557 3620)
4(2220 4175 5559 4176)
4(5559 3620 5557 4176)
4(5444 4618 5557 3620)
4(4992 3445 4993 4220)
4(4993 3445 4994 4222)
4(2236 4221 4992 4220)
4(2236 4222 4994 4221)
4(2236 4220 4993 4222)
4(4993 3445 4989 4684)
4(4993 4685 4991 3445)
4(2695 4685 4993 4684)
4(3230 4220 4992 4681)
4(3230 4684 4993 4220)
4(3283 4688 4994 4222)
4(3283 4222 4993 4685)
4(5558 4174 5563 3623)
4(5567 3623 5563 4177)
4(2220 4176 5567 4177)
4(5558 3623 5567 4176)
4(5554 3623 5563 4683)
4(5563 3623 5569 4684)
4(2695 4684 5569 3906)
4(5569 3623 5554 3906)
4(5554 3623 5558 4624)
4(3230 4177 5567 4714)
4(3230 4714 5569 4684)
4(5569 4714 5567 3623)
4(5683 3662 4992 4220)
4(5684 3662 5683 4223)
4(2236 4221 5684 4223)
4(2236 4223 5683 4220)
4(5683 4694 5566 3662)
4(5683 3662 4997 4696)
4(2698 4694 5683 4696)
4(3230 4220 5683 4694)
4(3284 4223 5684 4700)
4(3284 4696 5683 4223)
4(5564 3624 5567 4177)
4(5559 4176 5567 3624)
4(5567 4714 5572 3624)
4(3230 4694 5572 4714)
4(5691 4776 5028 3665)
4(5691 3665 5681 4775)
4(2760 4776 5691 4775)
4(5691 4225 5690 3665)
4(3286 4225 5691 4776)
4(4994 3665 5691 4222)
4(2236 4225 5690 4221)
4(2236 4222 5691 4225)
4(3283 4775 5691 4222)
4(5692 3666 5684 4223)
4(2236 4225 5692 4223)
4(3284 4223 5692 4780)
4(725 750 751 726)
4(750 2000 2003 751)
4(2000 2012 2015 2003)
4(2012 2013 2016 2015)
4(2013 2025 2028 2016)
4(2025 2026 2029 2028)
4(751 776 777 752)
4(751 2003 2015 776)
4(776 2015 2018 777)
4(2015 2016 2028 2027)
4(2015 2027 2030 2018)
4(2027 2028 2031 2030)
4(2028 2029 2041 2040)
4(2028 2040 2043 2031)
4(2040 2041 2044 2043)
4(777 802 803 778)
4(777 2018 2030 802)
4(802 2030 2033 803)
4(2030 2031 2043 2042)
4(2030 2042 2045 2033)
4(2042 2043 2046 2045)
4(2043 2044 2056 2055)
4(2043 2055 2058 2046)
4(2055 2056 2059 2058)
4(803 828 829 804)
4(803 2033 2045 828)
4(828 2045 1520 829)
4(2045 2046 2058 2057)
4(2045 2057 1535 1520)
4(2057 2058 1536 1535)
4(2058 2059 2071 2070)
4(2058 2070 1551 1536)
4(2070 2071 1552 1551)
4(730 755 756 731)
4(750 751 756 755)
4(756 781 782 757)
4(751 776 781 756)
4(776 777 782 781)
4(782 807 808 783)
4(777 802 807 782)
4(802 803 808 807)
4(808 833 834 809)
4(803 828 833 808)
4(828 829 834 833)
4(834 859 1538 1523)
4(829 1520 1535 854)
4(829 854 859 834)
4(854 1535 1538 859)
4(1538 1553 1554 1539)
4(1535 1536 1551 1550)
4(1535 1550 1553 1538)
4(1550 1551 1554 1553)
4(1554 1569 1570 1555)
4(1551 1552 1567 1566)
4(1551 1566 1569 1554)
4(1566 1567 1570 1569)
4(4886 3550 5353 4095)
4(2192 4095 5353 4098)
4(5353 3550 5352 4098)
4(3128 4525 5353 4095)
4(5353 4525 5343 3550)
4(5348 4095 5353 3552)
4(5348 3552 5357 4097)
4(5357 3552 5353 4098)
4(5344 4462 5348 3552)
4(5358 3552 5348 4463)
4(5344 3552 5358 3826)
4(5344 4525 5353 3552)
4(5358 3552 5357 4555)
4(5473 3591 4926 4141)
4(4926 3591 5474 4142)
4(2208 4144 5473 4141)
4(2208 4142 5474 4144)
4(2208 4141 4926 4142)
4(4926 3591 5356 4523)
4(4926 4524 5433 3591)
4(2578 4524 4926 4523)
4(3131 4141 5473 4536)
4(3131 4523 4926 4141)
4(3173 4540 5474 4142)
4(3173 4142 4926 4524)
4(3131 4098 5353 4526)
4(5353 3550 4923 4526)
4(3131 4526 4923 4523)
4(5473 4141 5475 3593)
4(5477 3593 5475 4145)
4(2208 4144 5477 4145)
4(2208 4145 5475 4141)
4(5362 3593 5475 4556)
4(5475 3593 5479 4557)
4(2592 4556 5475 4557)
4(3131 4141 5475 4556)
4(3186 4145 5477 4564)
4(3186 4557 5475 4145)
4(5359 3552 5357 4556)
4(5358 3552 5359 3828)
4(2592 3828 5359 4556)
4(5353 4526 5359 3552)
4(3131 4556 5359 4526)
4(5601 4634 4973 3635)
4(5602 3635 4973 4638)
4(3241 4634 5601 4192)
4(3241 4192 5602 4638)
4(5602 4192 5601 3635)
4(4973 3866 5484 3635)
4(5561 3867 4973 3635)
4(5484 3864 5561 3635)
4(2647 4632 5601 4634)
4(5601 4632 5484 3635)
4(2648 4638 5602 4636)
4(5602 3635 5561 4636)
4(5474 3595 5480 4142)
4(5480 3595 5482 4146)
4(2208 4146 5482 4144)
4(2208 4142 5480 4146)
4(5443 4617 5480 3595)
4(5484 3595 5480 4619)
4(2643 4619 5480 4617)
4(2643 3864 5484 4619)
4(3173 4617 5480 4142)
4(3187 4632 5482 4146)
4(3187 4619 5484 4632)
4(3187 4146 5480 4619)
4(5606 4634 5601 3637)
4(5606 3637 5605 4659)
4(3241 4659 5605 4192)
4(5601 4192 5605 3637)
4(5490 3879 5606 3637)
4(5606 3882 5607 3637)
4(5607 3880 5490 3637)
4(5490 4632 5601 3637)
4(2660 4660 5605 4659)
4(5607 3637 5605 4660)
4(5477 4145 5485 3597)
4(5482 3597 5485 4146)
4(2208 4146 5485 4145)
4(5489 3597 5485 4651)
4(5485 3597 5490 4652)
4(2657 4652 5490 3880)
4(2657 4651 5485 4652)
4(3186 4145 5485 4651)
4(3187 4632 5490 4652)
4(3187 4652 5485 4146)
4(5017 3449 5015 4730)
4(5018 4734 5015 3449)
4(3297 4245 5017 4730)
4(3297 4734 5018 4245)
4(3297 4730 5015 4734)
4(5013 3914 5015 3449)
4(5015 3915 5014 3449)
4(566 3915 5015 3914)
4(2712 4730 5017 4729)
4(2712 3914 5015 4730)
4(2713 4733 5018 4734)
4(2713 4734 5015 3915)
4(5602 4638 5611 3639)
4(5611 4727 5610 3639)
4(3241 4192 5610 4727)
4(5610 4192 5602 3639)
4(5611 3910 5571 3639)
4(5612 3914 5611 3639)
4(566 3914 5612 3912)
4(5571 3912 5612 3639)
4(5571 3639 5602 4636)
4(2712 4727 5610 4728)
4(2712 4728 5612 3914)
4(5612 4728 5610 3639)
4(5017 4730 5734 3687)
4(5750 3687 5734 4755)
4(3297 4245 5750 4755)
4(3297 4755 5734 4730)
4(5734 3927 5633 3687)
4(5026 3930 5734 3687)
4(571 3927 5734 3930)
4(2712 4730 5734 3927)
4(2725 4755 5750 4757)
4(2725 3930 5734 4755)
4(5616 4659 5605 3641)
4(5616 3641 5610 4727)
4(5605 4192 5610 3641)
4(5617 3926 5616 3641)
4(5616 3927 5618 3641)
4(571 3928 5618 3927)
4(5618 3928 5617 3641)
4(5605 3641 5617 4660)
4(2712 3927 5618 4728)
4(5618 3641 5610 4728)
4(5740 3958 5739 3683)
4(5699 3956 5740 3683)
4(5739 3954 5699 3683)
4(5018 4734 5739 3689)
4(2713 3954 5739 4734)
4(5740 4798 5738 3683)
4(2777 4797 5738 4798)
4(5739 3683 5738 4797)
4(3297 4797 5755 4245)
4(3297 4734 5739 4797)
4(5740 3683 5736 4791)
4(2773 4791 5736 4789)
4(5699 4789 5736 3683)
4(3299 4798 5738 4242)
4(3299 4242 5736 4791)
4(5736 4242 5738 3683)
5(3299 4793 2774 3352 2256)
4(3352 2775 3341 2256)
4(2773 3952 5031 4791)
4(3299 4791 5031 4793)
4(590 3953 5031 3952)
4(2774 4793 5031 3953)
4(5744 3968 5746 3685)
4(5746 3969 5745 3685)
4(5745 3967 5744 3685)
4(5744 4755 5750 3691)
4(2725 4755 5744 3967)
4(5746 3685 5738 4798)
4(5744 4797 5738 3685)
4(3297 4797 5744 4755)
4(5741 3685 5746 4807)
4(2787 4806 5741 4807)
4(5745 3685 5741 4806)
4(3299 4807 5741 4242)
4(5738 4242 5741 3685)
4(3354 2788 3352 2256)
4(2787 4807 5743 3966)
4(3299 4793 5743 4807)
4(595 3966 5743 3965)
4(2774 3965 5743 4793)
4(3409 2842 3355 2272)
4(3397 2272 3355 2838)
4(3355 2256 3352 2839)
4(615 2838 3355 2839)
4(620 2839 3355 2852)
4(3410 2852 3355 2272)
4(715 716 721 720)
4(716 741 746 721)
4(741 742 747 746)
4(742 767 772 747)
4(767 768 773 772)
4(768 793 798 773)
4(793 794 799 798)
4(794 819 824 799)
4(819 1514 1517 824)
4(3355 2839 3408 2272)
4(1514 1529 1532 1517)
4(1529 1530 1533 1532)
4(1530 1545 1548 1533)
4(1545 1546 1549 1548)
4(5557 3620 5561 4620)
4(2643 4618 5557 4620)
4(2643 4620 5561 3864)
4(3229 4176 5559 4636)
4(3229 4620 5557 4176)
4(3229 4636 5561 4620)
4(5688 4696 5683 3664)
4(5688 3664 5687 4731)
4(3284 4731 5687 4223)
4(5683 4223 5687 3664)
4(5572 3911 5688 3664)
4(5688 3915 5689 3664)
4(566 3912 5689 3915)
4(5689 3912 5572 3664)
4(5572 4694 5683 3664)
4(2713 4732 5687 4731)
4(2713 3915 5689 4732)
4(5689 3664 5687 4732)
4(5571 3624 5567 4713)
4(2708 4713 5567 4714)
4(2708 3912 5571 4713)
4(2708 4714 5572 3912)
4(3229 4176 5567 4713)
4(3229 4713 5571 4636)
4(5698 3668 5687 4731)
4(5687 3668 5699 4732)
4(2713 4732 5699 3954)
4(5687 4223 5692 3668)
4(5697 3667 5695 4790)
4(5696 3667 5697 3952)
4(2773 4789 5696 3952)
4(5696 4789 5695 3667)
4(5687 3668 5695 4224)
4(3285 4789 5699 4732)
4(3285 4732 5687 4224)
4(3285 4224 5695 4789)
4(5691 4776 5697 3667)
4(5695 4225 5691 3667)
4(2236 4224 5687 4223)
4(2236 4225 5695 4224)
4(5697 3951 5682 3667)
4(590 3952 5696 3950)
4(5682 3950 5696 3667)
4(5682 3667 5691 4775)
4(715 740 741 716)
4(735 736 741 740)
4(741 766 767 742)
4(736 761 766 741)
4(761 762 767 766)
4(767 792 793 768)
4(762 787 792 767)
4(787 788 793 792)
4(793 818 819 794)
4(788 813 818 793)
4(813 814 819 818)
4(819 844 1529 1514)
4(814 839 844 819)
4(839 1526 1529 844)
4(1529 1544 1545 1530)
4(1526 1541 1544 1529)
4(1541 1542 1545 1544)
4(1545 1560 1561 1546)
4(1542 1557 1560 1545)
4(1557 1558 1561 1560)
4(735 760 761 736)
4(755 756 761 760)
4(761 786 787 762)
4(756 781 786 761)
4(781 782 787 786)
4(787 812 813 788)
4(782 807 812 787)
4(807 808 813 812)
4(813 838 839 814)
4(808 833 838 813)
4(833 834 839 838)
4(839 864 1541 1526)
4(834 859 864 839)
4(859 1538 1541 864)
4(1541 1556 1557 1542)
4(1538 1553 1556 1541)
4(1553 1554 1557 1556)
4(1557 1572 1573 1558)
4(1554 1569 1572 1557)
4(1569 1570 1573 1572)
4(4926 4524 4924 3436)
4(4928 3436 4924 4529)
4(3173 4142 4928 4529)
4(4928 4142 4926 3436)
4(4924 3811 4923 3436)
4(4925 3813 4924 3436)
4(4923 3812 4925 3436)
4(4926 4523 4923 3436)
4(2580 4529 4928 4530)
4(4928 3436 4925 4530)
4(2579 4526 5353 4525)
4(2579 3812 4923 4526)
4(5557 3619 4966 4620)
4(5558 4625 4966 3619)
4(3229 4625 5558 4176)
4(3229 4620 4966 4625)
4(5441 3859 4966 3619)
4(4966 3861 5552 3619)
4(540 3861 4966 3859)
4(2643 3859 4966 4620)
4(2645 4624 5558 4625)
4(2645 4625 4966 3861)
4(4928 4529 5440 3594)
4(5480 3594 5440 4617)
4(5480 4142 4928 3594)
4(5440 3857 5471 3594)
4(4965 3859 5440 3594)
4(540 3859 4965 3860)
4(5471 3860 4965 3594)
4(4928 4530 5471 3594)
4(5480 3594 4965 4619)
4(2643 4619 4965 3859)
4(4993 3663 5685 4220)
4(5686 3663 4993 4222)
4(2236 4220 5685 4224)
4(2236 4224 5686 4222)
4(5685 3663 5686 4224)
4(4993 4684 5569 3663)
4(4993 3663 5680 4685)
4(5680 3663 5569 3906)
4(3230 4714 5685 4220)
4(5685 4714 5569 3663)
4(3283 4222 5686 4720)
4(5686 3663 5680 4720)
4(5568 4625 5558 3623)
4(5568 3623 5567 4713)
4(3229 4625 5568 4713)
4(5554 3905 5568 3623)
4(5568 3907 5569 3623)
4(565 3906 5569 3907)
4(565 3907 5568 3905)
4(2645 3905 5568 4625)
4(2708 3907 5569 4714)
4(2708 4713 5568 3907)
4(5683 4220 5685 3664)
4(5687 3664 5685 4224)
4(5572 4714 5685 3664)
4(5686 4222 5691 3667)
4(5686 3667 5695 4224)
4(5682 3667 5686 4720)
4(750 775 776 751)
4(775 2012 2015 776)
4(2012 2024 2027 2015)
4(2024 2025 2028 2027)
4(2025 2037 2040 2028)
4(2037 2038 2041 2040)
4(776 801 802 777)
4(776 2015 2027 801)
4(801 2027 2030 802)
4(2027 2028 2040 2039)
4(2027 2039 2042 2030)
4(2039 2040 2043 2042)
4(2040 2041 2053 2052)
4(2040 2052 2055 2043)
4(2052 2053 2056 2055)
4(802 827 828 803)
4(802 2030 2042 827)
4(827 2042 2045 828)
4(2042 2043 2055 2054)
4(2042 2054 2057 2045)
4(2054 2055 2058 2057)
4(2055 2056 2068 2067)
4(2055 2067 2070 2058)
4(2067 2068 2071 2070)
4(828 853 854 829)
4(828 2045 2057 853)
4(853 2057 1535 854)
4(2057 2058 2070 2069)
4(2057 2069 1550 1535)
4(2069 2070 1551 1550)
4(2070 2071 2083 2082)
4(2070 2082 1566 1551)
4(2082 2083 1567 1566)
4(755 780 781 756)
4(775 776 781 780)
4(781 806 807 782)
4(776 801 806 781)
4(801 802 807 806)
4(807 832 833 808)
4(802 827 832 807)
4(827 828 833 832)
4(833 858 859 834)
4(828 853 858 833)
4(853 854 859 858)
4(859 884 1553 1538)
4(854 1535 1550 879)
4(854 879 884 859)
4(879 1550 1553 884)
4(1553 1568 1569 1554)
4(1550 1551 1566 1565)
4(1550 1565 1568 1553)
4(1565 1566 1569 1568)
4(1569 1584 1585 1570)
4(1566 1567 1582 1581)
4(1566 1581 1584 1569)
4(1581 1582 1585 1584)
4(5359 3827 5344 3552)
4(520 3827 5359 3828)
4(2579 4526 5359 3827)
4(4926 3436 4927 4141)
4(2208 4141 4927 4143)
4(2208 4143 4928 4142)
4(4927 3436 4928 4143)
4(3131 4526 4927 4141)
4(4927 4526 4923 3436)
4(4927 3592 5475 4141)
4(5475 3592 5476 4145)
4(2208 4145 5476 4143)
4(5476 3592 4927 4143)
4(5475 3592 5359 4556)
4(5475 4557 4941 3592)
4(5359 3592 4941 3828)
4(4927 3592 5359 4526)
4(3186 4559 5476 4145)
4(5476 4559 4941 3592)
4(5601 3635 4968 4189)
4(4968 3635 5602 4190)
4(2224 4192 5601 4189)
4(2224 4190 5602 4192)
4(2224 4189 4968 4190)
4(4968 3635 5484 4619)
4(4968 4620 5561 3635)
4(2643 4620 4968 4619)
4(3187 4189 5601 4632)
4(3187 4619 4968 4189)
4(3229 4636 5602 4190)
4(3229 4190 4968 4620)
4(5481 3594 5480 4146)
4(2208 4143 5481 4146)
4(4928 3594 5481 4143)
4(3187 4146 5481 4622)
4(5481 3594 4965 4622)
4(3187 4622 4965 4619)
4(5601 4189 5603 3637)
4(5605 3637 5603 4193)
4(2224 4192 5605 4193)
4(2224 4193 5603 4189)
4(5490 3637 5603 4652)
4(5603 3637 5607 4653)
4(2657 4652 5603 4653)
4(3187 4189 5603 4652)
4(3242 4193 5605 4660)
4(3242 4653 5603 4193)
4(5476 3596 5485 4145)
4(5485 3596 5481 4146)
4(5476 4143 5481 3596)
4(5486 4651 5485 3596)
4(5487 3596 5485 4652)
4(2657 3876 5487 4652)
4(5486 3596 5487 3876)
4(5486 4559 5476 3596)
4(3187 4652 5487 4622)
4(5481 4622 5487 3596)
4(5729 4730 5015 3679)
4(5730 3679 5015 4734)
4(3297 4730 5729 4240)
4(3297 4240 5730 4734)
4(5730 4240 5729 3679)
4(5015 3914 5612 3679)
4(5689 3915 5015 3679)
4(5612 3912 5689 3679)
4(2712 4728 5729 4730)
4(5729 4728 5612 3679)
4(2713 4734 5730 4732)
4(5730 3679 5689 4732)
4(5602 3639 5608 4190)
4(5608 3639 5610 4194)
4(2224 4194 5610 4192)
4(2224 4190 5608 4194)
4(5571 4713 5608 3639)
4(5612 3639 5608 4715)
4(2708 4715 5608 4713)
4(2708 3912 5612 4715)
4(3229 4713 5608 4190)
4(3243 4728 5610 4194)
4(3243 4715 5612 4728)
4(3243 4194 5608 4715)
4(5734 4730 5729 3681)
4(5734 3681 5733 4755)
4(3297 4755 5733 4240)
4(5729 4240 5733 3681)
4(5618 3927 5734 3681)
4(5734 3930 5735 3681)
4(5735 3928 5618 3681)
4(5618 4728 5729 3681)
4(2725 4756 5733 4755)
4(5735 3681 5733 4756)
4(5605 4193 5613 3641)
4(5610 3641 5613 4194)
4(2224 4194 5613 4193)
4(5617 3641 5613 4747)
4(5613 3641 5618 4748)
4(2722 4748 5618 3928)
4(2722 4747 5613 4748)
4(3242 4193 5613 4747)
4(3243 4728 5618 4748)
4(3243 4748 5613 4194)
4(5730 3683 5739 4734)
4(5699 3683 5730 4732)
4(5738 4240 5730 3683)
4(3297 4240 5738 4797)
4(5736 3682 5031 4791)
4(5031 3682 5696 3952)
4(5736 4789 5696 3682)
4(5730 4238 5736 3683)
4(3285 4238 5730 4732)
4(3285 4789 5736 4238)
4(5737 3682 5031 4793)
4(3299 4242 5737 4793)
4(5737 4242 5736 3682)
4(2240 4242 5738 4240)
4(2240 4240 5730 4238)
4(2240 4238 5736 4242)
4(5727 3953 5031 3682)
4(5696 3950 5727 3682)
4(2774 4793 5737 4792)
4(5737 3682 5727 4792)
4(5744 3685 5733 4755)
4(5733 3685 5745 4756)
4(5733 4240 5738 3685)
4(5743 3684 5741 4807)
4(5742 3684 5743 3966)
4(5742 4806 5741 3684)
4(5733 3685 5741 4241)
4(3298 4756 5733 4241)
4(3298 4241 5741 4806)
4(5737 4793 5743 3684)
4(5741 4242 5737 3684)
4(2240 4241 5733 4240)
4(2240 4242 5741 4241)
4(5743 3965 5728 3684)
4(5728 3964 5742 3684)
4(5728 3684 5737 4792)
4(740 741 746 745)
4(741 766 771 746)
4(766 767 772 771)
4(767 792 797 772)
4(792 793 798 797)
4(793 818 823 798)
4(818 819 824 823)
4(819 844 849 824)
4(844 1529 1532 849)
4(1529 1544 1547 1532)
4(1544 1545 1548 1547)
4(1545 1560 1563 1548)
4(1560 1561 1564 1563)
4(5685 3664 5689 4716)
4(2708 4714 5685 4716)
4(2708 4716 5689 3912)
4(3285 4716 5685 4224)
4(3285 4732 5689 4716)
4(5696 4721 5686 3667)
4(3285 4224 5686 4721)
4(3285 4721 5696 4789)
4(2710 4721 5686 4720)
4(2710 3950 5696 4721)
4(740 765 766 741)
4(760 761 766 765)
4(766 791 792 767)
4(761 786 791 766)
4(786 787 792 791)
4(792 817 818 793)
4(787 812 817 792)
4(812 813 818 817)
4(818 843 844 819)
4(813 838 843 818)
4(838 839 844 843)
4(844 869 1544 1529)
4(839 864 869 844)
4(864 1541 1544 869)
4(1544 1559 1560 1545)
4(1541 1556 1559 1544)
4(1556 1557 1560 1559)
4(1560 1575 1576 1561)
4(1557 1572 1575 1560)
4(1572 1573 1576 1575)
4(760 785 786 761)
4(780 781 786 785)
4(786 811 812 787)
4(781 806 811 786)
4(806 807 812 811)
4(812 837 838 813)
4(807 832 837 812)
4(832 833 838 837)
4(838 863 864 839)
4(833 858 863 838)
4(858 859 864 863)
4(864 889 1556 1541)
4(859 884 889 864)
4(884 1553 1556 889)
4(1556 1571 1572 1557)
4(1553 1568 1571 1556)
4(1568 1569 1572 1571)
4(1572 1587 1588 1573)
4(1569 1584 1587 1572)
4(1584 1585 1588 1587)
4(4927 4527 4925 3436)
4(2579 4527 4927 4526)
4(3184 4530 4928 4143)
4(3184 4143 4927 4527)
4(4968 4620 4966 3442)
4(4970 3442 4966 4625)
4(3229 4190 4970 4625)
4(4970 4190 4968 3442)
4(4966 3859 4965 3442)
4(4967 3861 4966 3442)
4(4965 3860 4967 3442)
4(4968 4619 4965 3442)
4(2645 4625 4970 4626)
4(4970 3442 4967 4626)
4(5481 3594 5471 4621)
4(2644 4622 5481 4621)
4(2644 3860 4965 4622)
4(3184 4621 5481 4143)
4(5685 3663 5008 4716)
4(5686 4721 5008 3663)
4(3285 4716 5008 4721)
4(5569 3907 5008 3663)
4(5008 3909 5680 3663)
4(565 3909 5008 3907)
4(2708 3907 5008 4716)
4(2710 4721 5008 3909)
4(4970 4625 5568 3638)
4(5608 3638 5568 4713)
4(5608 4190 4970 3638)
4(5568 3905 5599 3638)
4(5007 3907 5568 3638)
4(565 3907 5007 3908)
4(5599 3908 5007 3638)
4(4970 4626 5599 3638)
4(5608 3638 5007 4715)
4(2708 4715 5007 3907)
4(775 800 801 776)
4(800 2024 2027 801)
4(2024 2036 2039 2027)
4(2036 2037 2040 2039)
4(2037 2049 2052 2040)
4(2049 2050 2053 2052)
4(801 826 827 802)
4(801 2027 2039 826)
4(826 2039 2042 827)
4(2039 2040 2052 2051)
4(2039 2051 2054 2042)
4(2051 2052 2055 2054)
4(2052 2053 2065 2064)
4(2052 2064 2067 2055)
4(2064 2065 2068 2067)
4(827 852 853 828)
4(827 2042 2054 852)
4(852 2054 2057 853)
4(2054 2055 2067 2066)
4(2054 2066 2069 2057)
4(2066 2067 2070 2069)
4(2067 2068 2080 2079)
4(2067 2079 2082 2070)
4(2079 2080 2083 2082)
4(853 878 879 854)
4(853 2057 2069 878)
4(878 2069 1550 879)
4(2069 2070 2082 2081)
4(2069 2081 1565 1550)
4(2081 2082 1566 1565)
4(2082 2083 2095 2094)
4(2082 2094 1581 1566)
4(2094 2095 1582 1581)
4(780 805 806 781)
4(800 801 806 805)
4(806 831 832 807)
4(801 826 831 806)
4(826 827 832 831)
4(832 857 858 833)
4(827 852 857 832)
4(852 853 858 857)
4(858 883 884 859)
4(853 878 883 858)
4(878 879 884 883)
4(884 909 1568 1553)
4(879 1550 1565 904)
4(879 904 909 884)
4(904 1565 1568 909)
4(1568 1583 1584 1569)
4(1565 1566 1581 1580)
4(1565 1580 1583 1568)
4(1580 1581 1584 1583)
4(1584 1599 1600 1585)
4(1581 1582 1597 1596)
4(1581 1596 1599 1584)
4(1596 1597 1600 1599)
4(5470 3827 5359 3592)
4(4941 3829 5470 3592)
4(4927 3592 5470 4527)
4(5476 3592 5470 4558)
4(3184 4143 5476 4558)
4(2593 4558 5476 4559)
4(4968 3442 4969 4189)
4(2224 4189 4969 4191)
4(2224 4191 4970 4190)
4(4969 3442 4970 4191)
4(3187 4622 4969 4189)
4(4969 4622 4965 3442)
4(4969 3636 5603 4189)
4(5603 3636 5604 4193)
4(2224 4193 5604 4191)
4(5604 3636 4969 4191)
4(5603 3636 5487 4652)
4(5603 4653 4983 3636)
4(5487 3636 4983 3876)
4(4969 3636 5487 4622)
4(3242 4655 5604 4193)
4(5604 4655 4983 3636)
4(5472 3596 5476 4558)
4(5472 4621 5481 3596)
4(5472 3874 5486 3596)
4(5487 3875 5472 3596)
4(545 3875 5487 3876)
4(2644 4622 5487 3875)
4(5729 3679 5010 4237)
4(5010 3679 5730 4238)
4(2240 4240 5729 4237)
4(2240 4237 5010 4238)
4(5010 3679 5612 4715)
4(5010 4716 5689 3679)
4(2708 4716 5010 4715)
4(3243 4237 5729 4728)
4(3243 4715 5010 4237)
4(3285 4238 5010 4716)
4(5609 3638 5608 4194)
4(2224 4191 5609 4194)
4(4970 3638 5609 4191)
4(3243 4194 5609 4718)
4(5609 3638 5007 4718)
4(3243 4718 5007 4715)
4(5729 4237 5731 3681)
4(5733 3681 5731 4241)
4(2240 4241 5731 4237)
4(5618 3681 5731 4748)
4(5731 3681 5735 4749)
4(2722 4748 5731 4749)
4(3243 4237 5731 4748)
4(3298 4749 5731 4241)
4(5604 3640 5613 4193)
4(5613 3640 5609 4194)
4(5604 4191 5609 3640)
4(5614 4747 5613 3640)
4(5615 3640 5613 4748)
4(2722 3924 5615 4748)
4(5614 3640 5615 3924)
4(5614 4655 5604 3640)
4(3243 4748 5615 4718)
4(5609 4718 5615 3640)
4(5736 4238 5012 3682)
4(5012 4721 5696 3682)
4(3285 4721 5012 4238)
4(5012 3682 5737 4239)
4(2240 4239 5737 4242)
4(2240 4238 5012 4239)
4(5012 4722 5727 3682)
4(2710 4722 5012 4721)
4(3296 4792 5737 4239)
4(3296 4239 5012 4722)
4(5732 4241 5741 3684)
4(5742 4751 5732 3684)
4(3298 4241 5732 4751)
4(5732 4239 5737 3684)
4(2240 4239 5732 4241)
4(5728 4750 5732 3684)
4(2723 4751 5732 4750)
4(3296 4750 5732 4239)
4(765 766 771 770)
4(766 791 796 771)
4(791 792 797 796)
4(792 817 822 797)
4(817 818 823 822)
4(818 843 848 823)
4(843 844 849 848)
4(844 869 874 849)
4(869 1544 1547 874)
4(1544 1559 1562 1547)
4(1559 1560 1563 1562)
4(1560 1575 1578 1563)
4(1575 1576 1579 1578)
4(765 790 791 766)
4(785 786 791 790)
4(791 816 817 792)
4(786 811 816 791)
4(811 812 817 816)
4(817 842 843 818)
4(812 837 842 817)
4(837 838 843 842)
4(843 868 869 844)
4(838 863 868 843)
4(863 864 869 868)
4(869 894 1559 1544)
4(864 889 894 869)
4(889 1556 1559 894)
4(1559 1574 1575 1560)
4(1556 1571 1574 1559)
4(1571 1572 1575 1574)
4(1575 1590 1591 1576)
4(1572 1587 1590 1575)
4(1587 1588 1591 1590)
4(785 810 811 786)
4(805 806 811 810)
4(811 836 837 812)
4(806 831 836 811)
4(831 832 837 836)
4(837 862 863 838)
4(832 857 862 837)
4(857 858 863 862)
4(863 888 889 864)
4(858 883 888 863)
4(883 884 889 888)
4(889 914 1571 1556)
4(884 909 914 889)
4(909 1568 1571 914)
4(1571 1586 1587 1572)
4(1568 1583 1586 1571)
4(1583 1584 1587 1586)
4(1587 1602 1603 1588)
4(1584 1599 1602 1587)
4(1599 1600 1603 1602)
4(4969 4623 4967 3442)
4(2644 4623 4969 4622)
4(3240 4626 4970 4191)
4(3240 4191 4969 4623)
4(5010 4716 5008 3448)
4(5012 3448 5008 4721)
4(5012 4238 5010 3448)
4(5008 3907 5007 3448)
4(5009 3909 5008 3448)
4(5007 3908 5009 3448)
4(5010 4715 5007 3448)
4(5012 3448 5009 4722)
4(5609 3638 5599 4717)
4(2709 4718 5609 4717)
4(2709 3908 5007 4718)
4(3240 4717 5609 4191)
4(800 825 826 801)
4(825 2036 2039 826)
4(2036 2048 2051 2039)
4(2048 2049 2052 2051)
4(2049 2061 2064 2052)
4(2061 2062 2065 2064)
4(826 851 852 827)
4(826 2039 2051 851)
4(851 2051 2054 852)
4(2051 2052 2064 2063)
4(2051 2063 2066 2054)
4(2063 2064 2067 2066)
4(2064 2065 2077 2076)
4(2064 2076 2079 2067)
4(2076 2077 2080 2079)
4(852 877 878 853)
4(852 2054 2066 877)
4(877 2066 2069 878)
4(2066 2067 2079 2078)
4(2066 2078 2081 2069)
4(2078 2079 2082 2081)
4(2079 2080 2092 2091)
4(2079 2091 2094 2082)
4(2091 2092 2095 2094)
4(878 903 904 879)
4(878 2069 2081 903)
4(903 2081 1565 904)
4(2081 2082 2094 2093)
4(2081 2093 1580 1565)
4(2093 2094 1581 1580)
4(2094 2095 2107 2106)
4(2094 2106 1596 1581)
4(2106 2107 1597 1596)
4(805 830 831 806)
4(825 826 831 830)
4(831 856 857 832)
4(826 851 856 831)
4(851 852 857 856)
4(857 882 883 858)
4(852 877 882 857)
4(877 878 883 882)
4(883 908 909 884)
4(878 903 908 883)
4(903 904 909 908)
4(909 934 1583 1568)
4(904 1565 1580 929)
4(904 929 934 909)
4(929 1580 1583 934)
4(1583 1598 1599 1584)
4(1580 1581 1596 1595)
4(1580 1595 1598 1583)
4(1595 1596 1599 1598)
4(1599 1614 1615 1600)
4(1596 1597 1612 1611)
4(1596 1611 1614 1599)
4(1611 1612 1615 1614)
4(4969 4623 5598 3636)
4(5604 3636 5598 4654)
4(3240 4191 5604 4654)
4(5598 3875 5487 3636)
4(4983 3877 5598 3636)
4(2658 4654 5604 4655)
4(5010 3448 5011 4237)
4(2240 4237 5011 4239)
4(5011 3448 5012 4239)
4(3243 4718 5011 4237)
4(5011 4718 5007 3448)
4(5011 3680 5731 4237)
4(5731 3680 5732 4241)
4(5732 3680 5011 4239)
4(5731 3680 5615 4748)
4(5731 4749 5025 3680)
4(5615 3680 5025 3924)
4(5011 3680 5615 4718)
4(5732 4751 5025 3680)
4(5600 3640 5604 4654)
4(5600 4717 5609 3640)
4(5600 3922 5614 3640)
4(5615 3923 5600 3640)
4(570 3923 5615 3924)
4(2709 4718 5615 3923)
4(3296 4239 5011 4719)
4(5011 3448 5009 4719)
4(5732 4750 5726 3680)
4(5025 3680 5726 3925)
4(5011 4719 5726 3680)
4(790 791 796 795)
4(791 816 821 796)
4(816 817 822 821)
4(817 842 847 822)
4(842 843 848 847)
4(843 868 873 848)
4(868 869 874 873)
4(869 894 899 874)
4(894 1559 1562 899)
4(1559 1574 1577 1562)
4(1574 1575 1578 1577)
4(1575 1590 1593 1578)
4(1590 1591 1594 1593)
4(790 815 816 791)
4(810 811 816 815)
4(816 841 842 817)
4(811 836 841 816)
4(836 837 842 841)
4(842 867 868 843)
4(837 862 867 842)
4(862 863 868 867)
4(868 893 894 869)
4(863 888 893 868)
4(888 889 894 893)
4(894 919 1574 1559)
4(889 914 919 894)
4(914 1571 1574 919)
4(1574 1589 1590 1575)
4(1571 1586 1589 1574)
4(1586 1587 1590 1589)
4(1590 1605 1606 1591)
4(1587 1602 1605 1590)
4(1602 1603 1606 1605)
4(810 835 836 811)
4(830 831 836 835)
4(836 861 862 837)
4(831 856 861 836)
4(856 857 862 861)
4(862 887 888 863)
4(857 882 887 862)
4(882 883 888 887)
4(888 913 914 889)
4(883 908 913 888)
4(908 909 914 913)
4(914 939 1586 1571)
4(909 934 939 914)
4(934 1583 1586 939)
4(1586 1601 1602 1587)
4(1583 1598 1601 1586)
4(1598 1599 1602 1601)
4(1602 1617 1618 1603)
4(1599 1614 1617 1602)
4(1614 1615 1618 1617)
4(2709 4719 5011 4718)
4(825 850 851 826)
4(850 2048 2051 851)
4(2048 2060 2063 2051)
4(2060 2061 2064 2063)
4(2061 2073 2076 2064)
4(2073 2074 2077 2076)
4(851 876 877 852)
4(851 2051 2063 876)
4(876 2063 2066 877)
4(2063 2064 2076 2075)
4(2063 2075 2078 2066)
4(2075 2076 2079 2078)
4(2076 2077 2089 2088)
4(2076 2088 2091 2079)
4(2088 2089 2092 2091)
4(877 902 903 878)
4(877 2066 2078 902)
4(902 2078 2081 903)
4(2078 2079 2091 2090)
4(2078 2090 2093 2081)
4(2090 2091 2094 2093)
4(2091 2092 2104 2103)
4(2091 2103 2106 2094)
4(2103 2104 2107 2106)
4(903 928 929 904)
4(903 2081 2093 928)
4(928 2093 1580 929)
4(2093 2094 2106 2105)
4(2093 2105 1595 1580)
4(2105 2106 1596 1595)
4(2106 2107 2119 2118)
4(2106 2118 1611 1596)
4(2118 2119 1612 1611)
4(830 855 856 831)
4(850 851 856 855)
4(856 881 882 857)
4(851 876 881 856)
4(876 877 882 881)
4(882 907 908 883)
4(877 902 907 882)
4(902 903 908 907)
4(908 933 934 909)
4(903 928 933 908)
4(928 929 934 933)
4(934 959 1598 1583)
4(929 1580 1595 954)
4(929 954 959 934)
4(954 1595 1598 959)
4(1598 1613 1614 1599)
4(1595 1596 1611 1610)
4(1595 1610 1613 1598)
4(1610 1611 1614 1613)
4(1614 1629 1630 1615)
4(1611 1612 1627 1626)
4(1611 1626 1629 1614)
4(5726 3923 5615 3680)
4(815 816 821 820)
4(816 841 846 821)
4(841 842 847 846)
4(842 867 872 847)
4(867 868 873 872)
4(868 893 898 873)
4(893 894 899 898)
4(894 919 924 899)
4(919 1574 1577 924)
4(1574 1589 1592 1577)
4(1589 1590 1593 1592)
4(1590 1605 1608 1593)
4(1605 1606 1609 1608)
4(815 840 841 816)
4(835 836 841 840)
4(841 866 867 842)
4(836 861 866 841)
4(861 862 867 866)
4(867 892 893 868)
4(862 887 892 867)
4(887 888 893 892)
4(893 918 919 894)
4(888 913 918 893)
4(913 914 919 918)
4(919 944 1589 1574)
4(914 939 944 919)
4(939 1586 1589 944)
4(1589 1604 1605 1590)
4(1586 1601 1604 1589)
4(1601 1602 1605 1604)
4(1605 1620 1621 1606)
4(1602 1617 1620 1605)
4(1617 1618 1621 1620)
4(835 860 861 836)
4(855 856 861 860)
4(861 886 887 862)
4(856 881 886 861)
4(881 882 887 886)
4(887 912 913 888)
4(882 907 912 887)
4(907 908 913 912)
4(913 938 939 914)
4(908 933 938 913)
4(933 934 939 938)
4(939 964 1601 1586)
4(934 959 964 939)
4(959 1598 1601 964)
4(1601 1616 1617 1602)
4(1598 1613 1616 1601)
4(1613 1614 1617 1616)
4(1617 1632 1633 1618)
4(1614 1629 1632 1617)
4(850 875 876 851)
4(875 2060 2063 876)
4(2060 2072 2075 2063)
4(2072 2073 2076 2075)
4(2073 2085 2088 2076)
4(2085 2086 2089 2088)
4(876 901 902 877)
4(876 2063 2075 901)
4(901 2075 2078 902)
4(2075 2076 2088 2087)
4(2075 2087 2090 2078)
4(2087 2088 2091 2090)
4(2088 2089 2101 2100)
4(2088 2100 2103 2091)
4(2100 2101 2104 2103)
4(902 927 928 903)
4(902 2078 2090 927)
4(927 2090 2093 928)
4(2090 2091 2103 2102)
4(2090 2102 2105 2093)
4(2102 2103 2106 2105)
4(2103 2104 2116 2115)
4(2103 2115 2118 2106)
4(2115 2116 2119 2118)
4(928 953 954 929)
4(928 2093 2105 953)
4(953 2105 1595 954)
4(2105 2106 2118 2117)
4(2105 2117 1610 1595)
4(2117 2118 1611 1610)
4(2118 2119 2131 2130)
4(2118 2130 1626 1611)
4(855 880 881 856)
4(875 876 881 880)
4(881 906 907 882)
4(876 901 906 881)
4(901 902 907 906)
4(907 932 933 908)
4(902 927 932 907)
4(927 928 933 932)
4(933 958 959 934)
4(928 953 958 933)
4(953 954 959 958)
4(959 984 1613 1598)
4(954 1595 1610 979)
4(954 979 984 959)
4(979 1610 1613 984)
4(1613 1628 1629 1614)
4(1610 1611 1626 1625)
4(1610 1625 1628 1613)
4(840 841 846 845)
4(841 866 871 846)
4(866 867 872 871)
4(867 892 897 872)
4(892 893 898 897)
4(893 918 923 898)
4(918 919 924 923)
4(919 944 949 924)
4(944 1589 1592 949)
4(1589 1604 1607 1592)
4(1604 1605 1608 1607)
4(1605 1620 1623 1608)
4(1620 1621 1624 1623)
4(840 865 866 841)
4(860 861 866 865)
4(866 891 892 867)
4(861 886 891 866)
4(886 887 892 891)
4(892 917 918 893)
4(887 912 917 892)
4(912 913 918 917)
4(918 943 944 919)
4(913 938 943 918)
4(938 939 944 943)
4(944 969 1604 1589)
4(939 964 969 944)
4(964 1601 1604 969)
4(1604 1619 1620 1605)
4(1601 1616 1619 1604)
4(1616 1617 1620 1619)
4(1620 1635 1636 1621)
4(1617 1632 1635 1620)
4(860 885 886 861)
4(880 881 886 885)
4(886 911 912 887)
4(881 906 911 886)
4(906 907 912 911)
4(912 937 938 913)
4(907 932 937 912)
4(932 933 938 937)
4(938 963 964 939)
4(933 958 963 938)
4(958 959 964 963)
4(964 989 1616 1601)
4(959 984 989 964)
4(984 1613 1616 989)
4(1616 1631 1632 1617)
4(1613 1628 1631 1616)
4(875 900 901 876)
4(900 2072 2075 901)
4(2072 2084 2087 2075)
4(2084 2085 2088 2087)
4(2085 2097 2100 2088)
4(2097 2098 2101 2100)
4(901 926 927 902)
4(901 2075 2087 926)
4(926 2087 2090 927)
4(2087 2088 2100 2099)
4(2087 2099 2102 2090)
4(2099 2100 2103 2102)
4(2100 2101 2113 2112)
4(2100 2112 2115 2103)
4(2112 2113 2116 2115)
4(927 952 953 928)
4(927 2090 2102 952)
4(952 2102 2105 953)
4(2102 2103 2115 2114)
4(2102 2114 2117 2105)
4(2114 2115 2118 2117)
4(2115 2116 2128 2127)
4(2115 2127 2130 2118)
4(953 978 979 954)
4(953 2105 2117 978)
4(978 2117 1610 979)
4(2117 2118 2130 2129)
4(2117 2129 1625 1610)
4(880 905 906 881)
4(900 901 906 905)
4(906 931 932 907)
4(901 926 931 906)
4(926 927 932 931)
4(932 957 958 933)
4(927 952 957 932)
4(952 953 958 957)
4(958 983 984 959)
4(953 978 983 958)
4(978 979 984 983)
4(984 1009 1628 1613)
4(979 1610 1625 1004)
4(979 1004 1009 984)
4(865 866 871 870)
4(866 891 896 871)
4(891 892 897 896)
4(892 917 922 897)
4(917 918 923 922)
4(918 943 948 923)
4(943 944 949 948)
4(944 969 974 949)
4(969 1604 1607 974)
4(1604 1619 1622 1607)
4(1619 1620 1623 1622)
4(1620 1635 1638 1623)
4(865 890 891 866)
4(885 886 891 890)
4(891 916 917 892)
4(886 911 916 891)
4(911 912 917 916)
4(917 942 943 918)
4(912 937 942 917)
4(937 938 943 942)
4(943 968 969 944)
4(938 963 968 943)
4(963 964 969 968)
4(969 994 1619 1604)
4(964 989 994 969)
4(989 1616 1619 994)
4(1619 1634 1635 1620)
4(1616 1631 1634 1619)
4(885 910 911 886)
4(905 906 911 910)
4(911 936 937 912)
4(906 931 936 911)
4(931 932 937 936)
4(937 962 963 938)
4(932 957 962 937)
4(957 958 963 962)
4(963 988 989 964)
4(958 983 988 963)
4(983 984 989 988)
4(989 1014 1631 1616)
4(984 1009 1014 989)
4(900 925 926 901)
4(925 2084 2087 926)
4(2084 2096 2099 2087)
4(2096 2097 2100 2099)
4(2097 2109 2112 2100)
4(2109 2110 2113 2112)
4(926 951 952 927)
4(926 2087 2099 951)
4(951 2099 2102 952)
4(2099 2100 2112 2111)
4(2099 2111 2114 2102)
4(2111 2112 2115 2114)
4(2112 2113 2125 2124)
4(2112 2124 2127 2115)
4(952 977 978 953)
4(952 2102 2114 977)
4(977 2114 2117 978)
4(2114 2115 2127 2126)
4(2114 2126 2129 2117)
4(978 1003 1004 979)
4(978 2117 2129 1003)
4(905 930 931 906)
4(925 926 931 930)
4(931 956 957 932)
4(926 951 956 931)
4(951 952 957 956)
4(957 982 983 958)
4(952 977 982 957)
4(977 978 983 982)
4(983 1008 1009 984)
4(978 1003 1008 983)
4(890 891 896 895)
4(891 916 921 896)
4(916 917 922 921)
4(917 942 947 922)
4(942 943 948 947)
4(943 968 973 948)
4(968 969 974 973)
4(969 994 999 974)
4(994 1619 1622 999)
4(1619 1634 1637 1622)
4(890 915 916 891)
4(910 911 916 915)
4(916 941 942 917)
4(911 936 941 916)
4(936 937 942 941)
4(942 967 968 943)
4(937 962 967 942)
4(962 963 968 967)
4(968 993 994 969)
4(963 988 993 968)
4(988 989 994 993)
4(994 1019 1634 1619)
4(989 1014 1019 994)
4(910 935 936 911)
4(930 931 936 935)
4(936 961 962 937)
4(931 956 961 936)
4(956 957 962 961)
4(962 987 988 963)
4(957 982 987 962)
4(982 983 988 987)
4(988 1013 1014 989)
4(983 1008 1013 988)
4(925 950 951 926)
4(950 2096 2099 951)
4(2096 2108 2111 2099)
4(2108 2109 2112 2111)
4(2109 2121 2124 2112)
4(951 976 977 952)
4(951 2099 2111 976)
4(976 2111 2114 977)
4(2111 2112 2124 2123)
4(2111 2123 2126 2114)
4(977 1002 1003 978)
4(977 2114 2126 1002)
4(930 955 956 931)
4(950 951 956 955)
4(956 981 982 957)
4(951 976 981 956)
4(976 977 982 981)
4(982 1007 1008 983)
4(977 1002 1007 982)
4(915 916 921 920)
4(916 941 946 921)
4(941 942 947 946)
4(942 967 972 947)
4(967 968 973 972)
4(968 993 998 973)
4(993 994 999 998)
4(994 1019 1024 999)
4(915 940 941 916)
4(935 936 941 940)
4(941 966 967 942)
4(936 961 966 941)
4(961 962 967 966)
4(967 992 993 968)
4(962 987 992 967)
4(987 988 993 992)
4(993 1018 1019 994)
4(988 1013 1018 993)
4(935 960 961 936)
4(955 956 961 960)
4(961 986 987 962)
4(956 981 986 961)
4(981 982 987 986)
4(987 1012 1013 988)
4(982 1007 1012 987)
4(950 975 976 951)
4(975 2108 2111 976)
4(2108 2120 2123 2111)
4(976 1001 1002 977)
4(976 2111 2123 1001)
4(955 980 981 956)
4(975 976 981 980)
4(981 1006 1007 982)
4(976 1001 1006 981)
4(940 941 946 945)
4(941 966 971 946)
4(966 967 972 971)
4(967 992 997 972)
4(992 993 998 997)
4(993 1018 1023 998)
4(940 965 966 941)
4(960 961 966 965)
4(966 991 992 967)
4(961 986 991 966)
4(986 987 992 991)
4(992 1017 1018 993)
4(987 1012 1017 992)
4(960 985 986 961)
4(980 981 986 985)
4(986 1011 1012 987)
4(981 1006 1011 986)
4(975 1000 1001 976)
4(980 1005 1006 981)
4(965 966 971 970)
4(966 991 996 971)
4(991 992 997 996)
4(992 1017 1022 997)
4(965 990 991 966)
4(985 986 991 990)
4(991 1016 1017 992)
4(986 1011 1016 991)
4(985 1010 1011 986)
4(990 991 996 995)
4(991 1016 1021 996)
4(990 1015 1016 991)
4(1027 1030 1045 1042)
4(1030 1033 1048 1045)
4(1033 1036 1051 1048)
4(1036 1039 1054 1051)
4(1042 1045 1060 1057)
4(1045 1048 1063 1060)
4(1048 1051 1066 1063)
4(1051 1054 1069 1066)
4(1057 1060 1075 1072)
4(1060 1063 1078 1075)
4(1063 1066 1081 1078)
4(1066 1069 1084 1081)
4(1072 1075 1090 1087)
4(1075 1078 1093 1090)
4(1078 1081 1096 1093)
4(1081 1084 1099 1096)
4(1087 1090 1105 1102)
4(1090 1093 1108 1105)
4(1093 1096 1111 1108)
4(1096 1099 1114 1111)
4(1102 1105 1120 1117)
4(1105 1108 1123 1120)
4(1108 1111 1126 1123)
4(1111 1114 1129 1126)
4(1117 1120 1135 1132)
4(1120 1123 1138 1135)
4(1123 1126 1141 1138)
4(1126 1129 1144 1141)
4(1132 1135 1150 1147)
4(1135 1138 1153 1150)
4(1138 1141 1156 1153)
4(1141 1144 1159 1156)
4(1147 1150 1165 1162)
4(1150 1153 1168 1165)
4(1153 1156 1171 1168)
4(1156 1159 1174 1171)
4(1162 1165 1180 1177)
4(1165 1168 1183 1180)
4(1168 1171 1186 1183)
4(1171 1174 1189 1186)
4(1177 1180 1195 1192)
4(1180 1183 1198 1195)
4(1183 1186 1201 1198)
4(1186 1189 1204 1201)
4(1192 1195 1210 1207)
4(1195 1198 1213 1210)
4(1198 1201 1216 1213)
4(1201 1204 1219 1216)
4(1207 1210 1225 1222)
4(1210 1213 1228 1225)
4(1213 1216 1231 1228)
4(1216 1219 1234 1231)
4(1222 1225 1240 1237)
4(1225 1228 1243 1240)
4(1228 1231 1246 1243)
4(1231 1234 1249 1246)
4(1237 1240 1255 1252)
4(1240 1243 1258 1255)
4(1243 1246 1261 1258)
4(1246 1249 1264 1261)
4(1252 1255 1270 1267)
4(1255 1258 1273 1270)
4(1258 1261 1276 1273)
4(1261 1264 1279 1276)
4(1267 1270 1285 1282)
4(1270 1273 1288 1285)
4(1273 1276 1291 1288)
4(1276 1279 1294 1291)
4(1282 1285 1300 1297)
4(1285 1288 1303 1300)
4(1288 1291 1306 1303)
4(1291 1294 1309 1306)
4(1297 1300 1315 1312)
4(1300 1303 1318 1315)
4(1303 1306 1321 1318)
4(1306 1309 1324 1321)
4(1312 1315 1330 1327)
4(1315 1318 1333 1330)
4(1318 1321 1336 1333)
4(1321 1324 1339 1336)
4(1327 1330 1345 1342)
4(1330 1333 1348 1345)
4(1333 1336 1351 1348)
4(1336 1339 1354 1351)
4(1342 1345 1360 1357)
4(1345 1348 1363 1360)
4(1348 1351 1366 1363)
4(1351 1354 1369 1366)
4(1357 1360 1375 1372)
4(1360 1363 1378 1375)
4(1363 1366 1381 1378)
4(1366 1369 1384 1381)
4(1372 1375 1390 1387)
4(1375 1378 1393 1390)
4(1378 1381 1396 1393)
4(1381 1384 1399 1396)
4(1387 1390 1405 1402)
4(1390 1393 1408 1405)
4(1393 1396 1411 1408)
4(1396 1399 1414 1411)
4(1402 1405 1420 1417)
4(1405 1408 1423 1420)
4(1408 1411 1426 1423)
4(1411 1414 1429 1426)
4(1417 1420 1435 1432)
4(1420 1423 1438 1435)
4(1423 1426 1441 1438)
4(1426 1429 1444 1441)
4(1432 1435 1450 1447)
4(1435 1438 1453 1450)
4(1438 1441 1456 1453)
4(1441 1444 1459 1456)
4(1447 1450 1465 1462)
4(1450 1453 1468 1465)
4(1453 1456 1471 1468)
4(1456 1459 1474 1471)
4(1462 1465 1480 1477)
4(1465 1468 1483 1480)
4(1468 1471 1486 1483)
4(1471 1474 1489 1486)
4(1477 1480 1495 1492)
4(1480 1483 1498 1495)
4(1483 1486 1501 1498)
4(1486 1489 1504 1501)
4(1492 1495 1510 1507)
4(1495 1498 1513 1510)
4(1498 1501 1516 1513)
4(1501 1504 1519 1516)
4(1507 1510 1525 1522)
4(1510 1513 1528 1525)
4(1513 1516 1531 1528)
4(1516 1519 1534 1531)
4(1522 1525 1540 1537)
4(1525 1528 1543 1540)
4(1528 1531 1546 1543)
4(1531 1534 1549 1546)
4(1537 1540 1555 1552)
4(1540 1543 1558 1555)
4(1543 1546 1561 1558)
4(1546 1549 1564 1561)
4(1552 1555 1570 1567)
4(1555 1558 1573 1570)
4(1558 1561 1576 1573)
4(1561 1564 1579 1576)
4(1567 1570 1585 1582)
4(1570 1573 1588 1585)
4(1573 1576 1591 1588)
4(1576 1579 1594 1591)
4(1582 1585 1600 1597)
4(1585 1588 1603 1600)
4(1588 1591 1606 1603)
4(1591 1594 1609 1606)
4(1597 1600 1615 1612)
4(1600 1603 1618 1615)
4(1603 1606 1621 1618)
4(1606 1609 1624 1621)
4(1612 1615 1630 1627)
4(1615 1618 1633 1630)
4(1618 1621 1636 1633)
4(1621 1624 1639 1636)
4(1642 1645 1657 1654)
4(1645 1648 1660 1657)
4(1648 1651 1663 1660)
4(1651 1027 1042 1663)
4(1654 1657 1669 1666)
4(1657 1660 1672 1669)
4(1660 1663 1675 1672)
4(1663 1042 1057 1675)
4(1666 1669 1681 1678)
4(1669 1672 1684 1681)
4(1672 1675 1687 1684)
4(1675 1057 1072 1687)
4(1678 1681 1693 1690)
4(1681 1684 1696 1693)
4(1684 1687 1699 1696)
4(1687 1072 1087 1699)
4(1690 1693 1705 1702)
4(1693 1696 1708 1705)
4(1696 1699 1711 1708)
4(1699 1087 1102 1711)
4(1702 1705 1717 1714)
4(1705 1708 1720 1717)
4(1708 1711 1723 1720)
4(1711 1102 1117 1723)
4(1714 1717 1729 1726)
4(1717 1720 1732 1729)
4(1720 1723 1735 1732)
4(1723 1117 1132 1735)
4(1726 1729 1741 1738)
4(1729 1732 1744 1741)
4(1732 1735 1747 1744)
4(1735 1132 1147 1747)
4(1738 1741 1753 1750)
4(1741 1744 1756 1753)
4(1744 1747 1759 1756)
4(1747 1147 1162 1759)
4(1750 1753 1765 1762)
4(1753 1756 1768 1765)
4(1756 1759 1771 1768)
4(1759 1162 1177 1771)
4(1762 1765 1777 1774)
4(1765 1768 1780 1777)
4(1768 1771 1783 1780)
4(1771 1177 1192 1783)
4(1774 1777 1789 1786)
4(1777 1780 1792 1789)
4(1780 1783 1795 1792)
4(1783 1192 1207 1795)
4(1786 1789 1801 1798)
4(1789 1792 1804 1801)
4(1792 1795 1807 1804)
4(1795 1207 1222 1807)
4(1798 1801 1813 1810)
4(1801 1804 1816 1813)
4(1804 1807 1819 1816)
4(1807 1222 1237 1819)
4(1810 1813 1825 1822)
4(1813 1816 1828 1825)
4(1816 1819 1831 1828)
4(1819 1237 1252 1831)
4(1822 1825 1837 1834)
4(1825 1828 1840 1837)
4(1828 1831 1843 1840)
4(1831 1252 1267 1843)
4(1834 1837 1849 1846)
4(1837 1840 1852 1849)
4(1840 1843 1855 1852)
4(1843 1267 1282 1855)
4(1846 1849 1861 1858)
4(1849 1852 1864 1861)
4(1852 1855 1867 1864)
4(1855 1282 1297 1867)
4(1858 1861 1873 1870)
4(1861 1864 1876 1873)
4(1864 1867 1879 1876)
4(1867 1297 1312 1879)
4(1870 1873 1885 1882)
4(1873 1876 1888 1885)
4(1876 1879 1891 1888)
4(1879 1312 1327 1891)
4(1882 1885 1897 1894)
4(1885 1888 1900 1897)
4(1888 1891 1903 1900)
4(1891 1327 1342 1903)
4(1894 1897 1909 1906)
4(1897 1900 1912 1909)
4(1900 1903 1915 1912)
4(1903 1342 1357 1915)
4(1906 1909 1921 1918)
4(1909 1912 1924 1921)
4(1912 1915 1927 1924)
4(1915 1357 1372 1927)
4(1918 1921 1933 1930)
4(1921 1924 1936 1933)
4(1924 1927 1939 1936)
4(1927 1372 1387 1939)
4(1930 1933 1945 1942)
4(1933 1936 1948 1945)
4(1936 1939 1951 1948)
4(1939 1387 1402 1951)
4(1942 1945 1957 1954)
4(1945 1948 1960 1957)
4(1948 1951 1963 1960)
4(1951 1402 1417 1963)
4(1954 1957 1969 1966)
4(1957 1960 1972 1969)
4(1960 1963 1975 1972)
4(1963 1417 1432 1975)
4(1966 1969 1981 1978)
4(1969 1972 1984 1981)
4(1972 1975 1987 1984)
4(1975 1432 1447 1987)
4(1978 1981 1993 1990)
4(1981 1984 1996 1993)
4(1984 1987 1999 1996)
4(1987 1447 1462 1999)
4(1990 1993 2005 2002)
4(1993 1996 2008 2005)
4(1996 1999 2011 2008)
4(1999 1462 1477 2011)
4(2002 2005 2017 2014)
4(2005 2008 2020 2017)
4(2008 2011 2023 2020)
4(2011 1477 1492 2023)
4(2014 2017 2029 2026)
4(2017 2020 2032 2029)
4(2020 2023 2035 2032)
4(2023 1492 1507 2035)
4(2026 2029 2041 2038)
4(2029 2032 2044 2041)
4(2032 2035 2047 2044)
4(2035 1507 1522 2047)
4(2038 2041 2053 2050)
4(2041 2044 2056 2053)
4(2044 2047 2059 2056)
4(2047 1522 1537 2059)
4(2050 2053 2065 2062)
4(2053 2056 2068 2065)
4(2056 2059 2071 2068)
4(2059 1537 1552 2071)
4(2062 2065 2077 2074)
4(2065 2068 2080 2077)
4(2068 2071 2083 2080)
4(2071 1552 1567 2083)
4(2074 2077 2089 2086)
4(2077 2080 2092 2089)
4(2080 2083 2095 2092)
4(2083 1567 1582 2095)
4(2086 2089 2101 2098)
4(2089 2092 2104 2101)
4(2092 2095 2107 2104)
4(2095 1582 1597 2107)
4(2098 2101 2113 2110)
4(2101 2104 2116 2113)
4(2104 2107 2119 2116)
4(2107 1597 1612 2119)
4(2110 2113 2125 2122)
4(2113 2116 2128 2125)
4(2116 2119 2131 2128)
4(2119 1612 1627 2131)
4(0 5 6 1)
4(5 10 11 6)
4(10 15 16 11)
4(15 20 21 16)
4(1 6 7 2)
4(6 11 12 7)
4(11 16 17 12)
4(16 21 22 17)
4(2 7 8 3)
4(7 12 13 8)
4(12 17 18 13)
4(17 22 23 18)
4(3 8 9 4)
4(8 13 14 9)
4(13 18 19 14)
4(18 23 24 19)
4(4 9 1028 1025)
4(9 14 1031 1028)
4(14 19 1034 1031)
4(19 24 1037 1034)
4(1025 1028 1029 1026)
4(1028 1031 1032 1029)
4(1031 1034 1035 1032)
4(1034 1037 1038 1035)
4(1026 1029 1030 1027)
4(1029 1032 1033 1030)
4(1032 1035 1036 1033)
4(1035 1038 1039 1036)
4(0 1 1643 1640)
4(1 2 1646 1643)
4(2 3 1649 1646)
4(3 4 1025 1649)
4(1640 1643 1644 1641)
4(1643 1646 1647 1644)
4(1646 1649 1650 1647)
4(1649 1025 1026 1650)
4(1641 1644 1645 1642)
4(1644 1647 1648 1645)
4(1647 1650 1651 1648)
4(1650 1026 1027 1651)
4(1000 1001 1006 1005)
4(1005 1006 1011 1010)
4(1010 1011 1016 1015)
4(1015 1016 1021 1020)
4(1001 1002 1007 1006)
4(1006 1007 1012 1011)
4(1011 1012 1017 1016)
4(1016 1017 1022 1021)
4(1002 1003 1008 1007)
4(1007 1008 1013 1012)
4(1012 1013 1018 1017)
4(1017 1018 1023 1022)
4(1003 1004 1009 1008)
4(1008 1009 1014 1013)
4(1013 1014 1019 1018)
4(1018 1019 1024 1023)
4(1004 1625 1628 1009)
4(1009 1628 1631 1014)
4(1014 1631 1634 1019)
4(1019 1634 1637 1024)
4(1625 1626 1629 1628)
4(1628 1629 1632 1631)
4(1631 1632 1635 1634)
4(1634 1635 1638 1637)
4(1626 1627 1630 1629)
4(1629 1630 1633 1632)
4(1632 1633 1636 1635)
4(1635 1636 1639 1638)
4(1000 2120 2123 1001)
4(1001 2123 2126 1002)
4(1002 2126 2129 1003)
4(1003 2129 1625 1004)
4(2120 2121 2124 2123)
4(2123 2124 2127 2126)
4(2126 2127 2130 2129)
4(2129 2130 1626 1625)
4(2121 2122 2125 2124)
4(2124 2125 2128 2127)
4(2127 2128 2131 2130)
4(2130 2131 1627 1626)
4(1641 1642 1654 1653)
4(1640 1641 1653 1652)
4(1653 1654 1666 1665)
4(0 1640 1652 25)
4(1652 1653 1665 1664)
4(1665 1666 1678 1677)
4(0 25 30 5)
4(5 30 35 10)
4(25 1652 1664 50)
4(1664 1665 1677 1676)
4(1677 1678 1690 1689)
4(25 50 55 30)
4(10 35 40 15)
4(30 55 60 35)
4(50 1664 1676 75)
4(1676 1677 1689 1688)
4(1689 1690 1702 1701)
4(50 75 80 55)
4(15 40 45 20)
4(35 60 65 40)
4(55 80 85 60)
4(75 1676 1688 100)
4(1688 1689 1701 1700)
4(1701 1702 1714 1713)
4(75 100 105 80)
4(40 65 70 45)
4(60 85 90 65)
4(80 105 110 85)
4(100 1688 1700 125)
4(1700 1701 1713 1712)
4(1713 1714 1726 1725)
4(100 125 130 105)
4(65 90 95 70)
4(85 110 115 90)
4(105 130 135 110)
4(125 1700 1712 150)
4(1712 1713 1725 1724)
4(1725 1726 1738 1737)
4(125 150 155 130)
4(90 115 120 95)
4(110 135 140 115)
4(130 155 160 135)
4(150 1712 1724 175)
4(1724 1725 1737 1736)
4(1737 1738 1750 1749)
4(150 175 180 155)
4(115 140 145 120)
4(135 160 165 140)
4(155 180 185 160)
4(175 1724 1736 200)
4(1736 1737 1749 1748)
4(1749 1750 1762 1761)
4(175 200 205 180)
4(140 165 170 145)
4(160 185 190 165)
4(180 205 210 185)
4(200 1736 1748 225)
4(1748 1749 1761 1760)
4(1761 1762 1774 1773)
4(200 225 230 205)
4(165 190 195 170)
4(185 210 215 190)
4(205 230 235 210)
4(225 1748 1760 250)
4(1760 1761 1773 1772)
4(1773 1774 1786 1785)
4(225 250 255 230)
4(190 215 220 195)
4(210 235 240 215)
4(230 255 260 235)
4(250 1760 1772 275)
4(1772 1773 1785 1784)
4(1785 1786 1798 1797)
4(250 275 280 255)
4(215 240 245 220)
4(235 260 265 240)
4(255 280 285 260)
4(275 1772 1784 300)
4(1784 1785 1797 1796)
4(1797 1798 1810 1809)
4(275 300 305 280)
4(240 265 270 245)
4(260 285 290 265)
4(280 305 310 285)
4(300 1784 1796 325)
4(1796 1797 1809 1808)
4(1809 1810 1822 1821)
4(300 325 330 305)
4(265 290 295 270)
4(285 310 315 290)
4(305 330 335 310)
4(325 1796 1808 350)
4(1808 1809 1821 1820)
4(1821 1822 1834 1833)
4(325 350 355 330)
4(290 315 320 295)
4(310 335 340 315)
4(330 355 360 335)
4(350 1808 1820 375)
4(1820 1821 1833 1832)
4(1833 1834 1846 1845)
4(350 375 380 355)
4(315 340 345 320)
4(335 360 365 340)
4(355 380 385 360)
4(375 1820 1832 400)
4(1832 1833 1845 1844)
4(1845 1846 1858 1857)
5(375 400 2277 405 380)
4(340 365 370 345)
4(360 385 390 365)
5(380 405 2291 410 385)
5(400 1832 1844 425 2278)
4(1844 1845 1857 1856)
4(1857 1858 1870 1869)
4(400 2278 2917 2277)
4(405 2277 2917 2292)
4(365 390 395 370)
5(385 410 2305 415 390)
4(405 2292 2934 2291)
4(410 2291 2934 2306)
4(425 2342 2917 2278)
5(425 1844 1856 450 2343)
4(1856 1857 1869 1868)
4(1869 1870 1882 1881)
4(430 2292 2917 2342)
5(390 415 2319 420 395)
4(410 2306 2947 2305)
4(415 2305 2947 2320)
4(430 2356 2934 2292)
4(435 2306 2934 2356)
4(425 2343 2973 2342)
4(450 2407 2973 2343)
5(450 1856 1868 475 2408)
4(1868 1869 1881 1880)
4(1881 1882 1894 1893)
4(430 2342 2973 2357)
4(415 2320 2960 2319)
4(420 2319 2960 2333)
4(435 2370 2947 2306)
4(440 2320 2947 2370)
4(430 2357 2990 2356)
5(435 2356 2990 4254 2371)
4(450 2408 3029 2407)
4(455 2357 2973 2407)
4(475 2472 3029 2408)
5(475 1868 1880 500 2473)
4(1880 1881 1893 1892)
4(1893 1894 1906 1905)
4(440 2384 2960 2320)
4(445 2333 2960 2384)
5(435 2371 4256 3003 2370)
5(440 2370 3003 4265 2385)
5(455 2421 4284 2990 2357)
4(2371 4254 5034 3696)
4(2990 4284 5034 4254)
4(455 2407 3029 2422)
4(475 2473 3085 2472)
4(480 2422 3029 2472)
4(500 2537 3085 2473)
5(500 1880 1892 525 2538)
4(1892 1893 1905 1904)
4(1905 1906 1918 1917)
5(440 2385 4267 3016 2384)
5(445 2384 3016 4276 2398)
4(2371 3696 5060 4256)
4(3003 4256 5060 4299)
4(2385 4265 5061 3713)
4(3003 4299 5061 4265)
4(2421 3697 5034 4284)
5(455 2422 3046 4286 2421)
4(460 3696 5034 3697)
4(480 2472 3085 2487)
5(480 2486 4380 3046 2422)
4(500 2538 3141 2537)
4(505 2487 3085 2537)
4(525 2602 3141 2538)
5(525 1892 1904 550 2603)
4(1904 1905 1917 1916)
4(1917 1918 1930 1929)
4(2385 3713 5096 4267)
4(3016 4267 5096 4333)
4(2398 4276 5097 3730)
4(3016 4333 5097 4276)
4(460 3699 5060 3696)
4(2435 4299 5060 3699)
4(465 3713 5061 3714)
4(2435 3714 5061 4299)
4(2421 4286 5132 3697)
4(3046 4302 5132 4286)
4(460 3697 5132 3700)
5(480 2487 3102 4382 2486)
4(2486 3745 5133 4380)
4(3046 4380 5133 4302)
4(505 2537 3141 2552)
5(505 2551 4476 3102 2487)
4(525 2603 3197 2602)
4(530 2552 3141 2602)
4(550 2667 3197 2603)
5(550 1904 1916 575 2668)
4(1916 1917 1929 1928)
4(1929 1930 1942 1941)
4(465 3716 5096 3713)
4(2449 4333 5096 3716)
4(470 3730 5097 3731)
4(2449 3731 5097 4333)
4(460 3700 4823 3699)
4(2435 3699 4823 4301)
4(465 3714 5168 3717)
4(2435 4301 5168 3714)
4(2436 3700 5132 4302)
4(2486 4382 5260 3745)
4(3102 4398 5260 4382)
4(485 3744 5133 3745)
4(2436 4302 5133 3744)
5(505 2552 3158 4478 2551)
4(2551 3793 5261 4476)
4(3102 4476 5261 4398)
4(530 2602 3197 2617)
5(530 2616 4572 3158 2552)
4(550 2668 3253 2667)
4(555 2617 3197 2667)
4(575 2732 3253 2668)
5(575 1916 1928 600 2733)
4(1928 1929 1941 1940)
4(1941 1942 1954 1953)
4(465 3717 4841 3716)
4(2449 3716 4841 4335)
4(470 3731 5214 3733)
4(2449 4335 5214 3731)
4(2436 4304 4823 3700)
4(3059 4301 4823 4304)
4(2450 3717 5168 4336)
4(3059 4336 5168 4301)
4(485 3745 5260 3748)
4(2501 3748 5260 4398)
4(485 3747 5169 3744)
4(2436 3744 5169 4304)
4(2551 4478 5388 3793)
4(3158 4494 5388 4478)
4(510 3792 5261 3793)
4(2501 4398 5261 3792)
5(530 2617 3214 4574 2616)
4(2616 3841 5389 4572)
4(3158 4572 5389 4494)
4(555 2667 3253 2682)
5(555 2681 4668 3214 2617)
4(575 2733 3309 2732)
4(580 2682 3253 2732)
4(600 2797 3309 2733)
5(600 1928 1940 625 2798)
4(1940 1941 1953 1952)
4(1953 1954 1966 1965)
4(2450 4338 4841 3717)
4(3072 4335 4841 4338)
4(2463 3733 5214 4366)
4(3072 4366 5214 4335)
4(3059 4304 5169 4395)
4(2450 4336 5170 3761)
4(3059 4395 5170 4336)
4(485 3748 4865 3747)
4(2501 4400 4865 3748)
4(2500 4395 5169 3747)
4(510 3793 5388 3796)
4(2566 3796 5388 4494)
4(510 3795 5297 3792)
4(2501 3792 5297 4400)
4(2616 4574 5516 3841)
4(3214 4590 5516 4574)
4(535 3840 5389 3841)
4(2566 4494 5389 3840)
5(555 2682 3270 4670 2681)
4(2681 3889 5517 4668)
4(3214 4668 5517 4590)
4(580 2732 3309 2747)
5(580 2746 4764 3270 2682)
4(600 2798 3365 2797)
4(605 2747 3309 2797)
4(625 1940 1952 650)
4(625 2862 3365 2798)
4(1952 1953 1965 1964)
4(1965 1966 1978 1977)
5(625 650 655 630 2862)
4(2450 3761 5215 4338)
4(3072 4338 5215 4429)
4(2463 4366 5216 3778)
4(3072 4429 5216 4366)
4(490 3761 5170 3762)
4(2500 3762 5170 4395)
5(630 655 660 635 2871)
4(2500 3747 4865 4397)
4(3115 4397 4865 4400)
4(510 3796 4907 3795)
4(2566 4496 4907 3796)
4(2565 4491 5297 3795)
4(3115 4400 5297 4491)
4(535 3841 5516 3844)
4(2631 3844 5516 4590)
4(535 3843 5425 3840)
4(2566 3840 5425 4496)
4(2681 4670 5644 3889)
4(3270 4686 5644 4670)
4(560 3888 5517 3889)
4(2631 4590 5517 3888)
4(580 2747 3326 2746)
4(2746 3937 5645 4764)
4(3270 4764 5645 4686)
4(605 2797 3365 2812)
4(605 2811 3326 2747)
4(650 1952 1964 675)
4(630 2812 3365 2862)
4(1964 1965 1977 1976)
4(1977 1978 1990 1989)
4(650 675 680 655)
4(490 3764 5215 3761)
4(2514 4429 5215 3764)
4(495 3778 5216 3779)
4(2514 3779 5216 4429)
4(490 3762 5296 3765)
4(2500 4397 5296 3762)
5(635 660 665 640 2880)
4(655 680 685 660)
4(630 2871 3382 2812)
4(635 2826 3382 2871)
4(3115 4432 5296 4397)
4(2565 3795 4907 4493)
4(3171 4493 4907 4496)
4(2565 3810 5298 4491)
4(3115 4491 5298 4432)
4(535 3844 4949 3843)
4(2631 4592 4949 3844)
4(2630 4587 5425 3843)
4(3171 4496 5425 4587)
4(560 3889 5644 3892)
4(2696 3892 5644 4686)
4(560 3891 5553 3888)
4(2631 3888 5553 4592)
5(585 3937 2746 3326 2761)
4(585 3936 5645 3937)
4(2696 4686 5645 3936)
4(605 2812 3382 2811)
4(610 2761 3326 2811)
4(675 1964 1976 700)
4(1976 1977 1989 1988)
4(1989 1990 2002 2001)
4(675 700 705 680)
4(490 3765 4883 3764)
4(2514 3764 4883 4431)
4(495 3779 5342 3781)
4(2514 4431 5342 3779)
5(640 665 670 645 2889)
4(2515 3765 5296 4432)
4(660 685 690 665)
4(635 2880 3395 2826)
4(640 2840 3395 2880)
4(680 705 710 685)
4(610 2811 3382 2826)
4(2565 4493 5424 3810)
4(3171 4528 5424 4493)
4(515 3809 5298 3810)
4(2515 4432 5298 3809)
4(2630 3843 4949 4589)
4(3227 4589 4949 4592)
4(2630 3858 5426 4587)
4(3171 4587 5426 4528)
4(560 3892 4991 3891)
4(2696 4688 4991 3892)
4(2695 4683 5553 3891)
4(3227 4592 5553 4683)
5(585 2761 3339 2760 3939)
4(585 3939 5681 3936)
4(2696 3936 5681 4688)
4(610 2825 3339 2761)
4(700 1976 1988 725)
4(1988 1989 2001 2000)
4(2001 2002 2014 2013)
4(700 725 730 705)
4(2515 4434 4883 3765)
4(3128 4431 4883 4434)
4(2528 3781 5342 4462)
4(3128 4462 5342 4431)
4(665 690 695 670)
4(640 2889 3408 2840)
4(645 2853 3408 2889)
5(590 3951 2760 3339 2775)
4(615 2775 3339 2825)
4(685 710 715 690)
4(610 2826 3395 2825)
4(615 2825 3395 2840)
4(705 730 735 710)
4(515 3810 5424 3813)
4(2580 3813 5424 4528)
4(515 3812 5343 3809)
4(2515 3809 5343 4434)
4(2630 4589 5552 3858)
4(3227 4624 5552 4589)
4(540 3857 5426 3858)
4(2580 4528 5426 3857)
4(2695 3891 4991 4685)
4(3283 4685 4991 4688)
4(2695 3906 5554 4683)
4(3227 4683 5554 4624)
4(2760 4775 5681 3939)
4(3283 4688 5681 4775)
4(725 1988 2000 750)
4(2000 2001 2013 2012)
4(2013 2014 2026 2025)
4(725 750 755 730)
4(3128 4434 5343 4525)
4(2528 4462 5344 3826)
4(3128 4525 5344 4462)
5(590 2775 3352 2774 3953)
5(595 3965 2774 3352 2788)
4(615 2839 3352 2775)
4(620 2788 3352 2839)
4(690 715 720 695)
4(615 2840 3408 2839)
4(620 2839 3408 2853)
4(590 3950 5682 3951)
4(2760 3951 5682 4775)
4(710 735 740 715)
4(730 755 760 735)
4(515 3813 4925 3812)
4(2580 4530 4925 3813)
4(2579 4525 5343 3812)
4(540 3858 5552 3861)
4(2645 3861 5552 4624)
4(540 3860 5471 3857)
4(2580 3857 5471 4530)
4(2695 4685 5680 3906)
4(3283 4720 5680 4685)
4(565 3905 5554 3906)
4(2645 4624 5554 3905)
4(3283 4775 5682 4720)
4(750 2000 2012 775)
4(2012 2013 2025 2024)
4(2025 2026 2038 2037)
4(750 775 780 755)
4(520 3826 5344 3827)
4(2579 3827 5344 4525)
4(590 3953 5727 3950)
4(2774 4792 5727 3953)
4(595 3964 5728 3965)
4(2774 3965 5728 4792)
4(715 740 745 720)
4(2710 4720 5682 3950)
4(735 760 765 740)
4(755 780 785 760)
4(2579 3812 4925 4527)
4(3184 4527 4925 4530)
4(540 3861 4967 3860)
4(2645 4626 4967 3861)
4(2644 4621 5471 3860)
4(3184 4530 5471 4621)
4(565 3906 5680 3909)
4(2710 3909 5680 4720)
4(565 3908 5599 3905)
4(2645 3905 5599 4626)
4(775 2012 2024 800)
4(2024 2025 2037 2036)
4(2037 2038 2050 2049)
4(775 800 805 780)
4(520 3827 5470 3829)
4(2579 4527 5470 3827)
4(3184 4558 5470 4527)
4(2593 3829 5470 4558)
4(3184 4621 5472 4558)
4(545 3874 5472 3875)
4(2593 4558 5472 3874)
4(2644 3875 5472 4621)
4(2710 3950 5727 4722)
4(3296 4722 5727 4792)
4(2723 4750 5728 3964)
4(3296 4792 5728 4750)
4(740 765 770 745)
4(760 785 790 765)
4(780 805 810 785)
4(2644 3860 4967 4623)
4(3240 4623 4967 4626)
4(565 3909 5009 3908)
4(2710 4722 5009 3909)
4(2709 4717 5599 3908)
4(3240 4626 5599 4717)
4(800 2024 2036 825)
4(2036 2037 2049 2048)
4(2049 2050 2062 2061)
4(800 825 830 805)
4(3240 4654 5598 4623)
4(545 3875 5598 3877)
4(2644 4623 5598 3875)
4(2658 3877 5598 4654)
4(3240 4717 5600 4654)
4(570 3922 5600 3923)
4(2658 4654 5600 3922)
4(2709 3923 5600 4717)
4(3296 4719 5009 4722)
4(2723 3925 5726 4750)
4(3296 4750 5726 4719)
4(765 790 795 770)
4(785 810 815 790)
4(805 830 835 810)
4(2709 3908 5009 4719)
4(825 2036 2048 850)
4(2048 2049 2061 2060)
4(2061 2062 2074 2073)
4(825 850 855 830)
4(570 3923 5726 3925)
4(2709 4719 5726 3923)
4(790 815 820 795)
4(810 835 840 815)
4(830 855 860 835)
4(850 2048 2060 875)
4(2060 2061 2073 2072)
4(2073 2074 2086 2085)
4(850 875 880 855)
4(815 840 845 820)
4(835 860 865 840)
4(855 880 885 860)
4(875 2060 2072 900)
4(2072 2073 2085 2084)
4(2085 2086 2098 2097)
4(875 900 905 880)
4(840 865 870 845)
4(860 885 890 865)
4(880 905 910 885)
4(900 2072 2084 925)
4(2084 2085 2097 2096)
4(2097 2098 2110 2109)
4(900 925 930 905)
4(865 890 895 870)
4(885 910 915 890)
4(905 930 935 910)
4(925 2084 2096 950)
4(2096 2097 2109 2108)
4(2109 2110 2122 2121)
4(925 950 955 930)
4(890 915 920 895)
4(910 935 940 915)
4(930 955 960 935)
4(950 2096 2108 975)
4(2108 2109 2121 2120)
4(950 975 980 955)
4(915 940 945 920)
4(935 960 965 940)
4(955 980 985 960)
4(975 2108 2120 1000)
4(975 1000 1005 980)
4(940 965 970 945)
4(960 985 990 965)
4(980 1005 1010 985)
4(965 990 995 970)
4(985 1010 1015 990)
4(990 1015 1020 995)
4(1038 1053 1054 1039)
4(1037 1052 1053 1038)
4(1053 1068 1069 1054)
4(24 49 1052 1037)
4(1052 1067 1068 1053)
4(1068 1083 1084 1069)
4(23 48 49 24)
4(49 74 1067 1052)
4(1067 1082 1083 1068)
4(1083 1098 1099 1084)
4(22 47 48 23)
4(48 73 74 49)
4(74 99 1082 1067)
4(1082 1097 1098 1083)
4(1098 1113 1114 1099)
4(21 46 47 22)
4(47 72 73 48)
4(73 98 99 74)
4(99 124 1097 1082)
4(1097 1112 1113 1098)
4(1113 1128 1129 1114)
4(20 45 46 21)
4(46 71 72 47)
4(72 97 98 73)
4(98 123 124 99)
4(124 149 1112 1097)
4(1112 1127 1128 1113)
4(1128 1143 1144 1129)
4(45 70 71 46)
4(71 96 97 72)
4(97 122 123 98)
4(123 148 149 124)
4(149 174 1127 1112)
4(1127 1142 1143 1128)
4(1143 1158 1159 1144)
4(70 95 96 71)
4(96 121 122 97)
4(122 147 148 123)
4(148 173 174 149)
4(174 199 1142 1127)
4(1142 1157 1158 1143)
4(1158 1173 1174 1159)
4(95 120 121 96)
4(121 146 147 122)
4(147 172 173 148)
4(173 198 199 174)
4(199 224 1157 1142)
4(1157 1172 1173 1158)
4(1173 1188 1189 1174)
4(120 145 146 121)
4(146 171 172 147)
4(172 197 198 173)
4(198 223 224 199)
4(224 249 1172 1157)
4(1172 1187 1188 1173)
4(1188 1203 1204 1189)
4(145 170 171 146)
4(171 196 197 172)
4(197 222 223 198)
4(223 248 249 224)
4(249 274 1187 1172)
4(1187 1202 1203 1188)
4(1203 1218 1219 1204)
4(170 195 196 171)
4(196 221 222 197)
4(222 247 248 223)
4(248 273 274 249)
4(274 299 1202 1187)
4(1202 1217 1218 1203)
4(1218 1233 1234 1219)
4(195 220 221 196)
4(221 246 247 222)
4(247 272 273 248)
4(273 298 299 274)
4(299 324 1217 1202)
4(1217 1232 1233 1218)
4(1233 1248 1249 1234)
4(220 245 246 221)
4(246 271 272 247)
4(272 297 298 273)
4(298 323 324 299)
4(324 349 1232 1217)
4(1232 1247 1248 1233)
4(1248 1263 1264 1249)
4(245 270 271 246)
4(271 296 297 272)
4(297 322 323 298)
4(323 348 349 324)
4(349 374 1247 1232)
4(1247 1262 1263 1248)
4(1263 1278 1279 1264)
4(270 295 296 271)
4(296 321 322 297)
4(322 347 348 323)
4(348 373 374 349)
4(374 399 1262 1247)
4(1262 1277 1278 1263)
4(1278 1293 1294 1279)
4(295 320 321 296)
4(321 346 347 322)
4(347 372 373 348)
4(373 398 399 374)
4(399 424 1277 1262)
4(1277 1292 1293 1278)
4(1293 1308 1309 1294)
4(320 345 346 321)
4(346 371 372 347)
4(372 397 398 373)
5(398 423 2338 424 399)
5(424 2340 449 1292 1277)
4(1292 1307 1308 1293)
4(1308 1323 1324 1309)
4(345 370 371 346)
4(371 396 397 372)
5(397 422 2336 423 398)
4(423 2339 2970 2338)
4(424 2338 2970 2340)
4(449 2340 2970 2403)
5(449 2405 474 1307 1292)
4(1307 1322 1323 1308)
4(1323 1338 1339 1324)
4(370 395 396 371)
5(396 421 2334 422 397)
4(422 2337 2968 2336)
4(423 2336 2968 2339)
4(448 2403 2970 2339)
4(449 2403 3026 2405)
4(474 2405 3026 2468)
5(474 2470 499 1322 1307)
4(1322 1337 1338 1323)
4(1338 1353 1354 1339)
5(395 420 2332 421 396)
4(421 2335 2965 2334)
4(422 2334 2965 2337)
4(447 2401 2968 2337)
4(448 2339 2968 2401)
4(448 2404 3026 2403)
4(473 2468 3026 2404)
4(474 2468 3082 2470)
4(499 2470 3082 2533)
5(499 2535 524 1337 1322)
4(1337 1352 1353 1338)
4(1353 1368 1369 1354)
4(420 2333 2962 2332)
4(421 2332 2962 2335)
4(446 2399 2965 2335)
4(447 2337 2965 2399)
5(447 2402 4283 3024 2401)
4(448 2401 3024 2404)
4(473 2469 3082 2468)
5(473 2404 3024 4374 2466)
4(498 2533 3082 2469)
4(499 2533 3138 2535)
4(524 2535 3138 2598)
5(524 2600 549 1352 1337)
4(1352 1367 1368 1353)
4(1368 1383 1384 1369)
4(445 2397 2962 2333)
4(446 2335 2962 2397)
5(446 2400 4280 3021 2399)
5(447 2399 3021 4282 2402)
4(2402 3739 5130 4283)
4(3024 4283 5130 4374)
5(473 2466 4376 3080 2469)
4(2466 4374 5130 3742)
4(498 2534 3138 2533)
5(498 2469 3080 4470 2531)
4(523 2598 3138 2534)
4(524 2598 3194 2600)
4(549 2600 3194 2663)
5(549 2665 574 1367 1352)
4(1367 1382 1383 1368)
4(1383 1398 1399 1384)
5(445 2398 4277 3018 2397)
5(446 2397 3018 4279 2400)
4(2400 3734 5121 4280)
4(3021 4280 5121 4368)
4(2402 4282 5124 3739)
4(3021 4368 5124 4282)
4(472 3742 5130 3739)
4(2466 3742 4859 4376)
4(3080 4376 4859 4379)
5(498 2531 4472 3136 2534)
4(2531 4470 5258 3790)
4(3080 4379 5258 4470)
4(523 2599 3194 2598)
5(523 2534 3136 4566 2596)
4(548 2663 3194 2599)
4(549 2663 3250 2665)
4(574 2665 3250 2728)
5(574 2730 599 1382 1367)
4(1382 1397 1398 1383)
4(1398 1413 1414 1399)
4(2398 3730 5107 4277)
4(3018 4277 5107 4363)
4(2400 4279 5110 3734)
4(3018 4363 5110 4279)
4(471 3737 5121 3734)
4(2464 4368 5121 3737)
4(472 3739 5124 3741)
4(2464 3741 5124 4368)
4(472 3743 4859 3742)
4(2467 4379 4859 3743)
4(2531 3790 4901 4472)
4(3136 4472 4901 4475)
4(497 3790 5258 3787)
4(2467 3787 5258 4379)
5(523 2596 4568 3192 2599)
4(2596 4566 5386 3838)
4(3136 4475 5386 4566)
4(548 2664 3250 2663)
5(548 2599 3192 4662 2661)
4(573 2728 3250 2664)
4(574 2728 3306 2730)
4(599 2730 3306 2793)
5(599 2795 624 1397 1382)
4(1397 1412 1413 1398)
4(1413 1428 1429 1414)
4(470 3732 5107 3730)
4(2462 4363 5107 3732)
4(471 3734 5110 3736)
4(2462 3736 5110 4363)
4(471 3738 4858 3737)
4(2464 3737 4858 4370)
4(472 3741 5241 3743)
4(2464 4370 5241 3741)
4(2467 3743 5241 4378)
4(497 3791 4901 3790)
4(2532 4475 4901 3791)
4(497 3787 5251 3789)
4(2467 4378 5251 3787)
4(2596 3838 4943 4568)
4(3192 4568 4943 4571)
4(522 3838 5386 3835)
4(2532 3835 5386 4475)
5(548 2661 4664 3248 2664)
4(2661 4662 5514 3886)
4(3192 4571 5514 4662)
4(573 2729 3306 2728)
5(573 2664 3248 4758 2726)
4(598 2793 3306 2729)
4(599 2793 3362 2795)
4(624 2795 3362 2858)
5(624 2860 649 1412 1397)
4(1412 1427 1428 1413)
4(1428 1443 1444 1429)
4(470 3733 4857 3732)
4(2462 3732 4857 4365)
4(471 3736 5223 3738)
4(2462 4365 5223 3736)
4(2465 4373 4858 3738)
4(3077 4370 4858 4373)
4(3077 4378 5241 4370)
4(497 3789 5369 3791)
4(2532 3791 5369 4474)
4(2529 3789 5251 4464)
4(3077 4464 5251 4378)
4(522 3839 4943 3838)
4(2597 4571 4943 3839)
4(522 3835 5379 3837)
4(2532 4474 5379 3835)
4(2661 3886 4985 4664)
4(3248 4664 4985 4667)
4(547 3886 5514 3883)
4(2597 3883 5514 4571)
5(573 2726 4760 3304 2729)
4(2726 4758 5642 3934)
4(3248 4667 5642 4758)
4(598 2794 3362 2793)
5(598 2729 3304 4810 2791)
4(623 2858 3362 2794)
4(624 2858 3418 2860)
4(649 674 1427 1412)
4(649 2860 3418 2900)
4(1427 1442 1443 1428)
4(1443 1458 1459 1444)
4(2463 4367 4857 3733)
4(3074 4365 4857 4367)
4(2465 3738 5223 4372)
4(3074 4372 5223 4365)
4(2465 3782 5248 4373)
4(3077 4373 5248 4464)
4(2529 4466 5369 3789)
4(3133 4474 5369 4466)
4(2529 4464 5248 3785)
4(522 3837 5497 3839)
4(2597 3839 5497 4570)
4(2594 3837 5379 4560)
4(3133 4560 5379 4474)
4(547 3887 4985 3886)
4(2662 4667 4985 3887)
4(547 3883 5507 3885)
4(2597 4570 5507 3883)
4(2726 3934 5027 4760)
4(3304 4760 5027 4763)
4(572 3934 5642 3931)
4(2662 3931 5642 4667)
4(598 2791 3360 2794)
4(2791 4810 5770 3974)
4(3304 4763 5770 4810)
4(623 2794 3360 2856)
4(623 2859 3418 2858)
4(674 699 1442 1427)
5(648 673 674 649 2900)
4(648 2900 3418 2859)
4(1442 1457 1458 1443)
4(1458 1473 1474 1459)
4(2463 3778 5230 4367)
4(3074 4367 5230 4459)
4(2465 4372 5233 3782)
4(3074 4459 5233 4372)
4(496 3785 5248 3782)
4(2529 3785 4900 4466)
4(3133 4466 4900 4469)
4(2594 4562 5497 3837)
4(3189 4570 5497 4562)
4(2594 4560 5376 3833)
4(3133 4469 5376 4560)
4(547 3885 5625 3887)
4(2662 3887 5625 4666)
4(2659 3885 5507 4656)
4(3189 4656 5507 4570)
4(572 3935 5027 3934)
4(2727 4763 5027 3935)
4(572 3931 5635 3933)
4(2662 4666 5635 3931)
5(597 2792 3360 2791 3974)
4(597 3974 5770 3971)
4(2727 3971 5770 4763)
4(622 2856 3360 2792)
4(623 2856 3416 2859)
4(673 698 699 674)
4(699 724 1457 1442)
5(647 672 673 648 2899)
4(648 2859 3416 2899)
4(1457 1472 1473 1458)
4(1473 1488 1489 1474)
4(495 3780 5230 3778)
4(2527 4459 5230 3780)
4(496 3782 5233 3784)
4(2527 3784 5233 4459)
4(496 3786 4900 3785)
4(2530 4469 4900 3786)
4(2594 3833 4942 4562)
4(3189 4562 4942 4565)
4(521 3833 5376 3830)
4(2530 3830 5376 4469)
4(2659 4658 5625 3885)
4(3245 4666 5625 4658)
4(2659 4656 5504 3881)
4(3189 4565 5504 4656)
4(572 3933 5753 3935)
4(2727 3935 5753 4762)
4(2724 3933 5635 4752)
4(3245 4752 5635 4666)
5(597 3973 2789 3357 2792)
4(597 3971 5763 3973)
4(2727 4762 5763 3971)
4(622 2792 3357 2854)
4(622 2857 3416 2856)
4(672 697 698 673)
4(698 723 724 699)
4(724 749 1472 1457)
4(647 2899 3416 2857)
5(646 671 672 647 2898)
4(1472 1487 1488 1473)
4(1488 1503 1504 1489)
4(495 3781 4899 3780)
4(2527 3780 4899 4461)
4(496 3784 5351 3786)
4(2527 4461 5351 3784)
4(2530 3786 5351 4468)
4(521 3834 4942 3833)
4(2595 4565 4942 3834)
4(521 3830 5361 3832)
4(2530 4468 5361 3830)
4(2659 3881 4984 4658)
4(3245 4658 4984 4661)
4(546 3881 5504 3878)
4(2595 3878 5504 4565)
4(2724 4754 5753 3933)
4(3301 4762 5753 4754)
4(2724 4752 5632 3929)
4(3245 4661 5632 4752)
4(2789 3973 5763 4808)
5(596 2790 3357 2789 3970)
4(3301 4808 5763 4762)
4(621 2854 3357 2790)
4(622 2854 3413 2857)
4(671 696 697 672)
4(697 722 723 698)
4(723 748 749 724)
4(749 774 1487 1472)
4(647 2857 3413 2898)
4(646 2898 3413 2855)
5(645 670 671 646 2897)
4(1487 1502 1503 1488)
4(1503 1518 1519 1504)
4(2528 4463 4899 3781)
4(3130 4461 4899 4463)
4(3130 4468 5351 4461)
4(521 3832 5479 3834)
4(2595 3834 5479 4564)
4(2592 3832 5361 4555)
4(3130 4555 5361 4468)
4(546 3882 4984 3881)
4(2660 4661 4984 3882)
4(546 3878 5489 3880)
4(2595 4564 5489 3878)
4(2724 3929 5026 4754)
4(3301 4754 5026 4757)
4(571 3929 5632 3926)
4(2660 3926 5632 4661)
4(2789 4808 5760 3970)
4(596 3970 5760 3967)
5(596 3969 2787 3354 2790)
4(3301 4757 5760 4808)
4(621 2790 3354 2852)
4(621 2855 3413 2854)
4(670 695 696 671)
4(696 721 722 697)
4(722 747 748 723)
4(748 773 774 749)
4(774 799 1502 1487)
4(646 2855 3410 2897)
4(645 2897 3410 2853)
4(1502 1517 1518 1503)
4(1518 1533 1534 1519)
4(2528 3826 5358 4463)
4(3130 4463 5358 4555)
4(2592 4557 5479 3832)
4(3186 4564 5479 4557)
4(2592 4555 5358 3828)
4(546 3880 5607 3882)
4(2660 3882 5607 4660)
4(2657 3880 5489 4651)
4(3186 4651 5489 4564)
4(571 3930 5026 3929)
4(2725 4757 5026 3930)
4(571 3926 5617 3928)
4(2660 4660 5617 3926)
4(596 3967 5745 3969)
4(2725 3967 5760 4757)
4(2787 3969 5745 4806)
5(595 2788 3354 2787 3966)
4(620 2852 3354 2788)
4(621 2852 3410 2855)
4(695 720 721 696)
4(721 746 747 722)
4(747 772 773 748)
4(773 798 799 774)
4(799 824 1517 1502)
4(620 2853 3410 2852)
4(1517 1532 1533 1518)
4(1533 1548 1549 1534)
4(520 3828 5358 3826)
4(2592 3828 4941 4557)
4(3186 4557 4941 4559)
4(2657 4653 5607 3880)
4(3242 4660 5607 4653)
4(2657 4651 5486 3876)
4(3186 4559 5486 4651)
4(571 3928 5735 3930)
4(2725 3930 5735 4756)
4(2722 3928 5617 4747)
4(3242 4747 5617 4660)
4(2725 4756 5745 3967)
4(2787 4806 5742 3966)
4(3298 4806 5745 4756)
4(595 3966 5742 3964)
4(720 745 746 721)
4(746 771 772 747)
4(772 797 798 773)
4(798 823 824 799)
4(824 849 1532 1517)
4(1532 1547 1548 1533)
4(1548 1563 1564 1549)
4(520 3829 4941 3828)
4(2593 4559 4941 3829)
4(2657 3876 4983 4653)
4(3242 4653 4983 4655)
4(545 3876 5486 3874)
4(2593 3874 5486 4559)
4(2722 4749 5735 3928)
4(3298 4756 5735 4749)
4(2722 4747 5614 3924)
4(3242 4655 5614 4747)
4(3298 4751 5742 4806)
4(2723 3964 5742 4751)
4(745 770 771 746)
4(771 796 797 772)
4(797 822 823 798)
4(823 848 849 824)
4(849 874 1547 1532)
4(1547 1562 1563 1548)
4(1563 1578 1579 1564)
4(545 3877 4983 3876)
4(2658 4655 4983 3877)
4(2722 3924 5025 4749)
4(3298 4749 5025 4751)
4(570 3924 5614 3922)
4(2658 3922 5614 4655)
4(2723 4751 5025 3925)
4(770 795 796 771)
4(796 821 822 797)
4(822 847 848 823)
4(848 873 874 849)
4(874 899 1562 1547)
4(1562 1577 1578 1563)
4(1578 1593 1594 1579)
4(570 3925 5025 3924)
4(795 820 821 796)
4(821 846 847 822)
4(847 872 873 848)
4(873 898 899 874)
4(899 924 1577 1562)
4(1577 1592 1593 1578)
4(1593 1608 1609 1594)
4(820 845 846 821)
4(846 871 872 847)
4(872 897 898 873)
4(898 923 924 899)
4(924 949 1592 1577)
4(1592 1607 1608 1593)
4(1608 1623 1624 1609)
4(845 870 871 846)
4(871 896 897 872)
4(897 922 923 898)
4(923 948 949 924)
4(949 974 1607 1592)
4(1607 1622 1623 1608)
4(1623 1638 1639 1624)
4(870 895 896 871)
4(896 921 922 897)
4(922 947 948 923)
4(948 973 974 949)
4(974 999 1622 1607)
4(1622 1637 1638 1623)
4(895 920 921 896)
4(921 946 947 922)
4(947 972 973 948)
4(973 998 999 974)
4(999 1024 1637 1622)
4(920 945 946 921)
4(946 971 972 947)
4(972 997 998 973)
4(998 1023 1024 999)
4(945 970 971 946)
4(971 996 997 972)
4(997 1022 1023 998)
4(970 995 996 971)
4(996 1021 1022 997)
4(995 1020 1021 996)
)


// ************************************************************************* //
